epoch,lr,loss,iou,val_loss,val_iou,val_dice,epoch_sec,train_ctrl,train_foc,train_ma_mean,train_rho_std,train_ctrl_bce,train_cell_iou,val_ctrl,val_foc,val_ma_mean,val_rho_std,val_ctrl_bce,val_cell_iou,norm_route1_wc,norm_route1_wa,norm_route1_beta,norm_route2_wc,norm_route2_wa,norm_route2_beta,norm_route3_wc,norm_route3_wa,norm_route3_beta,norm_route4_wc,norm_route4_wa,norm_route4_beta
0,0.0001,1.4346657276153565,0.32224021483623294,1.370389552116394,0.25901365744860966,0.40407381313011487,83.75762224197388,0.6588777005672455,0.5595172053575516,0.4893637278676033,0.006454570194036933,0.6588777005672455,0.06295070107036736,0.6001430511474609,0.4830682873725891,0.4564518082141876,0.007306861728429794,0.6001430511474609,0.00395726622780785,0.1071949377655983,0.09001495689153671,0.052612606436014175,0.11576566100120544,0.1077556312084198,0.04075552523136139,0.17275159060955048,0.19977927207946777,0.028307361528277397,0.16947440803050995,0.18798238039016724,0.025594789534807205
1,0.0001,1.2910881447792053,0.41503622164230974,1.2271879959106444,0.4293428562455418,0.5966939051018879,58.0120210647583,0.5782314103841781,0.4930692881345749,0.44391010254621505,0.01501658079214394,0.5782314103841781,0.260457590892911,0.5389584279060364,0.4573857820034027,0.41577553510665893,0.012135362550616265,0.5389584279060364,0.26194406032562256,0.18295732140541077,0.1438656896352768,0.09660576283931732,0.18064935505390167,0.1843937486410141,0.06799378246068954,0.2891310155391693,0.34675857424736023,0.06534373015165329,0.24557094275951385,0.26979851722717285,0.049899544566869736
2,0.0001,1.2092954480648042,0.46612591694916394,1.15149920463562,0.5072653711222922,0.6698720511288839,49.95480298995972,0.5089243796467781,0.45765364736318587,0.3893341481685638,0.014228086965158582,0.5089243796467781,0.3002443863451481,0.47668768286705016,0.41894433498382566,0.36567644715309144,0.011601890064775943,0.47668768286705016,0.2645627689361572,0.24924862384796143,0.1827530413866043,0.13626626133918762,0.23085474967956543,0.23755574226379395,0.09450379014015198,0.3753829896450043,0.4715595245361328,0.0995413139462471,0.31882694363594055,0.34642931818962097,0.07614628970623016
3,0.0001,1.152868368625641,0.5058587237238544,1.126066861152649,0.4328267367627465,0.5971629281953913,48.28128480911255,0.4534134519100189,0.4364862683415413,0.3445074594020843,0.01580459934659302,0.4534134519100189,0.3154568262398243,0.4107694137096405,0.39638708233833314,0.30792991042137147,0.0170436479896307,0.4107694137096405,0.2878350752592087,0.3049808442592621,0.21503432095050812,0.1717008501291275,0.2745947539806366,0.28690195083618164,0.11798293143510818,0.4360722601413727,0.5982484221458435,0.12589363753795624,0.3719499707221985,0.4318409562110901,0.09791995584964752
4,0.0001,1.1026276069879533,0.5336239928243098,1.0922774600982665,0.5216620983864856,0.6806393501080816,48.03368592262268,0.41047184556722643,0.42049631357192996,0.3075532004237175,0.019695561118423938,0.41047184556722643,0.319269100651145,0.38089980244636534,0.40027909755706786,0.27544329285621644,0.01809878259897232,0.38089980244636534,0.20365792594850063,0.3574755787849426,0.2441772222518921,0.2063358575105667,0.3145083487033844,0.34392091631889343,0.14308540523052216,0.49536845088005066,0.7117392420768738,0.14748351275920868,0.4220239818096161,0.5171310305595398,0.117924764752388
5,0.0001,1.059427459836006,0.5572717845721153,1.0819089674949647,0.4842851234869162,0.6463756688876982,48.39115905761719,0.3799882882833481,0.4026381981372833,0.2760708490014076,0.022493511624634265,0.3799882882833481,0.30437717363238337,0.3657956683635712,0.39667370915412903,0.25927460074424746,0.02154887169599533,0.3657956683635712,0.25115031495690343,0.4104534387588501,0.2680867910385132,0.24204646050930023,0.351260781288147,0.3905717432498932,0.16358619928359985,0.556725025177002,0.8412234783172607,0.16653598845005035,0.47291308641433716,0.62338787317276,0.13478845357894897
6,0.0001,1.0329491257667542,0.5637464744063232,1.0003162765502929,0.54490664212034,0.6989509383412127,48.403647661209106,0.35387549966573717,0.4004585322737694,0.2523968409001827,0.027384431716054678,0.35387549966573717,0.3077415579929948,0.3268117380142212,0.3580446743965149,0.19592935979366302,0.026530568227171897,0.3268117380142212,0.1494787646830082,0.453646719455719,0.2900802791118622,0.2721644937992096,0.39707085490226746,0.42263662815093994,0.18226322531700134,0.6353443264961243,0.9434630870819092,0.18942859768867493,0.5144187808036804,0.7587682604789734,0.14824159443378448
7,0.0001,0.9922784847021103,0.5833592738727655,1.0377349615097047,0.49500755448099126,0.6566958917021664,48.95492172241211,0.3373780137300491,0.38071675926446913,0.230745632648468,0.031058903317898512,0.3373780137300491,0.31079614341259004,0.3401671707630157,0.3836359250545502,0.22367243349552154,0.025183702781796456,0.3401671707630157,0.23454588234424592,0.49449512362480164,0.307120680809021,0.300651490688324,0.4283592402935028,0.4324866831302643,0.1983555257320404,0.7018386125564575,1.0168834924697876,0.20692424476146698,0.5505229234695435,0.8350880742073059,0.1604728400707245
8,0.0001,0.9597585463523864,0.5897744419085728,1.003554608821869,0.546291937454551,0.7015278434419656,47.5076789855957,0.32256698727607724,0.356851891875267,0.2153249940276146,0.034334995951503515,0.32256698727607724,0.3049055429548025,0.32598641753196717,0.4155691659450531,0.226955726146698,0.03283313073217869,0.32598641753196717,0.3398552104830742,0.530836284160614,0.32588255405426025,0.3278972804546356,0.4529242515563965,0.4584546685218811,0.2157716453075409,0.7684856057167053,1.1208261251449585,0.22125716507434845,0.5865027904510498,0.9803046584129333,0.17501142621040344
9,0.0001,0.9231223690509797,0.5994631289049035,0.9983239769935608,0.5689669064645168,0.7190926743201286,47.60909342765808,0.3118183928728104,0.3341230297088623,0.20199013844132424,0.03844212230294943,0.3118183928728104,0.302987579703331,0.330588196516037,0.40297181129455567,0.23104801297187805,0.03467165045440197,0.330588196516037,0.33433825343847273,0.5648455023765564,0.3340725898742676,0.35468530654907227,0.4833390712738037,0.47343704104423523,0.23229973018169403,0.8218163847923279,1.1649760007858276,0.23361995816230774,0.5961721539497375,1.0354459285736084,0.18500365316867828
10,0.0001,0.8899854934215545,0.6173497961689677,0.9125678277015686,0.5777760817107205,0.7272371564055782,47.565253257751465,0.30312240347266195,0.3095554879307747,0.19124971717596054,0.04116648007184267,0.30312240347266195,0.32495143011212346,0.29642180263996126,0.3165579998493195,0.16635027289390564,0.04151652380824089,0.29642180263996126,0.22849196553230286,0.5959551334381104,0.35310429334640503,0.3794024586677551,0.5165644884109497,0.501649796962738,0.2454320639371872,0.8724018335342407,1.2479033470153809,0.24666006863117218,0.6250500679016113,1.1453737020492554,0.19715122878551483
11,0.0001,0.8628779983520508,0.6166922746496369,0.8975564002990722,0.6157284923301317,0.7543809464260428,46.328081130981445,0.2962217849493027,0.29948840990662573,0.1836184325814247,0.04551630388945341,0.2962217849493027,0.3231534075736999,0.29639360547065735,0.28079585373401644,0.16472576797008515,0.04294061318039894,0.29639360547065735,0.21527564838528634,0.6234427690505981,0.3670634925365448,0.40322086215019226,0.5476566553115845,0.5277615785598755,0.25941920280456543,0.9117987155914307,1.3135923147201538,0.2594275176525116,0.6770623326301575,1.256961464881897,0.21049945056438446
12,0.0001,0.8329721248149872,0.6351668563127439,0.8609576058387757,0.6032761893359802,0.7491103409472517,46.773266077041626,0.2894773954153061,0.27978460177779196,0.17571035474538804,0.04850670471787453,0.2894773954153061,0.33556482441723345,0.28951705276966094,0.2966005051136017,0.16468282997608186,0.047662815153598784,0.28951705276966094,0.29908750057220457,0.6493831872940063,0.37316805124282837,0.42564013600349426,0.5830826163291931,0.5400717854499817,0.2727675139904022,0.978868305683136,1.3921691179275513,0.271171897649765,0.7323474287986755,1.388971209526062,0.22361527383327484
13,0.0001,0.8119605576992035,0.6302475260265166,0.9709579157829284,0.5182791241253267,0.6766311734123046,47.08047008514404,0.2856329695880413,0.27221352636814117,0.16879210174083709,0.05142912976443768,0.2856329695880413,0.33424731776118277,0.303640775680542,0.45442544341087343,0.20011793553829194,0.050508490055799486,0.303640775680542,0.36717330157756806,0.6711104512214661,0.38443708419799805,0.44721701741218567,0.61830735206604,0.568682074546814,0.2840079367160797,1.0234929323196411,1.4605854749679565,0.2835909128189087,0.7691194415092468,1.4693576097488403,0.23583965003490448
14,0.0001,0.7825343298912049,0.6490255937326872,0.7901645541191101,0.6296776863765274,0.7658548000641895,48.00012826919556,0.2801964229345322,0.25854353949427605,0.1664217284321785,0.05410506837069988,0.2801964229345322,0.34924474827945234,0.2794091093540192,0.2433308869600296,0.14069394111633302,0.04852383390069008,0.2794091093540192,0.25572814881801603,0.69822758436203,0.38853132724761963,0.47112205624580383,0.656681478023529,0.5865782499313354,0.2990824580192566,1.064733624458313,1.5000311136245728,0.2918862998485565,0.8106904625892639,1.5543636083602905,0.2450183779001236
15,0.0001,0.7582790577411651,0.6554878548634073,0.7833284831047058,0.6211286612143188,0.7600007512719494,46.58646321296692,0.2769252373278141,0.24977046832442285,0.1602939958870411,0.056238398291170597,0.2769252373278141,0.347455757856369,0.28593943893909457,0.23867020070552825,0.14060169637203215,0.05185140654444695,0.28593943893909457,0.23838477998971938,0.7215304970741272,0.4021245837211609,0.49109068512916565,0.6915240287780762,0.6251257061958313,0.3128843903541565,1.1010031700134277,1.5749210119247437,0.30177444219589233,0.8113793730735779,1.7003809213638306,0.2508472204208374
16,0.0001,0.7438240712881088,0.6499391032125833,0.8518531560897827,0.5691032492202988,0.716937225804787,47.2024827003479,0.27151516124606134,0.24993420973420144,0.15704385161399842,0.05980982944369316,0.27151516124606134,0.36242070198059084,0.2725103652477264,0.3356522661447525,0.17187444746494293,0.0590254220366478,0.2725103652477264,0.4017480474710464,0.7441688776016235,0.41064849495887756,0.5117785334587097,0.7262893319129944,0.654789388179779,0.3271495997905731,1.1393159627914429,1.6147454977035522,0.3126167058944702,0.8226474523544312,1.7977384328842163,0.2588903605937958
17,0.0001,0.7252732574939728,0.6632806574001151,0.717048990726471,0.6591726544153874,0.7905073868672529,46.60212731361389,0.26793149575591085,0.2431938759982586,0.15540837585926057,0.06355724442750216,0.26793149575591085,0.3805235467851162,0.262797434926033,0.23951514363288878,0.15255534529685974,0.0616617488861084,0.262797434926033,0.34421672821044924,0.7654971480369568,0.4135676920413971,0.5310973525047302,0.7771375179290771,0.6814548373222351,0.33846011757850647,1.18982994556427,1.6855708360671997,0.3213941752910614,0.8336175680160522,1.9024770259857178,0.2637139558792114
18,0.0001,0.6974131885170937,0.6685741923334243,0.7584629893302918,0.6126275861260362,0.7561047591860546,47.39506769180298,0.2639368426799774,0.2327539774775505,0.15125322446227074,0.06534235898405313,0.2639368426799774,0.37697450041770936,0.2649700027704239,0.29694624841213224,0.17081092536449433,0.06721296831965447,0.2649700027704239,0.44557169437408445,0.7866151332855225,0.4227697253227234,0.5512606501579285,0.8127145171165466,0.6998112201690674,0.3513883650302887,1.2323994636535645,1.7631096839904785,0.32908326387405396,0.8723347187042236,1.9665604829788208,0.2767237424850464
19,0.0001,0.6787403982877731,0.6782935697358792,0.7562227582931519,0.597239634688043,0.741333485356038,47.52377152442932,0.2615535308420658,0.2315285512059927,0.15145356059074402,0.0694550858438015,0.2615535308420658,0.40190923869609835,0.26244606673717497,0.2947499334812164,0.14894082993268967,0.0731958082318306,0.26244606673717497,0.3915993046760559,0.8074977397918701,0.43502077460289,0.5679258108139038,0.8309484124183655,0.7447245121002197,0.362835556268692,1.2846384048461914,1.8608169555664062,0.337094783782959,0.9013534188270569,2.0528690814971924,0.28844597935676575
20,0.0001,0.6603053849935532,0.6843350429259492,0.6587749600410462,0.6672341120790328,0.7932264980971777,47.60536003112793,0.25888076588511466,0.22270621508359909,0.14812305808067322,0.07296930260956287,0.25888076588511466,0.40031219869852064,0.2643628692626953,0.2027410638332367,0.12428645431995392,0.06980935797095299,0.2643628692626953,0.24400196403264998,0.827878475189209,0.4443835914134979,0.5866731405258179,0.8972088694572449,0.7787207961082458,0.37625792622566223,1.3264117240905762,1.927992582321167,0.34716951847076416,0.9040758013725281,2.1390058994293213,0.2984844148159027
21,0.0001,0.6312805983424187,0.6987445559011602,0.6641423451900482,0.6406384234762212,0.776471645907161,48.03637456893921,0.2555775715410709,0.21170514941215515,0.14573148891329765,0.07576568491756916,0.2555775715410709,0.4014578726887703,0.250244060754776,0.2404793009161949,0.13869322270154952,0.07456600427627563,0.250244060754776,0.3641285765171051,0.8451443314552307,0.4529743790626526,0.6037639379501343,0.9247267246246338,0.8123567700386047,0.3868825137615204,1.3213986158370972,2.0070981979370117,0.34974542260169983,0.9059617519378662,2.2110798358917236,0.3026654124259949
22,0.0001,0.6373001545667648,0.6900802501395917,0.6292938446998596,0.6665144929544435,0.7947652240449296,48.534231185913086,0.25882908806204796,0.2229612062871456,0.14530100509524346,0.07747264802455903,0.25882908806204796,0.4065246746689081,0.257514790892601,0.2044936966896057,0.11098921209573746,0.08168032497167588,0.257514790892601,0.3273544555902481,0.8702893257141113,0.45914000272750854,0.6205605268478394,0.9717687368392944,0.8559540510177612,0.39547646045684814,1.3587026596069336,2.0867555141448975,0.3576977252960205,0.9260259866714478,2.2692480087280273,0.31222885847091675
23,0.0001,0.6113336905837059,0.6949753267425285,0.623395437002182,0.6924358317791948,0.8133413595591358,49.227962017059326,0.25501272425055505,0.21119356915354728,0.14380749315023422,0.08171007715165615,0.25501272425055505,0.40284571759402754,0.2558784943819046,0.1974983099102974,0.11693619161844254,0.08313341528177261,0.2558784943819046,0.3150572896003723,0.882469117641449,0.4688161015510559,0.635052502155304,1.02726149559021,0.8973806500434875,0.40728893876075745,1.405315637588501,2.120629072189331,0.3677809238433838,0.922871470451355,2.3457529544830322,0.31594887375831604
24,0.0001,0.5993567058444023,0.7038329753339759,0.8087689232826233,0.5564926578878164,0.7085699089966261,48.36525821685791,0.2500073181092739,0.21665430054068566,0.1438567877560854,0.08573598615825176,0.2500073181092739,0.43137652561068535,0.2671539825201035,0.38351359844207766,0.18624821960926055,0.09282930731773377,0.2671539825201035,0.46232060611248016,0.8988633751869202,0.4784766137599945,0.6516106724739075,1.0645991563796997,0.9287496209144592,0.419573575258255,1.435356855392456,2.1814382076263428,0.3750428855419159,0.964859127998352,2.3741984367370605,0.3267321288585663
25,0.0001,0.5682970294356346,0.7231397503592703,0.6746693503856659,0.6343359126170198,0.771331489570454,47.90001201629639,0.24667783975601196,0.20008877351880072,0.1408673132956028,0.08883400656282901,0.24667783975601196,0.42555079340934754,0.25474037051200865,0.30035970628261566,0.16571141481399537,0.09520159900188446,0.25474037051200865,0.4676538097858429,0.9195402264595032,0.4990200698375702,0.6675539612770081,1.1168267726898193,0.9698348641395569,0.42927148938179016,1.4563804864883423,2.2873032093048096,0.38353490829467773,1.0065375566482544,2.4046058654785156,0.3400804400444031
26,0.0001,0.5675619900226593,0.7072657626454589,0.6480669903755188,0.6356427920736537,0.7728373071180934,48.35013794898987,0.2514780892431736,0.20792866125702858,0.139733979254961,0.08918482191860676,0.2514780892431736,0.42000037267804147,0.2593645805120468,0.2668821978569031,0.1518542769551277,0.08389879405498504,0.2593645805120468,0.3567619073390961,0.9389424324035645,0.5102118849754333,0.682527482509613,1.1472753286361694,0.9896904230117798,0.4406721293926239,1.45840322971344,2.3213038444519043,0.387648344039917,1.0320338010787964,2.5148401260375977,0.34499332308769226
27,0.0001,0.5668416944146156,0.7040279133297078,0.5634945762157441,0.6751960877789647,0.8020115464510076,48.856672286987305,0.2494480788707733,0.21192855320870876,0.1409712766110897,0.09305888265371323,0.2494480788707733,0.43378067322075364,0.2638535553216934,0.20592602998018264,0.10541434705257416,0.08921200424432754,0.2638535553216934,0.3089230063557625,0.9596121311187744,0.5300707221031189,0.6953468322753906,1.2221927642822266,1.0326975584030151,0.4498099982738495,1.494562029838562,2.387112855911255,0.3941020965576172,1.04676353931427,2.5863535404205322,0.35528331995010376
28,0.0001,0.5336510267853737,0.7257719574406386,0.5519469332695007,0.7038923257915792,0.8223707040087409,46.88287925720215,0.2437353165447712,0.19690599292516708,0.1397658946365118,0.0958852368593216,0.2437353165447712,0.43900347739458084,0.2463171237707138,0.19836158841848373,0.1265651813149452,0.09648303151130676,0.2463171237707138,0.3815687167644501,0.9709261655807495,0.541612446308136,0.709932804107666,1.2506020069122314,1.055652379989624,0.45680251717567444,1.4946991205215454,2.4185633659362793,0.39726248383522034,1.0409634113311768,2.5911526679992676,0.36017829179763794
29,0.0001,0.5299790611863137,0.7245058290779194,0.597975503206253,0.6536184598742878,0.7870197224336384,47.286526679992676,0.24544875279068948,0.19735860802233218,0.1375222333520651,0.09611162729561329,0.24544875279068948,0.44388227254152296,0.24267983853816985,0.23257659018039703,0.13117818295955658,0.09488247275352478,0.24267983853816985,0.3783204960823059,0.9832461476325989,0.5557332038879395,0.722842276096344,1.2939188480377197,1.0886995792388916,0.46569138765335083,1.5222247838974,2.452889919281006,0.40378859639167786,1.0722370147705078,2.586636781692505,0.3637687563896179
30,0.0001,0.520915569961071,0.7215755099921987,0.5459986805915833,0.6899763973676815,0.812663212589819,47.11725616455078,0.23984178721904756,0.1984234018623829,0.1365299343317747,0.09506578646600246,0.23984178721904756,0.45194123819470405,0.23580682814121245,0.224784038066864,0.12550592333078384,0.0980844908952713,0.23580682814121245,0.4451268500089645,0.9956573247909546,0.5782259702682495,0.7348259091377258,1.3559021949768066,1.1240930557250977,0.4725053310394287,1.556886076927185,2.51525616645813,0.41395482420921326,1.125588297843933,2.615028142929077,0.37394046783447266
31,0.0001,0.5000041437149048,0.7343918371359787,0.5885243320465088,0.6747759310932441,0.8009668232764001,47.2168402671814,0.23736556589603425,0.19341808781027794,0.13857435442507268,0.09423569023609162,0.23736556589603425,0.47031830698251725,0.24644270896911621,0.24761136651039123,0.15159109860658646,0.09903225034475327,0.24644270896911621,0.47045713126659394,1.0080269575119019,0.5933939218521118,0.7473151087760925,1.3902688026428223,1.1552741527557373,0.48125535249710083,1.551102638244629,2.531867265701294,0.41757094860076904,1.1285903453826904,2.652444362640381,0.37850064039230347
32,0.0001,0.4966913121938705,0.7325420783123886,0.6439601409435273,0.6239885819453035,0.7598296341543772,45.12684679031372,0.2365933184325695,0.1935684409737587,0.133163335993886,0.0955835647881031,0.2365933184325695,0.4628054413199425,0.23838993966579436,0.28977896600961683,0.1477498295903206,0.0926360809803009,0.23838993966579436,0.46913384437561034,1.0168437957763672,0.6098618507385254,0.7606542110443115,1.434529423713684,1.1778686046600342,0.48999783396720886,1.5756638050079346,2.579253911972046,0.4245978891849518,1.1227943897247314,2.67050838470459,0.38718777894973755
33,0.0001,0.4774885129928589,0.7459065159954177,0.5191629421710968,0.7023607704776726,0.8221383484656927,47.43348503112793,0.2363179236650467,0.18762336544692515,0.1337554519623518,0.10035470724105836,0.2363179236650467,0.4655278365314007,0.23964902102947236,0.23022222757339478,0.14618104964494705,0.10609382480382919,0.23964902102947236,0.48703991770744326,1.0202763080596924,0.6267508268356323,0.7722633481025696,1.4324907064437866,1.2112864255905151,0.4978939890861511,1.5832135677337646,2.6148269176483154,0.4306880831718445,1.1133856773376465,2.7359659671783447,0.38843658566474915
34,0.0001,0.4860620257258415,0.7380504856560259,0.49247079849243164,0.718285332199149,0.8313362650713501,46.83462619781494,0.2385972136259079,0.19473045833408834,0.13288715593516826,0.10298088736832142,0.2385972136259079,0.46488029971718786,0.22902222096920014,0.20329949349164964,0.11958731144666672,0.10537193357944488,0.22902222096920014,0.43333872020244596,1.0292128324508667,0.6357295513153076,0.7824056148529053,1.448436975479126,1.2223471403121948,0.5046379566192627,1.6134589910507202,2.6647989749908447,0.436064213514328,1.110891342163086,2.718022108078003,0.3905677795410156
35,0.0001,0.4780557659268379,0.7350446684396331,0.6779177355766296,0.6003078752311916,0.7435764639059369,46.885952949523926,0.2333947329223156,0.1951845543086529,0.13182440847158433,0.10337935283780098,0.2333947329223156,0.47578360080718995,0.25312206506729124,0.32762684166431427,0.14885304033756255,0.0990473285317421,0.25312206506729124,0.43472921490669253,1.031247615814209,0.6552919745445251,0.7933165431022644,1.4827936887741089,1.2602986097335815,0.5155701041221619,1.6146503686904907,2.680239200592041,0.4446271061897278,1.12559175491333,2.7426021099090576,0.3982912003993988
36,0.0001,0.4537462994456291,0.7498463342828005,0.5262968218326569,0.6958344290088402,0.8145085873634659,48.835644483566284,0.2333986373245716,0.18134064964950083,0.13004803590476513,0.10377766318619251,0.2333986373245716,0.47674056857824326,0.24342502295970916,0.22282640486955643,0.11115314364433289,0.10654805362224579,0.24342502295970916,0.3835679942369461,1.0378929376602173,0.6732268929481506,0.8054237365722656,1.5195757150650024,1.2953565120697021,0.5221458673477173,1.6305477619171143,2.724256753921509,0.44952502846717834,1.1623449325561523,2.774019479751587,0.405299574136734
37,0.0001,0.4508781114220619,0.7518291608701827,0.5911725187301635,0.6483868410148772,0.7821936358139644,50.11241817474365,0.23092636540532113,0.18732826873660088,0.1311626224219799,0.10189173370599747,0.23092636540532113,0.4817505711317062,0.24594634592533113,0.28680841326713563,0.15449029237031936,0.10404812574386596,0.24594634592533113,0.5014849865436554,1.0416985750198364,0.6814366579055786,0.8167257308959961,1.55011785030365,1.320468544960022,0.527658224105835,1.6520676612854004,2.7450928688049316,0.452613890171051,1.190840244293213,2.790473699569702,0.41117745637893677
38,0.0001,0.4593399828672409,0.7456774563330204,0.5114123177528381,0.6974467801048314,0.8163136483315009,48.018452405929565,0.2299909207224846,0.1949630968272686,0.13049095660448073,0.10162952423095703,0.2299909207224846,0.49214721769094466,0.23463697135448455,0.22613822609186174,0.14250377506017686,0.10475718140602112,0.23463697135448455,0.4937695586681366,1.052680253982544,0.7026425004005432,0.8263826370239258,1.5789345502853394,1.3494665622711182,0.5347588658332825,1.6730256080627441,2.7984161376953125,0.4581596553325653,1.2012879848480225,2.809116840362549,0.4178103804588318
39,0.0001,0.4328966270387173,0.7641945876924423,0.5890117681026459,0.6384767693386361,0.7740087026141156,47.65564203262329,0.22880733653903007,0.17899911254644393,0.1297183036059141,0.10341160960495471,0.22880733653903007,0.5041066563129425,0.23415289223194122,0.29935021966695785,0.12464500069618226,0.10878817468881607,0.23415289223194122,0.47367036700248716,1.0573253631591797,0.7164348363876343,0.8381018042564392,1.5886553525924683,1.3592281341552734,0.5417504906654358,1.6469221115112305,2.8225884437561035,0.46266603469848633,1.1978915929794312,2.8110690116882324,0.4258398711681366
40,0.0001,0.4231062245368957,0.7600710451670597,0.4951784634590149,0.7040815138031542,0.821167049471697,47.12462544441223,0.22595588162541388,0.1771433039754629,0.12750628471374512,0.10501508176326751,0.22595588162541388,0.503636260330677,0.22616430401802062,0.2263266709446907,0.1301155436038971,0.10402150064706803,0.22616430401802062,0.48192894876003267,1.0549757480621338,0.7301433682441711,0.8461366891860962,1.5942449569702148,1.386740803718567,0.546480119228363,1.6745655536651611,2.8456451892852783,0.4699512720108032,1.245242953300476,2.8486738204956055,0.42691996693611145
41,0.0001,0.4327318078279495,0.7578145807397861,0.49177648186683653,0.7000874157236511,0.8181028648223072,47.147557735443115,0.22880734011530876,0.18176152475178242,0.12574145250022412,0.10659543327987193,0.22880734011530876,0.49658504605293274,0.2269603705406189,0.2502466598153114,0.13751174211502076,0.1031450629234314,0.2269603705406189,0.49616114914417264,1.067952036857605,0.7375161051750183,0.8571922183036804,1.6094679832458496,1.3990373611450195,0.5511751770973206,1.6604238748550415,2.8739876747131348,0.47377854585647583,1.2121362686157227,2.8689510822296143,0.4275868237018585
42,0.0001,0.41966457799077034,0.7605724320128039,0.5261155605316162,0.6872357984436236,0.810480644307343,47.12769865989685,0.22531986951828004,0.1804137410968542,0.1283279176056385,0.10699761018157006,0.22531986951828004,0.49780586749315264,0.23171987116336823,0.27273795157670977,0.14838915884494783,0.11022155374288559,0.23171987116336823,0.4959575843811035,1.0682218074798584,0.756821870803833,0.8684533834457397,1.6374638080596924,1.427971363067627,0.5558216571807861,1.6834709644317627,2.881334066390991,0.4796803295612335,1.2332921028137207,2.8947079181671143,0.437370628118515
43,0.0001,0.403971988260746,0.7673623653765095,0.5158389723300933,0.6757265894808444,0.8010952298204306,46.48951530456543,0.22481143072247506,0.17182041332125664,0.12673135861754417,0.10846970528364182,0.22481143072247506,0.4939848245680332,0.22482059359550477,0.2550491458177567,0.13948495000600813,0.10954505860805512,0.22482059359550477,0.5135132944583893,1.066532850265503,0.7707446813583374,0.8757679462432861,1.6382266283035278,1.4438742399215698,0.5595557689666748,1.6920437812805176,2.9046852588653564,0.48335501551628113,1.2625980377197266,2.9140186309814453,0.44415467977523804
44,0.0001,0.3987306934595108,0.7705566135187669,0.49885181844234466,0.6992789617958288,0.8155826847684566,45.73483610153198,0.22376352921128273,0.17177702397108077,0.12601556025445462,0.10853156387805939,0.22376352921128273,0.5029996998608113,0.22677172720432281,0.23892785757780075,0.1297643291950226,0.1055855232477188,0.22677172720432281,0.4775704765319824,1.0738701820373535,0.7834867835044861,0.8845667243003845,1.6614017486572266,1.469860315322876,0.5665156841278076,1.7015749216079712,2.924503803253174,0.48999688029289246,1.2672901153564453,2.9472310543060303,0.4510020911693573
45,0.0001,0.3991296210885048,0.7714059749081669,0.5173567509651185,0.6876626675120258,0.8080817274869002,45.99245047569275,0.22318803101778031,0.17608609087765217,0.12597500167787076,0.10721408933401108,0.22318803101778031,0.5078868514299393,0.23986967623233796,0.26968522191047667,0.16409011781215668,0.11334102243185043,0.23986967623233796,0.5334644508361817,1.075406789779663,0.794518232345581,0.8916720151901245,1.651761531829834,1.4844249486923218,0.572594940662384,1.7195401191711426,2.9191157817840576,0.49601680040359497,1.2667771577835083,2.9384260177612305,0.45422664284706116
46,0.0001,0.38621315598487854,0.7824662660675739,0.5050829029083252,0.6879567816079725,0.8087747003165882,52.08218026161194,0.21679440274834633,0.17128396213054656,0.12467667318880558,0.10834925875067711,0.21679440274834633,0.5209305971860886,0.22759092569351197,0.2326682612299919,0.11986278921365738,0.10893224477767945,0.22759092569351197,0.4962383037805557,1.0777034759521484,0.8045715093612671,0.9009687900543213,1.6658852100372314,1.5026156902313232,0.5767015218734741,1.7312840223312378,2.9528205394744873,0.5001212358474731,1.264805793762207,2.929016590118408,0.4586910009384155
47,0.0001,0.38384762704372405,0.7748999083163645,0.49000918984413144,0.7092656228064382,0.8240897526606464,48.388396978378296,0.22032842330634594,0.16862610682845117,0.12290160298347473,0.1078254172950983,0.22032842330634594,0.5169426217675209,0.21804325342178343,0.23412968456745148,0.12011655807495117,0.10922490924596787,0.21804325342178343,0.48981329560279846,1.0712674856185913,0.8144019246101379,0.9115023612976074,1.6606626510620117,1.5092945098876953,0.5827022194862366,1.7489856481552124,2.98103404045105,0.5049836039543152,1.2515814304351807,2.935885429382324,0.4611281454563141
48,0.0001,0.38828267306089403,0.7814131702222022,0.46636330962181094,0.7195195584298635,0.83362309435517,51.673532247543335,0.21737356655299664,0.17342447191476823,0.12400081858038903,0.10779818974435329,0.21737356655299664,0.5224131239950657,0.2261073487997055,0.24075613021850586,0.1552986294031143,0.10763719648122788,0.2261073487997055,0.5402883279323578,1.0683265924453735,0.827029824256897,0.9210373759269714,1.6822508573532104,1.531204342842102,0.5847517251968384,1.738610029220581,3.011763334274292,0.5062834024429321,1.2796857357025146,2.9770376682281494,0.46280989050865173
49,0.0001,0.39486550122499464,0.7766146208544087,0.5189428687095642,0.6831774552004022,0.804287272616313,51.53474307060242,0.22010441727936267,0.18068428806960582,0.1244351763278246,0.1073415943235159,0.22010441727936267,0.5134257405996323,0.25948005020618437,0.2296406376361847,0.09488637268543243,0.09888514250516892,0.25948005020618437,0.3577834111452103,1.069596767425537,0.8387383818626404,0.9309925436973572,1.6950763463974,1.5447719097137451,0.5870113968849182,1.7354627847671509,3.0313475131988525,0.510952353477478,1.3021034002304077,2.9785420894622803,0.4706582725048065
50,0.0001,0.3888419695198536,0.7750478754031717,0.5466781318187713,0.6590060691608851,0.7899313165353616,49.4714093208313,0.22290572941303252,0.17573325082659721,0.12557099789381027,0.10689933829009533,0.22290572941303252,0.5168576112389565,0.22469908356666565,0.2833675596117973,0.12732896357774734,0.10914112269878387,0.22469908356666565,0.5270570838451385,1.0697816610336304,0.8519538640975952,0.9407706260681152,1.7172194719314575,1.5570248365402222,0.5931826233863831,1.769108533859253,3.070744514465332,0.5176058411598206,1.3295608758926392,2.9948911666870117,0.47421905398368835
51,0.0001,0.3511903774738312,0.794820063448854,0.5103693306446075,0.6872927279329377,0.8104575344600872,48.461835861206055,0.21214250348508357,0.1564362207055092,0.12182206779718399,0.1114898993819952,0.21214250348508357,0.5382474762201309,0.2374092620611191,0.26989657133817674,0.15136159121990203,0.11295543640851974,0.2374092620611191,0.5189820146560669,1.068020224571228,0.8558896780014038,0.9507985711097717,1.7317348718643188,1.5659253597259521,0.5974720120429993,1.7921061515808105,3.0870580673217773,0.523086667060852,1.3680497407913208,3.012411117553711,0.4761671721935272
52,0.0001,0.3655721853673458,0.7858719653170315,0.45585729479789733,0.7215754299015663,0.8334309709742663,49.50607371330261,0.21563241481781006,0.16877436757087708,0.12267991654574871,0.11009225815534592,0.21563241481781006,0.5273494702577591,0.2236783790588379,0.22696914345026017,0.1066825857758522,0.1035926628112793,0.2236783790588379,0.4369161558151245,1.072263479232788,0.867940366268158,0.9598826169967651,1.7375237941741943,1.5814075469970703,0.6023911237716675,1.774519443511963,3.0986266136169434,0.528096616268158,1.3962022066116333,3.030425548553467,0.48135465383529663
53,0.0001,0.34265278428792956,0.8037897001956295,0.451656818985939,0.7258463224091294,0.8363108349739131,48.6978063583374,0.21216654136776925,0.15588646098971368,0.12090115651488303,0.10771102443337441,0.21216654136776925,0.5400675621628761,0.22015213280916213,0.23075302556157112,0.09731415182352066,0.10414292842149735,0.22015213280916213,0.46816664397716523,1.0736370086669922,0.8777887225151062,0.9683976769447327,1.722038984298706,1.596961498260498,0.6056170463562012,1.803218126296997,3.0961532592773438,0.5319193005561829,1.387038230895996,3.0229790210723877,0.48326680064201355
54,0.0001,0.3596805463731289,0.7922513177201418,0.46899672389030456,0.7088581024942942,0.8256422523407799,51.76555871963501,0.21179399341344834,0.16382529865950346,0.11978259041905404,0.10779817625880242,0.21179399341344834,0.5490817558765412,0.2255566358566284,0.22494548201560974,0.11931234538555145,0.10499517261981964,0.2255566358566284,0.49603687167167665,1.0739164352416992,0.8849694132804871,0.9761303067207336,1.731072187423706,1.596979022026062,0.6095994114875793,1.7869467735290527,3.1059584617614746,0.5336290597915649,1.3705662488937378,3.034708261489868,0.4853910803794861
55,0.0001,0.3552912953495979,0.7920614875299744,0.5213835167884827,0.6767685442779404,0.7998189820147544,49.451913833618164,0.2111550646275282,0.164335053935647,0.11936491698026658,0.10864281594753265,0.2111550646275282,0.5489402067661285,0.23084581077098845,0.26675985753536224,0.1100897490978241,0.10707769602537155,0.23084581077098845,0.49343518376350404,1.0703446865081787,0.8966072201728821,0.9847795963287354,1.7350331544876099,1.6119012832641602,0.6134340167045593,1.7954623699188232,3.110905647277832,0.5369728207588196,1.3908271789550781,3.0561466217041016,0.48795831203460693
56,0.0001,0.3458345955610275,0.7966474705684119,0.48124038755893705,0.6969617630857837,0.8166549955771418,49.85112905502319,0.20788042642176152,0.15954432532191276,0.11769868329167366,0.10876650333404542,0.20788042642176152,0.5444695210456848,0.22481947541236877,0.25320919662714003,0.1400707533955574,0.1085290002822876,0.22481947541236877,0.5533000385761261,1.071305751800537,0.903427004814148,0.9923198223114014,1.7572993040084839,1.6147127151489258,0.6184507608413696,1.7888411283493042,3.1166703701019287,0.5435064435005188,1.3399227857589722,3.0672316551208496,0.49182429909706116
57,0.0001,0.34209129750728606,0.7985568192612031,0.44734414577484133,0.7277134770228483,0.8377807455134818,49.72955083847046,0.2099266281723976,0.15773967925459145,0.12142554186284542,0.10800427973270416,0.2099266281723976,0.5516466036438942,0.21276893436908723,0.24572293370962142,0.13328545331954955,0.10236951649188995,0.21276893436908723,0.5437824845314025,1.0756434202194214,0.9161887168884277,0.9985507130622864,1.7669938802719116,1.6291604042053223,0.6207401752471924,1.809917688369751,3.1494250297546387,0.5482324957847595,1.40520441532135,3.0751616954803467,0.4927448332309723
58,0.0001,0.34326162442564967,0.8027847063837092,0.4438315117359161,0.7245062375321499,0.8360791648408545,49.723686933517456,0.21187057003378867,0.1579894521087408,0.11920421220362186,0.10515745580196381,0.21187057003378867,0.5426381799578667,0.21805378079414367,0.22856407821178437,0.10012284100055695,0.10336359471082687,0.21805378079414367,0.5043917667865753,1.076398491859436,0.9227723479270935,1.0044634342193604,1.7664936780929565,1.6444525718688965,0.6220461130142212,1.801647663116455,3.167357921600342,0.5522201061248779,1.426607370376587,3.0781664848327637,0.5003520846366882
59,0.0001,0.33028482005000115,0.8063822304910133,0.476564354300499,0.701932576548556,0.8190437908583413,48.727837562561035,0.20515029937028884,0.15352083563804628,0.11585362270474434,0.10728195644915103,0.20515029937028884,0.5589755019545555,0.2131224763393402,0.2533931013941765,0.11642772078514099,0.1075051799416542,0.2131224763393402,0.525901609659195,1.0743319988250732,0.925806999206543,1.0126433372497559,1.768396019935608,1.658181071281433,0.6256758570671082,1.8140300512313843,3.1617848873138428,0.5600088238716125,1.4286442995071411,3.0911850929260254,0.5046049952507019
60,0.0001,0.334996791779995,0.8040389261503199,0.4815254294872284,0.7181843823934,0.8311667674864316,49.03172183036804,0.20763940535485745,0.15958190098404884,0.11759541653096676,0.10961516812443733,0.20763940535485745,0.5646682174503803,0.21823134154081344,0.26488718271255496,0.11237253338098525,0.10070070236921311,0.21823134154081344,0.5079794597625732,1.077919840812683,0.934028148651123,1.0188132524490356,1.7703437805175781,1.6712623834609985,0.6295586824417114,1.8128074407577515,3.170921802520752,0.5637066960334778,1.4185727834701538,3.1082205772399902,0.5073530077934265
61,0.0001,0.34452672734856604,0.7924947589616886,0.4369086962938309,0.7346016098975869,0.8426925479468335,48.12831926345825,0.2096439029276371,0.16491826973855495,0.11891084209084511,0.11040272504091263,0.2096439029276371,0.5594449080526829,0.2102947837114334,0.24057760953903198,0.12955983370542526,0.10997253328561783,0.2102947837114334,0.5449861216545105,1.0731985569000244,0.9459351301193237,1.0251234769821167,1.7659778594970703,1.6829758882522583,0.6323464512825012,1.8114928007125854,3.171964406967163,0.5677977800369263,1.4237242937088013,3.1078500747680664,0.5112051367759705
62,0.0001,0.3115916046500206,0.8238017278821288,0.44644816637039186,0.7271818597963042,0.8376367267475473,50.235475301742554,0.20361515574157238,0.14297938764095305,0.11374258346855641,0.10716632656753063,0.20361515574157238,0.5613165599107742,0.2173665577173233,0.25451335102319717,0.13989124923944474,0.10493559658527374,0.2173665577173233,0.556862337589264,1.0724570751190186,0.9493420720100403,1.0362520217895508,1.777587890625,1.6875334978103638,0.6365760564804077,1.8098173141479492,3.1904122829437256,0.5728268623352051,1.3963980674743652,3.127272844314575,0.515880823135376
63,0.0001,0.307006933093071,0.8273942647115641,0.426170734167099,0.7479169245627688,0.8513889878456119,48.86843180656433,0.20667535021901132,0.14377993930131197,0.11655623234808445,0.10423742093145848,0.20667535021901132,0.5574585846066475,0.21238808631896972,0.2308341321349144,0.1251811268925667,0.10119699627161026,0.21238808631896972,0.5433468806743622,1.077833652496338,0.9522119760513306,1.0445952415466309,1.7762627601623535,1.6896483898162842,0.6383191347122192,1.8090853691101074,3.210775375366211,0.5769317150115967,1.3958101272583008,3.1480443477630615,0.5185940861701965
64,0.0001,0.3236235493421555,0.8094647192745238,0.4540321409702301,0.7235001327908316,0.8363051264218463,50.08607745170593,0.2058214745670557,0.15132950127124786,0.11466376960277558,0.10653476551175117,0.2058214745670557,0.5552552619576454,0.21968623846769333,0.24168203115463258,0.11980201631784439,0.09721908181905746,0.21968623846769333,0.5025047487020493,1.0840816497802734,0.9593539834022522,1.051931381225586,1.7800697088241577,1.7009202241897583,0.6421462893486023,1.8369776010513306,3.2350873947143555,0.5798653364181519,1.3846163749694824,3.155622720718384,0.5206607580184937
65,0.0001,0.30952572777867315,0.8256579503536345,0.49694093227386477,0.6968662453609474,0.8176762241285731,48.40251803398132,0.2046108715236187,0.14633897300809623,0.11669355794787407,0.10493828356266022,0.2046108715236187,0.5622407454252243,0.23029231071472167,0.27221297562122343,0.14195992469787597,0.10111179649829864,0.23029231071472167,0.5374195659160614,1.0891560316085815,0.9702268242835999,1.0579627752304077,1.7706987857818604,1.702301025390625,0.6437325477600098,1.838751196861267,3.235640048980713,0.5869969725608826,1.3699322938919067,3.128627300262451,0.5224218368530273
66,0.0001,0.3233426021039486,0.8097125966146475,0.49555866241455077,0.6933324246842,0.8127583200410505,50.87581729888916,0.20599623933434486,0.15562725391238927,0.11397784441709519,0.10575568974018097,0.20599623933434486,0.5628464663028717,0.22579303562641143,0.25979783028364184,0.12442675888538361,0.10215146720409393,0.22579303562641143,0.5184408926963806,1.0845894813537598,0.9753061532974243,1.0652036666870117,1.787060260772705,1.7170380353927612,0.648017942905426,1.839385986328125,3.2398576736450195,0.5908589363098145,1.3946800231933594,3.1432056427001953,0.5259000658988953
67,0.0001,0.30938759341835975,0.8200468328326272,0.4987590169906616,0.6792298452753777,0.8016966818125817,68.22369337081909,0.20606200397014618,0.14722369600087404,0.11438753210008144,0.10413507044315339,0.20606200397014618,0.5605245298147201,0.21648198127746582,0.24586276441812516,0.10388104349374772,0.10179756850004196,0.21648198127746582,0.4956572222709656,1.0878994464874268,0.9867720007896423,1.073930263519287,1.7954273223876953,1.73020601272583,0.6526814699172974,1.8331159353256226,3.265312671661377,0.5951911807060242,1.4064379930496216,3.1539478302001953,0.5260875225067139
68,0.0001,0.2974636675417423,0.833540709256108,0.45509626388549806,0.7210201921165899,0.8339561525816274,67.39771866798401,0.20272629596292974,0.14205809224396945,0.1187022327631712,0.10642996519804,0.20272629596292974,0.5673219361901283,0.21722577273845672,0.26128739237785337,0.14572038143873214,0.10629127651453019,0.21722577273845672,0.561823674440384,1.091513991355896,0.9938336610794067,1.0839697122573853,1.7944114208221436,1.743125081062317,0.6565499305725098,1.8503788709640503,3.25711989402771,0.6004241108894348,1.4109365940093994,3.167372226715088,0.5318009257316589
69,0.0001,0.304696649312973,0.823916392619175,0.4489136493206024,0.719105139678936,0.8316974534426261,70.10092282295227,0.19921868056058883,0.1457838087528944,0.1140489300340414,0.10703730642795563,0.19921868056058883,0.5774334594607353,0.20263301014900206,0.2385338582098484,0.11128771215677262,0.10955539971590042,0.20263301014900206,0.5714954483509064,1.0975133180618286,0.9975966215133667,1.0908706188201904,1.7851227521896362,1.7579525709152222,0.6597325801849365,1.8539453744888306,3.278608798980713,0.6047659516334534,1.4042843580245972,3.1634905338287354,0.5318167805671692
70,0.0001,0.30682158008217814,0.8243266741820279,0.4456920599937439,0.7135910395717224,0.8290742838957478,68.70109963417053,0.2004527999460697,0.1481577793136239,0.11236094348132611,0.11002706512808799,0.2004527999460697,0.5781357038021088,0.2221190005540848,0.20823756158351897,0.08717817336320877,0.1091186997294426,0.2221190005540848,0.4653843289613724,1.1027146577835083,1.0011225938796997,1.0981855392456055,1.7861602306365967,1.753848910331726,0.6630539298057556,1.8615254163742065,3.2884633541107178,0.6081206798553467,1.4295562505722046,3.1745221614837646,0.5312939286231995
71,0.0001,0.29378426015377046,0.8258951978627154,0.4604711222648621,0.7092545727513918,0.8252961592127974,69.58859395980835,0.1988676580786705,0.14429598104208707,0.11119502522051335,0.11010767579078674,0.1988676580786705,0.5752459651231766,0.22199101477861405,0.2381543493270874,0.09382066428661347,0.11214572191238403,0.22199101477861405,0.475543799996376,1.1053565740585327,1.0058367252349854,1.104893445968628,1.7809207439422607,1.7518420219421387,0.6664922833442688,1.8509821891784668,3.300086498260498,0.6116280555725098,1.4340258836746216,3.205754041671753,0.5286803245544434
72,0.0001,0.2982113355398178,0.8247132422181785,0.4318512952327728,0.7388716498994513,0.8465445118455348,68.4042899608612,0.1993011549115181,0.14742435507476329,0.11400977075099945,0.11177140742540359,0.1993011549115181,0.5693242998421192,0.21202358603477478,0.21213735461235048,0.09673211842775345,0.10736535638570785,0.21202358603477478,0.4978193938732147,1.1101765632629395,1.013739824295044,1.1100172996520996,1.8083927631378174,1.7582494020462036,0.6699187159538269,1.848427414894104,3.302809953689575,0.6160992383956909,1.4909391403198242,3.192312479019165,0.5371414422988892
73,0.0001,0.2830648435652256,0.8377905862441638,0.4401760947704315,0.7256801453161457,0.8357295603570423,69.01553130149841,0.19632850840687752,0.13653674960136414,0.11182339787483216,0.11177634827792644,0.19632850840687752,0.5806567028164864,0.21319539219141007,0.23050570696592332,0.09780692934989929,0.11330559432506561,0.21319539219141007,0.5286821782588959,1.107391357421875,1.0207933187484741,1.119257926940918,1.7995350360870361,1.768866777420044,0.6734179854393005,1.840312123298645,3.2990527153015137,0.6195212006568909,1.5031912326812744,3.1917243003845215,0.539878785610199
74,0.0001,0.3024302852153778,0.8256395709092915,0.49152551889419555,0.6913573407868718,0.8129893172814472,68.55869817733765,0.19640789441764356,0.15277668163180352,0.11317253530025483,0.11156135767698289,0.19640789441764356,0.5818335980176925,0.20462771862745285,0.2623017683625221,0.09365320712327957,0.10876286447048188,0.20462771862745285,0.5598336219787597,1.112683653831482,1.0274838209152222,1.1256866455078125,1.814621090888977,1.7714803218841553,0.6765744686126709,1.8738555908203125,3.298646926879883,0.6244439482688904,1.50043523311615,3.205336332321167,0.5489088892936707
75,0.0001,0.2977753031253815,0.8249704666248128,0.43342977643013003,0.7321688212058767,0.8402340924676672,68.86149287223816,0.19654125943779946,0.146324457898736,0.11249489307403565,0.11247839540243149,0.19654125943779946,0.5894852790236473,0.19855101108551027,0.23746603608131409,0.12153719127178192,0.10957549333572388,0.19855101108551027,0.5876161456108093,1.1175132989883423,1.028996229171753,1.1329050064086914,1.8004951477050781,1.7709156274795532,0.6803682446479797,1.8667525053024292,3.3063888549804688,0.6267837882041931,1.5058988332748413,3.211522340774536,0.5472275018692017
76,0.0001,0.27877798184752467,0.8413921568273203,0.44490367591381075,0.7327105835374526,0.8404480471984861,67.94903063774109,0.19335643962025642,0.13438981711864473,0.1109334597736597,0.11314044177532195,0.19335643962025642,0.5911357042193413,0.21642058610916137,0.23899780824780464,0.10447491884231568,0.10314356625080108,0.21642058610916137,0.5027208352088928,1.1166516542434692,1.0306768417358398,1.1404463052749634,1.806599736213684,1.7705292701721191,0.6829999089241028,1.8780521154403687,3.327958822250366,0.6310083270072937,1.4824339151382446,3.2036800384521484,0.547441840171814
77,0.0001,0.27292969584465027,0.8474330561323167,0.5055144816637039,0.6782646680105207,0.8015861514939292,67.65859866142273,0.1944725728034973,0.13392856571823358,0.11214884765446186,0.11203916810452938,0.1944725728034973,0.5853415176272392,0.20557972967624663,0.2763358670473099,0.10336518436670303,0.109092718064785,0.20557972967624663,0.5597272598743439,1.120347023010254,1.033556342124939,1.1481996774673462,1.8199591636657715,1.7721818685531616,0.6860844492912292,1.86551833152771,3.3204684257507324,0.6353638768196106,1.4796475172042847,3.213188409805298,0.5485550761222839
78,0.0001,0.2985157451033592,0.8266836719075996,0.4491101717948914,0.6860628211465325,0.8086108460650837,69.43130779266357,0.19921030282974242,0.1464212756976485,0.10976049542427063,0.1143774251639843,0.19921030282974242,0.5795178602635861,0.22306966423988342,0.19938301235437395,0.102396160364151,0.11026858866214752,0.22306966423988342,0.48393977105617525,1.1278940439224243,1.0412602424621582,1.1523131132125854,1.8380918502807617,1.7812020778656006,0.6878920793533325,1.8580793142318726,3.3374783992767334,0.6402255296707153,1.5082955360412598,3.237121820449829,0.5583364963531494
79,0.0001,0.2932646150887013,0.8252538219892825,0.4222912657260895,0.7412998043284408,0.8478764106105179,69.55729389190674,0.19447036907076837,0.14518050000071525,0.11232321225106716,0.11181589111685752,0.19447036907076837,0.5826514080166817,0.21328791916370393,0.22282963186502458,0.09673806190490723,0.10847711175680161,0.21328791916370393,0.5263817739486695,1.1318542957305908,1.0484744310379028,1.1578807830810547,1.8370227813720703,1.7957572937011719,0.6896895170211792,1.8794773817062378,3.3417463302612305,0.6423541307449341,1.4840925931930542,3.221982955932617,0.5585501194000244
80,0.0001,0.27261032938957214,0.8455688654217737,0.45396831154823303,0.7086547637448878,0.8239725019141011,70.76990127563477,0.19374593012034894,0.13345578797161578,0.1074236773699522,0.11129331909120083,0.19374593012034894,0.5914362955093384,0.2101376736164093,0.25101693868637087,0.13390274226665497,0.11369077563285827,0.2101376736164093,0.5872915637493134,1.1333541870117188,1.0498547554016113,1.1629928350448608,1.8474668264389038,1.8027349710464478,0.6926121115684509,1.8669112920761108,3.3464159965515137,0.6433022618293762,1.5057750940322876,3.2367470264434814,0.5612167716026306
81,0.0001,0.2604164630174637,0.8516993350806149,0.43927622616291045,0.7415467124233737,0.84720675159921,69.72920799255371,0.1903691604733467,0.12674210846424103,0.10971313714981079,0.11240739569067955,0.1903691604733467,0.5986390292644501,0.21330055415630342,0.2422529610991478,0.13254116833209992,0.11017103344202042,0.21330055415630342,0.5666984808444977,1.1296336650848389,1.0462391376495361,1.1677379608154297,1.837602972984314,1.7995845079421997,0.6947376132011414,1.8752635717391968,3.3512160778045654,0.6442411541938782,1.499703049659729,3.229274272918701,0.5611895322799683
82,0.0001,0.26937787666916846,0.8469761678954417,0.42650059938430784,0.7319069922996065,0.8410852160741432,69.45221495628357,0.19200358048081398,0.13482836432754994,0.10889403201639652,0.11086537770926952,0.19200358048081398,0.5915107855200767,0.20717696368694305,0.23728675931692123,0.12357338696718216,0.10613233655691147,0.20717696368694305,0.563184529542923,1.1357719898223877,1.0536175966262817,1.1757447719573975,1.8570005893707275,1.804329752922058,0.695984959602356,1.864991545677185,3.363964080810547,0.6478143930435181,1.4964174032211304,3.2374613285064697,0.5644131302833557
83,0.0001,0.26634450927376746,0.8446651343877618,0.5020376133918762,0.6858343236799969,0.8072756940857612,70.80173778533936,0.1934741248935461,0.13117303706705571,0.11273657985031604,0.11134893216192722,0.1934741248935461,0.5929509380459785,0.22006722033023834,0.29141149640083314,0.14227837890386583,0.10929654508829117,0.22006722033023834,0.5525150740146637,1.1401058435440063,1.055163025856018,1.1827939748764038,1.8542073965072632,1.8058725595474243,0.6979737877845764,1.8666549921035767,3.3791122436523438,0.6525025963783264,1.4844683408737183,3.249974250793457,0.5668500661849976
84,0.0001,0.2705910365283489,0.8404757968967372,0.41258679509162904,0.7513647221480525,0.853599168159922,68.99718451499939,0.18974534153938294,0.13737006977200508,0.10900500126183033,0.11253066308796406,0.18974534153938294,0.594851288497448,0.20496781826019286,0.22643420457839966,0.09837130725383758,0.11720225811004639,0.20496781826019286,0.5591819536685944,1.1459605693817139,1.0611544847488403,1.1920764446258545,1.8468657732009888,1.8152549266815186,0.7001339793205261,1.8789244890213013,3.3840138912200928,0.6547741889953613,1.5132215023040771,3.256786584854126,0.5697969794273376
85,0.0001,0.28386285707354547,0.8329785417791703,0.449652886390686,0.7144840474840215,0.8281289458922442,68.21628975868225,0.19295516796410084,0.14209775608032943,0.1102572226524353,0.11161866456270218,0.19295516796410084,0.5962231138348579,0.20369618237018586,0.2530928474664688,0.11872441977262498,0.10499273061752319,0.20369618237018586,0.5788115167617798,1.1510933637619019,1.0683437585830688,1.1993213891983032,1.8524314165115356,1.8225650787353516,0.7044536471366882,1.8948363065719604,3.3933234214782715,0.6581924557685852,1.5193151235580444,3.265347719192505,0.5702573657035828
86,0.0001,0.29337827742099765,0.825415394574142,0.5442242676019668,0.6754242835869801,0.7992630106175356,69.22836828231812,0.19982963539659976,0.1444005626067519,0.11092852421104908,0.11217335410416127,0.19982963539659976,0.5860637775063515,0.22311714947223663,0.31917513102293016,0.14839829325675966,0.1051984390616417,0.22311714947223663,0.5629593777656555,1.15289306640625,1.068933367729187,1.2034218311309814,1.8382115364074707,1.8242559432983398,0.7072067260742188,1.8920787572860718,3.392380475997925,0.661704421043396,1.5101194381713867,3.267887830734253,0.5723695755004883
87,0.0001,0.2726092973351479,0.8411408981124702,0.419707818031311,0.7272781006388547,0.8381961166607678,67.60133075714111,0.19285430543124676,0.13454943347722292,0.10876515507698059,0.11170503810048103,0.19285430543124676,0.6025120291113853,0.2028212469816208,0.22171621918678283,0.12104622602462768,0.11168773531913757,0.2028212469816208,0.5717525732517242,1.1562561988830566,1.07175612449646,1.2100404500961304,1.8541454076766968,1.8318365812301636,0.7113389372825623,1.8849387168884277,3.390957832336426,0.6655560731887817,1.5278799533843994,3.2668166160583496,0.5803770422935486
88,0.0001,0.2731582181155682,0.8402787982983303,0.45387440145015717,0.7330173906486931,0.8412012225094201,68.81109237670898,0.19048698842525483,0.1374437127634883,0.10723325230181217,0.11027538396418095,0.19048698842525483,0.6043768042325973,0.2495839223265648,0.21462662160396576,0.0721001946926117,0.10565629363059997,0.2495839223265648,0.43162404477596283,1.1579700708389282,1.0750974416732788,1.2157808542251587,1.8498233556747437,1.8219021558761597,0.7161265015602112,1.8965154886245728,3.4061996936798096,0.6697078347206116,1.5199366807937622,3.289259910583496,0.5810688138008118
89,0.0001,0.2561369693279266,0.8566035712186859,0.4245981174707413,0.7408157256293555,0.8463337860994297,71.16060948371887,0.1865053676813841,0.12976303089410066,0.10957687251269817,0.11043621070683002,0.1865053676813841,0.6155964162945747,0.1988302794098854,0.24823440313339235,0.11025869131088256,0.10763677299022674,0.1988302794098854,0.570383847951889,1.1631401777267456,1.0795682668685913,1.2228657007217407,1.8600313663482666,1.8247497081756592,0.7213404178619385,1.9299372434616089,3.410672664642334,0.6776494979858398,1.504593849182129,3.29360032081604,0.583396852016449
90,0.0001,0.27588449731469156,0.8349660514690348,0.43291559636592863,0.7395115208673206,0.8440973747288125,72.89058494567871,0.19212568938732147,0.13979287698864937,0.10866983823478221,0.11075307369232178,0.19212568938732147,0.5919657638669014,0.19953507751226426,0.24536494374275208,0.11089961796998977,0.10616465777158737,0.19953507751226426,0.5637760806083679,1.1660277843475342,1.0830501317977905,1.2285003662109375,1.8671472072601318,1.8357148170471191,0.7240265607833862,1.9073799848556519,3.414581537246704,0.6791782379150391,1.4742116928100586,3.3026607036590576,0.5838038921356201
91,0.0001,0.25445217311382295,0.8545540362501772,0.4090985006093979,0.7551484232855117,0.8567544287777216,72.67399406433105,0.18415406234562398,0.12589276149868966,0.10867580816149712,0.10638082355260849,0.18415406234562398,0.609504411816597,0.2004648792743683,0.22215969875454902,0.0938019859790802,0.10471394181251525,0.2004648792743683,0.5598083877563477,1.1661401987075806,1.087667465209961,1.2343838214874268,1.8813685178756714,1.8508225679397583,0.727870762348175,1.9217336177825928,3.4164302349090576,0.6812918186187744,1.5087751150131226,3.294625997543335,0.5858776569366455
92,0.0001,0.2446966853737831,0.8621855588143077,0.47594575464725497,0.703117291942509,0.8205719954538974,73.44655013084412,0.18223091401159763,0.12304242432117463,0.10532351337373257,0.10649436250329018,0.18223091401159763,0.6160346403717994,0.20329465806484223,0.2822621104121208,0.13163455545902253,0.10377333462238311,0.20329465806484223,0.5917795538902283,1.1691776514053345,1.0897926092147827,1.2408000230789185,1.8472797870635986,1.84317946434021,0.7295604944229126,1.9021834135055542,3.424335479736328,0.6799940466880798,1.5241745710372925,3.302726984024048,0.5883203744888306
93,0.0001,0.25337977170944215,0.8545816520794218,0.43112492203712466,0.7569298727554833,0.8565566225098759,74.7022111415863,0.18784118562936783,0.12791386380791664,0.10826036877930165,0.10468974247574807,0.18784118562936783,0.6105088487267494,0.2296478134393692,0.20890870749950408,0.07146949246525765,0.10144075065851212,0.2296478134393692,0.4803853803873062,1.1728936433792114,1.0929040908813477,1.2473958730697632,1.8466352224349976,1.8400810956954956,0.7329639196395874,1.902464509010315,3.4127933979034424,0.6834579706192017,1.5283477306365967,3.291445016860962,0.5903382897377014
94,0.0001,0.2540977916121483,0.8572259578874873,0.39932622015476227,0.7590914324166605,0.858999830337467,77.31585693359375,0.18370737820863725,0.13156991995871067,0.10407292403280735,0.10532567299902439,0.18370737820863725,0.6140575692057609,0.19429609417915344,0.21867423236370087,0.0996794754266739,0.10608185797929764,0.19429609417915344,0.5811538565158844,1.1784329414367676,1.0971925258636475,1.2523142099380493,1.8439760208129883,1.8460696935653687,0.7356937527656555,1.8898205757141113,3.4097371101379395,0.6845477819442749,1.5216702222824097,3.289015293121338,0.5949886441230774
95,0.0001,0.25019783034920695,0.8556972239446082,0.5405480748414994,0.6725045491758291,0.7997971807782891,72.77610445022583,0.1825279874354601,0.130478931479156,0.10489861495792865,0.10585130870342255,0.1825279874354601,0.6130784364044666,0.2658312010765076,0.29946909606456756,0.1593976855278015,0.101196548640728,0.2658312010765076,0.502865104675293,1.1809861660003662,1.0998717546463013,1.257219672203064,1.8423975706100464,1.8489521741867065,0.7389167547225952,1.9155218601226807,3.431222438812256,0.6884311437606812,1.5031824111938477,3.2951204776763916,0.5962393879890442
96,0.0001,0.2734005452692509,0.8364495194409853,0.42515115201473236,0.7416755999710551,0.8479680409786048,69.1159884929657,0.18797195196151734,0.13900866653770208,0.10654074557125569,0.10746645331382751,0.18797195196151734,0.6024701771140099,0.2027679169178009,0.22973084717988967,0.11316277295351028,0.10774721950292587,0.2027679169178009,0.5731234884262085,1.1871904134750366,1.1035544872283936,1.262149691581726,1.851569652557373,1.858277678489685,0.7412604093551636,1.91240394115448,3.427283763885498,0.6914034485816956,1.5150095224380493,3.2998437881469727,0.6017069816589355
97,0.0001,0.2546058423817158,0.8487045551115974,0.4471155363321304,0.725835646776831,0.83603269245709,70.17011713981628,0.18431741468608379,0.12974346317350866,0.10561386816203594,0.10579241923987866,0.18431741468608379,0.6155292230844498,0.2059909063577652,0.24537306725978852,0.13318875610828398,0.10106883227825164,0.2059909063577652,0.5815031027793884,1.192548394203186,1.1050885915756226,1.2660183906555176,1.8443354368209839,1.8653234243392944,0.7431237101554871,1.9015876054763794,3.443575859069824,0.69415682554245,1.5251171588897705,3.2990894317626953,0.6034891605377197
98,0.0001,0.2583202464878559,0.8483049243895205,0.44764574885368347,0.7325674123225354,0.8405304139744344,68.58563280105591,0.18236852996051311,0.13169877100735902,0.1043738465756178,0.1048722267895937,0.18236852996051311,0.6163683378696442,0.20678654551506043,0.23769670605659485,0.1177301424741745,0.09929766088724136,0.20678654551506043,0.5675015711784362,1.2036871910095215,1.1062151193618774,1.27046537399292,1.8489714860916138,1.8649015426635742,0.7452168464660645,1.9195926189422607,3.4484364986419678,0.6957901120185852,1.5111359357833862,3.2881107330322266,0.6072138547897339
99,0.0001,0.2586282694339752,0.8480246833600433,0.404768728017807,0.750229866492226,0.8529061997826719,67.39095616340637,0.18399630166590214,0.1307572089880705,0.10350496225059032,0.10598464198410511,0.18399630166590214,0.6149817278981209,0.19453296899795533,0.23559177696704864,0.11397839188575745,0.10684193134307861,0.19453296899795533,0.5882710063457489,1.209190845489502,1.110852599143982,1.275716781616211,1.8251570463180542,1.8735394477844238,0.7482126951217651,1.9238327741622925,3.453106641769409,0.6981514692306519,1.55166757106781,3.3097009658813477,0.6114896535873413
100,0.0001,0.24187858119606973,0.8621758251766929,0.43313328564167025,0.7472626546531714,0.8505155050117892,75.21724486351013,0.18223115257918834,0.12174480989575386,0.10299498051404953,0.10726804040372372,0.18223115257918834,0.6134746345877647,0.18914962083101272,0.25302862986922264,0.09874495595693589,0.10405124008655547,0.18914962083101272,0.5835121190547943,1.2133392095565796,1.112258791923523,1.2813574075698853,1.823919653892517,1.870332956314087,0.7500351071357727,1.9354052543640137,3.4565553665161133,0.6990202069282532,1.5465903282165527,3.3133463859558105,0.6125121712684631
101,0.0001,0.24239817656576634,0.8611703037644831,0.41641832172870635,0.7338899574280413,0.8434941382419955,76.7663824558258,0.18241605065762997,0.12212156552821397,0.10351677149534226,0.10584188438951969,0.18241605065762997,0.6216723242402077,0.19161490648984908,0.23054867565631867,0.11204652070999145,0.10807892143726348,0.19161490648984908,0.6013159108161926,1.213990569114685,1.1115632057189941,1.2886998653411865,1.8160791397094727,1.8800121545791626,0.7529356479644775,1.911204218864441,3.4490184783935547,0.7028485536575317,1.557882308959961,3.301807165145874,0.6125501990318298
102,0.0001,0.23702328100800515,0.8640661045590039,0.42773588180541994,0.743817560910173,0.8493140359234634,67.11191296577454,0.18062741294503212,0.11905871421098708,0.10298702083528041,0.10606829315423966,0.18062741294503212,0.6230475530028343,0.19456614375114442,0.24708460330963133,0.11594033598899842,0.1006091883778572,0.19456614375114442,0.5883179843425751,1.2165460586547852,1.1154817342758179,1.2941404581069946,1.8245644569396973,1.8816512823104858,0.7543509006500244,1.914341926574707,3.467867851257324,0.7044292092323303,1.5568710565567017,3.3057966232299805,0.612551212310791
103,0.0001,0.238876620978117,0.8676494348364662,0.4284879773855209,0.7460705896601738,0.8495787106424779,49.027682065963745,0.18095270276069642,0.12034504346549511,0.10502378553152085,0.10476294748485088,0.18095270276069642,0.6200948479771614,0.1956171303987503,0.24469092577695847,0.11723519206047057,0.1059926825761795,0.1956171303987503,0.597505077123642,1.2217917442321777,1.1159427165985107,1.3008708953857422,1.8365070819854736,1.8842296600341797,0.7568378448486328,1.911118507385254,3.464412212371826,0.7071967720985413,1.5148292779922485,3.3072941303253174,0.6163726449012756
104,0.0001,0.24763568639755248,0.857441655647627,0.4284551054239273,0.7402113472258425,0.8454206986971837,48.34828186035156,0.18195543676614762,0.12378222789615392,0.10223289206624031,0.10824031494557858,0.18195543676614762,0.612086401283741,0.1855483442544937,0.24609333664178848,0.103313729763031,0.10652691662311554,0.1855483442544937,0.5989395558834076,1.2307642698287964,1.1197667121887207,1.3061376810073853,1.8322168588638306,1.8870675563812256,0.7597701549530029,1.935947060585022,3.4767935276031494,0.7112641334533691,1.5142487287521362,3.315213918685913,0.616521954536438
105,0.0001,0.23773735754191874,0.8658538008966198,0.40180039703845977,0.750409812141348,0.8533990916667032,47.59815692901611,0.17948667280375957,0.12117466494441033,0.10349499970674515,0.1089069690555334,0.17948667280375957,0.618546801507473,0.1916010594367981,0.2330670487880707,0.10726388394832612,0.1077644282579422,0.1916010594367981,0.6069583582878113,1.2363048791885376,1.121079444885254,1.3105188608169556,1.8354471921920776,1.8886358737945557,0.7624987959861755,1.9505023956298828,3.484386444091797,0.714582622051239,1.5009574890136719,3.3133060932159424,0.6185569763183594
106,0.0001,0.2564299774169922,0.8462694249783022,0.5646056133508682,0.6429430830150211,0.7775092118182658,48.554142236709595,0.18420522660017014,0.12857280064374207,0.10315430544316768,0.10567449502646924,0.18420522660017014,0.6109014570713043,0.20279329597949983,0.33542861878871916,0.12832429498434067,0.1004465213418007,0.20279329597949983,0.5862600457668304,1.2422016859054565,1.1246989965438843,1.3137985467910767,1.8407469987869263,1.8958312273025513,0.7661184668540955,1.9438320398330688,3.4818267822265625,0.7156449556350708,1.530587077140808,3.3329944610595703,0.6238522529602051
107,0.0001,0.2518176254630089,0.8507994193628282,0.43363905012607573,0.7257420696990421,0.8341612294915347,48.32089185714722,0.1858305348455906,0.12717505797743797,0.10513426952064037,0.10516723051667214,0.1858305348455906,0.6078486958146095,0.20290976792573928,0.25188220649957654,0.11250528037548065,0.10077729046344758,0.20290976792573928,0.5816100454330444,1.2493971586227417,1.1277740001678467,1.3180865049362183,1.8317420482635498,1.8927397727966309,0.7661588788032532,1.9491543769836426,3.493844509124756,0.719399631023407,1.537184476852417,3.3263187408447266,0.6246946454048157
108,0.0001,0.23159003525972366,0.870005844419461,0.4163371843099594,0.7607964447153652,0.860177227105327,48.94715428352356,0.17848327182233334,0.11616073999553919,0.09984753452241421,0.10367524452507496,0.17848327182233334,0.6201265478134155,0.19545603096485137,0.23229825332760812,0.08551260590553283,0.09841971904039383,0.19545603096485137,0.5678912770748138,1.2469784021377563,1.1297816038131714,1.3227678537368774,1.8373018503189087,1.9011180400848389,0.7684385180473328,1.969449758529663,3.4864096641540527,0.7226530313491821,1.5789822340011597,3.338587760925293,0.6266334652900696
109,0.0001,0.23212857201695442,0.8700725076882556,0.39381856203079224,0.7662321739778364,0.8635523084941532,49.68959379196167,0.17817358672618866,0.11796506896615028,0.10221708320081234,0.10494894355535507,0.17817358672618866,0.6300704044103622,0.19579987794160844,0.21459222465753555,0.07777318477630615,0.10166980266571045,0.19579987794160844,0.563479984998703,1.2561575174331665,1.130767583847046,1.3283883333206177,1.855136513710022,1.9117178916931152,0.7704756855964661,1.9556596279144287,3.4992892742156982,0.7251946330070496,1.5669307708740234,3.341212749481201,0.6322597861289978
110,0.0001,0.21947361305356025,0.8746663330454655,0.441816046833992,0.7402463476643483,0.8440974572697619,49.26834964752197,0.1756775362789631,0.1140441956743598,0.10410057418048382,0.10359793089330196,0.1756775362789631,0.629513920545578,0.20671195089817046,0.23974117547273635,0.07917589351534843,0.1023250862956047,0.20671195089817046,0.5402746772766114,1.2614389657974243,1.1316536664962769,1.332964301109314,1.8508168458938599,1.9198347330093384,0.7720357179641724,1.9590740203857422,3.5027530193328857,0.7265270352363586,1.5351942777633667,3.3338968753814697,0.6336620450019836
111,0.0001,0.22084425121545792,0.8725717992430368,0.4087198609113693,0.745140918486395,0.8496145095997784,48.70733618736267,0.1771830392628908,0.11174730557948351,0.10142136111855507,0.10418268732726574,0.1771830392628908,0.622973483800888,0.1889805293083191,0.2247828485071659,0.09234183609485626,0.10094531804323197,0.1889805293083191,0.5822788965702057,1.2652348279953003,1.132834553718567,1.3364990949630737,1.846088171005249,1.9298720359802246,0.7736160755157471,1.9399378299713135,3.503067970275879,0.7271066308021545,1.5366448163986206,3.3277015686035156,0.6329023838043213
112,0.0001,0.21528894223272801,0.8793864205500336,0.44773893773555756,0.7359269912099518,0.8434966854864113,49.01253294944763,0.173427160307765,0.11074382092803717,0.10101087965071201,0.10292436629533767,0.173427160307765,0.6346593225002288,0.1893223688006401,0.26415354073047637,0.10693089127540588,0.10136092364788056,0.1893223688006401,0.6006546950340271,1.2709083557128906,1.1297061443328857,1.3406482934951782,1.8429025411605835,1.9193460941314697,0.7752423286437988,1.9450221061706543,3.5013184547424316,0.728987991809845,1.5449275970458984,3.316990613937378,0.6352841854095459
113,0.0001,0.24281351268291473,0.8624910901412831,0.48685288429260254,0.6963811062777888,0.8142892872676061,47.499401807785034,0.17966117978096008,0.12432539887726307,0.10061560943722725,0.10454857639968396,0.17966117978096008,0.6231840190291404,0.22881435871124267,0.2400577211380005,0.07887059152126312,0.09433006048202515,0.22881435871124267,0.4879970669746399,1.2804269790649414,1.1348804235458374,1.3446635007858276,1.8378183841705322,1.9177720546722412,0.7780153155326843,1.9392740726470947,3.500566005706787,0.7312088012695312,1.5897870063781738,3.3320629596710205,0.638870120048523
114,0.0001,0.22121503464877607,0.8798241362633018,0.4266083687543869,0.7390998062439758,0.8435338904256904,46.74305558204651,0.17638509534299374,0.11267404954880476,0.10192651376128196,0.10612198531627655,0.17638509534299374,0.6273960757255554,0.18883755952119827,0.2554358172416687,0.10002825409173965,0.10625849157571793,0.18883755952119827,0.594258896112442,1.289451241493225,1.1353681087493896,1.3510161638259888,1.8402057886123657,1.9137831926345825,0.7808112502098083,1.9452556371688843,3.4982664585113525,0.7353883385658264,1.560966968536377,3.3351683616638184,0.6425267457962036
115,0.0001,0.22854441098868847,0.8714896110645498,0.4450395143032074,0.7478237378971699,0.8501270237575153,47.78143787384033,0.17622497342526913,0.12067696526646614,0.10304654531180858,0.10702507942914963,0.17622497342526913,0.6313835898041725,0.18585357159376145,0.2772642469406128,0.1126023280620575,0.10210505992174149,0.18585357159376145,0.6157950246334076,1.2943406105041504,1.1371959447860718,1.354821801185608,1.8191787004470825,1.9121211767196655,0.7830639481544495,1.9424827098846436,3.4984490871429443,0.7383711338043213,1.5407540798187256,3.3341152667999268,0.6435407996177673
116,0.0001,0.21771650433540343,0.8799038946789287,0.43602675318717954,0.7506861783633703,0.8523775632863498,47.49101400375366,0.17376499444246293,0.10977889772504568,0.1024376843124628,0.10575474731624127,0.17376499444246293,0.6324326366186142,0.182302063703537,0.26272714883089066,0.09759244233369828,0.10869087249040604,0.182302063703537,0.6078655183315277,1.2965078353881836,1.1397534608840942,1.358899712562561,1.8209809064865112,1.914480447769165,0.784854531288147,1.9501087665557861,3.5052714347839355,0.7418678998947144,1.5396708250045776,3.328408718109131,0.645200252532959
117,0.0001,0.2212641567736864,0.8756243773122384,0.4403769299387932,0.7472329300635983,0.8506199659703441,46.66228985786438,0.17352395489811898,0.11201458491384983,0.09950530268251896,0.10711796663701534,0.17352395489811898,0.6324796214699745,0.18258420884609222,0.2613734574615955,0.11282612383365631,0.10313441395759583,0.18258420884609222,0.6201176953315735,1.2981206178665161,1.1386045217514038,1.3637577295303345,1.8301963806152344,1.9200600385665894,0.7876521944999695,1.9647573232650757,3.513897657394409,0.7434092164039612,1.5235155820846558,3.325312614440918,0.6480668187141418
118,0.0001,0.25656541511416436,0.8429621916331229,0.49278328657150267,0.6884972698637227,0.8109704773740007,47.746469259262085,0.1790126397460699,0.13406220570206642,0.10360773369669914,0.10242789752781391,0.1790126397460699,0.6254684337973595,0.1947964024543762,0.26662213534116747,0.1029387229681015,0.10705565750598907,0.1947964024543762,0.5825868284702301,1.3029427528381348,1.1423901319503784,1.3693616390228271,1.8250799179077148,1.914851188659668,0.790658175945282,1.9745324850082397,3.5255465507507324,0.7440863847732544,1.5632768869400024,3.3324413299560547,0.654855489730835
119,0.0001,0.22859187304973602,0.8699973382349785,0.4418046426773071,0.7298483023074612,0.8389106761450725,49.69490647315979,0.17775069192051887,0.11634941250085831,0.10299892030656338,0.10135222546756267,0.17775069192051887,0.624698571562767,0.18653714627027512,0.2665915083885193,0.10915092378854752,0.09921504080295562,0.18653714627027512,0.6038639652729034,1.310646414756775,1.1432377099990845,1.3752546310424805,1.830444574356079,1.9177374839782715,0.7912388443946838,1.9723869562149048,3.5311124324798584,0.7461357116699219,1.582714319229126,3.355051040649414,0.6568849086761475
120,0.0001,0.2079375398159027,0.8816914118976585,0.40430594444274903,0.766358043786564,0.8636609159362518,48.9475839138031,0.17304260320961476,0.10643755167722702,0.10051516778767108,0.10087737128138542,0.17304260320961476,0.6448327004909515,0.18380469501018523,0.23962773710489274,0.09711883187294007,0.0968957495689392,0.18380469501018523,0.5968798649311066,1.314833402633667,1.1424014568328857,1.3798065185546875,1.8187692165374756,1.9150893688201904,0.7932996153831482,1.9819849729537964,3.531219244003296,0.748603880405426,1.5905230045318604,3.36203670501709,0.6578779220581055
121,0.0001,0.22101977176964283,0.8791883968637282,0.421950843334198,0.7602985202096179,0.85943165924665,48.24610686302185,0.17364766344428062,0.11530008643865586,0.103070053383708,0.10655938543379306,0.17364766344428062,0.63791049182415,0.1844318363070488,0.2508871015906334,0.10520831882953643,0.1047280889749527,0.1844318363070488,0.6127086806297303,1.3196028470993042,1.1424247026443481,1.3840525150299072,1.8135111331939697,1.9216982126235962,0.7965758442878723,1.9818353652954102,3.534998655319214,0.7495110630989075,1.5747686624526978,3.3704895973205566,0.6583737730979919
122,0.0001,0.21840589001774788,0.8768952035241914,0.4076464015245438,0.7542175198843243,0.8561127783992482,47.394471168518066,0.17255403086543084,0.1121091342717409,0.09878385618329048,0.1029721849411726,0.17255403086543084,0.6337193951010704,0.18024562656879425,0.23614438712596894,0.09198986291885376,0.10246048867702484,0.18024562656879425,0.611605589389801,1.3247182369232178,1.1400872468948364,1.386988639831543,1.8187388181686401,1.9280736446380615,0.7980636358261108,1.9861568212509155,3.530738592147827,0.7498760223388672,1.5813400745391846,3.358610153198242,0.6592220664024353
123,0.0001,0.22506293281912804,0.8700518181179433,0.4137542903423309,0.7605563407052855,0.8608440009888533,47.32340478897095,0.17858620204031467,0.114828482568264,0.10287410065531731,0.10172874219715596,0.17858620204031467,0.6238991528749466,0.2191645896434784,0.24596028357744218,0.14203423708677293,0.0970815932750702,0.2191645896434784,0.5837340784072876,1.3420510292053223,1.1426661014556885,1.3925937414169312,1.8426918983459473,1.926790475845337,0.8002457022666931,1.974565863609314,3.5530195236206055,0.7562657594680786,1.5982433557510376,3.372446060180664,0.664624035358429
124,0.0001,0.21837558269500731,0.8792506132801151,0.40769405782222745,0.766960001319893,0.8637465320836715,47.621492862701416,0.17587128840386868,0.11140361577272415,0.10290914371609688,0.10517507292330265,0.17587128840386868,0.6346711903810501,0.1863447818160057,0.2412946888804436,0.09532240331172943,0.09985018789768219,0.1863447818160057,0.5935049068927765,1.3509621620178223,1.1441395282745361,1.3973959684371948,1.833905816078186,1.9303689002990723,0.8027229309082031,1.9531795978546143,3.548187732696533,0.7583303451538086,1.5764771699905396,3.367100954055786,0.667365312576294
125,0.0001,0.2024863735586405,0.8886449635190844,0.42593998432159424,0.7405343782015157,0.8447259808899237,50.76204800605774,0.16997301273047924,0.10301895543932915,0.09944494977593422,0.09963299624621869,0.16997301273047924,0.6392110311985015,0.19044868886470795,0.2520101076364517,0.09548776358366012,0.10252267062664032,0.19044868886470795,0.6017376101016998,1.3549741506576538,1.145588755607605,1.4022904634475708,1.8198466300964355,1.9220225811004639,0.8047600984573364,1.9498605728149414,3.5386741161346436,0.7605838179588318,1.5754287242889404,3.35194993019104,0.6669653058052063
126,0.0001,0.21052525222301482,0.8859110018136058,0.42721467435359956,0.7558798266547581,0.855719405014886,51.19970154762268,0.171743079200387,0.10880414936691522,0.09970695056021213,0.10076444208621979,0.171743079200387,0.6456941276788711,0.2007930964231491,0.23467857673764228,0.08629869133234024,0.091536525785923,0.2007930964231491,0.5571972310543061,1.3577805757522583,1.1472142934799194,1.4053535461425781,1.8354589939117432,1.92327880859375,0.8063926696777344,1.9425214529037476,3.533921480178833,0.7616900205612183,1.5817679166793823,3.3544223308563232,0.6668053269386292
127,0.0001,0.2073983407765627,0.8853880706692778,0.45748364806175235,0.7321764512007456,0.8409510613658365,51.342280864715576,0.16951534569263457,0.1063222799450159,0.09808464206755162,0.1021165193617344,0.16951534569263457,0.6498433810472488,0.2046623408794403,0.2814920273423195,0.13918159604072572,0.09636681109666824,0.2046623408794403,0.5990417194366455,1.36530339717865,1.147664189338684,1.4092053174972534,1.8434029817581177,1.9217145442962646,0.807875394821167,1.9460382461547852,3.5389606952667236,0.7647956609725952,1.5931570529937744,3.3376803398132324,0.6683934926986694
128,0.0001,0.19902957752346992,0.890071361414908,0.4152197694778442,0.7528874442924284,0.8533544385967622,52.95347189903259,0.1682240529358387,0.10205361701548099,0.09827369570732117,0.10249734558165073,0.1682240529358387,0.6440413671731949,0.18103795617818833,0.24993414774537087,0.08899926900863647,0.09649190485477448,0.18103795617818833,0.6159477579593658,1.3672641515731812,1.1487113237380981,1.4134364128112793,1.8484995365142822,1.9251670837402344,0.8092189431190491,1.9523203372955322,3.535820722579956,0.7676140069961548,1.6024264097213745,3.346618413925171,0.6678767800331116
129,0.0001,0.1972716199606657,0.891740660814317,0.4752697843313217,0.7244590179363929,0.8361062977598904,50.52548432350159,0.16503891438245774,0.1031078801304102,0.09734917171299458,0.1008879904448986,0.16503891438245774,0.6488133645057679,0.18542215406894683,0.29797307789325717,0.11413650214672089,0.09930457949638366,0.18542215406894683,0.6165149462223053,1.3709523677825928,1.1441363096237183,1.416849970817566,1.8421225547790527,1.926956295967102,0.8113866448402405,1.96226966381073,3.5263798236846924,0.7696821689605713,1.5920687913894653,3.323659658432007,0.6687939167022705
130,0.0001,0.21492352910339832,0.8751424732744439,0.41601531088352206,0.7631488960651239,0.8599618135598468,52.60532355308533,0.16901252396404742,0.1123439583927393,0.09799360014498233,0.1055587288737297,0.16901252396404742,0.6470394945144653,0.19719909518957138,0.23074909925460815,0.07636111587285996,0.10575101673603057,0.19719909518957138,0.5668172562122344,1.3732078075408936,1.1464499235153198,1.4202685356140137,1.8317216634750366,1.937975287437439,0.8145407438278198,1.9596881866455078,3.5332353115081787,0.7735283374786377,1.591711163520813,3.332026481628418,0.6693829298019409
131,0.0001,0.21071778401732444,0.8795451977860587,0.42799376249313353,0.756497363699483,0.8569532311055209,50.06051063537598,0.16993760265409946,0.11071938391774892,0.09819957621395588,0.10520163550972939,0.16993760265409946,0.6423045018315315,0.18514329850673675,0.2547655075788498,0.1121874475479126,0.09968468368053436,0.18514329850673675,0.6090430462360382,1.3755278587341309,1.1458699703216553,1.4235013723373413,1.830087423324585,1.939436435699463,0.8174145817756653,1.9606225490570068,3.5307767391204834,0.7761427164077759,1.5833821296691895,3.333303689956665,0.671551525592804
132,0.0001,0.19762974955141543,0.8903459627010483,0.4383062565326691,0.7511717842008513,0.8532179828934098,48.41871619224548,0.16427713721990586,0.10187560241669416,0.09796375662088394,0.10261076755821705,0.16427713721990586,0.6504752701520919,0.1892549389600754,0.2501690176129341,0.0794061517715454,0.10020742058753968,0.1892549389600754,0.604701646566391,1.3780280351638794,1.1464991569519043,1.4263726472854614,1.8371368646621704,1.9391508102416992,0.8201195001602173,1.9612159729003906,3.5418124198913574,0.7777989506721497,1.5618724822998047,3.3201022148132324,0.6743602156639099
133,0.0001,0.21851583525538446,0.880931757136002,0.4206841993331909,0.7490172763471954,0.8531373107753616,49.17378854751587,0.17003594785928727,0.1124233240634203,0.09889616385102272,0.10429558560252189,0.17003594785928727,0.638081636428833,0.19379347175359726,0.23729750871658326,0.08522511690855027,0.10312186062335968,0.19379347175359726,0.5751726937294006,1.378989338874817,1.1457782983779907,1.4295941591262817,1.8339333534240723,1.941146731376648,0.8216696977615356,1.9516925811767578,3.546358108520508,0.7807811498641968,1.5537842512130737,3.3253769874572754,0.6767921447753906
134,0.0001,0.20966531582176684,0.8862113576791834,0.4634395468235016,0.7310754055852868,0.839766351299734,48.47956824302673,0.17088202089071275,0.10827112335711718,0.0971872129291296,0.10490793861448765,0.17088202089071275,0.645439021885395,0.2044336360692978,0.25776188358664515,0.08404422894120217,0.09806767404079438,0.2044336360692978,0.5512856256961822,1.3817572593688965,1.1474995613098145,1.4329456090927124,1.8438663482666016,1.940085530281067,0.8225573897361755,1.9463242292404175,3.5506680011749268,0.7812533378601074,1.5658304691314697,3.3290281295776367,0.677776575088501
135,0.0001,0.21429163753986358,0.8760570228862824,0.4957725250720978,0.7087136922083129,0.8241709116190685,50.51937937736511,0.16616235688328743,0.11275129549205304,0.09659818023443222,0.10222629182040692,0.16616235688328743,0.6425365036725998,0.191300148665905,0.30274258613586424,0.10024921178817749,0.09413568079471588,0.191300148665905,0.6059333348274231,1.3843995332717896,1.1503379344940186,1.4362519979476929,1.8564635515213013,1.9455339908599854,0.8240945935249329,1.9554038047790527,3.5498993396759033,0.7856675982475281,1.5565128326416016,3.3313095569610596,0.6786291599273682
136,0.0001,0.2205775648355484,0.8794925804785392,0.4062282472848892,0.763120536748855,0.8603061021816737,50.397833585739136,0.1687397637963295,0.11655036851763725,0.09953658543527126,0.10347779974341392,0.1687397637963295,0.6441555196046829,0.1806433841586113,0.23633681386709213,0.09760526090860366,0.09957292139530181,0.1806433841586113,0.6146729004383087,1.3892717361450195,1.1517887115478516,1.4415626525878906,1.8568328619003296,1.944198489189148,0.8264108300209045,1.969744086265564,3.550809383392334,0.78682541847229,1.5832475423812866,3.33107852935791,0.6802436709403992
137,0.0001,0.1973014359176159,0.8876545860901237,0.4233106642961502,0.7583217112136208,0.8565625956086865,49.88000011444092,0.16322552606463434,0.1020598965883255,0.09698633208870888,0.09967557936906815,0.16322552606463434,0.6538463601469994,0.1878930503129959,0.2590729397535324,0.11079749345779419,0.09764192789793015,0.1878930503129959,0.6138460433483124,1.3959251642227173,1.1479548215866089,1.4456697702407837,1.8592768907546997,1.93061363697052,0.8285850286483765,1.9661980867385864,3.5494136810302734,0.7888681292533875,1.58323335647583,3.3266146183013916,0.6832459568977356
138,0.0001,0.19445666313171386,0.8917251332467643,0.42881437718868254,0.7568588055763683,0.8570231988501646,49.813403844833374,0.16352359928190707,0.10122500520199537,0.0944155827909708,0.09826739601790906,0.16352359928190707,0.6546607556939125,0.18333340048789978,0.2681234562397003,0.11370380073785782,0.09713395833969116,0.18333340048789978,0.628003386259079,1.4065790176391602,1.148585319519043,1.4505250453948975,1.8677372932434082,1.9325143098831177,0.8297043442726135,1.970706582069397,3.5450236797332764,0.7892487049102783,1.5664933919906616,3.314979314804077,0.6828522086143494
139,0.0001,0.19645956300199033,0.8948619856871005,0.4571698969602585,0.7285365518845067,0.8386025139561569,49.460434913635254,0.1662884960323572,0.10054214626550674,0.0953136970847845,0.09979264035820962,0.1662884960323572,0.654219605922699,0.18319644033908844,0.2922316229343414,0.10687134444713592,0.09520570069551468,0.18319644033908844,0.6182060885429382,1.4054392576217651,1.152431607246399,1.4547017812728882,1.8349995613098145,1.9411417245864868,0.8305558562278748,1.9736865758895874,3.5490427017211914,0.7904527187347412,1.5682923793792725,3.3231313228607178,0.6848345398902893
140,0.0001,0.21695284239947796,0.8756305785295991,0.4232524698972702,0.7634029333929822,0.8599118692587392,49.86179733276367,0.1673730905354023,0.11247560936957597,0.09401782430708408,0.10094400249421596,0.1673730905354023,0.6485179448127747,0.18065358191728592,0.24905865997076035,0.0851916441321373,0.09602280259132386,0.18065358191728592,0.622051248550415,1.416208267211914,1.1547225713729858,1.4592516422271729,1.8442373275756836,1.9436184167861938,0.8327924609184265,1.9775776863098145,3.5500054359436035,0.7921567559242249,1.5732178688049316,3.331982374191284,0.6880338191986084
141,0.0001,0.1934777908027172,0.89329243228946,0.4089974623918533,0.7590653120889472,0.8581643947696588,46.95863485336304,0.16436464488506317,0.09881017040461301,0.09662416338920593,0.09996153146028519,0.16436464488506317,0.6505080929398537,0.19101984798908234,0.22765503197908402,0.09348917990922928,0.08987626016139984,0.19101984798908234,0.5903152215480805,1.4208102226257324,1.152697205543518,1.4641073942184448,1.8476228713989258,1.94572114944458,0.8355717658996582,1.9755287170410156,3.547095537185669,0.7952880859375,1.5601242780685425,3.3240115642547607,0.6893492937088013
142,0.0001,0.2082889373600483,0.8831709862325987,0.45565832674503326,0.7298472186732269,0.8375351518862024,48.92650747299194,0.16637694425880908,0.10817817974835635,0.09542475283145904,0.09927490293979645,0.16637694425880908,0.651980819106102,0.18955303728580475,0.27069933354854586,0.1030562886595726,0.09697579741477966,0.18955303728580475,0.6059653484821319,1.4332836866378784,1.1576675176620483,1.4688693284988403,1.8566550016403198,1.9471908807754517,0.8382985591888428,1.9616007804870605,3.5478248596191406,0.7948735356330872,1.5741113424301147,3.329571008682251,0.6899418830871582
143,0.0001,0.2048584282398224,0.8866638607574913,0.4567019122838974,0.7264812178648584,0.8355224947779213,47.864567279815674,0.16239761531352997,0.10777579821646213,0.09398253694176674,0.10384854167699814,0.16239761531352997,0.6583942866325379,0.18946630507707596,0.27011515468358993,0.10224272459745407,0.1038811433315277,0.18946630507707596,0.6031533539295196,1.435589075088501,1.1575251817703247,1.4724403619766235,1.8526967763900757,1.9518510103225708,0.8403700590133667,1.9560593366622925,3.552452564239502,0.7960410714149475,1.57545006275177,3.3314461708068848,0.6915481090545654
144,0.0001,0.1886149964481592,0.8985703799837113,0.44068902373313906,0.7464554335059636,0.8504013642772559,52.064539432525635,0.16133821345865726,0.09924463279545308,0.09566055871546268,0.10159692831337452,0.16133821345865726,0.6612442594766617,0.1879955729842186,0.24816585406661035,0.09051565140485764,0.0916251528263092,0.1879955729842186,0.5929394042491913,1.4413447380065918,1.1560025215148926,1.47678542137146,1.8493731021881104,1.952594518661499,0.8418135046958923,1.9654635190963745,3.5432069301605225,0.7978215217590332,1.5871317386627197,3.3236467838287354,0.6925631761550903
145,0.0001,0.18708310306072234,0.8993335534404298,0.45587736904621123,0.7317186622056489,0.8385770799784196,49.492104053497314,0.16066052958369256,0.09743282269686461,0.09239787459373475,0.10187745362520217,0.16066052958369256,0.6626121559739113,0.1913776543736458,0.258896324634552,0.07785708084702492,0.09738210916519165,0.1913776543736458,0.5773289310932159,1.4373568296432495,1.1551036834716797,1.4820533990859985,1.8414335250854492,1.957566261291504,0.8424314856529236,1.976792335510254,3.542717218399048,0.7997010946273804,1.5772874355316162,3.3188467025756836,0.6914021372795105
146,0.0001,0.19881937079131604,0.8893848468875271,0.4122409904003143,0.7635726045810972,0.8618384248278917,48.27951717376709,0.1657044167816639,0.10365639451891184,0.09607458293437958,0.1021593302488327,0.1657044167816639,0.6487225192785263,0.18299306452274322,0.24172009110450746,0.0966377878189087,0.09658006727695465,0.18299306452274322,0.6149160492420197,1.4437386989593506,1.1562385559082031,1.485878586769104,1.8319169282913208,1.959597110748291,0.8434579372406006,1.965366244316101,3.5476179122924805,0.8024859428405762,1.585234522819519,3.311411142349243,0.6943958401679993
147,0.0001,0.1907033821940422,0.8949939249088129,0.439580899477005,0.7391719547467583,0.8441331336897782,49.579835176467896,0.16298243664205075,0.09878695771098137,0.09554150834679603,0.09861874341964721,0.16298243664205075,0.6560198104381562,0.18896098136901857,0.2622279560565948,0.1097989672422409,0.0929065677523613,0.18896098136901857,0.6191702055931091,1.4479774236679077,1.1569920778274536,1.4906960725784302,1.8199760913848877,1.960384488105774,0.8451231122016907,1.9604551792144775,3.5523109436035156,0.801088809967041,1.5692646503448486,3.3096489906311035,0.6940722465515137
148,0.0001,0.18023498579859734,0.9015051817783221,0.40464956641197203,0.7686911143840734,0.8632501796801008,48.82734203338623,0.15921044901013373,0.09442630685865878,0.09554878607392311,0.09918934747576713,0.15921044901013373,0.6614875862002373,0.18351662874221802,0.2414941383898258,0.09043706148862839,0.09353856533765793,0.18351662874221802,0.6130146074295044,1.4577562808990479,1.157812237739563,1.4952328205108643,1.811009407043457,1.956074833869934,0.8476542830467224,1.9704736471176147,3.5477685928344727,0.801374614238739,1.5755308866500854,3.3064820766448975,0.695334792137146
149,0.0001,0.1994360987097025,0.8904169974814582,0.4506933605670929,0.7425975853153792,0.8472231175876894,49.530447244644165,0.16591304689645767,0.1035570127516985,0.0952686082571745,0.09668656334280967,0.16591304689645767,0.6500915905833244,0.1897480893135071,0.28629309743642806,0.1278722131252289,0.09336174219846725,0.1897480893135071,0.6261735463142395,1.4665956497192383,1.1578971147537231,1.5004487037658691,1.8263771533966064,1.9584776163101196,0.8503121733665466,1.9676882028579712,3.558021068572998,0.8034562468528748,1.5780563354492188,3.3146679401397705,0.6970064043998718
150,0.0001,0.19261232621967792,0.894298678355003,0.43575667262077333,0.7524655678667352,0.8538338158041099,49.582536458969116,0.16407290250062942,0.10152254953980445,0.09620133496820926,0.09658356934785843,0.16407290250062942,0.6570793771743775,0.1798858991265297,0.2793947967886925,0.11236605554819107,0.09459865123033523,0.1798858991265297,0.6412907695770264,1.4742931127548218,1.1618982553482056,1.5044581890106201,1.8087432384490967,1.9591362476348877,0.8524678945541382,1.9690625667572021,3.553065538406372,0.8041370511054993,1.5776947736740112,3.323788642883301,0.696355938911438
151,0.0001,0.1936085483431816,0.8891550036919402,0.4755398327112198,0.7083329561210805,0.8224647602396742,50.78213620185852,0.15929465882480145,0.10123276997357607,0.0934946158528328,0.0947093715518713,0.15929465882480145,0.6585498780012131,0.19694637656211852,0.2815140011906624,0.11553603321313859,0.09091351509094238,0.19694637656211852,0.6037796747684478,1.4724419116973877,1.1661838293075562,1.50944983959198,1.7981539964675903,1.9564533233642578,0.85409015417099,1.9653908014297485,3.552410840988159,0.8086310029029846,1.5805604457855225,3.3129143714904785,0.7011204361915588
152,0.0001,0.18753952220082282,0.8984364397041591,0.4981503343582153,0.7187002280255854,0.8323718737058274,49.13369798660278,0.16186373218894004,0.0975837991386652,0.09507120437920094,0.09320384614169598,0.16186373218894004,0.659052731692791,0.20816121220588685,0.3148282641172409,0.13283387213945388,0.08927522212266922,0.20816121220588685,0.5861836671829224,1.4714486598968506,1.1655616760253906,1.5141222476959229,1.8115549087524414,1.952627182006836,0.8556287884712219,1.9719048738479614,3.5507736206054688,0.8114163875579834,1.5836405754089355,3.3046205043792725,0.7041013240814209
153,0.0001,0.1922254203259945,0.8942868848765906,0.44399191439151764,0.7413606918604303,0.846788246698588,49.286253452301025,0.16242557428777218,0.10085303016006947,0.09335224919021129,0.09271624892950057,0.16242557428777218,0.6587859559059143,0.2113127139210701,0.2527177256345749,0.07104813039302826,0.08558602899312973,0.2113127139210701,0.5356085956096649,1.469398021697998,1.164352297782898,1.5161023139953613,1.820573329925537,1.950263261795044,0.8587006330490112,1.9691957235336304,3.539123058319092,0.8143609166145325,1.5813565254211426,3.294377088546753,0.7067194581031799
154,0.0001,0.20586096733808518,0.881320347836116,0.5385626488924027,0.682024482692557,0.8049432400573785,49.25277543067932,0.16148755356669425,0.10485295843333006,0.09318287491798401,0.09193818628787995,0.16148755356669425,0.6547782176733017,0.21465329110622405,0.3293824163079262,0.1278228160738945,0.09006593346595765,0.21465329110622405,0.576461273431778,1.4688695669174194,1.1708650588989258,1.5199179649353027,1.818426251411438,1.9566292762756348,0.8607761263847351,1.9693365097045898,3.543088912963867,0.8170345425605774,1.5700968503952026,3.305878162384033,0.7103325128555298
155,0.0001,0.18958108842372895,0.896355733668967,0.4541627287864685,0.7479804562749146,0.8507556475620685,49.6677086353302,0.15991054609417915,0.09941617343574763,0.09523239627480506,0.09499404773116112,0.15991054609417915,0.660392125248909,0.1751491457223892,0.27894139498472215,0.0903315070271492,0.08893117725849152,0.1751491457223892,0.6223886966705322,1.4718736410140991,1.1721279621124268,1.5234742164611816,1.8243744373321533,1.953852653503418,0.8612709045410156,1.9666364192962646,3.544243097305298,0.8164462447166443,1.5669246912002563,3.301037549972534,0.7096807956695557
156,0.0001,0.18955433167517186,0.894926490968873,0.4527779126167297,0.7367719970270095,0.8420967479162897,50.84892225265503,0.16055401429533958,0.09801610257476569,0.09260307498276234,0.09329389326274395,0.16055401429533958,0.6618918111920357,0.18773198515176773,0.26447569608688354,0.09016029804944992,0.09098896950483322,0.18773198515176773,0.6037144935131074,1.4790722131729126,1.1717249155044556,1.5274384021759033,1.8240073919296265,1.9474189281463623,0.86281418800354,1.964089274406433,3.548563241958618,0.8178288340568542,1.5672210454940796,3.3196463584899902,0.710803210735321
157,0.0001,0.17538945697247982,0.9039675105675553,0.40606709122657775,0.7665283224149715,0.8640615898147236,49.14809727668762,0.15731665328145028,0.09184662651270628,0.09370327845215798,0.09287340007722378,0.15731665328145028,0.6696143716573715,0.1993897622823715,0.22131831139326097,0.06916022673249245,0.08996735334396362,0.1993897622823715,0.5753906381130218,1.480837345123291,1.1663861274719238,1.5298771858215332,1.8176674842834473,1.941547155380249,0.8648937344551086,1.9620437622070312,3.544327974319458,0.8204378485679626,1.5783209800720215,3.30838680267334,0.7120610475540161
158,0.0001,0.18712531425058843,0.8984439657318112,0.43393558382987973,0.746420524225,0.849391554329305,48.2753267288208,0.16064921610057353,0.09842637129127979,0.09336005717515945,0.09373664304614067,0.16064921610057353,0.6671404680609703,0.17889717131853103,0.2589116880297661,0.09218687832355499,0.08743351936340332,0.17889717131853103,0.6182141208648682,1.4758795499801636,1.1679089069366455,1.532631516456604,1.8074774742126465,1.9419658184051514,0.866273820400238,1.9672740697860718,3.533529758453369,0.8229060769081116,1.5622159242630005,3.3062567710876465,0.7127350568771362
159,0.0001,0.17854238852858542,0.9046554943725081,0.441384978890419,0.7623319496227552,0.8609516300681389,50.51535201072693,0.15748355835676192,0.09358766984194516,0.09169663816690445,0.09057610847055912,0.15748355835676192,0.6655757275223732,0.1868768262863159,0.2729669791460037,0.07945017650723457,0.08642941325902939,0.1868768262863159,0.5941648626327515,1.4753127098083496,1.169864296913147,1.537277340888977,1.7969748973846436,1.9453755617141724,0.8675292730331421,1.9513856172561646,3.53905987739563,0.8233752250671387,1.5790767669677734,3.3117761611938477,0.7142688632011414
160,0.0001,0.17564602747559546,0.9077599465347015,0.3921613085269928,0.7837556339181455,0.8742817702979819,51.19668793678284,0.1555417913198471,0.0926193943619728,0.09314632833003998,0.09161458730697632,0.1555417913198471,0.6677801793813706,0.17754916369915008,0.23147041499614715,0.08440405428409577,0.08880942463874816,0.17754916369915008,0.6212854218482972,1.475940227508545,1.1688092947006226,1.539924144744873,1.8038827180862427,1.946747899055481,0.8694338798522949,1.9458177089691162,3.5386877059936523,0.8241606950759888,1.5643125772476196,3.3121652603149414,0.7160068154335022
161,0.0001,0.1790736734122038,0.9038318947159015,0.42902430176734924,0.7408745630763335,0.8459646017669645,50.07817363739014,0.15934234127402305,0.09440051887184381,0.0925748585909605,0.09144908346235753,0.15934234127402305,0.6660060593485833,0.17798698127269744,0.26310149192810056,0.09576223701238633,0.08918101549148559,0.17798698127269744,0.6302871429920196,1.4785736799240112,1.1669660806655884,1.5436073541641235,1.806778907775879,1.9489678144454956,0.870693027973175,1.9412142038345337,3.5402302742004395,0.8246138095855713,1.56879723072052,3.2964940071105957,0.717007577419281
162,0.0001,0.17738202311098575,0.903526084105221,0.42001789331436157,0.7475476062026005,0.8497964502221153,49.766804218292236,0.1568072594702244,0.09338097993284464,0.09106903687119484,0.091890978962183,0.1568072594702244,0.6704203912615776,0.20629379749298096,0.2284633293747902,0.06746388480067253,0.08844707995653152,0.20629379749298096,0.5593686771392822,1.480324149131775,1.1699641942977905,1.5469104051589966,1.817038893699646,1.9520636796951294,0.872373104095459,1.9487409591674805,3.5358033180236816,0.8274292349815369,1.55104660987854,3.294933557510376,0.7180120348930359
163,0.0001,0.19119493842124938,0.8958244044205828,0.4366077047586441,0.7483053985207753,0.8502592835767381,49.17751359939575,0.15760066404938697,0.09851361084729433,0.09305017463862895,0.09315653860569001,0.15760066404938697,0.6668637707829476,0.1770126101374626,0.2723093467950821,0.0930477413535118,0.08753043502569198,0.1770126101374626,0.6317555320262909,1.477230191230774,1.1721309423446655,1.5497777462005615,1.8001846075057983,1.948817491531372,0.8740211129188538,1.9589751958847046,3.53613018989563,0.827629804611206,1.5226103067398071,3.3045971393585205,0.7176315188407898
164,0.0001,0.17807590529322626,0.904463647622058,0.41987379670143127,0.7598745099760531,0.8590483247914302,49.44477462768555,0.15543064631521702,0.0941471553966403,0.09185680866241455,0.0915505187958479,0.15543064631521702,0.6791055977344513,0.1878843867778778,0.2425515693426132,0.07757263749837875,0.09067253857851028,0.1878843867778778,0.6068178164958954,1.4817897081375122,1.1720343828201294,1.553612470626831,1.7994787693023682,1.9434815645217896,0.8754175901412964,1.9542815685272217,3.5348315238952637,0.8284193277359009,1.5447132587432861,3.314565420150757,0.7198452949523926
165,0.0001,0.18312935501337052,0.8998592323903156,0.4054219174385071,0.7732308015392028,0.8679866505090466,49.26524829864502,0.15727458983659745,0.09647621873766184,0.09183414667844772,0.09058359913527965,0.15727458983659745,0.6695049116015435,0.18696753948926925,0.2290709276497364,0.07249483346939087,0.08711412012577056,0.18696753948926925,0.5927900910377503,1.4848191738128662,1.1758195161819458,1.5563020706176758,1.8136568069458008,1.942697525024414,0.8778343796730042,1.9571274518966675,3.5403401851654053,0.8304116129875183,1.5418744087219238,3.3099076747894287,0.724549412727356
166,0.0001,0.18081663139164447,0.9030211624010701,0.40399079144001004,0.7643969864833958,0.8621501929335755,50.90071749687195,0.1571457127481699,0.09616830088198185,0.09234462976455689,0.09022885009646416,0.1571457127481699,0.6759036308526993,0.17415359675884245,0.2449425557255745,0.08917869955301284,0.08856046468019485,0.17415359675884245,0.6262434720993042,1.487433671951294,1.1739178895950317,1.5593726634979248,1.8095245361328125,1.9404553174972534,0.8799364566802979,1.9479275941848755,3.539846181869507,0.8323202133178711,1.551347255706787,3.3036088943481445,0.7263625264167786
167,0.0001,0.166609937697649,0.9124951193026692,0.41353116393089295,0.76194514800831,0.860504383381823,50.477240800857544,0.15197889193892478,0.08901503536850214,0.09174414284527302,0.09108539268374444,0.15197889193892478,0.6798475044965744,0.17094496250152588,0.2552332898974419,0.08922574073076248,0.08867487162351609,0.17094496250152588,0.6401357960700989,1.4885737895965576,1.1736924648284912,1.5621092319488525,1.80389404296875,1.9397701025009155,0.8804219961166382,1.9349912405014038,3.5290348529815674,0.8320775628089905,1.5385493040084839,3.2938249111175537,0.7265279293060303
168,0.0001,0.17668572753667833,0.9061685867572947,0.44440084040164946,0.7584119965586844,0.8580053189319975,50.457395792007446,0.15413018107414245,0.0924228322505951,0.09035447977483273,0.08941348314285279,0.15413018107414245,0.6763542211055755,0.18510849833488463,0.2448633335530758,0.0837043583393097,0.08509201020002365,0.18510849833488463,0.6065080463886261,1.4882557392120361,1.1732308864593506,1.5663025379180908,1.810623288154602,1.9410368204116821,0.8825902938842773,1.9246760606765747,3.5267486572265625,0.8350244760513306,1.5328782796859741,3.2873148918151855,0.7284464836120605
169,0.0001,0.18586136639118195,0.899633114316267,0.42533034205436704,0.7655769384737203,0.8632627238323017,49.75641894340515,0.1566315411031246,0.09661910869181156,0.08967025898396969,0.09052976451814175,0.1566315411031246,0.6671452668309211,0.17612795442342757,0.26988053262233735,0.10985717386007308,0.09016681790351867,0.17612795442342757,0.6368703091144562,1.495697259902954,1.1749757528305054,1.5694141387939453,1.8213121891021729,1.9481796026229858,0.8846373558044434,1.9371649026870728,3.5225353240966797,0.8399272561073303,1.5557764768600464,3.30163311958313,0.7313504815101624
170,0.0001,0.16863223686814308,0.9114289242878351,0.44729355454444886,0.7535292474299689,0.8540526436810241,49.73226046562195,0.15411260075867175,0.0870968870818615,0.09114944092929363,0.09061757311224937,0.15411260075867175,0.6789619228243828,0.1835108530521393,0.26002963170409205,0.07409511685371399,0.08443393558263779,0.1835108530521393,0.5913676857948303,1.493067979812622,1.1738641262054443,1.5723878145217896,1.8089923858642578,1.9474433660507202,0.8861249089241028,1.936444878578186,3.5164589881896973,0.8414430618286133,1.5556645393371582,3.3023040294647217,0.7311009764671326
171,0.0001,0.1661759789288044,0.911690093225589,0.4247273036837578,0.7594659993356266,0.8576673312128631,50.79598093032837,0.15109849184751512,0.08760250937193632,0.08884890973567963,0.0867528873682022,0.15109849184751512,0.6800780618190765,0.17047861844301224,0.257947286516428,0.08965304166078568,0.08557500332593918,0.17047861844301224,0.6420058941841126,1.488626480102539,1.1722466945648193,1.5760514736175537,1.7980027198791504,1.9486719369888306,0.887265145778656,1.9447728395462036,3.5128390789031982,0.8420599699020386,1.5463398694992065,3.299755334854126,0.7312621474266052
172,0.0001,0.16469915956258774,0.9148067640873185,0.4236027413606644,0.7657580181458905,0.8620969388256924,50.944008588790894,0.15223974354565142,0.08679213929921388,0.08958212964236736,0.08807920180261135,0.15223974354565142,0.6810670346021652,0.17750668942928313,0.2560877302289009,0.07897955819964408,0.0847795706987381,0.17750668942928313,0.6201139485836029,1.4872496128082275,1.1704241037368774,1.579422116279602,1.792025089263916,1.9451024532318115,0.8883605003356934,1.9372752904891968,3.5205302238464355,0.843073844909668,1.5527987480163574,3.2973337173461914,0.7328954935073853
173,0.0001,0.15827988237142562,0.9198360151157077,0.440415500998497,0.7726718104004763,0.86682366366929,50.16616153717041,0.1519578465819359,0.08363753844052553,0.08978132426738739,0.0880139297991991,0.1519578465819359,0.6782278007268906,0.17227215975522994,0.29605894684791567,0.09960846275091172,0.08653389692306518,0.17227215975522994,0.640295182466507,1.487797737121582,1.167201280593872,1.5808911323547363,1.791853427886963,1.9445922374725342,0.8898190259933472,1.93065345287323,3.517624855041504,0.8435184359550476,1.5541812181472778,3.2906272411346436,0.7340959906578064
174,0.0001,0.163186796605587,0.9154824740702859,0.4417416977882385,0.7646976271455486,0.8610754325435229,52.19687533378601,0.14981892183423043,0.08741695705801249,0.0879431464523077,0.08737683944404125,0.14981892183423043,0.6843189603090286,0.16901276171207427,0.2721716856956482,0.08903390765190125,0.08676591157913208,0.16901276171207427,0.6467158627510071,1.4891644716262817,1.1669228076934814,1.58328115940094,1.799265742301941,1.9442875385284424,0.8907310366630554,1.9259592294692993,3.515282392501831,0.8446282744407654,1.5495496988296509,3.2739357948303223,0.7336495518684387
175,0.0001,0.16711597487330437,0.9111474192905752,0.4825811403989792,0.7272111701260703,0.834713131731077,50.144816160202026,0.15097338058054446,0.08763476435095072,0.08920184426009654,0.08889665469527244,0.15097338058054446,0.6850996628403664,0.18109122276306153,0.29990684896707537,0.10438479363918304,0.08519229263067246,0.18109122276306153,0.6358056628704071,1.489022970199585,1.1684232950210571,1.5859360694885254,1.7954225540161133,1.9508416652679443,0.8924139738082886,1.9106510877609253,3.516268253326416,0.8460294008255005,1.5551234483718872,3.27394700050354,0.7351518869400024
176,0.0001,0.17517988108098506,0.904796467345307,0.453960981965065,0.7503687805604343,0.8523840234693216,49.54160213470459,0.15526397578418255,0.09229663532227278,0.09047123476862907,0.0899930889159441,0.15526397578418255,0.6732042309641838,0.17752097189426422,0.2949218299984932,0.0994728484749794,0.08919605046510697,0.17752097189426422,0.6375306618213653,1.4982253313064575,1.1713191270828247,1.5886446237564087,1.799448013305664,1.960066795349121,0.8942767381668091,1.9246255159378052,3.5142314434051514,0.8480997085571289,1.5407849550247192,3.2827208042144775,0.7367373704910278
177,0.0001,0.16744136817753316,0.9134171703118706,0.41799172043800353,0.7610317557403277,0.8590716167648051,51.18143963813782,0.15428925812244415,0.08759236600250006,0.08900793932378293,0.09010148085653782,0.15428925812244415,0.6749146792292595,0.17095300823450088,0.2600796431303024,0.08261868000030517,0.0876725697517395,0.17095300823450088,0.6338647830486298,1.5044974088668823,1.1734429597854614,1.5918954610824585,1.8098276853561401,1.9544596672058105,0.895434558391571,1.9319761991500854,3.5215399265289307,0.8475016355514526,1.538112759590149,3.2794625759124756,0.7365113496780396
178,0.0001,0.16798336774110795,0.9099639342332969,0.4734468865394592,0.7351594220890231,0.8420946213216445,50.67382287979126,0.15080628238618374,0.08915765080600976,0.09032719515264034,0.08899621792137623,0.15080628238618374,0.6773882842063904,0.1769234085083008,0.3058175331354141,0.1020682418346405,0.08615752667188645,0.1769234085083008,0.6280951535701752,1.5045113563537598,1.1718058586120605,1.5947816371917725,1.8072383403778076,1.9521666765213013,0.8972485661506653,1.9103331565856934,3.524047613143921,0.8489254117012024,1.544227123260498,3.2737390995025635,0.7378451228141785
179,0.0001,0.16970878571271897,0.9107568229111064,0.4231297135353088,0.7667650241080212,0.8631326843603869,52.07879304885864,0.15149059981107713,0.08989469405263663,0.08920546978712082,0.0919605403393507,0.15149059981107713,0.6835536354780197,0.1751031270623207,0.265761961042881,0.09836910635232926,0.08848197668790818,0.1751031270623207,0.6290827405452728,1.5044233798980713,1.1700092554092407,1.5980627536773682,1.8038452863693237,1.9516257047653198,0.8993035554885864,1.9276069402694702,3.522714376449585,0.8527421355247498,1.5577195882797241,3.2696456909179688,0.741536557674408
180,0.0001,0.1575452871620655,0.9165931624285579,0.4527950346469879,0.7547972475063546,0.8543769412329613,50.265552282333374,0.1532410579174757,0.08282931193709374,0.08876892626285553,0.09059441894292831,0.1532410579174757,0.676765831708908,0.1910907107591629,0.277509326338768,0.08067533299326897,0.08609644711017608,0.1910907107591629,0.6020190513134003,1.504919409751892,1.1678487062454224,1.600236177444458,1.8067400455474854,1.9481815099716187,0.9009698033332825,1.9278450012207031,3.514491558074951,0.8541178107261658,1.5528768301010132,3.2632951736450195,0.7435169816017151
181,0.0001,0.15931357838213445,0.9167997984512768,0.44650681912899015,0.7563472581235033,0.8571173722091292,49.991355419158936,0.14705986045300962,0.0841777877882123,0.08874568700790406,0.0898325964808464,0.14705986045300962,0.6895049139857292,0.17363290011882782,0.29935875117778776,0.10440042376518249,0.08797002285718918,0.17363290011882782,0.6460869026184082,1.5039769411087036,1.1677016019821167,1.6026642322540283,1.8121203184127808,1.9483705759048462,0.9025778770446777,1.9313174486160278,3.512234926223755,0.8552374243736267,1.5525997877120972,3.2546184062957764,0.7458420395851135
182,0.0001,0.17256416238844394,0.9075746464319461,0.4268577283620834,0.7579091731888765,0.8570796649626149,48.887431621551514,0.15162155359983445,0.0923628032952547,0.0881479249149561,0.08949900150299073,0.15162155359983445,0.6837468042969703,0.16988965183496474,0.2781784674525261,0.08664534106850624,0.09091332703828811,0.16988965183496474,0.631711642742157,1.503966212272644,1.1724885702133179,1.6057376861572266,1.7997089624404907,1.9456844329833984,0.9037923216819763,1.917263150215149,3.5040037631988525,0.8580501675605774,1.5387301445007324,3.2611169815063477,0.7445333003997803
183,0.0001,0.17507679373025894,0.9053848880057107,0.3947702181339264,0.7828401178234644,0.873944139878085,50.82609486579895,0.15155557207763196,0.09434164222329855,0.08874015491455793,0.09031989753246307,0.15155557207763196,0.6819865712523461,0.17839794665575026,0.2236792676150799,0.07768693000078201,0.0885730043053627,0.17839794665575026,0.6331951522827148,1.5103446245193481,1.1705377101898193,1.607959508895874,1.8076313734054565,1.9532896280288696,0.9060829281806946,1.9155081510543823,3.5063107013702393,0.8594542741775513,1.5305376052856445,3.2621254920959473,0.7454938888549805
184,0.0001,0.1705609018355608,0.908009817760271,0.42707352876663207,0.7679057096314171,0.8635060788646336,50.247482776641846,0.15259844988584517,0.09021273031830787,0.09039618708193302,0.09133904583752156,0.15259844988584517,0.6757002282142639,0.17594873577356338,0.2688512486219406,0.0873387798666954,0.08855909138917922,0.17594873577356338,0.6421328520774842,1.5127347707748413,1.1712641716003418,1.6106250286102295,1.8111854791641235,1.9504928588867188,0.9065415859222412,1.9059603214263916,3.501843214035034,0.8591430187225342,1.5310672521591187,3.2620632648468018,0.7457636594772339
185,0.0001,0.1656955424696207,0.9115816901221827,0.4309686952829361,0.7596213435319212,0.8574092123716678,50.31025457382202,0.14938534617424012,0.08773876391351224,0.08876655481755734,0.08847986809909343,0.14938534617424012,0.6864013370871543,0.18035064935684203,0.2564240205287933,0.07520004004240036,0.08560383349657058,0.18035064935684203,0.6152021241188049,1.521077036857605,1.1719505786895752,1.6132044792175293,1.8151687383651733,1.9526922702789307,0.908515453338623,1.908066749572754,3.5059878826141357,0.8608129620552063,1.518968939781189,3.272634267807007,0.7495967149734497
186,0.0001,0.16690330840647222,0.9097625442501234,0.43852394104003906,0.7395036349210325,0.845269172896105,49.76219725608826,0.14887964703142642,0.08842760808765888,0.08848198242485524,0.08697322204709053,0.14887964703142642,0.6848070466518402,0.1694488498568535,0.26918878316879274,0.09788843154907227,0.0856142920255661,0.1694488498568535,0.6510312616825104,1.517687439918518,1.1728994846343994,1.6152503490447998,1.7928569316864014,1.9462326765060425,0.9093838930130005,1.9053640365600586,3.502411127090454,0.8618372082710266,1.5115020275115967,3.2579457759857178,0.7484173774719238
187,0.0001,0.16237368293106555,0.9142375401930802,0.42738676965236666,0.7663226951319194,0.8631464529168099,52.114970684051514,0.14728309027850628,0.08548125114291906,0.08811476662755012,0.08828810155391693,0.14728309027850628,0.6916004639863967,0.17305364102125168,0.26324575424194335,0.09342168927192689,0.08485598862171173,0.17305364102125168,0.6461454999446868,1.5197902917861938,1.1744269132614136,1.6174769401550293,1.777820348739624,1.940743327140808,0.9120246171951294,1.9029209613800049,3.5061304569244385,0.8646128177642822,1.5141240358352661,3.2592289447784424,0.7505900859832764
188,0.0001,0.16278920494019986,0.9165904934739288,0.4531793409585953,0.7450037102201437,0.8470868799476322,52.19997572898865,0.1492278479039669,0.08496209852397442,0.08780088480561972,0.08913410767912865,0.1492278479039669,0.6812610241770745,0.18168018490076066,0.28283518403768537,0.08381884962320328,0.0885007545351982,0.18168018490076066,0.6290704154968262,1.5163410902023315,1.1743404865264893,1.6210426092147827,1.7774724960327148,1.9363442659378052,0.9127334356307983,1.9002577066421509,3.4992451667785645,0.8657209277153015,1.5161796808242798,3.2488253116607666,0.751920223236084
189,0.0001,0.17568269230425357,0.9084325406123221,0.44163616180419923,0.74583373664232,0.850122978729869,49.73922157287598,0.15761691451072693,0.09138653267174959,0.08990390181541442,0.08794687300920487,0.15761691451072693,0.6711988723278046,0.18570551216602327,0.260361947119236,0.09235987097024917,0.07992910593748093,0.18570551216602327,0.6018387508392334,1.517515778541565,1.1771327257156372,1.6241583824157715,1.7810133695602417,1.9472087621688843,0.9137323498725891,1.9091873168945312,3.5089111328125,0.8687129616737366,1.5179831981658936,3.2581887245178223,0.7555476427078247
190,0.0001,0.1767715123295784,0.9026296284407382,0.44741016149520874,0.7490510657302566,0.8516549476547323,48.71688938140869,0.15504960775375365,0.09258652687072753,0.09209860347211361,0.08645723186433316,0.15504960775375365,0.6755500781536102,0.18045419096946716,0.2643168821930885,0.08907127827405929,0.08254638522863388,0.18045419096946716,0.6326437771320343,1.5214033126831055,1.1800135374069214,1.6266995668411255,1.792309284210205,1.9447104930877686,0.9152110815048218,1.9103038311004639,3.499119520187378,0.8694067597389221,1.4981783628463745,3.258877754211426,0.7556487321853638
191,0.0001,0.15364740461111068,0.9224100828723871,0.4248516273498535,0.7725696219604792,0.8670251878091012,49.81018614768982,0.15035732269287108,0.08004641238600016,0.09081358596682548,0.0873098198324442,0.15035732269287108,0.6861967623233796,0.176697316467762,0.26343947008252144,0.07838799268007278,0.08391050904989243,0.176697316467762,0.6323775184154511,1.5218898057937622,1.1787807941436768,1.6304017305374146,1.7889978885650635,1.9463210105895996,0.9160781502723694,1.8987957239151,3.4994752407073975,0.8703134655952454,1.505204200744629,3.2628564834594727,0.7576626539230347
192,0.0001,0.16404740013182162,0.9142299943657771,0.4289943814277649,0.7590141630435612,0.8572759769412371,49.88466215133667,0.14864327549934386,0.08645727213472128,0.08649806704372168,0.0862578060477972,0.14864327549934386,0.6849041983485222,0.18200812965631485,0.260666424036026,0.08244298622012139,0.08465953856706619,0.18200812965631485,0.6223109805583954,1.5221450328826904,1.1789631843566895,1.6329072713851929,1.7906471490859985,1.9500126838684082,0.9170436859130859,1.8971366882324219,3.489758253097534,0.8719985485076904,1.5184741020202637,3.251345634460449,0.7597765326499939
193,0.0001,0.16355896204710008,0.9129114886166336,0.4305333179235458,0.7715284273528106,0.866321428075377,52.01819348335266,0.15129707530140876,0.08697923086583614,0.09008690632879734,0.08664107874035835,0.15129707530140876,0.6779561153054238,0.18622960329055785,0.25457401484251024,0.07809580832719804,0.0882530575990677,0.18622960329055785,0.6169607603549957,1.5202934741973877,1.1776843070983887,1.6351039409637451,1.7775940895080566,1.9481557607650757,0.9186913371086121,1.900036334991455,3.489428758621216,0.8727569580078125,1.5254769325256348,3.257089138031006,0.7616389989852905
194,0.0001,0.16332533359527587,0.9152188260287162,0.39393361926078796,0.7843375316412018,0.874971488225348,53.36723279953003,0.14797732092440127,0.08734419126063585,0.08738920871168375,0.08769608989357948,0.14797732092440127,0.6871857216954231,0.17584277033805848,0.23205503672361374,0.0732795350253582,0.08917599260807037,0.17584277033805848,0.6337256610393525,1.5239992141723633,1.179253339767456,1.6368155479431152,1.7748916149139404,1.9468106031417847,0.9203457236289978,1.892142415046692,3.4890406131744385,0.8728258609771729,1.5154653787612915,3.2419936656951904,0.7614279389381409
195,0.0001,0.16975248642265797,0.908857386225546,0.42518620133399965,0.7581430785355123,0.8564605473766015,56.688074827194214,0.1481672940403223,0.09094860091805458,0.08681465089321136,0.08638906188309192,0.1481672940403223,0.684867016673088,0.17374855488538743,0.26566011637449266,0.08794682875275611,0.08353493630886077,0.17374855488538743,0.634367927312851,1.5269368886947632,1.1809488534927368,1.6390544176101685,1.7623608112335205,1.948236107826233,0.9211627840995789,1.8949193954467773,3.4940056800842285,0.8737468123435974,1.503246784210205,3.241675853729248,0.7623652815818787
196,0.0001,0.15064953394234182,0.9248660945061574,0.4120202815532684,0.7772220460215702,0.8685648229845861,51.9812650680542,0.14467493049800395,0.0808768604695797,0.08835341565310956,0.08652147851884365,0.14467493049800395,0.6961179012060166,0.1742171224951744,0.2492928409576416,0.07997309416532516,0.08594555020332337,0.1742171224951744,0.6354815232753753,1.5219451189041138,1.1769793033599854,1.6413373947143555,1.7580636739730835,1.9441111087799072,0.9217010140419006,1.8848336935043335,3.48567271232605,0.8755428791046143,1.5036569833755493,3.242370128631592,0.7637962698936462
197,0.0001,0.15408923156559468,0.921805663393651,0.46103259682655334,0.7325304232401466,0.8384260920774719,58.32870125770569,0.1457610757648945,0.08196117885410786,0.08643662422895432,0.08834578268229962,0.1457610757648945,0.6933723938465118,0.17461954414844513,0.29455440074205397,0.10162538737058639,0.08844945043325424,0.17461954414844513,0.6417668688297272,1.5184465646743774,1.1757023334503174,1.6428310871124268,1.7623897790908813,1.9459733963012695,0.9239519834518433,1.8671313524246216,3.484306573867798,0.875731348991394,1.4963099956512451,3.2368714809417725,0.7654911875724792
198,0.0001,0.16685183487832547,0.9103660988659901,0.41042823135852813,0.7695569016609782,0.8648229969218852,51.970388650894165,0.1505019648373127,0.08825815182179213,0.08763697750866413,0.08761917561292648,0.1505019648373127,0.6814972192049027,0.17693534642457961,0.24014173075556755,0.08071982681751251,0.08851780235767365,0.17693534642457961,0.6343141984939575,1.5215345621109009,1.1759557723999023,1.6453592777252197,1.7708287239074707,1.9429311752319336,0.9254246354103088,1.8698500394821167,3.4950289726257324,0.8775918483734131,1.5046417713165283,3.2470319271087646,0.7682237029075623
199,0.0001,0.1598607199639082,0.9191997662512533,0.4238263836503029,0.7712663023903106,0.8659762916778966,59.99960541725159,0.1452232174575329,0.08404607050120831,0.08834332525730133,0.08918525300920009,0.1452232174575329,0.6971910414099693,0.18031821250915528,0.2568328069150448,0.07559792518615722,0.08937652260065079,0.18031821250915528,0.6162834620475769,1.5211725234985352,1.1732878684997559,1.6475995779037476,1.774113655090332,1.9447195529937744,0.926626443862915,1.8699744939804077,3.4922587871551514,0.8781877160072327,1.5173248052597046,3.248828649520874,0.7686770558357239
200,0.0001,0.16372195981442927,0.912224441456835,0.407913116812706,0.7711283196282193,0.8666892070600014,53.49696969985962,0.14877420596778393,0.08766750950366259,0.08593136802315712,0.08605918809771537,0.14877420596778393,0.681587029993534,0.1792030394077301,0.24025845527648926,0.07499939158558845,0.08500159621238708,0.1792030394077301,0.6229871451854706,1.523105263710022,1.175316333770752,1.6502883434295654,1.770553708076477,1.9493818283081055,0.9290733337402344,1.871208667755127,3.484862804412842,0.8799953460693359,1.5101176500320435,3.2631263732910156,0.7706916332244873
201,0.0001,0.15021357275545597,0.9224064129979067,0.4247453063726425,0.770039488107333,0.8653372954453907,56.51018261909485,0.14442011922597886,0.0801499753817916,0.0865267601981759,0.08634166963398457,0.14442011922597886,0.693389214873314,0.1714662429690361,0.2623461747169495,0.07969540745019912,0.08739080250263215,0.1714662429690361,0.6396554565429687,1.523824691772461,1.1734575033187866,1.6519200801849365,1.7611680030822754,1.9431654214859009,0.9301785230636597,1.864479422569275,3.486107349395752,0.8798292875289917,1.5266486406326294,3.258347749710083,0.7702448964118958
202,0.0001,0.14502870611846447,0.9265245149344048,0.4256838911771774,0.774084968117965,0.8683559501499067,61.29210567474365,0.14587304167449475,0.07656591780483722,0.08826607145369053,0.08683388888835906,0.14587304167449475,0.6888679924607277,0.1738176891207695,0.27905638501048086,0.09711042404174805,0.0849661210179329,0.1738176891207695,0.6459138977527619,1.5248697996139526,1.1723136901855469,1.6554595232009888,1.759829044342041,1.944651484489441,0.9308432340621948,1.8689823150634766,3.481647491455078,0.8804958462715149,1.5209132432937622,3.259324073791504,0.7708808183670044
203,0.0001,0.15009502731263638,0.9221072011394733,0.41137557446956635,0.7730506066424755,0.867881496014193,61.01019501686096,0.14763775318861008,0.08022214107215404,0.08797708336263894,0.08676998227834702,0.14763775318861008,0.6887854826450348,0.17839075714349747,0.24060699611902236,0.06839474648237229,0.08713955163955689,0.17839075714349747,0.6187613093852997,1.5262172222137451,1.1715835332870483,1.6576526165008545,1.759824275970459,1.9441735744476318,0.9324076175689697,1.860916018486023,3.4741227626800537,0.8822293281555176,1.5216766595840454,3.2569310665130615,0.7724472880363464
204,0.0001,0.1522877449542284,0.9220230231496701,0.42507755786180496,0.7734380901896409,0.8678670608324005,60.7492458820343,0.14219780549407005,0.08040802579373121,0.0851878272742033,0.0879099752008915,0.14219780549407005,0.7002133935689926,0.17632227003574372,0.2636122287809849,0.07173609316349029,0.088443643450737,0.17632227003574372,0.6298590433597565,1.5256297588348389,1.1719239950180054,1.6604740619659424,1.757064700126648,1.9423210620880127,0.933062732219696,1.859380841255188,3.4731342792510986,0.8839287757873535,1.5082143545150757,3.246452808380127,0.7727208733558655
205,0.0001,0.1523095363378525,0.9205839093526089,0.4200477874279022,0.7653054047431218,0.8629549233433695,58.29917287826538,0.1433036333322525,0.08214394748210907,0.08731978960335254,0.08723859995603561,0.1433036333322525,0.6965348154306412,0.1714911526441574,0.26897414654493335,0.09075620293617248,0.08478194743394851,0.1714911526441574,0.6445879876613617,1.5270438194274902,1.1724897623062134,1.6625628471374512,1.754512906074524,1.9419037103652954,0.9344084858894348,1.8713358640670776,3.46481990814209,0.8859503269195557,1.5114706754684448,3.243680000305176,0.7730893492698669
206,0.0001,0.14578615166246892,0.9266331447904137,0.44250870764255523,0.7578196773011164,0.8574334340661856,53.6585259437561,0.14315372973680496,0.07800657473504544,0.08536595799028873,0.08814829535782337,0.14315372973680496,0.6945572748780251,0.17348945051431655,0.28885452181100846,0.09515457421541214,0.08744003385305404,0.17348945051431655,0.6502544641494751,1.5255223512649536,1.1709595918655396,1.6634447574615479,1.7584127187728882,1.9430779218673706,0.9344075322151184,1.8615174293518066,3.4625589847564697,0.8865050077438354,1.4980309009552002,3.2398486137390137,0.7753487825393677
207,0.0001,0.14744436576962472,0.9259047473409135,0.5066455632448197,0.7372111737927984,0.8431640631144535,53.49076962471008,0.14456211984157563,0.07923269245773554,0.08613835588097572,0.08783829100430011,0.14456211984157563,0.6919448587298394,0.21922699451446534,0.31488933056592944,0.10560585901141167,0.08120707362890243,0.21922699451446534,0.5664499473571777,1.5254685878753662,1.171404242515564,1.6665805578231812,1.7558619976043701,1.9388368129730225,0.9354590177536011,1.8589380979537964,3.4621541500091553,0.888400673866272,1.5065157413482666,3.228260040283203,0.7746090888977051
208,0.0001,0.14664485335350036,0.9266279477984185,0.4048267847299576,0.7784715270236379,0.8707022683427599,53.81895422935486,0.1441248931735754,0.07800248224288225,0.08657701328396797,0.08730602614581585,0.1441248931735754,0.6956697458028793,0.16954702645540237,0.2611890672147274,0.08096941083669662,0.08674592107534408,0.16954702645540237,0.6472669184207916,1.5265215635299683,1.1708279848098755,1.6686090230941772,1.7399007081985474,1.9360723495483398,0.9363265633583069,1.850871205329895,3.4625816345214844,0.8893498182296753,1.4980517625808716,3.2244272232055664,0.7754704356193542
209,0.0001,0.14128839671611787,0.9292110340535947,0.41883542001247404,0.7749370124006848,0.8681529687396876,55.450705766677856,0.14093397818505765,0.07541878212243319,0.08429957389831542,0.0872966592758894,0.14093397818505765,0.7012593543529511,0.1723420336842537,0.2597462555766106,0.07123823761940003,0.08771061688661576,0.1723420336842537,0.6370154976844787,1.5226092338562012,1.1706291437149048,1.6708794832229614,1.7387903928756714,1.9307528734207153,0.9374273419380188,1.8482531309127808,3.4549484252929688,0.8902921080589294,1.4975162744522095,3.2176871299743652,0.7766104936599731
210,0.0001,0.1463880091905594,0.9269490455582999,0.43527134001255036,0.7640648713189431,0.8606694707952468,55.14308142662048,0.14298746384680272,0.07690974093973636,0.08516998708248139,0.0864512849599123,0.14298746384680272,0.6999306240677834,0.17244647026062013,0.27725048214197157,0.09939581006765366,0.0851010298728943,0.17244647026062013,0.6487359178066253,1.5220730304718018,1.1697927713394165,1.672625184059143,1.7326321601867676,1.933508276939392,0.9372949600219727,1.8456404209136963,3.4576001167297363,0.8912074565887451,1.500746726989746,3.212003231048584,0.7785280346870422
211,0.0001,0.14230982795357705,0.9280448585305688,0.4418113994598389,0.7578577526539358,0.8559893994266212,58.564308166503906,0.14168285712599754,0.07611844249069691,0.08422907114028931,0.0856284949183464,0.14168285712599754,0.7016459941864014,0.17051186561584472,0.28721346348524096,0.08371222496032715,0.08499497205018997,0.17051186561584472,0.64922567486763,1.5222713947296143,1.1680219173431396,1.6738616228103638,1.7358676195144653,1.9334343671798706,0.9376540184020996,1.832513451576233,3.4573559761047363,0.8910418152809143,1.4906373023986816,3.210293769836426,0.7793788909912109
212,0.0001,0.14466768883168699,0.9274195534734611,0.43117026150226595,0.7647150521929581,0.862248164569239,56.82209539413452,0.14453180491924286,0.0761358854174614,0.0855488146841526,0.08514820747077465,0.14453180491924286,0.6926524868607521,0.16376921266317368,0.28651195228099824,0.09552008628845216,0.08558764040470124,0.16376921266317368,0.6574310600757599,1.5201212167739868,1.1675471067428589,1.6763298511505127,1.73930025100708,1.93073570728302,0.9402214884757996,1.8267985582351685,3.4572339057922363,0.8907601833343506,1.4746547937393188,3.2064321041107178,0.7796666026115417
213,0.0001,0.15326071627438068,0.9215398890760622,0.4504330998659134,0.7574665185776152,0.8568482132555384,57.520981788635254,0.14535486683249474,0.08070612527430057,0.08550260968506336,0.08594040893018245,0.14535486683249474,0.6957115983963013,0.17067665755748748,0.29784781008958816,0.09956155627965928,0.08511400014162064,0.17067665755748748,0.6486221194267273,1.5219874382019043,1.1664787530899048,1.6780509948730469,1.7384943962097168,1.934502363204956,0.9415115118026733,1.8451168537139893,3.4637362957000732,0.892801821231842,1.4927239418029785,3.212632656097412,0.7819225788116455
214,0.0001,0.143249209523201,0.9271264912045719,0.47416294276714327,0.7469067729574195,0.8481964928636105,54.22795605659485,0.14231738463044166,0.07648948591202498,0.08614710964262486,0.08686281517148017,0.14231738463044166,0.6990195155143738,0.17348805844783782,0.3127243474125862,0.08336462691426277,0.08444199979305267,0.17348805844783782,0.6405290472507477,1.523058533668518,1.165088176727295,1.679628610610962,1.7388265132904053,1.9300954341888428,0.9424806237220764,1.836077332496643,3.452394723892212,0.8930584788322449,1.491090178489685,3.215122699737549,0.7826672196388245
215,0.0001,0.13997398644685746,0.930253010833306,0.43745334565639493,0.7740935481894827,0.868170276633077,52.59421420097351,0.14248922541737558,0.07425090536475182,0.08571666862815619,0.08650376282632351,0.14248922541737558,0.6990135055780411,0.16310068666934968,0.2937856560945511,0.08182144284248352,0.08470620185136796,0.16310068666934968,0.6546972608566284,1.5242652893066406,1.164158582687378,1.6810238361358643,1.7329144477844238,1.9268012046813965,0.9430936574935913,1.8312287330627441,3.44836688041687,0.8940975666046143,1.4831161499023438,3.20906925201416,0.7829223871231079
216,0.0001,0.1374431596696377,0.9319958423118356,0.41110374897718427,0.7804623572767387,0.8718571129299646,58.986407995224,0.1392333662509918,0.0728707192465663,0.0838060177117586,0.08346190579235553,0.1392333662509918,0.7047060886025429,0.17193454414606094,0.24228832632303238,0.07263037905097008,0.08176888048648834,0.17193454414606094,0.6459095680713653,1.5221036672592163,1.1629890203475952,1.6832013130187988,1.7356946468353271,1.9250850677490234,0.943669855594635,1.8335894346237183,3.442286491394043,0.8961710929870605,1.480849027633667,3.202805995941162,0.7838460206985474
217,0.0001,0.14157111287117005,0.9294670572005604,0.41191259056329727,0.7797784998544978,0.8720980999781556,56.908148765563965,0.1433088268339634,0.0757120842859149,0.08405896186828614,0.08350347720086575,0.1433088268339634,0.7017022621631622,0.16459971010684968,0.2640350300073624,0.0925299397110939,0.08158045738935471,0.16459971010684968,0.6590163064002991,1.523884654045105,1.1619690656661987,1.6849305629730225,1.7344417572021484,1.9248180389404297,0.9438439011573792,1.8280601501464844,3.4395995140075684,0.8968642950057983,1.478427529335022,3.1932613849639893,0.7838259339332581
218,0.0001,0.14343897938728334,0.9282825562910695,0.4628574001789093,0.7448486403515102,0.8504645483022736,55.064478158950806,0.13981813989579678,0.07706048157066107,0.08370835058391095,0.08499551042914391,0.13981813989579678,0.709449143409729,0.1976252868771553,0.26373968660831454,0.08400779515504837,0.07705837219953537,0.1976252868771553,0.5889048099517822,1.5256792306900024,1.1632581949234009,1.6865098476409912,1.7276110649108887,1.9194426536560059,0.9452296495437622,1.8173999786376953,3.4396207332611084,0.8979206681251526,1.4784412384033203,3.180079698562622,0.7837592363357544
219,0.0001,0.1489681177586317,0.9235518699970249,0.42552964508533475,0.767829026241212,0.8645099501260399,53.41728711128235,0.1450688510388136,0.07818144768476486,0.08687294431030751,0.08447468675673007,0.1450688510388136,0.6897097134590149,0.17598901629447938,0.2603171706199646,0.07528775930404663,0.08186832875013351,0.17598901629447938,0.6238304650783539,1.532405138015747,1.1624443531036377,1.6889585256576538,1.738509178161621,1.9218339920043945,0.9461317658424377,1.822229266166687,3.4395546913146973,0.9008886814117432,1.4739680290222168,3.182926893234253,0.7848480343818665
220,0.0001,0.14492786541581154,0.9258796047734974,0.43782710075378417,0.768861509857294,0.8640856754229318,57.452911615371704,0.13913771621882914,0.07732439514249563,0.084732372649014,0.0839766164124012,0.13913771621882914,0.7000008714199066,0.16932085603475572,0.2931139436364174,0.09693098247051239,0.08368878722190858,0.16932085603475572,0.6517788422107696,1.5275813341140747,1.1602749824523926,1.6914036273956299,1.7374085187911987,1.9235351085662842,0.9474467039108276,1.8181548118591309,3.4446640014648438,0.9026233553886414,1.4827214479446411,3.1804518699645996,0.7861926555633545
221,0.0001,0.14626291379332543,0.9231957438679217,0.41276315569877625,0.7714429966530435,0.8669364923162916,54.160539865493774,0.1422472131252289,0.07855852879583836,0.08395441949367523,0.08395944945514203,0.1422472131252289,0.6915453836321831,0.18317195177078247,0.2476928114891052,0.0743661642074585,0.0852026543021202,0.18317195177078247,0.6350973737239838,1.5282292366027832,1.159227967262268,1.6934657096862793,1.737480878829956,1.9261451959609985,0.9485754370689392,1.8124196529388428,3.4403796195983887,0.9031087756156921,1.4758743047714233,3.1781628131866455,0.7874873280525208
222,0.0001,0.142823955565691,0.9290959006786302,0.41978843629360196,0.7823099408954519,0.8732096392776982,57.939810276031494,0.1406791403144598,0.07497586134821177,0.08496515855193137,0.08407950222492218,0.1406791403144598,0.7009680223464966,0.1679243564605713,0.26702249974012376,0.07813459903001785,0.0823908668756485,0.1679243564605713,0.6554460573196411,1.5314676761627197,1.1566390991210938,1.695772647857666,1.7471600770950317,1.923007845878601,0.9495092034339905,1.8070156574249268,3.4362871646881104,0.9044356942176819,1.4801855087280273,3.1772658824920654,0.7883629202842712
223,0.0001,0.1368690324574709,0.9319967352475813,0.45394989132881164,0.7634642764294475,0.8612234233511493,54.1672785282135,0.1356446324288845,0.07363154347985983,0.08397783242166042,0.08343974485993386,0.1356446324288845,0.7088740628957748,0.17718492686748505,0.31103889882564545,0.10485032498836518,0.07718047648668289,0.17718492686748505,0.6447151613235473,1.5261735916137695,1.1565243005752563,1.6978800296783447,1.7318124771118164,1.9211382865905762,0.9508700370788574,1.8074861764907837,3.4335362911224365,0.9042617082595825,1.4634052515029907,3.172435998916626,0.7894710302352905
224,0.0001,0.14736043237149715,0.923846317169453,0.42432212889194487,0.7698934493351909,0.8652098749079126,54.035062313079834,0.1379081679880619,0.07980887793004512,0.08410580728203058,0.0848551245778799,0.1379081679880619,0.7062498766183853,0.17533702045679092,0.2626003974676132,0.07930282428860665,0.08669211238622665,0.17533702045679092,0.6322348475456238,1.5224181413650513,1.1582586765289307,1.6992154121398926,1.7364698648452759,1.9239754676818848,0.9518641829490662,1.8148642778396606,3.429197072982788,0.9068490266799927,1.453932523727417,3.1769309043884277,0.7915487289428711
225,0.0001,0.15979400120675563,0.9163613637877346,0.439627303481102,0.7594929841215503,0.8591458717888222,55.01063680648804,0.14464477747678756,0.08684225741773843,0.08768167242407798,0.08942016653716564,0.14464477747678756,0.6935099095106125,0.18997442334890366,0.2567983677983284,0.07084748312830925,0.09047425776720047,0.18997442334890366,0.6072454130649567,1.5266001224517822,1.161848545074463,1.7017862796783447,1.7485005855560303,1.9309375286102295,0.952277421951294,1.8285704851150513,3.4298980236053467,0.9086511731147766,1.448594331741333,3.18739652633667,0.7930039763450623
226,0.0001,0.14420133136212826,0.9265374702718857,0.41004571616649627,0.7827750466425077,0.8737505369121689,56.09645390510559,0.13949358649551868,0.07657420050352812,0.08600242972373963,0.08812757238745689,0.13949358649551868,0.7096375787258148,0.1723589587211609,0.2566954500973225,0.07603702798485756,0.08737543910741806,0.1723589587211609,0.6445710408687592,1.5263736248016357,1.1612136363983154,1.7048351764678955,1.7408732175827026,1.9324109554290771,0.9528456330299377,1.8210667371749878,3.4257569313049316,0.9086927175521851,1.4310424327850342,3.185103178024292,0.7928916811943054
227,0.0001,0.14344540752470494,0.9276624997153935,0.4485035967826843,0.7523516897340713,0.8520858395411643,57.366061210632324,0.13720953173935413,0.07745967719703913,0.08497737340629101,0.0860329458117485,0.13720953173935413,0.7112219581007957,0.167049061357975,0.28880100399255754,0.08737868934869766,0.08493867069482804,0.167049061357975,0.6505579614639282,1.5220972299575806,1.1618382930755615,1.7066199779510498,1.7257394790649414,1.9280134439468384,0.9535501003265381,1.8143078088760376,3.4231510162353516,0.9094933867454529,1.4433057308197021,3.1805763244628906,0.7930139303207397
228,0.0001,0.13810420207679272,0.9308853444885894,0.4251404219865799,0.7788841505119777,0.8716749844668602,55.094128131866455,0.13790024302899836,0.07327655820176006,0.08141499735414982,0.08418030954897404,0.13790024302899836,0.7058412736654281,0.16857993900775908,0.28274781212210653,0.08784727394580841,0.0845807608962059,0.16857993900775908,0.6504202258586883,1.5208210945129395,1.1594557762145996,1.7091104984283447,1.7190483808517456,1.9241315126419067,0.9546868801116943,1.8148303031921387,3.425109624862671,0.9114255309104919,1.444567084312439,3.1693191528320312,0.7934585809707642
229,0.0001,0.13571723885834217,0.9340645684149144,0.42486136794090273,0.7740625018211343,0.8675560385198292,54.919209003448486,0.13710456371307372,0.07273114930838347,0.08366325072944164,0.08540984489023686,0.13710456371307372,0.7100648766756058,0.18231034457683562,0.28709196761250494,0.11161249071359634,0.08271649450063706,0.18231034457683562,0.6343228685855865,1.5219939947128296,1.1577317714691162,1.7099279165267944,1.7200121879577637,1.9241372346878052,0.9563183188438416,1.8110297918319702,3.425527334213257,0.9111729860305786,1.4466739892959595,3.161139726638794,0.7936668395996094
230,0.0001,0.13608758322894574,0.9330295535593813,0.41748683840036394,0.7791487678846962,0.8710959090607827,56.23076319694519,0.13813297726213933,0.07270220581442118,0.08348525106906891,0.08387639038264752,0.13813297726213933,0.7067655584216118,0.1706889697909355,0.26153460279107094,0.07437697961926461,0.08066686153411866,0.1706889697909355,0.6461675155162812,1.5186936855316162,1.1561708450317383,1.711325764656067,1.7135404348373413,1.922554612159729,0.9564345479011536,1.8047188520431519,3.4209649562835693,0.9112328886985779,1.4550193548202515,3.1531317234039307,0.7942937016487122
231,0.0001,0.13367334298789502,0.9345538542274839,0.41876478731632233,0.7727141741451736,0.8673471533321632,56.056968450546265,0.13674242794513702,0.07166138648986817,0.08279307443648577,0.08213514924049377,0.13674242794513702,0.7076450037956238,0.17305982679128648,0.2606303071975708,0.06842460945248603,0.08058355927467346,0.17305982679128648,0.6454509162902832,1.5174057483673096,1.1552082300186157,1.7134227752685547,1.7105547189712524,1.9212859869003296,0.9572071433067322,1.8045753240585327,3.4243860244750977,0.9109579920768738,1.4429552555084229,3.1487350463867188,0.79324871301651
232,0.0001,0.13437955498695373,0.9351455183366792,0.44114657640457156,0.7668894872399131,0.8625337676289684,55.623586893081665,0.1343688366562128,0.07213871873915195,0.08211713723838329,0.08173925928771496,0.1343688366562128,0.7136854821443558,0.17183119028806687,0.2756027014553547,0.07924007326364517,0.07932725071907043,0.17183119028806687,0.6538375723361969,1.516270399093628,1.1543407440185547,1.7144525051116943,1.7147376537322998,1.9159477949142456,0.957891583442688,1.7983647584915161,3.418881893157959,0.9122055768966675,1.4340629577636719,3.1514458656311035,0.793302595615387
233,0.0001,0.13712700836360456,0.9333797126843137,0.4211025160551071,0.7760400196192164,0.8687471709503423,53.36157417297363,0.13836777552962304,0.07324016068130731,0.08219580836594105,0.08086580947041512,0.13836777552962304,0.7073842841386795,0.16707923263311386,0.2720487283170223,0.07923939749598503,0.07855437099933624,0.16707923263311386,0.6542922210693359,1.515787124633789,1.15487539768219,1.7168909311294556,1.7002311944961548,1.9143011569976807,0.9586906433105469,1.8046631813049316,3.4139723777770996,0.9145758748054504,1.4285424947738647,3.156688928604126,0.7948590517044067
234,0.0001,0.13728150591254235,0.93214905301636,0.4292953509092331,0.7748488134436348,0.8682696708543165,55.52977776527405,0.13818221755325794,0.07443141363561154,0.08288501065224409,0.08110721305012702,0.13818221755325794,0.7053744420409203,0.17167747974395753,0.26245488435029984,0.0708109501004219,0.07833459854125976,0.17167747974395753,0.6406037843227387,1.5141963958740234,1.1540199518203735,1.7189171314239502,1.7085939645767212,1.9168068170547485,0.9588068127632141,1.7947654724121094,3.407031536102295,0.9154285192489624,1.4356483221054077,3.1479227542877197,0.7947295308113098
235,0.0001,0.13210905611515045,0.9358722801253547,0.4484457257390022,0.7641227671773143,0.8612580301246976,51.55637717247009,0.13433312639594078,0.070915191732347,0.08301924273371697,0.08164738103747368,0.13433312639594078,0.7188832229375839,0.1752709272503853,0.2930885401368141,0.08160646870732308,0.080186747610569,0.1752709272503853,0.643476037979126,1.5116674900054932,1.1524198055267334,1.7206729650497437,1.7062586545944214,1.9124155044555664,0.9596944451332092,1.782741665840149,3.404484987258911,0.9157240986824036,1.4275273084640503,3.139986753463745,0.7944045066833496
236,0.0001,0.13598959922790527,0.9299515154711459,0.43837389469146726,0.771880563549527,0.8670518717208319,55.60220789909363,0.1355215010046959,0.07443045776337386,0.08186964575201273,0.08112462982535362,0.1355215010046959,0.7149000748991966,0.171403646171093,0.2874168123304844,0.07566411525011063,0.08041384100914001,0.171403646171093,0.6446885752677918,1.5067439079284668,1.1513593196868896,1.7223478555679321,1.7088522911071777,1.911365032196045,0.9605556726455688,1.782524585723877,3.3963215351104736,0.9176234006881714,1.4208316802978516,3.1402857303619385,0.7960265278816223
237,0.0001,0.1374684938043356,0.9295232410084704,0.4760476863384247,0.747722577155442,0.8515962672830413,55.04995679855347,0.13479300156235696,0.07451576264575124,0.0819672091677785,0.08116490021348,0.13479300156235696,0.7123125731945038,0.17820965111255646,0.31475399911403656,0.0874115139245987,0.08162593215703964,0.17820965111255646,0.6302026057243347,1.506775140762329,1.1514745950698853,1.7228680849075317,1.7089654207229614,1.915490984916687,0.9606437087059021,1.7817200422286987,3.396892547607422,0.9175741672515869,1.4116392135620117,3.1320230960845947,0.7958212494850159
238,0.0001,0.135838226005435,0.9321120012415769,0.4455322730541229,0.760528535207326,0.8582930505852232,55.88253045082092,0.13626025937497616,0.07374315921217203,0.08201828338205815,0.08227371588349343,0.13626025937497616,0.7085387176275253,0.16171789556741714,0.2927316707372665,0.08853587538003921,0.08113068163394928,0.16171789556741714,0.662386234998703,1.5061662197113037,1.1521072387695312,1.7241276502609253,1.7075327634811401,1.9137603044509888,0.9611476063728333,1.7833898067474365,3.3969168663024902,0.917786180973053,1.3980762958526611,3.1302995681762695,0.7965449690818787
239,0.0001,0.13451602026820184,0.9322667745276121,0.4158386296033859,0.7762885750569254,0.8698071506753124,56.382715702056885,0.13520537339150906,0.07297018442302942,0.08153706070035696,0.08114798411726952,0.13520537339150906,0.7153582641482353,0.1603613930940628,0.2691974127292633,0.08157401591539383,0.07857230067253113,0.1603613930940628,0.6617277777194976,1.504216194152832,1.151680827140808,1.7251074314117432,1.7060195207595825,1.9144378900527954,0.9623560309410095,1.7816977500915527,3.3964321613311768,0.9175298810005188,1.3925050497055054,3.127716541290283,0.7968984842300415
240,0.0001,0.1321150006353855,0.9348165699597343,0.44966439008712766,0.762806279207548,0.861401823144509,52.328195333480835,0.13597272239625455,0.07050799939781427,0.0821037558838725,0.07972072206437587,0.13597272239625455,0.7107399380207062,0.17537821173667908,0.3004809194803238,0.10617478281259536,0.07781540334224701,0.17537821173667908,0.6439853417873382,1.5010300874710083,1.1493202447891235,1.7268623113632202,1.7014325857162476,1.9132237434387207,0.9632936716079712,1.770717978477478,3.3971383571624756,0.9178870916366577,1.3848053216934204,3.124368906021118,0.7973535060882568
241,0.0001,0.13227837182581426,0.9337514796675179,0.45433750182390215,0.7569716208551485,0.8566313908193712,57.41406178474426,0.13625804774463177,0.07105073727667331,0.08199808344244958,0.07942338354885578,0.13625804774463177,0.70883015781641,0.17375909596681594,0.2952516296505928,0.08662969321012497,0.07810826420783996,0.17375909596681594,0.650239553451538,1.4987900257110596,1.148711085319519,1.7285782098770142,1.699285626411438,1.9150669574737549,0.963275134563446,1.7716559171676636,3.3875620365142822,0.9181777238845825,1.386997103691101,3.1111433506011963,0.7975571751594543
242,0.0001,0.13679437406361103,0.9331937644738116,0.43550307214260103,0.75765754014572,0.8572602992410576,59.56598615646362,0.13503361418843268,0.07358364850282668,0.08033283151686192,0.07953027464449405,0.13503361418843268,0.7139452242851257,0.16709304630756378,0.2793362808227539,0.08440513327717782,0.07816875904798508,0.16709304630756378,0.6549933874607086,1.498405933380127,1.1463117599487305,1.7301311492919922,1.6963356733322144,1.9110792875289917,0.9638444781303406,1.769801378250122,3.3809595108032227,0.91876220703125,1.3941383361816406,3.105586051940918,0.799300491809845
243,0.0001,0.1309503474086523,0.935702341517672,0.4424393519759178,0.7668694651702158,0.8635500526557738,59.63025784492493,0.13361084043979646,0.06931544486433268,0.08218584097921848,0.07903567895293236,0.13361084043979646,0.7146602118015289,0.18056681364774704,0.2781734485924244,0.07370707660913467,0.0771193352341652,0.18056681364774704,0.6374363398551941,1.497746229171753,1.1452440023422241,1.732208013534546,1.6968190670013428,1.9106343984603882,0.9642905592918396,1.7634570598602295,3.37994122505188,0.9194169044494629,1.38837468624115,3.1108953952789307,0.79974764585495
244,0.0001,0.13274563945829868,0.9326778298063593,0.4396488574147224,0.760567656118093,0.858060312771762,59.16944622993469,0.1364749103784561,0.07243274956941605,0.08245055139064789,0.07912341356277466,0.1364749103784561,0.708402059674263,0.1668196502327919,0.28792270928621294,0.08305709540843964,0.07792184442281723,0.1668196502327919,0.654011777639389,1.4975460767745972,1.1468849182128906,1.7337853908538818,1.6992778778076172,1.90757155418396,0.965105414390564,1.7572226524353027,3.3765573501586914,0.9196678996086121,1.3757421970367432,3.108966827392578,0.7997730374336243
245,0.0001,0.1296619927883148,0.9369731344135113,0.43120548367500305,0.7706189256327484,0.8658505299065635,54.246599435806274,0.13341629520058632,0.06984548095613718,0.08188296943902969,0.07977526552975178,0.13341629520058632,0.7192514508962631,0.20156772077083587,0.25614980518817904,0.06445750311017036,0.07751412928104401,0.20156772077083587,0.6003679192066192,1.501784086227417,1.146085262298584,1.7345800399780273,1.6982916593551636,1.9018663167953491,0.9662623405456543,1.753521203994751,3.3723978996276855,0.9216355681419373,1.3868072032928467,3.106459856033325,0.8006290793418884
246,0.0001,0.1284999718517065,0.9370144882861503,0.4413231915235519,0.7784999320146997,0.870757359526685,55.89520454406738,0.13561565704643727,0.06909184876829386,0.08100585360080004,0.07893335856497288,0.13561565704643727,0.7101260486245156,0.1699997913837433,0.30485793203115463,0.09388947278261185,0.0763070172071457,0.1699997913837433,0.651677678823471,1.499049425125122,1.1468836069107056,1.7361319065093994,1.696277141571045,1.8985906839370728,0.9668399691581726,1.7513456344604492,3.3662025928497314,0.9217386841773987,1.3867344856262207,3.1035003662109375,0.8012324571609497
247,0.0001,0.1290597102791071,0.9368737665415589,0.45232089817523957,0.7645694457667558,0.8615507070657877,54.27829575538635,0.13304394491016866,0.0697304505109787,0.07995344866067171,0.0795858833193779,0.13304394491016866,0.7182163208723068,0.16984870046377182,0.2976150849461556,0.07898498430848122,0.07693088740110397,0.16984870046377182,0.6585900461673737,1.496535062789917,1.1458531618118286,1.7378698587417603,1.7011525630950928,1.8967366218566895,0.9679392576217651,1.750012755393982,3.358870506286621,0.9220776557922363,1.3864376544952393,3.09441876411438,0.8016394972801208
248,0.0001,0.12785390511155129,0.9374027992937484,0.44452053427696225,0.7544553808233756,0.8544959913989932,54.68339657783508,0.1325363862514496,0.06889495488256216,0.08065456595271826,0.07851330198347568,0.1325363862514496,0.7154843008518219,0.16536552876234054,0.28847655564546587,0.08914474695920944,0.0753805610537529,0.16536552876234054,0.6593084025382996,1.4947712421417236,1.1449161767959595,1.739493727684021,1.6959397792816162,1.90012526512146,0.9681549072265625,1.749874472618103,3.352860927581787,0.9225939512252808,1.3866199254989624,3.0892534255981445,0.8018689751625061
249,0.0001,0.13004544183611869,0.9369849150399909,0.42156054377555846,0.7796103001625199,0.8723016600760286,59.06848692893982,0.13371150471270085,0.06927656829357147,0.0809578851237893,0.07711721189320088,0.13371150471270085,0.7192060208320618,0.1595100936293602,0.2789906230568886,0.08050791755318641,0.07610827207565307,0.1595100936293602,0.6684264171123505,1.4938201904296875,1.1439400911331177,1.7410614490509033,1.696367859840393,1.90151846408844,0.96901535987854,1.7430007457733154,3.349679946899414,0.9231082797050476,1.38704252243042,3.085251569747925,0.8015289902687073
250,0.0001,0.12779354482889174,0.9378479356920458,0.4550188571214676,0.7567123853507808,0.8562577609487357,54.2525737285614,0.13201484002172947,0.06848874725401402,0.07982150580734014,0.07735439263284206,0.13201484002172947,0.7193163412809372,0.16837048828601836,0.3040204614400864,0.09224683910608292,0.07545716762542724,0.16837048828601836,0.656175571680069,1.4906631708145142,1.143402338027954,1.743135690689087,1.6872841119766235,1.8963629007339478,0.969825267791748,1.7438148260116577,3.349649667739868,0.9248493313789368,1.3866488933563232,3.0814192295074463,0.8023619651794434
251,0.0001,0.12251402646303176,0.9412833596692023,0.4119960421323776,0.7815623272944231,0.8731038422213432,55.724260091781616,0.13076026447117328,0.06601068630814552,0.0790363822504878,0.07837555535137654,0.13076026447117328,0.7203016555309296,0.17025034070014955,0.2569845399260521,0.06868543416261673,0.07768479108810425,0.17025034070014955,0.6568421614170075,1.4892730712890625,1.1410325765609741,1.7438782453536987,1.6906448602676392,1.896868109703064,0.9702026844024658,1.7406628131866455,3.3482987880706787,0.9248679876327515,1.3857429027557373,3.0783684253692627,0.8028069734573364
252,0.0001,0.12798228308558465,0.9386045184334613,0.46534081399440763,0.7645824866570443,0.8619577337193765,55.09450125694275,0.1321204996109009,0.06873379059135915,0.08112113490700722,0.07809802196919918,0.1321204996109009,0.7186049729585647,0.17105410784482955,0.29948441237211226,0.08225983411073684,0.0736032709479332,0.17105410784482955,0.6465698421001435,1.4880640506744385,1.1393251419067383,1.7449959516525269,1.691977620124817,1.8960373401641846,0.9708572030067444,1.7410876750946045,3.3425722122192383,0.9257401823997498,1.3843178749084473,3.0761406421661377,0.8028063774108887
253,0.0001,0.13097729288041593,0.9350781029563163,0.4572610524296761,0.769086890491668,0.8648459710342535,56.967962980270386,0.13613553427159786,0.0710273215174675,0.08234939500689506,0.07765151508152485,0.13613553427159786,0.7118091702461242,0.16433609545230865,0.30765300437808035,0.0845545183122158,0.07612848848104477,0.16433609545230865,0.6594682359695434,1.4885791540145874,1.140696406364441,1.7467159032821655,1.6922844648361206,1.895177960395813,0.9715799689292908,1.731437087059021,3.3387444019317627,0.9266105890274048,1.3852730989456177,3.0705745220184326,0.8029541969299316
254,0.0001,0.12926748529076576,0.937605629284645,0.5076868861913681,0.7332113142387642,0.841241484439022,52.872215270996094,0.13357151128351688,0.06915185809135437,0.08047585006803275,0.07755982920527459,0.13357151128351688,0.7185294300317764,0.19127671986818315,0.35297043979167936,0.11921735227108002,0.07377240300178528,0.19127671986818315,0.6208497488498688,1.485970377922058,1.1417464017868042,1.747957706451416,1.6799613237380981,1.8947416543960571,0.9723619222640991,1.73261559009552,3.335678815841675,0.9272624850273132,1.3897677659988403,3.0677456855773926,0.803925633430481
255,0.0001,0.13559090957045555,0.9348064464879872,0.4615937256813049,0.758993106685685,0.8577159695362533,54.02517867088318,0.14040861740708352,0.07160645447671414,0.08096299294382334,0.07718028962612151,0.14040861740708352,0.7046204015612603,0.19194861322641374,0.28406871408224105,0.06703132122755051,0.07481422662734985,0.19194861322641374,0.623853108882904,1.4903723001480103,1.143378734588623,1.749474048614502,1.68024480342865,1.8964332342147827,0.9726872444152832,1.7377291917800903,3.3409221172332764,0.9272360801696777,1.3855011463165283,3.072953224182129,0.803813099861145
256,0.0001,0.13368200607597827,0.9346340576352545,0.45990797340869904,0.7586143738302742,0.858111762887877,55.754342555999756,0.13577434562146665,0.07224090024828911,0.08261407416313887,0.07619151316583156,0.13577434562146665,0.7170059102773666,0.1726419198513031,0.31207523852586744,0.10233890771865845,0.07305275678634643,0.1726419198513031,0.6512971258163452,1.4926698207855225,1.1436790227890015,1.7514203786849976,1.686021327972412,1.8951871395111084,0.9731396436691284,1.738495945930481,3.336386203765869,0.9277722835540771,1.3776357173919678,3.0674471855163574,0.8035004734992981
257,0.0001,0.12613660968840124,0.9405043537006682,0.4166842943429947,0.7859043947191899,0.8764663961882464,51.19063663482666,0.13121245831251144,0.06805437061935664,0.07985304869711399,0.07698450036346913,0.13121245831251144,0.7220142567157746,0.1642537984251976,0.2726114201545715,0.07659625574946403,0.07423121452331544,0.1642537984251976,0.6636100029945373,1.4909589290618896,1.142837643623352,1.7524436712265015,1.6857481002807617,1.8944745063781738,0.9740790724754333,1.7358176708221436,3.3343405723571777,0.9274797439575195,1.3698606491088867,3.063412666320801,0.8038282990455627
258,0.0001,0.12480439975857735,0.939135161729718,0.41867289125919344,0.7823650555080581,0.8739462195230555,56.13655471801758,0.12983420759439468,0.06806544043123722,0.07999976940453052,0.07656482726335526,0.12983420759439468,0.7264197427034378,0.16361469507217408,0.27610781401395795,0.07917192548513413,0.07445738911628723,0.16361469507217408,0.6644758200645446,1.489693284034729,1.1436123847961426,1.7537869215011597,1.6856257915496826,1.892889380455017,0.9747297167778015,1.7321665287017822,3.330132246017456,0.9286128282546997,1.3659965991973877,3.0567734241485596,0.8043445348739624
259,0.0001,0.12342660166323186,0.9405903523082211,0.4308585011959076,0.7751721737080581,0.8695492440041716,53.14208197593689,0.1332219574600458,0.06633526278659702,0.08053810827434063,0.07595764569938183,0.1332219574600458,0.7203928709030152,0.1659283995628357,0.2892852997779846,0.08291347861289979,0.072999646961689,0.1659283995628357,0.6579836928844451,1.4862277507781982,1.142681360244751,1.7545084953308105,1.6809589862823486,1.8925962448120117,0.975322425365448,1.7256040573120117,3.3285250663757324,0.9287672638893127,1.3595153093338013,3.055276870727539,0.8049523234367371
260,0.0001,0.12228059150278568,0.9402693189434772,0.4415869337320328,0.7664180381997702,0.8629648546157652,55.887855768203735,0.13093528918921948,0.06567407894879579,0.08061137415468693,0.07536515906453133,0.13093528918921948,0.7158802872896195,0.17052210569381715,0.29396566420793535,0.09583423346281052,0.07198594868183136,0.17052210569381715,0.6561350190639496,1.4842376708984375,1.1409035921096802,1.7556848526000977,1.6836967468261719,1.8895175457000732,0.9765231609344482,1.724219560623169,3.32509183883667,0.929287850856781,1.3553106784820557,3.047952175140381,0.8052197694778442
261,0.0001,0.12670427531003953,0.9375210812118476,0.47387737929821017,0.7531351290815488,0.8550080839494991,56.57767677307129,0.13220798395574093,0.0692610913515091,0.08025530006736517,0.0747565258294344,0.13220798395574093,0.7226798591017723,0.17709225356578828,0.33550476282835007,0.10983190834522247,0.0715703284740448,0.17709225356578828,0.644693237543106,1.4809132814407349,1.1400872468948364,1.7570544481277466,1.678904414176941,1.8871797323226929,0.9771586656570435,1.7232190370559692,3.3250021934509277,0.9296547174453735,1.34942626953125,3.039341449737549,0.8051730394363403
262,0.0001,0.12203728631138802,0.942505723506279,0.44518914371728896,0.7633350886472617,0.8610329265160239,53.48294734954834,0.128093099668622,0.06606074191629886,0.07864651713520289,0.07537869125604629,0.128093099668622,0.7315873301029205,0.16206404000520705,0.2993081656098366,0.0800574341416359,0.0737870517373085,0.16206404000520705,0.6670794415473938,1.4817718267440796,1.1388959884643555,1.7578251361846924,1.6801282167434692,1.8892260789871216,0.9775984287261963,1.716334581375122,3.3202075958251953,0.9296417832374573,1.346230387687683,3.030000686645508,0.805539608001709
263,0.0001,0.12395698204636574,0.9401599993790416,0.45807643949985505,0.7626801865384162,0.8605160604264777,50.2677948474884,0.13325029119849205,0.06664762079715729,0.08002297569066286,0.07557999566197396,0.13325029119849205,0.7177592730522155,0.16964996367692947,0.30123801559209823,0.0762723821401596,0.0754327541589737,0.16964996367692947,0.6489825296401978,1.4820483922958374,1.1385937929153442,1.7586243152618408,1.6758637428283691,1.8885031938552856,0.977767288684845,1.7159652709960938,3.3223438262939453,0.9296519160270691,1.3437832593917847,3.0199220180511475,0.8053665161132812
264,0.0001,0.13184462264180183,0.933334608735516,0.42720711350440976,0.7761621346672505,0.8692452074967174,51.96997618675232,0.1334557519108057,0.07145032703876496,0.08084487833082676,0.0752787870913744,0.1334557519108057,0.7200898438692093,0.16932235956192015,0.2851949346065521,0.0974808046221733,0.06781865239143371,0.16932235956192015,0.6617181205749512,1.487478256225586,1.139867901802063,1.7594465017318726,1.6837208271026611,1.8870824575424194,0.9785424470901489,1.724069356918335,3.3278236389160156,0.9312566518783569,1.3580842018127441,3.0297391414642334,0.8075531125068665
265,0.0001,0.1284326782822609,0.9383539821453268,0.41520913124084474,0.7817671860006581,0.8732266369489113,50.27881121635437,0.1301626431196928,0.06975108463317156,0.08116874743252993,0.07224542059004307,0.1301626431196928,0.7268845209479332,0.16614861518144608,0.2713826596736908,0.07697297021746635,0.07159545063972474,0.16614861518144608,0.6573231673240661,1.4884470701217651,1.1389148235321045,1.7603093385696411,1.6829124689102173,1.885581374168396,0.9793043732643127,1.721293568611145,3.3246030807495117,0.9315519332885742,1.357616662979126,3.0198991298675537,0.8087303638458252
266,0.0001,0.12298890940845013,0.9415103251194252,0.4204275506734848,0.7810851787968002,0.8726152379217931,55.577152967453,0.12794004432857037,0.06586628120392561,0.07983928095549345,0.07399191088974476,0.12794004432857037,0.7268932586908341,0.16221898674964905,0.27949734926223757,0.08245877027511597,0.07186666429042816,0.16221898674964905,0.6613686239719391,1.4864542484283447,1.137832522392273,1.7618229389190674,1.6746760606765747,1.8829690217971802,0.9799354672431946,1.71952486038208,3.320713520050049,0.9318125247955322,1.3560189008712769,3.0163166522979736,0.8091235756874084
267,0.0001,0.11678949542343617,0.9450727449046255,0.42551697194576266,0.7790430388393588,0.8716045355848852,54.93527173995972,0.1259606272727251,0.06296833120286464,0.07773883417248725,0.07461686618626118,0.1259606272727251,0.7342207306623458,0.16520508885383606,0.2848674601316452,0.07907968327403068,0.07258635073900223,0.16520508885383606,0.6643308687210083,1.4828966856002808,1.13632071018219,1.7632038593292236,1.6711703538894653,1.8807659149169922,0.9803957343101501,1.713767170906067,3.3140883445739746,0.9325982332229614,1.3536062240600586,3.012704372406006,0.8093265295028687
268,0.0001,0.12190842136740684,0.9409570168889917,0.45058630645275116,0.7578295301872494,0.8570985568849367,55.70549249649048,0.1275398301333189,0.06570522848516702,0.07882211647927762,0.07410462431609631,0.1275398301333189,0.7275975006818771,0.1673503628373146,0.3052436380088329,0.09123793840408326,0.07197761625051498,0.1673503628373146,0.6590378320217133,1.4804259538650513,1.1338727474212646,1.7642520666122437,1.6680164337158203,1.8813436031341553,0.981255829334259,1.7120075225830078,3.3099629878997803,0.9328452348709106,1.3492342233657837,3.005437135696411,0.809092104434967
269,0.0001,0.1185152617841959,0.9439129348067694,0.42078323125839234,0.7838701767703479,0.8742198300394185,55.096927881240845,0.12906560972332953,0.06311606623232364,0.07919268772006034,0.07300467126071453,0.12906560972332953,0.7286565965414047,0.1606231939792633,0.28303524732589724,0.0811075945198536,0.0728841930627823,0.1606231939792633,0.6666651725769043,1.4826112985610962,1.133042573928833,1.764968991279602,1.671323537826538,1.8767309188842773,0.9820387363433838,1.7065197229385376,3.3083548545837402,0.9333651065826416,1.341984510421753,3.0032215118408203,0.8099305033683777
270,0.0001,0.11835921801626682,0.9442597774350523,0.4265190044045448,0.7823252980678654,0.8732057815640162,53.80453586578369,0.1298467592149973,0.0632788759097457,0.07932024095207453,0.07360628917813301,0.1298467592149973,0.7230500781536102,0.16752769023180009,0.27922564968466757,0.07591262578964234,0.07136634588241578,0.16752769023180009,0.6594597113132477,1.4788118600845337,1.132423996925354,1.766255259513855,1.6664893627166748,1.877894401550293,0.9831148982048035,1.7011781930923462,3.3036811351776123,0.9346457123756409,1.343526005744934,3.0035951137542725,0.8109341859817505
271,0.0001,0.12095813728868961,0.9423979024195187,0.44664349019527433,0.7730827229377806,0.8674414636586476,61.472153663635254,0.1294818665832281,0.06569113589823246,0.07823989614844322,0.07342576496303081,0.1294818665832281,0.7296262615919114,0.16682666033506394,0.298637475669384,0.08209001421928405,0.07027608722448349,0.16682666033506394,0.6584840023517609,1.4778372049331665,1.1329107284545898,1.7677398920059204,1.665441632270813,1.8776201009750366,0.983623206615448,1.6987515687942505,3.300778388977051,0.9348377585411072,1.3347822427749634,3.000786781311035,0.8104451894760132
272,0.0001,0.11680486395955086,0.9452769765277622,0.421598944067955,0.7831565996087098,0.8738426927152112,58.34948754310608,0.12623477086424828,0.06319082651287317,0.07927693519741297,0.07300445728003979,0.12623477086424828,0.7307963097095489,0.16970442980527878,0.2752505819499493,0.06921208217740059,0.07240562230348586,0.16970442980527878,0.6485222125053406,1.4745512008666992,1.1318509578704834,1.7688120603561401,1.663279414176941,1.8779217004776,0.9839338064193726,1.6928703784942627,3.296226978302002,0.9356375336647034,1.324825406074524,2.9954278469085693,0.8107471466064453
273,0.0001,0.11792587168514729,0.9432576404578776,0.43319316595792773,0.7777513964703114,0.8705165448227038,58.22327399253845,0.12469145193696023,0.06488062411546708,0.07789203487336635,0.07293307229876518,0.12469145193696023,0.7359174722433091,0.15923878997564317,0.2875402158498764,0.07312184482812882,0.07203415870666503,0.15923878997564317,0.6744302415847778,1.4728248119354248,1.1312282085418701,1.7696231603622437,1.6591757535934448,1.8763123750686646,0.9847071170806885,1.6852749586105347,3.291168451309204,0.9348304867744446,1.3197942972183228,2.989492654800415,0.8105210065841675
274,0.0001,0.11985431216657162,0.9423874415258023,0.4339806193113327,0.7787055992493405,0.8713658309308303,55.280150413513184,0.1283440847694874,0.06487334396690131,0.07871604643762112,0.07318716771900653,0.1283440847694874,0.7271188449859619,0.16402296036481856,0.29746589303016663,0.08485483050346375,0.07025557219982147,0.16402296036481856,0.6619735550880432,1.4718636274337769,1.1309208869934082,1.7712924480438232,1.662916660308838,1.875238299369812,0.9858897924423218,1.6792043447494507,3.289280652999878,0.9348787069320679,1.3160418272018433,2.989079236984253,0.8113565444946289
275,0.0001,0.11856547385454178,0.9430301416717612,0.4453477025032043,0.7738600305027136,0.8679536985272606,53.874977588653564,0.12518815368413924,0.06428187202662229,0.0772335446625948,0.07344956271350384,0.12518815368413924,0.7331167167425156,0.21208643764257432,0.2662583860754967,0.055557796135544776,0.07260315924882889,0.21208643764257432,0.5862570536136628,1.4690295457839966,1.1297720670700073,1.7717833518981934,1.657429814338684,1.8724910020828247,0.9864669442176819,1.680000901222229,3.2862656116485596,0.9354886412620544,1.3168820142745972,2.9802422523498535,0.8122913837432861
276,0.0001,0.11931723661720753,0.9439685538250874,0.4374902430176735,0.778023956557943,0.8703611936969337,50.813424587249756,0.12845175594091415,0.06418450579047202,0.07792062275111675,0.07261043429374694,0.12845175594091415,0.7294307518005371,0.16710516333580017,0.29363287627696993,0.07260279387235641,0.07041566371917725,0.16710516333580017,0.6584888732433319,1.4680699110031128,1.1283520460128784,1.772665023803711,1.661211371421814,1.870481014251709,0.9872061610221863,1.6748017072677612,3.2813735008239746,0.9356186389923096,1.317222237586975,2.974255084991455,0.812997579574585
277,0.0001,0.1349162570387125,0.9307446625602073,0.504973720908165,0.7250568199336381,0.8350565176314736,52.1512246131897,0.13523007161915301,0.07426476165652275,0.08017569866031408,0.07261493466794491,0.13523007161915301,0.7144081735610962,0.19338409036397933,0.3418875896930695,0.09966615498065949,0.06849531948566437,0.19338409036397933,0.609985214471817,1.4734187126159668,1.1340192556381226,1.7739490270614624,1.672406554222107,1.8755000829696655,0.9883303046226501,1.6751283407211304,3.2810938358306885,0.9368634819984436,1.324874758720398,2.977912425994873,0.8144659399986267
278,0.0001,0.12941635012626648,0.937508289427392,0.44418606638908387,0.7568493431089688,0.8566030143053979,52.75654911994934,0.1336725640296936,0.06857987711206079,0.08007015161216259,0.07221313409507274,0.1336725640296936,0.7172658509016037,0.16430011838674546,0.2909702518582344,0.0794420139491558,0.07015724688768386,0.16430011838674546,0.657421144247055,1.4756660461425781,1.1342222690582275,1.775592565536499,1.6682829856872559,1.8720223903656006,0.9889442324638367,1.663542628288269,3.2881178855895996,0.9364396333694458,1.322026252746582,2.9836232662200928,0.8148126006126404
279,0.0001,0.1200951486825943,0.9426392211383713,0.4416352671384811,0.7798591354593895,0.8717427490017993,58.09400153160095,0.12770526349544525,0.06484141537919641,0.08012230478227139,0.07260004065930843,0.12770526349544525,0.7272925889492035,0.1665432819724083,0.29931956648826596,0.07870767116546631,0.06940237209200859,0.1665432819724083,0.6563206398487091,1.474716067314148,1.132881760597229,1.7763519287109375,1.6663488149642944,1.8691314458847046,0.9892255663871765,1.6651870012283325,3.282697916030884,0.9367738366127014,1.3262966871261597,2.9815878868103027,0.8149024248123169
280,0.0001,0.12041151255369187,0.9429671981530795,0.4449216514825821,0.7743332477600953,0.8677878490589371,53.75646758079529,0.1252187232673168,0.06556363623589277,0.07757410172373057,0.07294276975095272,0.1252187232673168,0.7341411232948303,0.17563070476055145,0.28336990386247635,0.06287640452384949,0.07247975036501884,0.17563070476055145,0.6423553717136383,1.4735612869262695,1.1326488256454468,1.7773743867874146,1.665505051612854,1.8685036897659302,0.9895952343940735,1.6622118949890137,3.280905246734619,0.9370989203453064,1.3216418027877808,2.9743528366088867,0.8152636885643005
281,0.0001,0.11752845317125321,0.9440959829691603,0.4380834200978279,0.776961821309522,0.8693319255355892,55.76314902305603,0.1264973672479391,0.0638548062928021,0.07934427805244923,0.07279490321874618,0.1264973672479391,0.7324069222807884,0.1603236359357834,0.29941229373216627,0.08236601293087005,0.07026280507445336,0.1603236359357834,0.6721838724613189,1.4719045162200928,1.1318414211273193,1.778304934501648,1.663325309753418,1.8678584098815918,0.9900715947151184,1.65998375415802,3.276874542236328,0.9374819397926331,1.317482352256775,2.9697842597961426,0.8157501220703125
282,0.0001,0.1159817610681057,0.946210852504148,0.4351313227415085,0.7754430657996063,0.868371528468451,57.50399422645569,0.12349198520183563,0.06277522647753359,0.07677690852433443,0.07317218236625195,0.12349198520183563,0.7358173495531082,0.1705968552827835,0.28336258351802823,0.0679621535539627,0.07303112372756004,0.1705968552827835,0.6582466089725494,1.4694186449050903,1.1310272216796875,1.7789093255996704,1.6632791757583618,1.8672207593917847,0.9906193017959595,1.657785415649414,3.2724592685699463,0.937985360622406,1.3163821697235107,2.9638001918792725,0.8162120580673218
283,0.0001,0.11744892351329327,0.9441786048116224,0.4593569612503052,0.773085244254414,0.8675251951136695,54.81385064125061,0.12691733211278916,0.0634092129021883,0.07787002965807915,0.07365700043737888,0.12691733211278916,0.7355471247434616,0.15889181047677994,0.3300497657060623,0.08504366755485535,0.0713261117041111,0.15889181047677994,0.6623362851142883,1.4683974981307983,1.1301254034042358,1.779779076576233,1.659628987312317,1.8655409812927246,0.991356611251831,1.6506332159042358,3.271932363510132,0.9376299977302551,1.3120392560958862,2.957510232925415,0.8161876201629639
284,0.0001,0.12550192579627037,0.9398832845493276,0.43190256476402283,0.7821901804923419,0.873604645824129,47.753519773483276,0.12548590876162052,0.06690692767500878,0.07823026355355978,0.07219169151037931,0.12548590876162052,0.7320713958144188,0.16121595621109008,0.28827813804149627,0.07601327881217003,0.07026381000876426,0.16121595621109008,0.6692109954357147,1.4697712659835815,1.12975013256073,1.780495047569275,1.67022705078125,1.8683356046676636,0.9928910136222839,1.651227355003357,3.2713558673858643,0.9407308101654053,1.3105645179748535,2.9580628871917725,0.8186612129211426
285,0.0001,0.11914696283638478,0.9422892177710172,0.4372467690706253,0.7747794184311091,0.8686031203984331,48.099273681640625,0.12620020508766175,0.0644257216155529,0.0775328829512,0.07246732175350189,0.12620020508766175,0.7360939991474151,0.1667391127347946,0.28712888225913047,0.07006023645401001,0.07067997813224793,0.1667391127347946,0.6603459012508393,1.469927191734314,1.1290192604064941,1.7814174890518188,1.6695390939712524,1.8671611547470093,0.9933909773826599,1.643105387687683,3.269892692565918,0.940896213054657,1.3085076808929443,2.9526240825653076,0.8185586333274841
286,0.0001,0.11720134131610394,0.9436478529349879,0.4269699317216873,0.775816820818448,0.8693322952610721,63.42794179916382,0.12255172342061997,0.06392862558364869,0.07646939892321825,0.07215871538966895,0.12255172342061997,0.7420529443025589,0.1589457446336746,0.2827774977684021,0.0778910082578659,0.07002928420901298,0.1589457446336746,0.667914445400238,1.466809868812561,1.1276767253875732,1.7824132442474365,1.6618940830230713,1.8667433261871338,0.9940352439880371,1.6361480951309204,3.267014741897583,0.9411715269088745,1.3048784732818604,2.949122428894043,0.8182394504547119
287,0.0001,0.11333957448601722,0.9470884606493835,0.45336813390254976,0.7699168929166386,0.8653226246258916,52.81857371330261,0.1235209085047245,0.06150903943926096,0.07632609445601701,0.07202833272516727,0.1235209085047245,0.7394062381982803,0.16593118280172348,0.30917964935302733,0.07380292266607284,0.0705357638001442,0.16593118280172348,0.6569012749195099,1.4647926092147827,1.1268352270126343,1.7829960584640503,1.6570193767547607,1.8660082817077637,0.9944141507148743,1.629490852355957,3.263355255126953,0.9413915276527405,1.300475835800171,2.94511079788208,0.8184460997581482
288,0.0001,0.11659020818769932,0.9452366374918094,0.45616761267185213,0.7620451258515064,0.8595632403935234,56.28925371170044,0.1261536940187216,0.06350286196917296,0.07829478379338979,0.07206459440290928,0.1261536940187216,0.7339513286948204,0.16014949798583986,0.31799435064196585,0.09142866820096969,0.06991740822792053,0.16014949798583986,0.6683214473724365,1.4635050296783447,1.1258528232574463,1.7841006517410278,1.6509406566619873,1.8636338710784912,0.994544267654419,1.6281131505966187,3.258190393447876,0.9415573477745056,1.294815182685852,2.942638635635376,0.8191567063331604
289,0.0001,0.11559064283967019,0.9465956102702284,0.43358626037836073,0.7775701591391696,0.8699935744341072,54.396358489990234,0.1234789239615202,0.0625288887694478,0.07701692391186953,0.07263566713780165,0.1234789239615202,0.7400940144062043,0.16717604130506517,0.283373990803957,0.06792782172560692,0.07066433250904083,0.16717604130506517,0.6604527616500855,1.4646084308624268,1.1249172687530518,1.7848303318023682,1.6498911380767822,1.8624268770217896,0.9947380423545837,1.6257096529006958,3.254408359527588,0.9414012432098389,1.2915291786193848,2.9381322860717773,0.8189576864242554
290,0.0001,0.11101225964725017,0.9485330081733977,0.43789726167917253,0.7762146212246571,0.8693935531868583,61.31306600570679,0.11988151490688324,0.06072098251432181,0.07614873882383108,0.07247478038072586,0.11988151490688324,0.7445178806781769,0.1612802702188492,0.2987328091263771,0.08186364740133285,0.06971816793084144,0.1612802702188492,0.6709101462364196,1.4647594690322876,1.124761700630188,1.785427451133728,1.6456382274627686,1.8612968921661377,0.9953877329826355,1.6215887069702148,3.2508373260498047,0.9413224458694458,1.2910255193710327,2.9332289695739746,0.8191772103309631
291,0.0001,0.11163327388465405,0.9482050426013161,0.43101965606212617,0.7792250841486534,0.8712026704459014,55.45950102806091,0.12115589879453183,0.060882275849580766,0.07643424812704325,0.07271629273891449,0.12115589879453183,0.7431870728731156,0.1617121008038521,0.2881764814257622,0.07350730925798415,0.07164754450321198,0.1617121008038521,0.6640480089187623,1.4638218879699707,1.1223706007003784,1.786192774772644,1.6417343616485596,1.8579925298690796,0.9958595037460327,1.6221779584884644,3.2444474697113037,0.9415517449378967,1.2864705324172974,2.924915075302124,0.8192383646965027
292,0.0001,0.11339489422738552,0.9465664277033292,0.4434907692670822,0.774835338872747,0.8681540882461803,56.33559322357178,0.1253498137742281,0.06187600705772638,0.07584695465862751,0.07261167079210282,0.1253498137742281,0.73823899269104,0.16883758187294007,0.2981883443892002,0.07463554903864861,0.07122241318225861,0.16883758187294007,0.6573847544193268,1.4629342555999756,1.1218491792678833,1.786827564239502,1.6433722972869873,1.8580619096755981,0.9960173964500427,1.619490623474121,3.2397477626800537,0.941511869430542,1.2830411195755005,2.921998977661133,0.8189731240272522
293,0.0001,0.11466997921466827,0.9457842756090965,0.44426791697740553,0.772712347698887,0.8672290727311183,53.86203694343567,0.12475009463727474,0.06244180019944906,0.07634880356490611,0.07306667380034923,0.12475009463727474,0.7400112181901932,0.16436598122119903,0.3005033668875694,0.08000212401151657,0.07021218925714492,0.16436598122119903,0.6639299833774567,1.460618257522583,1.1212455034255981,1.787362813949585,1.6419471502304077,1.8584647178649902,0.9962755441665649,1.6159226894378662,3.2393791675567627,0.9415566921234131,1.2848917245864868,2.918696403503418,0.8193437457084656
294,0.0001,0.11113243758678436,0.9476544742272591,0.43846029937267306,0.7728251727262525,0.8666244624233641,52.62110424041748,0.12308757595717906,0.06033357240259647,0.07600067306309938,0.07258729569613934,0.12308757595717906,0.7393446636199951,0.16680403798818588,0.30536927536129954,0.09613671243190765,0.06947328954935074,0.16680403798818588,0.6615647971630096,1.4577343463897705,1.1210862398147583,1.7883151769638062,1.6363190412521362,1.857431173324585,0.9966797828674316,1.6115434169769287,3.2370171546936035,0.9417703747749329,1.2792867422103882,2.916954517364502,0.8195943832397461
295,0.0001,0.11913440547883511,0.9452752324465625,0.43251050531864166,0.7774228289388967,0.8697266777380402,57.53743362426758,0.12689787305891514,0.06491544306278228,0.07565349347889423,0.07208757251501083,0.12689787305891514,0.7346851909160614,0.16801600366830827,0.2755346786975861,0.0700768193602562,0.0698609060049057,0.16801600366830827,0.6625359177589416,1.4561927318572998,1.1205540895462036,1.7891122102737427,1.636765480041504,1.8582054376602173,0.9975029230117798,1.6035243272781372,3.233942985534668,0.9418578147888184,1.273669958114624,2.9164066314697266,0.8199995160102844
296,0.0001,0.11305071391165257,0.9459903201096467,0.4377356243133545,0.7730826898579554,0.8664631482220542,55.91387438774109,0.12251988545060158,0.06111616011708975,0.07685059934854507,0.07218662180006503,0.12251988545060158,0.7383935880661011,0.16434390634298324,0.2909857413172722,0.07634798347949982,0.06995540574193,0.16434390634298324,0.6674628674983978,1.4559862613677979,1.1207598447799683,1.7897638082504272,1.6336952447891235,1.8576476573944092,0.9982283711433411,1.6028903722763062,3.232783079147339,0.9421559572219849,1.2742141485214233,2.9171319007873535,0.8206333518028259
297,0.0001,0.11328723385930062,0.9468112873753253,0.4515059399604797,0.7773032182756728,0.8695013634772483,54.08445405960083,0.12137147486209869,0.06167065922170877,0.07526703853160142,0.07162721671164035,0.12137147486209869,0.7446227091550827,0.17536055609583856,0.2932008662819862,0.06361300483345986,0.07081934437155724,0.17536055609583856,0.6480662798881531,1.4551029205322266,1.1199451684951782,1.7905590534210205,1.6367928981781006,1.8561627864837646,0.9986536502838135,1.6005595922470093,3.2285943031311035,0.9425613284111023,1.2708420753479004,2.913898229598999,0.8200125694274902
298,0.0001,0.10975275598466397,0.9494812104102018,0.43910073637962344,0.783903531125941,0.873797208857296,57.97139096260071,0.12383533529937267,0.05891768215224147,0.07600177925080061,0.07138747617602348,0.12383533529937267,0.7380390068888665,0.15915634900331496,0.2987362107634544,0.0747740264236927,0.07052774176001549,0.15915634900331496,0.6718014609813691,1.451133131980896,1.1190299987792969,1.7912156581878662,1.629224419593811,1.8539574146270752,0.9988925457000732,1.5988157987594604,3.2267990112304688,0.9428536891937256,1.2691736221313477,2.9087753295898438,0.8200724720954895
299,0.0001,0.1099304647743702,0.9470935033472583,0.4423531532287598,0.7770991648981184,0.8692035700029804,55.9622802734375,0.12119300186634063,0.05975555863231421,0.07547238759696484,0.07169348694384098,0.12119300186634063,0.741737764775753,0.16111137956380844,0.30479210421442987,0.08242455989122391,0.06908811330795288,0.16111137956380844,0.6676134502887726,1.4505574703216553,1.1176735162734985,1.7917912006378174,1.6257909536361694,1.8528634309768677,0.9994425177574158,1.5950706005096436,3.220397710800171,0.9425341486930847,1.2641286849975586,2.9047677516937256,0.8202157020568848
300,0.0001,0.10975967735052108,0.9479600415734801,0.44098188042640685,0.7803084880433651,0.8716947986804793,59.586302757263184,0.11979195713996887,0.05927456472069025,0.07540196094661951,0.07130900740623475,0.11979195713996887,0.7438885241746902,0.1641383996605873,0.30175925672054293,0.07474981218576432,0.06974384978413582,0.1641383996605873,0.6664946293830871,1.4503896236419678,1.1178008317947388,1.7924509048461914,1.6261390447616577,1.853037714958191,0.9993515014648438,1.5928221940994263,3.220245122909546,0.942836582660675,1.2631627321243286,2.9011993408203125,0.8205018639564514
301,0.0001,0.11063543625175953,0.9491847017976447,0.44642037093639375,0.7775966232379635,0.8698181400359996,57.48844814300537,0.12354283079504967,0.05971914017572999,0.07554998688399792,0.07242514066398144,0.12354283079504967,0.7413047894835472,0.16489035934209822,0.30424649715423585,0.07429735228419304,0.07165547966957092,0.16489035934209822,0.6632291090488434,1.4499274492263794,1.1166086196899414,1.7934410572052002,1.6242698431015015,1.850281000137329,0.9997600317001343,1.5889707803726196,3.216273307800293,0.9430604577064514,1.261532187461853,2.8998303413391113,0.8207601308822632
302,0.0001,0.10997953109443187,0.9492067972546095,0.45384545415639876,0.7792150747877329,0.8705658963856652,61.47937297821045,0.12178154475986958,0.059739173129200934,0.07515704508870841,0.07310035787522792,0.12178154475986958,0.7416280090808869,0.16595278024673463,0.30452187567949296,0.06599815413355828,0.07250031679868699,0.16595278024673463,0.657816219329834,1.4486374855041504,1.115269660949707,1.794278621673584,1.625678300857544,1.8486038446426392,1.0004006624221802,1.5842905044555664,3.212216854095459,0.9433215856552124,1.258281946182251,2.8970234394073486,0.820902943611145
303,0.0001,0.10957766741514206,0.9491362335550528,0.44293483704328535,0.7821112364356554,0.872550557521493,54.13276505470276,0.12124891102313995,0.06034825082868338,0.07561534382402897,0.07201927810907365,0.12124891102313995,0.7440880888700485,0.16471934854984283,0.3000471964478493,0.07002056017518044,0.07089552402496338,0.16471934854984283,0.6664327037334442,1.4472720623016357,1.1148141622543335,1.7954741716384888,1.62376868724823,1.846767544746399,1.0009188652038574,1.5829381942749023,3.2107632160186768,0.9433782696723938,1.2542306184768677,2.8953099250793457,0.8209083080291748
304,0.0001,0.10947505362331868,0.9505143721738284,0.47190230548381806,0.7711519613962687,0.8657720307650272,56.72928333282471,0.12014345973730087,0.058951898701488974,0.0753993808850646,0.07196696162223816,0.12014345973730087,0.7484358644485474,0.1625645053386688,0.33508132949471475,0.08479922026395798,0.06951914563775062,0.1625645053386688,0.6646125888824463,1.4460359811782837,1.113985300064087,1.7962522506713867,1.6188489198684692,1.8454715013504028,1.001219391822815,1.5787851810455322,3.2066614627838135,0.9432518482208252,1.2556405067443848,2.888692617416382,0.8205363154411316
305,0.0001,0.10699252471327782,0.9514978200306843,0.4415988838672638,0.780615269704736,0.8717149364671266,58.265819787979126,0.11925511375069618,0.05731257118284702,0.07438754934817553,0.07259535193443298,0.11925511375069618,0.7505357587337493,0.17276524871587753,0.2886179268360138,0.06386163026094437,0.07242535322904586,0.17276524871587753,0.6556128072738647,1.4466297626495361,1.112973928451538,1.7970439195632935,1.6151093244552612,1.8449976444244385,1.0016621351242065,1.5763765573501587,3.203366994857788,0.9433420896530151,1.2507020235061646,2.8835854530334473,0.8207765817642212
306,0.0001,0.10900777377188206,0.9496912141172977,0.4551735070347786,0.7677507944242902,0.8631886041025529,57.69230771064758,0.12193131946027279,0.05910400163382292,0.0753980091586709,0.0722104773670435,0.12193131946027279,0.7390725058317185,0.1643066942691803,0.3116737872362137,0.07926961421966552,0.07091918587684631,0.1643066942691803,0.6697174441814423,1.4452985525131226,1.1129088401794434,1.7975807189941406,1.612231969833374,1.8437379598617554,1.0020296573638916,1.570083498954773,3.199984550476074,0.9430369138717651,1.2445201873779297,2.882491111755371,0.8203212022781372
307,0.0001,0.10767226256430149,0.9504757309996756,0.44471776485443115,0.7799897472021567,0.8718676776366407,55.87802338600159,0.12048155643045902,0.058453517463058234,0.07529200579971075,0.07220207154750824,0.12048155643045902,0.7436702424287795,0.15903888136148453,0.3087299759685993,0.0778457146883011,0.07043469458818435,0.15903888136148453,0.674281564950943,1.4439364671707153,1.1119693517684937,1.7980544567108154,1.6108245849609375,1.8406143188476562,1.0023695230484009,1.5699011087417603,3.1954755783081055,0.942901611328125,1.240427851676941,2.879592180252075,0.8203762769699097
308,0.0001,0.1098502741008997,0.9493902638501938,0.4523472535610199,0.774624389290668,0.8685000996238137,57.85088658332825,0.12269713640213013,0.05878132253885269,0.07508136726915836,0.07271787002682686,0.12269713640213013,0.7408361595869064,0.16135627835988997,0.3142318537831306,0.07678638651967049,0.07061208844184876,0.16135627835988997,0.6636736559867858,1.4415086507797241,1.111205816268921,1.7986159324645996,1.6104556322097778,1.838789701461792,1.0026743412017822,1.5663985013961792,3.1936535835266113,0.9434924125671387,1.2390860319137573,2.8756136894226074,0.8205744028091431
309,0.0001,0.10822261683642864,0.9505184525883766,0.45665083825588226,0.7703681752173535,0.8644861583819512,56.70520830154419,0.12102987781167031,0.05905064921826124,0.07524438492953778,0.07262273155152797,0.12102987781167031,0.7465294414758682,0.1687915152311325,0.32205540806055066,0.09307558476924896,0.06995776191353797,0.1687915152311325,0.6607581984996795,1.4422338008880615,1.1113032102584839,1.7994225025177002,1.6043784618377686,1.8366390466690063,1.0029813051223755,1.5618191957473755,3.192272424697876,0.9433501362800598,1.2362596988677979,2.871924638748169,0.8208025097846985
310,0.0001,0.10928812712430953,0.9503727032303828,0.4388855612277985,0.7733290233164771,0.8665928028702331,56.2165584564209,0.12079993914812803,0.05913697281852365,0.07468067433685065,0.07273922126740218,0.12079993914812803,0.7437732869386673,0.1587396478652954,0.31143997341394425,0.08743722409009934,0.07088505685329437,0.1587396478652954,0.6683592331409455,1.4422290325164795,1.1101351976394653,1.7995015382766724,1.6053563356399536,1.8333992958068848,1.0033537149429321,1.5611385107040405,3.191344738006592,0.9436896443367004,1.2330329418182373,2.869507312774658,0.8211657404899597
311,0.0001,0.10956135764718056,0.9489571496141277,0.4344863650202751,0.7743608012017128,0.8677868990243249,196.69572925567627,0.12423128515481949,0.05939486265182495,0.07548305530101061,0.07207474373281002,0.12423128515481949,0.7342277550697327,0.1586335688829422,0.30401387393474577,0.08600416272878647,0.06993831485509873,0.1586335688829422,0.6722504627704621,1.4414958953857422,1.1088303327560425,1.8002616167068481,1.601050615310669,1.8327217102050781,1.0039381980895996,1.5615893602371216,3.187603712081909,0.9438399076461792,1.2308639287948608,2.8636772632598877,0.821582019329071
312,0.0001,0.1085475230962038,0.9491898434591406,0.45342386424541475,0.7734663581262197,0.8668735408217446,165.63467860221863,0.12011024214327336,0.059373270943760874,0.07575501218438148,0.07187685266137123,0.12011024214327336,0.7454722061753273,0.1620507988333702,0.3178408098220825,0.07950147032737732,0.06953357189893722,0.1620507988333702,0.6694548666477204,1.440264105796814,1.1091375350952148,1.8009874820709229,1.6030523777008057,1.8319447040557861,1.0043665170669556,1.5574465990066528,3.1841251850128174,0.943699061870575,1.224548101425171,2.8600070476531982,0.8212907314300537
313,0.0001,0.1088534839078784,0.9498259766938714,0.4367880854010582,0.7779989759657403,0.8697406687810834,175.28174257278442,0.12192476365715266,0.058974742256104946,0.0738459012657404,0.07221534568816423,0.12192476365715266,0.7414859116077424,0.16497722819447516,0.2888231694698334,0.06853912711143494,0.0709664936363697,0.16497722819447516,0.6681252229213714,1.4404093027114868,1.1097482442855835,1.801524043083191,1.597209095954895,1.8301283121109009,1.0048941373825073,1.5529141426086426,3.181865692138672,0.9439605474472046,1.218030571937561,2.8572885990142822,0.8216928839683533
314,0.0001,0.1070877006649971,0.9501132366294581,0.4453550589084625,0.7763614200988022,0.8692237370974881,202.29244232177734,0.11632409319281578,0.059036487340927125,0.0744779734313488,0.0717284220457077,0.11632409319281578,0.753058203458786,0.16245876967906953,0.3129397320747376,0.08299694716930389,0.06933296397328377,0.16245876967906953,0.6710816895961762,1.4398138523101807,1.1088861227035522,1.8020435571670532,1.596475601196289,1.8310908079147339,1.0053093433380127,1.5502172708511353,3.1773715019226074,0.9438565969467163,1.2163803577423096,2.854807138442993,0.821308970451355
315,0.0001,0.10541260026395322,0.9512156341373431,0.4469167199730873,0.7754242848904862,0.8680659736021729,195.809308052063,0.11864880904555321,0.057175347581505775,0.07363979283720255,0.07178999565541744,0.11864880904555321,0.7521633857488632,0.1687623779475689,0.2975155015289783,0.06648630067706109,0.07014913648366929,0.1687623779475689,0.6611278975009918,1.43659508228302,1.10820472240448,1.802660346031189,1.5955944061279297,1.8289309740066528,1.005954623222351,1.5505566596984863,3.174212694168091,0.9440922737121582,1.2156821489334106,2.849564552307129,0.8216173052787781
316,0.0001,0.1055247824639082,0.9519601161558624,0.44718292146921157,0.7760072839224431,0.8686565117944892,181.67785954475403,0.1191786665469408,0.05696690589189529,0.07483055446296931,0.0710377722978592,0.1191786665469408,0.749657735824585,0.16747941046953202,0.3020939086377621,0.07844452261924743,0.06839224308729172,0.16747941046953202,0.6619918715953826,1.4363611936569214,1.1077584028244019,1.8031830787658691,1.5947495698928833,1.8274171352386475,1.0061678886413574,1.551415205001831,3.1700494289398193,0.9440284371376038,1.2161710262298584,2.8456146717071533,0.821904182434082
317,0.0001,0.10431402109563351,0.9527612916854806,0.4513785243034363,0.7735269188972103,0.8663954303087735,256.3137791156769,0.1192599382251501,0.05686589350923896,0.07388558950275183,0.07106179431080818,0.1192599382251501,0.7444256103038788,0.1627885568141937,0.32181042671203614,0.08229266583919526,0.06891019091010094,0.1627885568141937,0.6706722450256347,1.434437870979309,1.1068956851959229,1.803456425666809,1.591803789138794,1.8257431983947754,1.0064927339553833,1.5463659763336182,3.167309522628784,0.9442529678344727,1.2117887735366821,2.8411917686462402,0.8222473859786987
318,0.0001,0.10766551487147807,0.9488495113037259,0.48065819323062897,0.7603449494481189,0.8586540634534461,273.76515793800354,0.11921621829271317,0.05907233390957117,0.073449192866683,0.07077710144221783,0.11921621829271317,0.7503357231616974,0.1613850037753582,0.3325887721776962,0.07656124040484429,0.0682354374229908,0.1613850037753582,0.67299267411232,1.4337153434753418,1.107325553894043,1.8040201663970947,1.5898598432540894,1.8267552852630615,1.0068305730819702,1.5425395965576172,3.165469169616699,0.9441940188407898,1.2144123315811157,2.841181755065918,0.8215967416763306
319,0.0001,0.10495051704347133,0.9520624019372026,0.4489162740111351,0.7716404313697831,0.8655343453029043,226.09480786323547,0.11700406439602375,0.057145488001406196,0.07348886828869582,0.07052072793245316,0.11700406439602375,0.7524312156438827,0.15942658215761185,0.3084375822544098,0.07450289472937584,0.06849653750658036,0.15942658215761185,0.6774257326126099,1.4351876974105835,1.107020616531372,1.8046104907989502,1.5917742252349854,1.8262859582901,1.0072790384292603,1.5389024019241333,3.163470983505249,0.9442705512046814,1.2165635824203491,2.837038278579712,0.8223448991775513
320,0.0001,0.10435913488268853,0.9517983574517502,0.4448741182684898,0.7749848468843196,0.8676018656359181,148.2005250453949,0.1173461002856493,0.05676813565194607,0.07394721038639546,0.07058838464319706,0.1173461002856493,0.7460978972911835,0.16160715252161026,0.30495128244161607,0.07214276790618897,0.06949832811951637,0.16160715252161026,0.6737033069133759,1.4346752166748047,1.1063332557678223,1.8052024841308594,1.5894824266433716,1.8237065076828003,1.0074563026428223,1.5378923416137695,3.158755302429199,0.9446868896484375,1.2134625911712646,2.8336169719696045,0.8226464986801147
321,0.0001,0.1091166053712368,0.9491157828875041,0.45015583306550977,0.7734426282697153,0.8672128535328499,79.57384085655212,0.11956684954464436,0.058696344438940284,0.07456834018230438,0.07073000226169825,0.11956684954464436,0.7449806129932404,0.15985339552164077,0.31160791844129565,0.07340747326612472,0.06863819047808647,0.15985339552164077,0.6744152009487152,1.434624195098877,1.1059786081314087,1.8061738014221191,1.5887812376022339,1.8246148824691772,1.007900357246399,1.535620093345642,3.1540913581848145,0.9452309608459473,1.209444522857666,2.8338000774383545,0.8225292563438416
322,0.0001,0.10584804110229015,0.9520272097461359,0.4514265766739845,0.7691581440785684,0.8637490617486828,221.3093409538269,0.1194075981900096,0.057213290948420766,0.07465749908238649,0.06987592406570911,0.1194075981900096,0.7469083762168884,0.16065777748823165,0.31217588394880297,0.079627725481987,0.06774339243769646,0.16065777748823165,0.6728384149074554,1.4340161085128784,1.1056104898452759,1.8069039583206177,1.5851269960403442,1.822811484336853,1.0084199905395508,1.5292779207229614,3.1536450386047363,0.9451430439949036,1.2085340023040771,2.8320443630218506,0.8229228258132935
323,0.0001,0.10461527429521084,0.951936713643413,0.4509114792943001,0.7705055290532583,0.8643159686886505,287.36504459381104,0.1174249529838562,0.057158712111413476,0.07328759457916022,0.07087729167193174,0.1174249529838562,0.752568410038948,0.16960831299424173,0.3025497518479824,0.07068156480789184,0.07010267272591592,0.16960831299424173,0.6640690755844116,1.4327517747879028,1.1048372983932495,1.8075287342071533,1.5853288173675537,1.8226701021194458,1.0086380243301392,1.5278489589691162,3.15195631980896,0.9451692700386047,1.2030999660491943,2.831345319747925,0.822985053062439
324,0.0001,0.10518507339060307,0.9512898029622942,0.45530079782009125,0.7741137611154049,0.8671013503639396,204.04467344284058,0.11771664224565029,0.057111010923981666,0.07435171894729137,0.0710742449760437,0.11771664224565029,0.751399347782135,0.16364067912101746,0.32203410714864733,0.0815886178612709,0.06961685627698898,0.16364067912101746,0.6669285833835602,1.4321433305740356,1.1046875715255737,1.8080871105194092,1.5871119499206543,1.820259690284729,1.0092098712921143,1.5243757963180542,3.149418354034424,0.945118248462677,1.2047336101531982,2.829211711883545,0.8234031200408936
325,0.0001,0.10465819962322712,0.9509815215777984,0.4354441973567009,0.779859629446329,0.8715026813814163,174.25886368751526,0.11991328865289688,0.05659550437703729,0.07400274220854045,0.07107454217970371,0.11991328865289688,0.7438839435577392,0.16454960405826569,0.30301192864775656,0.07389063492417336,0.06949452593922616,0.16454960405826569,0.6689663004875183,1.4313901662826538,1.104393482208252,1.8089803457260132,1.5880519151687622,1.82221257686615,1.0096267461776733,1.5228204727172852,3.145031690597534,0.9448502659797668,1.201498031616211,2.8255629539489746,0.8239962458610535
326,0.0001,0.1050187549740076,0.9520898545219952,0.4360481491684914,0.779914777711355,0.8715701932798364,78.99809527397156,0.11887180909514428,0.05699293637648225,0.0741096704080701,0.07070104572921991,0.11887180909514428,0.7526909863948822,0.16423817455768586,0.2928673183917999,0.0697428447008133,0.06949416741728782,0.16423817455768586,0.6705348777770996,1.4285846948623657,1.1037460565567017,1.8093125820159912,1.5844405889511108,1.820815920829773,1.0100719928741455,1.5173956155776978,3.1427981853485107,0.9448530077934265,1.2037675380706787,2.823883295059204,0.8239744901657104
327,0.0001,0.10153117217123508,0.9530918253826498,0.43995328158140184,0.7783022895033799,0.870392152957939,190.58334040641785,0.11447879798710346,0.05550930991768837,0.07316440016031266,0.0710651109367609,0.11447879798710346,0.7570229256153107,0.17735121577978133,0.2851972180604935,0.0602426415681839,0.07037945359945297,0.17735121577978133,0.6540042448043824,1.4287350177764893,1.1032315492630005,1.8098130226135254,1.584115743637085,1.8189221620559692,1.0105481147766113,1.5151442289352417,3.1396515369415283,0.9453412294387817,1.199228048324585,2.8189408779144287,0.8239749073982239
328,0.0001,0.10094855234026909,0.9538206754968805,0.4621869707107544,0.7706388071109103,0.8653609487350526,63.29566049575806,0.11387150689959526,0.05473876103758812,0.07296584445983172,0.07089789740741254,0.11387150689959526,0.7597188121080398,0.15888456344604493,0.3287461933493614,0.0810102978348732,0.0678750704228878,0.15888456344604493,0.6728308439254761,1.4287775754928589,1.1030172109603882,1.8103760480880737,1.58614182472229,1.817609190940857,1.0109139680862427,1.513067364692688,3.1380555629730225,0.9453901052474976,1.1979386806488037,2.813309669494629,0.824471116065979
329,0.0001,0.10391615100204944,0.9526041160675932,0.43450060904026033,0.7797864884285406,0.8716324839943742,199.0844087600708,0.11652385331690311,0.056849454119801524,0.07314459063112735,0.07045664682984353,0.11652385331690311,0.7516984516382217,0.15900543361902236,0.29734647005796433,0.07577887639403343,0.06872912883758545,0.15900543361902236,0.6799626410007477,1.4259636402130127,1.1027846336364746,1.8108853101730347,1.5842734575271606,1.819105625152588,1.0110517740249634,1.5098214149475098,3.1333699226379395,0.945600152015686,1.1912002563476562,2.8095500469207764,0.824536919593811
330,0.0001,0.10128688111901284,0.9536080631852281,0.4357575702667236,0.7763254465268333,0.8684945108080937,192.3276093006134,0.11588344223797321,0.0550526699051261,0.07305529292672873,0.07039634466171264,0.11588344223797321,0.7588352400064469,0.16015689820051193,0.30249343544244767,0.07294548004865646,0.06870136231184006,0.16015689820051193,0.675395280122757,1.4254086017608643,1.1019757986068726,1.8113446235656738,1.5812526941299438,1.818790316581726,1.0114116668701172,1.506205439567566,3.1312217712402344,0.9457283020019531,1.1902755498886108,2.8039822578430176,0.8248918652534485
331,0.0001,0.10098278179764747,0.9544552130578644,0.4357796990871429,0.7826580513252936,0.8733357701611679,149.27973246574402,0.11617861047387124,0.05518936440348625,0.07264118261635304,0.06970895167440176,0.11617861047387124,0.7576114648580551,0.15901196032762527,0.3037313908338547,0.07490449473261833,0.06810963600873947,0.15901196032762527,0.6796608185768127,1.4245295524597168,1.1005955934524536,1.81192147731781,1.5800586938858032,1.8160731792449951,1.011743426322937,1.5031205415725708,3.1280245780944824,0.9457342028617859,1.189544916152954,2.798387289047241,0.8248931765556335
332,0.0001,0.1023465894907713,0.9542709681821322,0.4371076026558876,0.7857385761230223,0.8749889032358308,221.803297996521,0.11729246698319912,0.055532534718513486,0.07246434308588505,0.07053271152079105,0.11729246698319912,0.7524058979749679,0.16021982073783875,0.3050242353975773,0.0775245700776577,0.06856989741325378,0.16021982073783875,0.6759165406227112,1.4233800172805786,1.1003233194351196,1.8125513792037964,1.5788967609405518,1.8169796466827393,1.0124244689941406,1.5021973848342896,3.1248409748077393,0.94597989320755,1.1893236637115479,2.8004350662231445,0.8257195353507996
333,0.0001,0.10537004560232162,0.9506495401908647,0.4303785988688469,0.7825457754332106,0.8727115423487523,301.956093788147,0.11832378506660461,0.05786099974066019,0.07379285018891096,0.07046307124197483,0.11832378506660461,0.7496345582604408,0.16239805534482002,0.29940086990594866,0.07328357353806496,0.06975991249084473,0.16239805534482002,0.6751774680614472,1.424506664276123,1.1002013683319092,1.8131095170974731,1.5810939073562622,1.816321849822998,1.0128268003463745,1.4981883764266968,3.1271560192108154,0.9464635848999023,1.1870362758636475,2.8028440475463867,0.8262705206871033
334,0.0001,0.10143372438848018,0.9537321988010491,0.4371058863401413,0.7785835631581777,0.8699995232387976,233.01276993751526,0.11682022988796234,0.0549864655919373,0.07379562571644784,0.07030412003397941,0.11682022988796234,0.7549769085645676,0.16180273085832597,0.30563344568014145,0.0791676777601242,0.06815468564629555,0.16180273085832597,0.676857054233551,1.4229251146316528,1.0997989177703857,1.8137824535369873,1.5795748233795166,1.8137742280960083,1.0135252475738525,1.4969792366027832,3.12386417388916,0.9464147686958313,1.1848610639572144,2.7995049953460693,0.8262389898300171
335,0.0001,0.10106155470013618,0.955772231660897,0.435276300907135,0.7826941871629798,0.8726979561511289,171.19939422607422,0.11412422850728035,0.05461621426045895,0.07269107043743134,0.07041475001722575,0.11412422850728035,0.7601249289512634,0.16035447239875794,0.30535402685403823,0.07624972060322761,0.06705491572618484,0.16035447239875794,0.6749308466911316,1.4231407642364502,1.098902940750122,1.8139538764953613,1.5793299674987793,1.812766432762146,1.0138018131256104,1.4944384098052979,3.1204378604888916,0.9468273520469666,1.1831434965133667,2.794825553894043,0.8260999917984009
336,0.0001,0.10258571371436119,0.9539616220772932,0.4334754681587219,0.7824867579147237,0.8728750845875025,67.85576939582825,0.11718627605587244,0.055647490844130516,0.07281755793839693,0.0694357144087553,0.11718627605587244,0.7577131104469299,0.1613331028819084,0.3025591459870338,0.07435333594679833,0.06763792395591736,0.1613331028819084,0.6746654164791107,1.4220736026763916,1.0981782674789429,1.8145123720169067,1.577708125114441,1.8106435537338257,1.0141303539276123,1.4897586107254028,3.1182546615600586,0.9465999007225037,1.1773560047149658,2.792437791824341,0.8262048959732056
337,0.0001,0.10124727442860604,0.9538773783182477,0.43406394571065904,0.7845850091919266,0.873992645290629,200.76662397384644,0.11562929213047028,0.0551211254671216,0.07184609435498715,0.06960559375584126,0.11562929213047028,0.7577298444509506,0.16159506171941757,0.30209324762225154,0.07197339728474617,0.06803752273321152,0.16159506171941757,0.6745381069183349,1.4208564758300781,1.0979466438293457,1.814814805984497,1.574217438697815,1.8087897300720215,1.014369010925293,1.487844467163086,3.1161680221557617,0.9466930627822876,1.1734071969985962,2.78889799118042,0.8261598348617554
338,0.0001,0.09960085235536098,0.954424266293081,0.4385053986310959,0.7836217697577326,0.8729956235636284,247.5863983631134,0.11389852091670036,0.05413631703704595,0.07169770035892725,0.06958080388605595,0.11389852091670036,0.7582452076673508,0.1632552656531334,0.3035898086428642,0.07366260841488838,0.06805911928415298,0.1632552656531334,0.6717674040794372,1.419050693511963,1.0969630479812622,1.8151767253875732,1.569359540939331,1.8076368570327759,1.0146366357803345,1.486171841621399,3.113523006439209,0.946690022945404,1.1746604442596436,2.784614324569702,0.8261778354644775
339,0.0001,0.10184561878442765,0.9534526982342151,0.4349464413523674,0.7809795969763538,0.8716763929377143,297.6106631755829,0.11763007894158363,0.05543209955096245,0.07308570750057697,0.0695891371369362,0.11763007894158363,0.7525311321020126,0.16215211689472198,0.302152182161808,0.0748445188999176,0.06756758183240891,0.16215211689472198,0.6764246535301208,1.4192187786102295,1.0973706245422363,1.8155534267425537,1.5709131956100464,1.8073525428771973,1.0150361061096191,1.4839354753494263,3.109644889831543,0.9467814564704895,1.1766365766525269,2.7834248542785645,0.8261383175849915
340,0.0001,0.10136294201016426,0.9541479274551807,0.44851132571697233,0.7748269560792977,0.867920702500086,255.0981421470642,0.1138030506670475,0.05567084487527609,0.07129932891577483,0.0698236121982336,0.1138030506670475,0.7584431511163712,0.1702776926755905,0.3092926934361458,0.07489178791642188,0.06725276336073875,0.1702776926755905,0.6675679349899292,1.4183591604232788,1.0967071056365967,1.816100001335144,1.5665141344070435,1.8065861463546753,1.015748143196106,1.485117793083191,3.1066739559173584,0.9475151300430298,1.1772527694702148,2.780010938644409,0.8262513279914856
341,0.0001,0.09903345495462418,0.9553436976079791,0.4601553392410278,0.77253274581859,0.8664320946287184,294.59293270111084,0.11420836064964533,0.053604842238128184,0.0722436024993658,0.06919925391674042,0.11420836064964533,0.7596626669168473,0.16342048287391664,0.3283525237441063,0.08887187242507935,0.06615870714187622,0.16342048287391664,0.6679736471176148,1.4177476167678833,1.0957036018371582,1.8167762756347656,1.5645071268081665,1.8068203926086426,1.0160820484161377,1.4814544916152954,3.1041252613067627,0.9476737976074219,1.1740152835845947,2.7781081199645996,0.8263943195343018
342,0.0001,0.10030338928103447,0.9552008056730902,0.4407761061191559,0.7810375303534403,0.8719413870897388,175.7477252483368,0.11638100769370795,0.054379487987607715,0.0725616903975606,0.06892953142523765,0.11638100769370795,0.7562104266881943,0.16276021122932435,0.3141472789645195,0.08022793471813201,0.06612842187285423,0.16276021122932435,0.6712598311901092,1.4170814752578735,1.0952718257904053,1.8173627853393555,1.5614935159683228,1.8054255247116089,1.0163096189498901,1.478001356124878,3.101271390914917,0.9479606747627258,1.1695399284362793,2.7756378650665283,0.8265612721443176
343,0.0001,0.09976158879697322,0.9553421759993773,0.441514191031456,0.7816513802487077,0.87212752354415,263.4940631389618,0.11702639043331146,0.05312338287010789,0.072289406247437,0.06883523169904947,0.11702639043331146,0.7480838471651077,0.1579040539264679,0.3151861922442913,0.07805338114500046,0.06691081255674362,0.1579040539264679,0.6809446489810944,1.4170340299606323,1.0943310260772705,1.8179008960723877,1.5621834993362427,1.8043571710586548,1.0165523290634155,1.477008581161499,3.0974957942962646,0.9478206038475037,1.1671139001846313,2.772179365158081,0.8264634609222412
344,0.0001,0.09811273403465748,0.9561338893080928,0.4424216681718826,0.7806085330173173,0.8714784797123669,227.1142966747284,0.11332671314477921,0.0532769700139761,0.07150357596576214,0.06835371490567922,0.11332671314477921,0.7615155804157258,0.16088492810726165,0.3155424326658249,0.08190600901842117,0.06545774027705192,0.16088492810726165,0.672244702577591,1.4162368774414062,1.093531847000122,1.8183742761611938,1.562427282333374,1.8040907382965088,1.0168992280960083,1.4735727310180664,3.0950045585632324,0.9478616714477539,1.1657919883728027,2.7689836025238037,0.826632022857666
345,0.0001,0.10087638609111309,0.9543076290606021,0.455890933573246,0.7762648452121053,0.868635098729562,217.51826977729797,0.1160850177332759,0.05480994340032339,0.07178691200911999,0.06876004710793496,0.1160850177332759,0.7548754823207855,0.1599510145187378,0.3234276394546032,0.07447893947362899,0.06634394854307174,0.1599510145187378,0.6768168365955353,1.414208173751831,1.0933234691619873,1.8190425634384155,1.560817003250122,1.8024004697799683,1.0172842741012573,1.4705525636672974,3.0947742462158203,0.9476401209831238,1.162265658378601,2.7674925327301025,0.8261259198188782
346,0.0001,0.10157679952681065,0.9545962974175026,0.44023159265518186,0.7848479016816013,0.874701162466182,171.33768105506897,0.11449869751930236,0.055439745858311656,0.07167985774576664,0.06840724527835845,0.11449869751930236,0.75667913377285,0.15780601918697357,0.3137611456215382,0.07301256358623505,0.06738993167877197,0.15780601918697357,0.6769725906848908,1.413996934890747,1.093066930770874,1.8195639848709106,1.5620185136795044,1.801446557044983,1.0177963972091675,1.472537875175476,3.0933499336242676,0.9476858973503113,1.1640454530715942,2.7648544311523438,0.8261319398880005
347,0.0001,0.09847117826342583,0.9567404677358006,0.4405312922596931,0.782379255649651,0.8727466438059461,64.22891759872437,0.11440113283693791,0.05303325068205595,0.07143075913190841,0.06894802771508694,0.11440113283693791,0.7527304416894913,0.16252608031034468,0.3032160386443138,0.06715189650654793,0.06804916277527809,0.16252608031034468,0.6735373294353485,1.4120515584945679,1.0922752618789673,1.819847822189331,1.5610651969909668,1.8012433052062988,1.017977237701416,1.4671528339385986,3.0902621746063232,0.9478517174720764,1.157599925994873,2.7578845024108887,0.8263220191001892
348,0.0001,0.0983227637410164,0.9566248939363394,0.44566119521856307,0.7813975801033832,0.8717451134437972,209.17805814743042,0.11385197766125202,0.05285224765539169,0.07169249277561902,0.0694230942800641,0.11385197766125202,0.7618866497278214,0.16638716101646422,0.30736830055713654,0.0683812953531742,0.068048235476017,0.16638716101646422,0.6674664855003357,1.4110374450683594,1.0913876295089722,1.8203309774398804,1.557886004447937,1.8015002012252808,1.0186494588851929,1.467286467552185,3.0876243114471436,0.9479907155036926,1.1536206007003784,2.753281593322754,0.8266227841377258
349,0.0001,0.09717585429549218,0.9559955596136624,0.44771426647901535,0.7809526220529217,0.8723605509790165,323.67642974853516,0.10998232521116734,0.052933024764060976,0.07165143433958292,0.0696477821469307,0.10998232521116734,0.7671544778347016,0.1648389768600464,0.316091039031744,0.07388619288802147,0.06706201240420341,0.1648389768600464,0.6724488615989686,1.4111534357070923,1.0908888578414917,1.8206309080123901,1.5562758445739746,1.8012115955352783,1.0189064741134644,1.4630560874938965,3.0850043296813965,0.9477194547653198,1.1483614444732666,2.7492122650146484,0.8266110420227051
350,0.0001,0.09930241480469704,0.9560525663342222,0.44667440295219424,0.7816816917676873,0.8718733124622743,72.92801189422607,0.11627957537770271,0.05351713078096509,0.07209711983799934,0.06949811145663261,0.11627957537770271,0.7536072260141373,0.1592731538414955,0.315203006118536,0.07393619388341904,0.06715123370289802,0.1592731538414955,0.6780121266841889,1.4102716445922852,1.0904592275619507,1.8212834596633911,1.554613471031189,1.8000802993774414,1.0191473960876465,1.4615315198898315,3.0828001499176025,0.9480056762695312,1.1484489440917969,2.7469167709350586,0.8268730044364929
351,0.0001,0.09711729295551777,0.9565939211273353,0.44614638268947604,0.7817751480423418,0.8721201874257803,212.5024402141571,0.1137021081149578,0.05264435464516282,0.0714071499183774,0.06958421606570482,0.1137021081149578,0.758557750582695,0.159158715903759,0.31676308184862134,0.07494930967688561,0.06725429624319076,0.159158715903759,0.6772511088848114,1.4098626375198364,1.0902618169784546,1.8216800689697266,1.5541434288024902,1.7996673583984375,1.0191996097564697,1.4587383270263672,3.0807266235351562,0.9480584263801575,1.1455777883529663,2.7442777156829834,0.8269349932670593
352,0.0001,0.09867228768765926,0.9554180529940126,0.44903778076171874,0.7810599397273453,0.8716469223451475,68.15984511375427,0.11146473914384841,0.054340654164552686,0.07098496034741401,0.06927954569458962,0.11146473914384841,0.7655796939134598,0.15689564973115921,0.32330526620149613,0.07586768642067909,0.0666731697320938,0.15689564973115921,0.6801626634597778,1.4082237482070923,1.0899990797042847,1.821933627128601,1.5528432130813599,1.7972009181976318,1.0192914009094238,1.457351565361023,3.0781376361846924,0.9480597376823425,1.1446540355682373,2.7417008876800537,0.8267903923988342
353,0.0001,0.09768904350697995,0.9565994923091461,0.4532939428091049,0.7802547632327759,0.8713352036620177,59.8172869682312,0.11453616641461849,0.05292499613016844,0.07111081764101983,0.06923425994813442,0.11453616641461849,0.7607181662321091,0.15902726113796234,0.33190118238329885,0.08177511602640151,0.06614680543541908,0.15902726113796234,0.6762480032444,1.408055067062378,1.0895159244537354,1.8224173784255981,1.551301121711731,1.7960036993026733,1.0196913480758667,1.4545830488204956,3.0760209560394287,0.9486775398254395,1.1445726156234741,2.7394180297851562,0.8268429636955261
354,0.0001,0.09695827320218087,0.956904811739393,0.44429161846637727,0.779935129596884,0.8711382781551983,64.23001313209534,0.11359714813530446,0.05212617015466094,0.07113689925521612,0.06856343347579241,0.11359714813530446,0.7564013814926147,0.16515252500772476,0.30466888934373854,0.06798449546098709,0.06689236104488373,0.16515252500772476,0.6749393773078919,1.4073901176452637,1.0891468524932861,1.8227802515029907,1.549996018409729,1.7969211339950562,1.019913911819458,1.4514777660369873,3.075679063796997,0.9491363763809204,1.1463755369186401,2.736347198486328,0.8270168900489807
355,0.0001,0.09837414786219596,0.9562268906079682,0.4435983395576477,0.780982772400138,0.8714289552018833,65.21783494949341,0.11470484346151352,0.0536983235552907,0.07189536385238171,0.06819962371140718,0.11470484346151352,0.7614646810293197,0.1564668223261833,0.31659099340438845,0.07163023859262467,0.06650683030486107,0.1564668223261833,0.6794486773014069,1.4059468507766724,1.0892232656478882,1.8234542608261108,1.5468533039093018,1.7961558103561401,1.0200703144073486,1.4472829103469849,3.0739476680755615,0.9492611885070801,1.1444860696792603,2.732280969619751,0.8272367715835571
356,0.0001,0.09905141092836857,0.9558200743747665,0.4513892823457718,0.7752269867917093,0.8671828545617919,68.27477836608887,0.11379925243556499,0.05428323984146118,0.0720249892771244,0.06865936394780875,0.11379925243556499,0.7653248798847199,0.1624815607070923,0.32214064091444017,0.07795986339449883,0.06647917360067368,0.1624815607070923,0.6741041958332061,1.4054962396621704,1.0885835886001587,1.8239729404449463,1.5444411039352417,1.795976996421814,1.0206546783447266,1.4447475671768188,3.071263074874878,0.9495478272438049,1.1441121101379395,2.7305526733398438,0.8274943828582764
357,0.0001,0.09632114976644517,0.9572762308137891,0.4477963438630104,0.7783678514927561,0.8697027455774143,64.48158288002014,0.1125861145555973,0.05224691662937403,0.07077385645359754,0.0685443090647459,0.1125861145555973,0.7617118823528289,0.159804477840662,0.31739179328083994,0.07381200790405273,0.06629626825451851,0.159804477840662,0.6744416964054107,1.4043816328048706,1.0885465145111084,1.8243459463119507,1.5452367067337036,1.7940723896026611,1.0209264755249023,1.4418835639953613,3.0688304901123047,0.9495619535446167,1.1454215049743652,2.727220296859741,0.8274631500244141
358,0.0001,0.09673709958791733,0.9566585107561691,0.4437651619315147,0.7816326217617023,0.8720031510013289,64.4198579788208,0.11438327208161354,0.052449712008237837,0.07212083496153354,0.0686096228286624,0.11438327208161354,0.7596532791852951,0.16148791670799256,0.31546242117881773,0.07325004145503045,0.0667116667330265,0.16148791670799256,0.675032833814621,1.403489351272583,1.0878340005874634,1.8247567415237427,1.5451942682266235,1.7923611402511597,1.0213428735733032,1.4387096166610718,3.0654959678649902,0.949536919593811,1.1401784420013428,2.7233238220214844,0.8275309801101685
359,0.0001,0.09731253944337367,0.956515234790126,0.4366543057560921,0.7834931692167975,0.8734259708762656,59.99773287773132,0.11384174823760987,0.05194137111306191,0.07103213451802731,0.06856017906218767,0.11384174823760987,0.7569559425115585,0.1689232236146927,0.2974959172308445,0.0656111864745617,0.06723788008093834,0.1689232236146927,0.664257960319519,1.402708888053894,1.0872589349746704,1.825178623199463,1.544145941734314,1.7925435304641724,1.0215239524841309,1.435510277748108,3.064159631729126,0.9494358897209167,1.1401606798171997,2.719797372817993,0.8274402022361755
360,0.0001,0.09637146949768066,0.9571275656247886,0.456873297393322,0.7748612326580749,0.8672504156782614,64.29941391944885,0.11295522056519985,0.052249937299638984,0.0715858556330204,0.0683262788131833,0.11295522056519985,0.7652780055999756,0.1681726637482643,0.31437316253781317,0.0662137347459793,0.06745462343096734,0.1681726637482643,0.66767529129982,1.4026850461959839,1.086949110031128,1.8255342245101929,1.5431478023529053,1.7922548055648804,1.021820068359375,1.4315197467803955,3.0613622665405273,0.9492630958557129,1.1369882822036743,2.714085578918457,0.8275572061538696
361,0.0001,0.0959142205864191,0.9569887082365729,0.4401013821363449,0.7818460734771264,0.8723955017344919,64.94839310646057,0.11429926246404648,0.051710516456514595,0.07207656256854535,0.06898235592991114,0.11429926246404648,0.756135134100914,0.16952683195471763,0.29734288066625597,0.06626321747899055,0.06714197680354118,0.16952683195471763,0.6647414517402649,1.4023797512054443,1.0866304636001587,1.8259211778640747,1.5418120622634888,1.7917895317077637,1.0220158100128174,1.4306252002716064,3.057561159133911,0.9493604302406311,1.1350847482681274,2.7115654945373535,0.8276137113571167
362,0.0001,0.09604211039841175,0.9572590888752813,0.4419469463825226,0.7797523529153372,0.870733715387022,63.41971039772034,0.11400817699730396,0.05217878729104996,0.07034504808485507,0.06845660705119372,0.11400817699730396,0.764229579269886,0.15944804295897483,0.3103175999224186,0.0755404119193554,0.06658949419856071,0.15944804295897483,0.6762073504924774,1.4020025730133057,1.0866926908493042,1.826444149017334,1.5385655164718628,1.7891632318496704,1.0225462913513184,1.4288206100463867,3.0556790828704834,0.9493441581726074,1.1311997175216675,2.7059333324432373,0.8276037573814392
363,0.0001,0.09859775714576244,0.9552053382885116,0.4526690149307251,0.7766978727732818,0.868922092617501,63.603132486343384,0.11447881422936916,0.052806005738675596,0.07120076909661294,0.06843748688697815,0.11447881422936916,0.7586761412024497,0.16003501117229463,0.32197136074304583,0.0716787713766098,0.06756637260317802,0.16003501117229463,0.6734618616104125,1.4013874530792236,1.0863144397735596,1.8267897367477417,1.5390452146530151,1.7877434492111206,1.0227407217025757,1.4250993728637695,3.053680419921875,0.9495221376419067,1.131658673286438,2.7048869132995605,0.8278568387031555
364,0.0001,0.09642436690628528,0.9570477341177229,0.4511729314923286,0.7771518607370882,0.8687522549313084,62.596426486968994,0.11535470318049193,0.05164618130773306,0.07089168041944503,0.06898761510849,0.11535470318049193,0.7556841403245926,0.16185443788766862,0.3168557070195675,0.07149543821811676,0.06732126325368881,0.16185443788766862,0.6758506309986114,1.4007689952850342,1.0852997303009033,1.827289342880249,1.5386375188827515,1.7869404554367065,1.0228294134140015,1.4223564863204956,3.053021192550659,0.949357271194458,1.1322065591812134,2.70101261138916,0.8283558487892151
365,0.0001,0.09346436776220798,0.9588629353289043,0.4525480490922928,0.779870882707966,0.8708830907556365,62.57982921600342,0.10992861118167639,0.05085569081827998,0.06910185065120458,0.06870958436280489,0.10992861118167639,0.7677994602918625,0.16844674065709114,0.31078099340200427,0.06701859205961228,0.0674271348118782,0.16844674065709114,0.6695194172859192,1.3999712467193604,1.0847247838974,1.8277149200439453,1.5381433963775635,1.7863004207611084,1.023042917251587,1.4215710163116455,3.0504534244537354,0.9493477940559387,1.1317209005355835,2.6977877616882324,0.8284584879875183
366,0.0001,0.09690825685858727,0.9573395735139567,0.44771285355091095,0.7799179273616662,0.8709118786530226,65.22795534133911,0.11408388830721378,0.05175719499588013,0.07136594317853451,0.06878141809254884,0.11408388830721378,0.7597469198703766,0.16510220676660536,0.32405399411916735,0.08307945042848587,0.06630196541547775,0.16510220676660536,0.6658547556400299,1.3987103700637817,1.0845615863800049,1.8281362056732178,1.5342990159988403,1.785323977470398,1.0233227014541626,1.4180512428283691,3.048388957977295,0.949130654335022,1.1283142566680908,2.6952414512634277,0.8281685709953308
367,0.0001,0.09441148154437543,0.9582664699747364,0.44595331847667696,0.7813148771321972,0.8716379755335818,65.52939915657043,0.11280414134263993,0.05096868572756648,0.07029979012906551,0.06872881148010493,0.11280414134263993,0.7621939843893051,0.1635442268848419,0.31902285039424894,0.07409279316663742,0.06623991668224334,0.1635442268848419,0.6724014341831207,1.3986345529556274,1.0838767290115356,1.8283069133758545,1.536566972732544,1.7849589586257935,1.023629903793335,1.4180158376693726,3.0461723804473877,0.9493433237075806,1.1274341344833374,2.691849708557129,0.8282509446144104
368,0.0001,0.09641915000975132,0.957208297358856,0.4427997863292694,0.7831888515914929,0.8731685262367432,73.4864866733551,0.11346150044351816,0.051773743648082016,0.07048141937702894,0.06839555360376835,0.11346150044351816,0.7610722303390502,0.1621293792128563,0.3147805345058441,0.07029385700821876,0.06672725707292557,0.1621293792128563,0.6730236399173737,1.3975797891616821,1.0831091403961182,1.8288161754608154,1.5355756282806396,1.7843258380889893,1.0239773988723755,1.416901707649231,3.0429136753082275,0.9496742486953735,1.1259690523147583,2.68994140625,0.8284306526184082
369,0.0001,0.09565509088337422,0.9571860614760336,0.4440576913952827,0.7799535432698397,0.870949618247948,66.15194702148438,0.11160833094269038,0.051691646855324506,0.07020788475871086,0.06843788657337427,0.11160833094269038,0.764626396894455,0.16002451807260512,0.31979622900485993,0.07919105768203735,0.06640139058232307,0.16002451807260512,0.6754261374473571,1.397312879562378,1.0833215713500977,1.829091191291809,1.5339142084121704,1.7840609550476074,1.0243761539459229,1.415796160697937,3.0413076877593994,0.9494431614875793,1.1241627931594849,2.6881442070007324,0.8285659551620483
370,0.0001,0.09419408116489648,0.9584502750007641,0.4396504256129265,0.7821218293214648,0.8723667383324011,70.17661380767822,0.11274482812732459,0.05060797721147537,0.0707307805493474,0.06902053870260716,0.11274482812732459,0.7639560264348983,0.15993358552455902,0.3158295929431915,0.07598871663212776,0.06591960027813912,0.15993358552455902,0.6788463532924652,1.3961303234100342,1.0826383829116821,1.829467535018921,1.5330890417099,1.782091498374939,1.0246676206588745,1.4153753519058228,3.038928508758545,0.9495890736579895,1.1211134195327759,2.685455560684204,0.828784704208374
371,0.0001,0.09419554457068444,0.9580553951100522,0.44606267094612123,0.7856021376118298,0.8746857913191357,65.33176183700562,0.11161574430763721,0.051388833560049536,0.06945535473525524,0.0680308073759079,0.11161574430763721,0.7605387437343597,0.16062250658869742,0.3172826138138771,0.07247342422604561,0.06657262653112411,0.16062250658869742,0.6747956609725952,1.3955408334732056,1.0820074081420898,1.8296858072280884,1.532505989074707,1.7812634706497192,1.0250388383865356,1.4136528968811035,3.0370116233825684,0.9496402740478516,1.1209431886672974,2.681973457336426,0.8288481831550598
372,0.0001,0.0927652744948864,0.9595046796223629,0.43598605871200563,0.7854171184243144,0.8742295596326847,63.30989646911621,0.11042814537882804,0.05005052777007222,0.07072658713907004,0.06821083437651396,0.11042814537882804,0.7688634341955185,0.16010935574769974,0.3129220697283745,0.07704460829496383,0.06661879360675811,0.16010935574769974,0.6761704039573669,1.3941816091537476,1.0813395977020264,1.8302385807037354,1.5305298566818237,1.7798261642456055,1.0251790285110474,1.4132294654846191,3.034533977508545,0.949518084526062,1.1192466020584106,2.6785669326782227,0.8289554119110107
373,0.0001,0.0936495964229107,0.9587610754367794,0.43775941073894503,0.7880614109447392,0.8765396642552643,62.88257837295532,0.1123972536996007,0.05048521289601922,0.06950920209288597,0.06851904805749655,0.1123972536996007,0.7663547760248184,0.16292164206504822,0.3093410620093346,0.07275189250707627,0.06720881387591363,0.16292164206504822,0.6759940624237061,1.3936008214950562,1.0807064771652222,1.8303629159927368,1.5313140153884888,1.779862403869629,1.0253312587738037,1.4112664461135864,3.033008575439453,0.9494717121124268,1.119231939315796,2.676820993423462,0.8290175795555115
374,0.0001,0.0922047733515501,0.959228909112205,0.4347433552145958,0.7853628416863018,0.874514001329701,63.67485952377319,0.11019928749650716,0.04973337283357978,0.06978880289942026,0.06813723526895046,0.11019928749650716,0.7666862666606903,0.16248530209064482,0.3071488703787327,0.07383735001087188,0.06634744703769684,0.16248530209064482,0.6742644953727722,1.3924615383148193,1.0802295207977295,1.8306680917739868,1.5284466743469238,1.779887080192566,1.0256967544555664,1.4086436033248901,3.0299925804138184,0.9496520757675171,1.1173624992370605,2.6719536781311035,0.828948974609375
375,0.0001,0.09436370953917503,0.957900870583692,0.4318210709095001,0.7875074333522813,0.8762340933770517,62.89089250564575,0.11146456755697727,0.05122199729084968,0.07029436960816383,0.06850279249250889,0.11146456755697727,0.7706042456626893,0.15911161363124848,0.3130952416360378,0.07798282966017724,0.06578992545604706,0.15911161363124848,0.6737370049953461,1.3926880359649658,1.0805082321166992,1.83096444606781,1.5267482995986938,1.7787317037582397,1.0260404348373413,1.4061928987503052,3.027686834335327,0.9497315287590027,1.1159396171569824,2.6693291664123535,0.8289874196052551
376,0.0001,0.09290119513869285,0.9592757040099867,0.4388441306352615,0.784834674426901,0.8737772892351424,63.738863706588745,0.11133545007556676,0.05000757858157158,0.07002966057509184,0.06801068864762783,0.11133545007556676,0.7694053602218628,0.16439422428607942,0.30768542498350143,0.07363740563392639,0.06629594027996064,0.16439422428607942,0.6718819212913513,1.3922346830368042,1.079664707183838,1.8312708139419556,1.5238759517669678,1.7781134843826294,1.0263817310333252,1.4047144651412964,3.0253751277923584,0.9497023820877075,1.1146138906478882,2.6670918464660645,0.829115629196167
377,0.0001,0.09666878394782544,0.957057698739398,0.45535978734493254,0.7792523744479232,0.8709045519183521,62.70038032531738,0.11318200387060642,0.05196168050169945,0.07028861556202173,0.06783205639570951,0.11318200387060642,0.7624697685241699,0.16201041907072067,0.3305588662624359,0.08241141751408577,0.06577674090862275,0.16201041907072067,0.6698432791233063,1.3921486139297485,1.0797866582870483,1.8314813375473022,1.5245157480239868,1.7777087688446045,1.026782751083374,1.404718041419983,3.024362564086914,0.9496129751205444,1.1126469373703003,2.6635351181030273,0.8291746973991394
378,0.0001,0.09282550126314164,0.9588390113988026,0.4439934378862381,0.7807084768804389,0.8713930979255565,64.15255165100098,0.11062009707093239,0.05033824315294624,0.0699305160343647,0.0680171762779355,0.11062009707093239,0.7670676118135452,0.15981628656387328,0.31717918425798414,0.07651779755949974,0.06615239202976227,0.15981628656387328,0.6769653367996216,1.3911992311477661,1.0793074369430542,1.8320109844207764,1.524287223815918,1.7775949239730835,1.0269826650619507,1.4022008180618286,3.022515296936035,0.9497754573822021,1.112412452697754,2.6605212688446045,0.8291059732437134
379,0.0001,0.09340698182582856,0.9588013779928779,0.4359485548734665,0.7839791918548356,0.8737099232986588,65.03696393966675,0.11217475675046444,0.05038422690704465,0.0697515331208706,0.06830045465379954,0.11217475675046444,0.7654265496134758,0.16554049402475357,0.29963938891887665,0.06485603168606759,0.06691671445965768,0.16554049402475357,0.6777038490772247,1.3906606435775757,1.0789984464645386,1.8324600458145142,1.5228341817855835,1.7752556800842285,1.027103304862976,1.3996267318725586,3.0203888416290283,0.9499736428260803,1.110269546508789,2.658195734024048,0.8290692567825317
380,0.0001,0.09129901632666587,0.9603317554506197,0.44357273310422896,0.7843638832179178,0.8732661874335258,64.26241111755371,0.11081283085048199,0.04895621173083782,0.07055084612220526,0.06786647945642471,0.11081283085048199,0.7645570492744446,0.16216903030872346,0.3182061073184013,0.07535938590765,0.06580379888415337,0.16216903030872346,0.675460684299469,1.3893271684646606,1.078656792640686,1.833024263381958,1.523200511932373,1.7749271392822266,1.0273919105529785,1.3975633382797241,3.017596960067749,0.9499695897102356,1.1095432043075562,2.6538264751434326,0.8289782404899597
381,0.0001,0.09117859005928039,0.9600880027049464,0.4457180780172348,0.7826050121161799,0.8726532716963149,64.19774675369263,0.11015088625252246,0.049232682045549155,0.06840202309191228,0.06808672461658716,0.11015088625252246,0.7691822510957718,0.1642095708847046,0.31522455424070356,0.07074953928589821,0.0658934161067009,0.1642095708847046,0.6748276579380036,1.3879613876342773,1.0781968832015991,1.8333237171173096,1.522049069404602,1.7749598026275635,1.0276083946228027,1.3959428071975708,3.0154528617858887,0.9501422047615051,1.1061378717422485,2.6486663818359375,0.8293517231941223
382,0.0001,0.09288931980729104,0.9595191679849233,0.42780628472566606,0.7863149166869075,0.8753068134255767,63.29227137565613,0.11268236551433802,0.04940806187689304,0.06977674771100283,0.06781653478741646,0.11268236551433802,0.7664474266767501,0.1631469064950943,0.29612041294574737,0.06926182314753532,0.06639917314052582,0.1631469064950943,0.6793321776390076,1.387284278869629,1.0778779983520508,1.8337998390197754,1.5216319561004639,1.7734920978546143,1.0278162956237793,1.392486810684204,3.014043092727661,0.9501915574073792,1.1060009002685547,2.6442158222198486,0.8291909098625183
383,0.0001,0.09262297980487347,0.958964009469058,0.4342703890800476,0.7854069827550788,0.8744479633059457,63.64953279495239,0.11213205385953189,0.04992490705102682,0.0704193838313222,0.06805841438472271,0.11213205385953189,0.7634101068973541,0.16343396037817,0.30610346466302873,0.07223572313785553,0.0659241409599781,0.16343396037817,0.677868093252182,1.3861864805221558,1.0773717164993286,1.8341898918151855,1.518560767173767,1.7719652652740479,1.028140664100647,1.3880980014801025,3.0121219158172607,0.9501868486404419,1.106296181678772,2.642051935195923,0.8292185664176941
384,0.0001,0.0941773284226656,0.9592655155796801,0.444272540807724,0.7813714873519189,0.8719445315989585,63.455583572387695,0.11473415452986956,0.05048652509227395,0.0705218492820859,0.06749747361987829,0.11473415452986956,0.7595787242054939,0.16351567834615707,0.3111217126250267,0.07063478916883469,0.06632218852639199,0.16351567834615707,0.6766810512542725,1.3868228197097778,1.0772603750228882,1.8344550132751465,1.5178580284118652,1.7722234725952148,1.0282710790634155,1.3887029886245728,3.010469675064087,0.9502785205841064,1.1032737493515015,2.6382577419281006,0.8289833068847656
385,0.0001,0.09348563943058252,0.9591925589868774,0.44917466163635256,0.7824377283805507,0.872725903968877,62.01756191253662,0.11398123547434807,0.0496923590451479,0.06933602076023818,0.06775326404720544,0.11398123547434807,0.7595517638325692,0.15999415189027785,0.3268048220872879,0.07545542672276496,0.06637819454073907,0.15999415189027785,0.6772054493427276,1.386768102645874,1.0770213603973389,1.834591269493103,1.515391230583191,1.770596981048584,1.0284589529037476,1.3854453563690186,3.0074615478515625,0.9502720832824707,1.1025445461273193,2.6363301277160645,0.8292368054389954
386,0.0001,0.09294027887284756,0.9591339218858721,0.4449253636598587,0.7825164333129968,0.8727507190066277,64.85230922698975,0.11290437042713165,0.050096733570098875,0.07047664359211922,0.06783277351409196,0.11290437042713165,0.7619322991371155,0.1658300992846489,0.31219364553689954,0.06921908780932426,0.06665727838873864,0.1658300992846489,0.674212965965271,1.3868111371994019,1.0771700143814087,1.8349807262420654,1.5179576873779297,1.770668625831604,1.028639793395996,1.3848942518234253,3.0046613216400146,0.950261116027832,1.1029630899429321,2.634584426879883,0.8296256065368652
387,0.0001,0.0901296716928482,0.9605487994166206,0.4501243793964386,0.780839273234648,0.8716612606187801,65.23774480819702,0.10924250289797782,0.04846608547493816,0.06817520432174205,0.06811613846570254,0.10924250289797782,0.7691183465719224,0.16661487638950348,0.31182151168584826,0.06654036730527878,0.06647448018193244,0.16661487638950348,0.6732086229324341,1.3848799467086792,1.0764018297195435,1.835339903831482,1.5159029960632324,1.769586205482483,1.02888023853302,1.3841501474380493,3.0024070739746094,0.9504068493843079,1.1034584045410156,2.6305184364318848,0.8297261595726013
388,0.0001,0.09048579640686512,0.9602576687793597,0.44794046312570573,0.7833028184533929,0.8735501843851075,65.6829240322113,0.11023089848458767,0.04876242721453309,0.06897858630865812,0.06766958594322205,0.11023089848458767,0.7665370881557465,0.16014795005321503,0.32442830353975294,0.07382069081068039,0.06556394264101982,0.16014795005321503,0.6781793773174286,1.3845391273498535,1.07569420337677,1.835680365562439,1.5153263807296753,1.768749713897705,1.0291025638580322,1.382120132446289,3.0008761882781982,0.9505324363708496,1.1030464172363281,2.627140998840332,0.8297403454780579
389,0.0001,0.09072767972946166,0.9602872149301761,0.4554735881090164,0.7800449849329236,0.8708616464828876,64.62013101577759,0.10915687184780837,0.04947298113256693,0.06914284504950047,0.0675022116303444,0.10915687184780837,0.7743157529830933,0.16571328595280646,0.31646350368857384,0.06982283756136894,0.06468965202569961,0.16571328595280646,0.6744539415836335,1.3854081630706787,1.075128436088562,1.8358204364776611,1.5147554874420166,1.7678544521331787,1.0293225049972534,1.379720687866211,2.9984054565429688,0.9505859613418579,1.1015933752059937,2.6265296936035156,0.8298345804214478
390,0.0001,0.09142319276928902,0.9597504897709369,0.45686142444610595,0.77968692298336,0.8707322863103364,65.63072466850281,0.11201209835708141,0.049511998798698185,0.06919620972126722,0.06705806024372578,0.11201209835708141,0.7649463981389999,0.16282437533140182,0.3265521268546581,0.07153269574046135,0.06563587710261345,0.16282437533140182,0.677468272447586,1.3848341703414917,1.075292706489563,1.8363518714904785,1.5130722522735596,1.7661241292953491,1.0296869277954102,1.3773696422576904,2.996034622192383,0.9506415128707886,1.1010347604751587,2.622347831726074,0.8300017714500427
391,0.0001,0.09113080181181431,0.9603341400245866,0.44926093995571137,0.7815845919125255,0.872108900378729,63.752257347106934,0.11061226032674312,0.0491924749314785,0.06892829719930887,0.0674186272919178,0.11061226032674312,0.769575513601303,0.16023109689354897,0.31821708351373673,0.07275607198476791,0.06501594126224518,0.16023109689354897,0.6799629712104798,1.3847386837005615,1.074676513671875,1.8364821672439575,1.5098408460617065,1.7645183801651,1.0297317504882812,1.3740196228027344,2.993411064147949,0.9508886337280273,1.099267601966858,2.619485855102539,0.829986035823822
392,0.0001,0.09166923001408576,0.9595055255731879,0.45318194568157194,0.7775931318286208,0.8693915374633474,62.79285144805908,0.11037011459469795,0.04967102814465761,0.06939499169588088,0.06738521661609412,0.11037011459469795,0.7695238447189331,0.16151272863149643,0.3225323966145515,0.0708774308860302,0.06533000364899635,0.16151272863149643,0.6777182149887085,1.384164571762085,1.0745240449905396,1.836897611618042,1.5096654891967773,1.763487696647644,1.0300039052963257,1.3709889650344849,2.989435911178589,0.9507501721382141,1.0960053205490112,2.61784029006958,0.829958438873291
393,0.0001,0.0898691551014781,0.9604174844514829,0.4571270236372948,0.778302736934663,0.8699422675458149,62.443511962890625,0.10954554103314877,0.048458029627799985,0.06919903874397278,0.06757343165576458,0.10954554103314877,0.7705242359638214,0.16114601582288743,0.32870140895247457,0.07366118028759956,0.06476864755153657,0.16114601582288743,0.6775511908531189,1.383650541305542,1.0741392374038696,1.837277889251709,1.5091065168380737,1.7632381916046143,1.030212163925171,1.3705706596374512,2.9907584190368652,0.9507744908332825,1.0926049947738647,2.61299991607666,0.8299357891082764
394,0.0001,0.09146748885512351,0.9594579648946282,0.4501139923930168,0.7823476885890449,0.872359888275506,61.71524405479431,0.10968170579522848,0.04941253937780857,0.0691224854439497,0.0671490041539073,0.10968170579522848,0.7689261901378631,0.16096020698547364,0.31924050480127336,0.06983521595597267,0.06543923154473305,0.16096020698547364,0.6795985186100006,1.3829264640808105,1.073886513710022,1.8375635147094727,1.5101323127746582,1.762357234954834,1.0307408571243286,1.3686541318893433,2.988236904144287,0.951036810874939,1.0918024778366089,2.611692190170288,0.8301621079444885
395,0.0001,0.0902395248413086,0.9608010549597202,0.45835893630981445,0.778632213386442,0.870024748289138,62.70968461036682,0.10892166703939438,0.048624455872923134,0.0683020781353116,0.06732210654765368,0.10892166703939438,0.7724686866998672,0.16194888740777968,0.3247523060441017,0.0706089198589325,0.06528112351894379,0.16194888740777968,0.676535336971283,1.3819767236709595,1.0732444524765015,1.8380146026611328,1.5096832513809204,1.761046290397644,1.0310934782028198,1.3684872388839722,2.9863104820251465,0.951377809047699,1.0917176008224487,2.6085870265960693,0.830204427242279
396,0.0001,0.09051019594073295,0.9603109024759071,0.4489855366945267,0.7817799452984352,0.8718825038468105,66.78835773468018,0.11041900716722011,0.048774774577468635,0.0692573530972004,0.06692008282989263,0.11041900716722011,0.7691669452190399,0.16232143402099608,0.3236176094412804,0.07504359424114228,0.06444909662008286,0.16232143402099608,0.6783021068572999,1.3814609050750732,1.0728954076766968,1.838399887084961,1.506549596786499,1.7606416940689087,1.031180739402771,1.3646235466003418,2.9842302799224854,0.9513603448867798,1.0895403623580933,2.6072826385498047,0.8303287625312805
397,0.0001,0.08792400691658259,0.9622920673212656,0.4520948728919029,0.7816119372087499,0.8723119845336694,63.10101103782654,0.10902988620102405,0.04717829503118992,0.06855744011700153,0.06712760027498006,0.10902988620102405,0.767910937666893,0.1623175659775734,0.3242435158789158,0.0692927262187004,0.06526511669158935,0.1623175659775734,0.680611287355423,1.381314992904663,1.0721358060836792,1.8387091159820557,1.5068433284759521,1.7599345445632935,1.0313524007797241,1.3629282712936401,2.9822657108306885,0.9512181878089905,1.087844967842102,2.6043689250946045,0.8304658532142639
398,0.0001,0.09025772362947464,0.9602266873341331,0.4490573444962502,0.7792704747153175,0.8700098580263529,62.62845849990845,0.10833779476583004,0.04881242288276553,0.06912655476480722,0.06616479128599168,0.10833779476583004,0.7717047584056854,0.1632348655164242,0.31539479896426204,0.06687156066298484,0.06515251636505127,0.1632348655164242,0.6769099068641663,1.3805705308914185,1.072031021118164,1.8389724493026733,1.5060983896255493,1.7594749927520752,1.031727910041809,1.3620882034301758,2.9800424575805664,0.9511787295341492,1.090765118598938,2.6016488075256348,0.8305896520614624
399,0.0001,0.09038390465080738,0.9605519118888828,0.46093796044588087,0.7777262113087571,0.8690399125620252,63.220643043518066,0.11127217829227448,0.04827823722735047,0.06879833661019802,0.06688555289059878,0.11127217829227448,0.7629168438911438,0.1603979179263115,0.3371592396497726,0.07748537704348564,0.06396452456712723,0.1603979179263115,0.6776830327510833,1.3804519176483154,1.071644902229309,1.8393168449401855,1.5042009353637695,1.7588175535202026,1.0318827629089355,1.3600528240203857,2.9786274433135986,0.950971782207489,1.0909417867660522,2.5985336303710938,0.8307321667671204
