epoch,lr,loss,iou,val_loss,val_iou,val_dice,epoch_sec,train_ctrl,train_foc,train_ma_mean,train_rho_std,train_ctrl_bce,train_cell_iou,val_ctrl,val_foc,val_ma_mean,val_rho_std,val_ctrl_bce,val_cell_iou,norm_route1_wc,norm_route1_wa,norm_route1_beta,norm_route2_wc,norm_route2_wa,norm_route2_beta,norm_route3_wc,norm_route3_wa,norm_route3_beta,norm_route4_wc,norm_route4_wa,norm_route4_beta
0,0.0001,1.4226877808570861,0.3270722153467615,1.3804198789596558,0.16027925098284698,0.27037211014398427,328.5660967826843,0.6588555020093918,0.5530480572581291,0.4893380555510521,0.006047133692045463,0.6588555020093918,0.06175011564511806,0.6119633269309998,0.46524102091789243,0.46714956760406495,0.008339141085743905,0.6119633269309998,0.01322182736825198,0.10784508287906647,0.09059584885835648,0.051876287907361984,0.11430929601192474,0.11482291668653488,0.03879394382238388,0.18025846779346466,0.21062038838863373,0.030043819919228554,0.1786014437675476,0.1930440217256546,0.0295396875590086
1,0.0001,1.2828900551795959,0.41976085327357465,1.277172522544861,0.4117335241956319,0.5779365564725605,215.49536991119385,0.5780459886789322,0.48482775807380674,0.44327664583921433,0.014383441936224699,0.5780459886789322,0.26216342970728873,0.5306066429615021,0.47011370658874513,0.4066334795951843,0.012733786813914776,0.5306066429615021,0.23337259590625764,0.1810864806175232,0.145171120762825,0.09120559692382812,0.16868823766708374,0.19281511008739471,0.059876859188079834,0.3047294616699219,0.40021011233329773,0.06772813946008682,0.2536148726940155,0.3019481897354126,0.05400478094816208
2,0.0001,1.2014491403102874,0.4760940245435268,1.2091478967666627,0.4410099516508804,0.6044054697269821,361.09233474731445,0.5091182014346123,0.4494010603427887,0.391310350894928,0.013835545619949699,0.5091182014346123,0.30137651666998866,0.4921183967590332,0.46089757442474366,0.38050495147705077,0.013374559059739112,0.4921183967590332,0.2920602613687515,0.2491386979818344,0.18874260783195496,0.12793588638305664,0.2130143791437149,0.25091326236724854,0.0818723738193512,0.3615945279598236,0.5656782984733582,0.09541533142328262,0.31124797463417053,0.40995651483535767,0.07332734018564224
3,0.0001,1.1494015336036683,0.5002134073919002,1.1719084072113037,0.4315024625018344,0.5941906469876949,132.3522288799286,0.4535312336683273,0.4335683059692383,0.348579038977623,0.01921636164188385,0.4535312336683273,0.30895223990082743,0.4284691548347473,0.40894059419631956,0.3193940567970276,0.014753448367118836,0.4284691548347473,0.17288505256175996,0.305795282125473,0.22360891103744507,0.15983563661575317,0.25203409790992737,0.29733601212501526,0.1020515039563179,0.40444710850715637,0.686768651008606,0.11690260469913483,0.36349689960479736,0.5052574872970581,0.09556856006383896
4,0.0001,1.0951952397823335,0.5414731177623203,1.096555471420288,0.5114105201978344,0.6688660827956635,50.09452271461487,0.4119714158773422,0.40952396601438523,0.31272048503160477,0.023298179861158133,0.4119714158773422,0.3050631342828274,0.3889679765701294,0.4066244208812714,0.28319048523902896,0.024965128228068352,0.3889679765701294,0.2174070730805397,0.35866448283195496,0.25233250856399536,0.18975281715393066,0.2923372983932495,0.33423641324043274,0.1220930889248848,0.44189101457595825,0.7876543998718262,0.13380461931228638,0.40960705280303955,0.615229070186615,0.11198397725820541
5,0.0001,1.0596609097719192,0.5521835637336833,1.0889342069625854,0.4881276770791182,0.648109956230349,138.84949564933777,0.3785420140624046,0.40210944414138794,0.2831901121139526,0.030954347234219314,0.3785420140624046,0.3092640585452318,0.39297939419746397,0.38963508248329165,0.2964537239074707,0.028136649951338768,0.39297939419746397,0.3176278483867645,0.40526342391967773,0.27595242857933044,0.21739289164543152,0.33267584443092346,0.3690849244594574,0.13962149620056152,0.4837489724159241,0.8647933006286621,0.15289093554019928,0.4454588294029236,0.7160494923591614,0.13247455656528473
6,0.0001,1.0285931652784348,0.5714101745482352,1.044021565914154,0.4996853574305608,0.6555093834618667,94.08217549324036,0.35355501651763915,0.3922187262773514,0.25815150156617167,0.036658707428723576,0.35355501651763915,0.30621415011584757,0.3513059592247009,0.36878843903541564,0.22788172364234924,0.03141845688223839,0.3513059592247009,0.09260669283568859,0.4480765163898468,0.304747074842453,0.24401859939098358,0.3762853443622589,0.4076385498046875,0.15477511286735535,0.5456863641738892,0.9473788142204285,0.1727905571460724,0.4804421067237854,0.8358216285705566,0.14903436601161957
7,0.0001,0.9928178799152374,0.5889967282224894,1.0893437886238098,0.43696938530865814,0.5962384975559895,50.09263563156128,0.33427359133958817,0.3822073668241501,0.23647594437003136,0.04119804665446281,0.33427359133958817,0.3132997778058052,0.3487911891937256,0.40415563106536867,0.24790804326534271,0.03285556346178055,0.3487911891937256,0.2368314066529274,0.4852309823036194,0.3246685862541199,0.2705654501914978,0.40478140115737915,0.4357796907424927,0.16854432225227356,0.5875124335289001,1.024556040763855,0.18978933990001678,0.49611347913742065,0.9013115763664246,0.16599173843860626
8,0.0001,0.9639475828409195,0.5907997926556711,0.9383518648147583,0.5912791935817713,0.7346009637139665,50.08837151527405,0.3210564050078392,0.36178566664457323,0.22002533882856368,0.04614957373589277,0.3210564050078392,0.3139295043051243,0.3120436108112335,0.3072357779741287,0.18815382957458496,0.04235569730401039,0.3120436108112335,0.17728022158145904,0.5191371440887451,0.3391271233558655,0.2957586944103241,0.4389917552471161,0.4488229751586914,0.18195807933807373,0.6134968400001526,1.0918183326721191,0.2013808935880661,0.526468813419342,1.0038018226623535,0.18044155836105347
9,0.0001,0.9249943560361862,0.6066099356867497,0.9445467638969421,0.5689920596855376,0.7174712016503355,55.633991718292236,0.310577200204134,0.3376982378959656,0.2070163145661354,0.051486648991703986,0.310577200204134,0.31215552538633345,0.30785354614257815,0.33045487880706786,0.19751994848251342,0.04577200323343277,0.30785354614257815,0.28024824321269987,0.5534199476242065,0.3599900007247925,0.3198532164096832,0.4733220636844635,0.4826172888278961,0.19509662687778473,0.6748443841934204,1.210326910018921,0.2184964120388031,0.5373059511184692,1.0883344411849976,0.1964435577392578
10,0.0001,0.894672259092331,0.6184030975006293,0.9339984107017517,0.5757727712138136,0.721529348016401,276.89761447906494,0.30325430899858474,0.31415060460567473,0.19586264193058014,0.056235909163951874,0.30325430899858474,0.3154806949198246,0.31327454566955565,0.32589465141296386,0.211248043179512,0.05109657511115074,0.31327454566955565,0.32471004366874695,0.5839645862579346,0.3729613125324249,0.34246763586997986,0.5022302865982056,0.5032408833503723,0.20660623908042908,0.735369086265564,1.31689453125,0.23283334076404572,0.5657901763916016,1.183680772781372,0.21010908484458923
11,0.0001,0.8689182126522064,0.6262063476030082,0.8949846768379212,0.5716587767704793,0.7207509238690251,247.36680221557617,0.29456666186451913,0.3053159499168396,0.18911134764552118,0.060208336748182774,0.29456666186451913,0.3316247430443764,0.3064068430662155,0.2858887922763824,0.1721283620595932,0.06136067315936088,0.3064068430662155,0.3223320627212524,0.6126267910003662,0.38462430238723755,0.3641988933086395,0.5258587598800659,0.5167927145957947,0.2166568785905838,0.7865867614746094,1.3628641366958618,0.24489706754684448,0.5973740220069885,1.2350690364837646,0.22378623485565186
12,0.0001,0.835991450548172,0.6365244504756327,0.8792348670959472,0.5680139041881368,0.7176502572415603,76.69433259963989,0.2872780847549439,0.28358342215418814,0.18063902035355567,0.06473421327769756,0.2872780847549439,0.3307116485387087,0.3071068698167801,0.28396412074565885,0.15942394256591796,0.05818465158343315,0.3071068698167801,0.20400606572628022,0.6391440033912659,0.39443066716194153,0.38501036167144775,0.5494321584701538,0.5319569706916809,0.2281782478094101,0.8548691272735596,1.4138177633285522,0.2572844326496124,0.6137496829032898,1.3206101655960083,0.23546966910362244
13,0.0001,0.8060961949825287,0.6537090253195121,0.8305440139770508,0.611796540406179,0.7519371340628415,58.10886907577515,0.28163163498044014,0.2720623879134655,0.1745675738155842,0.06897287782281637,0.28163163498044014,0.34871248826384543,0.2822460544109344,0.29618141770362855,0.17920653641223908,0.06512148916721344,0.2822460544109344,0.35255143105983733,0.6633778810501099,0.4055645763874054,0.4054175019264221,0.5773892402648926,0.5518903732299805,0.24055814743041992,0.9119947552680969,1.4695535898208618,0.26770174503326416,0.6162908673286438,1.391506314277649,0.2433706670999527
14,0.0001,0.7931913983821869,0.6450724058898091,0.8563462615013122,0.5950196844245368,0.7396300023307607,71.97888684272766,0.2784314277768135,0.26855797320604324,0.16964446544647216,0.07212877538055182,0.2784314277768135,0.34979856535792353,0.2927684485912323,0.3559753966331482,0.20135669231414796,0.06999502599239349,0.2927684485912323,0.41016883730888365,0.6848250031471252,0.4216603636741638,0.42481595277786255,0.5958266258239746,0.5782098770141602,0.2518315613269806,0.9731593132019043,1.5523157119750977,0.2812425196170807,0.6114009022712708,1.486377477645874,0.25201237201690674
15,0.0001,0.7671957510709763,0.6547176052303249,0.7815028691291809,0.6251016670672209,0.7624451758624763,72.17947459220886,0.27362559258937835,0.2578728948533535,0.1658642403781414,0.0781859640032053,0.27362559258937835,0.3662333719432354,0.28019811809062956,0.26164443254470826,0.1615438359975815,0.07330457985401154,0.28019811809062956,0.2913979530334473,0.7065944075584412,0.43358510732650757,0.44384491443634033,0.6166281700134277,0.6027657985687256,0.2659981846809387,1.0229915380477905,1.623077392578125,0.2926361560821533,0.648987352848053,1.5762959718704224,0.2629331052303314
16,0.0001,0.7415202170610428,0.6687734739568075,0.7683824992179871,0.613953977056129,0.7537998524777316,70.50950384140015,0.2706746144592762,0.24508506402373315,0.16220462396740915,0.08082605458796024,0.2706746144592762,0.3668204965442419,0.27450362622737884,0.2700369185209274,0.14738997220993041,0.08214416146278382,0.27450362622737884,0.36215285181999207,0.7307789921760559,0.44074153900146484,0.4662153124809265,0.647471010684967,0.6190810203552246,0.28161507844924927,1.0929473638534546,1.66515052318573,0.3018507957458496,0.6906912326812744,1.635420560836792,0.2757543623447418
17,0.0001,0.7300598973035812,0.6545404417754539,0.7386670470237732,0.6327571861528987,0.7657710379087582,71.78845381736755,0.2686959345638752,0.25041047438979147,0.1601461513340473,0.08492368884384632,0.2686959345638752,0.37415449440479276,0.2706029152870178,0.2494995439052582,0.15504545122385024,0.0843168905377388,0.2706029152870178,0.37167626738548276,0.7545822262763977,0.45529115200042725,0.4875626266002655,0.6798805594444275,0.6503703594207764,0.294698566198349,1.1390258073806763,1.7811428308486938,0.3104208707809448,0.7157014012336731,1.7263638973236084,0.2856689393520355
18,0.0001,0.6993941003084183,0.679590221088425,0.7347485291957855,0.6420635493713653,0.7761390293057646,76.32812213897705,0.2661244057118893,0.2324397684633732,0.15748888060450553,0.08851585641503334,0.2661244057118893,0.37848475225269795,0.2723436516523361,0.2587554085254669,0.16076638758182527,0.0911142173409462,0.2723436516523361,0.3875057941675186,0.7748128175735474,0.46383732557296753,0.508143961429596,0.7005745768547058,0.6661590933799744,0.3070988357067108,1.178064227104187,1.8572543859481812,0.31884336471557617,0.6964222192764282,1.8107637166976929,0.2911943793296814
19,0.0001,0.6775379651784896,0.6868009647265393,0.7180793190002441,0.6329127552975677,0.7679162593696267,71.82694149017334,0.2614662677049637,0.2249991787970066,0.15537851989269258,0.09178035207092762,0.2614662677049637,0.38901148721575735,0.2722774851322174,0.2282944303750992,0.13423194319009782,0.0884104225039482,0.2722774851322174,0.2605762875080109,0.7991105914115906,0.4742913544178009,0.5296000838279724,0.7307561635971069,0.6967260837554932,0.3197733163833618,1.2445414066314697,1.9172252416610718,0.32651177048683167,0.7105150818824768,1.894108772277832,0.298846036195755
20,0.0001,0.6652369916439056,0.6868778391039168,0.6991782093048096,0.6245177228846969,0.761699963307322,57.97007608413696,0.260354772657156,0.22960435688495637,0.15409975722432137,0.09662329621613025,0.260354772657156,0.3951425401866436,0.27084609627723694,0.22649953365325928,0.1304109972715378,0.09378792494535446,0.27084609627723694,0.2883100694417953,0.8194082975387573,0.48679429292678833,0.5487800240516663,0.772882342338562,0.7418064475059509,0.3303115963935852,1.2876744270324707,1.9964079856872559,0.3362940549850464,0.7281704545021057,1.942509651184082,0.30747702717781067
21,0.0001,0.6527551063895225,0.6855326506114275,0.6949312317371369,0.6351769138110628,0.7707909939436299,57.239635944366455,0.2606747531890869,0.2270765545964241,0.15234040468931198,0.10028700850903988,0.2606747531890869,0.39978153228759766,0.26049561917781827,0.23670595586299897,0.14911018311977386,0.10055375933647155,0.26049561917781827,0.40134834408760073,0.8340162634849548,0.49675750732421875,0.5674341320991516,0.7994934916496277,0.774774968624115,0.342325359582901,1.3445593118667603,2.0648863315582275,0.34503892064094543,0.7596935033798218,2.004992723464966,0.31829705834388733
22,0.0001,0.6318602773547173,0.6906508999789905,0.7032125079631806,0.6170577549953608,0.7573008713808139,56.36868333816528,0.25419577792286874,0.22044642128050326,0.14882008567452432,0.10222546420991421,0.25419577792286874,0.4013674259185791,0.26335277915000915,0.2728732842206955,0.15827204346656798,0.10079488098621368,0.26335277915000915,0.4020667880773544,0.8524609804153442,0.5143315196037292,0.5865075588226318,0.8283975124359131,0.8122462630271912,0.3521343767642975,1.3837429285049438,2.156015634536743,0.3547985255718231,0.7827834486961365,2.0650739669799805,0.3237888514995575
23,0.0001,0.6127684211730957,0.6968057626347114,0.6581048905849457,0.663124037731085,0.7928513432639978,56.729182958602905,0.25429441839456557,0.21338531635701657,0.14793932512402536,0.1035923209041357,0.25429441839456557,0.41271000519394874,0.25903377890586854,0.25489655286073687,0.16052755653858186,0.10377575099468231,0.25903377890586854,0.4136682814359665,0.8727709650993347,0.5241932272911072,0.6052901148796082,0.8673694729804993,0.8427326083183289,0.36483943462371826,1.408622145652771,2.21451997756958,0.3628999888896942,0.799994707107544,2.122330665588379,0.32823798060417175
24,0.0001,0.5888567146658897,0.7132391400638497,0.6503645730018616,0.6479649664924547,0.781154986833723,55.75904560089111,0.2518358224630356,0.20872346192598343,0.14762365564703941,0.10750650078058242,0.2518358224630356,0.4093582919239998,0.26132217586040496,0.23982677280902862,0.14822005599737167,0.10178399831056595,0.26132217586040496,0.34974086582660674,0.8860843181610107,0.5326603055000305,0.6244691610336304,0.9191746711730957,0.8643011450767517,0.3748556077480316,1.4472254514694214,2.2506470680236816,0.3754260241985321,0.8033100962638855,2.151930093765259,0.33541637659072876
25,0.0001,0.5804976913332939,0.7083161976292647,0.597678291797638,0.6882109612087605,0.8098636508981447,51.78936171531677,0.24879861652851104,0.20839119337499143,0.1446177577972412,0.10935559049248696,0.24879861652851104,0.4168846397101879,0.24777718067169188,0.22604152351617812,0.14032375514507295,0.11185839533805847,0.24777718067169188,0.40415340900421143,0.9039940237998962,0.5402963161468506,0.6427469253540039,0.9659622311592102,0.8968667387962341,0.3864116370677948,1.4968266487121582,2.331981897354126,0.38266944885253906,0.8313207030296326,2.180988073348999,0.3429633677005768
26,0.0001,0.5707088303565979,0.70908644770778,0.627199764251709,0.644927785849211,0.7775802625721248,53.23862838745117,0.2513656598329544,0.20838376387953758,0.1454456789791584,0.11001980014145374,0.2513656598329544,0.41545272439718245,0.25181231141090393,0.24114990800619127,0.14230328887701035,0.11286471545696258,0.25181231141090393,0.41774903059005736,0.9147352576255798,0.5539788007736206,0.6600988507270813,1.0078483819961548,0.9369452595710754,0.3965053856372833,1.5331813097000122,2.414332389831543,0.38961827754974365,0.8408740162849426,2.273447275161743,0.3485172986984253
27,0.0001,0.5551096826791764,0.7130893757388519,0.8578564834594726,0.5476918414429512,0.6981920449410239,52.29568076133728,0.24913866460323333,0.20343122273683548,0.14361736610531806,0.11371663950383663,0.24913866460323333,0.42385958194732665,0.3143020248413086,0.42458223819732666,0.22177046298980713,0.1081581336259842,0.3143020248413086,0.44851534605026244,0.9251689314842224,0.5687306523323059,0.6759615540504456,1.0399078130722046,0.9698688387870789,0.4073842465877533,1.541359543800354,2.449047803878784,0.39512187242507935,0.8550602197647095,2.316833972930908,0.3573966920375824
28,0.0001,0.5265173390507698,0.7287965371305576,0.6814760220050812,0.6054648667657951,0.7490049340783212,56.23538160324097,0.24303829804062843,0.19534563325345516,0.14151425927877426,0.11459503538906574,0.24303829804062843,0.4341667392849922,0.25716288924217223,0.28309587985277174,0.17048660457134246,0.11089793413877487,0.25716288924217223,0.4117665749788284,0.9351643919944763,0.5809449553489685,0.6949451565742493,1.0885597467422485,1.00014328956604,0.41770273447036743,1.5663213729858398,2.4684267044067383,0.40033411979675293,0.8622671365737915,2.329972505569458,0.36203712224960327
29,0.0001,0.5243358525633812,0.7255109098604882,0.5800028717517853,0.6666825514529877,0.7939670104071026,55.728145360946655,0.24512387022376061,0.19719362810254096,0.14138305701315404,0.1177181400358677,0.24512387022376061,0.4387446655333042,0.2571259319782257,0.21367898106575012,0.11440130859613419,0.11285777151584625,0.2571259319782257,0.33673289239406584,0.9504255056381226,0.598886251449585,0.7124850153923035,1.107133388519287,1.0430183410644531,0.4263192117214203,1.6235949993133545,2.5174643993377686,0.40680834650993347,0.872437059879303,2.328850507736206,0.373153418302536
30,0.0001,0.5268310639262199,0.7179753967145784,0.57654283285141,0.6791776405545662,0.8030229361776358,52.285444259643555,0.2472551743686199,0.20458762779831885,0.14280060440301895,0.11675185360014438,0.2472551743686199,0.42682923465967176,0.24941221594810487,0.23903912395238877,0.14972665905952454,0.11956259548664093,0.24941221594810487,0.46611567556858063,0.9597334861755371,0.6140370965003967,0.7299503684043884,1.1601108312606812,1.08240807056427,0.43700292706489563,1.648339867591858,2.567899465560913,0.4156310558319092,0.9023667573928833,2.359454870223999,0.3845231533050537
31,0.0001,0.5105507835745812,0.7267955831947576,0.5198482513427735,0.6898405077192196,0.8096914230289616,50.42225980758667,0.24307386845350265,0.1966850796341896,0.13896321095526218,0.12010207936167717,0.24307386845350265,0.44446051627397537,0.24680660486221315,0.21117741256952285,0.12096969604492187,0.11570063054561615,0.24680660486221315,0.36773878455162046,0.9704338312149048,0.628969669342041,0.7479742169380188,1.199806809425354,1.128548264503479,0.44614312052726746,1.6679970026016235,2.6241493225097656,0.4186449646949768,0.9239208698272705,2.3949875831604004,0.3848609924316406
32,0.0001,0.49099392086267474,0.7380858004536498,0.5004509115219116,0.7069042244011409,0.8223260526271828,52.88471722602844,0.2405630138516426,0.19129511438310146,0.13997020244598388,0.11987553223967552,0.2405630138516426,0.43860784627497196,0.23580085575580598,0.2089086130261421,0.13380530804395677,0.12097211092710496,0.23580085575580598,0.43288473784923553,0.9731971621513367,0.6398240923881531,0.765426516532898,1.2195422649383545,1.1492104530334473,0.4575554430484772,1.6852725744247437,2.670196294784546,0.4221143424510956,0.9455071687698364,2.405251979827881,0.3904806971549988
33,0.0001,0.4890094745159149,0.7374745458336193,0.5288640773296356,0.6925922639998905,0.8123377015330391,92.52159261703491,0.24191815972328187,0.19389648362994194,0.14133376955986024,0.12371303953230381,0.24191815972328187,0.4641113530099392,0.2472466254234314,0.22455712407827377,0.1479541230201721,0.12094658702611923,0.2472466254234314,0.45763824999332425,0.9809175133705139,0.6517071723937988,0.7798267602920532,1.249768614768982,1.1811120510101318,0.4653579294681549,1.686083436012268,2.6819405555725098,0.42711976170539856,0.9705333709716797,2.4174017906188965,0.39636585116386414
34,0.0001,0.4768773892521858,0.7449757607589951,0.6443531882762908,0.6150311126243441,0.7550083039162504,70.68882489204407,0.24119705960154533,0.1897196965664625,0.1359147322177887,0.122154151648283,0.24119705960154533,0.44781838446855543,0.24820946931838989,0.2996401709318161,0.15748387813568115,0.12361163198947907,0.24820946931838989,0.49329837679862976,0.9933465123176575,0.6636341214179993,0.7952641844749451,1.2688590288162231,1.210869550704956,0.47498711943626404,1.6965219974517822,2.7345943450927734,0.4324183166027069,0.9764598608016968,2.4369606971740723,0.39866799116134644
35,0.0001,0.4784081909060478,0.7328817161286233,0.580011522769928,0.6463747468228093,0.7765554449113482,72.20244932174683,0.24154407322406768,0.19325916551053524,0.13668251536786558,0.1227058919519186,0.24154407322406768,0.4557547155022621,0.24188945651054383,0.2678764805197716,0.1440620994567871,0.12177898824214935,0.24188945651054383,0.4508560174703598,1.0010755062103271,0.678480327129364,0.8116410970687866,1.3246269226074219,1.2391278743743896,0.48309341073036194,1.7175383567810059,2.7759392261505127,0.4377748370170593,0.9883224964141846,2.4435720443725586,0.40250661969184875
36,0.0001,0.4690863950550556,0.7398497242175958,0.5158058059215546,0.6930023666503915,0.8122914171513529,130.70049405097961,0.23773811638355255,0.19302064388990403,0.13903485365211965,0.12155034027993679,0.23773811638355255,0.4574736027419567,0.24197129428386688,0.21313010275363922,0.1335224413871765,0.11503312826156616,0.24197129428386688,0.3855378413200378,1.0039007663726807,0.684959352016449,0.8274515867233276,1.341459035873413,1.2601380348205566,0.49036261439323425,1.739571452140808,2.789416790008545,0.4442482888698578,1.000910758972168,2.474874973297119,0.4066701829433441
37,0.0001,0.44042287915945055,0.7557060389581974,0.5350402808189392,0.6897771897464025,0.8119449760961153,166.71724224090576,0.23503265276551247,0.1781811022013426,0.135493968129158,0.12440632343292236,0.23503265276551247,0.4714515767991543,0.2533022719621658,0.23648037612438202,0.16406259894371034,0.1170707768201828,0.2533022719621658,0.44100680470466613,1.0057744979858398,0.6991724371910095,0.8436101675033569,1.376702904701233,1.2919901609420776,0.49911242723464966,1.7574610710144043,2.819162368774414,0.45131242275238037,0.9893903732299805,2.507725954055786,0.4108276069164276
38,0.0001,0.4351097443699837,0.7553749908151272,0.6010125470161438,0.6180502645887681,0.7591206799527803,151.17451691627502,0.23394686385989188,0.18080832272768022,0.13461458504199983,0.12642404973506927,0.23394686385989188,0.4776517906785011,0.2583084774017334,0.2626385352015495,0.12395429462194443,0.11467594653367996,0.2583084774017334,0.3421684283018112,1.0033904314041138,0.7020775079727173,0.8590543866157532,1.409323811531067,1.3085391521453857,0.5051038861274719,1.7654916048049927,2.821728467941284,0.45588821172714233,0.9844154119491577,2.5253305435180664,0.4153730273246765
39,0.0001,0.4469756683707237,0.7453649862789489,0.5330130898952484,0.659183293676412,0.7898193852989555,157.2741982936859,0.23372255608439446,0.1894517084956169,0.13182169742882252,0.1266038542985916,0.23372255608439446,0.46976660296320916,0.23926674723625183,0.2391226828098297,0.13288887828588486,0.12739905685186387,0.23926674723625183,0.46445380568504335,1.0054450035095215,0.7126131057739258,0.8703229427337646,1.417799711227417,1.337930679321289,0.5122756958007812,1.769094705581665,2.850694179534912,0.46288442611694336,1.0118645429611206,2.574162721633911,0.420969158411026
40,0.0001,0.4373259347677231,0.7496671891430683,0.5222105211019517,0.6786650324363177,0.8028301022044981,135.3926281929016,0.2322036889195442,0.1820842193812132,0.13246355161070825,0.12632803112268448,0.2322036889195442,0.47961692214012147,0.2401453012228012,0.24829518169164658,0.13182825922966004,0.12083852738142013,0.2401453012228012,0.4407463002204895,1.0037002563476562,0.7189255952835083,0.8831654787063599,1.443497896194458,1.37686288356781,0.5192678570747375,1.7811529636383057,2.902254819869995,0.467911958694458,1.0513375997543335,2.6288297176361084,0.42798641324043274
41,0.0001,0.4217679277062416,0.7544003621133775,0.4904864752292633,0.6900502556633711,0.8104084468302806,167.88670563697815,0.23167962908744813,0.18217360071837901,0.13527440823614598,0.12872361347079278,0.23167962908744813,0.48510017812252043,0.2530076026916504,0.1889175945520401,0.0949777290225029,0.12061537206172943,0.2530076026916504,0.33341690063476564,1.0043469667434692,0.7250712513923645,0.8942890167236328,1.4701303243637085,1.4005422592163086,0.5262510776519775,1.7968782186508179,2.9063684940338135,0.4727623164653778,1.0583195686340332,2.6001152992248535,0.4296586513519287
42,0.0001,0.4308841474354267,0.7514929027214725,0.5001257967948913,0.7018057523688274,0.8181857493159493,146.58555340766907,0.22940026298165322,0.19091406129300595,0.13194498777389527,0.1262052408605814,0.22940026298165322,0.47348748475313185,0.24297471582889557,0.22238121271133424,0.13030289262533187,0.12113533288240433,0.24297471582889557,0.43264824390411377,1.005262017250061,0.7406438589096069,0.9043278694152832,1.48905611038208,1.4375706911087036,0.5319327116012573,1.8282350301742554,2.9379045963287354,0.47995540499687195,1.037746548652649,2.608787775039673,0.43752148747444153
43,0.0001,0.41305243358016014,0.7669388600088969,0.49812057077884675,0.688819755001696,0.8089799466788063,130.27605414390564,0.22744693890213966,0.1787779624760151,0.13332117579877376,0.12539539344608783,0.22744693890213966,0.4816741070151329,0.23343721508979798,0.2264636340737343,0.1208129233121872,0.12213098615407944,0.23343721508979798,0.4285776174068451,1.0063750743865967,0.754711389541626,0.9169769287109375,1.5064499378204346,1.4522771835327148,0.538445234298706,1.8510024547576904,2.9651904106140137,0.48493847250938416,1.021162986755371,2.642946481704712,0.4436666965484619
44,0.0001,0.41047842338681223,0.7663135127115068,0.48724953830242157,0.6960427455839688,0.8150051436283539,151.39267945289612,0.2301146636903286,0.18088055171072484,0.13293534129858017,0.1246379142254591,0.2301146636903286,0.47940840691328046,0.2310794073343277,0.2528711521625519,0.13955353945493698,0.12443362712860108,0.2310794073343277,0.49223493576049804,1.0009047985076904,0.7713809013366699,0.9289262294769287,1.5001968145370483,1.466842532157898,0.5454015135765076,1.8572341203689575,2.988774299621582,0.4921439588069916,1.0268312692642212,2.688464879989624,0.44824114441871643
45,0.0001,0.41704496800899504,0.7524136295786721,0.46341832280158995,0.7046141609149621,0.8222382595856726,133.10163497924805,0.23179552480578422,0.18676384560763837,0.13452673472464086,0.125683189406991,0.23179552480578422,0.47906517595052717,0.22719262003898621,0.22369433760643007,0.1376838579773903,0.12216993629932403,0.22719262003898621,0.4923656821250916,0.9934520125389099,0.7791506052017212,0.9406765103340149,1.525006651878357,1.485091209411621,0.551969587802887,1.8601610660552979,2.999884605407715,0.49825581908226013,1.0303577184677124,2.7020061016082764,0.45728036761283875
46,0.0001,0.4154081842303276,0.752820090585386,0.482379664182663,0.6813716572449766,0.8045765432007395,144.5943841934204,0.23014543823897837,0.180851289331913,0.13061632126569747,0.1279163998365402,0.23014543823897837,0.4922430829703808,0.23176735103130341,0.2442447227239609,0.13561662703752517,0.12223478525876999,0.23176735103130341,0.4707579278945923,0.9883597493171692,0.7883186936378479,0.9508516192436218,1.5425235033035278,1.4996991157531738,0.5559048652648926,1.8683677911758423,3.0077130794525146,0.5026434659957886,1.0378508567810059,2.7322652339935303,0.45914363861083984
47,0.0001,0.38297512143850326,0.7746039294159042,0.44777806997299197,0.7207170756388045,0.8333076946115072,169.3068540096283,0.22536954328417777,0.16625354804098605,0.1288223073631525,0.12837936341762543,0.22536954328417777,0.49356111377477646,0.2273222929239273,0.21462540924549103,0.1305868610739708,0.1259067824482918,0.2273222929239273,0.484187194108963,0.9872593283653259,0.7926897406578064,0.9635137319564819,1.56035315990448,1.5156517028808594,0.5620567202568054,1.8653383255004883,3.0207149982452393,0.5070362091064453,1.0652135610580444,2.7209038734436035,0.46088483929634094
48,0.0001,0.386915992051363,0.778351679064572,0.5134707665443421,0.6745799338899526,0.7979276090875544,144.58495903015137,0.2271342793107033,0.17114179387688636,0.13000231809914112,0.12865998446941376,0.2271342793107033,0.49373710721731184,0.2312071943283081,0.26516025483608247,0.12680031299591066,0.12429708480834961,0.2312071943283081,0.44028567790985107,0.9910294413566589,0.798879086971283,0.975574791431427,1.5797353982925415,1.5347797870635986,0.5665904879570007,1.849730372428894,3.044750452041626,0.5127056837081909,1.0635080337524414,2.70849609375,0.4618472158908844
49,0.0001,0.3826791924238205,0.7756533780446279,0.4545062708854675,0.7137236738142463,0.8264062175594953,136.81574249267578,0.22443242445588113,0.17222191981971263,0.12762222334742546,0.12908808872103691,0.22443242445588113,0.4887395702302456,0.24311889886856078,0.2039192545413971,0.11786151826381683,0.1329741844534874,0.24311889886856078,0.4551146340370178,0.9898238778114319,0.8067704439163208,0.985133945941925,1.597443699836731,1.5588369369506836,0.5742195844650269,1.8652881383895874,3.0763473510742188,0.5161910057067871,1.0259244441986084,2.7162420749664307,0.46831807494163513
50,0.0001,0.38679030910134315,0.7730489687918032,0.4734899455308914,0.7093611470780432,0.8235332999006191,123.09182095527649,0.22230453684926033,0.17796337425708772,0.12940605156123638,0.13153364330530168,0.22230453684926033,0.5154122012853622,0.22768636405467987,0.22600516259670259,0.14348310530185698,0.13221549481153488,0.22768636405467987,0.5236969804763794,0.9851737022399902,0.811488926410675,0.995101809501648,1.611009955406189,1.568032145500183,0.5811366438865662,1.8818110227584839,3.0685853958129883,0.5228793025016785,1.0385842323303223,2.7344069480895996,0.4785335659980774
51,0.0001,0.38505237191915515,0.7760660180287805,0.4719393026828766,0.7083416106520182,0.8220838433292832,92.93021559715271,0.22297513335943223,0.17721413694322108,0.1282806770503521,0.13134472586214543,0.22297513335943223,0.518438130915165,0.23015487670898438,0.23421970158815383,0.14775019258260727,0.13168383687734603,0.23015487670898438,0.5164821434020996,0.9865371584892273,0.8203011155128479,1.0064607858657837,1.6071935892105103,1.5900793075561523,0.5846751928329468,1.8654932975769043,3.084839105606079,0.525291919708252,1.0142463445663452,2.7315309047698975,0.47667840123176575
52,0.0001,0.376769545674324,0.780293594769612,0.4953407543897629,0.6810655400923092,0.80321094383157,101.11367082595825,0.22526641443371773,0.1735339093953371,0.12823132529854775,0.13020840048789978,0.22526641443371773,0.5068914009630681,0.2259431564807892,0.25814725816249845,0.12734880954027175,0.12323897957801819,0.2259431564807892,0.47452024459838865,0.9854020476341248,0.8237305879592896,1.0181561708450317,1.607060194015503,1.6026694774627686,0.590584397315979,1.881844401359558,3.0991451740264893,0.5320215225219727,1.012412190437317,2.769780158996582,0.48232758045196533
53,0.0001,0.3648428447544575,0.7920421744526636,0.47144023060798645,0.7061271389761222,0.8222421980420149,97.75181293487549,0.21983422324061394,0.16737004984170198,0.12670438647270202,0.12860350839793683,0.21983422324061394,0.5240187099575997,0.22371922194957733,0.2329224678874016,0.13514883518218995,0.131954707801342,0.22371922194957733,0.5255767905712128,0.983951985836029,0.8275899887084961,1.0283292531967163,1.6171413660049438,1.6151505708694458,0.594331681728363,1.8793578147888184,3.1135504245758057,0.5375532507896423,1.0284415483474731,2.779831886291504,0.4852434992790222
54,0.0001,0.3641145494580269,0.7867784128533093,0.5293623697757721,0.6648773878886926,0.7931308360311798,94.71754860877991,0.2173163752257824,0.1714993865042925,0.12579879127442836,0.12901963993906976,0.2173163752257824,0.5256372903287411,0.23800589382648468,0.26302310794591904,0.1305957892537117,0.1312878304719925,0.23800589382648468,0.4757936406135559,0.9835153818130493,0.8334259986877441,1.036963939666748,1.6410633325576782,1.6308354139328003,0.6016553044319153,1.882264494895935,3.133685827255249,0.5427640080451965,1.0489428043365479,2.8095791339874268,0.488504022359848
55,0.0001,0.35394161984324457,0.7958588316588766,0.45736475646495817,0.7060826883414153,0.8212189047667598,93.38513159751892,0.21799880340695382,0.16128783352673054,0.127562463209033,0.12900717057287692,0.21799880340695382,0.5319845673441886,0.23499715507030486,0.22515244990587235,0.1188305687904358,0.12913154512643815,0.23499715507030486,0.4822047257423401,0.9844678640365601,0.8429943323135376,1.0452792644500732,1.651196837425232,1.6451338529586792,0.6035182476043701,1.9114874601364136,3.1581854820251465,0.5499929189682007,1.0623360872268677,2.818894863128662,0.49466419219970703
56,0.0001,0.34590069472789764,0.79955274228956,0.5306779032945633,0.6681072368082915,0.7946218101556421,107.15358424186707,0.21634679391980172,0.1582382370531559,0.12502199217677115,0.12731471471488476,0.21634679391980172,0.5299359530210495,0.2238409125804901,0.28807997912168504,0.13004962474107742,0.12316243261098862,0.2238409125804901,0.4808804643154144,0.9866085052490234,0.8545646071434021,1.0573341846466064,1.6711782217025757,1.6596144437789917,0.6100897192955017,1.9069483280181885,3.176358461380005,0.5549154877662659,1.0565398931503296,2.8284878730773926,0.4974249303340912
57,0.0001,0.3465968532860279,0.7984279359580612,0.47505290746688844,0.7130782819133706,0.8281122502000033,110.69927287101746,0.21813029251992702,0.16177277259528636,0.12496461160480976,0.12823420912027358,0.21813029251992702,0.5190508173406124,0.24175908267498017,0.24852101236581803,0.1644480088353157,0.12544464379549025,0.24175908267498017,0.5339133512973785,0.9906731247901917,0.8651229739189148,1.0674889087677002,1.6876955032348633,1.6747554540634155,0.6176801919937134,1.9074398279190063,3.1933064460754395,0.5607742071151733,1.054254174232483,2.837442398071289,0.5024924278259277
58,0.0001,0.34720020458102224,0.7992771552368361,0.5110032486915589,0.6764095149116983,0.8008582761824959,108.84783911705017,0.21571161568164826,0.16676197364926337,0.12665264695882797,0.1285890295356512,0.21571161568164826,0.5253996308147907,0.23995649874210356,0.24636060923337935,0.13151455909013748,0.1241124677658081,0.23995649874210356,0.4515227246284485,0.9896911978721619,0.8708860278129578,1.076361894607544,1.696541666984558,1.6873457431793213,0.6239838004112244,1.9042729139328003,3.1797494888305664,0.5654098391532898,1.0541378259658813,2.8371739387512207,0.5023276209831238
59,0.0001,0.3288025853037834,0.8091419506347486,0.5070469844341278,0.6844832231218376,0.8073367802403919,79.57908344268799,0.21376833386719227,0.15223618499934674,0.12261316783726216,0.12804775826632978,0.21376833386719227,0.5312689390778541,0.22912993639707566,0.2708460047841072,0.11462948024272919,0.12332403272390366,0.22912993639707566,0.44577767431735993,0.9858086109161377,0.8675336241722107,1.0823572874069214,1.681729793548584,1.708056926727295,0.626095712184906,1.893993616104126,3.1953792572021484,0.5704831480979919,1.0658845901489258,2.8758673667907715,0.5075533986091614
60,0.0001,0.3313293774425983,0.8072548828517809,0.4726787805557251,0.708372315788057,0.8243617582099715,98.485023021698,0.2138836795091629,0.15362472530454396,0.12374387577176094,0.12834398992359639,0.2138836795091629,0.5365571349859237,0.22838529139757158,0.23614665180444716,0.12477597713470459,0.12943171322345734,0.22838529139757158,0.5070123541355133,0.9841300845146179,0.8735037446022034,1.0900746583938599,1.705198049545288,1.7172690629959106,0.6305332183837891,1.8962254524230957,3.2135283946990967,0.5746450424194336,1.0500428676605225,2.8674747943878174,0.5090509653091431
61,0.0001,0.33732419699430466,0.8008047001733206,0.4625399833917618,0.703461024047192,0.8207158886522612,81.76745653152466,0.21346872940659523,0.1611481115221977,0.122350058183074,0.12899329341948032,0.21346872940659523,0.5386129635572433,0.23329874634742737,0.22392509371042252,0.12835358679294587,0.12645680487155914,0.23329874634742737,0.4912418782711029,0.9782368540763855,0.8783895373344421,1.098180890083313,1.7227269411087036,1.7373889684677124,0.6365445852279663,1.902066946029663,3.221954822540283,0.5793864727020264,1.0523338317871094,2.8482768535614014,0.5131356120109558
62,0.0001,0.3400687921047211,0.7989479412294379,0.46687537014484404,0.7178113199690758,0.8305571807455361,99.10144782066345,0.2122064033150673,0.16324548482894896,0.12134360305964947,0.12679204493761062,0.2122064033150673,0.5408834558725357,0.21242909848690034,0.2552166473865509,0.13178058534860612,0.12563709139823914,0.21242909848690034,0.5394203019142151,0.9785695672035217,0.8899215459823608,1.1049998998641968,1.714821696281433,1.7471497058868408,0.6435824632644653,1.9158821105957031,3.2489356994628906,0.5870620608329773,1.0670478343963623,2.8651928901672363,0.5170021653175354
63,0.0001,0.33285841628909113,0.8036306856959615,0.4576116967201233,0.7050994831056785,0.8217371795996776,89.34330701828003,0.21333117321133613,0.16017740167677402,0.12592999942600727,0.12495424531400204,0.21333117321133613,0.5368790110945701,0.22286805272102356,0.23758682161569594,0.13580491691827773,0.1295791545510292,0.22286805272102356,0.5374395346641541,0.9727255702018738,0.8908787369728088,1.1109328269958496,1.7286380529403687,1.7674485445022583,0.648002564907074,1.9249355792999268,3.2388863563537598,0.5909959673881531,1.0741288661956787,2.888200283050537,0.5166239738464355
64,0.0001,0.33114699557423594,0.8052715949387218,0.5127595096826554,0.6780716681986764,0.7984679017108476,83.18592095375061,0.21041256353259086,0.1592520272731781,0.12221322514116764,0.1255258472263813,0.21041256353259086,0.5403527528047561,0.21039128333330154,0.2868296632170677,0.12191720485687256,0.12392610281705857,0.21039128333330154,0.5357383978366852,0.9755601286888123,0.8962692618370056,1.1172010898590088,1.7275137901306152,1.7859665155410767,0.6511555910110474,1.9182941913604736,3.269566059112549,0.5942862629890442,1.0763376951217651,2.920063018798828,0.5205081105232239
65,0.0001,0.33093443006277085,0.8016639857141695,0.4171793580055237,0.7285281885950137,0.8375814743641063,88.6670036315918,0.21290214367210866,0.1596949627250433,0.12173593990504741,0.12499563403427601,0.21290214367210866,0.5385958436131477,0.21952133238315583,0.20333074986934663,0.11069240927696228,0.12819609373807908,0.21952133238315583,0.5269263505935669,0.9789052605628967,0.8964648842811584,1.1227400302886963,1.7326195240020752,1.797906756401062,0.6551024913787842,1.9131478071212769,3.282529830932617,0.5981397032737732,1.073013186454773,2.9295215606689453,0.5218741297721863
66,0.0001,0.30864310324192046,0.8225965357734237,0.5314763617515564,0.6655804955747583,0.7936653127347989,93.73986554145813,0.2117565330862999,0.1482030202448368,0.12197463639080525,0.12412960141897202,0.2117565330862999,0.5397878244519234,0.2277807503938675,0.29133409589529036,0.12143256217241287,0.11617041021585464,0.2277807503938675,0.47780729293823243,0.9790090322494507,0.9066335558891296,1.1309967041015625,1.7192775011062622,1.8049750328063965,0.6601120233535767,1.9220333099365234,3.2928671836853027,0.6030774712562561,1.082199215888977,2.9529857635498047,0.5242367386817932
67,0.0001,0.3166189102828503,0.8113428899582108,0.5014454460144043,0.6897071867433486,0.8087880911763768,80.90362286567688,0.2099050521105528,0.1540338434278965,0.12129643328487873,0.12425399526953697,0.2099050521105528,0.5441497972607613,0.2250197046995163,0.27825235038995744,0.13934501826763154,0.12507063329219817,0.2250197046995163,0.5261287534236908,0.9804295301437378,0.9061030745506287,1.138841986656189,1.7309387922286987,1.8206347227096558,0.6648920774459839,1.9283580780029297,3.3124043941497803,0.6063339710235596,1.0687700510025024,2.9439680576324463,0.526702344417572
68,0.0001,0.3230342748761177,0.8083558719033966,0.40814190328121186,0.7282910429126485,0.838983901747588,103.07884860038757,0.20758566603064538,0.15715550430119038,0.12207710526883603,0.12803383745253086,0.20758566603064538,0.5615693011879921,0.2083199080824852,0.20985648453235625,0.11610925108194352,0.12580819994211198,0.2083199080824852,0.5348909819126129,0.9772520065307617,0.9019835591316223,1.1443066596984863,1.7289514541625977,1.81511652469635,0.6670443415641785,1.9042671918869019,3.3269197940826416,0.6102635860443115,1.0825167894363403,2.9416556358337402,0.5282436609268188
69,0.0001,0.28692504942417146,0.8386960537296342,0.4912040013074875,0.7025703725715735,0.8207850757674212,106.01806664466858,0.204388263002038,0.13928675450384617,0.12018784046173096,0.12776735432446004,0.204388263002038,0.5598896300792694,0.2235415455698967,0.2587263995409012,0.10417528092861175,0.11862883657217026,0.2235415455698967,0.4354368257522583,0.9799358248710632,0.9064961671829224,1.1498568058013916,1.7282003164291382,1.8134320974349976,0.6711772680282593,1.9294793605804443,3.3325092792510986,0.6119328737258911,1.0835976600646973,2.957476854324341,0.5312505960464478
70,0.0001,0.318162594884634,0.8136202047816782,0.462225478887558,0.7039185979215387,0.8220320391401096,82.30257821083069,0.21207655064761638,0.15368931498378516,0.12243220165371894,0.12751610711216926,0.21207655064761638,0.5428960105776787,0.20788112491369248,0.26422529458999633,0.12767030656337738,0.12800809800624846,0.20788112491369248,0.5431064522266388,0.9802928566932678,0.9091364145278931,1.1560518741607666,1.7381430864334106,1.8251464366912842,0.6780551671981812,1.9444105625152588,3.326296329498291,0.616967499256134,1.090144157409668,2.9341583251953125,0.5354502201080322
71,0.0001,0.29443924620747564,0.8300528578780253,0.44149586975574495,0.7192510555825118,0.8313921550151541,80.08092045783997,0.20310693994164467,0.14418153055012226,0.11888838618993759,0.12539855010807513,0.20310693994164467,0.5531583774089813,0.212951223552227,0.2385801085829735,0.11168936789035797,0.12797389596700667,0.212951223552227,0.5229792058467865,0.982050359249115,0.9106781482696533,1.1619315147399902,1.755141258239746,1.8286055326461792,0.6819155812263489,1.9780468940734863,3.339867115020752,0.6217244863510132,1.0711899995803833,2.953404664993286,0.5377184748649597
72,0.0001,0.2961127346754074,0.8260676566481208,0.5122069668769836,0.6787467636581478,0.8031217103008328,80.48356413841248,0.20496059618890286,0.1430045271664858,0.11780697628855705,0.12910920321941377,0.20496059618890286,0.5653717193007469,0.2574681448936462,0.2629698094725609,0.12846526235342026,0.12219416707754135,0.2574681448936462,0.43504744887351987,0.9832285642623901,0.9180500507354736,1.1676881313323975,1.7504786252975464,1.834767460823059,0.6862664222717285,1.9699127674102783,3.3583593368530273,0.6250548362731934,1.085049033164978,2.98183012008667,0.5415893197059631
73,0.0001,0.3118444818258286,0.8145847796983415,0.4896428155899048,0.6973304026349341,0.8165436823309221,81.41930437088013,0.20523894667625428,0.15562421433627605,0.1185258898884058,0.12862417615950109,0.20523894667625428,0.5571485686302186,0.218905388712883,0.2615306913852692,0.13249423265457153,0.1239718046784401,0.218905388712883,0.5195563238859177,0.9897047877311707,0.9263416528701782,1.172850489616394,1.7628992795944214,1.8390740156173706,0.6911763548851013,1.9810495376586914,3.389150381088257,0.627791702747345,1.1069015264511108,2.9966788291931152,0.544870138168335
74,0.0001,0.30461446598172187,0.8227639062599841,0.4461050456762314,0.7113091945299808,0.8247781555419874,82.80768060684204,0.20342693373560905,0.15101270772516728,0.12076325289905071,0.13001707181334496,0.20342693373560905,0.565200874209404,0.20175326228141785,0.2498002189397812,0.11839336276054382,0.1291925448179245,0.20175326228141785,0.5505124449729919,0.9922228455543518,0.9299828410148621,1.1788560152053833,1.7613861560821533,1.844725251197815,0.6937757134437561,1.9672353267669678,3.384211540222168,0.63077712059021,1.1272225379943848,3.011848211288452,0.5494664311408997
75,0.0001,0.3014705644547939,0.8223306077577653,0.4212829184532165,0.7407727155465542,0.8460446091937867,83.76708149909973,0.2037735652178526,0.15016238015145064,0.11919009849429131,0.13103040240705013,0.2037735652178526,0.5607970428466796,0.20685470908880232,0.225256025493145,0.1165126097202301,0.1262243175506592,0.20685470908880232,0.5415975487232209,0.9969821572303772,0.9346293807029724,1.1855298280715942,1.7727038860321045,1.8545540571212769,0.6982399821281433,1.9943524599075317,3.408658742904663,0.6350354552268982,1.125395655632019,3.0490236282348633,0.5504640340805054
76,0.0001,0.2992057590931654,0.826512375991621,0.45603967070579526,0.7211238941597031,0.8328950885393752,82.88539671897888,0.2057010355591774,0.14559932693839073,0.11889725036919117,0.1292128124833107,0.2057010355591774,0.5663599655032158,0.20549059092998503,0.2552308693528175,0.14249418824911117,0.12477755695581436,0.20549059092998503,0.5769992136955261,0.9983431696891785,0.9355277419090271,1.1901942491531372,1.7739874124526978,1.869985818862915,0.7021152377128601,1.9862594604492188,3.3953869342803955,0.6402607560157776,1.1456459760665894,3.0442678928375244,0.5535756349563599
77,0.0001,0.28478095203638076,0.8309842589427109,0.42822948813438416,0.7289346388964628,0.8385857399148979,80.51290321350098,0.20394483380019665,0.13961144737899303,0.11797343380749226,0.12963273353874682,0.20394483380019665,0.5648305508494377,0.2024023339152336,0.22441302806138994,0.11544340968132019,0.1291373398900032,0.2024023339152336,0.5476381778717041,1.0028358697891235,0.9392757415771484,1.1940867900848389,1.7744227647781372,1.8742051124572754,0.7041166424751282,1.9937548637390137,3.402000904083252,0.6437052488327026,1.138730764389038,3.041658401489258,0.5551746487617493
78,0.0001,0.2953773047029972,0.8302098514044276,0.4417686492204666,0.7175052993166865,0.830232222453182,84.241215467453,0.19855428285896778,0.14524051435291768,0.11680520378053189,0.12879169069230556,0.19855428285896778,0.5751513838768005,0.208711875975132,0.24404357939958574,0.1000357873737812,0.1287027880549431,0.208711875975132,0.5335404539108276,1.0046708583831787,0.9422404170036316,1.2018074989318848,1.7844547033309937,1.8851826190948486,0.709386944770813,1.9608324766159058,3.4146573543548584,0.6470925211906433,1.1309154033660889,3.0526175498962402,0.5584511756896973
79,0.0001,0.2743819686770439,0.8423121362619752,0.4682222157716751,0.7178701085282962,0.8316263320859879,86.90246391296387,0.19973304867744446,0.13284042570739985,0.11767144970595837,0.12825561352074147,0.19973304867744446,0.5822043517231941,0.22317735016345977,0.2535414773225784,0.11692142397165299,0.12962319433689118,0.22317735016345977,0.5164048910140991,1.0041624307632446,0.9415111541748047,1.2088953256607056,1.7819381952285767,1.893884539604187,0.7130351066589355,1.9590493440628052,3.413166046142578,0.6511742472648621,1.1337896585464478,3.0380196571350098,0.5620241761207581
80,0.0001,0.28765136331319807,0.8368319856853847,0.46717669486999513,0.7119496633867037,0.8264122961276844,82.94296836853027,0.19956613957881927,0.1411258999630809,0.11475863382220268,0.12903981417417526,0.19956613957881927,0.5756814160943031,0.2077985391020775,0.26919069200754164,0.11661861479282379,0.1306693336367607,0.2077985391020775,0.5522168600559234,1.006887435913086,0.9456448554992676,1.2133702039718628,1.7632734775543213,1.8970500230789185,0.7166698575019836,1.9690786600112915,3.4288313388824463,0.6533167958259583,1.150349497795105,3.055323362350464,0.5656843185424805
81,0.0001,0.271983977407217,0.8448941232675321,0.46695020616054533,0.7157381061987736,0.8302824154538885,77.9984405040741,0.19735044188797474,0.1347149172052741,0.11643165282905102,0.12891911163926126,0.19735044188797474,0.5836041060090065,0.2180839943885803,0.2565282142162323,0.10985955476760864,0.12803712755441665,0.2180839943885803,0.530825172662735,1.0100739002227783,0.9462177753448486,1.217537522315979,1.7862741947174072,1.896775245666504,0.7201736569404602,1.9712251424789429,3.4450857639312744,0.6576851010322571,1.180977463722229,3.068164825439453,0.569863498210907
82,0.0001,0.28311548724770547,0.8312089652606498,0.44567289888858796,0.719838754226835,0.8319573487536134,80.1060299873352,0.1955315389484167,0.14261868875473738,0.11513452008366584,0.12801723659038544,0.1955315389484167,0.5888257083296776,0.1969148623943329,0.23846142143011093,0.10722543478012085,0.12489771515130997,0.1969148623943329,0.5441554164886475,1.0092740058898926,0.9548395872116089,1.2217543125152588,1.7802661657333374,1.9029961824417114,0.7242958545684814,2.004213571548462,3.4499893188476562,0.6606340408325195,1.1602760553359985,3.083003282546997,0.5711217522621155
83,0.0001,0.2764099609851837,0.8429390322963545,0.4034398978948593,0.7416110432167825,0.84752651683795,94.40208339691162,0.19475776419043542,0.1377151897549629,0.11229789815843105,0.1295746176689863,0.19475776419043542,0.5860698255896568,0.2007294315099716,0.2165759739279747,0.11931872129440307,0.1269686207175255,0.2007294315099716,0.5766855907440186,1.0149365663528442,0.95449298620224,1.2295362949371338,1.7751752138137817,1.9041444063186646,0.7287955284118652,1.9910615682601929,3.4559857845306396,0.6629308462142944,1.1431859731674194,3.078559637069702,0.5738908648490906
84,0.0001,0.30031856819987296,0.818220332501613,0.46632674634456633,0.7006066221526546,0.817192235014532,79.0164110660553,0.2004907737672329,0.15091837644577027,0.11527599558234215,0.12880118049681186,0.2004907737672329,0.5754275125265121,0.20277613133192063,0.2735288393497467,0.1039090034365654,0.13009088665246962,0.20277613133192063,0.557565702199936,1.0191317796707153,0.9603638648986816,1.2312177419662476,1.7887476682662964,1.9158049821853638,0.7335543632507324,2.0205371379852295,3.4651808738708496,0.6691779494285583,1.15495765209198,3.106238603591919,0.5786979794502258
85,0.0001,0.25994371861219406,0.8527538265093882,0.4757483416795731,0.7031421051265112,0.8193567974333034,93.89959764480591,0.19208510413765909,0.13285859312862158,0.11699690349400044,0.13073617778718472,0.19208510413765909,0.5861780801415444,0.20601650148630143,0.27901778936386107,0.12637264519929886,0.1251146999001503,0.20601650148630143,0.5641735601425171,1.0252071619033813,0.9584753513336182,1.2364318370819092,1.8041326999664307,1.9220811128616333,0.735975980758667,2.00472092628479,3.4653148651123047,0.6710655689239502,1.1568901538848877,3.1052021980285645,0.5818803310394287
86,0.0001,0.2725891922414303,0.8420068379987079,0.4678637057542801,0.7081919452443823,0.8221749861354474,87.42258310317993,0.193479128703475,0.13629487439990043,0.11322438165545463,0.12921803690493106,0.193479128703475,0.594679965376854,0.20521081775426864,0.26553992986679076,0.1328563567996025,0.12652316808700562,0.20521081775426864,0.5761053550243378,1.0302404165267944,0.9596803188323975,1.2400844097137451,1.8033143281936646,1.9194024801254272,0.7394334077835083,1.988776445388794,3.474024534225464,0.6738739609718323,1.1651493310928345,3.101280450820923,0.5830718874931335
87,0.0001,0.2798547756671905,0.8392481909938021,0.42176192164421084,0.739258043757841,0.8454896415213892,89.382408618927,0.19768943227827548,0.13681365486234426,0.11329446151852608,0.12477673582732678,0.19768943227827548,0.5748137399554253,0.20284073412418366,0.2285808038711548,0.09860523521900177,0.1255057030916214,0.20284073412418366,0.5412168490886688,1.0393972396850586,0.9705243110656738,1.2462880611419678,1.8198556900024414,1.9363720417022705,0.7448381781578064,1.9965444803237915,3.4957690238952637,0.6778038144111633,1.1560759544372559,3.0900990962982178,0.5822196006774902
88,0.0001,0.2768365751206875,0.8394149273249574,0.48966291069984436,0.6965585802509291,0.8156120200513446,84.05860185623169,0.1980512023717165,0.13681011751294136,0.11863873593509197,0.12630399115383625,0.1980512023717165,0.583449265062809,0.20506329953670502,0.29077270209789274,0.09418875381350517,0.12416846334934234,0.20506329953670502,0.5305001783370972,1.0415712594985962,0.9670254588127136,1.2525068521499634,1.8066043853759766,1.9342046976089478,0.7464576363563538,2.010296106338501,3.4912590980529785,0.6813962459564209,1.144543170928955,3.090991973876953,0.5846529006958008
89,0.0001,0.28945025280117986,0.8292790491580162,0.4714114636182785,0.7076791677331102,0.824069664843179,78.47975635528564,0.19658538818359375,0.14574919849634171,0.11448398150503636,0.12501547031104565,0.19658538818359375,0.579983047246933,0.21751264214515686,0.2748470696806908,0.13447318941354752,0.12160867363214493,0.21751264214515686,0.5343662977218628,1.043310284614563,0.9776697158813477,1.2571295499801636,1.823241114616394,1.9466239213943481,0.7526065707206726,2.0114095211029053,3.523134231567383,0.68681401014328,1.1482429504394531,3.1038999557495117,0.5895946025848389
90,0.0001,0.2798368689417839,0.8379187432410247,0.4401590007543564,0.7349616884427506,0.8420268499058423,116.34678483009338,0.19710063576698303,0.13807145942002536,0.11352084465324878,0.12590205542743205,0.19710063576698303,0.5868324926495552,0.19230560690164566,0.275692877471447,0.12390215992927552,0.12685223042964935,0.19230560690164566,0.5916752851009369,1.0502252578735352,0.9867368936538696,1.2604546546936035,1.8358088731765747,1.9476028680801392,0.7561798095703125,1.979454755783081,3.5204524993896484,0.6883268356323242,1.146246075630188,3.1202030181884766,0.5917340517044067
91,0.0001,0.26120124593377114,0.8524357365750863,0.4405660676956177,0.7175333752839913,0.830294160157505,88.28597021102905,0.19418156780302526,0.12931286178529264,0.11157437048852444,0.1287189844995737,0.19418156780302526,0.5885408413410187,0.20806513786315917,0.24336877688765526,0.09755801633000374,0.1200160151720047,0.20806513786315917,0.5195452976226806,1.054453730583191,0.9894230961799622,1.2645277976989746,1.8341506719589233,1.9575802087783813,0.7594165205955505,1.9677777290344238,3.512997627258301,0.6908100247383118,1.1404460668563843,3.127495527267456,0.5956675410270691
92,0.0001,0.27890574902296067,0.8362384523016577,0.49669932007789613,0.6945655846663297,0.8146044516819251,91.80276727676392,0.19716221489012242,0.14068955436348915,0.11569925859570503,0.12485694266855717,0.19716221489012242,0.5859699225425721,0.2159855818748474,0.29922964572906496,0.15385350972414016,0.11547599077224731,0.2159855818748474,0.5647782111167907,1.0609148740768433,0.986327588558197,1.2683874368667603,1.8455705642700195,1.958513855934143,0.7629599571228027,1.9776736497879028,3.520857095718384,0.6926881670951843,1.1275023221969604,3.145270586013794,0.5975967049598694
93,0.0001,0.2622681583464146,0.8454647440744893,0.46439563035964965,0.7090687521777536,0.8247051012146174,81.87716555595398,0.1940144991874695,0.130962200127542,0.11342314094305038,0.12685109578073026,0.1940144991874695,0.5874958583712577,0.1977982285618782,0.283222391307354,0.11916798144578934,0.12287100553512573,0.1977982285618782,0.5642992782592774,1.0666985511779785,0.9838414788246155,1.2731807231903076,1.8276447057724,1.9623163938522339,0.7682158350944519,1.9619539976119995,3.5392346382141113,0.6913268566131592,1.142287254333496,3.166229724884033,0.601037323474884
94,0.0001,0.26808698534965514,0.8410657086060829,0.4455995589494705,0.7177524481049765,0.8303882683007612,88.59438419342041,0.19123318687081337,0.13535341676324605,0.11327230103313923,0.12659853868186474,0.19123318687081337,0.5940504115819931,0.1947268784046173,0.2646632458269596,0.11398963749408722,0.12336931824684143,0.1947268784046173,0.5629131293296814,1.077728033065796,0.9871996641159058,1.279011607170105,1.8550647497177124,1.9681495428085327,0.7721964716911316,1.975456953048706,3.5257699489593506,0.6955585479736328,1.1388540267944336,3.17531418800354,0.6014904379844666
95,0.0001,0.24467348650097848,0.858165559254707,0.450858878493309,0.7262694830305614,0.8350795951811331,91.37532925605774,0.19107058696448803,0.12078734822571277,0.11347967170178891,0.12726687483489513,0.19107058696448803,0.5926083695888519,0.2013290762901306,0.27601139843463895,0.13910733222961424,0.12572955548763276,0.2013290762901306,0.5984580600261689,1.0847508907318115,0.9888508319854736,1.282665491104126,1.8430827856063843,1.963813066482544,0.7753281593322754,1.9726605415344238,3.5425050258636475,0.6982434391975403,1.107303261756897,3.158769369125366,0.6021814346313477
96,0.0001,0.2601812581717968,0.8528986083154129,0.44017445206642153,0.721165791342195,0.8337255466680565,90.38287091255188,0.18907944329082965,0.12910490874201058,0.1121990741044283,0.12637227170169354,0.18907944329082965,0.5976588901877403,0.21245833545923232,0.2423231801390648,0.11891756266355515,0.11951427459716797,0.21245833545923232,0.5193451362848281,1.0952489376068115,0.9881093502044678,1.2871614694595337,1.8737274408340454,1.9718807935714722,0.7780781388282776,1.955029845237732,3.542295217514038,0.7010678052902222,1.1215511560440063,3.1615734100341797,0.6052897572517395
97,0.0001,0.24527689218521118,0.8597394417764015,0.41646224081516264,0.7374913931035719,0.8425847575093536,83.14736866950989,0.18951079227030276,0.12264012541621923,0.11258101373910905,0.1253906177729368,0.18951079227030276,0.6034068086743355,0.20161030650138856,0.22561161905527116,0.10243154227733613,0.12558650851249695,0.20161030650138856,0.5544050812721253,1.099074125289917,0.9921805262565613,1.2923526763916016,1.8652375936508179,1.9684290885925293,0.7819558382034302,1.9664015769958496,3.5402767658233643,0.7025315165519714,1.1085067987442017,3.1676712036132812,0.6076483130455017
98,0.0001,0.2619438725709915,0.8509533053028703,0.4264119565486908,0.7327734492277266,0.8391268493588687,104.92199611663818,0.19396332666277885,0.13262337114661932,0.11057232603430749,0.12380740366876125,0.19396332666277885,0.5864437308907509,0.19758118748664855,0.237733653485775,0.10812774807214737,0.12337821394205094,0.19758118748664855,0.5744171810150146,1.1039232015609741,0.9910743832588196,1.29450261592865,1.8617273569107056,1.97039794921875,0.7834787964820862,1.9712319374084473,3.555349349975586,0.7051666975021362,1.1094563007354736,3.1722092628479004,0.6087549328804016
99,0.0001,0.25890246845781806,0.8456446782656767,0.42025206446647645,0.7388365639217074,0.8459372276181226,97.10094141960144,0.18905111476778985,0.13307356912642718,0.11276949018239975,0.12374760814011097,0.18905111476778985,0.6022741377353669,0.20101279973983766,0.2521421629190445,0.13242301106452942,0.12419588148593902,0.20101279973983766,0.5852192389965057,1.1073838472366333,0.9977211952209473,1.2961935997009277,1.8666726350784302,1.9749531745910645,0.7871881723403931,1.9802097082138062,3.538956642150879,0.7081290483474731,1.1330018043518066,3.1458210945129395,0.612930953502655
100,0.0001,0.25722181364893915,0.8555913544834824,0.4409231913089752,0.7302401358428864,0.8386295013632835,98.44114828109741,0.1937352257221937,0.12618468008935452,0.11340662777423859,0.12260212838649749,0.1937352257221937,0.5937195351719856,0.1893569415807724,0.26578546315431595,0.1086627820134163,0.12383847922086716,0.1893569415807724,0.577896511554718,1.110867977142334,0.9982278943061829,1.2997795343399048,1.8837218284606934,1.9841810464859009,0.7911974787712097,1.970456838607788,3.5437567234039307,0.711693286895752,1.1356014013290405,3.146057605743408,0.61506587266922
101,0.0001,0.26873318731784823,0.8428292724779116,0.4245519781112671,0.7222837472055191,0.8335160455470565,76.12642931938171,0.1914367364346981,0.13725634843111037,0.11190094769001008,0.1240193148702383,0.1914367364346981,0.5992357739806176,0.2109254166483879,0.23027557253837586,0.10416695982217788,0.11860220789909363,0.2109254166483879,0.5269045996665954,1.1089582443237305,1.0028125047683716,1.3032187223434448,1.883065104484558,1.9878848791122437,0.7933712601661682,1.97312593460083,3.5622665882110596,0.7132776975631714,1.137959361076355,3.1608710289001465,0.6171110272407532
102,0.0001,0.2567793980240822,0.8506597903972196,0.4875376385450363,0.6948396678371777,0.8138334896450126,60.130476236343384,0.19166550420224668,0.12871322941035032,0.10971894390881061,0.12499332763254642,0.19166550420224668,0.5901098822057247,0.21213338017463684,0.28050590932369235,0.10200321286916733,0.12002260595560074,0.21213338017463684,0.5127137935161591,1.1144016981124878,1.0018748044967651,1.3073612451553345,1.8644192218780518,1.993933916091919,0.797100841999054,1.9749729633331299,3.556370496749878,0.714439332485199,1.1277047395706177,3.1716277599334717,0.6177104115486145
103,0.0001,0.24766612865030765,0.8583665904343991,0.44517932176589964,0.7192921153673989,0.8296419709416657,62.52819609642029,0.18804317109286786,0.12309538096189498,0.11232411168515682,0.12546809136867523,0.18804317109286786,0.6113623562455177,0.20959602653980255,0.24186262637376785,0.08330127090215683,0.12286928713321686,0.20959602653980255,0.5113518011569976,1.1146892309188843,1.0039254426956177,1.311100959777832,1.875882625579834,1.9951364994049072,0.8012945055961609,1.990534782409668,3.5513384342193604,0.7162078022956848,1.1503506898880005,3.191729784011841,0.6212719082832336
104,0.0001,0.236809848472476,0.866144815556551,0.41243326127529145,0.7368462130883263,0.8433037697768461,59.76834416389465,0.18456881552934645,0.11947385411709548,0.10885452225804329,0.12567953452467917,0.18456881552934645,0.609275432229042,0.19257472276687623,0.24718598902225494,0.11983492344617844,0.12445049822330474,0.19257472276687623,0.5960587084293365,1.1169342994689941,1.0041471719741821,1.3142585754394531,1.8907729387283325,1.993237853050232,0.8053213953971863,2.000455617904663,3.559175968170166,0.7223645448684692,1.1594781875610352,3.174607276916504,0.6283884048461914
105,0.0001,0.23525230020284651,0.8650354366947751,0.4507040309906006,0.7294727125656693,0.8375803620708387,62.79294514656067,0.18346657149493695,0.12167676616460085,0.11017931863665581,0.12500427067279815,0.18346657149493695,0.6104285219311714,0.1949863451719284,0.26729015111923216,0.10445905357599258,0.1222173085808754,0.1949863451719284,0.5531886649131775,1.1227020025253296,1.0051231384277344,1.3184164762496948,1.8831202983856201,1.9941595792770386,0.8084527254104614,2.0081019401550293,3.5611376762390137,0.7240378260612488,1.1596126556396484,3.1808273792266846,0.6283167004585266
106,0.0001,0.242882724031806,0.8615243932469339,0.46247550547122956,0.7086670420422516,0.8241869483960232,64.0361955165863,0.18284590907394885,0.12387107387185096,0.10755236610770226,0.12400494523346424,0.18284590907394885,0.6138873216509819,0.20074306160211564,0.27159826129674913,0.11559144169092178,0.124247125685215,0.20074306160211564,0.5746663951873779,1.1247440576553345,1.0108259916305542,1.3202944993972778,1.8803132772445679,1.9956140518188477,0.8116286993026733,1.9980578422546387,3.577224016189575,0.7283331751823425,1.1689544916152954,3.1945624351501465,0.6329293251037598
107,0.0001,0.2434774523973465,0.8616803135972454,0.4361270809173584,0.7223892452681305,0.8325097676651582,94.79585933685303,0.18589097015559675,0.12216979432851076,0.11015778861939907,0.1243881705403328,0.18589097015559675,0.6096216785907745,0.21107922732830048,0.23108393102884292,0.09625873044133186,0.11419274181127548,0.21107922732830048,0.5044722390174866,1.1304935216903687,1.0160497426986694,1.3269459009170532,1.8825095891952515,2.0058295726776123,0.8167515397071838,1.980144739151001,3.5842363834381104,0.7332674264907837,1.1608489751815796,3.182081937789917,0.6347466111183167
108,0.0001,0.2322722043097019,0.8659069330764078,0.4530042463541031,0.736828486855954,0.8423147187036715,104.09580564498901,0.18008620865643024,0.11865404471755028,0.1094924607872963,0.12409374035894871,0.18008620865643024,0.6225618553161621,0.18936621099710466,0.3019733199477196,0.12689812898635863,0.12104752987623214,0.18936621099710466,0.6006253063678741,1.1348146200180054,1.0136628150939941,1.3323256969451904,1.8844314813613892,2.0083229541778564,0.8201960921287537,1.986390471458435,3.579962968826294,0.7368285655975342,1.140512466430664,3.1778316497802734,0.637353241443634
109,0.0001,0.22605515010654925,0.8726349869493083,0.41984681189060213,0.7373728518984269,0.8442854445712834,110.60084795951843,0.1808173643052578,0.11647605299949645,0.10726954638957978,0.12058058679103852,0.1808173643052578,0.6210442435741425,0.18787602394819258,0.2552691480517387,0.1014153629541397,0.11830907642841339,0.18787602394819258,0.5769797873497009,1.1419450044631958,1.015308141708374,1.336424708366394,1.8750697374343872,2.0181500911712646,0.8232743144035339,1.969961404800415,3.572174310684204,0.7375115156173706,1.151008129119873,3.1786835193634033,0.638475239276886
110,0.0001,0.23145411044359207,0.8662846855579595,0.4999896538257599,0.6850131056961133,0.80428566880272,112.64741945266724,0.18322110667824745,0.1167903670668602,0.10781913414597512,0.12037241473793983,0.18322110667824745,0.6160007253289222,0.21109698772430419,0.28971695989370344,0.10667698442935944,0.11712540596723557,0.21109698772430419,0.5420411360263825,1.1520756483078003,1.0165088176727295,1.3411608934402466,1.8604307174682617,2.020005464553833,0.8259689807891846,1.9628316164016724,3.580793857574463,0.7390270233154297,1.1314448118209839,3.1776716709136963,0.640105664730072
111,0.0001,0.2388143429160118,0.8639896807176721,0.4609309279918671,0.7132994971299285,0.8286625592003551,98.71094560623169,0.18379041001200677,0.12012307584285736,0.10741031080484391,0.1218274586647749,0.18379041001200677,0.6212105795741081,0.21327237129211427,0.2744657507538795,0.1089674985408783,0.11398284524679184,0.21327237129211427,0.5207471024990081,1.1521987915039062,1.020814061164856,1.3458504676818848,1.8646646738052368,2.013552188873291,0.8294939398765564,1.9708199501037598,3.5824434757232666,0.7439810633659363,1.1325963735580444,3.186631202697754,0.6450957655906677
112,0.0001,0.23329742148518562,0.8673643484294229,0.4544399160146713,0.7103117595577295,0.8260663277497459,104.49535489082336,0.1835051867365837,0.11693868022412061,0.11009277455508709,0.11924839809536934,0.1835051867365837,0.6075717747211457,0.19650782406330108,0.2778394830226898,0.12245059251785279,0.11464046448469162,0.19650782406330108,0.594221465587616,1.1605364084243774,1.0262668132781982,1.3498729467391968,1.872667908668518,2.022400379180908,0.8326249122619629,1.9639896154403687,3.588906764984131,0.7439494132995605,1.137823224067688,3.2004644870758057,0.6466365456581116
113,0.0001,0.22501410603523253,0.8738597746884592,0.4237759819626808,0.7342333205265085,0.8406094386333289,102.14281249046326,0.18226193435490132,0.11422140158712864,0.11114042580127716,0.12186833627521992,0.18226193435490132,0.6137261939048767,0.19972167611122132,0.2456827510893345,0.10662898451089858,0.11911900192499161,0.19972167611122132,0.5505487835407257,1.1692893505096436,1.0240795612335205,1.3530189990997314,1.8705247640609741,2.0188870429992676,0.8360981941223145,1.961579442024231,3.5813512802124023,0.7471702098846436,1.138948917388916,3.19162917137146,0.6479960680007935
114,0.0001,0.24448566615581513,0.8606588362377514,0.45236027866601947,0.7164791290819348,0.8297218798126574,102.20736265182495,0.18298317283391952,0.12725252911448479,0.10737358421087265,0.1211607251316309,0.18298317283391952,0.6145219135284424,0.19517792850732804,0.28041350334882736,0.10496114075183868,0.11818028569221496,0.19517792850732804,0.5674725019931793,1.1794400215148926,1.0282018184661865,1.3567373752593994,1.8644859790802002,2.0270955562591553,0.8380551338195801,1.9852583408355713,3.580242395401001,0.7491835951805115,1.151824712753296,3.1888527870178223,0.6500123739242554
115,0.0001,0.2339025805145502,0.8641415450006248,0.4564340141415596,0.7072093833668515,0.8236837754843305,97.48043847084045,0.1805611639469862,0.12116039093583822,0.10579481393098832,0.12145362861454487,0.1805611639469862,0.6221342247724533,0.19400512516498566,0.27576473519206046,0.11132141470909118,0.11932125419378281,0.19400512516498566,0.5734371149539947,1.1802066564559937,1.0325251817703247,1.3602111339569092,1.860946774482727,2.0251057147979736,0.8405632972717285,1.979382872581482,3.582576274871826,0.7495178580284119,1.1396009922027588,3.19208025932312,0.6505710482597351
116,0.0001,0.21918714828789235,0.876908371437223,0.4227671557664871,0.7499469759300141,0.852254959622635,100.35892105102539,0.17928216010332107,0.11086172979325055,0.10670357689261437,0.12106371253728866,0.17928216010332107,0.6225184285640717,0.18858472019433975,0.25820168197154997,0.10675478965044022,0.12044820338487625,0.18858472019433975,0.5925380897521972,1.187729001045227,1.0236458778381348,1.3636648654937744,1.8717881441116333,2.0199782848358154,0.843270480632782,1.986798882484436,3.58508563041687,0.7531797885894775,1.1497414112091064,3.1953444480895996,0.6533855199813843
117,0.0001,0.2314365576207638,0.872257322586181,0.46160589218139647,0.7126790733302641,0.8269498784701124,103.29963231086731,0.18375226974487305,0.11808041024953127,0.107447674497962,0.12179876334965228,0.18375226974487305,0.6156606048345565,0.20961789727211,0.26267930448055266,0.10867807567119599,0.11933463126420975,0.20961789727211,0.5617861545085907,1.1948579549789429,1.0262236595153809,1.3673299551010132,1.8699902296066284,2.026815414428711,0.8448798656463623,1.9808433055877686,3.598747968673706,0.7543323636054993,1.1297314167022705,3.225553035736084,0.6548518538475037
118,0.0001,0.2259894874691963,0.8700781943565704,0.4348946285247803,0.7296203537798246,0.8386502643661465,93.44410443305969,0.17921251259744167,0.11416440777480602,0.10831384055316448,0.11960616320371628,0.17921251259744167,0.6203396034240722,0.18887564420700073,0.26398757338523865,0.1097783848643303,0.1166539204120636,0.18887564420700073,0.5773164141178131,1.2043499946594238,1.0277113914489746,1.3709741830825806,1.8653229475021362,2.0244483947753906,0.8474846482276917,1.9872640371322632,3.5888831615448,0.7555442452430725,1.1375622749328613,3.2337944507598877,0.6589122414588928
119,0.0001,0.21817011155188085,0.8746810820159581,0.4211311256885529,0.7402997247531269,0.8453858336286403,98.0216851234436,0.17569133944809437,0.11398329108953476,0.10729249484837056,0.1205026789009571,0.17569133944809437,0.6283244302868843,0.18466989070177078,0.2544055324792862,0.11139489740133285,0.11836442232131958,0.18466989070177078,0.5927715468406677,1.2093679904937744,1.025184154510498,1.3732805252075195,1.8596911430358887,2.0244176387786865,0.8503146171569824,1.9954015016555786,3.5870680809020996,0.756949782371521,1.128173589706421,3.230861186981201,0.6597152948379517
120,0.0001,0.20596515625715256,0.8893742449396413,0.41394190102815626,0.7449511068239159,0.8490153192352102,100.64520645141602,0.17681528307497502,0.10347564462572337,0.10698373079299926,0.12056913927197456,0.17681528307497502,0.6275992342829704,0.1861000782251358,0.24882378429174423,0.09625036522746086,0.12148959249258041,0.1861000782251358,0.5919168531894684,1.220847487449646,1.0237505435943604,1.377219796180725,1.8584624528884888,2.029362678527832,0.8533883094787598,1.9946672916412354,3.5975704193115234,0.7581020593643188,1.1146633625030518,3.243265151977539,0.6608746647834778
121,0.0001,0.2170103081315756,0.8801665435949461,0.4306084656715393,0.7338684074657519,0.8408668805505254,102.57360863685608,0.178103683963418,0.11254218503832818,0.10736681960523128,0.12274233601987362,0.178103683963418,0.6209984824061394,0.1941414588689804,0.26202314883470534,0.11658716589212417,0.12435621529817581,0.1941414588689804,0.5940805339813232,1.2336381673812866,1.0290769338607788,1.3791812658309937,1.8786156177520752,2.025388479232788,0.856214702129364,1.9987702369689941,3.576848268508911,0.7629826664924622,1.1067882776260376,3.2293176651000977,0.6622382998466492
122,0.0001,0.2321069022268057,0.8656080206187916,0.47040304899215696,0.7141439858051973,0.8274161791118432,106.68172311782837,0.17654722474515439,0.12210964929312468,0.10490924455225467,0.12117839835584164,0.17654722474515439,0.6231483948230744,0.1885131648182869,0.28410314589738844,0.102186868339777,0.12178616136312485,0.1885131648182869,0.5961953938007355,1.2372359037399292,1.0348803997039795,1.383497953414917,1.8693181276321411,2.0236752033233643,0.859408438205719,2.0147128105163574,3.5750181674957275,0.7667684555053711,1.0940172672271729,3.2204678058624268,0.6640257239341736
123,0.0001,0.20504454642534256,0.8885813186668474,0.4553814560174942,0.7146314526155503,0.8295712375010951,106.01401209831238,0.17356087669730186,0.1038917538523674,0.10668780773878098,0.12056248359382153,0.17356087669730186,0.6313700136542321,0.1950405302643776,0.2826134389638901,0.09973256587982178,0.10961981475353241,0.1950405302643776,0.5340737211704254,1.2413891553878784,1.0348520278930664,1.3890628814697266,1.8648420572280884,2.0243444442749023,0.8635794520378113,2.02185320854187,3.5895769596099854,0.7701305150985718,1.0998938083648682,3.2385146617889404,0.667961061000824
124,0.0001,0.21882065549492835,0.8808021870885865,0.46477789878845216,0.7083596850444657,0.8237481537024709,112.49338102340698,0.1768003148585558,0.11260252900421619,0.10421727284789085,0.11908190988004208,0.1768003148585558,0.6236661154031754,0.19234372437000274,0.28830346584320066,0.09293676465749741,0.12035749405622483,0.19234372437000274,0.5734286975860595,1.2440489530563354,1.0362731218338013,1.391391634941101,1.8656275272369385,2.029400587081909,0.86606764793396,2.0340585708618164,3.6016945838928223,0.7704351544380188,1.1103227138519287,3.2465224266052246,0.6674680709838867
125,0.0001,0.23589572474360465,0.8668058681329152,0.4311730718612671,0.7361047787073441,0.8421055944699072,111.40858244895935,0.17820286832749843,0.12271944638341666,0.10537633284926415,0.12093080222606659,0.17820286832749843,0.625018274486065,0.1935770633816719,0.25000299274921417,0.11089161783456802,0.11547253161668777,0.1935770633816719,0.5810334622859955,1.2558131217956543,1.0416502952575684,1.3928425312042236,1.8714627027511597,2.037123203277588,0.8678155541419983,2.0280964374542236,3.616896390914917,0.7728965282440186,1.1423661708831787,3.2313828468322754,0.6717972159385681
126,0.0001,0.21784569032490253,0.8741150488792031,0.4168354469537735,0.7306867310268974,0.8393486340921176,103.53296828269958,0.17805319964885713,0.11004681818187237,0.10650346487760544,0.12087163724005222,0.17805319964885713,0.626025872528553,0.18168696910142898,0.2451249548792839,0.10100609838962554,0.123272265791893,0.18168696910142898,0.6012953448295594,1.2563040256500244,1.0363671779632568,1.395899772644043,1.87309992313385,2.038790702819824,0.8696210384368896,2.021832227706909,3.618945360183716,0.7764341235160828,1.1467770338058472,3.2464542388916016,0.6718139052391052
127,0.0001,0.20262538231909274,0.8907757073031526,0.41090872794389727,0.7580681736059224,0.8573872669983835,100.12667608261108,0.17164505131542682,0.10425973549485207,0.10483362793922424,0.12051017679274083,0.17164505131542682,0.6421085491776466,0.19265964150428772,0.2417890413105488,0.10797770395874977,0.12007399082183838,0.19265964150428772,0.5935824728012085,1.2607980966567993,1.0360472202301025,1.3984793424606323,1.8934054374694824,2.0378007888793945,0.8724530935287476,2.002035617828369,3.6148412227630615,0.7778092622756958,1.13157320022583,3.2506320476531982,0.6719662547111511
128,0.0001,0.20379398062825202,0.8906731085590286,0.39823102205991745,0.7575007882630047,0.8588108389397204,108.52328753471375,0.1761341282725334,0.10546387609094382,0.1041330136358738,0.11801267683506012,0.1761341282725334,0.633407148718834,0.18479014158248902,0.24858121529221536,0.12048527270555497,0.11657785266637802,0.18479014158248902,0.6138495135307313,1.2574374675750732,1.036696434020996,1.4013434648513794,1.8803235292434692,2.037379741668701,0.8732084631919861,2.0054616928100586,3.6194658279418945,0.7788956761360168,1.1273397207260132,3.2702083587646484,0.6737618446350098
129,0.0001,0.20739678278565407,0.8859486473683547,0.4062750428915024,0.7512946169672451,0.8545260644467245,103.3571674823761,0.1692868886888027,0.1072789228335023,0.10414944499731064,0.11859942510724068,0.1692868886888027,0.6370200061798096,0.18583271533250809,0.25037396371364595,0.11687234401702881,0.11606503844261169,0.18583271533250809,0.6034738731384277,1.2610892057418823,1.0382158756256104,1.4031245708465576,1.8928722143173218,2.036339282989502,0.8756784200668335,2.002955198287964,3.617969036102295,0.7808108329772949,1.123878002166748,3.262467861175537,0.6776975989341736
130,0.0001,0.21047795824706556,0.8844317932525536,0.43638616263866425,0.7325444559039204,0.8403900965789336,94.45806384086609,0.17399266496300697,0.11001926872879267,0.10520808234810829,0.11886167004704476,0.17399266496300697,0.6349556490778923,0.18425166755914688,0.26321720391511916,0.09616526693105698,0.1189481806755066,0.18425166755914688,0.5924562060832977,1.259721279144287,1.0410617589950562,1.40481698513031,1.8861405849456787,2.0357139110565186,0.8768985867500305,1.981289029121399,3.6188018321990967,0.782332181930542,1.124327301979065,3.2638933658599854,0.678436815738678
131,0.0001,0.22309668868780136,0.8779721354209271,0.4874017083644867,0.7008601409334115,0.8199099510643384,102.20855689048767,0.17493653558194638,0.11588148422539234,0.10562415100634098,0.11737649060785771,0.17493653558194638,0.6308201667666435,0.20107059687376022,0.29664037078619004,0.10250721991062164,0.1171556544303894,0.20107059687376022,0.565956425666809,1.2712467908859253,1.0425790548324585,1.408357858657837,1.8967247009277344,2.036606788635254,0.8809969425201416,1.9871799945831299,3.6175129413604736,0.7853386998176575,1.1314655542373657,3.272451162338257,0.680352509021759
132,0.0001,0.2309999891370535,0.8679409205341573,0.4060328871011734,0.7472516278705633,0.8505446463997461,106.83277583122253,0.1777288805693388,0.12169431656599045,0.1051546036452055,0.11824259623885154,0.1777288805693388,0.6239127153158188,0.19079805314540862,0.2444799342751503,0.09421427339315415,0.1181321132183075,0.19079805314540862,0.5818858933448792,1.2704052925109863,1.0460889339447021,1.4112238883972168,1.8950496912002563,2.043320655822754,0.8837831020355225,1.9913623332977295,3.6181607246398926,0.7880778312683105,1.1184989213943481,3.257153034210205,0.681583046913147
133,0.0001,0.20033298522233964,0.892189475413871,0.4069811236858368,0.7532200906628143,0.8539826234095018,101.02443146705627,0.1715669071674347,0.10399967480450868,0.10520693190395831,0.1202927178889513,0.1715669071674347,0.6348642751574516,0.18313397645950316,0.24437573343515395,0.10101152032613754,0.12034557431936264,0.18313397645950316,0.5964893448352814,1.271510362625122,1.0474082231521606,1.4141101837158203,1.8955024480819702,2.0380513668060303,0.8858093619346619,1.9809889793395996,3.6103341579437256,0.7906312942504883,1.1146817207336426,3.259845018386841,0.6807706952095032
134,0.0001,0.2165829584002495,0.8761429901030318,0.4634552204608917,0.7085136684583719,0.8216121872871477,99.91355681419373,0.1708237960934639,0.11334328673779964,0.10480060428380966,0.11847579091787339,0.1708237960934639,0.6429627805948257,0.20456981182098388,0.2528544169664383,0.0873300477862358,0.11973828166723251,0.20456981182098388,0.5627442455291748,1.269106149673462,1.0474034547805786,1.4156622886657715,1.8911312818527222,2.0383853912353516,0.8885625600814819,1.9736367464065552,3.6086089611053467,0.79510498046875,1.1401746273040771,3.2418456077575684,0.6839135885238647
135,0.0001,0.20666923590004443,0.8849980873138299,0.4413782942295075,0.7362456796531309,0.8436976199832336,98.34209394454956,0.17336290419101716,0.1060800276324153,0.10198476694524289,0.11906423598527908,0.17336290419101716,0.6382625940442085,0.18060390621423722,0.27600261256098746,0.1018649697303772,0.11907301723957062,0.18060390621423722,0.6062447023391724,1.2772457599639893,1.0473238229751587,1.418887972831726,1.8862051963806152,2.047187328338623,0.8905730247497559,1.9836809635162354,3.6096949577331543,0.7968751788139343,1.1378306150436401,3.255150079727173,0.6860873103141785
136,0.0001,0.19655756764113902,0.8922539352683171,0.4286166316270828,0.7258013899589393,0.8362602159992837,96.79096984863281,0.17069747805595398,0.1027640501409769,0.10525864727795124,0.12048771359026432,0.17069747805595398,0.6468456637859344,0.18689895510673524,0.26817008227109906,0.10479040056467057,0.1173795834183693,0.18689895510673524,0.6018351578712463,1.2811886072158813,1.0494798421859741,1.4214590787887573,1.8781393766403198,2.047426223754883,0.8941606283187866,1.983578085899353,3.6031665802001953,0.7971315383911133,1.129813313484192,3.2519264221191406,0.6863996386528015
137,0.0001,0.19834668673574923,0.8900581187947391,0.4164074230194092,0.7403537399863219,0.8463089766836603,97.19416880607605,0.16993475019931792,0.10191359464079142,0.10232473649084568,0.12022112511098385,0.16993475019931792,0.6469348603487015,0.18939084321260452,0.23199535086750983,0.09042159870266914,0.11850511580705643,0.18939084321260452,0.5751265656948089,1.2864608764648438,1.049767017364502,1.4242336750030518,1.8835761547088623,2.0502758026123047,0.897024929523468,1.9852089881896973,3.5966665744781494,0.7980925440788269,1.1317070722579956,3.258798837661743,0.6872800588607788
138,0.0001,0.21200473263859748,0.8806393518888086,0.44016842663288114,0.7298660433269171,0.8394089288541204,96.06911945343018,0.1708419033139944,0.10907135002315044,0.1033158952742815,0.11927821703255176,0.1708419033139944,0.6420865505933762,0.19513301879167558,0.2505383485555649,0.1086698617041111,0.1123117384314537,0.19513301879167558,0.582143063545227,1.2947748899459839,1.054168939590454,1.4262179136276245,1.902575135231018,2.0531420707702637,0.8994690775871277,2.0090248584747314,3.606539011001587,0.8036084175109863,1.136257290840149,3.260071039199829,0.6920655369758606
139,0.0001,0.2126837173849344,0.8785026024245077,0.4540840572118759,0.7263228011745348,0.8341480303063377,100.75936102867126,0.17204563483595847,0.10878328390419484,0.1016074638813734,0.11828187055885792,0.17204563483595847,0.6403061765432357,0.18978651285171508,0.2627050733566284,0.09727452754974365,0.11969231069087982,0.18978651285171508,0.5978700721263885,1.2960292100906372,1.0512280464172363,1.4281119108200073,1.8942233324050903,2.045210361480713,0.9026541113853455,2.0021891593933105,3.611514091491699,0.8067194819450378,1.1505930423736572,3.2639520168304443,0.6947992444038391
140,0.0001,0.1993115545064211,0.8901507181955224,0.4174537867307663,0.7312677283173986,0.8393744612158625,98.98454809188843,0.17096225410699845,0.10248535789549351,0.10173853449523448,0.11969071052968502,0.17096225410699845,0.6479480856657028,0.1892397129535675,0.23913953572511673,0.10019130319356918,0.11938961535692215,0.1892397129535675,0.6024341285228729,1.2929201126098633,1.054950475692749,1.4302654266357422,1.8946871757507324,2.0475993156433105,0.9058931469917297,1.9908421039581299,3.6130530834198,0.8090793490409851,1.126671314239502,3.26699161529541,0.6958582401275635
141,0.0001,0.19878973692655563,0.8898180527133591,0.4929443466663361,0.7034368556506411,0.8204592911606583,85.28521609306335,0.16713433600962163,0.10173223555088043,0.09950518436729908,0.11905560471117496,0.16713433600962163,0.6479974403977394,0.19918353140354156,0.3217477810382843,0.11816241472959518,0.10784630358219147,0.19918353140354156,0.5736476123332978,1.2933753728866577,1.0565671920776367,1.4326092004776,1.8985580205917358,2.044139862060547,0.9085549116134644,2.0075364112854004,3.613633394241333,0.810919463634491,1.1306519508361816,3.2583847045898438,0.6977978944778442
142,0.0001,0.20872197337448598,0.8846835904965729,0.4179165691137314,0.7390643330414125,0.8436052212526134,66.19947481155396,0.1697618416696787,0.1095886443555355,0.10261809922754765,0.1194162505120039,0.1697618416696787,0.6459914711117745,0.1929628559947014,0.24498100221157074,0.09258215606212616,0.11655919075012207,0.1929628559947014,0.5789978015422821,1.29908287525177,1.0522414445877075,1.435180425643921,1.8971012830734253,2.0486748218536377,0.9104743599891663,1.9880905151367188,3.620725393295288,0.8130073547363281,1.133760929107666,3.254863977432251,0.7013577222824097
143,0.0001,0.19951398506760598,0.8904975213131081,0.41533651530742643,0.7354630995331736,0.8428585257835788,64.16785502433777,0.16733398728072643,0.10456973385065794,0.10124206945300102,0.1174438889324665,0.16733398728072643,0.6536007806658745,0.18253182470798493,0.2529553344845772,0.11957630246877671,0.11159021019935608,0.18253182470798493,0.6146769845485687,1.306113600730896,1.0518184900283813,1.4366613626480103,1.9041353464126587,2.0508229732513428,0.9121186137199402,1.9921141862869263,3.613917827606201,0.8131256103515625,1.1325355768203735,3.2484278678894043,0.7028623819351196
144,0.0001,0.1964323727786541,0.8918570182618857,0.4088780319690704,0.750454895165857,0.8526377587215207,65.39169239997864,0.164877270758152,0.1004410295933485,0.09877012796700001,0.11614961095154286,0.164877270758152,0.6519334441423417,0.19158141046762467,0.2487931352853775,0.11044644236564637,0.11513016104698182,0.19158141046762467,0.6048173797130585,1.3105032444000244,1.0513954162597656,1.43904709815979,1.89193856716156,2.0517072677612305,0.913667619228363,1.987781047821045,3.62227725982666,0.8141067624092102,1.1289994716644287,3.2407174110412598,0.7039555311203003
145,0.0001,0.19148513451218604,0.8971415386016295,0.4507464009523392,0.7142545590380762,0.8273061229181422,64.96871256828308,0.16948793768882753,0.09804629806429148,0.0966435007750988,0.11574493557214736,0.16948793768882753,0.6365042597055435,0.21124936610460282,0.25720106542110444,0.08301870912313461,0.11060031533241271,0.21124936610460282,0.5213326561450958,1.3132141828536987,1.0504800081253052,1.4417037963867188,1.8806650638580322,2.05513858795166,0.9162921905517578,1.9677692651748657,3.627330780029297,0.8134156465530396,1.120884656906128,3.24603533744812,0.7045943140983582
146,0.0001,0.2042406313866377,0.8845038749277356,0.459639807343483,0.7295920062560138,0.8393629509001141,66.04525017738342,0.17030694529414178,0.10524537857621909,0.10137575089931489,0.1176773627847433,0.17030694529414178,0.6426360803842545,0.24206338346004486,0.23781826436519624,0.06319728836417199,0.1114612290263176,0.24206338346004486,0.4574604034423828,1.3217259645462036,1.053376317024231,1.4438430070877075,1.891675353050232,2.0610239505767822,0.9199904203414917,1.9835246801376343,3.632399320602417,0.8173707723617554,1.1152349710464478,3.2598421573638916,0.7072822451591492
147,0.0001,0.20396819606423378,0.8878798438669823,0.46434633374214174,0.7348045365756524,0.8417226705429737,62.32037425041199,0.1696710080653429,0.10514640484005212,0.10412319265305996,0.11516604900360107,0.1696710080653429,0.6408463034033776,0.1956996899843216,0.3056616911292076,0.12055880159139633,0.11196314096450806,0.1956996899843216,0.5910047328472138,1.3221893310546875,1.0515340566635132,1.4460586309432983,1.8806761503219604,2.0579636096954346,0.9231611490249634,1.9660329818725586,3.631901741027832,0.8192093968391418,1.1131892204284668,3.2752435207366943,0.7073081135749817
148,0.0001,0.19548982366919518,0.8945689728576031,0.4725696909427643,0.7245567605228073,0.8333224370349848,63.97248864173889,0.16831663653254508,0.10047218952327967,0.10056327097117901,0.11452256694436073,0.16831663653254508,0.6447801947593689,0.18121794492006302,0.3124454253911972,0.10300065577030182,0.11516959220170975,0.18121794492006302,0.6088861107826233,1.3166688680648804,1.0522040128707886,1.4492452144622803,1.874101161956787,2.0576999187469482,0.9256595373153687,1.9617048501968384,3.6418488025665283,0.8205181360244751,1.1052260398864746,3.2792444229125977,0.7104976773262024
149,0.0001,0.19151091642677784,0.8946033893167626,0.407187694311142,0.754661685671762,0.8537042380009068,54.523560762405396,0.1650261414796114,0.10117995001375675,0.10076362080872059,0.11538038417696952,0.1650261414796114,0.6511879578232765,0.17820495009422302,0.24621500819921494,0.09079062849283219,0.11621041834354401,0.17820495009422302,0.6023756456375122,1.3229188919067383,1.054435133934021,1.4508992433547974,1.8714152574539185,2.0542120933532715,0.9272978901863098,1.9660625457763672,3.6287896633148193,0.822178840637207,1.1003243923187256,3.289867639541626,0.7114505171775818
150,0.0001,0.18701410934329032,0.9017324478427271,0.44226572930812835,0.7318504005306107,0.83973245142351,63.96686673164368,0.1645513778179884,0.09819116428494454,0.10174694202840329,0.1159183881431818,0.1645513778179884,0.6567261683940887,0.19528798520565033,0.2660149356722832,0.08835896134376525,0.11324576705694199,0.19528798520565033,0.5696505784988404,1.3269137144088745,1.054079294204712,1.452886700630188,1.8676338195800781,2.0576865673065186,0.9293883442878723,1.9424055814743042,3.6243486404418945,0.8237716555595398,1.0998328924179077,3.283176898956299,0.7119115591049194
151,0.0001,0.19730333037674427,0.8895516045324499,0.494598445892334,0.6942971879729569,0.8140785202298687,64.04851078987122,0.16644843697547912,0.10214695818722248,0.10008055120706558,0.11677328877151012,0.16644843697547912,0.6475682941079139,0.20717936038970947,0.304717538356781,0.124434115588665,0.10775426656007767,0.20717936038970947,0.5661876106262207,1.3269565105438232,1.0609569549560547,1.455418348312378,1.866676926612854,2.0611748695373535,0.9326297044754028,1.9502276182174683,3.6239871978759766,0.8248424530029297,1.1027977466583252,3.2769014835357666,0.7132239937782288
152,0.0001,0.2036776865273714,0.8913011399570243,0.424186674952507,0.7396921482091401,0.8456409997315599,61.58205771446228,0.171161867082119,0.10503453936427831,0.10200507998466492,0.11999494083225727,0.171161867082119,0.6402895203232766,0.1886432033777237,0.25647662416100503,0.08825398489832878,0.11626557052135468,0.1886432033777237,0.568072075843811,1.3252469301223755,1.0582373142242432,1.4584275484085083,1.8849083185195923,2.0518574714660645,0.9358906745910645,1.9487966299057007,3.627056837081909,0.8276395201683044,1.0935226678848267,3.2691140174865723,0.7136672735214233
153,0.0001,0.18811787083745002,0.896163158629577,0.4505404055118561,0.7206289859628712,0.8324907561381704,62.253928661346436,0.16481897942721843,0.09893240232020617,0.10078878290951251,0.11609472125768662,0.16481897942721843,0.6480877003073693,0.18752583116292953,0.28679329246282576,0.11503167062997818,0.11119442701339721,0.18752583116292953,0.5934859371185303,1.3270395994186401,1.0602359771728516,1.4604990482330322,1.880350947380066,2.0596508979797363,0.9387425780296326,1.952538251876831,3.6335744857788086,0.8304662704467773,1.0835754871368408,3.267117500305176,0.7162684202194214
154,0.0001,0.19647301107645035,0.893811176344143,0.4088329803943634,0.742393109618175,0.8467264392092955,63.26751160621643,0.16703779458999635,0.10501424632966519,0.10335606932640076,0.11357005022466182,0.16703779458999635,0.6487930378317833,0.17786137700080873,0.25668263018131254,0.10967845380306245,0.11081353098154068,0.17786137700080873,0.6171653974056244,1.3289566040039062,1.0617296695709229,1.4618862867355347,1.8866750001907349,2.0593013763427734,0.9406840205192566,1.9491345882415771,3.6179633140563965,0.8322983980178833,1.0953986644744873,3.262913703918457,0.7177516222000122
155,0.0001,0.19720952421426774,0.8910256712917236,0.47084961652755736,0.7007918965326074,0.8195957208733347,63.78707957267761,0.16665533885359765,0.10452812880277634,0.09911449775099754,0.11354027807712555,0.16665533885359765,0.64565709233284,0.2233518162369728,0.25775243788957597,0.10694952338933944,0.09693614453077316,0.2233518162369728,0.4860888850688934,1.324953317642212,1.0615936517715454,1.4637020826339722,1.8783308267593384,2.061375617980957,0.9433254599571228,1.9521150588989258,3.624561309814453,0.8316752910614014,1.0904521942138672,3.265742063522339,0.7201417088508606
156,0.0001,0.2011737985908985,0.885031262349949,0.4356932044029236,0.7438158537804535,0.8473631233684695,63.927308320999146,0.16554464794695378,0.10549696113914252,0.1012840849161148,0.11261065773665906,0.16554464794695378,0.654963248372078,0.19627643674612044,0.28676586419343947,0.13382400959730148,0.11038444638252258,0.19627643674612044,0.6069236385822296,1.3268239498138428,1.067249059677124,1.4663468599319458,1.88741934299469,2.066931962966919,0.9461193084716797,1.961643934249878,3.6326732635498047,0.8355512619018555,1.082586407661438,3.260283946990967,0.7238648533821106
157,0.0001,0.182143979370594,0.9021785464220593,0.409906739294529,0.7491738018860198,0.8524917446156361,66.24690103530884,0.15960557140409948,0.09511510968208313,0.09928756080567837,0.11354517698287964,0.15960557140409948,0.6597729927301407,0.1777686035633087,0.2510646218061447,0.09892764925956726,0.11284819036722184,0.1777686035633087,0.6087097787857055,1.3263976573944092,1.0678728818893433,1.4694650173187256,1.890517234802246,2.0657095909118652,0.9485352039337158,1.9678330421447754,3.632812738418579,0.8360284566879272,1.08083975315094,3.256469488143921,0.7237253189086914
158,0.0001,0.17576328448951245,0.9075903615938533,0.4306818473339081,0.7501285985274373,0.8520978611077087,62.111998081207275,0.16331921726465226,0.09155872363597155,0.09976161152124405,0.11440129436552525,0.16331921726465226,0.657635528743267,0.17561732798814775,0.2750581967830658,0.08992530643939972,0.11538928627967834,0.17561732798814775,0.6184311759471893,1.3246135711669922,1.0620343685150146,1.4713261127471924,1.8884155750274658,2.068908214569092,0.9512792825698853,1.967421293258667,3.635915994644165,0.8392320275306702,1.0886465311050415,3.256958246231079,0.7257038950920105
159,0.0001,0.1813936745375395,0.903975162149068,0.4777605271339416,0.7203588040117662,0.8294375518074376,60.14887809753418,0.1646217231452465,0.09525797951966525,0.09952986449003219,0.11378197640180587,0.1646217231452465,0.655151695907116,0.1842622473835945,0.3083589853346348,0.09795231983065605,0.11191670656204224,0.1842622473835945,0.5987125992774963,1.3353248834609985,1.0686224699020386,1.4728301763534546,1.892836332321167,2.0670528411865234,0.9541714787483215,1.9744486808776855,3.6371078491210938,0.8418487310409546,1.0733883380889893,3.24646258354187,0.7262824773788452
160,0.0001,0.18183269038796424,0.9026662586284402,0.41102284282445906,0.7545772692166125,0.8555708536934189,61.96350884437561,0.1619455674290657,0.09547087125480175,0.09974485278129577,0.11424772962927818,0.1619455674290657,0.6598427203297615,0.18116226345300673,0.25438835978507995,0.09527195632457733,0.11367305070161819,0.18116226345300673,0.6143058776855469,1.3413665294647217,1.0650410652160645,1.47515869140625,1.8810431957244873,2.069490671157837,0.9554741382598877,1.965746521949768,3.629990816116333,0.8426779508590698,1.0726090669631958,3.2489945888519287,0.7268034219741821
161,0.0001,0.1767767845839262,0.9057577744172512,0.39448402404785154,0.7594696496973316,0.8581479407920299,58.37711954116821,0.16178830876946448,0.09234086718410253,0.09892817243933677,0.11267174929380416,0.16178830876946448,0.6593643435835839,0.17428147941827773,0.24753809466958046,0.10207000583410263,0.1109179738163948,0.17428147941827773,0.6275688278675079,1.342952013015747,1.0640904903411865,1.4773049354553223,1.8905019760131836,2.0662925243377686,0.9577418565750122,1.9576159715652466,3.6181132793426514,0.8460827469825745,1.0667153596878052,3.2515594959259033,0.7261590957641602
162,0.0001,0.17613057844340801,0.9052772968966559,0.43987023741006853,0.7353828414160692,0.8429512625917774,61.09089517593384,0.16195581667125225,0.09142656195908785,0.09641533821821213,0.11179168358445167,0.16195581667125225,0.6586368861794472,0.19533656239509584,0.2615677388012409,0.07247459843754768,0.11225570470094681,0.19533656239509584,0.5801452696323395,1.34830904006958,1.0677152872085571,1.4795187711715698,1.8953518867492676,2.069338083267212,0.9592706561088562,1.9492789506912231,3.621197462081909,0.8469385504722595,1.0622508525848389,3.251473903656006,0.7267641425132751
163,0.0001,0.17957075893878938,0.9043101756880705,0.4202515831589699,0.741238011683604,0.8468531209911943,60.50854444503784,0.1612676078081131,0.09376369711011648,0.10003959588706493,0.11291985243558883,0.1612676078081131,0.6655846682190895,0.17161752194166183,0.26808165937662126,0.09372792422771453,0.10907537490129471,0.17161752194166183,0.612868834733963,1.3575814962387085,1.068421483039856,1.4815566539764404,1.899965763092041,2.0673458576202393,0.9624758362770081,1.9472097158432007,3.622859001159668,0.8492426872253418,1.0527163743972778,3.246412754058838,0.7257239818572998
164,0.0001,0.1815098939836025,0.9046353252163152,0.4975899052619934,0.7106678655989782,0.8262231943096009,62.26846694946289,0.15979077473282813,0.09363977938890457,0.09783129833638668,0.11070157296955585,0.15979077473282813,0.6641595441102982,0.19811220169067384,0.3236526739597321,0.12425422728061676,0.10203054159879685,0.19811220169067384,0.6111542177200318,1.3589836359024048,1.065046787261963,1.483689546585083,1.9098111391067505,2.065208673477173,0.9646238684654236,1.9435546398162842,3.628811836242676,0.849545419216156,1.0626944303512573,3.244426727294922,0.7276685237884521
165,0.0001,0.1773767799884081,0.9040036065834193,0.4360907006263733,0.7444446497669278,0.8483017975166728,56.7430944442749,0.15965074755251407,0.09250971160829068,0.0966394055634737,0.10940759971737862,0.15965074755251407,0.657616793513298,0.1789282789826393,0.27523807242512704,0.0881009404361248,0.10913876593112945,0.1789282789826393,0.6037679660320282,1.3652474880218506,1.0679131746292114,1.4857679605484009,1.8923040628433228,2.0675437450408936,0.9662662744522095,1.940771222114563,3.630542755126953,0.8502147197723389,1.0473936796188354,3.2444849014282227,0.7281630635261536
166,0.0001,0.1714430721104145,0.9079998248876987,0.4236995965242386,0.737404433058824,0.8447708834121227,53.522507190704346,0.1583451025187969,0.0906516045704484,0.09814621582627296,0.10913806691765786,0.1583451025187969,0.6638708627223968,0.1971598470211029,0.2400943875312805,0.07351341530680656,0.10755983233451843,0.1971598470211029,0.5526916444301605,1.3604872226715088,1.0650780200958252,1.4873757362365723,1.8795007467269897,2.0680758953094482,0.9672888517379761,1.9351787567138672,3.625110387802124,0.8511675596237183,1.043443202972412,3.2257087230682373,0.7288371920585632
167,0.0001,0.17504305079579352,0.9065863260449695,0.43591835141181945,0.7371502101138055,0.8433026227126338,56.82938003540039,0.15876692824065686,0.09255744609981775,0.09545419439673423,0.11019852131605148,0.15876692824065686,0.6655145993828774,0.17143449544906617,0.27548379480838775,0.09375923871994019,0.1091117987036705,0.17143449544906617,0.6234640252590179,1.3646228313446045,1.0644716024398804,1.489680528640747,1.880521297454834,2.060695171356201,0.9704066514968872,1.9530352354049683,3.6122641563415527,0.8520795106887817,1.0243228673934937,3.2151081562042236,0.7302945256233215
168,0.0001,0.1765813582390547,0.9035827608518902,0.4196520882844925,0.7508383655610068,0.8522907921460287,62.27145075798035,0.1592776983231306,0.092710794582963,0.09648815579712391,0.10832765854895116,0.1592776983231306,0.6636114743351936,0.17925805121660232,0.25914105206727983,0.10909040868282319,0.10627041280269622,0.17925805121660232,0.6194347035884857,1.3655189275741577,1.0642627477645874,1.4909766912460327,1.8767423629760742,2.0630908012390137,0.9722267985343933,1.946884036064148,3.614361524581909,0.8524186015129089,1.012738823890686,3.212869882583618,0.7314910888671875
169,0.0001,0.21280046828091145,0.8816327087226676,0.47280741572380064,0.7167861993982874,0.8277837429227353,61.13459658622742,0.1684392664581537,0.11254445090889931,0.09880475997924805,0.10884720601141452,0.1684392664581537,0.6460872679948807,0.20559399724006652,0.2804875648021698,0.08806338980793953,0.10955465167760849,0.20559399724006652,0.5805222392082214,1.368074893951416,1.0665963888168335,1.4923285245895386,1.8926770687103271,2.0648202896118164,0.9744584560394287,1.963361144065857,3.623008966445923,0.8555455803871155,1.0172944068908691,3.232595682144165,0.7340975999832153
170,0.0001,0.19043985866010188,0.8947069893062729,0.4185703667998314,0.7308436676169693,0.8395070845593522,63.212682485580444,0.15963588654994965,0.09978950995951891,0.09907139256596566,0.10942505359649658,0.15963588654994965,0.6638204851746559,0.18192921489477157,0.23677009627223014,0.08699544802308083,0.1070715308189392,0.18192921489477157,0.5975208365917206,1.3806228637695312,1.0705151557922363,1.495335578918457,1.900146484375,2.063384771347046,0.9773725867271423,1.9441814422607422,3.6218597888946533,0.8579421639442444,0.998120903968811,3.225261926651001,0.733117938041687
171,0.0001,0.17508306294679643,0.9045713719140713,0.45050901055336,0.7289450657535353,0.8375632346091895,61.51798629760742,0.15454500295221807,0.09191460840404034,0.09661255657672882,0.10870225824415684,0.15454500295221807,0.6752960938215256,0.1897287353873253,0.2875895854830742,0.11840390592813492,0.10484978884458541,0.1897287353873253,0.6065173602104187,1.376753330230713,1.073638916015625,1.4976799488067627,1.8944709300994873,2.0643134117126465,0.9793667793273926,1.9541770219802856,3.6214241981506348,0.8610236048698425,1.0185670852661133,3.2342309951782227,0.7359845638275146
172,0.0001,0.17348530888557434,0.9087707192810588,0.4191079449653625,0.7470666884285018,0.8494595819891068,59.843454360961914,0.15290735192596913,0.09033971089869737,0.09515885151922703,0.10997093848884106,0.15290735192596913,0.6804115813970566,0.17065660119056703,0.2692188547551632,0.10241833090782165,0.10605365246534347,0.17065660119056703,0.6276634645462036,1.370619535446167,1.0687334537506104,1.4997526407241821,1.8977446556091309,2.0680253505706787,0.9800662994384766,1.9494869709014893,3.6188135147094727,0.8618083000183105,1.0248384475708008,3.231335163116455,0.7376199960708618
173,0.0001,0.16988936118781567,0.9091899333344498,0.3929518410563469,0.7624747569262402,0.8607119904305587,63.113778591156006,0.15516106329858304,0.08892857644706964,0.0946344817429781,0.10763673596084118,0.15516106329858304,0.6739338940382004,0.18123720556497575,0.2401123335957527,0.085990432202816,0.10582364469766617,0.18123720556497575,0.588625249862671,1.3728466033935547,1.0705527067184448,1.5003762245178223,1.9098864793777466,2.063204526901245,0.9813805222511292,1.9548239707946777,3.618462085723877,0.8640374541282654,1.0218169689178467,3.223144054412842,0.7381143569946289
174,0.0001,0.17176856115460395,0.9115750758505591,0.42368445634841917,0.7526394834020286,0.8546772231531957,64.63169980049133,0.15569431759417057,0.08922002814710141,0.09437430135905743,0.10636376589536667,0.15569431759417057,0.6708787205815315,0.1678669810295105,0.2875517123937607,0.0983214807510376,0.10659386217594147,0.1678669810295105,0.6353402125835419,1.3731451034545898,1.0681676864624023,1.503440260887146,1.907279133796692,2.061887264251709,0.9827598929405212,1.970781922340393,3.6200244426727295,0.8659515380859375,1.0176050662994385,3.221348285675049,0.7410062551498413
175,0.0001,0.16914783865213395,0.9129904310251377,0.44831528902053835,0.7357425413882751,0.8420395668934415,62.215813636779785,0.15614011488854884,0.08917843364179134,0.09595588937401772,0.1063184156268835,0.15614011488854884,0.6718682190775871,0.17045551687479019,0.3062021866440773,0.10123346775770187,0.10728750169277192,0.17045551687479019,0.636158881187439,1.3718011379241943,1.067273497581482,1.5045212507247925,1.9006441831588745,2.06378436088562,0.9839127659797668,1.9553101062774658,3.6205477714538574,0.8673661947250366,1.0115869045257568,3.2296297550201416,0.741360604763031
176,0.0001,0.1768859802186489,0.9059403363688995,0.41137868314981463,0.7458488944865092,0.848335656182182,63.771116495132446,0.15866915442049503,0.0915412425994873,0.09545919321477413,0.10388723596930503,0.15866915442049503,0.6590094089508056,0.18743399262428284,0.23768373534083367,0.07869497269392013,0.10269217282533645,0.18743399262428284,0.577910817861557,1.3724571466445923,1.0701968669891357,1.5063139200210571,1.8942029476165771,2.061493158340454,0.9860442876815796,1.955179214477539,3.622488498687744,0.8686492443084717,1.008415937423706,3.23868727684021,0.7424197196960449
177,0.0001,0.16700313359498978,0.9123723883279178,0.4234603190422058,0.7489199996164527,0.8505897388534014,65.16238117218018,0.15606786906719208,0.08949151415377855,0.09810918875038624,0.10392653599381446,0.15606786906719208,0.6707300329208374,0.17553750902414322,0.28106085628271105,0.11486054956912994,0.10080331206321716,0.17553750902414322,0.6355991768836975,1.3754022121429443,1.068017840385437,1.5082967281341553,1.8992213010787964,2.06266713142395,0.9868514537811279,1.9588518142700195,3.6198935508728027,0.8701772689819336,1.0127748250961304,3.2391417026519775,0.7441728711128235
178,0.0001,0.17488243840634823,0.9065318336859792,0.4801178640127182,0.7118239560095376,0.823493109758619,60.206615924835205,0.15824841752648353,0.09189047314226627,0.09667789086699485,0.1030253379791975,0.15824841752648353,0.6695704630017281,0.21769183188676833,0.28055517584085465,0.0825300358235836,0.10010027706623077,0.21769183188676833,0.5490423762798309,1.3747159242630005,1.069215178489685,1.5098180770874023,1.8876553773880005,2.0647830963134766,0.9901245832443237,1.9409565925598145,3.61818265914917,0.8726906180381775,0.9978450536727905,3.238109827041626,0.7426764965057373
179,0.0001,0.1751442739367485,0.9076757989603044,0.43820972442626954,0.742778620875618,0.8456656448495934,62.25875282287598,0.15900321654975413,0.09126209039241076,0.09466315522789955,0.10246938914060592,0.15900321654975413,0.6689036896824837,0.17979669004678725,0.26784993946552277,0.08353230848908424,0.1040413624048233,0.17979669004678725,0.6115004301071167,1.3799961805343628,1.0720468759536743,1.5132396221160889,1.8999226093292236,2.0673227310180664,0.9927701354026794,1.9405730962753296,3.626082420349121,0.8767377734184265,1.0081839561462402,3.2420718669891357,0.7437862157821655
180,0.0001,0.18303053289651872,0.898333835231699,0.4387382626533508,0.7477362825432943,0.8508311014003539,60.85650014877319,0.15812198363244534,0.09903239291161299,0.09704900652170181,0.1025986347347498,0.15812198363244534,0.6654516613483429,0.1926530683040619,0.276558580994606,0.1160519579052925,0.10164336204528808,0.1926530683040619,0.6043588089942932,1.3700872659683228,1.075194001197815,1.5140464305877686,1.8790032863616943,2.069650173187256,0.9940855503082275,1.9293252229690552,3.6287195682525635,0.8770477175712585,1.0086983442306519,3.2587718963623047,0.747604250907898
181,0.0001,0.16816844835877418,0.9093279575255123,0.4314219385385513,0.7425230139370498,0.8463230416861259,62.53056573867798,0.1545553122460842,0.08871567972004414,0.09599471397697926,0.1024688009172678,0.1545553122460842,0.674033848643303,0.17752722799777984,0.2725121131539345,0.11317331671714782,0.09756582409143448,0.17752722799777984,0.6278521883487701,1.3718013763427734,1.0733479261398315,1.5155043601989746,1.888262391090393,2.0695953369140625,0.9950515031814575,1.9361070394515991,3.6219584941864014,0.8788251876831055,0.9986822605133057,3.2476940155029297,0.7490800023078918
182,0.0001,0.16568608604371549,0.913300338801116,0.42083653330802917,0.7491708875706804,0.8517709601326178,63.79711103439331,0.15439813859760762,0.08874542269855738,0.09598426081240177,0.10263380110263824,0.15439813859760762,0.6788944086432457,0.18016913235187532,0.2684936098754406,0.11254075765609742,0.09985065042972564,0.18016913235187532,0.6257435035705566,1.3743016719818115,1.0717439651489258,1.5173438787460327,1.8864843845367432,2.0690643787384033,0.9956962466239929,1.9301320314407349,3.6140172481536865,0.8802539110183716,0.9937109351158142,3.239414691925049,0.7499815821647644
183,0.0001,0.15902530565857886,0.9173125279707025,0.42240467339754106,0.7611703747172129,0.860026520188664,62.088489055633545,0.1518266651034355,0.0855147010087967,0.09361255027353764,0.10308631539344787,0.1518266651034355,0.6793055725097656,0.18629854619503022,0.28392007723450663,0.13038473963737487,0.09764081001281738,0.18629854619503022,0.6290437185764313,1.369938611984253,1.0702948570251465,1.519223690032959,1.8908103704452515,2.064020872116089,0.99753737449646,1.9252805709838867,3.6096482276916504,0.8809841871261597,0.989808976650238,3.235687255859375,0.7501273155212402
184,0.0001,0.15487349830567837,0.919949397054541,0.4271526366472244,0.750017561509116,0.8526320414711551,60.20390772819519,0.15136656023561953,0.0816543249413371,0.09349550738930702,0.10232165582478046,0.15136656023561953,0.6740360677242279,0.17508578211069106,0.27352196604013446,0.10651931792497635,0.10346790939569474,0.17508578211069106,0.6351549589633941,1.3687282800674438,1.0722403526306152,1.5211098194122314,1.8879432678222656,2.063718557357788,0.9990648627281189,1.9242362976074219,3.6082887649536133,0.8815921545028687,0.99259352684021,3.228351593017578,0.7520889639854431
185,0.0001,0.1645774206519127,0.9147238022153776,0.4079971793293953,0.7622198830956646,0.8606846108051305,61.50735116004944,0.15516371950507163,0.08786180470138788,0.09597450219094754,0.10299704805016517,0.15516371950507163,0.6677781945466995,0.17956623882055284,0.2567471291124821,0.09864817500114441,0.10255329936742782,0.17956623882055284,0.6195633065700531,1.3704205751419067,1.069839358329773,1.5226755142211914,1.8571982383728027,2.0630388259887695,0.9998250007629395,1.914995789527893,3.6074187755584717,0.8829067945480347,0.9864516854286194,3.2250475883483887,0.7514253258705139
186,0.0001,0.1625739748030901,0.9143831072390775,0.4056743633747101,0.750325638967137,0.8529470149029411,64.13726925849915,0.15135435804724692,0.08626378688961267,0.09491457961499691,0.10244303703308105,0.15135435804724692,0.6772011601924897,0.16949153155088426,0.25570182502269745,0.09726170867681504,0.10047747820615768,0.16949153155088426,0.6274777495861054,1.3726000785827637,1.0741348266601562,1.5241221189498901,1.8585906028747559,2.0599050521850586,1.0013198852539062,1.9105223417282104,3.607921600341797,0.8836358189582825,1.0013638734817505,3.2211802005767822,0.7525846362113953
187,0.0001,0.16916184730827807,0.9109084220814175,0.4151718693971634,0.7510226883343835,0.8514333533553081,60.41185283660889,0.15233310557901858,0.09038468863815069,0.09199848771095276,0.10357517957687377,0.15233310557901858,0.6787950426340104,0.19292354673147202,0.2411493803560734,0.06868408545851708,0.10312313914299011,0.19292354673147202,0.570614378452301,1.3649004697799683,1.0715606212615967,1.5268148183822632,1.8591132164001465,2.0605833530426025,1.0025218725204468,1.9094173908233643,3.610220193862915,0.8838452696800232,0.9924900531768799,3.228799819946289,0.7531098127365112
188,0.0001,0.1729728814959526,0.9076519246636517,0.43658011853694917,0.7310542175475847,0.8392866914665339,68.93306994438171,0.15453366592526435,0.0924302514642477,0.09557367861270905,0.10268127433955669,0.15453366592526435,0.6719351279735565,0.19183808207511902,0.26614564895629883,0.11310110777616501,0.10328523039817811,0.19183808207511902,0.6067985165119171,1.3692412376403809,1.0708153247833252,1.5286294221878052,1.8682652711868286,2.0614895820617676,1.0050863027572632,1.912963628768921,3.612431287765503,0.8864277601242065,0.9974780678749084,3.2337005138397217,0.7551184892654419
189,0.0001,0.1690841903537512,0.908372546601826,0.4207254648208618,0.7600435736554247,0.8588692778587377,61.01375484466553,0.15185320802032948,0.09036860201507807,0.09573710598051548,0.10142784357070923,0.15185320802032948,0.6843221893906594,0.19359802424907685,0.27617079436779024,0.12813886910676955,0.09932425558567047,0.19359802424907685,0.6105181097984314,1.3697922229766846,1.0724624395370483,1.5288269519805908,1.8731756210327148,2.058384418487549,1.0066159963607788,1.9133429527282715,3.608139753341675,0.8901376128196716,0.9892521500587463,3.2312166690826416,0.7573642730712891
190,0.0001,0.1625072827935219,0.9147875998411017,0.41975450098514555,0.757167409969974,0.8576396350997978,69.72516059875488,0.15422295115888118,0.08637444287538529,0.0931699226796627,0.1012212385237217,0.15422295115888118,0.6754991316795349,0.1790032806992531,0.2672617202997208,0.10047515124082565,0.09794951736927032,0.1790032806992531,0.6166837203502655,1.3705049753189087,1.0708973407745361,1.5305622816085815,1.8732061386108398,2.064516544342041,1.0085006952285767,1.9232673645019531,3.6147027015686035,0.8916118144989014,0.9870783090591431,3.223461627960205,0.7571243643760681
191,0.0001,0.1532022023946047,0.9208168069959022,0.3974845772981644,0.7679434006474782,0.8637102809477316,70.50228810310364,0.15076038166880606,0.0802673127874732,0.09155825406312942,0.10126779884099961,0.15076038166880606,0.6815611425042153,0.17152514368295668,0.25062247037887575,0.08007291674613953,0.10181141644716263,0.17152514368295668,0.6089841318130493,1.3748353719711304,1.0716487169265747,1.533146619796753,1.8694409132003784,2.061429738998413,1.0095105171203613,1.9238518476486206,3.6119613647460938,0.8920588493347168,0.9814823269844055,3.2239534854888916,0.7585026025772095
192,0.0001,0.15510521478950978,0.9199764667041572,0.39960913360118866,0.7731285167506625,0.8677423770853494,69.47012305259705,0.14994816310703754,0.08302022211253643,0.09116928122937679,0.10182265162467957,0.14994816310703754,0.6802687376737595,0.17268379896879196,0.2592441084980965,0.08685542911291122,0.1016494244337082,0.17268379896879196,0.6252635002136231,1.3727991580963135,1.0698546171188354,1.534595251083374,1.8655972480773926,2.0596868991851807,1.0103639364242554,1.9160866737365723,3.610013723373413,0.8937513828277588,0.9775061011314392,3.2238211631774902,0.7591264247894287
193,0.0001,0.15720676846802234,0.9183506512572456,0.38320399522781373,0.7674732788704175,0.8646393688307086,60.842262268066406,0.15067211538553238,0.08342438515275717,0.09315539009869099,0.10168365500867367,0.15067211538553238,0.6816366916894913,0.16914253145456315,0.23616667836904526,0.09229780897498131,0.09675381571054459,0.16914253145456315,0.6248323380947113,1.3729361295700073,1.0720136165618896,1.5359283685684204,1.862840175628662,2.060609817504883,1.012769103050232,1.920435905456543,3.6124625205993652,0.8953860998153687,0.9701669812202454,3.2242069244384766,0.7585625052452087
194,0.0001,0.16355213090777398,0.9147725314730017,0.40158875167369845,0.759014460940992,0.8579328778887089,62.652127265930176,0.1537538367509842,0.08766825374215842,0.09572187952697277,0.1007760437577963,0.1537538367509842,0.6810543236136436,0.1724438512325287,0.25655668288469313,0.09131133049726486,0.09699900656938552,0.1724438512325287,0.6159872484207153,1.3801270723342896,1.074711799621582,1.5377806425094604,1.8667659759521484,2.0571935176849365,1.0144829750061035,1.9121472835540771,3.6030259132385254,0.8973146080970764,0.9701871871948242,3.2237954139709473,0.7606035470962524
195,0.0001,0.16279686272144317,0.9174388289412475,0.41066050469875337,0.7576322110692355,0.8567363301148258,60.97407865524292,0.15247122280299663,0.08735111746937037,0.09281334169209003,0.10112303614616394,0.15247122280299663,0.6828969287872314,0.17004381328821183,0.2561805184185505,0.08874999612569809,0.09834575325250626,0.17004381328821183,0.6232049751281739,1.3827539682388306,1.0770764350891113,1.5394247770309448,1.8697293996810913,2.056861400604248,1.0157846212387085,1.901173710823059,3.6045401096343994,0.8981063365936279,0.9803987741470337,3.216137647628784,0.7606980204582214
196,0.0001,0.15261363387107849,0.9216368988045608,0.4167013680934906,0.7568953194699642,0.8571828221279918,63.91506791114807,0.15002573430538177,0.0806465158239007,0.09384563937783241,0.1003619110584259,0.15002573430538177,0.6869102391600609,0.1766466236114502,0.2708484071493149,0.11092850625514984,0.09947889983654022,0.1766466236114502,0.6371166956424713,1.3823187351226807,1.0780059099197388,1.5406103134155273,1.8708077669143677,2.0557470321655273,1.017250895500183,1.898060917854309,3.5976004600524902,0.8985623717308044,0.9749327301979065,3.2192234992980957,0.7612698078155518
197,0.0001,0.15113178350031375,0.923064569844509,0.44181858748197556,0.7401283757581141,0.8455107155496738,60.05880165100098,0.15046179115772249,0.07971664667129516,0.09238222554326057,0.10082397647202015,0.15046179115772249,0.684743774831295,0.16596512347459794,0.2938277123868465,0.09451349347829818,0.09930166780948639,0.16596512347459794,0.6374107348918915,1.379679799079895,1.0738747119903564,1.5420336723327637,1.8617483377456665,2.051635980606079,1.018627643585205,1.8907934427261353,3.5889196395874023,0.8984580039978027,0.9662883281707764,3.2102959156036377,0.7612674236297607
198,0.0001,0.15805784024298192,0.9187175742386395,0.39205763816833494,0.7648042684521663,0.8613544026143717,63.21198511123657,0.15068585254251957,0.08380082625895739,0.09316214263439178,0.10026101373136044,0.15068585254251957,0.6775580805540085,0.1749039852619171,0.25555124431848525,0.1237887328863144,0.09742417246103287,0.1749039852619171,0.6464447891712188,1.3757421970367432,1.0731942653656006,1.5428305864334106,1.8552583456039429,2.052870988845825,1.0191842317581177,1.8883212804794312,3.5840675830841064,0.8998059630393982,0.9536752104759216,3.2031731605529785,0.7632368803024292
199,0.0001,0.1543155248463154,0.9190559837263719,0.4214758050441742,0.7499410458953959,0.8515715413913385,61.25318884849548,0.14945862777531146,0.08190625939518213,0.09156625092029572,0.10026176542043685,0.14945862777531146,0.6840050086379051,0.19087760269641876,0.2632260811328888,0.11781901955604553,0.09783574849367142,0.19087760269641876,0.6209252202510833,1.3724462985992432,1.070392370223999,1.5448704957962036,1.8479000329971313,2.054093599319458,1.0208555459976196,1.8892477750778198,3.5810744762420654,0.9010701775550842,0.953850507736206,3.1972453594207764,0.7636251449584961
200,0.0001,0.1531413572281599,0.9212540940882294,0.3928004723787308,0.7674218789756716,0.8637204314193011,62.01445007324219,0.15041109427809715,0.08055920887738466,0.09261698506772519,0.10073448315262795,0.15041109427809715,0.6870321613550187,0.17768065601587296,0.24184274047613144,0.07681291550397873,0.09653399169445037,0.17768065601587296,0.5977909588813781,1.3719556331634521,1.0703941583633423,1.5459610223770142,1.8454089164733887,2.048276901245117,1.0218753814697266,1.9005314111709595,3.5840251445770264,0.9012377262115479,0.9336405992507935,3.201082706451416,0.7619898319244385
201,0.0001,0.15885160692036152,0.9171364502873938,0.4153470152616501,0.7463141633203892,0.850509323582939,64.87662243843079,0.14963544555008412,0.08444801211357117,0.09330279566347599,0.09951390504837036,0.14963544555008412,0.690608791410923,0.1816170409321785,0.2511074605584145,0.08654101237654686,0.09299556106328964,0.1816170409321785,0.5894827950000763,1.3724685907363892,1.072737216949463,1.5461479425430298,1.8417209386825562,2.050630807876587,1.0235668420791626,1.8950177431106567,3.5878074169158936,0.9023086428642273,0.9238864779472351,3.194134473800659,0.7643402814865112
202,0.0001,0.16431412637233733,0.913429592338974,0.42393033623695375,0.7586562193236149,0.8581896703837515,61.705848693847656,0.15147975005209446,0.08815550453960895,0.09331207931041717,0.09888396881520749,0.15147975005209446,0.6819581690430642,0.16849697411060333,0.2744217602908611,0.09684747725725174,0.09499735176563263,0.16849697411060333,0.6301553702354431,1.37627112865448,1.0755435228347778,1.5470398664474487,1.8403892517089844,2.04613995552063,1.0243901014328003,1.8856749534606934,3.5913166999816895,0.9026787281036377,0.918543815612793,3.1869187355041504,0.764542281627655
203,0.0001,0.1604165929555893,0.9157238055389507,0.4354646521806717,0.7408900736740316,0.8468503499811821,67.12858271598816,0.1507241328060627,0.0828821312636137,0.09389370009303093,0.09690802246332168,0.1507241328060627,0.6769027617573738,0.19323354452848435,0.2613602018356323,0.0699715070426464,0.09446336448192597,0.19323354452848435,0.5761904394626618,1.3767824172973633,1.068302869796753,1.5493882894515991,1.848426342010498,2.048539161682129,1.0276210308074951,1.8810046911239624,3.5908610820770264,0.9038569927215576,0.9128228425979614,3.1910927295684814,0.7642800807952881
204,0.0001,0.14804096214473247,0.92522109438515,0.3910572165250778,0.7630960087863372,0.8597907983897948,56.96171545982361,0.14703005023300647,0.07882210288196802,0.09301963575184345,0.09771024875342846,0.14703005023300647,0.6894697478413582,0.16983331084251405,0.24273030430078507,0.09825768202543259,0.09492330253124237,0.16983331084251405,0.6389303934574128,1.3697863817214966,1.0670338869094849,1.551084041595459,1.8425155878067017,2.047469139099121,1.0289462804794312,1.8730742931365967,3.582566976547241,0.9044517278671265,0.9137362837791443,3.1817626953125,0.7643932104110718
205,0.0001,0.1491168786585331,0.9241689638149831,0.43533469796180724,0.7376894204438448,0.8436675630031695,61.96175670623779,0.14817650347948075,0.07831151586025953,0.09145699232816697,0.09798251628875733,0.14817650347948075,0.6896889984607697,0.16942653566598892,0.28904560148715974,0.08600302189588546,0.09319111585617065,0.16942653566598892,0.6102318978309631,1.367445468902588,1.0649815797805786,1.5521904230117798,1.842261552810669,2.0472071170806885,1.0292085409164429,1.8662703037261963,3.5804615020751953,0.9048344492912292,0.9013103246688843,3.1830458641052246,0.7639352679252625
206,0.0001,0.1471607892215252,0.9247080438397488,0.44308634877204894,0.7480700307864947,0.8505675232036336,62.32441473007202,0.1459489693492651,0.0784499866142869,0.09069711595773697,0.09773125976324082,0.1459489693492651,0.690720281302929,0.16917403519153595,0.30106568813323975,0.10103268787264824,0.09782133758068084,0.16917403519153595,0.6396427071094513,1.3640127182006836,1.0620697736740112,1.5541356801986694,1.8381222486495972,2.047344923019409,1.0309332609176636,1.866776704788208,3.5735764503479004,0.9055123329162598,0.9099785685539246,3.1816372871398926,0.7644656300544739
207,0.0001,0.14460263468325138,0.9287594588039404,0.4549126625061035,0.7404869820204677,0.8446626444980102,60.64810252189636,0.14473114468157292,0.07714693780988455,0.0902459105849266,0.09717517420649528,0.14473114468157292,0.6950301426649094,0.18160404175519942,0.3022833201289177,0.11186183303594589,0.09714519500732421,0.18160404175519942,0.6284160470962524,1.3643739223480225,1.061903715133667,1.5555968284606934,1.8424270153045654,2.0446035861968994,1.032082438468933,1.8638604879379272,3.57309627532959,0.9067510962486267,0.9052904844284058,3.1796317100524902,0.7650870680809021
208,0.0001,0.15228270195424556,0.9196304463240039,0.4104838383197784,0.7583203760113176,0.8566504260357177,63.06481409072876,0.14644339464604855,0.08132847893983125,0.09173445031046867,0.0967452821880579,0.14644339464604855,0.6929704219102859,0.17285309344530106,0.26575322180986405,0.10253905147314071,0.0949529704451561,0.17285309344530106,0.6351904034614563,1.3673460483551025,1.0624078512191772,1.5558727979660034,1.8356350660324097,2.043867588043213,1.033745288848877,1.8581534624099731,3.5724129676818848,0.9086816906929016,0.8942858576774597,3.18359637260437,0.7649497985839844
209,0.0001,0.1505373414605856,0.9234482182363863,0.4205354380607605,0.7657355239221114,0.8616284773661562,60.8043794631958,0.14589241094887256,0.08009852100163699,0.09218373671174049,0.09616546168923377,0.14589241094887256,0.6938664248585701,0.17732738584280014,0.2871778905391693,0.1188178876042366,0.09414244264364242,0.17732738584280014,0.6448723685741424,1.3726340532302856,1.05977201461792,1.557235598564148,1.8348292112350464,2.043813467025757,1.0348663330078125,1.8638460636138916,3.5673060417175293,0.9112756848335266,0.9064590334892273,3.1883881092071533,0.7664952874183655
210,0.0001,0.14316124737262725,0.9297753239059697,0.3971362775564194,0.7681978320864059,0.863767983969797,58.12778830528259,0.14467415906488895,0.07692939970642328,0.08889419108629226,0.09703513629734516,0.14467415906488895,0.6953973412513733,0.1757016274333,0.26198239892721176,0.11468161135911942,0.09320326924324035,0.1757016274333,0.641007205247879,1.3684693574905396,1.0601158142089844,1.558185338973999,1.8316116333007812,2.0443637371063232,1.03507399559021,1.8586413860321045,3.5646872520446777,0.9107095003128052,0.9009870886802673,3.1790735721588135,0.7678612470626831
211,0.0001,0.14867701902985572,0.9245791972973056,0.4151626831293106,0.7604765481430011,0.8590913343155188,60.58919095993042,0.14377426765859128,0.07816582918167114,0.09009510032832622,0.0962948177754879,0.14377426765859128,0.6961049997806549,0.180301716029644,0.2771833059191704,0.11727328360080719,0.09363014191389084,0.180301716029644,0.6366516149044037,1.3664971590042114,1.059307336807251,1.5585317611694336,1.8371577262878418,2.041454553604126,1.0362575054168701,1.854563593864441,3.571589946746826,0.9120804667472839,0.8956418037414551,3.1797969341278076,0.7701842784881592
212,0.0001,0.16102538831532,0.9140240215499013,0.45223672688007355,0.7453957813084209,0.8498369496936238,63.03620386123657,0.14880631662905217,0.08587163876742125,0.09123529970645905,0.09599527396261692,0.14880631662905217,0.6879493597149849,0.18924401730298995,0.2932048127055168,0.11123348951339722,0.09592253178358078,0.18924401730298995,0.6016745698451996,1.374366044998169,1.0621720552444458,1.5591844320297241,1.841509461402893,2.0462377071380615,1.0380873680114746,1.854521632194519,3.573436975479126,0.9143025875091553,0.9076820015907288,3.1757450103759766,0.7698850631713867
213,0.0001,0.15651109635829927,0.9181675817341756,0.40075896978378295,0.7635917948534571,0.8615168523421882,63.791966915130615,0.14761698924005032,0.08412751004099846,0.09102101944386959,0.09682548984885216,0.14761698924005032,0.6880488640069962,0.20359799206256868,0.23238649278879164,0.06283702164888381,0.0973428624868393,0.20359799206256868,0.5515497124195099,1.3821966648101807,1.0640238523483276,1.5614925622940063,1.84803307056427,2.0445265769958496,1.0399703979492188,1.8689589500427246,3.573315382003784,0.9157425761222839,0.9039685130119324,3.1850199699401855,0.7697538137435913
214,0.0001,0.14741329699754716,0.9257985726832335,0.4217520567774773,0.7667507225999359,0.8627592208878697,65.65300464630127,0.14510184161365033,0.07824361521750689,0.0898597451299429,0.098591872677207,0.14510184161365033,0.6926350679993629,0.17481212794780732,0.2672907665371895,0.07611191928386689,0.09813888877630234,0.17481212794780732,0.6116727721691132,1.3817555904388428,1.0652509927749634,1.5630842447280884,1.8462839126586914,2.040853977203369,1.041059970855713,1.869172215461731,3.5707054138183594,0.9157610535621643,0.9039081931114197,3.185110092163086,0.7720307111740112
215,0.0001,0.14913999259471894,0.9251430748911218,0.4498501294851303,0.7524174822030932,0.8535139867255941,60.189682960510254,0.14436866872012616,0.07825760524719953,0.08921296626329422,0.09957164123654366,0.14436866872012616,0.6927909484505653,0.19093624025583267,0.2795985010266304,0.07204125106334686,0.09688823401927948,0.19093624025583267,0.5758423054218292,1.3781538009643555,1.0632867813110352,1.56382155418396,1.8384653329849243,2.0417823791503906,1.0423120260238647,1.858982801437378,3.5625529289245605,0.9164631962776184,0.9082708954811096,3.1828460693359375,0.7727964520454407
216,0.0001,0.14311964496970175,0.9299952861534726,0.4074022734165192,0.7691586123471909,0.8647985037216931,65.0083498954773,0.14875748842954636,0.07542284913361072,0.09274517744779587,0.09861307196319104,0.14875748842954636,0.6860372319817543,0.16658976197242736,0.27174379348754885,0.09378972560167313,0.09709818005561828,0.16658976197242736,0.6401352977752686,1.3812646865844727,1.060526967048645,1.5644012689590454,1.8392283916473389,2.042771339416504,1.0436618328094482,1.848775863647461,3.5581767559051514,0.9174311757087708,0.9006903171539307,3.175391435623169,0.7735857367515564
217,0.0001,0.1468625558167696,0.9244194549303119,0.41160771071910857,0.7619027232203476,0.8603407794091709,57.937435150146484,0.14492793820798397,0.0791821912676096,0.08927029475569725,0.09879302471876145,0.14492793820798397,0.6930257773399353,0.17204751819372177,0.26755405858159065,0.10676386296749114,0.09541363000869751,0.17204751819372177,0.6397700047492981,1.382010817527771,1.0613256692886353,1.5652689933776855,1.8371617794036865,2.0382883548736572,1.0445488691329956,1.8481007814407349,3.552248954772949,0.9180480241775513,0.8882491588592529,3.168295383453369,0.7736608982086182
218,0.0001,0.13932571314275266,0.9301955767549355,0.44462653279304504,0.7544044492916242,0.8540247063456521,62.538487672805786,0.1401087175309658,0.07434978999197484,0.08902698203921318,0.09837934419512749,0.1401087175309658,0.7043150952458381,0.16999533861875535,0.3032414230704308,0.10349355190992356,0.09123583942651749,0.16999533861875535,0.6370437133312226,1.378711462020874,1.0599617958068848,1.5668045282363892,1.830909252166748,2.034651041030884,1.0459749698638916,1.846319317817688,3.5495340824127197,0.9196160435676575,0.8804789781570435,3.164991855621338,0.7732121348381042
219,0.0001,0.1399061407148838,0.9303890881828525,0.4066414868831634,0.7641327757354065,0.8613032847589266,64.15145945549011,0.14378552094101907,0.07475832935422659,0.08863001592457294,0.09840081349015235,0.14378552094101907,0.6958425804972649,0.17322108417749404,0.2557274606823921,0.08435837507247924,0.09560087680816651,0.17322108417749404,0.6237532222270965,1.3750392198562622,1.0585874319076538,1.5676567554473877,1.8247525691986084,2.03576922416687,1.0477781295776367,1.8389711380004883,3.5475008487701416,0.9202947616577148,0.8818302750587463,3.1659648418426514,0.7732387185096741
220,0.0001,0.14307863563299178,0.9280682904806348,0.44487979292869567,0.7508419446539918,0.8522748480626207,60.30810737609863,0.14593652699142695,0.07584840919822454,0.08992140591144562,0.09767147697508335,0.14593652699142695,0.6969505682587623,0.1740141850709915,0.2944560062885284,0.076531400680542,0.09592796951532363,0.1740141850709915,0.6126658034324646,1.375304102897644,1.058465838432312,1.5681060552597046,1.8141483068466187,2.0379412174224854,1.048940658569336,1.8238390684127808,3.5478785037994385,0.9197123050689697,0.8727526664733887,3.1596524715423584,0.7735747694969177
221,0.0001,0.14088513046503068,0.9292738606245803,0.4259869945049286,0.7596509439135852,0.8586224676958879,64.30601358413696,0.14024636961519718,0.07600415669381619,0.08854863051325083,0.09632704801857471,0.14024636961519718,0.6979277342557907,0.1653214004635811,0.28528954699635506,0.0961402776837349,0.09351528376340866,0.1653214004635811,0.6382262003421784,1.3684922456741333,1.0600903034210205,1.56889808177948,1.8104369640350342,2.036633253097534,1.049644947052002,1.8249460458755493,3.544323444366455,0.9205088019371033,0.8763037919998169,3.1572906970977783,0.7740619778633118
222,0.0001,0.14946494586765766,0.9237502185151162,0.38829395949840545,0.772404683961768,0.8679110937287264,59.088197231292725,0.14490190505981446,0.07947767909616232,0.08753048971295357,0.09713006503880024,0.14490190505981446,0.6992131742835045,0.1644925257563591,0.24588726639747618,0.09247883886098862,0.0937009397149086,0.1644925257563591,0.6448386526107788,1.3698997497558594,1.060865044593811,1.5698368549346924,1.8160802125930786,2.0336644649505615,1.0510774850845337,1.8169647455215454,3.550682544708252,0.9227702617645264,0.872764527797699,3.1569461822509766,0.7759156227111816
223,0.0001,0.1427639363706112,0.9276247991836732,0.39017061471939085,0.7651874510296682,0.8624255930005542,62.4608199596405,0.14468810066580773,0.07480512600392103,0.09041883647441865,0.09594928041100502,0.14468810066580773,0.6966472232341766,0.16770206183195113,0.2476779952645302,0.09259963467717171,0.09406144708395005,0.16770206183195113,0.6364514827728271,1.3694944381713867,1.0604665279388428,1.5708814859390259,1.8157317638397217,2.0334036350250244,1.0513067245483398,1.811029076576233,3.539323568344116,0.9233242869377136,0.8618090748786926,3.1551740169525146,0.7758455872535706
224,0.0001,0.14596764661371708,0.9245307498953089,0.44507780492305754,0.7557654847097798,0.8558029745972191,61.23681569099426,0.141095996722579,0.07904705602675677,0.08782525040209294,0.09717829018831253,0.141095996722579,0.7059309056401253,0.1717475727200508,0.3073645353317261,0.10236100405454636,0.09289813041687012,0.1717475727200508,0.6410133481025696,1.3692560195922852,1.060418963432312,1.5722153186798096,1.8129771947860718,2.033846139907837,1.0528879165649414,1.8087098598480225,3.5373902320861816,0.9247128367424011,0.8516013622283936,3.157313823699951,0.7766710519790649
225,0.0001,0.14642617978155614,0.9256488425954559,0.4343402290344238,0.7580377558969107,0.8573357540917873,64.06827640533447,0.14435907758772373,0.0776750123128295,0.0893814092874527,0.09561517640948296,0.14435907758772373,0.6924072003364563,0.1708664345741272,0.2782972165942192,0.08121444404125214,0.09620195776224136,0.1708664345741272,0.6299879729747773,1.3715708255767822,1.0609970092773438,1.5736831426620483,1.8171340227127075,2.0289361476898193,1.053775668144226,1.8159770965576172,3.538862466812134,0.9247247576713562,0.8610698580741882,3.1569714546203613,0.7765005230903625
226,0.0001,0.1476414503902197,0.925964829694323,0.42145903170108795,0.7563110127701417,0.8554312571454683,62.85768914222717,0.14320267982780932,0.078829051181674,0.09002740189433098,0.09433374345302582,0.14320267982780932,0.6973823723196984,0.16501958787441254,0.27705224812030793,0.09171352624893188,0.09268321424722671,0.16501958787441254,0.6335660064220429,1.3684459924697876,1.0591610670089722,1.574884295463562,1.8153458833694458,2.0316579341888428,1.0566765069961548,1.8157172203063965,3.5449471473693848,0.926292359828949,0.8529537916183472,3.1511764526367188,0.7788727879524231
227,0.0001,0.14548917278647422,0.9258084903584975,0.41414673149585723,0.7658746571140636,0.8633845380188616,61.367931604385376,0.14400293715298176,0.07693819306790829,0.08862618125975132,0.09409495308995247,0.14400293715298176,0.694669748544693,0.16516568005084992,0.2722871509194374,0.1030821144580841,0.09261745810508729,0.16516568005084992,0.6515707814693451,1.3700177669525146,1.0605937242507935,1.5749328136444092,1.818778157234192,2.032419443130493,1.0575246810913086,1.8157234191894531,3.5429835319519043,0.9280348420143127,0.8503506183624268,3.1509010791778564,0.7808476686477661
228,0.0001,0.14113326154649258,0.9286116792504899,0.38927165031433103,0.775293592346983,0.8683494822358514,64.68622541427612,0.1411598351597786,0.07517400231212377,0.08865831017494202,0.09436988957226276,0.1411598351597786,0.7003253725171089,0.16458410888910294,0.24623536556959152,0.08608709797263145,0.09210696429014206,0.16458410888910294,0.6358016300201416,1.3705224990844727,1.0612035989761353,1.5760940313339233,1.8140867948532104,2.031299114227295,1.0587891340255737,1.8172450065612793,3.539851188659668,0.9279657006263733,0.8472092151641846,3.148737907409668,0.7815354466438293
229,0.0001,0.14361491821706296,0.9283677302769233,0.42348665714263917,0.7623815012935053,0.8607694670640379,62.12241864204407,0.14213364876806736,0.07603794738650321,0.08833187505602837,0.09432500220835209,0.14213364876806736,0.7027567219734192,0.1724122568964958,0.2884864324331284,0.09714381203055382,0.0911703261733055,0.1724122568964958,0.6319989168643951,1.369333028793335,1.0616594552993774,1.5769599676132202,1.8206578493118286,2.0305593013763428,1.0594731569290161,1.8031010627746582,3.538499355316162,0.9276068806648254,0.8552088141441345,3.1547985076904297,0.7818758487701416
230,0.0001,0.14205021306872367,0.930771079733419,0.43547994643449783,0.7533517549394547,0.8546349735249652,66.24883556365967,0.14282131388783456,0.07518241625279189,0.08957646854221821,0.09248531796038151,0.14282131388783456,0.6981299486756325,0.17768650591373444,0.284055712223053,0.07258650109171867,0.09325354933738708,0.17768650591373444,0.6059799265861511,1.3677557706832886,1.059330940246582,1.5781517028808594,1.811126708984375,2.029604196548462,1.0607234239578247,1.8132009506225586,3.536348581314087,0.9284048080444336,0.8497697114944458,3.149580240249634,0.7825433611869812
231,0.0001,0.13504466600716114,0.9333307559363762,0.43246642768383026,0.7543771673394809,0.8551270259169641,61.59700655937195,0.13531193286180496,0.07353217009454965,0.08696436263620853,0.09320539832115174,0.13531193286180496,0.7111893767118453,0.1717674234509468,0.27634997308254244,0.07880293145775795,0.09062564641237258,0.1717674234509468,0.6169038832187652,1.3629844188690186,1.0600125789642334,1.578944206237793,1.813789963722229,2.0301473140716553,1.0616176128387451,1.8077397346496582,3.5293519496917725,0.927517831325531,0.8445764780044556,3.144641876220703,0.7833266854286194
232,0.0001,0.1423506724834442,0.9278693957192081,0.4234940254688263,0.767149775474103,0.8643713506905902,66.13191151618958,0.14164297439157963,0.07609718274325132,0.08888034090399742,0.09172294057905674,0.14164297439157963,0.6957060167193413,0.1701890003681183,0.28827040195465087,0.1060185718536377,0.09095403373241424,0.1701890003681183,0.6375696790218354,1.3638648986816406,1.0590853691101074,1.5807476043701172,1.800864338874817,2.029510974884033,1.0623937845230103,1.7960807085037231,3.523052215576172,0.9279534220695496,0.83384108543396,3.145787239074707,0.7842078804969788
233,0.0001,0.13923305697739125,0.9305197903121958,0.4205831444263458,0.7530729286178118,0.8544854850853263,61.891101121902466,0.140882795676589,0.07444013275206089,0.08892952643334866,0.09163927510380745,0.140882795676589,0.7066596332192421,0.16788726091384887,0.2717273861169815,0.0775832599401474,0.0919949072599411,0.16788726091384887,0.6220365345478058,1.360948085784912,1.058911681175232,1.5822679996490479,1.7946317195892334,2.028409719467163,1.063530683517456,1.7926914691925049,3.524057388305664,0.9279138445854187,0.8326486945152283,3.1472489833831787,0.7843117117881775
234,0.0001,0.14283593982458115,0.9256800429653907,0.39676143527030944,0.7744774521128645,0.8680098816846719,60.66114354133606,0.1369075656682253,0.07802896555513143,0.08619286090135575,0.09278262808918952,0.1369075656682253,0.7091953784227372,0.17047962576150893,0.25435192912817,0.09039928987622262,0.09296340107917786,0.17047962576150893,0.6427951920032501,1.3639997243881226,1.059105634689331,1.5829156637191772,1.7999014854431152,2.0262887477874756,1.0645108222961426,1.7904337644577026,3.5227694511413574,0.9284519553184509,0.8259637951850891,3.1408450603485107,0.7850555777549744
235,0.0001,0.13390984132885933,0.9325587876957219,0.409765727519989,0.7616922140780722,0.8598282269038847,62.997984886169434,0.1376091592758894,0.07065637618303298,0.08757996782660485,0.0927150560170412,0.1376091592758894,0.709552635550499,0.17198873430490494,0.2567953827977181,0.0821621236205101,0.09166476517915725,0.17198873430490494,0.6200216519832611,1.3583647012710571,1.0549641847610474,1.5831191539764404,1.7942287921905518,2.0236971378326416,1.0650990009307861,1.7976683378219604,3.5204403400421143,0.9296445846557617,0.8221938610076904,3.1371450424194336,0.7852711081504822
236,0.0001,0.1366295550018549,0.9321938684197582,0.42752065777778625,0.7565009327726119,0.8562215677172386,65.53721928596497,0.13947268329560758,0.07306531213223934,0.08785127323120832,0.09165600515902042,0.13947268329560758,0.7021546533703804,0.17174017637968064,0.28060068652033804,0.10249472290277481,0.087612684071064,0.17174017637968064,0.6379499232769013,1.358889102935791,1.0550193786621094,1.5840774774551392,1.7949484586715698,2.0216028690338135,1.066698431968689,1.7999204397201538,3.5214734077453613,0.9309786558151245,0.8112315535545349,3.131007671356201,0.7857298254966736
237,0.0001,0.13265365831553935,0.9347789379190995,0.3956161606311798,0.7661854444613767,0.8628054730860947,63.788265228271484,0.1375535261631012,0.07098400261253118,0.08762897700071334,0.09324616327881813,0.1375535261631012,0.7126765441894531,0.1704582816362381,0.24325882017612457,0.07840370699763298,0.09032563716173173,0.1704582816362381,0.6238758838176728,1.3618193864822388,1.0536117553710938,1.5853478908538818,1.792510747909546,2.0192458629608154,1.0681488513946533,1.7951396703720093,3.517364025115967,0.9315822124481201,0.8071060180664062,3.130864143371582,0.7863381505012512
238,0.0001,0.138946316242218,0.9315168494776185,0.3953332608938217,0.761488960498817,0.8603112420795637,59.170138120651245,0.13920407861471176,0.07649114858359099,0.08702316474169493,0.09356168769299984,0.13920407861471176,0.7117477309703827,0.1728745809197426,0.24452250853180885,0.08870967954397202,0.09476689159870148,0.1728745809197426,0.6268266105651855,1.3616254329681396,1.05631422996521,1.586094856262207,1.7946017980575562,2.0208001136779785,1.0699470043182373,1.788219928741455,3.5068163871765137,0.9321406483650208,0.8054690361022949,3.124448537826538,0.7875614166259766
239,0.0001,0.13149613462388515,0.9357314449757155,0.40056826680898666,0.7676543867861808,0.8641750742875199,65.07617092132568,0.13688548177480697,0.07017307154834271,0.08538491360843181,0.09274920023977756,0.13688548177480697,0.7061291766166687,0.1648645892739296,0.2575260880589485,0.09773743450641632,0.08890407383441926,0.1648645892739296,0.6413676166534423,1.3563278913497925,1.0529087781906128,1.5873701572418213,1.7833061218261719,2.0165200233459473,1.0705211162567139,1.781541347503662,3.505922555923462,0.9316626787185669,0.8033890724182129,3.1204264163970947,0.7888154983520508
240,0.0001,0.14064184077084063,0.9264930835377256,0.4992206823825836,0.7250404725914162,0.8356438140028498,61.032511949539185,0.14061928808689117,0.07522538106888532,0.08615615271031857,0.09209681518375873,0.14061928808689117,0.709338051378727,0.17418801844120024,0.34666989773511886,0.09509852185845374,0.08683239698410034,0.17418801844120024,0.623665337562561,1.3535767793655396,1.053991675376892,1.5882047414779663,1.7793407440185547,2.020658254623413,1.0717092752456665,1.770378589630127,3.5061776638031006,0.9334300756454468,0.8002118468284607,3.1191554069519043,0.7890620827674866
241,0.0001,0.13549221910536288,0.9323969695968678,0.41805330604314805,0.7553426409947391,0.8557119309240879,64.96207475662231,0.13917183712124825,0.0731150358170271,0.0866129694879055,0.09170493505895137,0.13917183712124825,0.7046490594744682,0.17285468220710754,0.2639579798281193,0.07786697536706924,0.08917269825935364,0.17285468220710754,0.6139267349243164,1.350978970527649,1.0554752349853516,1.588890552520752,1.781546711921692,2.016231060028076,1.0726451873779297,1.7676448822021484,3.505200147628784,0.93452388048172,0.7976487278938293,3.116117000579834,0.7891427278518677
242,0.0001,0.13899941109120845,0.9284404267080815,0.4184172317385674,0.7594581799840837,0.8585809332806269,63.559574365615845,0.13845623709261418,0.07433867216110229,0.08619132995605469,0.09161062642931939,0.13845623709261418,0.7082786390185356,0.1722225084900856,0.2702759274840355,0.07510032519698143,0.092203169465065,0.1722225084900856,0.6204677677154541,1.3504033088684082,1.0544500350952148,1.5900623798370361,1.7784403562545776,2.0161049365997314,1.0740236043930054,1.7606669664382935,3.4986283779144287,0.9349571466445923,0.8006378412246704,3.115419626235962,0.7896379232406616
243,0.0001,0.1320796423405409,0.9350901499708228,0.40858740597963333,0.7691809021898404,0.864850934294655,60.49306607246399,0.1372343087941408,0.07112180639058352,0.08567589543759822,0.09109878942370414,0.1372343087941408,0.7098849812150001,0.16881831169128417,0.2581550434231758,0.07552090704441071,0.09102352052927017,0.16881831169128417,0.6269018673896789,1.3497717380523682,1.0526456832885742,1.5913439989089966,1.779211163520813,2.0157713890075684,1.0747929811477661,1.766854166984558,3.4994590282440186,0.9355297088623047,0.8000804781913757,3.1108205318450928,0.7896807789802551
244,0.0001,0.12917199350893496,0.9358729778144245,0.4552326720952988,0.7523079971380159,0.8534800632498657,64.32858633995056,0.1345940563827753,0.06873305734246969,0.08594746321439743,0.09173924721777439,0.1345940563827753,0.7151922768354416,0.17065307050943374,0.3032296073436737,0.07595029830932618,0.09072015523910522,0.17065307050943374,0.6237749910354614,1.3474599123001099,1.0520235300064087,1.5919667482376099,1.7724878787994385,2.0150296688079834,1.0752991437911987,1.7555227279663086,3.4963834285736084,0.9365701079368591,0.794257402420044,3.1095354557037354,0.7902148962020874
245,0.0001,0.12948477134108544,0.9374097763438809,0.41210947155952454,0.7686143726998739,0.8640283715181261,64.9561128616333,0.1352695121616125,0.06889386054128409,0.08529385104775429,0.09147960655391216,0.1352695121616125,0.7192299076914788,0.1697192507982254,0.2782369697093964,0.10151291087269783,0.0897878086566925,0.1697192507982254,0.6418429017066956,1.3431743383407593,1.049837350845337,1.5924015045166016,1.7675107717514038,2.0148138999938965,1.0773184299468994,1.7568439245224,3.489849328994751,0.9374741315841675,0.7881683707237244,3.1033647060394287,0.7910658717155457
246,0.0001,0.13342887707054615,0.9335173381713703,0.42341923624277117,0.7570471705929027,0.8569575925213638,60.78713512420654,0.13351598665118217,0.0728554442897439,0.0854732171446085,0.09077058687806129,0.13351598665118217,0.7186482530832291,0.17153539538383483,0.2730672374367714,0.07348323568701744,0.09237385630607604,0.17153539538383483,0.6266309106349945,1.3417528867721558,1.0500565767288208,1.5932459831237793,1.7721726894378662,2.017225503921509,1.0777193307876587,1.7543280124664307,3.4900364875793457,0.9378516674041748,0.7854197025299072,3.106600046157837,0.790908932685852
247,0.0001,0.13072929538786413,0.9357392720006846,0.4544301027059555,0.7349342187818914,0.8412067155375033,63.966522455215454,0.13594050623476506,0.07076614227145911,0.0854839076474309,0.09063033513724804,0.13594050623476506,0.711776836514473,0.17080216199159623,0.3042822802066803,0.08769711822271348,0.08965051114559174,0.17080216199159623,0.6239116442203522,1.3388630151748657,1.0505096912384033,1.594258427619934,1.77128267288208,2.0181045532226562,1.0793896913528442,1.7567614316940308,3.485705852508545,0.9382371306419373,0.7789831757545471,3.101163625717163,0.7911524772644043
248,0.0001,0.14216177374124528,0.9279248591098955,0.45010207772254945,0.7503073891930484,0.8525424233533263,64.59534525871277,0.1367413564771414,0.07650614522397518,0.08555163748562336,0.09133864395320415,0.1367413564771414,0.7117886102199554,0.17533257156610488,0.2925968188047409,0.07380750060081481,0.090603207051754,0.17533257156610488,0.6162870061397553,1.342292308807373,1.0547232627868652,1.5947703123092651,1.7789764404296875,2.016322612762451,1.0798226594924927,1.7586143016815186,3.48323917388916,0.9407643675804138,0.7797296047210693,3.1024670600891113,0.7923200726509094
249,0.0001,0.1281041517108679,0.9384216540369903,0.4425796753168106,0.7603088173606806,0.8594417958214011,63.76983690261841,0.1348813132941723,0.06843963045626879,0.0846289361640811,0.09068026743829251,0.1348813132941723,0.7170035865902901,0.16464097827672958,0.3048190239071846,0.08574258714914322,0.09169660747051239,0.16464097827672958,0.6407462465763092,1.337789535522461,1.0536490678787231,1.595887541770935,1.768285870552063,2.015058994293213,1.08039391040802,1.7512952089309692,3.477943181991577,0.9409685730934143,0.7746891975402832,3.097569704055786,0.7930364608764648
250,0.0001,0.13035690359771251,0.9344763241319733,0.40460792899131776,0.773649216215659,0.8683881055978805,60.54322552680969,0.13587749749422073,0.06972793586552144,0.08565309669822455,0.0901457429677248,0.13587749749422073,0.7123558306694031,0.16456745952367782,0.2719712781906128,0.0995507150888443,0.09076540350914002,0.16456745952367782,0.6511332511901855,1.33786940574646,1.0529364347457886,1.5966256856918335,1.7588818073272705,2.0106699466705322,1.0808804035186768,1.7430710792541504,3.47377347946167,0.9411291480064392,0.7711070775985718,3.090651750564575,0.7938803434371948
251,0.0001,0.12498863473534584,0.9395565978095903,0.40591071963310243,0.7757931387970031,0.8695311736462845,62.15216517448425,0.13179508596658707,0.06679656244814396,0.08294900290668011,0.08972017429769039,0.13179508596658707,0.7185006374120713,0.16794803231954575,0.2610874980688095,0.07425880745053291,0.09007595121860504,0.16794803231954575,0.6304728722572327,1.3326691389083862,1.0513358116149902,1.5972965955734253,1.7565035820007324,2.0098695755004883,1.081751823425293,1.7433894872665405,3.469794273376465,0.941585898399353,0.7648639678955078,3.084225654602051,0.7942368984222412
252,0.0001,0.12854922689497472,0.9377482884460068,0.43070995032787324,0.7639715939772728,0.8615492704326415,61.38215160369873,0.13255950316786766,0.06927143592387437,0.08618518326431512,0.09055031679570674,0.13255950316786766,0.7204619669914245,0.16680457890033723,0.2884549054503441,0.08944491699337959,0.0876271140575409,0.16680457890033723,0.6398357439041138,1.3366934061050415,1.0507560968399048,1.5980048179626465,1.758570909500122,2.010805368423462,1.0820313692092896,1.7367165088653564,3.4659554958343506,0.9426990151405334,0.7660205960273743,3.078913927078247,0.7946558594703674
253,0.0001,0.13171306669712066,0.9350951990169825,0.42705491185188293,0.7604251788160004,0.8594806904014619,57.04490089416504,0.13799845971167088,0.06975825309753418,0.0846081529557705,0.08979248374700546,0.13799845971167088,0.7051000589132309,0.16284629493951797,0.29118826538324355,0.09878545045852662,0.08813479721546173,0.16284629493951797,0.6466764843463898,1.3336095809936523,1.0499567985534668,1.599530816078186,1.7554969787597656,2.0108861923217773,1.0824284553527832,1.7437998056411743,3.4664998054504395,0.9433126449584961,0.7618128061294556,3.082958459854126,0.7946284413337708
254,0.0001,0.13069179438054562,0.9356642611150658,0.40323211669921877,0.7717366036088897,0.8666694777245668,63.96871471405029,0.13398659557104112,0.07027822732925415,0.08401635579764843,0.09026594460010529,0.13398659557104112,0.7175762486457825,0.16690816342830658,0.25692848235368726,0.0785754917562008,0.08968319177627564,0.16690816342830658,0.6318891763687133,1.3302973508834839,1.0493474006652832,1.600344181060791,1.7477903366088867,2.0086798667907715,1.082947850227356,1.7391735315322876,3.4596266746520996,0.9429532885551453,0.7618581652641296,3.073354959487915,0.7951809167861938
255,0.0001,0.12658765859901905,0.9393336800411519,0.38289144277572634,0.7837174431320642,0.8750792779802868,64.1081714630127,0.13105073913931847,0.06803295940160752,0.08400304988026619,0.09052277341485024,0.13105073913931847,0.7272648656368256,0.1669005572795868,0.253514983355999,0.0887286077439785,0.08814110457897187,0.1669005572795868,0.6448661983013153,1.329768419265747,1.0486724376678467,1.6010146141052246,1.7445955276489258,2.0075738430023193,1.0836513042449951,1.7331093549728394,3.4583065509796143,0.9426320195198059,0.7558888792991638,3.066434144973755,0.7955556511878967
256,0.0001,0.1264681838452816,0.9395008290592078,0.4162463563680649,0.7717456625440293,0.8663900972196474,64.38160133361816,0.13026322454214095,0.06842890473082662,0.08272008635103703,0.08999487951397896,0.13026322454214095,0.7246255043148995,0.1621030044555664,0.2813218328356743,0.08509569883346557,0.08599105030298233,0.1621030044555664,0.645341545343399,1.3259391784667969,1.0488845109939575,1.602063775062561,1.7448911666870117,2.0048539638519287,1.0840901136398315,1.7244584560394287,3.452807903289795,0.943322479724884,0.7530084848403931,3.058488607406616,0.7956743836402893
257,0.0001,0.12783173345029353,0.9361524966668988,0.42544040977954867,0.7614957601768694,0.8597069930652482,58.45241689682007,0.1331872257590294,0.06922902390360833,0.08185750480741262,0.08978801891207695,0.1331872257590294,0.7144590234756469,0.16598005533218385,0.28117798537015914,0.09635241419076919,0.0870071929693222,0.16598005533218385,0.6504575943946839,1.3236693143844604,1.0498136281967163,1.602872371673584,1.745121955871582,2.0085301399230957,1.0848197937011719,1.7286993265151978,3.453150510787964,0.9440150260925293,0.748081386089325,3.0498111248016357,0.795478105545044
258,0.0001,0.12956648491322995,0.9357249897970018,0.4428777188062668,0.7545302541657871,0.8551406169148871,56.08301520347595,0.13151577107608317,0.06921327877789736,0.08294693045318127,0.08972676992416381,0.13151577107608317,0.7228102153539657,0.1753237161040306,0.29470133244991303,0.09582040905952453,0.08177262097597122,0.1753237161040306,0.6192679846286774,1.3205921649932861,1.0477192401885986,1.6035337448120117,1.74783194065094,2.010868549346924,1.085699439048767,1.7416778802871704,3.455930709838867,0.9449471235275269,0.742268979549408,3.0536558628082275,0.7965437769889832
259,0.0001,0.1324375831335783,0.9318439642235381,0.4129385742545128,0.7676310816851273,0.864075779517036,58.71125793457031,0.13271298438310622,0.07206915099173784,0.08403676964342593,0.08954688914120197,0.13271298438310622,0.7179904997348785,0.18063278287649154,0.27471764624118805,0.10741800636053085,0.08497388482093811,0.18063278287649154,0.6272644293308258,1.3221962451934814,1.0491611957550049,1.604560375213623,1.7433547973632812,2.011751413345337,1.0862538814544678,1.734262228012085,3.45072603225708,0.9471614360809326,0.7412217259407043,3.0498294830322266,0.796887993812561
260,0.0001,0.1349044568091631,0.9326115520270188,0.4308148318529129,0.754006528569694,0.8543478319268936,60.485820055007935,0.1344327098876238,0.0715723168104887,0.08454189352691173,0.09004292957484722,0.1344327098876238,0.71798719227314,0.1722006866335869,0.2840411669015884,0.08160819545388222,0.08961547255516052,0.1722006866335869,0.6346624517440795,1.3235173225402832,1.0484123229980469,1.6053822040557861,1.7378233671188354,2.01254940032959,1.0870811939239502,1.7282872200012207,3.4491782188415527,0.9476475119590759,0.7446504235267639,3.0537092685699463,0.7970806360244751
261,0.0001,0.12856860436499118,0.9353888467976949,0.4484181922674179,0.7497075382993138,0.8522043566527978,58.04417014122009,0.1327438035607338,0.06974930349737406,0.08344963531941176,0.0894970815628767,0.1327438035607338,0.7181334561109542,0.16864528864622116,0.30009803384542466,0.07544171616435051,0.08922553330659866,0.16864528864622116,0.6267176079750061,1.3208998441696167,1.048264741897583,1.6061878204345703,1.7320973873138428,2.0112085342407227,1.0878045558929443,1.7246533632278442,3.4518580436706543,0.9489577412605286,0.742843508720398,3.056025266647339,0.7973867058753967
262,0.0001,0.12822061523795128,0.9364945217029159,0.42127823293209077,0.76554674908313,0.8628743314758053,55.459659814834595,0.13583732970058918,0.0681483782455325,0.08398464567959309,0.08990520738065243,0.13583732970058918,0.7100345164537429,0.1627347233891487,0.2789008542895317,0.08263112023472786,0.08851801663637161,0.1627347233891487,0.6416951930522918,1.3243563175201416,1.0460630655288696,1.6071237325668335,1.731327772140503,2.0113627910614014,1.0883395671844482,1.7207365036010742,3.448786497116089,0.9480733275413513,0.7414862513542175,3.0453314781188965,0.7970860004425049
263,0.0001,0.1264944514632225,0.9394909308747834,0.41677071154117584,0.7603436906245347,0.8582991783062184,60.336408853530884,0.13109802231192588,0.0686269460991025,0.08275949764996766,0.08990213945508004,0.13109802231192588,0.7197801768779755,0.18065986067056655,0.25852166175842284,0.06961108148097991,0.08613314718008042,0.18065986067056655,0.6100052464008331,1.3218296766281128,1.0472055673599243,1.6078537702560425,1.726000428199768,2.0084586143493652,1.0893200635910034,1.7137025594711304,3.4450247287750244,0.9483927488327026,0.7377013564109802,3.047989845275879,0.7978869080543518
264,0.0001,0.1266220697760582,0.9390348592490599,0.4202082821726799,0.7650474704885041,0.8619774572184044,57.2008900642395,0.13163378313183785,0.0682159635797143,0.08255003347992897,0.08935919977724552,0.13163378313183785,0.7236224335432052,0.16819701671600343,0.27367414891719816,0.07204055503010749,0.09013970971107482,0.16819701671600343,0.6383837163448334,1.3238036632537842,1.0463593006134033,1.6088756322860718,1.7330676317214966,2.0105085372924805,1.0901241302490234,1.7130682468414307,3.443408727645874,0.9492791295051575,0.7348101735115051,3.050661325454712,0.7985716462135315
265,0.0001,0.125189693197608,0.9397016896582296,0.41650076031684874,0.7711423228131581,0.8659511164063808,61.81170439720154,0.1321707596629858,0.06757377032190562,0.08354532610625029,0.08886161990463734,0.1321707596629858,0.720456976890564,0.16144163519144059,0.2812327392399311,0.08492755949497223,0.09022487074136734,0.16144163519144059,0.656350907087326,1.32008957862854,1.0452065467834473,1.609505534172058,1.7289012670516968,2.0094072818756104,1.091123104095459,1.7137821912765503,3.4397199153900146,0.9491205215454102,0.7352031469345093,3.0448172092437744,0.799187183380127
266,0.0001,0.122860576659441,0.9412455036331935,0.4222970640659332,0.7718401927793956,0.8661048225630433,59.047436237335205,0.1308740657567978,0.06589211095124484,0.0823276797682047,0.08922292552888393,0.1308740657567978,0.7266615518927574,0.16244884341955185,0.28366284281015397,0.07997114151716232,0.08826635360717773,0.16244884341955185,0.6452600693702698,1.3202067613601685,1.0443302392959595,1.6098967790603638,1.7250967025756836,2.0064265727996826,1.0915520191192627,1.712131142616272,3.4368863105773926,0.9488539099693298,0.7329404950141907,3.039354085922241,0.7990920543670654
267,0.0001,0.1201824239641428,0.9437480489220934,0.4206294494867325,0.7690551207327971,0.8642055427014091,61.09116339683533,0.12940493308007717,0.06447050392627716,0.08056350681930781,0.0891098865866661,0.12940493308007717,0.7309705308079719,0.1642583528161049,0.2941557714343071,0.10137453079223632,0.0870466610789299,0.1642583528161049,0.6498070216178894,1.316418170928955,1.0432220697402954,1.6105983257293701,1.7202602624893188,2.006746768951416,1.0923594236373901,1.7070308923721313,3.4357798099517822,0.9492373466491699,0.7348466515541077,3.036543846130371,0.7994539141654968
268,0.0001,0.12060661531984807,0.942474000425889,0.4129193478822708,0.7759545977571561,0.8691683206105343,60.0365514755249,0.13293202675879,0.06422772236168385,0.08256888635456562,0.08858973979949951,0.13293202675879,0.7239337125420571,0.16569864600896836,0.2876098617911339,0.1005003970861435,0.08487910389900208,0.16569864600896836,0.6458122956752778,1.3157328367233276,1.0426169633865356,1.611358404159546,1.717309832572937,2.004770278930664,1.0926592350006104,1.705733060836792,3.434353828430176,0.9496469497680664,0.731184184551239,3.033581018447876,0.7993848323822021
269,0.0001,0.12042492866516114,0.9436946800257003,0.3946071019768715,0.7765703631870177,0.8695365192820286,63.83777737617493,0.12957652121782304,0.06437475118786097,0.08239406980574131,0.08879070140421391,0.12957652121782304,0.7240778291225434,0.16495294064283372,0.25543062210083006,0.07587175399065017,0.08713333308696747,0.16495294064283372,0.631567622423172,1.3140074014663696,1.0407253503799438,1.612130880355835,1.712768793106079,2.0041799545288086,1.0934427976608276,1.6980600357055664,3.430572271347046,0.9497815370559692,0.72632896900177,3.032597780227661,0.7997166514396667
270,0.0001,0.1187118198722601,0.943738236760796,0.4128449088335037,0.7767166438082773,0.8695591978829847,61.31511211395264,0.12926379919052125,0.06393172647804021,0.0813557568192482,0.08895142458379268,0.12926379919052125,0.7318213546276092,0.16382350772619247,0.2817411477863789,0.09637910574674606,0.08699782311916351,0.16382350772619247,0.6476760494709015,1.3118077516555786,1.0393524169921875,1.612982153892517,1.7111799716949463,2.004983425140381,1.0945018529891968,1.6937756538391113,3.4285197257995605,0.9495403170585632,0.7236270308494568,3.0301194190979004,0.7995125651359558
271,0.0001,0.11872709423303604,0.9444386044348865,0.42620775282382967,0.7669015402257756,0.86328095471428,59.18586850166321,0.1311009743064642,0.0634502761811018,0.08314477525651455,0.08841677643358707,0.1311009743064642,0.7266469448804855,0.16910952657461167,0.2890209695696831,0.10086073368787765,0.08636989235877991,0.16910952657461167,0.6516964244842529,1.3112072944641113,1.0378942489624023,1.6139647960662842,1.7080965042114258,2.0016472339630127,1.0950422286987305,1.6876866817474365,3.4242782592773438,0.9495998024940491,0.7236956357955933,3.024090051651001,0.7992634773254395
272,0.0001,0.1167538346350193,0.9446758322464208,0.40537150293588636,0.7776788995179947,0.8705984806934682,62.71841049194336,0.1282861381024122,0.06326199660077692,0.08229981277137995,0.08873308412730693,0.1282861381024122,0.7283610510826111,0.1636090871691704,0.26793367847800253,0.07893850177526474,0.0883792832493782,0.1636090871691704,0.6439323031902313,1.3090407848358154,1.0368627309799194,1.6148040294647217,1.707364559173584,1.9993259906768799,1.0954633951187134,1.680528163909912,3.4194908142089844,0.9504250288009644,0.722548246383667,3.017296314239502,0.80043625831604
273,0.0001,0.11954581432044506,0.9429023477581328,0.427266047000885,0.7667265073977932,0.8635524266646175,62.07948541641235,0.12961477145552636,0.06411411123350262,0.08173784032464028,0.0886899123340845,0.12961477145552636,0.7260987287759781,0.16325471341609954,0.29829203218221667,0.09918911069631577,0.08631512343883514,0.16325471341609954,0.6527363920211792,1.3099963665008545,1.0352407693862915,1.6154146194458008,1.7034498453140259,1.9988386631011963,1.0961978435516357,1.6782158613204956,3.4195170402526855,0.9512583613395691,0.7179264426231384,3.0131468772888184,0.8008051514625549
274,0.0001,0.12058706901967525,0.9425010258273698,0.4100517791509628,0.7712762635774277,0.8667920867861131,59.522573947906494,0.12989431403577328,0.06530977023765444,0.08197087809443473,0.08887232027947903,0.12989431403577328,0.7238942191004754,0.1607413524389267,0.276880074441433,0.08532225787639618,0.08872550129890441,0.1607413524389267,0.6556334590911865,1.3118045330047607,1.0353857278823853,1.6156978607177734,1.7008436918258667,1.9972641468048096,1.0970075130462646,1.6725419759750366,3.4178194999694824,0.9510645270347595,0.7123227119445801,3.0099189281463623,0.800754964351654
275,0.0001,0.12013810992240906,0.9429704265065149,0.40287517666816713,0.7713578255524537,0.8665889783150708,58.903849840164185,0.13231807582080365,0.06449804335832596,0.0823916256427765,0.0888645701110363,0.13231807582080365,0.7247491583228112,0.16401933163404464,0.2570196013152599,0.0733744615316391,0.08939239501953125,0.16401933163404464,0.642658474445343,1.3108503818511963,1.035231590270996,1.616486668586731,1.6999425888061523,1.9949020147323608,1.097354531288147,1.6706418991088867,3.4147164821624756,0.9512182474136353,0.7075260877609253,3.004472494125366,0.8010120987892151
276,0.0001,0.12157171472907066,0.9419996126293891,0.42947707772254945,0.7652858809875944,0.8622903958983399,61.90122318267822,0.13216087877750396,0.06514340065419674,0.08171018585562706,0.08853879861533642,0.13216087877750396,0.723382499217987,0.1577858132123947,0.29448099970817565,0.0850459498167038,0.08845756500959397,0.1577858132123947,0.6598763871192932,1.3099485635757446,1.0332067012786865,1.6171611547470093,1.6994601488113403,1.99363374710083,1.0977545976638794,1.6730619668960571,3.411468744277954,0.9513052105903625,0.7036772966384888,3.0010764598846436,0.8013178110122681
277,0.0001,0.11899497933685779,0.9438409027880225,0.4340154957771301,0.764805943429081,0.8620076025799054,61.52871012687683,0.12899274460971355,0.06397406995296478,0.08150131527334452,0.08872617460787297,0.12899274460971355,0.7258755189180374,0.16730420008301736,0.2853163260221481,0.07129036590456962,0.08820213168859482,0.16730420008301736,0.6379093456268311,1.30862557888031,1.0317509174346924,1.6176623106002808,1.693711280822754,1.989461898803711,1.0982218980789185,1.6734991073608398,3.406862735748291,0.9516937136650085,0.7029713988304138,2.988640785217285,0.801393985748291
278,0.0001,0.11889992512762547,0.9434144977277896,0.42547677487134933,0.7659578146064366,0.8629559747440466,60.812694787979126,0.12638302385807038,0.06426463276147842,0.08009797941893339,0.0884339240938425,0.12638302385807038,0.730095266699791,0.16788664072752,0.27646713078022,0.0699965488910675,0.08792114228010178,0.16788664072752,0.6338049721717834,1.3058258295059204,1.0310925245285034,1.618299961090088,1.6903856992721558,1.9874334335327148,1.0985722541809082,1.6733176708221436,3.4024178981781006,0.9513548612594604,0.7019959092140198,2.9854280948638916,0.8014233708381653
279,0.0001,0.11715464495122432,0.9446578890330148,0.40497895240783693,0.7761315698985158,0.8692575148009092,64.49410772323608,0.12891687497496604,0.06305586155503988,0.08174543090164661,0.08855311825871467,0.12891687497496604,0.7208373847603798,0.16256630316376686,0.26211328685283664,0.0772481806576252,0.08668214172124862,0.16256630316376686,0.6450253820419312,1.3043487071990967,1.030739188194275,1.6182557344436646,1.6891601085662842,1.9840764999389648,1.0996205806732178,1.6700873374938965,3.396129846572876,0.9522024393081665,0.6995995044708252,2.9816830158233643,0.802169919013977
280,0.0001,0.11626093238592147,0.9443391192921318,0.409260476231575,0.7727610317633491,0.8668378687204675,58.38577580451965,0.1255625634640455,0.06351953137665987,0.07978778049349784,0.0882846773415804,0.1255625634640455,0.7330395871400833,0.16908510118722916,0.26974284708499907,0.0898047223687172,0.0869381794333458,0.16908510118722916,0.6500280559062958,1.3013429641723633,1.0309288501739502,1.6192775964736938,1.6863662004470825,1.983925700187683,1.1000853776931763,1.6659088134765625,3.392263174057007,0.9526061415672302,0.695635974407196,2.974773406982422,0.8023853302001953
281,0.0001,0.11585497654974461,0.9458996893053484,0.4056405237317085,0.7701673030943199,0.8653243557481552,56.89944815635681,0.12786243699491023,0.06266202393919229,0.08045413076877594,0.0883675318211317,0.12786243699491023,0.7319576871395111,0.1618683749437332,0.267383708357811,0.08025863960385322,0.08801058918237686,0.1618683749437332,0.6491906762123107,1.2981010675430298,1.0313408374786377,1.6197936534881592,1.6883388757705688,1.9789814949035645,1.1006313562393188,1.663981318473816,3.387742757797241,0.9524617195129395,0.6914721727371216,2.969370126724243,0.8023467063903809
282,0.0001,0.11854552567005157,0.9431541511445687,0.4123432606458664,0.7758637591223949,0.868830878373691,57.97828912734985,0.12802792057394982,0.06360488705337047,0.07919757589697837,0.08847722448408604,0.12802792057394982,0.7294730907678604,0.1712385068833828,0.2626994124054909,0.07026534378528596,0.08743066906929016,0.1712385068833828,0.6332907116413117,1.296739101409912,1.0303932428359985,1.620111346244812,1.6876641511917114,1.9812707901000977,1.101506233215332,1.6608330011367798,3.3816237449645996,0.9526777863502502,0.6883779168128967,2.965118169784546,0.8028729557991028
283,0.0001,0.12004874803125859,0.9421254236102239,0.4119298779964447,0.7783470927593088,0.8712309931656443,62.42355418205261,0.12859925910830497,0.06572086241096259,0.08132752411067486,0.08795595154166222,0.12859925910830497,0.7243667459487915,0.1640629754960537,0.2786948676407337,0.07650746569037438,0.08837840855121612,0.1640629754960537,0.643064329624176,1.2971400022506714,1.0307036638259888,1.6204696893692017,1.688202977180481,1.980932593345642,1.1018545627593994,1.6512199640274048,3.3788883686065674,0.9527087807655334,0.6867205500602722,2.961850881576538,0.8028362989425659
284,0.0001,0.1174261675029993,0.9445200560761671,0.4005654847621918,0.7764041353898036,0.8697760794956971,66.43314957618713,0.12666900284588337,0.06312322694808245,0.0801540344953537,0.08705156609416008,0.12666900284588337,0.7299604952335358,0.16262283861637117,0.26128032356500625,0.07446063905954362,0.08748449385166168,0.16262283861637117,0.6456185913085938,1.294972538948059,1.0311225652694702,1.6209661960601807,1.6883635520935059,1.9794636964797974,1.1027259826660156,1.6576025485992432,3.3797459602355957,0.9532499313354492,0.6829797029495239,2.9593305587768555,0.8024869561195374
285,0.0001,0.11703246593475342,0.944042146034585,0.41898477673530576,0.7743366551121034,0.8685235952473436,67.85823345184326,0.12812311008572577,0.06318843685090542,0.08002010248601436,0.08715780183672905,0.12812311008572577,0.7284804865717888,0.16249578416347504,0.28226040571928024,0.079290861338377,0.08624805450439453,0.16249578416347504,0.6466728568077087,1.2935142517089844,1.0304135084152222,1.6210983991622925,1.6892168521881104,1.9791418313980103,1.1032603979110718,1.658592700958252,3.3814525604248047,0.953199028968811,0.6861026883125305,2.956967830657959,0.8030340671539307
286,0.0001,0.13138654366135596,0.9362946623817286,0.4425653380155563,0.7481161904779832,0.8505731816805525,60.049593687057495,0.12926020819693804,0.07341557987034321,0.0819301389157772,0.08645341403782368,0.12926020819693804,0.7274892181158066,0.16430340886116027,0.3056421718001366,0.08780047446489334,0.08565850883722305,0.16430340886116027,0.6460506808757782,1.2942949533462524,1.0328099727630615,1.6215572357177734,1.6904422044754028,1.9802932739257812,1.1038036346435547,1.6466811895370483,3.377559185028076,0.9542762637138367,0.6854426264762878,2.9608302116394043,0.8035967350006104
287,0.0001,0.12069606341421604,0.9412580438313171,0.4091232246160507,0.7691070155106168,0.8650007619404008,58.042189836502075,0.12975960195064545,0.06470424890518188,0.081379897557199,0.08702055372297764,0.12975960195064545,0.7263175141811371,0.16263942718505858,0.27579004257917406,0.0912774546444416,0.08509150117635728,0.16263942718505858,0.6489764297008515,1.2973066568374634,1.0326217412948608,1.62278151512146,1.6878700256347656,1.9826022386550903,1.1050745248794556,1.6461565494537354,3.378476858139038,0.9547934532165527,0.6875649094581604,2.9545795917510986,0.8039626479148865
288,0.0001,0.12056604698300362,0.9414153771087831,0.41672778487205503,0.7738783257344589,0.8677927848487562,58.362180948257446,0.1289485915005207,0.06482609927654266,0.0807050397619605,0.08715445294976235,0.1289485915005207,0.7279146829247475,0.16980267494916915,0.2815098184347153,0.08112014144659042,0.08726312905550003,0.16980267494916915,0.6416766667366027,1.2994542121887207,1.0339235067367554,1.622938871383667,1.6855809688568115,1.9796823263168335,1.1058242321014404,1.6454401016235352,3.379147529602051,0.9550549983978271,0.6864900588989258,2.9550323486328125,0.804869532585144
289,0.0001,0.11883390337228775,0.9421054585579359,0.4036072278022766,0.779852692626124,0.8730259521787345,56.88657093048096,0.1291276018321514,0.0643562264367938,0.08122487664222718,0.08653772629797458,0.1291276018321514,0.7278429573774338,0.16167269706726073,0.2775522565841675,0.08527380228042603,0.08516935974359513,0.16167269706726073,0.647195930480957,1.3003462553024292,1.0336954593658447,1.6236166954040527,1.6854629516601562,1.978814721107483,1.1059901714324951,1.6406803131103516,3.376426935195923,0.9546478986740112,0.68327397108078,2.9534060955047607,0.8048185706138611
290,0.0001,0.11464934647083283,0.9468923710335482,0.4228135859966278,0.7693674173059243,0.8650913589239313,60.07641339302063,0.12535106539726257,0.062088696435093876,0.07892385695129633,0.08757653355598449,0.12535106539726257,0.7405977952480316,0.15831647992134093,0.2967128872871399,0.08713083639740944,0.0844371810555458,0.15831647992134093,0.6526845908164978,1.2993069887161255,1.0333129167556763,1.624226450920105,1.6844267845153809,1.9765645265579224,1.1063055992126465,1.6380348205566406,3.3729448318481445,0.9546352028846741,0.6828327775001526,2.946045398712158,0.8050255179405212
291,0.0001,0.11498533003032207,0.9456533874226115,0.36780809819698335,0.790178109775649,0.880149089458718,62.69915008544922,0.12618479669094085,0.06231170639395714,0.07964712791144848,0.08686283357441425,0.12618479669094085,0.7311205726861953,0.16061877310276032,0.23789921581745146,0.08661332309246063,0.08500084370374679,0.16061877310276032,0.6562135148048401,1.2979283332824707,1.032000184059143,1.6247634887695312,1.680991530418396,1.9770296812057495,1.1068564653396606,1.6335967779159546,3.3695735931396484,0.9557721614837646,0.6838390827178955,2.9460928440093994,0.806041955947876
292,0.0001,0.11566842816770077,0.9454031067633565,0.37347552955150604,0.7884196613297823,0.8781167828246226,58.00091481208801,0.12688972108066082,0.062421326264739035,0.0785488247871399,0.0868387470394373,0.12688972108066082,0.7329714870452881,0.1592442908883095,0.2412693352997303,0.07648018166422844,0.08467770874500274,0.1592442908883095,0.6503974580764771,1.294894814491272,1.031135082244873,1.6253033876419067,1.680488109588623,1.9759122133255005,1.1068840026855469,1.633667230606079,3.3676326274871826,0.9556089043617249,0.6848652958869934,2.9425652027130127,0.8060111999511719
293,0.0001,0.11606258787214756,0.9449943122410751,0.37774986803531646,0.791483584897674,0.8796354789044685,65.30951476097107,0.12988373547792434,0.06198131386190653,0.08121493555605412,0.08530484601855277,0.12988373547792434,0.727686071395874,0.16238860189914703,0.243559832572937,0.08695371150970459,0.08274778038263321,0.16238860189914703,0.6517385053634643,1.293896198272705,1.0299468040466309,1.6259864568710327,1.6803369522094727,1.9758507013320923,1.1075670719146729,1.6325981616973877,3.365196704864502,0.9561281800270081,0.6807184219360352,2.9374682903289795,0.8056865334510803
294,0.0001,0.1156450430303812,0.9449469224970329,0.40530931860208513,0.7813461636142083,0.8724929304293583,63.211421251297,0.1262672285735607,0.0621962383762002,0.08043011069297791,0.08570673376321793,0.1262672285735607,0.7374569571018219,0.16425248503684997,0.28121684640645983,0.09336631417274475,0.08427974373102189,0.16425248503684997,0.65043004155159,1.2913528680801392,1.0280051231384277,1.6268200874328613,1.681330919265747,1.9754912853240967,1.1077280044555664,1.6278369426727295,3.3619089126586914,0.9566370844841003,0.6788545250892639,2.934664011001587,0.8059262633323669
295,0.0001,0.1125686664879322,0.9475627384298287,0.40332620084285736,0.7835662056928531,0.8741530174354729,59.35043382644653,0.12386180557310582,0.06082513650879264,0.07901311248540878,0.0860031445324421,0.12386180557310582,0.7402333855628968,0.16170150488615037,0.2718473595380783,0.0757651200890541,0.08555495500564575,0.16170150488615037,0.6468518841266632,1.2901597023010254,1.0284265279769897,1.6276575326919556,1.6811376810073853,1.9755269289016724,1.1083130836486816,1.629874587059021,3.3592400550842285,0.9559774994850159,0.6758822798728943,2.9313080310821533,0.8062375783920288
296,0.0001,0.11455748237669468,0.9465019920550946,0.41111112415790557,0.7781491198801668,0.8709287740137832,64.42251086235046,0.12484365925192834,0.061907591968774794,0.07907784309238196,0.086417775452137,0.12484365925192834,0.737424686551094,0.17190283715724944,0.27979865223169326,0.09813844949007035,0.08328412771224976,0.17190283715724944,0.6444533729553222,1.288155436515808,1.0283782482147217,1.6284607648849487,1.6797467470169067,1.9728447198867798,1.108467936515808,1.630707859992981,3.3574161529541016,0.9570245742797852,0.6754100918769836,2.9293768405914307,0.8064476251602173
297,0.0001,0.11819833248853684,0.9439465729048345,0.41217976868152617,0.7688559239718016,0.8656147361729328,61.66506028175354,0.12633163832128047,0.06431865468621253,0.08011966690421105,0.08651088736951351,0.12633163832128047,0.7330871108174324,0.1596324324607849,0.28049503564834594,0.09155394345521926,0.08306970179080964,0.1596324324607849,0.6549241936206818,1.2858136892318726,1.0268914699554443,1.6294044256210327,1.6771247386932373,1.9727222919464111,1.1089210510253906,1.6297645568847656,3.356762170791626,0.9581539630889893,0.6699989438056946,2.930072784423828,0.8069434762001038
298,0.0001,0.11613153353333473,0.9453842152940415,0.3988988596200943,0.7770098024499198,0.8707642792653882,59.71086859703064,0.1250090391933918,0.06309784650802612,0.07926466073840857,0.08657161697745323,0.1250090391933918,0.7334754142165184,0.1608227786421776,0.2674035760760307,0.08892357885837555,0.08319299817085266,0.1608227786421776,0.6589785146713257,1.2870806455612183,1.02660071849823,1.6295324563980103,1.676430344581604,1.9720083475112915,1.1092627048492432,1.6282317638397217,3.353131055831909,0.9581577181816101,0.6705219149589539,2.9282519817352295,0.8070290684700012
299,0.0001,0.11402517288923264,0.9463690627145864,0.42190386474132535,0.7703212049987553,0.8657101222877102,59.03039574623108,0.12527724660933018,0.06168254230171442,0.07901617858558893,0.08581504791975021,0.12527724660933018,0.7347656226158142,0.15925464659929275,0.2951693126559258,0.09048220008611679,0.08256906270980835,0.15925464659929275,0.6559738516807556,1.285749077796936,1.025762915611267,1.6300166845321655,1.6725924015045166,1.9707279205322266,1.1097761392593384,1.6287411451339722,3.3516957759857178,0.9584049582481384,0.6679984331130981,2.9250054359436035,0.8070027828216553
300,0.0001,0.112172090113163,0.9482888965600043,0.41071428537368776,0.7771908367888876,0.8706442104143516,58.18886137008667,0.12676760509610177,0.05987587716430426,0.07876075364649296,0.08558966711163521,0.12676760509610177,0.7334588256478309,0.16043968439102174,0.2839662104845047,0.08698329240083695,0.08481933414936066,0.16043968439102174,0.6580564880371094,1.2816230058670044,1.0254501104354858,1.6304296255111694,1.668286681175232,1.9688745737075806,1.1105183362960815,1.6251845359802246,3.3505923748016357,0.9586601853370667,0.6629151105880737,2.922874927520752,0.8070751428604126
301,0.0001,0.11092634819447994,0.9490782463574713,0.43367473244667054,0.7616322810336981,0.8601669251304845,60.966625452041626,0.12287467706948518,0.060728640258312226,0.07920592311769724,0.08539175450801849,0.12287467706948518,0.7400028920173645,0.1577278983592987,0.3080821469426155,0.09215132728219032,0.08340772837400437,0.1577278983592987,0.6558182430267334,1.280245065689087,1.0249860286712646,1.630876898765564,1.665968894958496,1.9678806066513062,1.1111994981765747,1.6189955472946167,3.347072124481201,0.9590128064155579,0.6585860252380371,2.9188787937164307,0.8073373436927795
302,0.0001,0.11149854645133019,0.9479265739066508,0.42922670125961304,0.7661131750710212,0.8629901574941187,59.14314293861389,0.12325928211212159,0.060322815794497726,0.07697699889540673,0.08619022727012635,0.12325928211212159,0.740482065975666,0.16146812200546265,0.29756384521722795,0.07934641793370246,0.0838724023103714,0.16146812200546265,0.649320729970932,1.2798722982406616,1.0241997241973877,1.6313406229019165,1.660843849182129,1.9659074544906616,1.1115145683288574,1.6167702674865723,3.343010425567627,0.9591012597084045,0.6572209596633911,2.9155831336975098,0.8074527978897095
303,0.0001,0.11172462202608585,0.9468944165097328,0.4131880384683609,0.766770243119062,0.8631955871177854,69.44324278831482,0.12190580748021602,0.06071787688881159,0.07841828264296055,0.08531852081418037,0.12190580748021602,0.7439257436990738,0.15808068692684174,0.280926910340786,0.08923777148127555,0.08359082728624344,0.15808068692684174,0.6571827030181885,1.2785290479660034,1.024096965789795,1.6319358348846436,1.6590924263000488,1.9655324220657349,1.1118730306625366,1.610427975654602,3.339852809906006,0.9591318368911743,0.6581792235374451,2.922030448913574,0.8075512647628784
304,0.0001,0.11116960816085339,0.948496334323197,0.41877475440502165,0.7731252188272437,0.8676388908174908,61.809590101242065,0.12534845754504204,0.059574976786971094,0.07882817607373,0.08574578754603862,0.12534845754504204,0.7353299307823181,0.15665283739566804,0.2937282946705818,0.08590389430522918,0.08197896659374238,0.15665283739566804,0.6578140079975128,1.2791945934295654,1.0234776735305786,1.6326695680618286,1.6588295698165894,1.965285301208496,1.1124212741851807,1.6069294214248657,3.3372535705566406,0.9593613147735596,0.6566861271858215,2.9195618629455566,0.8073516488075256
305,0.0001,0.11056820638477802,0.948748386751077,0.4324046802520752,0.7653672718918029,0.8622735868635774,62.12050127983093,0.12330317951738834,0.05959473364055157,0.07841140087693929,0.08592687010765075,0.12330317951738834,0.7394866263866424,0.16032098084688187,0.30537984997034073,0.08293793976306915,0.08485328435897826,0.16032098084688187,0.6600780487060547,1.2778502702713013,1.0232012271881104,1.6333868503570557,1.6554806232452393,1.9641178846359253,1.1130763292312622,1.6080090999603271,3.3329122066497803,0.9597823023796082,0.6568304896354675,2.9124975204467773,0.8073331713676453
306,0.0001,0.11006009832024574,0.9486697204951059,0.4425608628988266,0.7615529167010662,0.8600581357128715,60.87402057647705,0.12368229202926159,0.05952084647491574,0.07835715521126986,0.0851053261756897,0.12368229202926159,0.742698479294777,0.16148236781358719,0.30767573237419127,0.07761511743068696,0.08290298789739609,0.16148236781358719,0.651729052066803,1.2757173776626587,1.0222735404968262,1.6335690021514893,1.6536513566970825,1.9634923934936523,1.1135644912719727,1.6051867008209229,3.3294126987457275,0.9600628614425659,0.6499894857406616,2.910189628601074,0.8073511719703674
307,0.0001,0.1118873967975378,0.9472601860984885,0.4157716023921967,0.7717523477042865,0.8666495770001237,59.60704445838928,0.12320248521864414,0.06064393747597933,0.07810320880264043,0.0851281563937664,0.12320248521864414,0.740661113858223,0.1592322999238968,0.28678248018026353,0.08280811414122581,0.08274956703186036,0.1592322999238968,0.6509940910339356,1.2740137577056885,1.0230777263641357,1.634165644645691,1.6521269083023071,1.9614770412445068,1.1136728525161743,1.5988801717758179,3.3267760276794434,0.959729015827179,0.6455612778663635,2.906320571899414,0.8072865009307861
308,0.0001,0.11305019460618496,0.9474700043548188,0.4138922780752182,0.7711106294488833,0.8669356438811125,58.09840679168701,0.12461851865053176,0.06073515985161066,0.07879075817763806,0.08489733539521695,0.12461851865053176,0.7443150961399079,0.16042862474918365,0.2811337140202522,0.07964355856180191,0.08270788967609405,0.16042862474918365,0.6463513767719269,1.2729824781417847,1.0219357013702393,1.6342576742172241,1.6556611061096191,1.960900902748108,1.1138834953308105,1.5996736288070679,3.3238744735717773,0.9601215720176697,0.6450306177139282,2.9050493240356445,0.8074718117713928
309,0.0001,0.10973204396665097,0.9492527322890676,0.4043986189365387,0.7777137120625871,0.8705274250556143,62.71775817871094,0.12312557756900787,0.059358220286667346,0.077794964723289,0.085075121819973,0.12312557756900787,0.7361451733112335,0.17282169699668884,0.2639168611168861,0.06692872732877732,0.08472750514745712,0.17282169699668884,0.6359461688995361,1.269822359085083,1.0210726261138916,1.6346381902694702,1.653639554977417,1.959162712097168,1.1144083738327026,1.595191240310669,3.3222713470458984,0.9605860710144043,0.6392302513122559,2.8991153240203857,0.8077598810195923
310,0.0001,0.10695792637765407,0.9510867232787018,0.43399693310260773,0.7683185643299195,0.8645719348309574,58.758995056152344,0.12209096260368824,0.0575951873883605,0.0772453412413597,0.08571644216775894,0.12209096260368824,0.7425599277019501,0.16494031876325607,0.30975879937410356,0.09267201155424118,0.08318989217281342,0.16494031876325607,0.6515278565883637,1.2686173915863037,1.0204342603683472,1.6350462436676025,1.647558331489563,1.9577441215515137,1.115062952041626,1.5902979373931885,3.3204987049102783,0.9602280855178833,0.6357920169830322,2.89682674407959,0.8079521656036377
311,0.0001,0.11016546234488488,0.9495503346464145,0.43036889284849167,0.7660726295280689,0.8627555047162612,63.47902965545654,0.12623269952833652,0.05919797580689192,0.07964385557919741,0.08434519581496716,0.12623269952833652,0.7319221326708794,0.16505206733942032,0.3026401028037071,0.09055322766304016,0.08224801480770111,0.16505206733942032,0.6510958528518677,1.2687954902648926,1.0199084281921387,1.6354615688323975,1.6475249528884888,1.9576913118362427,1.1155970096588135,1.5871200561523438,3.3166699409484863,0.9599431157112122,0.6357730627059937,2.89164137840271,0.8078418970108032
312,0.0001,0.1103763099014759,0.9490709503655512,0.4251204141974449,0.7603967821664134,0.8595692516964156,61.09430503845215,0.12326602950692177,0.05946272149682045,0.07790067084133626,0.08452256552875043,0.12326602950692177,0.7406258791685104,0.16037535041570664,0.2831234747171402,0.07293803110718727,0.08450818002223968,0.16037535041570664,0.6486982929706574,1.267425537109375,1.020029902458191,1.6355834007263184,1.6441731452941895,1.9573370218276978,1.1159546375274658,1.5884956121444702,3.3126626014709473,0.9601665735244751,0.6325898766517639,2.890413522720337,0.808184802532196
313,0.0001,0.10898932576179504,0.9497499535640191,0.4249803113937378,0.7676729187845959,0.8640189806455979,61.36237692832947,0.12249182894825936,0.05897414784878492,0.07829959504306316,0.08402494199573994,0.12249182894825936,0.73848916888237,0.15889029204845428,0.2908562743663788,0.08062423780560493,0.08274426728487015,0.15889029204845428,0.6528608047962189,1.2634245157241821,1.0182149410247803,1.635819435119629,1.638556957244873,1.9547522068023682,1.116031527519226,1.5822758674621582,3.311849355697632,0.9600067734718323,0.6317791938781738,2.8876068592071533,0.8082582950592041
314,0.0001,0.10559840686619282,0.952071383695987,0.4319195118546486,0.7671786884030648,0.8636495427324944,56.19976019859314,0.12145142503082752,0.05672933381050825,0.07698434043675662,0.08474733851850033,0.12145142503082752,0.7465754303336144,0.16069467842578888,0.29991631537675856,0.07636644154787063,0.08393621057271958,0.16069467842578888,0.6505715107917786,1.2620339393615723,1.0178468227386475,1.636025309562683,1.636646032333374,1.9545297622680664,1.1166995763778687,1.5797516107559204,3.3085665702819824,0.9603906273841858,0.6301921010017395,2.88173508644104,0.8084500432014465
315,0.0001,0.10609928004443646,0.9515461565481885,0.4349937564134598,0.7631527932523109,0.8609071081546433,59.40094256401062,0.12078073158860207,0.057568885013461114,0.07733899831771851,0.08457076840102673,0.12078073158860207,0.7428160274028778,0.15876882016658783,0.2978181037306786,0.07677125051617623,0.08314302623271942,0.15876882016658783,0.6561414408683777,1.2601430416107178,1.0165057182312012,1.6359914541244507,1.6315644979476929,1.9538666009902954,1.1167759895324707,1.573307752609253,3.3038997650146484,0.9598621129989624,0.6242462396621704,2.877105712890625,0.8085880279541016
316,0.0001,0.10432242386043072,0.9519149909431713,0.4400782781839371,0.7669201776483494,0.8634178850845161,62.640724420547485,0.11793513786047698,0.05608813501894474,0.07635886076837778,0.08475337989628315,0.11793513786047698,0.7521992671489716,0.15912129491567611,0.30809743016958235,0.08252537220716477,0.08256801933050156,0.15912129491567611,0.6586078882217408,1.258483648300171,1.014968991279602,1.6364293098449707,1.6307493448257446,1.9534767866134644,1.1173402070999146,1.5691581964492798,3.3007774353027344,0.9602637887001038,0.619556725025177,2.872074604034424,0.808912992477417
317,0.0001,0.10689350314438344,0.9506083825905361,0.4318121784925461,0.763269104235271,0.8611806215451339,57.14242625236511,0.12306470699608325,0.0575076449662447,0.07775552127510309,0.08353283375501633,0.12306470699608325,0.7399530994892121,0.15866469115018844,0.29412016063928603,0.07684116184711456,0.08473934143781663,0.15866469115018844,0.6573108899593353,1.2566848993301392,1.0143380165100098,1.6369926929473877,1.628572702407837,1.9530779123306274,1.1179221868515015,1.5675963163375854,3.300175666809082,0.9596326947212219,0.6160739660263062,2.870544910430908,0.8087193369865417
318,0.0001,0.10487371414899826,0.9511917496574718,0.4155359029769897,0.7720420453597561,0.8670267380058162,61.382484674453735,0.12120085157454014,0.05667155843228102,0.07790769021958113,0.0841369991749525,0.12120085157454014,0.7437698569893837,0.161542948782444,0.2795987841486931,0.08143349677324295,0.08157022356987,0.161542948782444,0.6503077363967895,1.255881667137146,1.014825463294983,1.6373406648635864,1.6292200088500977,1.9509978294372559,1.118470311164856,1.5618544816970825,3.2952206134796143,0.9600790143013,0.6162160038948059,2.865617513656616,0.8091461658477783
319,0.0001,0.10798833407461643,0.9500685393605549,0.4405142968893051,0.7665353954643923,0.8634749936577191,56.87926483154297,0.1215361212939024,0.05803248459473252,0.0762671047821641,0.08398013703525066,0.1215361212939024,0.7458183032274246,0.16188174962997437,0.3005557045340538,0.08108612671494483,0.08280552268028259,0.16188174962997437,0.6552545928955078,1.2540833950042725,1.014338731765747,1.6374975442886353,1.6309194564819336,1.9508106708526611,1.1188297271728516,1.559352159500122,3.2932448387145996,0.9606457352638245,0.6111544966697693,2.8587448596954346,0.8095368146896362
320,0.0001,0.10759044915437699,0.950319040478241,0.4144037434458733,0.775974110295739,0.8695769028219748,63.12611246109009,0.12046732664108277,0.05834112847223878,0.07807401578873396,0.08335305079817772,0.12046732664108277,0.7450501787662506,0.15923287928104402,0.2868688681721687,0.0782135447859764,0.08255034059286118,0.15923287928104402,0.6491926336288452,1.2536325454711914,1.013424038887024,1.637961745262146,1.6328259706497192,1.9494867324829102,1.1194018125534058,1.5570136308670044,3.2927427291870117,0.9610594511032104,0.6082439422607422,2.857321262359619,0.8100165724754333
321,0.0001,0.10720967762172222,0.9507656348302063,0.4044153743982315,0.7771949592873135,0.870141139835804,57.47917985916138,0.12282358087599278,0.058003287091851236,0.07746069390326739,0.08380293093621731,0.12282358087599278,0.7419948598742485,0.1592254438996315,0.2706885713338852,0.07562988430261612,0.08226165235042572,0.1592254438996315,0.6529177331924438,1.2524924278259277,1.0131357908248901,1.6383163928985596,1.6307239532470703,1.9483784437179565,1.120045781135559,1.5548416376113892,3.288780689239502,0.9609301686286926,0.6080577969551086,2.8509395122528076,0.8097009658813477
322,0.0001,0.10668706104159355,0.9503891634915683,0.4040231031179428,0.7821157679948412,0.8739359974215641,59.862361431121826,0.1196380814164877,0.05799316804856062,0.07644245099276305,0.0838084876537323,0.1196380814164877,0.7481436449289321,0.15973142445087432,0.27490164250135424,0.08616481214761734,0.0827802324295044,0.15973142445087432,0.6540973949432373,1.2517184019088745,1.012431263923645,1.6386643648147583,1.6302375793457031,1.9470659494400024,1.1206729412078857,1.5551252365112305,3.285140037536621,0.9614174962043762,0.6046630144119263,2.84907603263855,0.8100841045379639
323,0.0001,0.1049974275380373,0.952186761809257,0.4068244796991348,0.7819449159777244,0.8738560717642714,65.60144400596619,0.12053715348243714,0.056869516875594855,0.0763268717378378,0.0840556963533163,0.12053715348243714,0.7459574806690216,0.15965780287981032,0.276514995098114,0.0783476348221302,0.08194474369287491,0.15965780287981032,0.650109281539917,1.2515771389007568,1.0112465620040894,1.6390875577926636,1.626908302307129,1.9459688663482666,1.1207566261291504,1.547831654548645,3.283259153366089,0.9618640542030334,0.602529764175415,2.844900131225586,0.8104823231697083
324,0.0001,0.1070991688966751,0.9510629879047897,0.4149796062707901,0.7683674763588505,0.8648016695160886,59.28161311149597,0.12200186640024185,0.05763465652242303,0.07728340838104486,0.083106544688344,0.12200186640024185,0.7416247409582138,0.16839048951864244,0.26840511441230774,0.06710120022296906,0.08375824987888336,0.16839048951864244,0.6430648005008698,1.2492907047271729,1.0105990171432495,1.63963782787323,1.6163089275360107,1.9438693523406982,1.1207449436187744,1.5415518283843994,3.2809672355651855,0.9618360996246338,0.597832977771759,2.8420214653015137,0.8107926845550537
325,0.0001,0.1056142669916153,0.9515281114087297,0.42263088405132293,0.7707210608955741,0.8658879369534551,59.4494423866272,0.11991273231804371,0.05708352465182543,0.07679177444428205,0.08432596191763878,0.11991273231804371,0.7497845602035522,0.15714622735977174,0.29320222288370135,0.08562344700098037,0.08173532009124757,0.15714622735977174,0.6601141846179962,1.248946189880371,1.009737491607666,1.6397581100463867,1.6162487268447876,1.9434806108474731,1.1209303140640259,1.5436090230941772,3.2783102989196777,0.9617660045623779,0.5960137844085693,2.840874671936035,0.8106611371040344
326,0.0001,0.10517174232751131,0.9518564116445845,0.4247474029660225,0.7722019645412658,0.8668610603229391,58.96290302276611,0.12012099977582694,0.056280329152941705,0.07666356157511472,0.0832401256263256,0.12012099977582694,0.7448667174577713,0.1623413461446762,0.2924097043275833,0.07304239809513093,0.08187544345855713,0.1623413461446762,0.6454520702362061,1.2460159063339233,1.0082464218139648,1.6401878595352173,1.6139451265335083,1.941808819770813,1.1212579011917114,1.5412261486053467,3.274158239364624,0.9619190692901611,0.5932939052581787,2.8343706130981445,0.8106720447540283
327,0.0001,0.10354512311518192,0.9526277802761024,0.429288831949234,0.7706122795026829,0.8661443595500216,58.59912061691284,0.12063096374273301,0.05609288230538368,0.07590518530458212,0.08242912933230401,0.12063096374273301,0.7476125806570053,0.15999008119106292,0.296014848947525,0.07518877699971199,0.08118995189666749,0.15999008119106292,0.6499655795097351,1.2450648546218872,1.0071405172348022,1.640647292137146,1.6133267879486084,1.9412018060684204,1.1217283010482788,1.5360777378082275,3.2729592323303223,0.9619598388671875,0.5911257266998291,2.8295795917510986,0.8106948733329773
328,0.0001,0.10110247135162354,0.9540465948366686,0.42508098751306533,0.7728140037582898,0.8679135069250907,59.87710785865784,0.1160107684135437,0.05449329353868961,0.07529449954628945,0.08320678815245629,0.1160107684135437,0.756571729183197,0.16286992847919465,0.2883600464463234,0.07779604092240333,0.08009442895650863,0.16286992847919465,0.6444215297698974,1.242736577987671,1.0052213668823242,1.6408166885375977,1.6107879877090454,1.940721035003662,1.1219106912612915,1.5324457883834839,3.269329071044922,0.9618589282035828,0.5919647812843323,2.824364423751831,0.811104953289032
329,0.0001,0.10612168602645397,0.9510349740329282,0.40576228976249695,0.7788504572959769,0.8718429936523647,58.660255432128906,0.1195396250486374,0.05779225040227175,0.0758537508547306,0.08257406637072563,0.1195396250486374,0.7482519280910492,0.16514599502086638,0.26654890686273575,0.07138284236192703,0.08137823194265366,0.16514599502086638,0.6430681395530701,1.2410494089126587,1.0048086643218994,1.6411733627319336,1.6080727577209473,1.9392050504684448,1.1223821640014648,1.5284953117370605,3.2654104232788086,0.9621964693069458,0.5899279117584229,2.8213236331939697,0.8111104965209961
330,0.0001,0.10267194643616677,0.9536401422039202,0.42902967214584353,0.7717742268710908,0.8670471989880316,62.848556995391846,0.1165363398194313,0.055821161679923535,0.07542507473379373,0.08326003566384316,0.1165363398194313,0.7562685972452163,0.16070861160755157,0.3047343775629997,0.08266224101185798,0.08167796850204467,0.16070861160755157,0.6532997417449952,1.242191195487976,1.004881739616394,1.6415736675262451,1.6061532497406006,1.9384169578552246,1.1227879524230957,1.5279852151870728,3.264334201812744,0.9626802802085876,0.5884456038475037,2.818288803100586,0.8110892176628113
331,0.0001,0.10217106856405735,0.9530752577899427,0.4335594093799591,0.770583451368466,0.8661134002283881,63.163849115371704,0.11773999698460103,0.05506166491657496,0.07477581650018691,0.08307249516248703,0.11773999698460103,0.752069131731987,0.1601086077094078,0.3064346984028816,0.08192100688815117,0.08013665854930878,0.1601086077094078,0.6542413914203644,1.2408970594406128,1.0048328638076782,1.6418359279632568,1.6050723791122437,1.9380308389663696,1.123209834098816,1.525742769241333,3.262450933456421,0.9627641439437866,0.5879148840904236,2.813575267791748,0.8112081289291382
332,0.0001,0.10073632337152957,0.9545432055341102,0.42868302285671234,0.7756448448558111,0.8692228741864357,60.07788133621216,0.11631111282855272,0.054881584271788596,0.07485811576247216,0.08299548588693142,0.11631111282855272,0.7515012907981873,0.16228349536657333,0.2993477392196655,0.07703563347458839,0.08118882685899735,0.16228349536657333,0.6491793036460877,1.2402440309524536,1.0040396451950073,1.6419929265975952,1.6082552671432495,1.9376702308654785,1.1230535507202148,1.5257444381713867,3.259561777114868,0.9634140133857727,0.5856935977935791,2.8093390464782715,0.8112841248512268
333,0.0001,0.10418876945972443,0.9528563658476986,0.43782574117183687,0.7664001201681566,0.8630167603606992,65.65793919563293,0.11979757733643055,0.056456637904047965,0.07503192368894815,0.08243822135031223,0.11979757733643055,0.7526886174082756,0.1590834428369999,0.306850987970829,0.07749686196446419,0.0809067204594612,0.1590834428369999,0.6485170376300812,1.2384120225906372,1.00341796875,1.6422804594039917,1.602686882019043,1.936343789100647,1.1231985092163086,1.5188738107681274,3.2580583095550537,0.9632824063301086,0.5830320119857788,2.8033573627471924,0.811019778251648
334,0.0001,0.10194480650126934,0.9527911864597479,0.42006319284439086,0.7762561701135781,0.8697793089425322,66.23336172103882,0.11532593086361885,0.05563427451997995,0.07490729916840792,0.08264797985553742,0.11532593086361885,0.7572384536266327,0.16241179555654525,0.2907347798347473,0.08407201945781707,0.07906259924173355,0.16241179555654525,0.651690856218338,1.236878514289856,1.0032845735549927,1.6429424285888672,1.6016912460327148,1.9351887702941895,1.1238163709640503,1.5191256999969482,3.25541353225708,0.9632042050361633,0.5825167298316956,2.7992706298828125,0.811050534248352
335,0.0001,0.1011059169471264,0.9543139089368172,0.43381756722927095,0.7704932575555403,0.865810144371178,63.64456510543823,0.11661568947136403,0.05470541045069695,0.07553073570132256,0.08253569945693016,0.11661568947136403,0.7521812319755554,0.1644759690761566,0.29952820122241974,0.07045512780547142,0.08058108180761338,0.1644759690761566,0.6394763827323914,1.2360560894012451,1.0023435354232788,1.6430362462997437,1.5973337888717651,1.9347314834594727,1.124279260635376,1.5139596462249756,3.2505507469177246,0.9635582566261292,0.5823708176612854,2.7943294048309326,0.8119404911994934
336,0.0001,0.10260256513953209,0.9528316596288167,0.42636389315128326,0.7741121862408815,0.8679023970502889,63.299015522003174,0.11806858956813812,0.05551393590867519,0.07470569003373384,0.082558021992445,0.11806858956813812,0.7529606360197068,0.1626770967245102,0.30118628531694414,0.08084840282797813,0.0811525321006775,0.1626770967245102,0.6524542033672333,1.2348084449768066,1.0013965368270874,1.643311858177185,1.60099458694458,1.9335626363754272,1.1248364448547363,1.5151863098144531,3.2479546070098877,0.9645073413848877,0.5819420218467712,2.792635917663574,0.8122259974479675
337,0.0001,0.10269057132303715,0.952989432663623,0.42240544021129606,0.7776740283139627,0.8705435796983819,62.92096829414368,0.11730057764798403,0.05608665131032467,0.07434592492878438,0.08180189795792103,0.11730057764798403,0.7502574843168258,0.16175822868943215,0.2891040915250778,0.06964269787073135,0.08116625696420669,0.16175822868943215,0.6467473149299622,1.2336736917495728,1.001330852508545,1.6434786319732666,1.5966402292251587,1.9325454235076904,1.125474452972412,1.5139394998550415,3.2466824054718018,0.9645561575889587,0.5800555348396301,2.7881791591644287,0.8120866417884827
338,0.0001,0.10156741194427013,0.9541302064950521,0.4251368635892868,0.7769560658592297,0.87009139131757,60.29381823539734,0.11775353495031596,0.05483994660899043,0.07563467938452959,0.08157781802117825,0.11775353495031596,0.751749055981636,0.15511780798435212,0.30433173626661303,0.08563896745443345,0.07885773032903672,0.15511780798435212,0.6627971374988556,1.2325215339660645,1.000622272491455,1.6439611911773682,1.5931094884872437,1.9310518503189087,1.125789761543274,1.5115050077438354,3.245790719985962,0.964452862739563,0.5780982971191406,2.7845377922058105,0.8123461604118347
339,0.0001,0.10213714890182019,0.953923909349327,0.43458752155303954,0.7751692526825963,0.8686750135007444,60.181631088256836,0.11702946439385414,0.05544246884062886,0.0752561942115426,0.08185169987380504,0.11702946439385414,0.7533708971738815,0.15707792907953264,0.31015085786581037,0.08539686739444732,0.07942715376615524,0.15707792907953264,0.6603556334972381,1.2330321073532104,1.000638484954834,1.6444408893585205,1.5907474756240845,1.9313890933990479,1.1260271072387695,1.5085684061050415,3.242626667022705,0.9643383622169495,0.5775600075721741,2.7806947231292725,0.8121904134750366
340,0.0001,0.10230364408344031,0.9526540685252026,0.41582477539777757,0.779421357344437,0.8717973260574138,64.11043334007263,0.11669398285448551,0.05549120176583529,0.07417455341666937,0.08230024471879005,0.11669398285448551,0.7503858482837678,0.15745474874973298,0.2903659126162529,0.07424430206418037,0.0790677472949028,0.15745474874973298,0.6593078005313874,1.2317955493927002,1.0004642009735107,1.644898772239685,1.5876134634017944,1.9309899806976318,1.1263396739959717,1.5070216655731201,3.240614652633667,0.9644504189491272,0.5752038955688477,2.779453754425049,0.812313437461853
341,0.0001,0.10182571075856686,0.9545109899404594,0.4274277824163437,0.7754747918910172,0.8691117385185132,60.886112213134766,0.1194187382236123,0.054559306278824805,0.07496166095137596,0.0823568943142891,0.1194187382236123,0.75027223944664,0.16214107125997543,0.30040633529424665,0.08153483137488365,0.08096027255058288,0.16214107125997543,0.6608172202110291,1.2320399284362793,0.9995596408843994,1.64534592628479,1.5870083570480347,1.9292173385620117,1.1266579627990723,1.5041502714157104,3.23909592628479,0.9646729230880737,0.5742179751396179,2.7776741981506348,0.8125903606414795
342,0.0001,0.10279938869178296,0.9521630292100732,0.4160494247078896,0.775642339125188,0.8694022289590199,63.3516902923584,0.11992346361279488,0.055563706532120706,0.07637390002608299,0.08190350003540516,0.11992346361279488,0.7475336807966232,0.16165708765387535,0.2806078884005547,0.06883470863103866,0.08196979075670242,0.16165708765387535,0.6508175170421601,1.2321408987045288,0.9992325901985168,1.6456845998764038,1.5900850296020508,1.928682565689087,1.1271477937698364,1.5030452013015747,3.2374720573425293,0.96484375,0.5744530558586121,2.7737679481506348,0.8127840757369995
343,0.0001,0.10165516391396523,0.9538092279767525,0.42932226836681364,0.7732935724284193,0.867534246053537,60.249335527420044,0.11909540444612503,0.054591094255447385,0.07427353657782078,0.08168882563710213,0.11909540444612503,0.7447897863388061,0.158029904961586,0.3049074935913086,0.08088408768177033,0.08067058891057968,0.158029904961586,0.6621491765975952,1.230871558189392,0.9986053109169006,1.6458308696746826,1.5904710292816162,1.928268551826477,1.127410888671875,1.5015883445739746,3.233245611190796,0.9651842713356018,0.5744344592094421,2.773428201675415,0.8127384781837463
344,0.0001,0.10014703661203385,0.9549183719120232,0.43487452387809755,0.7683642929097894,0.8645942428468397,62.47820258140564,0.11522065363824367,0.05408611886203289,0.07370252266526223,0.08200065098702908,0.11522065363824367,0.7559095627069473,0.1594210958480835,0.3088583385944366,0.08200792580842972,0.0794812062382698,0.1594210958480835,0.6571153211593628,1.2283060550689697,0.9971705079078674,1.6461856365203857,1.5854157209396362,1.927362084388733,1.1275551319122314,1.4986613988876343,3.2292897701263428,0.9652090072631836,0.5710442662239075,2.771209478378296,0.8131914734840393
345,0.0001,0.10071990683674813,0.9548824297785274,0.4346300208568573,0.7715608082020377,0.8666552429700163,61.88623642921448,0.12011793971061707,0.053662119079381225,0.07570293940603733,0.08137257911264896,0.12011793971061707,0.7454355704784393,0.15647467762231826,0.30997221410274506,0.07813997089862823,0.07994659841060639,0.15647467762231826,0.661112426519394,1.2266796827316284,0.9972195029258728,1.6464238166809082,1.5850961208343506,1.9268391132354736,1.1277940273284912,1.4954017400741577,3.227923631668091,0.9650312066078186,0.5706270337104797,2.76867413520813,0.8131667971611023
346,0.0001,0.10042864747345448,0.9542181377654504,0.4314225447177887,0.7726901479979281,0.867007719905206,59.41282510757446,0.11838099882006645,0.05444859877228737,0.07535705711692571,0.08168914780020714,0.11838099882006645,0.7521163493394851,0.1584679216146469,0.3039808836579323,0.07846316158771514,0.07964130252599716,0.1584679216146469,0.660004655122757,1.2242928743362427,0.99620521068573,1.6467115879058838,1.5834617614746094,1.9258620738983154,1.128510594367981,1.495604157447815,3.2245211601257324,0.964731752872467,0.5683532953262329,2.7646000385284424,0.8133528828620911
347,0.0001,0.10094306610524655,0.9537869767248551,0.44334621787071227,0.7721864503608232,0.8667380001285175,63.35248136520386,0.11674074497073889,0.05431934328749776,0.07523680135607719,0.08129328556358814,0.11674074497073889,0.752433923482895,0.15974500864744187,0.3220707029104233,0.0844300676882267,0.07886793345212936,0.15974500864744187,0.6592199075222015,1.2225987911224365,0.9953784942626953,1.647021770477295,1.5823297500610352,1.9248751401901245,1.1288716793060303,1.4947535991668701,3.219855785369873,0.9649428725242615,0.5665151476860046,2.7622406482696533,0.813149094581604
348,0.0001,0.10023551993072033,0.9536100243470813,0.4143472445011139,0.7775783080362944,0.8705737298333783,63.505237102508545,0.11550149984657765,0.05469376154243946,0.07391269080340862,0.08212562300264835,0.11550149984657765,0.7585598289966583,0.15903797417879104,0.2879254588484764,0.08239881366491318,0.07843131989240647,0.15903797417879104,0.6578648710250854,1.223310947418213,0.9958176612854004,1.6472346782684326,1.5808972120285034,1.9240189790725708,1.1295068264007568,1.489585518836975,3.216085195541382,0.9650052189826965,0.5651289820671082,2.756815195083618,0.8130357265472412
349,0.0001,0.0979840961843729,0.9556977750293278,0.4404640197753906,0.7726336957342209,0.867110027853395,60.30837821960449,0.11412111088633538,0.053094002455472945,0.07288099110126495,0.08147970013320446,0.11412111088633538,0.7571228474378586,0.16243358030915261,0.3116499918699265,0.07456318795681,0.0791904479265213,0.16243358030915261,0.6534309351444244,1.2224940061569214,0.9961338639259338,1.6475884914398193,1.5798715353012085,1.9231927394866943,1.1294134855270386,1.4859619140625,3.2134130001068115,0.9651084542274475,0.5618961453437805,2.7518887519836426,0.8129128217697144
350,0.0001,0.10040516838431358,0.9542916948246248,0.4513030236959457,0.7685032905551917,0.8643639953139218,58.3120973110199,0.11635572150349617,0.054431478194892406,0.07424668785184622,0.08143725074827671,0.11635572150349617,0.7514223295450211,0.16681184619665146,0.3297070637345314,0.09331860095262527,0.0789949694275856,0.16681184619665146,0.649588668346405,1.2194628715515137,0.9960260987281799,1.6479227542877197,1.5764678716659546,1.9210706949234009,1.1297688484191895,1.4845727682113647,3.2121431827545166,0.9651592969894409,0.5632286667823792,2.7480480670928955,0.8128404021263123
351,0.0001,0.09997026070952415,0.9549995700778747,0.4552356362342834,0.7658763508458538,0.8623996769227937,73.92913269996643,0.11549637362360954,0.05406651364639401,0.07380217250436544,0.08124352097511292,0.11549637362360954,0.7559417897462845,0.16296657770872117,0.3288134476542473,0.07976300701498985,0.07922142118215561,0.16296657770872117,0.6496562588214875,1.2184902429580688,0.9950656890869141,1.647993803024292,1.5765060186386108,1.9203276634216309,1.1301422119140625,1.4825853109359741,3.2105042934417725,0.965384304523468,0.5637248158454895,2.7440812587738037,0.8126684427261353
352,0.0001,0.0997956009209156,0.9543731192276995,0.44158258676528933,0.7676814882159553,0.8637662806056031,62.198885917663574,0.11686709254980088,0.05385821368545294,0.07378703199326991,0.08086712084710598,0.11686709254980088,0.7558054146170616,0.1599120631814003,0.31584410786628725,0.08175550326704979,0.07897902458906174,0.1599120631814003,0.6573997032642365,1.2166770696640015,0.9950724840164185,1.648413896560669,1.574074149131775,1.9183367490768433,1.1305115222930908,1.482222080230713,3.2087936401367188,0.96551913022995,0.5619407892227173,2.7408947944641113,0.812536358833313
353,0.0001,0.09929002948105335,0.9554993588293869,0.4469622761011124,0.7668227093737875,0.8633427617618845,62.41711616516113,0.11716631382703781,0.05318974070250988,0.07481790386140347,0.08093947723507881,0.11716631382703781,0.7505542349815368,0.16281078964471818,0.3198623821139336,0.07673570439219475,0.07752948462963104,0.16281078964471818,0.651133303642273,1.2170521020889282,0.9947245717048645,1.6485512256622314,1.5746207237243652,1.9170787334442139,1.1308404207229614,1.4779142141342163,3.208146810531616,0.9656898379325867,0.5609224438667297,2.7366561889648438,0.8125635385513306
354,0.0001,0.0992337516695261,0.954933650629222,0.43431107580661776,0.7744495906376541,0.8682810637991119,66.64990043640137,0.1159159380197525,0.05354198036715388,0.07462207578122616,0.08090698480606079,0.1159159380197525,0.753361731171608,0.15963752895593644,0.3068850749731064,0.07488195642828942,0.07898889780044556,0.15963752895593644,0.6543811976909637,1.2143394947052002,0.9935359954833984,1.6486570835113525,1.5727733373641968,1.9157230854034424,1.1313207149505615,1.474023699760437,3.206226110458374,0.9658463597297668,0.5603259801864624,2.732106924057007,0.8127493858337402
355,0.0001,0.10027603060007095,0.9544639237447864,0.4541636365652084,0.7648603066942211,0.8619924196098222,59.1689715385437,0.11622642982751132,0.05442595787346363,0.07394500225782394,0.08079576499760151,0.11622642982751132,0.7545487213134766,0.1617211064696312,0.32977451115846634,0.08549529239535332,0.079131261408329,0.1617211064696312,0.6567471516132355,1.214197039604187,0.9932517409324646,1.6490375995635986,1.5737255811691284,1.914548397064209,1.1316649913787842,1.4740654230117798,3.2038936614990234,0.9659737944602966,0.5610054135322571,2.7308907508850098,0.8125597238540649
356,0.0001,0.0990455973893404,0.9557939361849911,0.4480318439006805,0.767060935365989,0.8634774590965684,58.93022680282593,0.11758747413754463,0.05292174765840173,0.07590558778494597,0.08031273268163204,0.11758747413754463,0.7549319243431092,0.1643405631184578,0.3282295128703117,0.09541998714208604,0.07602381199598313,0.1643405631184578,0.6541848516464234,1.2136292457580566,0.9926974177360535,1.6495510339736938,1.5710479021072388,1.9137369394302368,1.131953239440918,1.4736552238464355,3.2024636268615723,0.9661723971366882,0.5597074627876282,2.7264766693115234,0.8127911686897278
357,0.0001,0.09927505515515804,0.9559066898419257,0.4490152248740196,0.768482232636909,0.8642777452411212,58.24288988113403,0.11717147782444953,0.05378360109403729,0.07362947776913643,0.08068027131259442,0.11717147782444953,0.7517132753133774,0.1637595835328102,0.3232427704334259,0.07907644584774971,0.07935228168964387,0.1637595835328102,0.6540369844436645,1.2136653661727905,0.9924353361129761,1.6499489545822144,1.5729775428771973,1.913609504699707,1.1320608854293823,1.4709945917129517,3.198436975479126,0.9663335084915161,0.5584750175476074,2.7256460189819336,0.812870442867279
358,0.0001,0.09766679219901561,0.9555913809735759,0.42289348006248473,0.7714371601551416,0.8667310695991616,60.3878219127655,0.11357458516955375,0.052866651117801665,0.07318881884217263,0.08081121228635312,0.11357458516955375,0.7607124316692352,0.16194130301475526,0.2904046335816383,0.07105882540345192,0.07868404507637024,0.16194130301475526,0.64664754986763,1.2116925716400146,0.991699755191803,1.6501288414001465,1.5700418949127197,1.9124871492385864,1.132421851158142,1.4678316116333008,3.19623064994812,0.9663736820220947,0.5564476251602173,2.7239720821380615,0.8129069805145264
359,0.0001,0.09603804469108582,0.9568334991816342,0.4219892507791519,0.7736136317379443,0.8679638647110484,61.170960426330566,0.11203937530517578,0.05257497549057007,0.07288028292357922,0.08114425733685493,0.11203937530517578,0.7623777031898499,0.15607147186994552,0.30004498183727263,0.08190740585327148,0.07914562463760376,0.15607147186994552,0.6618191075325012,1.2098816633224487,0.9909136891365051,1.6503194570541382,1.5679136514663696,1.912198781967163,1.132432460784912,1.4629031419754028,3.1921374797821045,0.9662841558456421,0.5551685690879822,2.720975399017334,0.813003420829773
360,0.0001,0.09552571102976799,0.9582704519546674,0.42763534277677534,0.7750631338014757,0.8689452128665955,61.642417192459106,0.1148191986232996,0.05117751413956285,0.07280359406024217,0.08082652144134045,0.1148191986232996,0.7558854496479035,0.16200617626309394,0.29863434806466105,0.07101443603634834,0.07892519414424896,0.16200617626309394,0.6496099925041199,1.2081894874572754,0.9903498888015747,1.6506532430648804,1.5644387006759644,1.9110958576202393,1.1326490640640259,1.4606988430023193,3.189168691635132,0.9659994840621948,0.5521388649940491,2.7157557010650635,0.8129815459251404
361,0.0001,0.09627556711435319,0.9565473358697761,0.44208711504936216,0.7704438754254397,0.8660164303052262,62.515970945358276,0.11360768232494593,0.05234084960073233,0.07313411116600037,0.0804599779099226,0.11360768232494593,0.7593582993745804,0.15851601660251619,0.3137391886115074,0.07305574402213097,0.07865570813417434,0.15851601660251619,0.6550807178020477,1.2091087102890015,0.9898208379745483,1.6508548259735107,1.5679683685302734,1.9112248420715332,1.1328731775283813,1.4609743356704712,3.1878867149353027,0.9662602543830872,0.552068829536438,2.712982177734375,0.81291264295578
362,0.0001,0.09624431535601616,0.9573698254330997,0.43287584483623504,0.7735235092239259,0.8678213794747398,61.38213658332825,0.11533700250089168,0.051850344575941565,0.07242031838744879,0.08057039342820645,0.11533700250089168,0.7576200580596923,0.160834079682827,0.30635880887508393,0.07658724918961525,0.07890866786241531,0.160834079682827,0.6569196081161499,1.2077512741088867,0.9897387623786926,1.65106201171875,1.564856767654419,1.91033935546875,1.1332776546478271,1.4570460319519043,3.1864688396453857,0.9662516117095947,0.5504999756813049,2.7095232009887695,0.8128783702850342
363,0.0001,0.09480829466134309,0.957965722070381,0.44466127574443814,0.772271699565612,0.8670344682127191,62.80604887008667,0.11378841482102871,0.05088678129017353,0.0728014924749732,0.08072118997573853,0.11378841482102871,0.7613132458925247,0.15687229573726655,0.32422839164733885,0.07952212005853652,0.07783289402723312,0.15687229573726655,0.6594992530345917,1.2057828903198242,0.9891893863677979,1.6512597799301147,1.5620203018188477,1.9091088771820068,1.1334593296051025,1.4540621042251587,3.1833791732788086,0.9662620425224304,0.5477392077445984,2.7058491706848145,0.8131798505783081
364,0.0001,0.09774425614625215,0.9557989061394256,0.43383928835392,0.773981726068916,0.8680428199086253,62.379756689071655,0.11524275436997414,0.05304463164880872,0.07309578940272331,0.08061189688742161,0.11524275436997414,0.760978137254715,0.16004262551665305,0.3059923055768013,0.07150659784674644,0.07807364523410797,0.16004262551665305,0.6534850478172303,1.2047765254974365,0.9882515072822571,1.6514358520507812,1.5627970695495605,1.9095263481140137,1.1336405277252197,1.4541038274765015,3.181067705154419,0.9663504362106323,0.5475766062736511,2.7030317783355713,0.8131688237190247
365,0.0001,0.09526205688714981,0.9581889310484347,0.43664317578077316,0.7710822333147221,0.8665239320095179,63.65016794204712,0.11509842853993177,0.05125442836433649,0.07271259292960167,0.0805853210389614,0.11509842853993177,0.7576891621947288,0.1596734556555748,0.31640376403927806,0.08448588848114014,0.07743719398975372,0.1596734556555748,0.6605347311496734,1.205345630645752,0.9883241653442383,1.6516659259796143,1.562401533126831,1.9082281589508057,1.1338531970977783,1.4503974914550781,3.1790287494659424,0.9663687348365784,0.5481410026550293,2.6999897956848145,0.8131189346313477
366,0.0001,0.09573285430669784,0.9573589746691126,0.4480686229467392,0.7689556551148736,0.864930435362454,66.80781435966492,0.11432175848633051,0.051783839650452135,0.07265342433005571,0.07999499842524528,0.11432175848633051,0.760527937412262,0.1592055770754814,0.32276381433010104,0.0718848903477192,0.07851939737796783,0.1592055770754814,0.6565944039821625,1.2041404247283936,0.9878436923027039,1.6520897150039673,1.5600959062576294,1.9070574045181274,1.1341229677200317,1.4489842653274536,3.1768150329589844,0.966601550579071,0.5478051900863647,2.6983096599578857,0.8133375644683838
367,0.0001,0.09643884427845478,0.9571865581712201,0.42674783170223235,0.7765505572210779,0.8700760390015104,61.46685719490051,0.11720908794552087,0.051804528087377545,0.07349744357168675,0.08002368383109569,0.11720908794552087,0.7528953504562378,0.15703823640942574,0.3031958851218224,0.07493476614356041,0.07874167263507843,0.15703823640942574,0.6589457094669342,1.2036887407302856,0.9874529242515564,1.6524603366851807,1.5596779584884644,1.9075076580047607,1.1342713832855225,1.4471385478973389,3.174328565597534,0.9666225910186768,0.54743492603302,2.6961488723754883,0.8133675456047058
368,0.0001,0.09434222497045994,0.9582205848121786,0.42733375132083895,0.7748349419872899,0.8691023062550094,66.46092128753662,0.11486521005630493,0.05082768838852644,0.0728236123919487,0.080021468475461,0.11486521005630493,0.7556915527582169,0.1618596011400223,0.3001884835958481,0.07221979409456253,0.07857133179903031,0.1618596011400223,0.6517991602420807,1.2019202709197998,0.9873045682907104,1.6527106761932373,1.5577731132507324,1.9067331552505493,1.1344547271728516,1.4465044736862183,3.1711857318878174,0.9666423797607422,0.5475144386291504,2.6907436847686768,0.8135721683502197
369,0.0001,0.09333813473582268,0.9585079332132311,0.4373588517308235,0.7742366013076574,0.8685162774149602,64.06547045707703,0.11136576399207115,0.05058435920625925,0.07185239028185605,0.07995627999305725,0.11136576399207115,0.7657981312274933,0.1580040454864502,0.31797793969511984,0.07706005066633224,0.07864166408777237,0.1580040454864502,0.6588394653797149,1.2000370025634766,0.9868811964988708,1.6529090404510498,1.5560128688812256,1.9047315120697021,1.1347830295562744,1.4434133768081665,3.167773962020874,0.9666995406150818,0.5442814230918884,2.6877715587615967,0.8137998580932617
370,0.0001,0.09319406151771545,0.9585544482779385,0.4347309070825577,0.7722758988978567,0.8671668359538317,64.25108289718628,0.11333594720810652,0.050092267002910376,0.07168653309345245,0.07986109659075737,0.11333594720810652,0.7657795327901841,0.16068651974201204,0.3077430766820908,0.0754659652709961,0.07806980282068253,0.16068651974201204,0.6593705940246583,1.199784278869629,0.987036406993866,1.6533123254776,1.5541898012161255,1.9037154912948608,1.1352815628051758,1.4380080699920654,3.1661734580993652,0.9668248295783997,0.5419667363166809,2.6834754943847656,0.813726544380188
371,0.0001,0.09301026932895183,0.9584787144255977,0.4271947294473648,0.7785479629711781,0.871384444685668,62.22230553627014,0.11134774509817362,0.05026178363710642,0.07258949223905801,0.07988382533192634,0.11134774509817362,0.7692356783151627,0.15773553431034087,0.30741697788238526,0.07904735341668129,0.0790260899066925,0.15773553431034087,0.661285309791565,1.1979583501815796,0.9864875078201294,1.6535214185714722,1.5520870685577393,1.902799129486084,1.1355220079421997,1.43758225440979,3.1622507572174072,0.966845691204071,0.5415237545967102,2.6785647869110107,0.813673734664917
372,0.0001,0.09334335379302501,0.9596176311108242,0.43086969256401064,0.776201901727728,0.8701277488745647,62.837645053863525,0.11478975497186183,0.04997409790754318,0.07193169932812453,0.08004410184919834,0.11478975497186183,0.7577063626050949,0.15897424906492233,0.3114983522891998,0.08461536809802056,0.07684880256652832,0.15897424906492233,0.657815328836441,1.1982951164245605,0.9861376881599426,1.6537656784057617,1.551453948020935,1.9023610353469849,1.1357049942016602,1.4336341619491577,3.160065174102783,0.9667800068855286,0.5394207835197449,2.6762397289276123,0.8135908842086792
373,0.0001,0.09388789139688015,0.9585854288007556,0.43106780022382735,0.7739716551504011,0.868368378071204,63.298938035964966,0.11401178568601608,0.05047680247575045,0.07305175423622132,0.07923818707466125,0.11401178568601608,0.7609556275606155,0.15964219272136687,0.3111607787013054,0.08470527336001396,0.07767437219619751,0.15964219272136687,0.6591475629806518,1.1983085870742798,0.9860029220581055,1.6539636850357056,1.5526361465454102,1.901613712310791,1.1358733177185059,1.4320068359375,3.158745765686035,0.9666519165039062,0.5379022359848022,2.673180341720581,0.8135622143745422
374,0.0001,0.09651454143226147,0.9575921856042019,0.42544980376958846,0.775951926654471,0.8697448551060489,55.65103197097778,0.11665553826838732,0.05195693977177143,0.07293546225875616,0.08021626524627208,0.11665553826838732,0.7558759596943855,0.15778977543115616,0.30006353080272674,0.07692457973957062,0.07776315927505494,0.15778977543115616,0.6593047547340393,1.1975088119506836,0.9854291081428528,1.6542387008666992,1.5505356788635254,1.9010200500488281,1.1362160444259644,1.4258471727371216,3.1545677185058594,0.9666852355003357,0.5351927876472473,2.6706182956695557,0.8139404654502869
375,0.0001,0.09530064471065998,0.9577784917889209,0.4379424244165421,0.7715155725142586,0.866551850370544,57.72101855278015,0.11243230096995831,0.0512096444144845,0.07230084776878357,0.08011449836194515,0.11243230096995831,0.7653296661376953,0.16126672863960267,0.3120159894227982,0.0780511112511158,0.07753177702426911,0.16126672863960267,0.6569541585445404,1.1974599361419678,0.9853240847587585,1.6544443368911743,1.5511305332183838,1.900481939315796,1.1363252401351929,1.424193263053894,3.1537792682647705,0.9667328000068665,0.5345401763916016,2.667973041534424,0.8140687346458435
376,0.0001,0.09462572135031223,0.9570637531511772,0.4387583494186401,0.7687444571935212,0.8650441350822625,59.994293451309204,0.1131730567291379,0.051573726143687965,0.07179275400936604,0.07952886983752251,0.1131730567291379,0.7535168072581291,0.1648453076183796,0.3019730061292648,0.06602924972772599,0.07832413166761398,0.1648453076183796,0.6447048926353455,1.196987271308899,0.9853111505508423,1.654568076133728,1.5539031028747559,1.9005309343338013,1.1363732814788818,1.4243407249450684,3.1521921157836914,0.9668422937393188,0.5340578556060791,2.6627986431121826,0.8140881657600403
377,0.0001,0.09474905163049697,0.9582058915078151,0.44172114491462705,0.7712868780850668,0.8665020758233131,66.45406723022461,0.11390109188854694,0.050865853540599346,0.07399387862533331,0.07934747494757176,0.11390109188854694,0.7628486806154251,0.15977236092090608,0.3168691125512123,0.08144401714205741,0.07719525933265686,0.15977236092090608,0.6575211095809936,1.1962573528289795,0.9844127297401428,1.6548594236373901,1.5515412092208862,1.8989782333374023,1.136856198310852,1.4226049184799194,3.1511566638946533,0.9669457077980042,0.5340490341186523,2.6598386764526367,0.8141247034072876
378,0.0001,0.09361208535730839,0.958294783658474,0.44136481821537016,0.7692486898462085,0.8655086216004326,66.18739891052246,0.11484433487057685,0.05044935321435332,0.07184198431670666,0.07935723416507244,0.11484433487057685,0.7567541128396988,0.16109945237636566,0.31329934656620023,0.07636733576655388,0.07712633222341538,0.16109945237636566,0.6500711512565612,1.1959253549575806,0.9842825531959534,1.654981017112732,1.5501246452331543,1.898781657218933,1.1371968984603882,1.4208353757858276,3.1492156982421875,0.9670760035514832,0.5325669646263123,2.6605429649353027,0.8141469359397888
379,0.0001,0.09353042520582676,0.9589867450714212,0.43159607738256456,0.7749813214903978,0.8692752656368754,63.597301721572876,0.11409357897937297,0.0503903341665864,0.07266022253781557,0.07918003007769585,0.11409357897937297,0.7586318284273148,0.1599031150341034,0.3049478855729103,0.07422026664018631,0.07781956255435944,0.1599031150341034,0.6564516234397888,1.1945031881332397,0.9834712147712708,1.6550236940383911,1.5470460653305054,1.8982824087142944,1.1374499797821045,1.418999195098877,3.1467976570129395,0.9672382473945618,0.5322427153587341,2.656876564025879,0.8142353296279907
380,0.0001,0.09277449201792479,0.959137739255635,0.44404437988996504,0.7736926983900557,0.867886817780997,68.13254117965698,0.11100499305874109,0.05016502434387803,0.07207787424325943,0.07997344046831131,0.11100499305874109,0.7643930029869079,0.16740416318178178,0.3074540074169636,0.06599394559860229,0.07728184014558792,0.16740416318178178,0.6446579337120056,1.1945592164993286,0.982853889465332,1.6553747653961182,1.5495773553848267,1.8976362943649292,1.137954592704773,1.4167672395706177,3.1445438861846924,0.9674772620201111,0.5308831930160522,2.6531383991241455,0.8143584132194519
381,0.0001,0.09250087760388852,0.9593732764531463,0.4298279047012329,0.7763145382802683,0.8696357017359696,64.71054720878601,0.11233284577727318,0.049854986183345315,0.07217908993363381,0.07925725035369396,0.11233284577727318,0.765991723537445,0.16153172254562378,0.29566717088222505,0.06917363092303276,0.07781657874584198,0.16153172254562378,0.6559155392646789,1.1926944255828857,0.9822803735733032,1.6556625366210938,1.5489753484725952,1.8967065811157227,1.1381458044052124,1.4158518314361572,3.1419878005981445,0.967284083366394,0.5299298763275146,2.6505539417266846,0.8143349885940552
382,0.0001,0.09223477903753519,0.9592201339994599,0.4349993705749512,0.7745980040536954,0.8687376290198111,62.40253043174744,0.1124839236587286,0.04953886104747653,0.07240411370992661,0.07950595393776894,0.1124839236587286,0.7584432309865952,0.16002853944897652,0.3053363281488419,0.07101527467370033,0.07813271075487137,0.16002853944897652,0.6564817595481872,1.191483736038208,0.9815974235534668,1.6560765504837036,1.5467976331710815,1.8964163064956665,1.1383121013641357,1.413656234741211,3.140855312347412,0.9672583937644958,0.5282446146011353,2.647583246231079,0.8144297003746033
383,0.0001,0.09278942283242941,0.959224164490217,0.42094294518232345,0.7800294728529923,0.8723870187693534,58.755430459976196,0.11080953769385815,0.050216045659035445,0.07165957774966955,0.07925780452787876,0.11080953769385815,0.7687112927436829,0.15922389596700667,0.2973262596130371,0.08116580381989479,0.07721578985452653,0.15922389596700667,0.660516949892044,1.1910045146942139,0.9811427593231201,1.656325340270996,1.5458523035049438,1.8954657316207886,1.1385550498962402,1.4109017848968506,3.1392979621887207,0.9671571254730225,0.5297300219535828,2.6440188884735107,0.814470648765564
384,0.0001,0.0925564332306385,0.9585620222526668,0.42871516972780227,0.7755540001329408,0.8693198030934641,67.18020868301392,0.11249363996088504,0.04987823877483606,0.07170241832733154,0.0797098034247756,0.11249363996088504,0.7623124116659165,0.16239489525556564,0.29870250657200814,0.07297032609581948,0.07676463514566421,0.16239489525556564,0.6531294083595276,1.191145658493042,0.9810234308242798,1.6565991640090942,1.544259786605835,1.8951644897460938,1.1388604640960693,1.4091325998306274,3.1372649669647217,0.967120885848999,0.5278483033180237,2.640251874923706,0.8143515586853027
385,0.0001,0.0938130034506321,0.9590344851853441,0.4420248591899872,0.7730089811200497,0.867610640728303,57.62299394607544,0.1147738528251648,0.04988947253674269,0.07186111815273762,0.07931026719510555,0.1147738528251648,0.7577418702840805,0.15977444350719452,0.31871642500162123,0.07921881228685379,0.07695219248533249,0.15977444350719452,0.6614731359481811,1.1911818981170654,0.980937659740448,1.6568546295166016,1.5434036254882812,1.8937712907791138,1.1391608715057373,1.4076390266418457,3.1356663703918457,0.9670723080635071,0.5269368886947632,2.6349992752075195,0.8143607378005981
386,0.0001,0.09369888637214899,0.957950613268993,0.4209154999256134,0.7803291588746258,0.8727562249987156,65.49392437934875,0.11112709067761899,0.051240850538015366,0.0709711406007409,0.07945819072425366,0.11112709067761899,0.7675818848609924,0.15955304294824602,0.29227827951312063,0.070570547580719,0.07771927118301392,0.15955304294824602,0.6553011655807495,1.1905397176742554,0.9807353615760803,1.6570775508880615,1.5446960926055908,1.8930519819259644,1.1395779848098755,1.4066921472549438,3.1338040828704834,0.96729975938797,0.5263476371765137,2.6330084800720215,0.8147528171539307
387,0.0001,0.090816242210567,0.9604913763240317,0.4362322589755058,0.7755620522530777,0.8695772284581301,62.41178035736084,0.11023612279444933,0.0487505759857595,0.07182709921151399,0.07948711149394512,0.11023612279444933,0.771565842628479,0.1563623982667923,0.3166822677850723,0.0816281297802925,0.07677416801452637,0.1563623982667923,0.6624056386947632,1.1890323162078857,0.9800502061843872,1.6573481559753418,1.5443649291992188,1.892419695854187,1.139807939529419,1.4054547548294067,3.131220817565918,0.9671984314918518,0.5246998071670532,2.6296091079711914,0.8148671388626099
388,0.0001,0.0916088242828846,0.959960501277349,0.4301826047897339,0.7803954681781369,0.8725101510693415,60.31565284729004,0.11357541248202324,0.04929743191227317,0.07177672937512397,0.07937606602907181,0.11357541248202324,0.7648758882284165,0.16037165194749833,0.30832621216773987,0.07569795355200767,0.07724213302135467,0.16037165194749833,0.6567594981193543,1.187659502029419,0.980000913143158,1.6574653387069702,1.5433120727539062,1.891499638557434,1.14006507396698,1.4020668268203735,3.1285738945007324,0.9671571850776672,0.5225782990455627,2.625786066055298,0.8147651553153992
389,0.0001,0.09344402745366097,0.9588425987412669,0.4394219931960106,0.7755461993864488,0.869539031171513,59.8295783996582,0.11342283066362142,0.050979434568434956,0.0713463844358921,0.07924806751310826,0.11342283066362142,0.7650453460216522,0.1605125293135643,0.3160290288925171,0.07817236721515655,0.0764986002445221,0.1605125293135643,0.6585037267208099,1.1872915029525757,0.9797325730323792,1.6577509641647339,1.5416635274887085,1.8915022611618042,1.1403019428253174,1.4023820161819458,3.125769853591919,0.9670958518981934,0.5214229226112366,2.6220102310180664,0.814551055431366
390,0.0001,0.09232042863965034,0.9592284789676928,0.4431067708134651,0.7744392635878401,0.8685702909441494,61.021934270858765,0.1118427862599492,0.04954317985102534,0.07124803062528372,0.0794154505431652,0.1118427862599492,0.769016141295433,0.1567073279619217,0.3230270636081696,0.07629360184073448,0.07695159882307052,0.1567073279619217,0.6603930616378784,1.1869840621948242,0.9793830513954163,1.6576998233795166,1.5406185388565063,1.8907369375228882,1.140559434890747,1.3990737199783325,3.1240570545196533,0.967312216758728,0.5191054940223694,2.620279312133789,0.814612627029419
391,0.0001,0.09128538362681865,0.9605350818409497,0.4496834409236908,0.7711780245513071,0.8663261006640126,60.139710664749146,0.11283804975450039,0.049154387824237346,0.07121305141597986,0.07943678766489029,0.11283804975450039,0.7656697076559067,0.16038748294115066,0.3254097732901573,0.08133267834782601,0.0765980076789856,0.16038748294115066,0.6589422583580017,1.1855847835540771,0.9790987372398376,1.657924771308899,1.5400598049163818,1.8904879093170166,1.1407912969589233,1.3980647325515747,3.1215107440948486,0.9672827124595642,0.5172366499900818,2.616860866546631,0.8147801160812378
392,0.0001,0.09121371790766716,0.9597923178721252,0.4356791856884956,0.7738692071688337,0.8684568130164508,59.50439929962158,0.11246079415082931,0.04914675075560808,0.07121617984026671,0.07941610500216484,0.11246079415082931,0.7607116550207138,0.1598298616707325,0.3149044892191887,0.07830162748694419,0.07672546058893204,0.1598298616707325,0.6561204338073731,1.184667944908142,0.9786646962165833,1.658191442489624,1.5390852689743042,1.8895536661148071,1.141140341758728,1.397866129875183,3.118804931640625,0.9671736359596252,0.5178323984146118,2.6142659187316895,0.8146814703941345
393,0.0001,0.0907543347775936,0.9605060047213765,0.4368606770038605,0.7759960190870189,0.8695474561609048,59.989449977874756,0.11128579836338759,0.048562049865722656,0.07158070642501116,0.07912511475384236,0.11128579836338759,0.7650222724676132,0.16024644151329995,0.30920456737279894,0.07256395518779754,0.07700630694627762,0.16024644151329995,0.6546211576461792,1.184059500694275,0.9783005714416504,1.6583447456359863,1.5392775535583496,1.8883196115493774,1.1414189338684082,1.3957860469818115,3.1164426803588867,0.967423141002655,0.5161125063896179,2.6117749214172363,0.8147817254066467
394,0.0001,0.08999658524990081,0.9612013085506512,0.4334255915880203,0.7774797659806193,0.8706365654799706,63.4992995262146,0.11157422356307506,0.04830265110358596,0.07116478335112333,0.07892779119312764,0.11157422356307506,0.7669285035133362,0.15941382229328155,0.31251674979925154,0.07761885896325112,0.07631587117910385,0.15941382229328155,0.656756739616394,1.1819159984588623,0.9776532053947449,1.658621907234192,1.5361614227294922,1.8877511024475098,1.14146888256073,1.3930131196975708,3.113927125930786,0.9673846364021301,0.5168399810791016,2.6101951599121094,0.8148624897003174
395,0.0001,0.0908394256606698,0.9602163083817432,0.42754175782203674,0.7783541967184846,0.8713168054359818,62.06627941131592,0.11023672897368669,0.0490616468898952,0.07100400902330875,0.07839496918022633,0.11023672897368669,0.767808889746666,0.15937745556235314,0.3027884575724602,0.07336423248052597,0.07645517319440842,0.15937745556235314,0.655435299873352,1.1807870864868164,0.9772616028785706,1.658735990524292,1.5335310697555542,1.887338638305664,1.1417088508605957,1.389192819595337,3.111409902572632,0.9673430323600769,0.5152353644371033,2.6072189807891846,0.8150385022163391
396,0.0001,0.09024952366948127,0.9601150734614337,0.4409737515449524,0.7750205945559263,0.8689638788859513,62.99992060661316,0.11229924894869328,0.04783902511000633,0.0710255555063486,0.07863654114305973,0.11229924894869328,0.7625369095802307,0.16008605539798737,0.3195104637742043,0.07727738812565804,0.07576811581850051,0.16008605539798737,0.662346625328064,1.181005597114563,0.9771527051925659,1.658884882926941,1.5341066122055054,1.886374592781067,1.1418843269348145,1.3872557878494263,3.1086628437042236,0.9673564434051514,0.5125934481620789,2.603774309158325,0.8151857852935791
397,0.0001,0.09149076960980893,0.9601040555456585,0.42077138781547546,0.7793531428709841,0.8718035931473094,61.84775352478027,0.1123607949912548,0.048958559185266495,0.07125519011169672,0.07827105194330215,0.1123607949912548,0.7653068631887436,0.15886473044753074,0.2946266281604767,0.07247637927532197,0.07586916089057923,0.15886473044753074,0.6583410584926606,1.180959701538086,0.9766322374343872,1.659171462059021,1.533288598060608,1.885333776473999,1.1421914100646973,1.3863412141799927,3.107983350753784,0.9676592350006104,0.5113764405250549,2.6010537147521973,0.8152408599853516
398,0.0001,0.09048749558627606,0.9604204847025894,0.456296971142292,0.7666897345176164,0.8635146139585325,60.27324295043945,0.11021271996200084,0.049015490505844354,0.07135157879441976,0.07825791746377946,0.11021271996200084,0.7665515202283859,0.15989045411348343,0.3321193000674248,0.07715988650918007,0.07549080699682235,0.15989045411348343,0.6551353931427002,1.1803534030914307,0.9763661026954651,1.659433126449585,1.5341923236846924,1.8851739168167114,1.1425013542175293,1.386441707611084,3.1080610752105713,0.9674986600875854,0.5090275406837463,2.5990917682647705,0.8151001930236816
399,0.0001,0.08983321093022824,0.9612784901464299,0.44165305227041246,0.7749333494447989,0.8687322371349449,57.72152304649353,0.10948658987879753,0.04858977414667606,0.07143437266349792,0.07868770807981491,0.10948658987879753,0.771295610666275,0.16259494483470915,0.31615403920412066,0.07347218558192253,0.07689734995365143,0.16259494483470915,0.6582845318317413,1.1797125339508057,0.976220428943634,1.6595988273620605,1.5319992303848267,1.8841094970703125,1.142744779586792,1.3843668699264526,3.106797456741333,0.9675186276435852,0.5076740384101868,2.594351291656494,0.8152589797973633
