epoch,lr,loss,iou,val_loss,val_iou,val_dice,epoch_sec,train_ctrl,train_foc,train_ma_mean,train_rho_std,train_ctrl_bce,train_cell_iou,val_ctrl,val_foc,val_ma_mean,val_rho_std,val_ctrl_bce,val_cell_iou,norm_route1_wc,norm_route1_wa,norm_route1_beta,norm_route2_wc,norm_route2_wa,norm_route2_beta,norm_route3_wc,norm_route3_wa,norm_route3_beta,norm_route4_wc,norm_route4_wa,norm_route4_beta
0,0.0001,1.2882076650857925,0.44953078273965036,1.3855878295320454,0.08849904182270066,0.16251024390964622,69.63141536712646,0.6929734796285629,0.6282169483602047,0.9989302232861519,0.0,0.6929734796285629,0.2598751848563552,0.6931369124036847,0.6991396203185573,0.9997447873606826,0.0,0.6931369124036847,0.5262488162878788,0.012108090333640575,0.019377637654542923,0.00838510412722826,0.01365696545690298,0.03131132200360298,0.008539735339581966,0.018294911831617355,0.06646832823753357,0.008743004873394966,0.012721844017505646,0.06966748833656311,0.007769403979182243
1,0.0001,1.163058616220951,0.6019819349336749,1.3376429478327434,0.528885596174105,0.6898175189662645,13.016791820526123,0.6918024495244026,0.5546031333506107,0.9967468529939651,0.0,0.6918024495244026,0.47208110243082047,0.6930493694363218,0.7012573010993727,0.9969752196109656,0.0,0.6930493694363218,0.5262488162878788,0.019403329119086266,0.03942445293068886,0.019841685891151428,0.02418895810842514,0.05782543122768402,0.0197935551404953,0.01767227239906788,0.12188879400491714,0.014371084980666637,0.011858589015901089,0.11372995376586914,0.01238597184419632
2,0.0001,1.0839240029454231,0.6514119329516741,1.3355924432927913,0.5288890491943832,0.6898204305204998,10.167388916015625,0.6891883611679077,0.5097654350101948,0.9920531995594501,0.0,0.6891883611679077,0.5321293771266937,0.6927181807431307,0.7478777404987451,0.989192373824842,0.0,0.6927181807431307,0.5262488162878788,0.038320887833833694,0.058529891073703766,0.0326714925467968,0.0489632748067379,0.0799480527639389,0.031791094690561295,0.033249352127313614,0.17492029070854187,0.019483214244246483,0.026328202337026596,0.1580495536327362,0.018555542454123497
3,0.0001,1.0356360077857971,0.6743713797925512,1.3383488618966304,0.5288890491943832,0.6898204305204998,13.111829280853271,0.6851881667971611,0.4831730257719755,0.9852661937475204,0.0,0.6851881667971611,0.5528453327715397,0.6924207571781043,0.740553263461951,0.9831102833603368,0.0,0.6924207571781043,0.5262488162878788,0.05273579806089401,0.07644915580749512,0.046296294778585434,0.055572111159563065,0.09880919009447098,0.044265035539865494,0.04326758533716202,0.2340940237045288,0.023955952376127243,0.03797420859336853,0.20789527893066406,0.024281632155179977
4,0.0001,0.9736746326088905,0.7168191077958911,1.3330128048405503,0.5201169259649827,0.6818528978859834,9.53638768196106,0.6789152733981609,0.44518162682652473,0.9752486385405064,0.0,0.6789152733981609,0.5714587550610304,0.6918345292409261,0.7497043356750951,0.9749867825797109,0.0,0.6918345292409261,0.5262488162878788,0.07432866096496582,0.0948331356048584,0.060863643884658813,0.08017060160636902,0.11708390712738037,0.0583202987909317,0.056100111454725266,0.2830485999584198,0.027956824749708176,0.0544828362762928,0.2514245808124542,0.029090004041790962
5,0.0001,0.9586541093885899,0.7106249047816282,1.2652187672528354,0.5347403550747722,0.6947652131824433,9.63767409324646,0.6722013764083385,0.44132445752620697,0.9651596136391163,0.0,0.6722013764083385,0.5870076939463615,0.68974912889076,0.6944121519724528,0.9669524069988367,0.0,0.68974912889076,0.5264227462537361,0.09088253974914551,0.11194203048944473,0.07461980730295181,0.09086605906486511,0.13580654561519623,0.07072381675243378,0.07477781921625137,0.33521389961242676,0.03245486319065094,0.07516071945428848,0.2980082631111145,0.03320712223649025
6,0.0001,0.9217142388224602,0.7329530278512023,1.106420332735235,0.586799616189466,0.7380783514565996,10.116521835327148,0.6639818176627159,0.41875159554183483,0.9524934589862823,0.0,0.6639818176627159,0.5893293283879757,0.6823771577892881,0.5395067857973503,0.9531783154516509,0.0,0.6823771577892881,0.5307343575087461,0.10382695496082306,0.12659160792827606,0.0878571942448616,0.09779927879571915,0.15519391000270844,0.0827351063489914,0.08982857316732407,0.396632581949234,0.03769144043326378,0.09563378989696503,0.355396568775177,0.03903501480817795
7,0.0001,0.8949861563742161,0.7466181456016059,1.0785756905873616,0.5848809751382006,0.7366084214192594,9.464395999908447,0.6543841399252415,0.40827868320047855,0.9384442493319511,0.0,0.6543841399252415,0.613229539245367,0.6746632781895724,0.5218167413364757,0.9450861071095322,0.0,0.6746632781895724,0.5565604712023879,0.12080449610948563,0.1401200145483017,0.10107818990945816,0.11109045147895813,0.17017123103141785,0.09408297389745712,0.09897653013467789,0.4419059157371521,0.04287333786487579,0.11198826134204865,0.4071544408798218,0.044713787734508514
8,0.0001,0.8703350089490414,0.758169395709799,1.0418075648221103,0.6104611004145065,0.7552906696617733,10.183558464050293,0.6439367942512035,0.3936552405357361,0.9223425835371017,0.0,0.6439367942512035,0.614321880042553,0.667068494088722,0.5054962996280554,0.9342383886828567,0.0,0.667068494088722,0.5730262470967842,0.1406717300415039,0.1521972268819809,0.11461634188890457,0.12438447028398514,0.1827586591243744,0.10522876679897308,0.12161918729543686,0.4894823729991913,0.04770715534687042,0.13140882551670074,0.46571892499923706,0.05017785727977753
9,0.0001,0.8467949405312538,0.7752441427404712,1.153330051537716,0.4643438602080951,0.6327747560784016,9.858859777450562,0.6332954876124859,0.3869308829307556,0.9064539037644863,0.0,0.6332954876124859,0.630875539034605,0.6661981633215239,0.5626380028146686,0.9201514142932314,0.0,0.6661981633215239,0.5632924220778726,0.16168560087680817,0.16405461728572845,0.12836985290050507,0.13671155273914337,0.19408008456230164,0.11594822257757187,0.14610159397125244,0.5293251872062683,0.052396126091480255,0.14706368744373322,0.512589156627655,0.05408448725938797
10,0.0001,0.8370977118611336,0.7729403814275883,0.9451692140463627,0.6849405946950062,0.8110706558649692,9.186727046966553,0.6219391524791718,0.38105468451976776,0.8902313373982906,0.0,0.6219391524791718,0.6402050592005253,0.6533060904705164,0.45207624182556616,0.9059027595953508,0.0,0.6533060904705164,0.5855935152732965,0.18346713483333588,0.17515034973621368,0.14170275628566742,0.14916397631168365,0.204356387257576,0.12673357129096985,0.1569536179304123,0.5733529925346375,0.05740585923194885,0.16141143441200256,0.5705422759056091,0.058159954845905304
11,0.0001,0.8105423711240292,0.7887986585449701,1.072670604243423,0.5430841424876319,0.7023290241690675,9.2337007522583,0.6097663007676601,0.3683795612305403,0.8732176162302494,0.0,0.6097663007676601,0.6515361554920673,0.6474916808532946,0.5215565273256013,0.9102852452885021,0.0,0.6474916808532946,0.6080880156069091,0.20579703152179718,0.1856541633605957,0.15459120273590088,0.16310666501522064,0.2167082279920578,0.1376519650220871,0.16899706423282623,0.6057405471801758,0.06093958392739296,0.17982687056064606,0.6363941431045532,0.061385639011859894
12,0.0001,0.8025260679423809,0.7902523586656498,0.9803408998431582,0.6465526418407616,0.7844671758252395,9.58678650856018,0.5985130928456783,0.3660251423716545,0.8545845821499825,0.0,0.5985130928456783,0.6596251279115677,0.644676103736415,0.4697067520835183,0.8835665457176439,0.0,0.644676103736415,0.5904883588805343,0.23053085803985596,0.19662578403949738,0.16795474290847778,0.17974407970905304,0.22953739762306213,0.14767323434352875,0.18336211144924164,0.6511538624763489,0.06457121670246124,0.19920800626277924,0.6973471641540527,0.06637292355298996
13,0.0001,0.7722886502742767,0.8123764890857378,0.9695804552598433,0.6639480133735468,0.7957738681978775,9.488604545593262,0.5857189819216728,0.350708544254303,0.8357536494731903,0.0,0.5857189819216728,0.666199654340744,0.6356754483598651,0.47396975033210986,0.8651407920952999,0.0,0.6356754483598651,0.5979032435200431,0.250809907913208,0.206712543964386,0.18089650571346283,0.1975230574607849,0.23940971493721008,0.15755869448184967,0.1987966150045395,0.6752756834030151,0.06766454875469208,0.2123039960861206,0.7348213195800781,0.06987349689006805
14,0.0001,0.7865142300724983,0.7960406394657682,0.9491933692585338,0.6789610713040569,0.8068907365742963,9.419662475585938,0.5784243866801262,0.36365981213748455,0.8173556700348854,0.0,0.5784243866801262,0.6629396229982376,0.6430971586343014,0.45756625226049713,0.8509144548213843,0.0,0.6430971586343014,0.5690104518875931,0.2687986493110657,0.21624702215194702,0.19346897304058075,0.2115728259086609,0.2493729144334793,0.16656622290611267,0.20588001608848572,0.7090492844581604,0.07182828336954117,0.2252565324306488,0.7929201722145081,0.07386120408773422
15,0.0001,0.7700794339179993,0.7996989697762144,1.0021345290270718,0.6092194202282485,0.7561198195347141,9.482200145721436,0.5686332732439041,0.35564467869699,0.8020909316837788,0.0,0.5686332732439041,0.6670541353523731,0.6370155124953298,0.4863172173500061,0.8609009475419016,0.0,0.6370155124953298,0.593939460588224,0.28860801458358765,0.22486190497875214,0.20545940101146698,0.22062082588672638,0.2591843008995056,0.17430341243743896,0.22272560000419617,0.7347834706306458,0.07592438161373138,0.23690560460090637,0.8191139101982117,0.07673130184412003
16,0.0001,0.7676596008241177,0.7980679085043111,0.9742450786359382,0.6571152403402161,0.7894096591306042,9.751020431518555,0.5604866333305836,0.35645805299282074,0.7847823947668076,0.0,0.5604866333305836,0.6623247265815735,0.6355939290740273,0.4798264268672828,0.8292219783320571,0.0,0.6355939290740273,0.5780692877191486,0.3061017394065857,0.2336752563714981,0.21708068251609802,0.22921030223369598,0.2685113549232483,0.1814917027950287,0.2410987764596939,0.7742352485656738,0.08062084019184113,0.2578752338886261,0.8744491934776306,0.08111963421106339
17,0.0001,0.7282573394477367,0.8291970735116846,0.983805548061024,0.6485378262607945,0.7851060485882077,9.675869703292847,0.5451016277074814,0.33323767967522144,0.7709008492529392,0.0,0.5451016277074814,0.6881895586848259,0.6216610254663409,0.47826372132156836,0.821786616787766,0.0,0.6216610254663409,0.5972462820284294,0.3258534073829651,0.24220694601535797,0.2290765345096588,0.2365531474351883,0.2771799564361572,0.18959839642047882,0.24857264757156372,0.7985582947731018,0.08353778719902039,0.2646952271461487,0.9212905764579773,0.0832517221570015
18,0.0001,0.7220709659159184,0.8247018987517524,1.025215340383125,0.5763548113315152,0.7289519658526274,9.451011180877686,0.5407404899597168,0.3332556523382664,0.7539351470768452,0.0,0.5407404899597168,0.6809804849326611,0.6279754602547848,0.5054539694930568,0.8269757213014545,0.0,0.6279754602547848,0.5897023406895724,0.34033986926078796,0.25024545192718506,0.2406637966632843,0.2501954734325409,0.28415730595588684,0.1982145607471466,0.260258287191391,0.8136682510375977,0.08656282722949982,0.2729433476924896,0.9607117176055908,0.08689679950475693
19,0.0001,0.7097051553428173,0.8282335197654804,0.9937365127332283,0.6391329407093067,0.7757903704773772,9.464917421340942,0.523569019511342,0.3309212476015091,0.7324414327740669,0.0,0.523569019511342,0.6884704008698463,0.6277201609178023,0.48934466369224316,0.8074586788813273,0.0,0.6277201609178023,0.5756829128120885,0.35590261220932007,0.25917625427246094,0.2520769536495209,0.2625909745693207,0.29064828157424927,0.20678748190402985,0.2727963924407959,0.8250342011451721,0.08984105288982391,0.28352656960487366,0.9717025756835938,0.09036591649055481
20,0.0001,0.7048166356980801,0.8275573891335379,0.9778485009164521,0.6333070348039406,0.7723084263406301,9.63387942314148,0.5174340326339006,0.33050302043557167,0.718768022954464,0.0,0.5174340326339006,0.6943704336881638,0.6195938424630598,0.48299897800792346,0.8472196784886447,0.0,0.6195938424630598,0.6242373540545955,0.37083548307418823,0.26742812991142273,0.26321572065353394,0.2739216089248657,0.2974829375743866,0.2150011509656906,0.28030654788017273,0.8365939259529114,0.09239572286605835,0.2913312315940857,0.9946396350860596,0.09324299544095993
21,0.0001,0.7007917687296867,0.8265320816555084,0.9280941414110588,0.6932590109137352,0.8157176934833391,9.752448320388794,0.5094838999211788,0.3335900157690048,0.7062887512147427,0.0,0.5094838999211788,0.698281891644001,0.6145707964897156,0.4791236032139171,0.7704765164490902,0.0,0.6145707964897156,0.5877407942757462,0.3855804204940796,0.2754155099391937,0.2738949656486511,0.2829555869102478,0.3054649531841278,0.22192727029323578,0.2883637547492981,0.8559735417366028,0.09555694460868835,0.3015739619731903,1.035153865814209,0.09595660120248795
22,0.0001,0.6813039109110832,0.8385199414691771,0.9137559298313025,0.6803404637139713,0.8061869962209937,9.300375699996948,0.49850718304514885,0.32336675748229027,0.6924665756523609,0.0,0.49850718304514885,0.713798962533474,0.5952627369851777,0.461041246399735,0.8148506446318193,0.0,0.5952627369851777,0.6405837021090768,0.39851871132850647,0.28293633460998535,0.28486213088035583,0.29049381613731384,0.312242716550827,0.2281832993030548,0.297947496175766,0.877621054649353,0.09836400300264359,0.30892708897590637,1.0496289730072021,0.0989435613155365
23,0.0001,0.6682871878147125,0.8447680273648359,0.8752390832612009,0.6951342930723583,0.818601538283998,9.456604719161987,0.4906879588961601,0.316631443798542,0.6775685995817184,0.0,0.4906879588961601,0.7124561667442322,0.5895811499971332,0.4288677320335851,0.7937692385731321,0.0,0.5895811499971332,0.6478641584064021,0.4122273921966553,0.29045575857162476,0.29533177614212036,0.30099382996559143,0.31868189573287964,0.23536618053913116,0.3051466643810272,0.8964816927909851,0.10058524459600449,0.3194521367549896,1.066502332687378,0.10180199146270752
24,0.0001,0.6666551530361176,0.842215075292056,1.0559033697301692,0.5282111313904708,0.6901829338039809,9.131975173950195,0.48140114918351173,0.3182130139321089,0.6620629727840424,0.0,0.48140114918351173,0.7177795171737671,0.5965488462737112,0.5265135728951656,0.7896234013817527,0.0,0.5965488462737112,0.6239972584175341,0.4231749475002289,0.297158420085907,0.30576324462890625,0.3080269992351532,0.3266615569591522,0.24166066944599152,0.31444841623306274,0.9164481163024902,0.10316483676433563,0.32775530219078064,1.083727478981018,0.10509026795625687
25,0.0001,0.6742518655955791,0.8294783613651436,0.8672508254195704,0.705764747773966,0.8247594669451461,9.806851625442505,0.47756983898580074,0.3300991989672184,0.6498821787536144,0.0,0.47756983898580074,0.710408516228199,0.5905285712444421,0.43176316131245007,0.7874054403016062,0.0,0.5905285712444421,0.6279002771233068,0.4350784122943878,0.3028733730316162,0.31552520394325256,0.31206440925598145,0.32915598154067993,0.24700790643692017,0.32582080364227295,0.9356250166893005,0.10593397915363312,0.33397170901298523,1.094085693359375,0.10801481455564499
26,0.0001,0.6706902720034122,0.8309139641640286,0.8696742997024999,0.7228766698365153,0.8358844377315559,9.504087924957275,0.47464768029749393,0.3287758268415928,0.6383682414889336,0.0,0.47464768029749393,0.7080883458256721,0.6098310080441561,0.4456997567957098,0.7288909753163656,0.0,0.6098310080441561,0.5797798687761481,0.44664430618286133,0.3088921904563904,0.32466983795166016,0.3190062940120697,0.3362365961074829,0.25339454412460327,0.33581477403640747,0.9568123817443848,0.10910636186599731,0.3389739990234375,1.109978199005127,0.11089373379945755
27,0.0001,0.6502013057470322,0.8419850809623054,0.9164282986612031,0.6734755655805312,0.8006910411889343,9.601079940795898,0.4624375943094492,0.3199512343853712,0.631495364010334,0.0,0.4624375943094492,0.7275094874203205,0.5801262133049242,0.46293991442882654,0.7336383480014224,0.0,0.5801262133049242,0.62609156424349,0.4576205909252167,0.3163357377052307,0.33398792147636414,0.3262368440628052,0.34551873803138733,0.2596440017223358,0.340794175863266,0.9685639142990112,0.10994947701692581,0.3457694351673126,1.1266026496887207,0.11461879312992096
28,0.0001,0.6435085833072662,0.8454199838851154,0.7990194956461588,0.755787797577025,0.8584141217799618,11.710589170455933,0.45388537272810936,0.319208275526762,0.6130430847406387,0.0,0.45388537272810936,0.7265994660556316,0.5639756881829464,0.40918744152242487,0.6958946531469171,0.0,0.5639756881829464,0.6310430286508618,0.46683111786842346,0.3229333758354187,0.34305861592292786,0.33305978775024414,0.3520275950431824,0.26626262068748474,0.3435607850551605,0.9787722826004028,0.11120251566171646,0.3492802679538727,1.1525678634643555,0.11747199296951294
29,0.0001,0.6460388973355293,0.8381041755491295,1.0178301153760967,0.5817645691089975,0.734107031154314,12.967130184173584,0.4518486987799406,0.3235527500510216,0.6055619418621063,0.0,0.4518486987799406,0.724670086055994,0.5827475894581188,0.5330041267655112,0.7684666496334653,0.0,0.5827475894581188,0.5993211684804974,0.4762971103191376,0.32847532629966736,0.35225096344947815,0.34196051955223083,0.35900187492370605,0.27124378085136414,0.3523213863372803,0.9972270131111145,0.1137322187423706,0.35419952869415283,1.16720712184906,0.12072526663541794
30,0.0001,0.6379561200737953,0.8444973402640948,0.8713798342329083,0.7125677949653313,0.8301119046848889,12.665733337402344,0.44859456084668636,0.31842697225511074,0.5907347872853279,0.0,0.44859456084668636,0.7231101170182228,0.6204084446935942,0.436941921710968,0.6880157644098456,0.0,0.6204084446935942,0.5683105452494188,0.48589083552360535,0.333975613117218,0.3610899746417999,0.34991878271102905,0.3666621744632721,0.2764451503753662,0.3568086326122284,1.0110670328140259,0.11468193680047989,0.36064693331718445,1.1784440279006958,0.12176808714866638
31,0.0001,0.63990618288517,0.8364141112680861,0.9381388678695216,0.6713506604599171,0.8006442178719152,11.44849443435669,0.44163976423442364,0.32348266430199146,0.5825286284089088,0.0,0.44163976423442364,0.7301719561219215,0.5949456348563685,0.48884366136608703,0.7223793593319979,0.0,0.5949456348563685,0.6023328322352786,0.49504852294921875,0.33848118782043457,0.3696615993976593,0.3541156053543091,0.3712506890296936,0.28129497170448303,0.3654840886592865,1.0336532592773438,0.11817547678947449,0.37173211574554443,1.2012494802474976,0.12565584480762482
32,0.0001,0.6392109096050262,0.8348681760603469,0.9619664856881807,0.6612228647279613,0.7910357854815808,13.37783932685852,0.4342527687549591,0.3275882173329592,0.5751288570463657,0.0,0.4342527687549591,0.7354758083820343,0.6061918518759988,0.49449436953573517,0.6417716326135577,0.0,0.6061918518759988,0.582690721208399,0.5024600028991699,0.34345731139183044,0.37791913747787476,0.36392125487327576,0.37686604261398315,0.2862217128276825,0.37256258726119995,1.0478875637054443,0.12039334326982498,0.38132330775260925,1.232791781425476,0.12952564656734467
33,0.0001,0.6218577995896339,0.8467057583493306,0.9589649294361924,0.665047784048915,0.7961862195794329,13.121115922927856,0.43451174534857273,0.3140046112239361,0.5659800209105015,0.0,0.43451174534857273,0.7284127697348595,0.6158431732293331,0.48984179894129437,0.6350860884695342,0.0,0.6158431732293331,0.5714185698465868,0.5126954913139343,0.3500472903251648,0.3861734867095947,0.370017945766449,0.38227254152297974,0.2920927107334137,0.3743055462837219,1.0635032653808594,0.12281277775764465,0.38163164258003235,1.2537552118301392,0.13117891550064087
34,0.0001,0.6114269159734249,0.8523138616940025,0.8395577307903406,0.7260603307286598,0.8386013186443402,14.061335802078247,0.4280971884727478,0.3106410801410675,0.5590543709695339,0.0,0.4280971884727478,0.738800261169672,0.5734293388597893,0.4323361804991057,0.6340987646218502,0.0,0.5734293388597893,0.6091952296820554,0.5192891955375671,0.35401639342308044,0.39442598819732666,0.37315645813941956,0.38895830512046814,0.2971198856830597,0.3775997757911682,1.076850414276123,0.12441416084766388,0.3848249912261963,1.2630003690719604,0.13343797624111176
35,0.0001,0.6026351563632488,0.8537156671043564,0.8999376369245125,0.7210689462900757,0.8348487813997078,14.60366153717041,0.4150240235030651,0.31022591702640057,0.5486984141170979,0.0,0.4150240235030651,0.7509764358401299,0.6210324132081234,0.4683076540629069,0.5561423897743225,0.0,0.6210324132081234,0.5694156560030851,0.5291319489479065,0.3595449924468994,0.402755469083786,0.3805510103702545,0.39676210284233093,0.3022887110710144,0.3808642327785492,1.0906959772109985,0.12735241651535034,0.38703906536102295,1.2782301902770996,0.13617360591888428
36,0.0001,0.6170064061880112,0.8407907574276523,0.907837708791097,0.6931077467325479,0.8136574048692814,13.71865463256836,0.421235129237175,0.31990357488393784,0.5396691523492336,0.0,0.421235129237175,0.7423639968037605,0.5786129073663191,0.49311535105560766,0.6546656995108633,0.0,0.5786129073663191,0.6130773262544111,0.5354713797569275,0.36476242542266846,0.4106682240962982,0.38642555475234985,0.40458983182907104,0.3065245747566223,0.38494810461997986,1.1015609502792358,0.12880773842334747,0.3887297809123993,1.3057879209518433,0.13821062445640564
37,0.0001,0.59629325568676,0.8530616495519668,0.9952393372853597,0.6474384637206487,0.7802369827208095,12.867627143859863,0.4062957875430584,0.3081583473831415,0.5308019444346428,0.0,0.4062957875430584,0.7542869783937931,0.6448620250730803,0.5266974929607275,0.5297662597714048,0.0,0.6448620250730803,0.557941754659017,0.543649435043335,0.37060296535491943,0.4176958501338959,0.39202767610549927,0.41181787848472595,0.31007859110832214,0.38961711525917053,1.1308166980743408,0.1303088665008545,0.3907034695148468,1.3347243070602417,0.14144158363342285
38,0.0001,0.5742009989917278,0.8672694816750065,0.9125140724760114,0.6852151028444309,0.8084068154235113,13.831093072891235,0.3999864887446165,0.29654155764728785,0.5175073705613613,0.0,0.3999864887446165,0.7600805498659611,0.5773986000003237,0.49082236940210516,0.618342500744444,0.0,0.5773986000003237,0.6003023142164404,0.55307936668396,0.37590426206588745,0.4257550835609436,0.39684802293777466,0.41807201504707336,0.3155529499053955,0.39072534441947937,1.1403305530548096,0.13132594525814056,0.39132171869277954,1.3462170362472534,0.14317546784877777
39,0.0001,0.5711517408490181,0.8648574316795784,0.89283600359252,0.7037353271063191,0.8233368565807232,13.02454161643982,0.38928699493408203,0.29920812509953976,0.5068524479866028,0.0,0.38928699493408203,0.7651000544428825,0.5916593472162882,0.4814029245665579,0.5717484228538744,0.0,0.5916593472162882,0.5962387485937639,0.561295211315155,0.38018548488616943,0.4337891936302185,0.40157240629196167,0.4222860038280487,0.32134249806404114,0.39348065853118896,1.1454408168792725,0.13252533972263336,0.3926643431186676,1.3659542798995972,0.1451103687286377
40,0.0001,0.5949946511536837,0.8482727586114727,0.9257040023803711,0.6902561372158289,0.8128016904062928,13.880271196365356,0.39715286903083324,0.3157546119764447,0.5021455716341734,0.0,0.39715286903083324,0.7468841262161732,0.6283918872024074,0.49562391909686004,0.5117695024519255,0.0,0.6283918872024074,0.5711444173798417,0.5676743984222412,0.38384294509887695,0.4410039186477661,0.4065569043159485,0.4291636347770691,0.3259216248989105,0.39328238368034363,1.162336826324463,0.13436976075172424,0.39605265855789185,1.3777116537094116,0.14756622910499573
41,0.0001,0.5728677101433277,0.861883375978028,0.8337374672745214,0.7359351476284162,0.8446478119414423,12.491886854171753,0.3990662358701229,0.3021164294332266,0.5056619998067617,0.0,0.3990662358701229,0.7496958114206791,0.5719338366479585,0.4515705939495202,0.5844178795814514,0.0,0.5719338366479585,0.6138831250595324,0.5756290555000305,0.38734254240989685,0.4481245279312134,0.4122760593891144,0.43543216586112976,0.3316733241081238,0.39544910192489624,1.1775091886520386,0.13628894090652466,0.39744362235069275,1.392333745956421,0.148868590593338
42,0.0001,0.5700852088630199,0.861572577334862,0.8217183387640751,0.7268938819288605,0.8393935218715973,12.838963985443115,0.3892007824033499,0.304053733125329,0.49257446825504303,0.0,0.3892007824033499,0.7539267390966415,0.553297266815648,0.4317692211180022,0.5673797690507137,0.0,0.553297266815648,0.6191576412229827,0.5824891924858093,0.3905886113643646,0.45552965998649597,0.4184369146823883,0.44042426347732544,0.3359508514404297,0.399692177772522,1.1851778030395508,0.1384180188179016,0.3997475206851959,1.3875945806503296,0.15178164839744568
43,0.0001,0.5591723043471575,0.8666759567566741,0.7853583783814402,0.7534566361345412,0.8570185759627572,12.591547966003418,0.3877158798277378,0.2970934957265854,0.4881988912820816,0.0,0.3877158798277378,0.7563651241362095,0.5410430431365967,0.42004372134353174,0.5718760255611304,0.0,0.5410430431365967,0.6336642639203505,0.5895416736602783,0.39371827244758606,0.46247783303260803,0.4249544143676758,0.44527143239974976,0.34105563163757324,0.3997790515422821,1.1937350034713745,0.1398330181837082,0.40130260586738586,1.3934186697006226,0.15409402549266815
44,0.0001,0.5533097814768553,0.8679519015762892,0.7771216847679832,0.7471765854979278,0.8532741950867371,11.176238298416138,0.3825747240334749,0.2951429085806012,0.4757466036826372,0.0,0.3825747240334749,0.7606331594288349,0.5221315875197902,0.41183532909913495,0.6034123969800544,0.0,0.5221315875197902,0.6558646695180372,0.5958282351493835,0.39710763096809387,0.4692974090576172,0.42912331223487854,0.4487178325653076,0.3463576138019562,0.39730724692344666,1.2024779319763184,0.14101573824882507,0.40036359429359436,1.4019769430160522,0.15533524751663208
45,0.0001,0.5474031753838062,0.8704606902193611,0.8485882896365542,0.7160987677267745,0.8317811803083549,10.082673788070679,0.3845562171190977,0.29121028538793325,0.47260447032749653,0.0,0.3845562171190977,0.7570150457322598,0.553990642229716,0.4659279024962223,0.5743399768164663,0.0,0.553990642229716,0.6151895026365916,0.6032097935676575,0.4005376696586609,0.4757770299911499,0.4350200891494751,0.4538058936595917,0.3503280580043793,0.39630383253097534,1.2144089937210083,0.14242865145206451,0.39872345328330994,1.4004050493240356,0.15640728175640106
46,0.0001,0.5551718100905418,0.8622445916349253,0.7440233519583037,0.7522448448340153,0.8567923943808351,13.627970218658447,0.37968380749225616,0.2979656895622611,0.4680313877761364,0.0,0.37968380749225616,0.7608528472483158,0.4946878733056964,0.4009013031468247,0.583637965447975,0.0,0.4946878733056964,0.6781045487432769,0.6085455417633057,0.40353816747665405,0.4820329248905182,0.43801870942115784,0.45908117294311523,0.3555513620376587,0.3988106846809387,1.2344088554382324,0.14298716187477112,0.39305832982063293,1.415644645690918,0.15809686481952667
47,0.0001,0.5476316660642624,0.866538240574462,0.8003596717661078,0.7457816252371775,0.851266326799862,12.880238056182861,0.37505109049379826,0.29571508802473545,0.46548260003328323,0.0,0.37505109049379826,0.7652654647827148,0.537267318277648,0.45974794481739856,0.5190761865991534,0.0,0.537267318277648,0.630140817526615,0.6143825054168701,0.4060192108154297,0.4886471629142761,0.4412849247455597,0.4638759195804596,0.35988494753837585,0.40265464782714844,1.240250587463379,0.1432812660932541,0.39043310284614563,1.4329357147216797,0.1598535031080246
48,0.0001,0.5368521511554718,0.8723496031928137,0.8160224647232981,0.729716723073923,0.8405809646552491,13.084084272384644,0.3694900143891573,0.2940180506557226,0.45197514072060585,0.0,0.3694900143891573,0.7653723545372486,0.5419438716137048,0.43795339808319556,0.5540594693386194,0.0,0.5419438716137048,0.6274682626579747,0.6204930543899536,0.408884197473526,0.49475225806236267,0.44499775767326355,0.4686961770057678,0.36416298151016235,0.403306782245636,1.2482404708862305,0.1454586237668991,0.38801631331443787,1.4420373439788818,0.16159269213676453
49,0.0001,0.5342057440429926,0.8730408373936072,0.7812918388482296,0.7497101661667345,0.8525588083696826,12.908889293670654,0.36556232534348965,0.29349577240645885,0.4498681966215372,0.0,0.36556232534348965,0.7704811058938503,0.4879451394081116,0.44994593930966925,0.5584545135498047,0.0,0.4879451394081116,0.6767475577917966,0.627083420753479,0.411685973405838,0.5010954141616821,0.44856616854667664,0.4749159812927246,0.36825528740882874,0.40757760405540466,1.2634724378585815,0.14751605689525604,0.3891334533691406,1.464817762374878,0.1643262356519699
50,0.0001,0.5155738797038794,0.8813671966637815,0.7719782049005682,0.754765906280019,0.8579851293126104,13.40300464630127,0.36234823800623417,0.27962342742830515,0.44178558699786663,0.0,0.36234823800623417,0.7687980346381664,0.5086627747073318,0.43578962484995526,0.5450038079059485,0.0,0.5086627747073318,0.6609172893292976,0.6339777112007141,0.4150022864341736,0.5074307918548584,0.453887015581131,0.48220035433769226,0.3730146884918213,0.40598922967910767,1.2731714248657227,0.1495290845632553,0.3891054093837738,1.4816992282867432,0.16661196947097778
51,0.0001,0.5168985053896904,0.8798351439979623,0.868208130200704,0.66529047760777,0.7935746372611575,13.024715423583984,0.3631313517689705,0.2812017174437642,0.43922734446823597,0.0,0.3631313517689705,0.7718463949859142,0.547459085782369,0.4445911320773038,0.5784886063951434,0.0,0.547459085782369,0.6219726809949586,0.6404131054878235,0.41703182458877563,0.5133088827133179,0.4589356482028961,0.4840300679206848,0.37752705812454224,0.4077175259590149,1.2809339761734009,0.1514313668012619,0.38512155413627625,1.4860715866088867,0.16825121641159058
52,0.0001,0.5193832777440548,0.8753059477825887,0.676623467243079,0.7918981888514979,0.8811387056442014,11.567553758621216,0.3567893411964178,0.2864857967942953,0.4354876335710287,0.0,0.3567893411964178,0.7717262804508209,0.4784807183525779,0.3740394585060351,0.571344231114243,0.0,0.4784807183525779,0.693249790054379,0.6473391652107239,0.4191577434539795,0.5195421576499939,0.46138885617256165,0.487956166267395,0.3823387026786804,0.41350963711738586,1.2859286069869995,0.15210790932178497,0.3788865804672241,1.487202763557434,0.16978202760219574
53,0.0001,0.5100024323910475,0.880988490835553,0.7848063020995169,0.7285201519929742,0.8387986495978546,14.813749074935913,0.3522580713033676,0.28399588260799646,0.4297724161297083,0.0,0.3522580713033676,0.7784455604851246,0.5199526458075552,0.4383797717816902,0.5153911583351366,0.0,0.5199526458075552,0.6424784588091301,0.6544458270072937,0.4227984845638275,0.5259743332862854,0.465280145406723,0.49252113699913025,0.387234628200531,0.4164895713329315,1.2959377765655518,0.1536296308040619,0.3767608404159546,1.4921259880065918,0.1712801158428192
54,0.0001,0.5135345607995987,0.8758464596011551,0.7159007101347952,0.7761583509160749,0.8714305419790843,13.5002760887146,0.35507193207740784,0.2848442541435361,0.4220537543296814,0.0,0.35507193207740784,0.7737279981374741,0.494986456451994,0.39688760403430823,0.5611498391989506,0.0,0.494986456451994,0.6696622741944862,0.6590478420257568,0.42600569128990173,0.5313333868980408,0.469939261674881,0.49864715337753296,0.39122769236564636,0.41868382692337036,1.30879807472229,0.15524429082870483,0.38070598244667053,1.492987036705017,0.1726323515176773
55,0.0001,0.5192319583147764,0.8736506133752134,0.8119040980483546,0.7326619033730591,0.8406617804067903,14.277933597564697,0.3522469848394394,0.2946929605677724,0.4207106065005064,0.0,0.3522469848394394,0.778798770159483,0.5699120470971772,0.4579635136055224,0.4727482994397481,0.0,0.5699120470971772,0.613661041765502,0.6643246412277222,0.42722266912460327,0.5365937352180481,0.47242382168769836,0.5020843148231506,0.39574941992759705,0.4200860559940338,1.321001648902893,0.15695124864578247,0.3831672966480255,1.5057616233825684,0.1751580387353897
56,0.0001,0.5269495230168104,0.8642553077240628,0.771623741496693,0.7529906549869216,0.8559085922797179,14.48305630683899,0.3565388973802328,0.2992945574223995,0.4167131222784519,0.0,0.3565388973802328,0.7680196352303028,0.5285010771317915,0.45255888230872876,0.503580057259762,0.0,0.5285010771317915,0.6408496002356211,0.6693339347839355,0.42780694365501404,0.5414647459983826,0.47481292486190796,0.5044840574264526,0.39825934171676636,0.4207132160663605,1.3393608331680298,0.1596287190914154,0.3858741521835327,1.5176494121551514,0.17747482657432556
57,0.0001,0.5059925131499767,0.8791653257184556,0.6902743975321451,0.7867569799537731,0.8772601111564975,13.494870901107788,0.3456561639904976,0.28900967352092266,0.4141487404704094,0.0,0.3456561639904976,0.7843985371291637,0.4671446644898617,0.39164414369698725,0.4865893143596071,0.0,0.4671446644898617,0.6901511965375958,0.6754571199417114,0.430282324552536,0.5468389391899109,0.4771232306957245,0.5092485547065735,0.4020083546638489,0.4212968349456787,1.3530272245407104,0.1610507220029831,0.3909335732460022,1.545352816581726,0.18032608926296234
58,0.0001,0.4742061924189329,0.8963168105025162,0.7547314853379221,0.7644186939985936,0.8628379866313185,13.174415588378906,0.3325416762381792,0.2678607339039445,0.3969643395394087,0.0,0.3325416762381792,0.793784212321043,0.5477970639864603,0.4012028051145149,0.48535900766199286,0.0,0.5477970639864603,0.6274183004191427,0.6821717619895935,0.4339233934879303,0.5527238845825195,0.48102205991744995,0.514318585395813,0.4062715768814087,0.4250197112560272,1.359006643295288,0.16264089941978455,0.386514812707901,1.5490421056747437,0.1809372752904892
59,0.0001,0.4978374019265175,0.8820929885207061,0.7358714486613418,0.7614555829949156,0.8616927256310966,13.806036949157715,0.3456370607018471,0.28338748775422573,0.4048905372619629,0.0,0.3456370607018471,0.7839705422520638,0.45895350701881177,0.4371591968969865,0.5120965639750162,0.0,0.45895350701881177,0.6988916469342781,0.6855243444442749,0.43636849522590637,0.5576100945472717,0.48313698172569275,0.5193707942962646,0.41060858964920044,0.42352885007858276,1.362735390663147,0.16339610517024994,0.3835347294807434,1.5557234287261963,0.18176770210266113
60,0.0001,0.4976041354238987,0.8795320962387466,0.7175880923415675,0.767315970198047,0.8635918854465511,14.205073595046997,0.3485404718667269,0.28567056357860565,0.3984580338001251,0.0,0.3485404718667269,0.7772474475204945,0.4832580125693119,0.4125624786723744,0.456198996666706,0.0,0.4832580125693119,0.675029223615473,0.6905339360237122,0.43827083706855774,0.5625733733177185,0.4872046113014221,0.5237017273902893,0.41486671566963196,0.42381221055984497,1.3737515211105347,0.16509418189525604,0.3804072439670563,1.566214680671692,0.18280868232250214
61,0.0001,0.49375575594604015,0.8790569735994034,0.7239566318916552,0.77921390998829,0.8739812894051479,12.684470176696777,0.3434856105595827,0.2841870794072747,0.3947758134454489,0.0,0.3434856105595827,0.7778023779392242,0.5324255950523146,0.4013747572898865,0.4299205487424677,0.0,0.5324255950523146,0.6434463515426173,0.6954101324081421,0.439547598361969,0.567408561706543,0.48918548226356506,0.5266578793525696,0.4188762605190277,0.4208173453807831,1.3802822828292847,0.16701634228229523,0.37910032272338867,1.5717781782150269,0.1850118488073349
62,0.0001,0.468788743019104,0.8944259015457416,0.7070499188972242,0.7804413573010117,0.8732475995337592,13.476543664932251,0.33398685045540333,0.2670529717579484,0.392584715038538,0.0,0.33398685045540333,0.7922770567238331,0.4704256166111339,0.41706194660880347,0.4563610842733672,0.0,0.4704256166111339,0.6824832089019545,0.7004071474075317,0.4419947862625122,0.5726672410964966,0.49268242716789246,0.53059983253479,0.4234181046485901,0.4166662096977234,1.3918287754058838,0.1680755317211151,0.38571250438690186,1.5796267986297607,0.18736402690410614
63,0.0001,0.47317684069275856,0.8906972917356868,0.7766253984335697,0.7540630601318772,0.8564260954927956,13.588648319244385,0.33651427552103996,0.26903664506971836,0.38614755496382713,0.0,0.33651427552103996,0.7827072478830814,0.5031783038919623,0.46322366866198456,0.4631079001860185,0.0,0.5031783038919623,0.6589878445321863,0.7060132026672363,0.44376271963119507,0.5774893164634705,0.4967525601387024,0.5338019728660583,0.4271107017993927,0.4168771803379059,1.4023082256317139,0.16998934745788574,0.38678261637687683,1.589178204536438,0.1886085718870163
64,0.0001,0.4676413293927908,0.8907855625793022,0.7705019604076039,0.7464237483388914,0.8502854733869277,13.772891283035278,0.3292594403028488,0.27090901136398315,0.38513489067554474,0.0,0.3292594403028488,0.7901052422821522,0.5288435383276506,0.4491876508250381,0.4503682391210036,0.0,0.5288435383276506,0.6417595220334602,0.7097278237342834,0.44418686628341675,0.5825018286705017,0.4974331259727478,0.5363425612449646,0.4302144944667816,0.4179377257823944,1.4076857566833496,0.17097893357276917,0.38142821192741394,1.5898586511611938,0.19052506983280182
65,0.0001,0.5011399891227484,0.8750686108895908,0.789856246023467,0.7465870969965511,0.8516319682205934,12.552499294281006,0.34061476960778236,0.2953778747469187,0.3858718443661928,0.0,0.34061476960778236,0.775755662471056,0.5940182660565232,0.44914540196910047,0.41657309821157745,0.0,0.5940182660565232,0.6117326174721573,0.711155354976654,0.4434438943862915,0.5867273211479187,0.4994075894355774,0.5408654808998108,0.4320616126060486,0.41429442167282104,1.4131433963775635,0.17249302566051483,0.37713515758514404,1.5952937602996826,0.19112293422222137
66,0.0001,0.4671505745500326,0.8905404159903312,0.7734862782738425,0.7424082954770608,0.8492287772275602,13.221755504608154,0.3319381792098284,0.2711998224258423,0.37654957361519337,0.0,0.3319381792098284,0.7822104766964912,0.5337654478622206,0.44307926206877735,0.47921892819982587,0.0,0.5337654478622206,0.6410332295027646,0.7156775593757629,0.4444415271282196,0.5907016396522522,0.502440333366394,0.5429524183273315,0.4351370930671692,0.4191465675830841,1.421325445175171,0.173492431640625,0.3697984218597412,1.5989785194396973,0.19214165210723877
67,0.0001,0.4688408896327019,0.886238499489896,0.7315197063214851,0.7672522310948898,0.8660098329825499,13.486725568771362,0.32420104555785656,0.2768170079216361,0.3734037224203348,0.0,0.32420104555785656,0.7947093993425369,0.5297015833132195,0.40415106758926855,0.45499280546650744,0.0,0.5297015833132195,0.6424269396247286,0.7205353379249573,0.44706618785858154,0.59525465965271,0.5049400329589844,0.5444453358650208,0.43800076842308044,0.4186888337135315,1.4269617795944214,0.17487561702728271,0.36862772703170776,1.5952544212341309,0.19354860484600067
68,0.0001,0.45425806753337383,0.893816925726536,0.6426346229784416,0.8004346833432745,0.887003953577078,13.893414974212646,0.3216286338865757,0.2654944248497486,0.367438729852438,0.0,0.3216286338865757,0.7920215912163258,0.43499553203582764,0.3730143796313893,0.49678609768549603,0.0,0.43499553203582764,0.723006425481854,0.7251378297805786,0.44932305812835693,0.6000506281852722,0.507451057434082,0.5486642718315125,0.44210392236709595,0.41138800978660583,1.4377444982528687,0.1762920320034027,0.365172803401947,1.598589539527893,0.1947813779115677
69,0.0001,0.4584123492240906,0.8925573593109094,0.6898567821040298,0.7889870110549296,0.8799888786226973,12.755423307418823,0.32595181837677956,0.26895297691226006,0.3694129567593336,0.0,0.32595181837677956,0.7903926335275173,0.5310209700555513,0.3857420574535023,0.41107574737433233,0.0,0.5310209700555513,0.6422519394845674,0.7281833291053772,0.45217207074165344,0.604773998260498,0.5097710490226746,0.5544681549072266,0.44534769654273987,0.41735324263572693,1.449575662612915,0.17789655923843384,0.36703142523765564,1.6050599813461304,0.195970818400383
70,0.0001,0.4428892284631729,0.8998921378175738,0.6572565707293424,0.7992142308281205,0.8857959136353688,13.025681495666504,0.3182043395936489,0.26266433112323284,0.3621652387082577,0.0,0.3182043395936489,0.7965901419520378,0.43497697331688623,0.3951851183717901,0.4507230610558481,0.0,0.43497697331688623,0.7094795089779478,0.7317330241203308,0.4545501172542572,0.6092540621757507,0.511393129825592,0.5605831146240234,0.4486936926841736,0.4151071012020111,1.4579153060913086,0.17964385449886322,0.36831772327423096,1.609476089477539,0.1977277547121048
71,0.0001,0.4495593123137951,0.8960540032944188,0.6599767605463663,0.7957497533827215,0.8831078305175255,14.078277111053467,0.3219863511621952,0.26394531596452,0.36609669029712677,0.0,0.3219863511621952,0.7940076515078545,0.45632135687452374,0.3919701883287141,0.4185723192764051,0.0,0.45632135687452374,0.6931338319272706,0.7354257106781006,0.4559694230556488,0.613827645778656,0.5131509900093079,0.5636638402938843,0.4522702395915985,0.4125831127166748,1.4657864570617676,0.18114545941352844,0.36645668745040894,1.6143289804458618,0.19928379356861115
72,0.0001,0.441680483520031,0.8994576096852249,0.665826389283845,0.78935173582457,0.8798156239127183,12.397071599960327,0.32042078860104084,0.26142097543925047,0.358210789039731,0.0,0.32042078860104084,0.79165293648839,0.4244559009869893,0.40209518960027985,0.4294094371073174,0.0,0.4244559009869893,0.7173678080240885,0.7401577830314636,0.4566001892089844,0.6186802387237549,0.5171996355056763,0.5651066899299622,0.45672091841697693,0.41574418544769287,1.4690101146697998,0.18229709565639496,0.3674461543560028,1.6193715333938599,0.2012602537870407
73,0.0001,0.431789455935359,0.9036135551151329,0.6182096040610111,0.8107885073596612,0.8933626599262626,13.387459993362427,0.31780558452010155,0.25401344057172537,0.36029378324747086,0.0,0.31780558452010155,0.7961345687508583,0.41802081194790924,0.3705823529850353,0.42988425583550427,0.0,0.41802081194790924,0.7237041529380914,0.7446494102478027,0.4588654935359955,0.6231252551078796,0.5197211503982544,0.5682182908058167,0.46025407314300537,0.4137440621852875,1.4686756134033203,0.18333055078983307,0.3649178445339203,1.622005820274353,0.20259827375411987
74,0.0001,0.4408467523753643,0.8968853382431933,0.648141268527869,0.7955376435215196,0.8839389587605676,13.872143745422363,0.3174559511244297,0.2638404266908765,0.3615988865494728,0.0,0.3174559511244297,0.7945446744561195,0.45439525084062055,0.3768518260031035,0.46249367974021216,0.0,0.45439525084062055,0.6955203838420637,0.7486440539360046,0.4603949785232544,0.6274861693382263,0.5216682553291321,0.5705135464668274,0.463423490524292,0.4070003032684326,1.4740968942642212,0.18400678038597107,0.3624328672885895,1.621507167816162,0.20333285629749298
75,0.0001,0.44693676568567753,0.8955618159261209,0.6596282178705389,0.7940985939452035,0.8829317970127605,13.994052648544312,0.3196426499634981,0.2684587584808469,0.34862918220460415,0.0,0.3196426499634981,0.7910089045763016,0.481371774817958,0.3944526260549372,0.4156321214907097,0.0,0.481371774817958,0.672684090607094,0.7508609890937805,0.4609309732913971,0.6316370964050293,0.5226847529411316,0.5736145377159119,0.4665297269821167,0.40452948212623596,1.482260823249817,0.18483558297157288,0.3668259084224701,1.6261217594146729,0.20378081500530243
76,0.0001,0.4283165130764246,0.9014959804964648,0.6702408104231863,0.7940518452091897,0.8826142718966593,12.828897714614868,0.3094206992536783,0.25592551566660404,0.3480923920869827,0.0,0.3094206992536783,0.8021515868604183,0.42506331024747906,0.41613745508771954,0.4163177013397217,0.0,0.42506331024747906,0.7208593587080637,0.7557016611099243,0.46178239583969116,0.6359381079673767,0.5251719355583191,0.5743851065635681,0.4702194631099701,0.40112924575805664,1.4899550676345825,0.18677465617656708,0.365433007478714,1.6335957050323486,0.2054377943277359
77,0.0001,0.42812316305935383,0.900989517431965,0.6429269458308364,0.8054616084811957,0.8890693828555619,13.715035438537598,0.30785546638071537,0.2633380787447095,0.3394404798746109,0.0,0.30785546638071537,0.8023039996623993,0.4441012035716664,0.39339445757143426,0.4329891015182842,0.0,0.4441012035716664,0.7052483016794379,0.7586919665336609,0.46277832984924316,0.639777421951294,0.52762770652771,0.5770220756530762,0.4736211597919464,0.39952701330184937,1.4936273097991943,0.18865637481212616,0.3536999821662903,1.6433578729629517,0.20672668516635895
78,0.0001,0.4278439860790968,0.9003991396587188,0.6732810049345999,0.7860975953723187,0.877213081577838,12.633524417877197,0.3086374467238784,0.2578303199261427,0.3433498367667198,0.0,0.3086374467238784,0.8010338544845581,0.4183154088078123,0.41224800817894214,0.3972929318745931,0.0,0.4183154088078123,0.7254179192311836,0.7618750929832458,0.46385881304740906,0.6435542702674866,0.5284720063209534,0.5782136917114258,0.477289617061615,0.3985096514225006,1.5000158548355103,0.1898208111524582,0.3525259494781494,1.6461189985275269,0.20751434564590454
79,0.0001,0.4355362616479397,0.8956120087771559,0.7191147334647902,0.7760183409154767,0.8704029851956079,12.139167547225952,0.304641492664814,0.2686086595058441,0.3400379717350006,0.0,0.304641492664814,0.8070831969380379,0.4973147854660497,0.4369441325014288,0.3960592837044687,0.0,0.4973147854660497,0.6711646806110035,0.7654343843460083,0.46438708901405334,0.6470548510551453,0.5325570106506348,0.5807400941848755,0.4800960123538971,0.40082859992980957,1.5056416988372803,0.19093066453933716,0.35327062010765076,1.65961492061615,0.2099173367023468
80,0.0001,0.42743286304175854,0.9007294553358021,0.7950428760412968,0.7448112362466137,0.8503001219108071,13.339991569519043,0.31029718928039074,0.263116417452693,0.3327806144952774,0.0,0.31029718928039074,0.7933064959943295,0.5936500159176913,0.4759483716704629,0.3529800230806524,0.0,0.5936500159176913,0.620835213950186,0.7699934244155884,0.4657028913497925,0.6510491967201233,0.5343783497810364,0.5841699242591858,0.4833332896232605,0.3940862715244293,1.5135571956634521,0.19270925223827362,0.3553449511528015,1.6634806394577026,0.21195226907730103
81,0.0001,0.4440465644001961,0.8901452019697058,0.6315729329080293,0.8021758994751051,0.8882642415742468,13.128227472305298,0.3140328396111727,0.2740427069365978,0.34376608580350876,0.0,0.3140328396111727,0.7939095534384251,0.3968849543369178,0.40973427259560785,0.40055700955968915,0.0,0.3968849543369178,0.7398797969023386,0.7725253105163574,0.465732604265213,0.6552226543426514,0.5360810160636902,0.5869942903518677,0.48690277338027954,0.3924987018108368,1.5206514596939087,0.19486814737319946,0.358020544052124,1.6755720376968384,0.21317158639431
82,0.0001,0.43681194074451923,0.8931396260153748,0.7761996442621405,0.73119898789621,0.8422540504089772,13.13296103477478,0.318807952105999,0.26859316043555737,0.33129121735692024,0.0,0.318807952105999,0.7894622012972832,0.5742141459927415,0.4210646694356745,0.4052719365466725,0.0,0.5742141459927415,0.6189560438647415,0.7755457162857056,0.4666166603565216,0.6585603356361389,0.5400359630584717,0.5905721783638,0.4898117184638977,0.3995591700077057,1.530316948890686,0.197123721241951,0.36889708042144775,1.6897622346878052,0.21531637012958527
83,0.0001,0.4085039962083101,0.9072892350242728,0.7061632257519346,0.7569289252475565,0.86082888524086,13.805825471878052,0.30192410200834274,0.25133330188691616,0.3347125072032213,0.0,0.30192410200834274,0.8067736998200417,0.46089431372555817,0.40383246992573596,0.47643704305995593,0.0,0.46089431372555817,0.6963252443255801,0.778778612613678,0.46883639693260193,0.66255122423172,0.5424795150756836,0.5943697690963745,0.49317505955696106,0.3958113193511963,1.5424965620040894,0.19870352745056152,0.3666204512119293,1.6925173997879028,0.21572069823741913
84,0.0001,0.48215313255786896,0.8692628875410892,0.8546485864754879,0.690012089566021,0.8119456978712168,13.49361252784729,0.3122571874409914,0.3168374374508858,0.339335098862648,0.0,0.3122571874409914,0.7933454997837543,0.4439079382202842,0.5581961906317509,0.45436994776581274,0.0,0.4439079382202842,0.7073355217774709,0.7795913815498352,0.4662754237651825,0.6663599610328674,0.5454481840133667,0.594546914100647,0.4965052604675293,0.4054361879825592,1.564063549041748,0.20012132823467255,0.3984118402004242,1.6880972385406494,0.21912840008735657
85,0.0001,0.46469355933368206,0.8778366020123592,0.8062217705177538,0.7330479041306474,0.8428791073094261,12.979204654693604,0.31285437382757664,0.29832668509334326,0.33938477747142315,0.0,0.31285437382757664,0.7953645549714565,0.6062375451579238,0.47614274602947815,0.34338607932582044,0.0,0.6062375451579238,0.6191103277784406,0.780687153339386,0.4635826349258423,0.6691773533821106,0.5461820960044861,0.6005300879478455,0.4998272955417633,0.42038458585739136,1.583071231842041,0.20240965485572815,0.4215192496776581,1.6911612749099731,0.2232748568058014
86,0.0001,0.4378145784139633,0.8914259015689765,0.7527549772551565,0.7597976201866304,0.8612203461950116,13.711194515228271,0.30339752696454525,0.27767838072031736,0.32823133282363415,0.0,0.30339752696454525,0.8032387606799603,0.4649425203149969,0.5114800948085207,0.32287959438381775,0.0,0.4649425203149969,0.7011564897768425,0.7842467427253723,0.46364378929138184,0.6721916198730469,0.5485351085662842,0.6076291799545288,0.5028150081634521,0.42628946900367737,1.598510980606079,0.2043565809726715,0.42956632375717163,1.6908459663391113,0.22645381093025208
87,0.0001,0.4438173174858093,0.8881746326234433,0.6315250974712949,0.7982134911268608,0.8862660944217546,13.575456619262695,0.31456979364156723,0.27941857278347015,0.3289518393576145,0.0,0.31456979364156723,0.7885994426906109,0.4110940116824526,0.39764407909277716,0.3761564718954491,0.0,0.4110940116824526,0.7283255340475024,0.7866696715354919,0.4654906392097473,0.675737738609314,0.5537422299385071,0.6134453415870667,0.5058110356330872,0.4314708411693573,1.6106096506118774,0.20591534674167633,0.43000489473342896,1.6944708824157715,0.2288701832294464
88,0.0001,0.41929393261671066,0.9002057677461865,0.6684183785409639,0.7933398238263466,0.8822024621145392,13.505467891693115,0.29941516648977995,0.2676816824823618,0.32047400064766407,0.0,0.29941516648977995,0.8074387758970261,0.40131039691693854,0.44864240920904913,0.351056720271255,0.0,0.40131039691693854,0.7360023666511882,0.7896096706390381,0.4676184058189392,0.6788703799247742,0.5565243363380432,0.6160564422607422,0.5086780190467834,0.4277944266796112,1.6158863306045532,0.2069312483072281,0.4337555468082428,1.7041070461273193,0.2307337373495102
89,0.0001,0.4273136593401432,0.8922971894733449,0.6479778795531301,0.7900833315186854,0.8803975698567488,14.022401094436646,0.30466317012906075,0.2738738898187876,0.32662732154130936,0.0,0.30466317012906075,0.7997942492365837,0.4032356377803918,0.4121839241548018,0.3941905372070544,0.0,0.4032356377803918,0.7398655947410699,0.7915374636650085,0.4674288034439087,0.6821337938308716,0.5579957365989685,0.6174961924552917,0.5107817053794861,0.42157262563705444,1.6189777851104736,0.20804035663604736,0.441466748714447,1.7057889699935913,0.2325640618801117
90,0.0001,0.4362912215292454,0.8909220500453587,0.6074573307326345,0.8072171599528257,0.8908513648620114,13.246346712112427,0.30740282498300076,0.2804869534447789,0.3198651745915413,0.0,0.30740282498300076,0.7976300567388535,0.3857893275492119,0.38843865105600067,0.411463459332784,0.0,0.3857893275492119,0.7534025383718086,0.7930245399475098,0.46856817603111267,0.6856172680854797,0.5626992583274841,0.6209354996681213,0.5137090086936951,0.4226536154747009,1.6250826120376587,0.20998194813728333,0.4511324167251587,1.7138055562973022,0.23435407876968384
91,0.0001,0.41066257283091545,0.9035595152410981,0.5953476356737541,0.8180412168655248,0.8980046716926261,13.205507755279541,0.3078516907989979,0.25853280257433653,0.32475714571774006,0.0,0.3078516907989979,0.8016016967594624,0.3569003596450343,0.40344320102171466,0.35926124453544617,0.0,0.3569003596450343,0.7693866112015464,0.7949331998825073,0.4702409505844116,0.6887778639793396,0.5631628632545471,0.6252648234367371,0.516862690448761,0.4185101091861725,1.625895619392395,0.2108105570077896,0.46256664395332336,1.718436598777771,0.2347181737422943
92,0.0001,0.40696534886956215,0.9038631118778432,0.6305967388731061,0.8019706127214705,0.8879949362915265,13.100182056427002,0.30104214884340763,0.2565337270498276,0.31376604177057743,0.0,0.30104214884340763,0.8063474223017693,0.4388150012854374,0.3760740901484634,0.3794938669060216,0.0,0.4388150012854374,0.7058583001295725,0.7976334691047668,0.47191768884658813,0.6921724081039429,0.5626557469367981,0.6279808282852173,0.5197799205780029,0.4149954617023468,1.6292611360549927,0.21198499202728271,0.45982682704925537,1.722372055053711,0.2354009747505188
93,0.0001,0.4086861200630665,0.9007312575119639,0.6155360395258124,0.8146892843571967,0.8950018819688336,13.318374395370483,0.2973674163222313,0.25984396878629923,0.31535690650343895,0.0,0.2973674163222313,0.8061783500015736,0.4536298694032611,0.3829303058710965,0.3443336143638148,0.0,0.4536298694032611,0.7034539697748242,0.8006986975669861,0.4732370972633362,0.6958490014076233,0.5631346106529236,0.6293373107910156,0.5229232907295227,0.41944006085395813,1.6335171461105347,0.21371152997016907,0.4481878876686096,1.7295721769332886,0.2368096262216568
94,0.0001,0.3865200784057379,0.9129017668358392,0.6322182055675623,0.8061753579802251,0.8901516757026083,13.275899887084961,0.2874955339357257,0.24569131527096033,0.30848882906138897,0.0,0.2874955339357257,0.8172387853264809,0.4051375822587447,0.41219550371170044,0.35877106587092084,0.0,0.4051375822587447,0.7338323900193879,0.804747998714447,0.47449395060539246,0.699912965297699,0.5617085695266724,0.6329114437103271,0.5264471769332886,0.4150923490524292,1.6365693807601929,0.21474450826644897,0.44244539737701416,1.7272096872329712,0.23728887736797333
95,0.0001,0.412490950897336,0.8994655859407296,0.6708393638784235,0.7921297705760935,0.881695405814302,12.412455320358276,0.29985017515718937,0.2651976989582181,0.31289165280759335,0.0,0.29985017515718937,0.8023041635751724,0.5181151447874127,0.4043883699359316,0.3402582723082918,0.0,0.5181151447874127,0.6619121423273375,0.8075303435325623,0.4765925109386444,0.7032374739646912,0.5635361075401306,0.6376442313194275,0.5293394923210144,0.408132940530777,1.6365159749984741,0.21638266742229462,0.44608601927757263,1.7261598110198975,0.23813873529434204
96,0.0001,0.3885897248983383,0.909637362620815,0.634772777557373,0.8047587084440966,0.8893624187051514,13.367471933364868,0.2869281079620123,0.25118900183588266,0.3053659666329622,0.0,0.2869281079620123,0.8151400424540043,0.4274769551826246,0.4110349416732788,0.3420680436221036,0.0,0.4274769551826246,0.7194488102739508,0.8097921013832092,0.4785543978214264,0.7066290974617004,0.5650705695152283,0.6390485763549805,0.531711757183075,0.4069340229034424,1.648301601409912,0.21753770112991333,0.44842594861984253,1.7301918268203735,0.23857907950878143
97,0.0001,0.39296172745525837,0.9070938447318243,0.6789551106366244,0.7833004228257838,0.8756675124568558,13.094783067703247,0.2926470022648573,0.25119422283023596,0.3104453105479479,0.0,0.2926470022648573,0.8117511607706547,0.42144281033313635,0.44753083315762604,0.33402910828590393,0.0,0.42144281033313635,0.7227377692858378,0.8133549690246582,0.4807371497154236,0.7101235389709473,0.5660461187362671,0.6410839557647705,0.5352996587753296,0.40497922897338867,1.6528898477554321,0.21894504129886627,0.45506757497787476,1.7356511354446411,0.2400626689195633
98,0.0001,0.4043838810175657,0.9007107399482612,0.6817432208494707,0.783583450351857,0.875830053968633,12.783626556396484,0.3005466889590025,0.26052429620176554,0.3145515527576208,0.0,0.3005466889590025,0.8048763126134872,0.5094552401340369,0.42861149708429974,0.34179373040343775,0.0,0.5094552401340369,0.6688400552128301,0.8157065510749817,0.4816514849662781,0.7130528688430786,0.5673766136169434,0.6443591713905334,0.5383559465408325,0.3979147970676422,1.654625415802002,0.22041626274585724,0.4542815089225769,1.7400850057601929,0.2414059042930603
99,0.0001,0.4135993104428053,0.8963165868592837,0.6676541169484457,0.7829829797858157,0.8759297333969096,13.042445659637451,0.29901533387601376,0.267875749617815,0.31384140998125076,0.0,0.29901533387601376,0.8085643872618675,0.4106755762389212,0.44113406809893524,0.3919405521768512,0.0,0.4106755762389212,0.7321411371231079,0.8177320957183838,0.4821988046169281,0.7164000272750854,0.5689435005187988,0.6484395265579224,0.5414586067199707,0.39373478293418884,1.6565134525299072,0.22243693470954895,0.47531092166900635,1.7440757751464844,0.2435348629951477
100,0.0001,0.3967951573431492,0.9045567341445356,0.5997829509503914,0.8129629376401086,0.894603151580973,13.094923973083496,0.2933824695646763,0.2593106711283326,0.30621534399688244,0.0,0.2933824695646763,0.807704821228981,0.3709628979365031,0.40709067474712024,0.3450551385229284,0.0,0.3709628979365031,0.7597910292220839,0.8208066821098328,0.48230546712875366,0.7194997072219849,0.5713413953781128,0.6524144411087036,0.5440464615821838,0.39164379239082336,1.6667466163635254,0.22389444708824158,0.4873504936695099,1.7511179447174072,0.2441059947013855
101,0.0001,0.4022520426660776,0.9039096519553116,0.5562078952789307,0.8295663414120529,0.9048806562699608,13.118902206420898,0.30355997011065483,0.25892177876085043,0.3041300941258669,0.0,0.30355997011065483,0.8005353286862373,0.3838720935763735,0.3603520429495609,0.3568519155184428,0.0,0.3838720935763735,0.7480046857487072,0.8232762217521667,0.4834587275981903,0.7227742671966553,0.5723721385002136,0.6559502482414246,0.5463725328445435,0.3914914131164551,1.6733713150024414,0.2257680743932724,0.49501362442970276,1.7608177661895752,0.24586063623428345
102,0.0001,0.3970524463802576,0.9043764125779239,0.626371134411205,0.7968561214254984,0.8843092615852973,12.26983118057251,0.2934935800731182,0.25492765940725803,0.30918513983488083,0.0,0.2934935800731182,0.811850693076849,0.3848343545740301,0.41364228183572943,0.3744865023728573,0.0,0.3848343545740301,0.7441727789965543,0.8266010880470276,0.4832594692707062,0.7257851362228394,0.5740988850593567,0.6584255695343018,0.5494493246078491,0.39137041568756104,1.68272864818573,0.22646716237068176,0.5038437247276306,1.7630549669265747,0.24692730605602264
103,0.0001,0.3859156761318445,0.9071013711890591,0.6121502356095747,0.8090764729450776,0.892500262886727,12.77197527885437,0.28767924290150404,0.25268012564629316,0.30474066361784935,0.0,0.28767924290150404,0.8138178549706936,0.40574470252701733,0.40151184074806445,0.38834294405850495,0.0,0.40574470252701733,0.7354836978695609,0.8304733037948608,0.4846733808517456,0.7290577292442322,0.5739473700523376,0.6620983481407166,0.5530025362968445,0.390595406293869,1.6855733394622803,0.22816555202007294,0.5123056769371033,1.7626103162765503,0.24793273210525513
104,0.0001,0.3889275435358286,0.9067150854994958,0.5855410568641893,0.8189351010583956,0.8987846297605279,13.600114107131958,0.2870911918580532,0.2561924122273922,0.3017296399921179,0.0,0.2870911918580532,0.815039299428463,0.37774395220207446,0.3903717136744297,0.38031111522154376,0.0,0.37774395220207446,0.7571655078367754,0.8323565125465393,0.4868989586830139,0.7318840026855469,0.5745483040809631,0.6655016541481018,0.5558717846870422,0.38971370458602905,1.6923342943191528,0.22988896071910858,0.5121407508850098,1.7615981101989746,0.2486516535282135
105,0.0001,0.3807583376765251,0.909608944357093,0.5826726068149913,0.8267346531552714,0.9031263509009093,12.456292867660522,0.28662886377424,0.2483714548870921,0.3025290500372648,0.0,0.28662886377424,0.8152389824390411,0.3689782583352291,0.40619399511452875,0.3425687388940291,0.0,0.3689782583352291,0.7644230633070974,0.8339505791664124,0.4876756966114044,0.7345715165138245,0.5753539204597473,0.6675620079040527,0.5584823489189148,0.3856026232242584,1.7003271579742432,0.23093706369400024,0.5056256055831909,1.7680085897445679,0.24973805248737335
106,0.0001,0.3746964428573847,0.9128189563067243,0.6030378052682588,0.8112813566704135,0.8936107301456668,12.891230344772339,0.28372465819120407,0.24694950506091118,0.29462967067956924,0.0,0.28372465819120407,0.8162651993334293,0.3802042603492737,0.39881076595999976,0.3526792724927266,0.0,0.3802042603492737,0.7528494488109242,0.8348767161369324,0.4895723760128021,0.7377513647079468,0.5756459832191467,0.6679259538650513,0.5617480874061584,0.3885822296142578,1.702510952949524,0.2318686842918396,0.5021674633026123,1.7687402963638306,0.24992652237415314
107,0.0001,0.38081579841673374,0.9096185230957091,0.5462885119698264,0.8360261385642982,0.9092992725599384,12.207961082458496,0.2899362603202462,0.2510715611279011,0.29537890292704105,0.0,0.2899362603202462,0.8092225007712841,0.3583287109028209,0.371517303315076,0.3338475462162133,0.0,0.3583287109028209,0.7707031531767412,0.8369725942611694,0.4905533790588379,0.7409210801124573,0.5765089988708496,0.6713216304779053,0.5645919442176819,0.39121031761169434,1.704118251800537,0.2330828309059143,0.49640005826950073,1.7722680568695068,0.2502235174179077
108,0.0001,0.37106814607977867,0.9134833996571544,0.6003216035438307,0.8163006537947571,0.8975564977819528,13.556666612625122,0.28084529004991055,0.24650208186358213,0.291228037327528,0.0,0.28084529004991055,0.8196492753922939,0.4036121368408203,0.40034928195404285,0.34954504172007245,0.0,0.4036121368408203,0.7335572206612789,0.8389058113098145,0.49231085181236267,0.7436716556549072,0.5777223706245422,0.6726073026657104,0.5672811269760132,0.39089223742485046,1.7093226909637451,0.2338792383670807,0.49429094791412354,1.7767043113708496,0.25095075368881226
109,0.0001,0.37903057783842087,0.9107958005987618,0.6550711862968676,0.798068784336163,0.8851648419797679,12.667163133621216,0.28261595591902733,0.2516854293644428,0.29282912984490395,0.0,0.28261595591902733,0.8159127607941628,0.39889524199745874,0.461847261949019,0.33752181764804956,0.0,0.39889524199745874,0.7359255046555491,0.8402660489082336,0.4933509826660156,0.7464562058448792,0.5783951878547668,0.6742453575134277,0.5695626735687256,0.38628819584846497,1.7166818380355835,0.23512829840183258,0.49334412813186646,1.7780756950378418,0.252080500125885
110,0.0001,0.3656235560774803,0.913475313499434,0.6250811923633922,0.8079575871220869,0.8925797183988827,12.362242221832275,0.2731853583827615,0.24664038605988026,0.28666069731116295,0.0,0.2731853583827615,0.8254733234643936,0.42320572607444995,0.414512397664966,0.33799860694191675,0.0,0.42320572607444995,0.7222834346872388,0.8426796197891235,0.4938509166240692,0.7491515874862671,0.57784104347229,0.6764289140701294,0.5725311040878296,0.38469579815864563,1.7153183221817017,0.23610834777355194,0.487615168094635,1.7846578359603882,0.25292301177978516
111,0.0001,0.38366219587624073,0.9080403953241462,0.6668622349247788,0.7899960991519053,0.8799944412393238,12.977751970291138,0.2890308890491724,0.25856520887464285,0.28960102796554565,0.0,0.2890308890491724,0.8125397115945816,0.46096441781882086,0.4261434818759109,0.3523979638562058,0.0,0.46096441781882086,0.6913612981637319,0.8444196581840515,0.4937107563018799,0.7522282600402832,0.5787726044654846,0.6799143552780151,0.5755323171615601,0.3825024366378784,1.7188664674758911,0.23761916160583496,0.4874030351638794,1.789307713508606,0.25398877263069153
112,0.0001,0.37363060005009174,0.9126428280145922,0.617724870190476,0.8110298340979701,0.8934966365641255,13.88923954963684,0.28290638886392117,0.2506920285522938,0.2876152917742729,0.0,0.28290638886392117,0.8178075365722179,0.44240512269915955,0.39319133216684515,0.33598368456869415,0.0,0.44240512269915955,0.709493384216771,0.846579909324646,0.49413764476776123,0.7545429468154907,0.5785446763038635,0.6821902990341187,0.5784485340118408,0.38125985860824585,1.7241783142089844,0.2390555590391159,0.5004268884658813,1.7909027338027954,0.2542967200279236
113,0.0001,0.3683325797319412,0.911304386617184,0.6728473829500603,0.7954942885126026,0.8822447718977877,11.46902871131897,0.2766781859099865,0.24740362633019686,0.2902178503572941,0.0,0.2766781859099865,0.8243573606014252,0.49439540776339447,0.4471405220754219,0.2953313263979825,0.0,0.49439540776339447,0.6893828493176084,0.849143922328949,0.4947264790534973,0.7574112415313721,0.577906608581543,0.6855841279029846,0.5811963081359863,0.3803212344646454,1.726367473602295,0.2406845986843109,0.5042412281036377,1.7961782217025757,0.2552946209907532
114,0.0001,0.37976769357919693,0.9072324352562764,0.6718611500479958,0.7811262406564813,0.8744303972073092,12.395594596862793,0.28683914616703987,0.2520288722589612,0.289915818721056,0.0,0.28683914616703987,0.8146550990641117,0.46846691767374676,0.43197089072429773,0.3296938014752937,0.0,0.46846691767374676,0.6944017825704633,0.8515242338180542,0.4959629774093628,0.7599248886108398,0.5800430178642273,0.6881910562515259,0.5842980146408081,0.3792615830898285,1.7316135168075562,0.24210762977600098,0.5182361006736755,1.811352252960205,0.25636476278305054
115,0.0001,0.3674803804606199,0.9115324647827803,0.5606361627578735,0.8331217605992028,0.9068531688113199,12.960322141647339,0.280285008251667,0.24748605955392122,0.29021527990698814,0.0,0.280285008251667,0.8174800872802734,0.38340994083520136,0.37572273882952606,0.3524993658065796,0.0,0.38340994083520136,0.7516130877263618,0.8548889756202698,0.49781808257102966,0.7628596425056458,0.5800556540489197,0.6918748021125793,0.58698970079422,0.3774590492248535,1.7356454133987427,0.24400292336940765,0.521644115447998,1.8168871402740479,0.2577555179595947
116,0.0001,0.3600244950503111,0.914771028332652,0.5610853758725253,0.830577119984171,0.9051547195971543,13.681983232498169,0.273483719676733,0.24560121167451143,0.2833428159356117,0.0,0.273483719676733,0.8237915858626366,0.34619155435851123,0.4003459486094388,0.32361413132060657,0.0,0.34619155435851123,0.7774135307832197,0.8570168018341064,0.4994851350784302,0.7659520506858826,0.5803194642066956,0.6948177814483643,0.5896720886230469,0.3758670687675476,1.7400435209274292,0.24485157430171967,0.5251380801200867,1.815838098526001,0.2587265074253082
117,0.0001,0.3533371686935425,0.9190120127378311,0.5630904544483532,0.8289214976058954,0.9046996795173045,12.356776475906372,0.2739563276991248,0.24033465795218945,0.2808425799012184,0.0,0.2739563276991248,0.8234545476734638,0.3502575466127107,0.3946520812583692,0.3395818769931793,0.0,0.3502575466127107,0.7758513833537246,0.8591282963752747,0.5003646016120911,0.7686209678649902,0.5809719562530518,0.6970572471618652,0.5926926732063293,0.37234264612197876,1.744436502456665,0.2453627735376358,0.5233539938926697,1.8157457113265991,0.2588919699192047
118,0.0001,0.3567653503268957,0.9162481037389182,0.6086324814594153,0.8108935972273844,0.8937408502824685,12.237777471542358,0.2749369889497757,0.24195798113942146,0.28337711468338966,0.0,0.2749369889497757,0.8222506530582905,0.4316244992342862,0.39931367563478876,0.32470896207925043,0.0,0.4316244992342862,0.7179434669740272,0.8605220317840576,0.5009249448776245,0.7713567614555359,0.5803118348121643,0.6985143423080444,0.5947363972663879,0.3720419406890869,1.7470451593399048,0.2463391274213791,0.520897626876831,1.8159931898117065,0.2595437467098236
119,0.0001,0.3525162488222122,0.9193997709361913,0.5434245882612286,0.8383757924526806,0.9106647401577653,13.736681938171387,0.27459504548460245,0.23991273529827595,0.27432407159358263,0.0,0.27459504548460245,0.8227657228708267,0.3980834520224369,0.359106491912495,0.31741528619419446,0.0,0.3980834520224369,0.7417403152494719,0.8631981015205383,0.5009728074073792,0.7740933895111084,0.5797953605651855,0.6991222500801086,0.5968987941741943,0.3677561283111572,1.749117374420166,0.2470708042383194,0.521166205406189,1.8144139051437378,0.26024141907691956
120,0.0001,0.3503781668841839,0.9197507848289009,0.5404547796104894,0.8423326025138878,0.9138451986097869,12.871986865997314,0.2752262009307742,0.23850187193602324,0.2796488581225276,0.0,0.2752262009307742,0.8228469863533974,0.34241195519765216,0.3804740679986549,0.30914107416615344,0.0,0.34241195519765216,0.7833307457692695,0.8652247190475464,0.5013886094093323,0.7768658995628357,0.5799136161804199,0.7009894847869873,0.5996308922767639,0.3650221824645996,1.7519255876541138,0.24777643382549286,0.5208987593650818,1.8187073469161987,0.2600308954715729
121,0.0001,0.34947992116212845,0.918804336645255,0.6104607943332556,0.8099072741228394,0.8926848305223068,13.58821439743042,0.272903342731297,0.23898068908602,0.278470104560256,0.0,0.272903342731297,0.8241791501641273,0.3842648123249863,0.42584252899343317,0.3307843434088158,0.0,0.3842648123249863,0.7503644408601703,0.8661417365074158,0.5021916031837463,0.7794535756111145,0.5797165632247925,0.7031387090682983,0.6022343635559082,0.362798810005188,1.752081036567688,0.24881508946418762,0.5300986170768738,1.8291431665420532,0.26049450039863586
122,0.0001,0.3510644882917404,0.9183154408319434,0.5729734861489498,0.8254275127882023,0.9023741613838215,13.565735101699829,0.2728782817721367,0.23870041221380234,0.2806018404662609,0.0,0.2728782817721367,0.8239464983344078,0.3819719697489883,0.3937732125773574,0.3512954856410171,0.0,0.3819719697489883,0.7486849463347233,0.867942750453949,0.5020890831947327,0.7822811007499695,0.5806688666343689,0.7047802805900574,0.6047880053520203,0.36312878131866455,1.757414698600769,0.24951410293579102,0.5296441316604614,1.8304003477096558,0.26147890090942383
123,0.0001,0.34717585146427155,0.9197205967056528,0.54122476866751,0.8405287778062791,0.9120838285107249,12.514693975448608,0.27172013744711876,0.23694890178740025,0.27704482339322567,0.0,0.27172013744711876,0.8286394253373146,0.3471602002779643,0.38838264797673083,0.32546763257546857,0.0,0.3471602002779643,0.7760245854204352,0.8698406219482422,0.5016260147094727,0.7850447297096252,0.579749584197998,0.7063302397727966,0.6071494817733765,0.36252912878990173,1.759885311126709,0.2505827844142914,0.527601957321167,1.8291367292404175,0.2624484896659851
124,0.0001,0.3415838312357664,0.9214165993186598,0.5467477422772031,0.8364870231268784,0.9092902976927267,12.831647634506226,0.26955176889896393,0.23376321140676737,0.27371934056282043,0.0,0.26955176889896393,0.8319283463060856,0.3408675193786621,0.39488783027186536,0.32677957234960614,0.0,0.3408675193786621,0.783267951372898,0.8719493746757507,0.5020046830177307,0.7878521084785461,0.5782660245895386,0.7063331604003906,0.6102325916290283,0.3592594563961029,1.7614725828170776,0.25096094608306885,0.5266644954681396,1.8282160758972168,0.2624865770339966
125,0.0001,0.3534558918327093,0.916946313194658,0.5494616754127272,0.8323497302771989,0.9073212444571598,13.16307806968689,0.2725744107738137,0.24657267145812511,0.2720201825723052,0.0,0.2725744107738137,0.8228142336010933,0.3583670962940563,0.386269849358183,0.3039931402061925,0.0,0.3583670962940563,0.7727864149845007,0.8736311793327332,0.5026622414588928,0.7905232906341553,0.5772719383239746,0.7072594165802002,0.612845242023468,0.35918545722961426,1.7595279216766357,0.25210830569267273,0.5245903730392456,1.8279327154159546,0.2624185085296631
126,0.0001,0.3563030268996954,0.9147387095374991,0.5458579822020098,0.836469714349592,0.909609733141407,12.26457929611206,0.27498206309974194,0.24222924001514912,0.2784239239990711,0.0,0.27498206309974194,0.8220904022455215,0.3200534184773763,0.41205239115339337,0.2972431652473681,0.0,0.3200534184773763,0.8034663092006337,0.8760314583778381,0.5032920241355896,0.7932072877883911,0.5781697630882263,0.7071306705474854,0.6153609156608582,0.3638835549354553,1.7684320211410522,0.2535780072212219,0.5207070112228394,1.8315634727478027,0.2625146806240082
127,0.0001,0.35210428200662136,0.915192185134259,0.5561070731191924,0.8333101453708008,0.9075035953666855,13.598873615264893,0.2769524119794369,0.24075098615139723,0.2810409367084503,0.0,0.2769524119794369,0.821760531514883,0.33918131842757715,0.41072465072978626,0.31374520244020404,0.0,0.33918131842757715,0.7818114098274347,0.8775796294212341,0.5039060711860657,0.7954999804496765,0.5802592635154724,0.7090767025947571,0.6171871423721313,0.36568641662597656,1.7802096605300903,0.2546882927417755,0.5227401852607727,1.8379632234573364,0.26328396797180176
128,0.0001,0.34682703018188477,0.9178106874998895,0.5463802308747263,0.8349618228306072,0.9089251297122178,12.782396078109741,0.27267596032470465,0.24152266420423985,0.27152510173618793,0.0,0.27267596032470465,0.820825133472681,0.38653015729152795,0.3685536836132859,0.34142335255940753,0.0,0.38653015729152795,0.7518197225801873,0.8788719177246094,0.5046730041503906,0.7975302338600159,0.5808424353599548,0.71184903383255,0.6189692616462708,0.3679581582546234,1.784753441810608,0.25561583042144775,0.5180908441543579,1.8392877578735352,0.2640301287174225
129,0.0001,0.3490932658314705,0.9164479724163674,0.6007212436560428,0.816690617322469,0.8980467358065052,12.144794940948486,0.2732045315206051,0.23894725274294615,0.27265342231839895,0.0,0.2732045315206051,0.8227380886673927,0.32913703629464813,0.4389645619825883,0.3055799766020341,0.0,0.32913703629464813,0.7914157509803772,0.881278932094574,0.5059770941734314,0.7999801635742188,0.5812265872955322,0.7141525149345398,0.6218671798706055,0.3677409291267395,1.7876871824264526,0.2564612925052643,0.512992262840271,1.840344786643982,0.2648514211177826
130,0.0001,0.37021238915622234,0.90593070549633,0.5845761877117734,0.8202699856419942,0.8997536714538417,13.372344493865967,0.276116956025362,0.25805860850960016,0.27476173825562,0.0,0.276116956025362,0.8220453858375549,0.3520562432029031,0.42073760159087903,0.2990316152572632,0.0,0.3520562432029031,0.7760654976873687,0.8829990029335022,0.5069065093994141,0.8020879030227661,0.5827092528343201,0.7161954045295715,0.6244814991950989,0.37406498193740845,1.7941875457763672,0.25753915309906006,0.5186805129051208,1.858634352684021,0.2677212059497833
131,0.0001,0.3740698862820864,0.9048276639835802,0.6557011784929218,0.7880016177421468,0.8785139572083774,11.72042441368103,0.2794775478541851,0.26464132592082024,0.2700935825705528,0.0,0.2794775478541851,0.8168491758406162,0.40374696615970496,0.46360700058214593,0.323302759365602,0.0,0.40374696615970496,0.7350898890784292,0.8851640224456787,0.5067490339279175,0.8038844466209412,0.5832422971725464,0.7199426889419556,0.6266151070594788,0.37442073225975037,1.8022100925445557,0.2592516541481018,0.5385210514068604,1.8619191646575928,0.2694312632083893
132,0.0001,0.3632422983646393,0.9096415969715644,0.543971011132905,0.833326080501884,0.9079264266573497,13.171597480773926,0.2764222715049982,0.2532241428270936,0.2779684504494071,0.0,0.2764222715049982,0.8219990879297256,0.3046944285884048,0.4104757417332042,0.30039120172009326,0.0,0.3046944285884048,0.8130456353678848,0.8864207863807678,0.5077664852142334,0.8059132099151611,0.5834710001945496,0.7209988832473755,0.628805935382843,0.3740685284137726,1.8067975044250488,0.2614554464817047,0.5611995458602905,1.8753893375396729,0.271636426448822
133,0.0001,0.3456667736172676,0.9172219979035996,0.5399623928648053,0.835741800275149,0.9097362459498647,13.432770729064941,0.2720152735710144,0.2405178239569068,0.27190652303397655,0.0,0.2720152735710144,0.8219033218920231,0.34826888279481366,0.37878981142333057,0.32862370935353363,0.0,0.34826888279481366,0.7809098055868438,0.8899641633033752,0.5087335705757141,0.8087276816368103,0.5833961367607117,0.7217861413955688,0.6314156651496887,0.37793484330177307,1.8085037469863892,0.26303040981292725,0.5726974010467529,1.884480357170105,0.2731068432331085
134,0.0001,0.34688159078359604,0.9172914045963428,0.5677574186614065,0.8270662621231246,0.9032890901559432,13.258877754211426,0.26802989933639765,0.24418665561825037,0.2691625487059355,0.0,0.26802989933639765,0.830596074461937,0.34409894907113275,0.4197439334609292,0.30850598667607165,0.0,0.34409894907113275,0.7787554390502699,0.8914864659309387,0.5095639824867249,0.8111118674278259,0.5810820460319519,0.7248478531837463,0.6334838271141052,0.37690576910972595,1.8097091913223267,0.264183908700943,0.5901137590408325,1.886030912399292,0.27423277497291565
135,0.0001,0.34206811524927616,0.9204141959861488,0.5502735376358032,0.8349617310850423,0.9081197718845274,12.766958713531494,0.273843877017498,0.23700670804828405,0.27213100902736187,0.0,0.273843877017498,0.8241774439811707,0.34178226644342596,0.3999427286061374,0.31273372877727856,0.0,0.34178226644342596,0.7842333154244856,0.8918992280960083,0.5096045136451721,0.8134609460830688,0.5794983506202698,0.7263556718826294,0.6354588270187378,0.3728479743003845,1.8118816614151,0.26493120193481445,0.5958833694458008,1.8867002725601196,0.2748526334762573
136,0.0001,0.33508636243641376,0.920905131980672,0.545323169592655,0.8387155049661703,0.9109580486260571,13.891772985458374,0.26019105687737465,0.2388183046132326,0.2671143775805831,0.0,0.26019105687737465,0.8354293368756771,0.32948153669183905,0.40342523834922095,0.30603116841027234,0.0,0.32948153669183905,0.7935273575060295,0.8921508193016052,0.5103412866592407,0.8158685564994812,0.5797739028930664,0.727637529373169,0.6374263167381287,0.37226158380508423,1.8150911331176758,0.2656668424606323,0.590444803237915,1.884496808052063,0.27542123198509216
137,0.0001,0.340896537527442,0.9203914452533123,0.522343534411806,0.8483158006957394,0.9173009996423258,11.912546634674072,0.2754295142367482,0.23469141498208046,0.26795706525444984,0.0,0.2754295142367482,0.8211018964648247,0.30755265192552045,0.4010015328725179,0.25850490548393945,0.0,0.30755265192552045,0.8108654022216797,0.8938247561454773,0.5104907751083374,0.8179280757904053,0.5806898474693298,0.7287294864654541,0.6397825479507446,0.374803364276886,1.821213960647583,0.2666214108467102,0.5908493399620056,1.8807586431503296,0.27568328380584717
138,0.0001,0.3282468970865011,0.9242927128597583,0.5340387929569591,0.8412253607968965,0.9127626299334913,11.933311939239502,0.26724204141646624,0.22886951826512814,0.2649320140480995,0.0,0.26724204141646624,0.8269031941890717,0.34706888415596704,0.38699544740445685,0.3058608960021626,0.0,0.34706888415596704,0.783162893670978,0.8948599100112915,0.5122162103652954,0.8208223581314087,0.5809763669967651,0.7289573550224304,0.6419743895530701,0.3781341016292572,1.8260818719863892,0.2677381932735443,0.5911934971809387,1.8794715404510498,0.27593082189559937
139,0.0001,0.33035820350050926,0.9231158926035282,0.5196674086830833,0.8448972770119522,0.9148579161741569,12.180545806884766,0.26250194665044546,0.23373873997479677,0.2640040498226881,0.0,0.26250194665044546,0.834355004131794,0.34166367668094055,0.3730152520266446,0.3073371847470601,0.0,0.34166367668094055,0.7864959745696096,0.8958876132965088,0.5128953456878662,0.8232186436653137,0.5797421336174011,0.7304639220237732,0.6440129280090332,0.3750187158584595,1.8251994848251343,0.26865464448928833,0.5885586142539978,1.8798893690109253,0.27610909938812256
140,0.0001,0.32979059778153896,0.92397160037692,0.5325915343833693,0.8431935971617782,0.9131150026082518,12.91860294342041,0.2618708685040474,0.23247687332332134,0.2619991870597005,0.0,0.2618708685040474,0.8314396478235722,0.3207308975133029,0.40424568544734607,0.29685224999081006,0.0,0.3207308975133029,0.802634520964189,0.8971655368804932,0.5136855840682983,0.8258023858070374,0.5795939564704895,0.7314582467079163,0.6460596323013306,0.37074440717697144,1.8274036645889282,0.2696852684020996,0.5909411311149597,1.8802138566970825,0.27616724371910095
141,0.0001,0.3320252560079098,0.9207685713494935,0.5725698362697255,0.8321388134498456,0.9062340393365595,13.410392761230469,0.26519897673279047,0.23334305826574564,0.2686882335692644,0.0,0.26519897673279047,0.8324028588831425,0.3495103698788267,0.42554917299386225,0.2872034789937915,0.0,0.3495103698788267,0.7781897024674849,0.8984663486480713,0.5148365497589111,0.8279210925102234,0.5799471139907837,0.7345152497291565,0.6479558944702148,0.37041622400283813,1.8278098106384277,0.27039822936058044,0.5908867716789246,1.8790568113327026,0.2762700319290161
142,0.0001,0.32848264276981354,0.9237316976977624,0.5415515141053633,0.8408461496325147,0.9116405750671699,12.641072511672974,0.26503461319953203,0.23199293296784163,0.2586676124483347,0.0,0.26503461319953203,0.8285217881202698,0.35455285599737457,0.3935692220023184,0.288495350967754,0.0,0.35455285599737457,0.7815720005468889,0.8997759222984314,0.5156093835830688,0.8301236629486084,0.5782753229141235,0.7364078760147095,0.6499695777893066,0.366071879863739,1.8289424180984497,0.27168208360671997,0.5939795970916748,1.8782521486282349,0.2767584025859833
143,0.0001,0.33159699477255344,0.9228341481854783,0.5680806311694059,0.8327915349167413,0.9069771028979038,13.114377737045288,0.26661684829741716,0.2325187223032117,0.26540940813720226,0.0,0.26661684829741716,0.8281637243926525,0.33399818160317163,0.4247473550565315,0.2834766741954919,0.0,0.33399818160317163,0.79080443129395,0.9002323150634766,0.5169321894645691,0.8327546119689941,0.5781183242797852,0.7361379265785217,0.6522523760795593,0.3618013262748718,1.8305844068527222,0.2724438011646271,0.5976525545120239,1.8782598972320557,0.2773241698741913
144,0.0001,0.32922000996768475,0.9228374756725934,0.5460579973278623,0.834749341454147,0.9089151508200798,14.032477855682373,0.26186299696564674,0.23504943307489157,0.26120410300791264,0.0,0.26186299696564674,0.8304579555988312,0.33961075002496893,0.4004623420310743,0.31389111641681555,0.0,0.33961075002496893,0.7881990869839987,0.9026539325714111,0.5172348618507385,0.8353964686393738,0.5767455697059631,0.7377569675445557,0.6541677713394165,0.3589955270290375,1.832155704498291,0.2737705707550049,0.5925664901733398,1.877880334854126,0.2782455086708069
145,0.0001,0.32355148904025555,0.9238670034276317,0.5706207824475837,0.8300008663795171,0.9046790300066372,12.508111953735352,0.263521539978683,0.22943625412881374,0.26508392952382565,0.0,0.263521539978683,0.8321928605437279,0.38019220395521686,0.40708697203433875,0.3101518217361335,0.0,0.38019220395521686,0.7506448689735297,0.903209924697876,0.5178097486495972,0.8376645445823669,0.5761780142784119,0.7390502691268921,0.6562617421150208,0.35512763261795044,1.8324178457260132,0.274949312210083,0.5978051424026489,1.8784626722335815,0.279477059841156
146,0.0001,0.3301053177565336,0.922807564706643,0.527265545093652,0.8466588094783718,0.9158649832607165,11.979070663452148,0.26718514785170555,0.23467659670859575,0.2638032389804721,0.0,0.26718514785170555,0.8299806900322437,0.3179110830480402,0.39743636051813763,0.28190878033638,0.0,0.3179110830480402,0.8019228234435573,0.9051343202590942,0.5184208750724792,0.8397305011749268,0.5750052332878113,0.740510106086731,0.6585431694984436,0.3561133146286011,1.8347467184066772,0.27636438608169556,0.6007678508758545,1.881124496459961,0.2798383831977844
147,0.0001,0.33631294779479504,0.9202151257546675,0.5550302339322639,0.8315386399654602,0.9060925230587561,13.004096031188965,0.2711635595187545,0.23968463949859142,0.2618505349382758,0.0,0.2711635595187545,0.8225016295909882,0.37295828804825293,0.39973027236533887,0.3068780176567309,0.0,0.37295828804825293,0.7621080189040212,0.9052397012710571,0.5195741653442383,0.8417949080467224,0.5762261152267456,0.7401083707809448,0.660848081111908,0.35398080945014954,1.8418148756027222,0.277494341135025,0.6009197235107422,1.8816312551498413,0.2801666855812073
148,0.0001,0.34056330285966396,0.9163216616013897,0.5493629285783479,0.8372151533041072,0.9101316485960301,13.32279658317566,0.272670591250062,0.24032981041818857,0.26682813465595245,0.0,0.272670591250062,0.8226150274276733,0.35310499957113556,0.403024078318567,0.29954711957411334,0.0,0.35310499957113556,0.7776756069876931,0.9062241911888123,0.5199292898178101,0.8437405228614807,0.5770348310470581,0.7408925890922546,0.6632153391838074,0.35572144389152527,1.8422802686691284,0.2786484360694885,0.6103072762489319,1.8816229104995728,0.2812368869781494
149,0.0001,0.31964851543307304,0.9256509763059884,0.5383946209242849,0.839890009574233,0.9114234652161616,12.767584800720215,0.2596370857208967,0.22682928945869207,0.26137084886431694,0.0,0.2596370857208967,0.8373208418488503,0.31199695847251196,0.41634712797222717,0.2863580512278008,0.0,0.31199695847251196,0.8081995230732542,0.9078779220581055,0.520387589931488,0.8460217118263245,0.5764193534851074,0.7419636845588684,0.6654435396194458,0.3555768132209778,1.8460856676101685,0.27895116806030273,0.6104558110237122,1.8805460929870605,0.2814805805683136
150,0.0001,0.3209310229867697,0.9250690427192833,0.5338983120340289,0.8394840697865062,0.9118686890466022,12.741421222686768,0.2561987182125449,0.23042771127074957,0.2548074796795845,0.0,0.2561987182125449,0.8384178429841995,0.3572793151393081,0.3828675566297589,0.29878632950060297,0.0,0.3572793151393081,0.772733186230515,0.9088221192359924,0.5222923159599304,0.8482317328453064,0.5766263008117676,0.7423827052116394,0.6674381494522095,0.3576837182044983,1.847812533378601,0.279541552066803,0.6106308698654175,1.8804246187210083,0.2815546989440918
151,0.0001,0.3212855365127325,0.9251550931197314,0.6197779142495358,0.819937200800959,0.8988161434819901,12.541007041931152,0.26522532012313604,0.22797240875661373,0.25905195344239473,0.0,0.26522532012313604,0.8293087035417557,0.323178667010683,0.5046306631781838,0.26876396121400775,0.0,0.323178667010683,0.7880516612168514,0.9103687405586243,0.5229316353797913,0.8505640625953674,0.5755302906036377,0.7446146011352539,0.6694877743721008,0.35755637288093567,1.8510340452194214,0.2804480195045471,0.6119210720062256,1.8805251121520996,0.28217124938964844
152,0.0001,0.31835093535482883,0.9265618536806561,0.5592005614078406,0.8343045408526092,0.9084950294574659,12.629682064056396,0.26378452125936747,0.22739162389189005,0.2577980672940612,0.0,0.26378452125936747,0.8312608972191811,0.3127518820040154,0.43928524219628534,0.27475675308343134,0.0,0.3127518820040154,0.8038483189814019,0.9113522171974182,0.5239535570144653,0.8528084754943848,0.5755341649055481,0.7452216744422913,0.6715182662010193,0.35339120030403137,1.8524281978607178,0.28119561076164246,0.6170458793640137,1.876989483833313,0.2826482951641083
153,0.0001,0.31284300424158573,0.9284050942170697,0.5882571177049116,0.8282647566952788,0.9042556723899828,13.01158857345581,0.26151298824697733,0.2203918257728219,0.2582306554540992,0.0,0.26151298824697733,0.8312515914440155,0.3179372458746939,0.47392719984054565,0.2757959600650903,0.0,0.3179372458746939,0.7956965601805485,0.9128012657165527,0.5241547226905823,0.8546975255012512,0.5751503109931946,0.7463716864585876,0.6734796762466431,0.3502935469150543,1.8548169136047363,0.28180578351020813,0.6217123866081238,1.8765392303466797,0.28231045603752136
154,0.0001,0.310387110337615,0.9280688054429639,0.5581013506109064,0.8320193297271216,0.9071618197787791,12.076071500778198,0.2566260192543268,0.22015621419996023,0.2569155339151621,0.0,0.2566260192543268,0.8372305817902088,0.4386101780515729,0.3728120345057863,0.2891701983683037,0.0,0.4386101780515729,0.7215048454024575,0.9146466255187988,0.5251082181930542,0.8569373488426208,0.5749309062957764,0.7479147911071777,0.6760268211364746,0.3517395555973053,1.8577580451965332,0.28260383009910583,0.6177490949630737,1.8764766454696655,0.28238773345947266
155,0.0001,0.31734432093799114,0.9244978781731628,0.5787677764892578,0.8264383223183519,0.9034274173654909,13.75270390510559,0.25603056605905294,0.22925765346735716,0.25250229239463806,0.0,0.25603056605905294,0.8365023247897625,0.33898732337084686,0.43657249934745557,0.293635343060349,0.0,0.33898732337084686,0.7865255023493911,0.9157044291496277,0.5259197950363159,0.8590250015258789,0.5737965703010559,0.7496776580810547,0.6774019598960876,0.3475668430328369,1.8587452173233032,0.2835201323032379,0.61818927526474,1.8773653507232666,0.28319358825683594
156,0.0001,0.3246640730649233,0.9225660703335573,0.5392741506749933,0.8419256533311534,0.9128088648136446,11.550014019012451,0.2630343521013856,0.23327499348670244,0.2612962555140257,0.0,0.2630343521013856,0.8327220678329468,0.3226611108490915,0.4091828122283473,0.3163259480938767,0.0,0.3226611108490915,0.7993072813207452,0.9171754121780396,0.5267953872680664,0.860751211643219,0.5717661380767822,0.7518036961555481,0.6789761781692505,0.3512895405292511,1.8646938800811768,0.28508785367012024,0.6225083470344543,1.8813989162445068,0.284405380487442
157,0.0001,0.3163171950727701,0.9258695344821938,0.5709868236021562,0.831833273747175,0.9067704121394317,12.681682586669922,0.25988889392465353,0.22904187813401222,0.25279269088059664,0.0,0.25988889392465353,0.8349486328661442,0.3330278161800269,0.44109293908783886,0.29428263866540155,0.0,0.3330278161800269,0.7881905833880106,0.9197479486465454,0.5269972681999207,0.8631390333175659,0.5708298087120056,0.7530996799468994,0.681731104850769,0.35047924518585205,1.867606282234192,0.2861497700214386,0.6221293807029724,1.885445475578308,0.2852083146572113
158,0.0001,0.31775859370827675,0.9252301645945831,0.5136304335160689,0.848351014869127,0.9168802104931554,12.649108648300171,0.25688526779413223,0.23068080749362707,0.25437968503683805,0.0,0.25688526779413223,0.8357298523187637,0.31262457009517786,0.39288307319987903,0.27809561653570697,0.0,0.31262457009517786,0.8106385595870741,0.9202069044113159,0.5270137190818787,0.8652595281600952,0.5711926221847534,0.7533047795295715,0.6835106015205383,0.3489733338356018,1.8696255683898926,0.2871778905391693,0.6190093755722046,1.8909212350845337,0.28588712215423584
159,0.0001,0.32586835511028767,0.9218284993055961,0.5290868499062278,0.8420108499584742,0.9132943091755853,13.619354724884033,0.26778766326606274,0.23118382040411234,0.25846705585718155,0.0,0.26778766326606274,0.8275146596133709,0.37522548617738666,0.37858942421999847,0.31226724205595074,0.0,0.37522548617738666,0.7617457472916805,0.9211826324462891,0.527312695980072,0.8674399256706238,0.5711771845817566,0.7532642483711243,0.6855219602584839,0.35118764638900757,1.8734042644500732,0.28820908069610596,0.6229701638221741,1.890211820602417,0.2863413989543915
160,0.0001,0.3096797242760658,0.9282977381105963,0.517681562539303,0.8467703298837217,0.91601965615702,13.213734149932861,0.2577283140271902,0.22342735528945923,0.25317187886685133,0.0,0.2577283140271902,0.8375900201499462,0.31970855683991406,0.39209094733902905,0.3032739487561313,0.0,0.31970855683991406,0.8003935633283673,0.9223432540893555,0.5280473232269287,0.8694875836372375,0.5697245001792908,0.7539635896682739,0.6874725818634033,0.34806329011917114,1.8742960691452026,0.28878355026245117,0.625243067741394,1.8905025720596313,0.28664630651474
161,0.0001,0.31940106116235256,0.9240360194481566,0.5479018760449959,0.833740406445712,0.907702054669422,12.764039516448975,0.258632343262434,0.23368894960731268,0.25283431727439165,0.0,0.258632343262434,0.8366082645952702,0.3181053544535781,0.4256985368150653,0.2920731450572158,0.0,0.3181053544535781,0.8008288668863701,0.9234800934791565,0.5289742946624756,0.8716179132461548,0.5698923468589783,0.7555941939353943,0.6896249055862427,0.3482351303100586,1.8765095472335815,0.2894570231437683,0.6249449849128723,1.894426941871643,0.2872017025947571
162,0.0001,0.31777882017195225,0.9241407354232645,0.5257556077205774,0.8424688639392275,0.9134052903484061,12.590348958969116,0.2587711699306965,0.2312318654730916,0.25510304421186447,0.0,0.2587711699306965,0.8332230634987354,0.3547680305712151,0.3794264594713847,0.3132852478460832,0.0,0.3547680305712151,0.7772847179210547,0.9232208728790283,0.5292147397994995,0.8734980821609497,0.5691622495651245,0.7584670782089233,0.6917702555656433,0.3466285467147827,1.8790348768234253,0.29038572311401367,0.6313340663909912,1.8973722457885742,0.2876501977443695
163,0.0001,0.31657492369413376,0.9252818430346912,0.5685693928689668,0.8355506594535438,0.9089808331635818,12.522513628005981,0.2616319116204977,0.22739818319678307,0.25393084343522787,0.0,0.2616319116204977,0.833448026329279,0.30677984700058447,0.46860018462845776,0.26389798431685474,0.0,0.30677984700058447,0.8118934631347656,0.9239990711212158,0.529792845249176,0.8754988312721252,0.5689889192581177,0.7581892609596252,0.6937772631645203,0.3478880524635315,1.8843355178833008,0.290793776512146,0.6306734681129456,1.8968262672424316,0.2880473732948303
164,0.0001,0.30229234509170055,0.930017014687846,0.5103187958399454,0.8551468625286758,0.9208620915041457,11.811323881149292,0.25161294639110565,0.21997459046542645,0.2542623858898878,0.0,0.25161294639110565,0.843154601752758,0.2983865123806578,0.4076944625738895,0.2708144648508592,0.0,0.2983865123806578,0.8209165822375905,0.9253093600273132,0.5303061008453369,0.8774089217185974,0.5684468746185303,0.7582446336746216,0.6956754922866821,0.3499647080898285,1.8849618434906006,0.2915583550930023,0.6324766278266907,1.8948088884353638,0.28828752040863037
165,0.0001,0.3010069075971842,0.9320061377145505,0.5383155237544667,0.8437846387367929,0.9131225372489579,12.635385274887085,0.2504823701456189,0.2211473947390914,0.24348449800163507,0.0,0.2504823701456189,0.8421197757124901,0.32366766893502436,0.4159971565911264,0.28008251479177765,0.0,0.32366766893502436,0.7990638415018717,0.9267379641532898,0.5312654376029968,0.8792142271995544,0.5697833299636841,0.7578456997871399,0.697931170463562,0.34743812680244446,1.8857769966125488,0.2918759286403656,0.6312901377677917,1.8936502933502197,0.28834089636802673
166,0.0001,0.29557513631880283,0.932884040630481,0.5207067113934141,0.8480558886253552,0.916544665234898,12.443124532699585,0.2478002179414034,0.2158250566571951,0.24562383070588112,0.0,0.2478002179414034,0.8442251943051815,0.3061602531057416,0.40653915296901355,0.2882632360313878,0.0,0.3061602531057416,0.8097118897871538,0.9270176887512207,0.531805157661438,0.8814023733139038,0.5685418248176575,0.7590345740318298,0.6999024748802185,0.346550852060318,1.8857042789459229,0.29240670800209045,0.6287952065467834,1.8926422595977783,0.28853166103363037
167,0.0001,0.3077665865421295,0.9278339146425377,0.543375394561074,0.8410129688829677,0.9125718912343024,13.177021265029907,0.26101057324558496,0.2232873411849141,0.25197851192206144,0.0,0.26101057324558496,0.8310103453695774,0.3084699168349757,0.43678249554200604,0.27644105210448755,0.0,0.3084699168349757,0.8049777475270358,0.9272127151489258,0.5324512124061584,0.8833407163619995,0.5682374835014343,0.7590076327323914,0.7018656730651855,0.34293657541275024,1.887351632118225,0.2928599715232849,0.6283426284790039,1.8914636373519897,0.28863289952278137
168,0.0001,0.3007042147219181,0.9302026545355964,0.5410411430127693,0.8439094317378184,0.9144167281674161,12.834863901138306,0.25240242294967175,0.2210208596661687,0.2456890605390072,0.0,0.25240242294967175,0.8385902643203735,0.2978186950539098,0.44405777165384,0.26267424857977667,0.0,0.2978186950539098,0.8156343969431791,0.9278280138969421,0.5325719118118286,0.8851155042648315,0.5685819983482361,0.759753406047821,0.7032904028892517,0.34238070249557495,1.888464331626892,0.29344701766967773,0.6257780194282532,1.8929407596588135,0.2891620099544525
169,0.0001,0.31990492530167103,0.9239650018450855,0.5842657522721724,0.8283045554186879,0.9047994932255466,12.536178588867188,0.260870011523366,0.23436346370726824,0.248346209526062,0.0,0.260870011523366,0.8324728161096573,0.46646780317479913,0.40451636820128467,0.24948439995447794,0.0,0.46646780317479913,0.7201913595199585,0.9298208951950073,0.5319153070449829,0.8867414593696594,0.5677895545959473,0.7602538466453552,0.7053168416023254,0.34425103664398193,1.8958845138549805,0.29479551315307617,0.6300419569015503,1.8971021175384521,0.28999724984169006
170,0.0001,0.30538505874574184,0.9287340237771593,0.5398638356815685,0.8389586747266201,0.9116373067567763,12.269786834716797,0.26409890595823526,0.2196772862225771,0.2542581595480442,0.0,0.26409890595823526,0.8333166465163231,0.35163905403830786,0.3890769373286854,0.30943852392109955,0.0,0.35163905403830786,0.7831908934044115,0.9304087162017822,0.5320855975151062,0.8885245323181152,0.5668393969535828,0.7618988752365112,0.7075194120407104,0.34846147894859314,1.90142023563385,0.2959218919277191,0.6313623189926147,1.897680640220642,0.29008808732032776
171,0.0001,0.3021012991666794,0.9299507553055522,0.5052008953961459,0.8520472315356982,0.9194842815469126,13.497118473052979,0.25385603215545416,0.22012160997837782,0.2507498590275645,0.0,0.25385603215545416,0.8373160101473331,0.32936260916969995,0.37977494073636603,0.290556249293414,0.0,0.32936260916969995,0.7941034544597972,0.9315191507339478,0.5326462984085083,0.8905107378959656,0.5669680237770081,0.7625758051872253,0.7089357972145081,0.3508097231388092,1.9038276672363281,0.296660453081131,0.6282343864440918,1.8986324071884155,0.2901839017868042
172,0.0001,0.3009103052318096,0.9307628606116094,0.5179160110878221,0.8497115551673825,0.917874399490726,13.392577886581421,0.2539303842931986,0.22079644352197647,0.24392059445381165,0.0,0.2539303842931986,0.8377226963639259,0.3154877351992058,0.40303512956156873,0.2726689306172458,0.0,0.3154877351992058,0.8076171838875973,0.9316607713699341,0.5332305431365967,0.8925581574440002,0.5682379603385925,0.7635214924812317,0.7105371356010437,0.34879183769226074,1.9044641256332397,0.2969515323638916,0.6244096159934998,1.9009581804275513,0.2901450991630554
173,0.0001,0.2997186351567507,0.9298135174484365,0.5538355509440104,0.8357832049188404,0.9092560763453815,12.696366548538208,0.24992423690855503,0.22090526670217514,0.24895308166742325,0.0,0.24992423690855503,0.8414226658642292,0.3337792898669387,0.42806828022003174,0.282039511384386,0.0,0.3337792898669387,0.7898500489466118,0.9328954815864563,0.5339156985282898,0.894620954990387,0.5671973824501038,0.7639475464820862,0.7123525738716125,0.34711238741874695,1.9044816493988037,0.2977645993232727,0.6239684820175171,1.901755452156067,0.29082393646240234
174,0.0001,0.31259020790457726,0.9273425562174908,0.5647818211353186,0.82892491020888,0.9047327334100337,13.031702756881714,0.26262355130165815,0.22709364630281925,0.2501790467649698,0.0,0.26262355130165815,0.8294399231672287,0.38482724897789233,0.40341589667580346,0.30336652650977625,0.0,0.38482724897789233,0.754553319829883,0.9331551194190979,0.5347774028778076,0.8965506553649902,0.5657960772514343,0.7648141384124756,0.7141016721725464,0.3453651964664459,1.905903697013855,0.2983003258705139,0.6239874362945557,1.8988006114959717,0.290842205286026
175,0.0001,0.29985168762505054,0.9300490605407847,0.5524609088897705,0.8381037052153671,0.9101988973701922,12.832566261291504,0.2536242073401809,0.21701395325362682,0.25022909604012966,0.0,0.2536242073401809,0.8375718593597412,0.33194351015668927,0.43450178522052185,0.27411067576119397,0.0,0.33194351015668927,0.7923828291170525,0.9347141981124878,0.5348266959190369,0.8986168503761292,0.5642932653427124,0.764301061630249,0.7160722613334656,0.3429003953933716,1.9076991081237793,0.29912903904914856,0.6228501796722412,1.9003552198410034,0.2910657823085785
176,0.0001,0.30382037721574306,0.9277146508409921,0.5046247099385117,0.8522999419958099,0.919261634471326,13.230870008468628,0.2515468942001462,0.2275616405531764,0.24413118232041597,0.0,0.2515468942001462,0.8379179127514362,0.30486265457037726,0.391666956020124,0.2756572546380939,0.0,0.30486265457037726,0.8141671527515758,0.9354361295700073,0.5352016091346741,0.9005492329597473,0.5633881092071533,0.7657184600830078,0.7177212834358215,0.3411121070384979,1.9088554382324219,0.29959210753440857,0.624149739742279,1.8984179496765137,0.2912052869796753
177,0.0001,0.31068253982812166,0.9256466763613258,0.5544548937768647,0.8366683987368567,0.9096329572055413,12.790425777435303,0.2601662063971162,0.2265855772420764,0.24361974094063044,0.0,0.2601662063971162,0.8340316340327263,0.30427185513756494,0.45027284730564465,0.2772447575222362,0.0,0.30427185513756494,0.8075222589752891,0.9364095330238342,0.534998893737793,0.9023430943489075,0.562335729598999,0.7654643058776855,0.7194148302078247,0.34576648473739624,1.9117250442504883,0.30098867416381836,0.6282594799995422,1.9003005027770996,0.2912939488887787
178,0.0001,0.3051434922963381,0.9283503187875551,0.5224038615371241,0.8438834680138436,0.9137705772820973,12.271249055862427,0.2555143339559436,0.22293598763644695,0.2468084590509534,0.0,0.2555143339559436,0.8355291225016117,0.31514126965493866,0.40361075509678235,0.2762282093365987,0.0,0.31514126965493866,0.8070651798537283,0.935814619064331,0.5358791947364807,0.9040310382843018,0.5618434548377991,0.7667712569236755,0.7207925319671631,0.3478648364543915,1.9119176864624023,0.30214646458625793,0.6312689185142517,1.8998327255249023,0.29190120100975037
179,0.0001,0.3089045062661171,0.925727108395126,0.5026942997267752,0.857078321891347,0.9221702711918016,12.605794429779053,0.2550735538825393,0.22883367165923119,0.24694282561540604,0.0,0.2550735538825393,0.8369977325201035,0.3009684013597893,0.40199516939394403,0.26064052094112744,0.0,0.3009684013597893,0.8175991592985211,0.9362956881523132,0.536178469657898,0.9059819579124451,0.5614598393440247,0.7663171887397766,0.7224498987197876,0.34400928020477295,1.9156028032302856,0.3026082515716553,0.6308615803718567,1.8968738317489624,0.29228854179382324
180,0.0001,0.29729937203228474,0.9318887031145674,0.5447006875818426,0.8418654054972309,0.912603540295684,12.092281341552734,0.2515033492818475,0.21958415675908327,0.24235936906188726,0.0,0.2515033492818475,0.8402378968894482,0.30250836141181714,0.44609012206395465,0.266650145704096,0.0,0.30250836141181714,0.8111098173892859,0.9365196228027344,0.5364630818367004,0.9077191948890686,0.5617057085037231,0.765742838382721,0.7244244813919067,0.34198862314224243,1.91757333278656,0.3035642206668854,0.6330404281616211,1.9005827903747559,0.29283156991004944
181,0.0001,0.297220591455698,0.9304380730245361,0.4946893850962321,0.8559534267277282,0.9216159063347316,12.817145586013794,0.24771696794778109,0.2219053190201521,0.24015845265239477,0.0,0.24771696794778109,0.8429739810526371,0.30136302745703497,0.38630736235416296,0.27812022783539514,0.0,0.30136302745703497,0.8184619871052828,0.9378242492675781,0.5366330742835999,0.9095346927642822,0.5619279742240906,0.7666209936141968,0.7257747650146484,0.33940744400024414,1.917570948600769,0.3043406903743744,0.6319066286087036,1.8987107276916504,0.292828232049942
182,0.0001,0.29641246050596237,0.931588665358938,0.545417070388794,0.8388000014378081,0.9106822780163772,13.335277557373047,0.25111361127346754,0.21959240548312664,0.24396008905023336,0.0,0.25111361127346754,0.8399232514202595,0.3154997843684572,0.43525251836487744,0.2821908882170012,0.0,0.3154997843684572,0.7972454537044872,0.9389605522155762,0.5368526577949524,0.9114677309989929,0.5609998106956482,0.767417848110199,0.7275810837745667,0.3368290364742279,1.9195477962493896,0.3048897087574005,0.6344080567359924,1.8987553119659424,0.29261845350265503
183,0.0001,0.29124780371785164,0.9321739971038112,0.5014622644944624,0.8550730347271536,0.9208107698341919,13.174867868423462,0.2500596772879362,0.21589777059853077,0.2454004744067788,0.0,0.2500596772879362,0.8447911255061626,0.3079654122843887,0.39550384969422314,0.27265416040565027,0.0,0.3079654122843887,0.8101606278708486,0.939002513885498,0.5369340181350708,0.9130792617797852,0.5601491332054138,0.7678660154342651,0.7294151186943054,0.3337986469268799,1.9204598665237427,0.3059999346733093,0.6331219673156738,1.9008400440216064,0.29296138882637024
184,0.0001,0.29854048881679773,0.9308525800582031,0.5057038899623987,0.8493919715329885,0.9176829173694953,12.71618103981018,0.25795902870595455,0.21478583943098783,0.24902301374822855,0.0,0.25795902870595455,0.8378896526992321,0.30302234851952753,0.39867816188118677,0.2884830886667425,0.0,0.30302234851952753,0.8131216728326046,0.9391301870346069,0.536811113357544,0.914975106716156,0.5597262978553772,0.7679674625396729,0.7313237190246582,0.33464276790618896,1.9219987392425537,0.3070593476295471,0.6338635683059692,1.9006328582763672,0.29347074031829834
185,0.0001,0.29059177078306675,0.9331939019981363,0.5007169896906073,0.8546969528314152,0.9205102037509933,12.796227931976318,0.24972783122211695,0.21457141637802124,0.23998495750129223,0.0,0.24972783122211695,0.8432508260011673,0.33896721854354395,0.38194355639544403,0.27202869364709564,0.0,0.33896721854354395,0.7869347388094122,0.9409027695655823,0.5371144413948059,0.916856050491333,0.559859573841095,0.7682686448097229,0.7333383560180664,0.3368918001651764,1.9231775999069214,0.30833330750465393,0.6342172622680664,1.900708794593811,0.2934401035308838
186,0.0001,0.29276658222079277,0.9319117839004208,0.529376152789954,0.8463575228961784,0.9159643105218531,13.108397722244263,0.2588893296197057,0.21381671726703644,0.2472250908613205,0.0,0.2588893296197057,0.8325490355491638,0.30443253300406714,0.4241749608155453,0.2740501309886123,0.0,0.30443253300406714,0.8115028738975525,0.9403055310249329,0.5381980538368225,0.9185161590576172,0.5596566200256348,0.7692450881004333,0.7349469661712646,0.33886319398880005,1.9231120347976685,0.30886080861091614,0.6331930160522461,1.8992581367492676,0.29352086782455444
187,0.0001,0.28319807536900043,0.9348668637337073,0.49099633910439233,0.8601443386946624,0.9239287395595803,13.204071760177612,0.24322025664150715,0.2118420349434018,0.23884389270097017,0.0,0.24322025664150715,0.8458938971161842,0.3154453599091732,0.38110877708955243,0.27514794197949494,0.0,0.3154453599091732,0.8090075597618566,0.940839946269989,0.5384240746498108,0.9201847910881042,0.5586827993392944,0.7696556448936462,0.7364271283149719,0.3360922336578369,1.9229955673217773,0.30907681584358215,0.6334660053253174,1.8988906145095825,0.29377689957618713
188,0.0001,0.2884138822555542,0.9334717102220162,0.49776723168113013,0.8582993995047347,0.9229922231248736,12.598798036575317,0.24446093011647463,0.21474134270101786,0.24080585222691298,0.0,0.24446093011647463,0.8459365032613277,0.2952935009291678,0.40549502228245593,0.25018625277461426,0.0,0.2952935009291678,0.8237196766968929,0.9420842528343201,0.5384790301322937,0.9222742319107056,0.5574100613594055,0.7698699235916138,0.7381799817085266,0.33490297198295593,1.922781229019165,0.3091379404067993,0.6352107524871826,1.8972117900848389,0.294005423784256
189,0.0001,0.28388686850667,0.9343562901708284,0.49660216317032324,0.8560184563538717,0.9216494031335924,12.509803295135498,0.24137809872627258,0.21450113598257303,0.23667796421796083,0.0,0.24137809872627258,0.846648670732975,0.30383257071177167,0.39081284494111035,0.28487721356478607,0.0,0.30383257071177167,0.8172978216951544,0.9427835941314697,0.5389609932899475,0.9241794347763062,0.5567758679389954,0.769611120223999,0.7398448586463928,0.334512859582901,1.924136757850647,0.3090032935142517,0.6336719393730164,1.8952109813690186,0.29394298791885376
190,0.0001,0.2862432384863496,0.9330203691828426,0.5088602196086537,0.8533941729844278,0.9199705902478573,13.17010498046875,0.245438139885664,0.21519760321825743,0.24206126481294632,0.0,0.245438139885664,0.8449030332267284,0.2984110369826808,0.4113389958034862,0.25480093919869623,0.0,0.2984110369826808,0.8200690619873278,0.9440639615058899,0.53896564245224,0.9257598519325256,0.5563750863075256,0.7703714370727539,0.7413644194602966,0.3311435580253601,1.923615574836731,0.309471070766449,0.6338583827018738,1.8949034214019775,0.293933629989624
191,0.0001,0.2926818784326315,0.9322415805177596,0.5375726873224432,0.8478755643371241,0.9161687910089145,13.001513481140137,0.2511964989826083,0.21834750194102526,0.24113941192626953,0.0,0.2511964989826083,0.8419729620218277,0.2914458296515725,0.45345008012020227,0.24450208653103223,0.0,0.2914458296515725,0.8185310183149396,0.9448681473731995,0.5389804244041443,0.927456796169281,0.5555576086044312,0.7704790234565735,0.7428870797157288,0.32848072052001953,1.923416256904602,0.31025347113609314,0.6317752599716187,1.895612359046936,0.2941392660140991
192,0.0001,0.2892913371324539,0.933861754727026,0.49742029652451025,0.8559828415520748,0.9217270526048928,13.02905821800232,0.2479281723499298,0.2180985677987337,0.234846624545753,0.0,0.2479281723499298,0.8411693200469017,0.31291957335038617,0.38931933677557745,0.2563364939256148,0.0,0.31291957335038617,0.8090760400800994,0.9441966414451599,0.5394594669342041,0.929024338722229,0.555669367313385,0.7709921002388,0.7442361116409302,0.32630085945129395,1.9257423877716064,0.3107789158821106,0.6289821863174438,1.8928149938583374,0.2946314513683319
193,0.0001,0.27775981090962887,0.9368703233115967,0.4905277526739872,0.8601333141650928,0.924001849768287,13.216342210769653,0.23657915089279413,0.20949039980769157,0.2346428669989109,0.0,0.23657915089279413,0.8531865775585175,0.30413031578063965,0.38902099927266437,0.2820385703534791,0.0,0.30413031578063965,0.814336410074523,0.945607602596283,0.540206789970398,0.9308186769485474,0.5548719167709351,0.771979808807373,0.7458933591842651,0.32705315947532654,1.9281047582626343,0.31143349409103394,0.6300923228263855,1.8898221254348755,0.2949415147304535
194,0.0001,0.2879648758098483,0.9338618782388749,0.510819926406398,0.8544340296012126,0.9205036182733568,12.393966674804688,0.2495973026379943,0.21438333112746477,0.23976737260818481,0.0,0.2495973026379943,0.8430939242243767,0.2992336388790246,0.41927422899188416,0.25798709916346,0.0,0.2992336388790246,0.8112772594798695,0.945487380027771,0.5405115485191345,0.9321548938751221,0.5542117953300476,0.7721095681190491,0.7471154928207397,0.3281998336315155,1.9306743144989014,0.31235653162002563,0.6304126977920532,1.8887261152267456,0.2951332628726959
195,0.0001,0.2812786540016532,0.9361717652094594,0.5114162257223418,0.8523656496723192,0.9195210709861175,12.38963508605957,0.2423635507002473,0.21228171419352293,0.23465609271079302,0.0,0.2423635507002473,0.8495684675872326,0.2917871294599591,0.4212444533001293,0.25169044733047485,0.0,0.2917871294599591,0.8255360541921674,0.9463496208190918,0.5407219529151917,0.9336588978767395,0.553277850151062,0.7733805179595947,0.7485628724098206,0.32714399695396423,1.9306901693344116,0.31254807114601135,0.6327210664749146,1.8877534866333008,0.2951694130897522
196,0.0001,0.28035259805619717,0.9351582707321637,0.49627364404273755,0.858055066781196,0.9229259939474357,13.507282018661499,0.2428394015878439,0.21178502310067415,0.23402779921889305,0.0,0.2428394015878439,0.8493058942258358,0.3268093701564904,0.38410631273732043,0.27130609931367816,0.0,0.3268093701564904,0.8001780925375043,0.9467814564704895,0.5414292216300964,0.9353203177452087,0.5528368949890137,0.7743512392044067,0.7499982714653015,0.3258071839809418,1.9300791025161743,0.3129676580429077,0.6352209448814392,1.8881192207336426,0.2954670786857605
197,0.0001,0.2756781205534935,0.9368712085402507,0.5380843841668331,0.8472090946847004,0.9160852630962079,12.481333494186401,0.2383514354005456,0.20887488219887018,0.234771940857172,0.0,0.2383514354005456,0.8514589220285416,0.29784589102773956,0.45121766942920105,0.26427237824960187,0.0,0.29784589102773956,0.8131681644555294,0.9475053548812866,0.541800856590271,0.9368894100189209,0.5530248880386353,0.7743715047836304,0.7512301206588745,0.32311517000198364,1.9308795928955078,0.3134048283100128,0.630763828754425,1.8865070343017578,0.29579198360443115
198,0.0001,0.2820786917582154,0.934721924345854,0.5226051590659402,0.8512224285718769,0.9185222289563395,12.303329706192017,0.2441163845360279,0.21407777722924948,0.23687050864100456,0.0,0.2441163845360279,0.8455256633460522,0.29426571455868805,0.4323984854149096,0.2516210079193115,0.0,0.29426571455868805,0.8231552189046686,0.9484483003616333,0.5420493483543396,0.9384351372718811,0.5526613593101501,0.7746950387954712,0.7525959014892578,0.322369784116745,1.9312710762023926,0.31359413266181946,0.6270826458930969,1.884106159210205,0.2955988943576813
199,0.0001,0.27613665256649256,0.9364168753701196,0.5301465301802664,0.8510373060824842,0.9183339358376166,12.949697971343994,0.2451975904405117,0.2062034821137786,0.23654284235090017,0.0,0.2451975904405117,0.8436959758400917,0.30911991993586224,0.4384917508472096,0.2509467999140422,0.0,0.30911991993586224,0.8140770323348768,0.9487859010696411,0.5422344207763672,0.9397867321968079,0.5518154501914978,0.7749247550964355,0.753637969493866,0.32083290815353394,1.9327863454818726,0.3142130672931671,0.6251980662345886,1.8824405670166016,0.2955785095691681
200,0.0001,0.27983036637306213,0.9357560714718282,0.5075315959525831,0.8547515952609528,0.9207806333463568,12.436254739761353,0.2432613456621766,0.21208804100751877,0.235567188821733,0.0,0.2432613456621766,0.8483443558216095,0.30877972010410193,0.40719877589832654,0.26893396269191394,0.0,0.30877972010410193,0.8127996108748696,0.9493553042411804,0.5425989031791687,0.9410915970802307,0.5504643321037292,0.7758917212486267,0.7551907896995544,0.3201720416545868,1.9344134330749512,0.3150162100791931,0.6318822503089905,1.8820006847381592,0.29576748609542847
201,0.0001,0.28162546176463366,0.9349966227764407,0.5009866483283766,0.858486773539821,0.9226904568868245,13.769746541976929,0.2451691161841154,0.20992502104490995,0.23767265118658543,0.0,0.2451691161841154,0.8468676172196865,0.2853714950156934,0.416091395146919,0.248582686438705,0.0,0.2853714950156934,0.8271270502697338,0.9499045610427856,0.5423882007598877,0.9427422881126404,0.5498291850090027,0.7769297957420349,0.7566202282905579,0.3185972571372986,1.9349091053009033,0.3153999149799347,0.6330021023750305,1.880686640739441,0.2954138219356537
202,0.0001,0.28905414789915085,0.9334046621451136,0.5259812889677106,0.8481147160950062,0.9163833535121053,13.25901174545288,0.25262512918561697,0.21735720057040453,0.2359779290854931,0.0,0.25262512918561697,0.8359542153775692,0.2912567167571097,0.43503080714832654,0.2552577690644698,0.0,0.2912567167571097,0.8236919027386289,0.949712872505188,0.5424025654792786,0.9442374110221863,0.5497516393661499,0.7762702107429504,0.7578709125518799,0.3194546401500702,1.9374128580093384,0.3163565993309021,0.6312670111656189,1.8814034461975098,0.29561731219291687
203,0.0001,0.277001085691154,0.9363138030756046,0.5249564178062208,0.8494891326680046,0.9176455483951076,12.801373958587646,0.2386078918352723,0.21227044984698296,0.23092576302587986,0.0,0.2386078918352723,0.8547649756073952,0.2947344021363692,0.4332493110136552,0.25585958181005536,0.0,0.2947344021363692,0.8250335761995027,0.9499278664588928,0.5425464510917664,0.9458262324333191,0.5479500889778137,0.7766526341438293,0.7593609094619751,0.320761501789093,1.9375272989273071,0.31720098853111267,0.6338375210762024,1.8795446157455444,0.29588785767555237
204,0.0001,0.27899933978915215,0.93615089252411,0.5179390329303164,0.8491311238565894,0.9169989572825662,12.624787092208862,0.24197591003030539,0.21214432455599308,0.23130285926163197,0.0,0.24197591003030539,0.8468148559331894,0.29768948843984894,0.4216653560147141,0.26635195089109015,0.0,0.29768948843984894,0.8196976040348862,0.9504985809326172,0.5430311560630798,0.9473533630371094,0.5473422408103943,0.7770382165908813,0.7608541250228882,0.3199358582496643,1.939543604850769,0.31781163811683655,0.6320899128913879,1.8805279731750488,0.2958536148071289
205,0.0001,0.27785087656229734,0.935742965784717,0.523915196910049,0.8512843488142412,0.9190087252665113,12.078207015991211,0.2420905064791441,0.20916535705327988,0.23602059204131365,0.0,0.2420905064791441,0.8467358946800232,0.31806338917125354,0.4242808060212569,0.25666282484025665,0.0,0.31806338917125354,0.8056900212259004,0.9515873193740845,0.5431376695632935,0.948898196220398,0.5470766425132751,0.7776288986206055,0.7623153924942017,0.3191424012184143,1.9414587020874023,0.3184455931186676,0.6327452659606934,1.8806915283203125,0.29583755135536194
206,0.0001,0.2840602044016123,0.934653568110974,0.5286332549470844,0.8481938868098539,0.917117659493987,13.849738597869873,0.24811652023345232,0.21412783488631248,0.23429631907492876,0.0,0.24811652023345232,0.8431645631790161,0.29742394252256915,0.4378643234570821,0.2598784114375259,0.0,0.29742394252256915,0.8189237460945592,0.9519895315170288,0.5436956286430359,0.9506219625473022,0.5455801486968994,0.7790079116821289,0.7638217210769653,0.31964194774627686,1.9434226751327515,0.31899887323379517,0.6323491930961609,1.8793050050735474,0.2963850796222687
207,0.0001,0.27474080212414265,0.9365336485462917,0.506043123476433,0.8541232152513111,0.9205972818291581,12.09995722770691,0.24086519330739975,0.2082483684644103,0.23537264205515385,0.0,0.24086519330739975,0.8486817553639412,0.31919431325161096,0.3988462867158832,0.28531070911523065,0.0,0.31919431325161096,0.7950336228717457,0.9528181552886963,0.5441609025001526,0.9522733092308044,0.5452890992164612,0.7789809107780457,0.7653361558914185,0.3210439383983612,1.9441190958023071,0.3198447823524475,0.6332114934921265,1.8789697885513306,0.2966466248035431
208,0.0001,0.2734553590416908,0.9379416108737001,0.5307321331717751,0.8474406393702163,0.9157633578778067,12.874826669692993,0.24463272094726562,0.2057936005294323,0.2311408007517457,0.0,0.24463272094726562,0.845183726400137,0.30121450713186554,0.4410719419970657,0.2542951215397228,0.0,0.30121450713186554,0.8153121561715098,0.9531326293945312,0.5443105101585388,0.9539012312889099,0.5442925095558167,0.7797338366508484,0.7668949365615845,0.32162538170814514,1.9445520639419556,0.32066717743873596,0.6342890858650208,1.8776252269744873,0.2968320846557617
209,0.0001,0.2813048595562577,0.9348678666677888,0.5351903113451871,0.8438654133139926,0.9141974512009197,12.598525524139404,0.2466498240828514,0.21282485872507095,0.2337065553292632,0.0,0.2466498240828514,0.84449627622962,0.3058096134301388,0.4380485848947005,0.25676848220102716,0.0,0.3058096134301388,0.8137160268696871,0.9531649947166443,0.5445215106010437,0.9554718136787415,0.5424813628196716,0.7797018885612488,0.7684114575386047,0.3217768371105194,1.944921851158142,0.32151225209236145,0.6347141265869141,1.8776154518127441,0.296919584274292
210,0.0001,0.2773480322211981,0.9365629652912101,0.505453247012514,0.8530232050397998,0.9196747552703786,12.714064836502075,0.24847137182950974,0.20716341957449913,0.23604382667690516,0.0,0.24847137182950974,0.8416426330804825,0.3456018567085266,0.38220289981726446,0.27999520482438983,0.0,0.3456018567085266,0.7854562166965369,0.9537681937217712,0.5447304248809814,0.9568595886230469,0.5430030822753906,0.7790902853012085,0.7697616219520569,0.3173697292804718,1.9460150003433228,0.3220415413379669,0.6355288028717041,1.877716302871704,0.2970908284187317
211,0.0001,0.26812506932765245,0.9390204781607214,0.525998238361243,0.851058394649734,0.9180422059746517,13.916823387145996,0.2335223536938429,0.2057828065007925,0.22990817669779062,0.0,0.2335223536938429,0.8562248647212982,0.30323331464420666,0.43569742007689044,0.2544874368291913,0.0,0.30323331464420666,0.8141035148591707,0.9540473222732544,0.5450690984725952,0.9583666920661926,0.5416361689567566,0.7792247533798218,0.7712498307228088,0.31627747416496277,1.9472782611846924,0.322575181722641,0.6340991854667664,1.87807297706604,0.29726722836494446
212,0.0001,0.27066534478217363,0.9383276920366763,0.5000249689275568,0.8575164361619606,0.9224596283507233,14.04399037361145,0.2375739123672247,0.20646793022751808,0.23196918237954378,0.0,0.2375739123672247,0.8534999340772629,0.29219853697401105,0.4115475831609784,0.2630281448364258,0.0,0.29219853697401105,0.8235178788503011,0.9537308216094971,0.5452248454093933,0.9596878886222839,0.5416725277900696,0.7798224091529846,0.7725736498832703,0.3160875737667084,1.9479094743728638,0.32318776845932007,0.6345987915992737,1.8773341178894043,0.29741692543029785
213,0.0001,0.27628450095653534,0.9374374415981225,0.5175032398917458,0.8494132493760863,0.9179054329750828,12.443186283111572,0.25017081666737795,0.20580680016428232,0.23520588129758835,0.0,0.25017081666737795,0.8447410352528095,0.30822145035772613,0.41531541672619904,0.2813743461262096,0.0,0.30822145035772613,0.8123270977627147,0.9542730450630188,0.5455144047737122,0.9610137939453125,0.5416041612625122,0.7810962200164795,0.7738796472549438,0.31692928075790405,1.949625849723816,0.3236384689807892,0.6332669258117676,1.8783916234970093,0.2971845269203186
214,0.0001,0.26414959505200386,0.9401925059813507,0.5119641116171172,0.852719980963974,0.9194498537278998,13.323664665222168,0.23600133694708347,0.19976581912487745,0.2282310239970684,0.0,0.23600133694708347,0.8542646840214729,0.29540932178497314,0.4187644250465162,0.26428682695735584,0.0,0.29540932178497314,0.823193270148653,0.9545751214027405,0.5457329750061035,0.962568998336792,0.5412793159484863,0.7812743186950684,0.7752606868743896,0.31677719950675964,1.9496934413909912,0.32422754168510437,0.6335130929946899,1.8788703680038452,0.29735067486763
215,0.0001,0.2763328533619642,0.9359876260468104,0.496544057672674,0.8602604753253207,0.9240513185170892,12.750978708267212,0.24423165246844292,0.21151248831301928,0.23313798010349274,0.0,0.24423165246844292,0.8452306017279625,0.2914193868637085,0.4109385374820594,0.25828506007339014,0.0,0.2914193868637085,0.8225556070154364,0.9553003311157227,0.5457897782325745,0.963946521282196,0.5408209562301636,0.7821488380432129,0.7764956951141357,0.31316810846328735,1.949088454246521,0.32498711347579956,0.6325877904891968,1.880098819732666,0.297621488571167
216,0.0001,0.2698754547163844,0.9399434955326025,0.5026388457327178,0.8558800300682845,0.9213416957288718,13.408224821090698,0.24415159225463867,0.2021783795207739,0.23165834788233042,0.0,0.24415159225463867,0.8468242660164833,0.30831135403026233,0.41100331689372205,0.24875076973077023,0.0,0.30831135403026233,0.8139853567788096,0.9560505151748657,0.5458041429519653,0.9655088782310486,0.54075026512146,0.7825899720191956,0.7778865694999695,0.3120584487915039,1.9503740072250366,0.32553258538246155,0.6320822238922119,1.8783462047576904,0.2980072498321533
217,0.0001,0.27959174383431673,0.9353979296957469,0.49213332840890595,0.8612878601165429,0.9247250299711204,12.900104999542236,0.24738131277263165,0.20864643156528473,0.234702093526721,0.0,0.24738131277263165,0.842185016721487,0.29087961081302527,0.405947466691335,0.2565649558197368,0.0,0.29087961081302527,0.8239244638067303,0.9561233520507812,0.5463845729827881,0.967034101486206,0.5403633117675781,0.7831593751907349,0.7793898582458496,0.30947038531303406,1.9507291316986084,0.32582762837409973,0.6315572261810303,1.8776416778564453,0.29802820086479187
218,0.0001,0.2730126641690731,0.9379030209431315,0.5030124006849347,0.8583656584799705,0.9230286327327311,13.046262264251709,0.24018044769763947,0.20865110121667385,0.2289066193625331,0.0,0.24018044769763947,0.8505898006260395,0.292910994905414,0.4214215260563475,0.25206680370099616,0.0,0.292910994905414,0.8243383530414465,0.9563024044036865,0.5465334057807922,0.968498170375824,0.5393785834312439,0.7828644514083862,0.7805870771408081,0.30831313133239746,1.95054030418396,0.32589191198349,0.6333740949630737,1.8745428323745728,0.2979997992515564
219,0.0001,0.26662610564380884,0.9389206836598728,0.4903051528063687,0.8613326819834572,0.9247129383203947,12.755610704421997,0.23373910784721375,0.2070403667166829,0.22651586681604385,0.0,0.23373910784721375,0.8553811311721802,0.30699693072925915,0.39530434572335443,0.2653983018615029,0.0,0.30699693072925915,0.8128195748184667,0.9568668603897095,0.5467200875282288,0.9699792861938477,0.5393272638320923,0.7817490100860596,0.7814995646476746,0.3050647974014282,1.950528860092163,0.3261999785900116,0.6349469423294067,1.8722248077392578,0.29809829592704773
220,0.0001,0.2682806961238384,0.9389873455890174,0.5609428232366388,0.8399029718523898,0.9112793664992601,13.183520078659058,0.2395070269703865,0.20559292659163475,0.2284731026738882,0.0,0.2395070269703865,0.8509803377091885,0.3069243069851037,0.47944429426482227,0.24940975145860153,0.0,0.3069243069851037,0.8020168208714687,0.9575514793395996,0.5468490719795227,0.9711524248123169,0.5388758778572083,0.7815070748329163,0.7826212644577026,0.3036130666732788,1.9512196779251099,0.32661840319633484,0.6340254545211792,1.870053768157959,0.29810068011283875
221,0.0001,0.27179135382175446,0.9373960367359482,0.5025575955708822,0.8559204172892318,0.9215627308276936,12.97856616973877,0.24341170489788055,0.2061725091189146,0.23174438439309597,0.0,0.24341170489788055,0.8466530852019787,0.294128802689639,0.4129699974349051,0.26493781534108246,0.0,0.294128802689639,0.8215009606245792,0.9582257270812988,0.5471003651618958,0.9726528525352478,0.5383687019348145,0.7812833189964294,0.7839037179946899,0.3037988543510437,1.952332854270935,0.32719337940216064,0.6332064270973206,1.8698638677597046,0.2982443869113922
222,0.0001,0.27211577259004116,0.9379493953898228,0.5033440300912568,0.856100751564748,0.9217194631774615,12.832377195358276,0.2458226578310132,0.20480582304298878,0.2329858299344778,0.0,0.2458226578310132,0.8443151563405991,0.2898723465023619,0.4213926521214572,0.25519449602473865,0.0,0.2898723465023619,0.8250030947454048,0.9580053687095642,0.5472171902656555,0.9740250110626221,0.5369158983230591,0.7815996408462524,0.7852241396903992,0.3033243715763092,1.9520589113235474,0.3275849521160126,0.6331617832183838,1.869409441947937,0.2980687916278839
223,0.0001,0.26925978902727365,0.937728496294117,0.5161851680640018,0.8508148934715677,0.9183442045987245,12.299091577529907,0.23596703726798296,0.21064874343574047,0.22486979700624943,0.0,0.23596703726798296,0.8524062260985374,0.29129998069820984,0.42937156467726734,0.26200544834136963,0.0,0.29129998069820984,0.8215096412283002,0.957883894443512,0.5471242070198059,0.9752455949783325,0.5360020995140076,0.7805792689323425,0.7863012552261353,0.30117306113243103,1.9517672061920166,0.32815614342689514,0.6310766935348511,1.8668216466903687,0.2980571389198303
224,0.0001,0.26006384659558535,0.9411279931043028,0.5077072418097294,0.8575647447226169,0.9220451185025016,12.32682728767395,0.22907755244523287,0.20189768448472023,0.22459854744374752,0.0,0.22907755244523287,0.8600981831550598,0.2840985529350512,0.4298368656274044,0.2516216319618803,0.0,0.2840985529350512,0.827592726909753,0.95799720287323,0.5473217368125916,0.9765865206718445,0.5354427695274353,0.7808870673179626,0.7873080372810364,0.30037838220596313,1.9512712955474854,0.3286203444004059,0.6287574768066406,1.865684151649475,0.29804643988609314
225,0.0001,0.2641818094998598,0.9399942041425592,0.5308101610703901,0.8490653603636418,0.9171786759641561,12.513311862945557,0.23940675519406796,0.20165692549198866,0.2285074172541499,0.0,0.23940675519406796,0.8517690189182758,0.2911029132929715,0.4491087252443487,0.2531160802552194,0.0,0.2911029132929715,0.8248876965407169,0.9592359066009521,0.5474004149436951,0.9780027866363525,0.5352321267127991,0.7810938358306885,0.7886755466461182,0.2973935306072235,1.951873779296875,0.3290717303752899,0.6295430064201355,1.8650963306427002,0.2981325089931488
226,0.0001,0.25718226190656424,0.9423471164286902,0.5584030512607459,0.8417473670982689,0.9123581489848273,11.977550745010376,0.2311038076877594,0.19764237571507692,0.22361472621560097,0.0,0.2311038076877594,0.8556266240775585,0.3041789983258103,0.47467637423313025,0.25949744112563855,0.0,0.3041789983258103,0.8050734193036051,0.959504246711731,0.5477034449577332,0.9794595837593079,0.5353630185127258,0.7813236117362976,0.7899392247200012,0.29719075560569763,1.953083872795105,0.32972320914268494,0.6284393072128296,1.8658026456832886,0.29833984375
227,0.0001,0.26240778155624866,0.940226256777241,0.510628494349393,0.8570640621952966,0.9222467124881614,13.180565357208252,0.23849534802138805,0.19881499093025923,0.22870819456875324,0.0,0.23849534802138805,0.8462894074618816,0.2967761249253244,0.42796087445634784,0.24887945344953827,0.0,0.2967761249253244,0.8192217927990537,0.9602612853050232,0.5476633906364441,0.9807822108268738,0.5342559218406677,0.7817702293395996,0.7912147045135498,0.29717785120010376,1.953382134437561,0.3301926851272583,0.6276642084121704,1.8654180765151978,0.29847976565361023
228,0.0001,0.2665709285065532,0.9396724819642064,0.5348011219140255,0.8506610294852158,0.918461429169275,12.864582061767578,0.24244628567248583,0.20102340914309025,0.2283947365358472,0.0,0.24244628567248583,0.8431246317923069,0.2973936651692246,0.4563241691300363,0.24862877798802924,0.0,0.2973936651692246,0.8179976705348853,0.9606305360794067,0.5480337738990784,0.9822028279304504,0.534246563911438,0.7816736698150635,0.7924533486366272,0.29845961928367615,1.954439640045166,0.33088046312332153,0.6256372332572937,1.8647137880325317,0.2984369993209839
229,0.0001,0.26297168526798487,0.9399195157634964,0.5212544166680538,0.8513850784478318,0.9184921242500999,13.938718318939209,0.2415790380910039,0.19930416997522116,0.23161840252578259,0.0,0.2415790380910039,0.84952786937356,0.29769985603563714,0.4382428328196208,0.260723504153165,0.0,0.29769985603563714,0.8122354131756406,0.9617016315460205,0.5480173230171204,0.9836998581886292,0.5344060063362122,0.7824499607086182,0.7937695384025574,0.2990526258945465,1.9550151824951172,0.3310900032520294,0.6244029998779297,1.862546682357788,0.2984374463558197
230,0.0001,0.2633112855255604,0.9408548501775869,0.5204168377500592,0.8542736687959455,0.9206207827846354,12.862048625946045,0.23738100472837687,0.2024419605731964,0.22611682582646608,0.0,0.23738100472837687,0.8524435050785542,0.2870689088648016,0.4477962255477905,0.24595561623573303,0.0,0.2870689088648016,0.8274832747199319,0.9628843665122986,0.5478558540344238,0.9850591421127319,0.5337572693824768,0.7830803394317627,0.7951558232307434,0.2978005111217499,1.9553171396255493,0.3313639163970947,0.6241487860679626,1.862120270729065,0.2983151972293854
231,0.0001,0.2632219847291708,0.9402275520641815,0.5197643294478907,0.854601741169092,0.9203049403796864,11.927227020263672,0.23497792147099972,0.2013579811900854,0.2255901386961341,0.0,0.23497792147099972,0.8529990129172802,0.2967380971619577,0.4409917809746482,0.24128481113549435,0.0,0.2967380971619577,0.8215226801958951,0.9629927277565002,0.5480328798294067,0.9865386486053467,0.5342337489128113,0.7838175892829895,0.7964815497398376,0.29838505387306213,1.955074667930603,0.3319048285484314,0.6236816644668579,1.8636422157287598,0.2982730567455292
232,0.0001,0.2580921920016408,0.941340650004278,0.5130992549838442,0.8547663814444603,0.9207164239839205,12.400259017944336,0.23584343772381544,0.1960611455142498,0.23079377505928278,0.0,0.23584343772381544,0.8559200614690781,0.296303720185251,0.4284094915245519,0.2540321024981412,0.0,0.296303720185251,0.8223751313758619,0.9637567400932312,0.5481250286102295,0.9878600835800171,0.5337094664573669,0.7843295335769653,0.7976168990135193,0.29632750153541565,1.954506754875183,0.33217233419418335,0.6228296756744385,1.86249840259552,0.29827332496643066
233,0.0001,0.2560998760163784,0.9430525375657309,0.5247707005703088,0.8496275219871546,0.9178085320424422,12.766501188278198,0.23316395562142134,0.19584465771913528,0.2251730328425765,0.0,0.23316395562142134,0.8577201850712299,0.2937973520972512,0.4414904894250812,0.25769541480324487,0.0,0.2937973520972512,0.8213262142557086,0.9644238948822021,0.548515796661377,0.9892124533653259,0.5337710380554199,0.7836859226226807,0.7989165186882019,0.2951408922672272,1.9555023908615112,0.33262738585472107,0.6227236986160278,1.861867070198059,0.2984672784805298
234,0.0001,0.2562133800238371,0.9428113540912249,0.5054907834891117,0.8577350527788128,0.9226456261844995,14.008563041687012,0.23611777648329735,0.19594398140907288,0.22659551352262497,0.0,0.23611777648329735,0.854146558791399,0.2954821911725131,0.42213739228971076,0.2471213692968542,0.0,0.2954821911725131,0.8247655539801626,0.9646221995353699,0.5485228896141052,0.990533173084259,0.5323991775512695,0.7834927439689636,0.8000004887580872,0.29388320446014404,1.9542474746704102,0.3330976665019989,0.623124897480011,1.86069655418396,0.2985606789588928
235,0.0001,0.26303466130048037,0.9408136376356308,0.5295792637449322,0.8514231951944566,0.9188555532178019,13.32693338394165,0.24097516294568777,0.20015405863523483,0.22879639361053705,0.0,0.24097516294568777,0.8521493710577488,0.29147423397411,0.44989162864107074,0.25097838044166565,0.0,0.29147423397411,0.819308978138548,0.9651483297348022,0.5485100150108337,0.9917088150978088,0.5322155356407166,0.7835092544555664,0.8011400699615479,0.2921496033668518,1.9533627033233643,0.3334181606769562,0.6240242719650269,1.8582020998001099,0.2986563444137573
236,0.0001,0.258181881159544,0.9418328001766502,0.5045505220239813,0.8589289362434914,0.9232557428609954,13.024153232574463,0.23338786140084267,0.1973729645833373,0.2264467654749751,0.0,0.23338786140084267,0.8527407981455326,0.29815497362252436,0.42275215459592413,0.2528905886592287,0.0,0.29815497362252436,0.8206044074260828,0.9662529826164246,0.5480765104293823,0.9927720427513123,0.5315828323364258,0.783403754234314,0.802000105381012,0.2898368239402771,1.953689694404602,0.33409032225608826,0.6244316697120667,1.857326865196228,0.2988881468772888
237,0.0001,0.2603793619200587,0.9407560035057784,0.5241341663129402,0.8528725533149575,0.9197344118824846,13.179052352905273,0.23746268171817064,0.19799287617206573,0.23087994940578938,0.0,0.23746268171817064,0.8521740585565567,0.2939503373521747,0.44650208588802454,0.2465667254997022,0.0,0.2939503373521747,0.8228248502268936,0.9657869935035706,0.5481650829315186,0.9939966201782227,0.5311807990074158,0.7831896543502808,0.8030943274497986,0.2901463806629181,1.9545605182647705,0.3344725966453552,0.6244310140609741,1.856658697128296,0.2989383637905121
238,0.0001,0.2550868662074208,0.9427055904543076,0.5081459428324844,0.8584741875281012,0.9231000066510032,13.722534418106079,0.23526927456259727,0.19193269219249487,0.22667605616152287,0.0,0.23526927456259727,0.8549627475440502,0.2875430728449966,0.43656198725555884,0.24133971785054062,0.0,0.2875430728449966,0.8288612419908697,0.9662483930587769,0.548107385635376,0.9953135848045349,0.5307389497756958,0.7826128005981445,0.8040471076965332,0.2900649309158325,1.9555511474609375,0.33473941683769226,0.623433530330658,1.8558138608932495,0.29926183819770813
239,0.0001,0.25102195609360933,0.9443325553527915,0.5186178503614484,0.8572301269956631,0.9223896598531192,13.114888906478882,0.2320565665140748,0.1928111296147108,0.22253954969346523,0.0,0.2320565665140748,0.8558098003268242,0.29222574739745166,0.44855030197085755,0.23549232157793912,0.0,0.29222574739745166,0.8262671340595592,0.9670342206954956,0.5481303334236145,0.9966387152671814,0.5303007364273071,0.7825626730918884,0.8053074479103088,0.288457989692688,1.9560810327529907,0.33488982915878296,0.6213750243186951,1.8555878400802612,0.2994301915168762
240,0.0001,0.2476586727425456,0.944970175007277,0.5106053677472201,0.8567171649331712,0.9221645340255207,13.322824954986572,0.22538872342556715,0.192758496850729,0.21891966182738543,0.0,0.22538872342556715,0.863894909620285,0.28635325576319837,0.43644773598873254,0.25222534121889056,0.0,0.28635325576319837,0.8288822174072266,0.9671092629432678,0.5483795404434204,0.9979085922241211,0.5295438170433044,0.7822186350822449,0.8062014579772949,0.2874426543712616,1.9550670385360718,0.335067480802536,0.6206320524215698,1.8549069166183472,0.2994760572910309
241,0.0001,0.2564359586685896,0.9421226601598276,0.5629496863394072,0.8405333893605275,0.9119313818319729,13.612727403640747,0.2346293432638049,0.19624097272753716,0.2247450090944767,0.0,0.2346293432638049,0.8510203287005424,0.3065790154717185,0.4868963487220533,0.23825181704578977,0.0,0.3065790154717185,0.8066199990836057,0.9672858119010925,0.5484218001365662,0.9991458058357239,0.5286853313446045,0.782292902469635,0.8071326613426208,0.28606224060058594,1.9546103477478027,0.3353419601917267,0.61821049451828,1.8545736074447632,0.2995217442512512
242,0.0001,0.2580989385023713,0.9412227207208961,0.5159748178539854,0.8571691938613623,0.9222972929368415,12.592743158340454,0.23464350495487452,0.1984616406261921,0.22484405618160963,0.0,0.23464350495487452,0.8558874204754829,0.2855577631430192,0.44609628662918555,0.2272759811444716,0.0,0.2855577631430192,0.8306184248490767,0.9675833582878113,0.5488107204437256,1.0003596544265747,0.5285351276397705,0.7822244763374329,0.8081198334693909,0.287284791469574,1.9548084735870361,0.33607423305511475,0.6151389479637146,1.8536738157272339,0.2995161712169647
243,0.0001,0.26447314862161875,0.9393546608694189,0.5256369366790309,0.8489996494238587,0.9173965320479565,12.43150544166565,0.239939758554101,0.2035995488986373,0.22596462164074183,0.0,0.239939758554101,0.8483440577983856,0.3042115767796834,0.43733267892490735,0.2582874731584029,0.0,0.3042115767796834,0.8142728823604006,0.9682278037071228,0.548826277256012,1.0015658140182495,0.5280186533927917,0.7821948528289795,0.8093653321266174,0.28848129510879517,1.951715111732483,0.3367893695831299,0.6123543381690979,1.853964924812317,0.29941830039024353
244,0.0001,0.26765923760831356,0.9377317803003198,0.5758862025810011,0.8354834447349888,0.9096175497862269,14.074529647827148,0.2439400516450405,0.20381051022559404,0.2294027265161276,0.0,0.2439400516450405,0.8478368669748306,0.28536868637258356,0.5094878691615481,0.2574054914893526,0.0,0.28536868637258356,0.8275226733901284,0.9686716198921204,0.549349308013916,1.0025652647018433,0.5276371836662292,0.7823197841644287,0.8101670145988464,0.29115036129951477,1.9544111490249634,0.3373691439628601,0.6129906177520752,1.8565210103988647,0.3000462055206299
245,0.0001,0.26090244110673666,0.9392975958687518,0.625212474302812,0.8163682235097363,0.8976798255478284,13.389498710632324,0.2309489231556654,0.20447872951626778,0.22391353361308575,0.0,0.2309489231556654,0.8589671179652214,0.3097312342036854,0.5356702497511199,0.2561877803369002,0.0,0.3097312342036854,0.8048407092238917,0.9687596559524536,0.5496893525123596,1.003645658493042,0.5270275473594666,0.783448338508606,0.8110856413841248,0.29159554839134216,1.9579416513442993,0.3377918601036072,0.6170716881752014,1.8605743646621704,0.30049562454223633
246,0.0001,0.26017090305685997,0.9401992227111099,0.5191140897346266,0.8526339674829416,0.9195016114740349,13.360554456710815,0.23515680618584156,0.20175849366933107,0.22470916248857975,0.0,0.23515680618584156,0.852361224591732,0.2997439449483698,0.4332234967838634,0.2594303470669371,0.0,0.2997439449483698,0.8139470689224474,0.9687689542770386,0.5498791337013245,1.004611611366272,0.5264752507209778,0.7842224836349487,0.8120867013931274,0.2893877923488617,1.9592695236206055,0.3384113013744354,0.6200533509254456,1.8661390542984009,0.3013499677181244
247,0.0001,0.26751865539699793,0.9384681312069041,0.5662511912259188,0.8385768363540431,0.9108788426662733,14.039673805236816,0.24073389917612076,0.2080681575462222,0.22368036396801472,0.0,0.24073389917612076,0.8467880450189114,0.2986175851388411,0.4885430137316386,0.250831326751998,0.0,0.2986175851388411,0.8116122258431984,0.9686505198478699,0.5500256419181824,1.0056486129760742,0.5259472727775574,0.7838618159294128,0.8128979206085205,0.28705093264579773,1.9605909585952759,0.3391124904155731,0.6179424524307251,1.8677705526351929,0.3016849458217621
248,0.0001,0.2606279132887721,0.9405300610886018,0.5555440368074359,0.846576972277841,0.9160558698343272,12.86588191986084,0.2395817767828703,0.19770940765738487,0.22626832220703363,0.0,0.2395817767828703,0.8509762175381184,0.3076353940096768,0.4751051790786512,0.23160933635451578,0.0,0.3076353940096768,0.8091004707596519,0.9688959121704102,0.549888551235199,1.0068933963775635,0.5248122215270996,0.7841678261756897,0.8139569163322449,0.2877894341945648,1.9611371755599976,0.33945173025131226,0.6166931986808777,1.8669646978378296,0.3018508851528168
249,0.0001,0.2550232270732522,0.9421469022772191,0.5312323461879384,0.8488961271511359,0.9175239408761313,13.153789758682251,0.2358584264293313,0.1970482375472784,0.22294432669878006,0.0,0.2358584264293313,0.852974571287632,0.2962290554335623,0.45066971309257275,0.2505085396044182,0.0,0.2962290554335623,0.824421642404614,0.9683403372764587,0.5498287081718445,1.007925033569336,0.5245316028594971,0.7840988636016846,0.8148506283760071,0.28666937351226807,1.9611009359359741,0.33981648087501526,0.6163473129272461,1.8671194314956665,0.30201560258865356
250,0.0001,0.2521572047844529,0.942961818744202,0.5342366045171564,0.849885592654611,0.917961720794219,11.990248203277588,0.23222526535391808,0.1948186308145523,0.22331024520099163,0.0,0.23222526535391808,0.8547355532646179,0.290848074537335,0.46119045488762134,0.2481939955191179,0.0,0.290848074537335,0.8265883416840525,0.9686674475669861,0.5499482154846191,1.0089863538742065,0.5240589380264282,0.7845273017883301,0.8158906698226929,0.285946249961853,1.9614821672439575,0.3400624096393585,0.6151190996170044,1.8663309812545776,0.30216309428215027
251,0.0001,0.24780763871967793,0.9442381448006814,0.5436835650241736,0.8500523592392017,0.9180253570997506,13.359277725219727,0.2294847071170807,0.19131724536418915,0.22073864191770554,0.0,0.2294847071170807,0.8571858741343021,0.2886138106837417,0.47593739357861603,0.23841773289622684,0.0,0.2886138106837417,0.8282769900379758,0.9693455100059509,0.5499046444892883,1.0102485418319702,0.5235989689826965,0.783890426158905,0.8169740438461304,0.28534406423568726,1.9608168601989746,0.3402603566646576,0.613988995552063,1.8652749061584473,0.3022884428501129
252,0.0001,0.24940307158976793,0.9438860388486524,0.530056610251918,0.8497204304957273,0.9178379989174316,13.870915412902832,0.22553990315645933,0.19749945402145386,0.21523860935121775,0.0,0.22553990315645933,0.8616699129343033,0.29618944363160565,0.45014604293938837,0.2514158740188136,0.0,0.29618944363160565,0.819734047759663,0.9702503681182861,0.5500199794769287,1.0112625360488892,0.5230470299720764,0.7836176753044128,0.8180505633354187,0.28583747148513794,1.9601198434829712,0.34069281816482544,0.6136766076087952,1.8640815019607544,0.30239784717559814
253,0.0001,0.2492795055732131,0.943638585287142,0.5378675316319321,0.8500513130988152,0.917965271420756,19.790780544281006,0.22682319208979607,0.1940922262147069,0.21729629673063755,0.0,0.22682319208979607,0.8575185500085354,0.2914146907401807,0.46647676915833447,0.23738532626267636,0.0,0.2914146907401807,0.8267794991984512,0.9705854654312134,0.5502058267593384,1.0124558210372925,0.5224995017051697,0.7838510870933533,0.8188866972923279,0.2843245267868042,1.9600861072540283,0.3409898579120636,0.612666666507721,1.8631420135498047,0.3026183843612671
254,0.0001,0.24961055349558592,0.9441998917793653,0.520680510636532,0.8559893391010168,0.9216151033006253,17.56767964363098,0.2283846503123641,0.19436249230057,0.22073709405958652,0.0,0.2283846503123641,0.8594598695635796,0.28365606972665497,0.452945685747898,0.23772872668324094,0.0,0.28365606972665497,0.8273540030826222,0.9709135890007019,0.5505198240280151,1.0135854482650757,0.5221680998802185,0.7837200164794922,0.8198457956314087,0.2821463644504547,1.9608376026153564,0.3411223590373993,0.6114784479141235,1.8620660305023193,0.30258041620254517
255,0.0001,0.2546085948124528,0.9431495471834986,0.531509482499325,0.8534685874402953,0.9201515169736977,13.566972017288208,0.23665325716137886,0.19569788593798876,0.2245261399075389,0.0,0.23665325716137886,0.853444442152977,0.2824241573160345,0.46937891750624683,0.23823035756746927,0.0,0.2824241573160345,0.8253526452815894,0.9709493517875671,0.550489604473114,1.014539361000061,0.5217787027359009,0.7834941148757935,0.8207899332046509,0.2801326513290405,1.9615824222564697,0.3414854407310486,0.6105331778526306,1.861583948135376,0.3024420738220215
256,0.0001,0.2473516631871462,0.9437450999682665,0.5376899639765421,0.8507346043856221,0.9184091501747634,13.602780818939209,0.2314480859786272,0.18979927711188793,0.22201788891106844,0.0,0.2314480859786272,0.8577040731906891,0.28840381810159393,0.47123323606722284,0.24040240049362183,0.0,0.28840381810159393,0.8254298242655668,0.970899224281311,0.5502329468727112,1.0155589580535889,0.521360456943512,0.7836321592330933,0.821766197681427,0.2791391611099243,1.9611167907714844,0.34178099036216736,0.6095378994941711,1.8616669178009033,0.3024027645587921
257,0.0001,0.2431353498250246,0.9459840220042899,0.5290864778287483,0.8534695322464355,0.9202390747317429,14.529366254806519,0.22267288342118263,0.19025562424212694,0.2150016101077199,0.0,0.22267288342118263,0.8614756278693676,0.3050776918729146,0.4490655407761083,0.24012827331369574,0.0,0.3050776918729146,0.812955298207023,0.9711817502975464,0.5502145290374756,1.0165963172912598,0.5211440324783325,0.7838130593299866,0.822820246219635,0.2785811424255371,1.9592781066894531,0.3418744206428528,0.6087934970855713,1.863612413406372,0.30258336663246155
258,0.0001,0.2608450222760439,0.9400992786720672,0.5267495386528246,0.8546075800542121,0.9207410367670982,13.663424968719482,0.23994822800159454,0.20160170830786228,0.22142974101006985,0.0,0.23994822800159454,0.8468279577791691,0.2891536896879023,0.4589986728899407,0.23346086343129477,0.0,0.2891536896879023,0.8229592171582308,0.9713295102119446,0.5501376390457153,1.0178254842758179,0.5208991169929504,0.7838650941848755,0.8239343762397766,0.2818174362182617,1.960651159286499,0.34217894077301025,0.6094331741333008,1.8660271167755127,0.3027019500732422
259,0.0001,0.24526041187345982,0.9454300877544356,0.5372203335617528,0.8499844963202364,0.9178365496712045,13.805429220199585,0.2305242633447051,0.1872859327122569,0.221092882566154,0.0,0.2305242633447051,0.8577129505574703,0.29863738291191333,0.4647107341072776,0.24137824322238113,0.0,0.29863738291191333,0.8146246752955697,0.9717945456504822,0.5500141382217407,1.0189381837844849,0.5207052826881409,0.7841746807098389,0.8248741626739502,0.2824711799621582,1.9615336656570435,0.3424091041088104,0.6102318167686462,1.8655521869659424,0.3027236759662628
260,0.0001,0.24677350092679262,0.9446633414636966,0.5376156893643466,0.8491612537384792,0.9176001321837405,12.771738290786743,0.227583859115839,0.19172867760062218,0.21988127660006285,0.0,0.227583859115839,0.8593539148569107,0.28917136698058155,0.4650154402761748,0.2474825129364476,0.0,0.28917136698058155,0.8238909370971449,0.9717706441879272,0.5502627491950989,1.019887924194336,0.5200449228286743,0.7839925289154053,0.8257024884223938,0.28170353174209595,1.9620331525802612,0.34272298216819763,0.610230565071106,1.8643206357955933,0.30260926485061646
261,0.0001,0.2584135299548507,0.9412706734623993,0.5527119672659672,0.8427321678530357,0.9137468201241397,15.484728336334229,0.24207347817718983,0.1971975201740861,0.22580348141491413,0.0,0.24207347817718983,0.8443267159163952,0.3020899404178966,0.46926266677451856,0.2637815999262261,0.0,0.3020899404178966,0.8107247713840369,0.9722225069999695,0.5500960946083069,1.0210639238357544,0.5194371938705444,0.7839649319648743,0.8265620470046997,0.28244370222091675,1.9645774364471436,0.3429328501224518,0.6104676723480225,1.8626043796539307,0.3026237189769745
262,0.0001,0.25027685798704624,0.9436082461678421,0.5459245732336333,0.8486761921849434,0.9172286148194179,16.99608016014099,0.23226727172732353,0.19442449137568474,0.22190675605088472,0.0,0.23226727172732353,0.8572128713130951,0.2943380691788413,0.4752374417854078,0.2419185358466524,0.0,0.2943380691788413,0.8174403201450001,0.9724416136741638,0.5504376292228699,1.022061824798584,0.5194772481918335,0.7835026979446411,0.8273643255233765,0.2816661298274994,1.9651504755020142,0.3433160185813904,0.6089608669281006,1.8614970445632935,0.3027423918247223
263,0.0001,0.24116718396544456,0.9469950420010366,0.5318294871937145,0.8515551179930546,0.918931576398196,13.611274003982544,0.22194302920252085,0.18774967081844807,0.21468044444918633,0.0,0.22194302920252085,0.8653521090745926,0.2848592021248557,0.4619251254833106,0.24060333136356238,0.0,0.2848592021248557,0.8307449077114915,0.9731177091598511,0.550538957118988,1.0231952667236328,0.5191519260406494,0.7835494875907898,0.8282003998756409,0.2815626263618469,1.9645967483520508,0.3436855375766754,0.6085000038146973,1.8595532178878784,0.30284011363983154
264,0.0001,0.24415335338562727,0.9455210820625024,0.5355893012249109,0.8520864880971206,0.9189162676122746,13.630281209945679,0.23299765773117542,0.1863034274429083,0.22511326149106026,0.0,0.23299765773117542,0.8539954945445061,0.2972974253423286,0.4615047375361125,0.23144241444992297,0.0,0.2972974253423286,0.8226708950418414,0.9733636379241943,0.5504694581031799,1.0243771076202393,0.5186893939971924,0.7833702564239502,0.8290789723396301,0.2824569046497345,1.9650408029556274,0.3439619541168213,0.6074894070625305,1.858701467514038,0.3029043674468994
265,0.0001,0.24203158169984818,0.9465667352848499,0.5329508925929214,0.8499845834171081,0.9178562301580552,12.53426480293274,0.22393387742340565,0.1884517828002572,0.2163774250075221,0.0,0.22393387742340565,0.860986590385437,0.2865630135391698,0.45810432506330084,0.23760112487908566,0.0,0.2865630135391698,0.8318899039066199,0.9736108183860779,0.550738513469696,1.025477647781372,0.5184277296066284,0.7831959128379822,0.8300051093101501,0.28352320194244385,1.9653687477111816,0.344179630279541,0.6064854860305786,1.8575010299682617,0.30300888419151306
266,0.0001,0.24105590116232634,0.9461608263110024,0.5308888644883127,0.8541113436590669,0.9204115372699007,14.251672744750977,0.22478968556970358,0.18880214914679527,0.21664736792445183,0.0,0.22478968556970358,0.8639938086271286,0.2866709232330322,0.4641402147032998,0.2330569661024845,0.0,0.2866709232330322,0.827022084684083,0.9740493893623352,0.5507714152336121,1.0264208316802979,0.5181862115859985,0.7829940915107727,0.8308992385864258,0.281470388174057,1.9651885032653809,0.34441688656806946,0.6056918501853943,1.856723427772522,0.3033267855644226
267,0.0001,0.24234289396554232,0.9465016296876593,0.5431012818307588,0.8501546680102839,0.9182423204881135,14.961602449417114,0.22834634874016047,0.18750913720577955,0.21786561608314514,0.0,0.22834634874016047,0.8591119237244129,0.2845331755551425,0.4805840795690363,0.23619633371179755,0.0,0.2845331755551425,0.8253777948292819,0.9739790558815002,0.5507989525794983,1.0274099111557007,0.5171574950218201,0.7830201983451843,0.8318445682525635,0.2797345817089081,1.9647318124771118,0.34479859471321106,0.6047303676605225,1.8554737567901611,0.30330780148506165
268,0.0001,0.24483587965369225,0.9452987208549839,0.5323840668707183,0.8557243746511306,0.9214008498172187,13.320358276367188,0.23119576647877693,0.18994105234742165,0.2203026106581092,0.0,0.23119576647877693,0.8565442785620689,0.28292078321630304,0.471540958592386,0.22508662216591113,0.0,0.28292078321630304,0.8321348320354115,0.9742599725723267,0.5508782267570496,1.0284634828567505,0.5167788863182068,0.7831200361251831,0.8325452208518982,0.2769966423511505,1.9643950462341309,0.345220148563385,0.6039794683456421,1.8553379774093628,0.3033462464809418
269,0.0001,0.243829938583076,0.9458175734078164,0.5358625036297422,0.8519742242857659,0.9193238163138991,13.533082962036133,0.23345569614320993,0.1870026458054781,0.21939746011048555,0.0,0.23345569614320993,0.852287869900465,0.28281912297913525,0.46781541181333136,0.23978659962162827,0.0,0.28281912297913525,0.8295096104795282,0.9744919538497925,0.5511108636856079,1.0294249057769775,0.5164662003517151,0.7828211188316345,0.833412230014801,0.27564820647239685,1.963862419128418,0.34536024928092957,0.6043663024902344,1.8553404808044434,0.303384006023407
270,0.0001,0.24034004472196102,0.9469377329932622,0.5501917781251849,0.8481516271072262,0.9168403634565794,14.62874698638916,0.22505401726812124,0.1868808688595891,0.21723693143576384,0.0,0.22505401726812124,0.8625610806047916,0.28657493988672894,0.48650139570236206,0.2377696190819596,0.0,0.28657493988672894,0.82169181469715,0.9747860431671143,0.5512318015098572,1.0304285287857056,0.5164122581481934,0.7828041911125183,0.8341495990753174,0.2763226330280304,1.9635281562805176,0.345612108707428,0.6052080392837524,1.8560909032821655,0.30351322889328003
271,0.0001,0.23507298436015844,0.9486492810655225,0.5234255212726016,0.854928951867417,0.9209861513194353,13.206718921661377,0.22308900207281113,0.1815912565216422,0.21784469857811928,0.0,0.22308900207281113,0.8637762628495693,0.2891840519327106,0.45096574046395044,0.2517460720105605,0.0,0.2891840519327106,0.8244220939549533,0.9751930236816406,0.5512581467628479,1.0313366651535034,0.5161705017089844,0.782708466053009,0.8349969983100891,0.2762925326824188,1.9630634784698486,0.3458930552005768,0.6042736768722534,1.854974389076233,0.30356815457344055
272,0.0001,0.23726224061101675,0.9479696852231767,0.530912565462517,0.8556741612894829,0.9213654136646762,13.186952590942383,0.2251603091135621,0.18367325142025948,0.21705585531890392,0.0,0.2251603091135621,0.8612479008734226,0.2835700909296672,0.46739327907562256,0.23196082223545422,0.0,0.2835700909296672,0.8292631922346173,0.9754701852798462,0.551252007484436,1.0323280096054077,0.5155280232429504,0.7828473448753357,0.8356751799583435,0.27604392170906067,1.9620035886764526,0.34625160694122314,0.6027863025665283,1.8536791801452637,0.3035184144973755
273,0.0001,0.24189878813922405,0.9458560769425215,0.5184047475005641,0.8581421218530857,0.922768682661203,13.948799848556519,0.22679369244724512,0.19058691803365946,0.21700766682624817,0.0,0.22679369244724512,0.8624192215502262,0.28803329756765655,0.45043649637337885,0.24588926994439328,0.0,0.28803329756765655,0.823622130986416,0.9759093523025513,0.5511784553527832,1.033170223236084,0.5156537294387817,0.7828706502914429,0.8362736701965332,0.27523985505104065,1.9611289501190186,0.34649720788002014,0.6006636619567871,1.8518363237380981,0.30342888832092285
274,0.0001,0.24497161246836185,0.945064383587309,0.5452305475870768,0.8514671742055682,0.9189797459138036,14.072925567626953,0.23178953677415848,0.18818618822842836,0.2205935176461935,0.0,0.23178953677415848,0.8574435971677303,0.2874175996491403,0.4841525030858589,0.23919013413515958,0.0,0.2874175996491403,0.8233278393745422,0.9758764505386353,0.551279604434967,1.0340180397033691,0.5153506398200989,0.7831169962882996,0.8370658755302429,0.2752346694469452,1.9611185789108276,0.3469448685646057,0.5992650389671326,1.8522446155548096,0.3034195601940155
275,0.0001,0.2464136490598321,0.945431668647719,0.5206964196580829,0.8584301701875491,0.9229068533528386,13.000313997268677,0.22810361627489328,0.19181211292743683,0.21760086808353662,0.0,0.22810361627489328,0.8603750690817833,0.2924344232588103,0.45339396505644824,0.24862645521308435,0.0,0.2924344232588103,0.822117061325998,0.9760290384292603,0.5512256026268005,1.0349699258804321,0.5149490833282471,0.7832639217376709,0.8378933668136597,0.2763853371143341,1.9613888263702393,0.3473515808582306,0.5978864431381226,1.8523918390274048,0.3034149706363678
276,0.0001,0.24774096254259348,0.9436597821443709,0.5331062800956495,0.8537960211561495,0.9203797106288477,12.976439952850342,0.23248402401804924,0.19265474379062653,0.2171790348365903,0.0,0.23248402401804924,0.8529152050614357,0.28024016546480585,0.4743735645756577,0.23041932149366898,0.0,0.28024016546480585,0.8303774234020349,0.9768423438072205,0.5511676073074341,1.0357781648635864,0.5146616697311401,0.7833091020584106,0.8386669158935547,0.27523675560951233,1.9614392518997192,0.3475072383880615,0.5970039963722229,1.8520259857177734,0.30336877703666687
277,0.0001,0.25681912526488304,0.9414168575433113,0.5366398963061246,0.8548517034554468,0.9208788317606621,13.183939456939697,0.23836618848145008,0.19600561633706093,0.22273889556527138,0.0,0.23836618848145008,0.8474919311702251,0.28452713923020795,0.47991495060198236,0.22163878336097254,0.0,0.28452713923020795,0.8307246927059058,0.9771922826766968,0.551366925239563,1.0366175174713135,0.5146018862724304,0.7835085391998291,0.8394705653190613,0.2744559347629547,1.9610587358474731,0.34774622321128845,0.5962607860565186,1.851035475730896,0.3033914268016815
278,0.0001,0.2573167150840163,0.9417107417995078,0.51727679642764,0.8558551863116524,0.9215804729772938,13.788915872573853,0.24165930040180683,0.19783002976328135,0.22092999704182148,0.0,0.24165930040180683,0.8475651703774929,0.3135934056657733,0.432966436400558,0.25353783639994537,0.0,0.3135934056657733,0.8065000916972305,0.9768138527870178,0.5514150261878967,1.037492036819458,0.5150827169418335,0.7833032608032227,0.8403076529502869,0.2761904001235962,1.9614945650100708,0.3481132984161377,0.5968881845474243,1.8547395467758179,0.3033541142940521
279,0.0001,0.242306356318295,0.9459364974136336,0.5199275341900912,0.8561519386974812,0.9217370064892545,13.81639814376831,0.22722519282251596,0.18996779713779688,0.21695986110717058,0.0,0.22722519282251596,0.8594264425337315,0.2834309068593112,0.4547338413469719,0.22888542305339465,0.0,0.2834309068593112,0.8294219410780704,0.9762862324714661,0.5517233610153198,1.0384496450424194,0.5147432684898376,0.7836037874221802,0.8410690426826477,0.27604177594184875,1.9615129232406616,0.34855544567108154,0.5982974171638489,1.8551292419433594,0.30363959074020386
280,0.0001,0.2458094097673893,0.9446286618139259,0.5286066459886956,0.8543842869724291,0.9207246441084849,13.629112005233765,0.22766109183430672,0.19398816395550966,0.21532307285815477,0.0,0.22766109183430672,0.8608203381299973,0.28135543700420496,0.4653864936395125,0.2395152630227985,0.0,0.28135543700420496,0.830680357687401,0.9766026735305786,0.551809549331665,1.0393701791763306,0.513701856136322,0.784378170967102,0.8418813943862915,0.2760764956474304,1.9617151021957397,0.34899845719337463,0.5984504222869873,1.8532309532165527,0.303760290145874
281,0.0001,0.24073595274239779,0.946745079381902,0.5293076507972948,0.8540006808209946,0.9204606859956467,13.72077465057373,0.23437666054815054,0.18439883831888437,0.219786056317389,0.0,0.23437666054815054,0.8555069714784622,0.28885527632453223,0.4633005207235163,0.2361217448205659,0.0,0.28885527632453223,0.8263581684141448,0.9768840074539185,0.5520341992378235,1.0402590036392212,0.5134894251823425,0.7843961119651794,0.8426874876022339,0.27726176381111145,1.9615929126739502,0.34928613901138306,0.5986335873603821,1.852164387702942,0.30393296480178833
282,0.0001,0.2342644054442644,0.9486654514618615,0.5088002934600367,0.8592726831426514,0.923498870792348,13.134544610977173,0.22197578847408295,0.1839068541303277,0.21204010862857103,0.0,0.22197578847408295,0.8657814525067806,0.2913802284182924,0.4386886538881244,0.24616347840338043,0.0,0.2913802284182924,0.8254226139097502,0.9772293567657471,0.5522141456604004,1.0411189794540405,0.5131452679634094,0.7846091985702515,0.8433446288108826,0.2766587734222412,1.9613103866577148,0.3494562804698944,0.5973774194717407,1.851207971572876,0.30386242270469666
283,0.0001,0.24001889675855637,0.9465312090538954,0.5067635846860481,0.8605979733689645,0.9241872879134331,12.60994005203247,0.2264403961598873,0.18760163988918066,0.2154594985768199,0.0,0.2264403961598873,0.8589941635727882,0.28969305392467615,0.4365171248262579,0.2497645833275535,0.0,0.28969305392467615,0.8263377186023828,0.977360188961029,0.5520243644714355,1.0417969226837158,0.5126171112060547,0.7845829129219055,0.8440165519714355,0.275701105594635,1.96127188205719,0.3497418761253357,0.5973902940750122,1.8516933917999268,0.3038639724254608
284,0.0001,0.2421319866552949,0.9459674507645753,0.5263098008704908,0.8561286333664158,0.9216308631036313,13.643876552581787,0.22403192427009344,0.1932196021080017,0.21310106851160526,0.0,0.22403192427009344,0.8632495701313019,0.2914499550154715,0.46080343651049066,0.24214075550888525,0.0,0.2914499550154715,0.8235927007415078,0.9772769212722778,0.5519101023674011,1.0425233840942383,0.51197350025177,0.7847431898117065,0.8446835279464722,0.27575045824050903,1.9604653120040894,0.35019344091415405,0.5972493886947632,1.8512673377990723,0.3037451207637787
285,0.0001,0.2352700363844633,0.9489105423890135,0.5296826001369592,0.8559103753396372,0.9215042542621775,13.027350902557373,0.22647628746926785,0.18251938559114933,0.21543641295284033,0.0,0.22647628746926785,0.8605368807911873,0.2886288075736075,0.46609262625376385,0.24658231392051233,0.0,0.2886288075736075,0.8248115290294994,0.9774917364120483,0.5520172119140625,1.0432208776474,0.5117701292037964,0.784896731376648,0.8453771471977234,0.2757839858531952,1.960155963897705,0.35046011209487915,0.596886932849884,1.8503462076187134,0.303724080324173
286,0.0001,0.23000138625502586,0.9505838037971636,0.5271987120310465,0.856407356981682,0.9218020155810174,13.124305486679077,0.22671100217849016,0.17463531345129013,0.21815026830881834,0.0,0.22671100217849016,0.8604242391884327,0.28841738267378375,0.46486660928437207,0.23540984319918085,0.0,0.28841738267378375,0.8256411082816847,0.9779782891273499,0.5520433187484741,1.0440441370010376,0.51186203956604,0.7848039269447327,0.8461136221885681,0.27512460947036743,1.9601266384124756,0.35059019923210144,0.5951800346374512,1.8495532274246216,0.30373361706733704
287,0.0001,0.2327185394242406,0.9489614533195205,0.5202303727467855,0.8576172891988592,0.9225128627004197,12.628405809402466,0.2268560128286481,0.17712995875626802,0.21838027331978083,0.0,0.2268560128286481,0.8624712005257607,0.2852836124824755,0.4577325094829906,0.24252827600999313,0.0,0.2852836124824755,0.8277266766085769,0.9780528545379639,0.5521738529205322,1.0448133945465088,0.5115261673927307,0.7851018905639648,0.8469198346138,0.2743881940841675,1.9600147008895874,0.35072875022888184,0.5954826474189758,1.8489675521850586,0.3037109971046448
288,0.0001,0.23521815426647663,0.948917126535259,0.5342156742558335,0.8539778342498026,0.9204149470205769,12.230668306350708,0.2251005619764328,0.18363869655877352,0.2117601539939642,0.0,0.2251005619764328,0.86245147138834,0.2835925311753244,0.4754835186582623,0.23764851237788345,0.0,0.2835925311753244,0.8300009694966403,0.9782086610794067,0.5521878600120544,1.045657992362976,0.5114315748214722,0.785206139087677,0.847676157951355,0.27418965101242065,1.9600813388824463,0.3509344160556793,0.595771074295044,1.8479571342468262,0.30368632078170776
289,0.0001,0.23572081793099642,0.9479986090864126,0.5326950261087129,0.8550428353180093,0.9209829899442867,12.70108938217163,0.22373973857611418,0.1844594106078148,0.21319028455764055,0.0,0.22373973857611418,0.8620357066392899,0.2844930778850209,0.4738507036006812,0.24132102998820218,0.0,0.2844930778850209,0.8288581497741468,0.978596031665802,0.5520824790000916,1.0464248657226562,0.5109768509864807,0.7848671674728394,0.8483618497848511,0.2738145887851715,1.9604498147964478,0.3511711061000824,0.5960217118263245,1.8479371070861816,0.30368009209632874
290,0.0001,0.23406604398041964,0.9486673654282665,0.5392510457472368,0.8529747938678103,0.9197778369405447,14.261008024215698,0.22445631120353937,0.18336278852075338,0.21524347737431526,0.0,0.22445631120353937,0.8634485527873039,0.28356907945690735,0.482060685302272,0.23337641629305753,0.0,0.28356907945690735,0.8302837086446357,0.9786249399185181,0.5522700548171997,1.0471253395080566,0.5104634761810303,0.7845296263694763,0.8490818738937378,0.27408507466316223,1.9600557088851929,0.35139748454093933,0.595681369304657,1.8472121953964233,0.30350008606910706
291,0.0001,0.24025198817253113,0.946471520454346,0.5252326004432909,0.857074096766697,0.9221323716638042,13.459171056747437,0.22831100411713123,0.18752566911280155,0.2162196571007371,0.0,0.22831100411713123,0.8594183474779129,0.29005473310297186,0.46327314412955084,0.23927496780048718,0.0,0.29005473310297186,0.8264520529544714,0.97879558801651,0.5522045493125916,1.047783374786377,0.5104590058326721,0.7842790484428406,0.8496413230895996,0.2737579643726349,1.9597326517105103,0.35158804059028625,0.5960041880607605,1.8471940755844116,0.3033778667449951
292,0.0001,0.23829419910907745,0.9467228881381705,0.5408444007237753,0.8512487453830692,0.9188818760856508,13.5486900806427,0.22555606812238693,0.18943231832236052,0.2137668216601014,0.0,0.22555606812238693,0.8611451648175716,0.28593194484710693,0.4794639096115575,0.23614737301161795,0.0,0.28593194484710693,0.8259034861217845,0.9789968729019165,0.5523358583450317,1.0485345125198364,0.5104645490646362,0.7841899394989014,0.8502684831619263,0.27389004826545715,1.9593982696533203,0.3517284691333771,0.5961915850639343,1.846210241317749,0.30325040221214294
293,0.0001,0.23033429309725761,0.9497661173329107,0.5331837986454819,0.8528735815921734,0.9197662905546942,13.669337511062622,0.22093335632234812,0.17952873092144728,0.21141680236905813,0.0,0.22093335632234812,0.8647793978452682,0.2850283005020835,0.4704576080495661,0.23696300929242914,0.0,0.2850283005020835,0.8280146537405072,0.9792953133583069,0.552429735660553,1.0492244958877563,0.5100025534629822,0.7841559052467346,0.8509113192558289,0.2729044556617737,1.9588127136230469,0.3519521951675415,0.595932126045227,1.8456850051879883,0.303175151348114
294,0.0001,0.23687301855534315,0.9471890299748985,0.5404368747364391,0.8514791366956974,0.9189391992764132,14.094873905181885,0.22712644468992949,0.18356088362634182,0.21649380587041378,0.0,0.22712644468992949,0.8612859211862087,0.2872152834227591,0.4767770333723588,0.23572781952944669,0.0,0.2872152834227591,0.8281147949623339,0.9790913462638855,0.5525680780410767,1.0500177145004272,0.5097463726997375,0.784083366394043,0.8515807390213013,0.2733362317085266,1.9585384130477905,0.3521398603916168,0.5955383777618408,1.8449071645736694,0.30332550406455994
295,0.0001,0.23439411725848913,0.9487138405203461,0.5284028161655773,0.8579526896830666,0.9226898820394677,13.033552169799805,0.22784102614969015,0.18300210032612085,0.21788535825908184,0.0,0.22784102614969015,0.8621038421988487,0.28600678660652856,0.46862794413711084,0.2413194351124041,0.0,0.28600678660652856,0.8300905281847174,0.9794250726699829,0.5524870157241821,1.0507019758224487,0.5098121166229248,0.78402179479599,0.8522574305534363,0.2728499472141266,1.9585087299346924,0.35228484869003296,0.5958784222602844,1.844141960144043,0.30334019660949707
296,0.0001,0.2425575042143464,0.9466597736533924,0.5367706616719564,0.8537690595394946,0.920302986946014,13.410728216171265,0.23677807208150625,0.18317777756601572,0.2223878176882863,0.0,0.23677807208150625,0.8507402874529362,0.28301868294224597,0.4774903998230443,0.23037383592489993,0.0,0.28301868294224597,0.8316849975874929,0.9790788888931274,0.5525736212730408,1.051469087600708,0.5101112723350525,0.7839221358299255,0.8529163002967834,0.27201181650161743,1.9582507610321045,0.35253915190696716,0.5949709415435791,1.8446149826049805,0.30329692363739014
297,0.0001,0.22845248691737652,0.950693959871773,0.5319672244967837,0.856113081194375,0.921633357813314,13.548590898513794,0.22421180084347725,0.17705123126506805,0.21360195241868496,0.0,0.22421180084347725,0.8640118017792702,0.28617475068930426,0.47422937732754333,0.22496326764424643,0.0,0.28617475068930426,0.8247660967436704,0.9791355729103088,0.5524500012397766,1.052335500717163,0.5099783539772034,0.7837951183319092,0.8536261916160583,0.27222535014152527,1.9579421281814575,0.35275763273239136,0.5945613980293274,1.8441088199615479,0.3034014105796814
298,0.0001,0.2284529795870185,0.9501527242631508,0.5290711142800071,0.8563751522770338,0.9217853004911533,13.847351789474487,0.21883025020360947,0.17812496330589056,0.20713323913514614,0.0,0.21883025020360947,0.8663937225937843,0.28506074168465356,0.469102422396342,0.23620182546702298,0.0,0.28506074168465356,0.8285441777922891,0.9793068170547485,0.5522587299346924,1.0531589984893799,0.5094461441040039,0.7834344506263733,0.8542191982269287,0.27169451117515564,1.9567848443984985,0.3528578281402588,0.5934435129165649,1.8434869050979614,0.3033628463745117
299,0.0001,0.22805545944720507,0.9507704512383519,0.5348291288722645,0.8540846559645212,0.9204779932115179,12.113914251327515,0.22241605166345835,0.17624445632100105,0.2126891240477562,0.0,0.22241605166345835,0.8654104508459568,0.28778595635385223,0.4726412549163356,0.22701264511455188,0.0,0.28778595635385223,0.8277969667405793,0.979482114315033,0.5523272156715393,1.0539817810058594,0.508749783039093,0.783440887928009,0.8548474907875061,0.2712579071521759,1.9559189081192017,0.353092759847641,0.5929665565490723,1.8422205448150635,0.30335453152656555
300,0.0001,0.23509295377880335,0.9493500425975145,0.5403573151790735,0.8535368722106293,0.9201522368331974,13.873973369598389,0.22790694702416658,0.17962499056011438,0.2162814438343048,0.0,0.22790694702416658,0.8581546954810619,0.2807738383611043,0.4856938286261125,0.2315062772143971,0.0,0.2807738383611043,0.8326726664196361,0.9797191619873047,0.5523070096969604,1.0548210144042969,0.5085402131080627,0.7835342288017273,0.8555631637573242,0.2718392610549927,1.956007480621338,0.3533596992492676,0.5933895707130432,1.8416391611099243,0.30344754457473755
301,0.0001,0.23061429522931576,0.9497583345315009,0.5360001253359246,0.8535780382070546,0.9201572052520058,12.915360927581787,0.22387601993978024,0.17980543430894613,0.2126092230901122,0.0,0.22387601993978024,0.862080205231905,0.28636106035926123,0.4760438348307754,0.2370366526372505,0.0,0.28636106035926123,0.8283371437679637,0.9798564910888672,0.5524619221687317,1.0555630922317505,0.5088903307914734,0.7834181785583496,0.8561558127403259,0.271296888589859,1.9557557106018066,0.353555291891098,0.5927242040634155,1.8414452075958252,0.30347591638565063
302,0.0001,0.23093753214925528,0.950129046497778,0.5448382153655543,0.8515194288323338,0.9188916228551505,13.387940406799316,0.2255302956327796,0.17897309828549623,0.21401929296553135,0.0,0.2255302956327796,0.8610699027776718,0.2832551797231038,0.48650243968674634,0.22861611752799063,0.0,0.2832551797231038,0.8320121403896448,0.9801220297813416,0.5524566173553467,1.056317687034607,0.5087172985076904,0.7832121253013611,0.8567284941673279,0.2703462243080139,1.9551520347595215,0.3537428677082062,0.5920590758323669,1.8409947156906128,0.3033110797405243
303,0.0001,0.2313218880444765,0.9500031657162801,0.5368389216336337,0.8539204754596762,0.9203372961182775,12.806353330612183,0.22805358469486237,0.17955970345064998,0.21170951705425978,0.0,0.22805358469486237,0.8594276309013367,0.2874249689506762,0.4770738590847362,0.23309877424529105,0.0,0.2874249689506762,0.8276780428308429,0.9805721640586853,0.5524306893348694,1.0570403337478638,0.5081728100776672,0.7833563685417175,0.8573980331420898,0.26941102743148804,1.9548611640930176,0.353853315114975,0.591866135597229,1.8398799896240234,0.3032786548137665
304,0.0001,0.23365341126918793,0.9481569353091199,0.5372704448121967,0.8564369132329489,0.9217703426438322,14.074821949005127,0.23064419254660606,0.17734322790056467,0.21886607632040977,0.0,0.23064419254660606,0.8542572557926178,0.2803803158528877,0.48527816750786523,0.22297637841918252,0.0,0.2803803158528877,0.8326541600805341,0.9806922078132629,0.5523599982261658,1.0576955080032349,0.5081830024719238,0.7828961610794067,0.8580902218818665,0.2704564929008484,1.9548898935317993,0.35395732522010803,0.5926178097724915,1.8391571044921875,0.30320319533348083
305,0.0001,0.22734421957284212,0.9502554063401427,0.5443240945989435,0.8525517704696274,0.9195363002511847,13.786742925643921,0.21917851362377405,0.17958097904920578,0.20838483981788158,0.0,0.21917851362377405,0.8690256327390671,0.27898396145213733,0.48897720647580695,0.23824781811598575,0.0,0.27898396145213733,0.8321502624136029,0.9806303977966309,0.5522473454475403,1.0583487749099731,0.5081675052642822,0.7825597524642944,0.8586540818214417,0.2700210511684418,1.954447627067566,0.35413551330566406,0.592993438243866,1.839051365852356,0.30319276452064514
306,0.0001,0.22830402478575706,0.9502507437079479,0.5529318975679802,0.8494926699258318,0.9178259899999749,13.045551300048828,0.22428195178508759,0.17689692042768002,0.2163330279290676,0.0,0.22428195178508759,0.8634020946919918,0.2848764314795985,0.4951264767935782,0.2401520429235516,0.0,0.2848764314795985,0.8241888266621213,0.9810875058174133,0.5522439479827881,1.0591239929199219,0.5079171061515808,0.7827175259590149,0.8591957092285156,0.27008339762687683,1.9535243511199951,0.3543313145637512,0.5925527215003967,1.8374292850494385,0.3032141625881195
307,0.0001,0.22346912883222103,0.9518677519309331,0.5229637586709225,0.8599784013281623,0.9238571903859976,13.710582494735718,0.2196631720289588,0.1725948452949524,0.20991879422217607,0.0,0.2196631720289588,0.8662681467831135,0.2873783888238849,0.46527287093075836,0.23504997112534262,0.0,0.2873783888238849,0.8274619362571023,0.9813878536224365,0.5523098111152649,1.059842824935913,0.5075324773788452,0.782697319984436,0.8597515821456909,0.26967352628707886,1.9534469842910767,0.3546537458896637,0.5920118093490601,1.835701823234558,0.30321571230888367
308,0.0001,0.225798268802464,0.9509100477244301,0.5533494588100549,0.8491909557388059,0.9176291247688471,13.122392892837524,0.2240664130076766,0.17459734622389078,0.21081384178251028,0.0,0.2240664130076766,0.8604336678981781,0.28326929518670746,0.4960852825280392,0.2301023548299616,0.0,0.28326929518670746,0.8277185378652631,0.981421172618866,0.5524203777313232,1.060569167137146,0.5076394081115723,0.7822553515434265,0.8603342175483704,0.2690580487251282,1.953224778175354,0.3547564148902893,0.5906325578689575,1.83530592918396,0.3031567931175232
309,0.0001,0.23088561743497849,0.9495995771522212,0.5401902487783721,0.8547782774167457,0.9208862838809684,13.944504499435425,0.2312651462852955,0.17697875946760178,0.21683331206440926,0.0,0.2312651462852955,0.8557908274233341,0.28516905958002264,0.48474532546419086,0.23056735775687479,0.0,0.28516905958002264,0.826019312396194,0.9813137054443359,0.5524619817733765,1.0612543821334839,0.5069311261177063,0.7825779914855957,0.8608616590499878,0.26922810077667236,1.9533478021621704,0.35503149032592773,0.5899472832679749,1.8350688219070435,0.30318552255630493
310,0.0001,0.22648497391492128,0.9510460957375594,0.5397882569919933,0.8542835390243457,0.9205533307909676,13.496563911437988,0.22236869484186172,0.17498945351690054,0.21109284181147814,0.0,0.22236869484186172,0.8639570698142052,0.287008802096049,0.4834651928959471,0.238085922869769,0.0,0.287008802096049,0.8249769355311538,0.9810689091682434,0.5525566339492798,1.061843991279602,0.5063198804855347,0.782473623752594,0.8614510297775269,0.26907867193222046,1.953690528869629,0.35525721311569214,0.5896852612495422,1.835153341293335,0.3032069504261017
311,0.0001,0.23064709920436144,0.9501534594977599,0.5458563096595533,0.8506760588952943,0.9184148987919074,13.292967081069946,0.2332895239815116,0.1741304723545909,0.21766827069222927,0.0,0.2332895239815116,0.8553409986197948,0.28642740032889624,0.48832010861599084,0.2365115149454637,0.0,0.28642740032889624,0.8245911977507852,0.9811951518058777,0.552560031414032,1.0625566244125366,0.5063957571983337,0.782280683517456,0.8621470928192139,0.26945653557777405,1.9544757604599,0.35543227195739746,0.588901937007904,1.8338592052459717,0.3033149540424347
312,0.0001,0.23328241240233183,0.9489026572413553,0.5538379929282449,0.8511111676644862,0.918745936769416,13.78093147277832,0.23067915812134743,0.1796716209501028,0.21695851255208254,0.0,0.23067915812134743,0.8570361733436584,0.2876535076083559,0.5012277436978889,0.2261875533696377,0.0,0.2876535076083559,0.8279372941363942,0.9815735220909119,0.5527443885803223,1.0632926225662231,0.5066198706626892,0.7821967005729675,0.862738847732544,0.2694452702999115,1.9545958042144775,0.35562190413475037,0.5896794199943542,1.8337815999984741,0.3033418655395508
313,0.0001,0.23486454784870148,0.9488149754947991,0.5674502018726233,0.8437918432821155,0.914155591281807,13.614683866500854,0.23723763413727283,0.17444300651550293,0.2204257007688284,0.0,0.23723763413727283,0.8506671488285065,0.2902363123315753,0.5084175738421354,0.2390179471536116,0.0,0.2902363123315753,0.8224011659622192,0.9816793203353882,0.552855908870697,1.0640112161636353,0.5063692927360535,0.7827823162078857,0.8634907007217407,0.2690184712409973,1.9546129703521729,0.3558604419231415,0.5896583199501038,1.835228443145752,0.3033543527126312
314,0.0001,0.22681238502264023,0.9517811590679689,0.5449081153580637,0.8507471040435463,0.9184846990593404,12.770608901977539,0.22812990471720695,0.17202272545546293,0.21425302792340517,0.0,0.22812990471720695,0.8583308011293411,0.2811477509411899,0.4873594786181594,0.23835676005392364,0.0,0.2811477509411899,0.8275737383148887,0.9819036722183228,0.552679181098938,1.0646439790725708,0.5061743259429932,0.7826124429702759,0.8640520572662354,0.26917052268981934,1.9544551372528076,0.3562048077583313,0.5892701148986816,1.8354225158691406,0.3034232556819916
315,0.0001,0.2223330345004797,0.9526653621964329,0.5474644574252042,0.8528715872783061,0.9197086447209347,12.99466848373413,0.22407686337828636,0.17071716953068972,0.21152994316071272,0.0,0.22407686337828636,0.8622811287641525,0.2804780945633397,0.4965676791740186,0.22789766932978775,0.0,0.2804780945633397,0.8324581836209153,0.9823371171951294,0.5526290535926819,1.065368890762329,0.5060072541236877,0.7823590040206909,0.8646077513694763,0.2690873146057129,1.9542430639266968,0.3565298616886139,0.5886186957359314,1.8346161842346191,0.3034735918045044
316,0.0001,0.21842442080378532,0.9534073518764731,0.5408064885572954,0.8541892697804208,0.9205358338741414,13.144705533981323,0.21855122409760952,0.1679784134030342,0.21070891246199608,0.0,0.21855122409760952,0.8671271502971649,0.28082672754923504,0.48908992608388263,0.2343961750016068,0.0,0.28082672754923504,0.829836160847635,0.9824779629707336,0.5526514649391174,1.0660101175308228,0.5060389637947083,0.7822851538658142,0.8651014566421509,0.2683909237384796,1.953649878501892,0.3567849397659302,0.5882056951522827,1.8340492248535156,0.30351707339286804
317,0.0001,0.22228798642754555,0.9526759846858379,0.5454732143517697,0.8508065833877362,0.9186000599002856,13.130003213882446,0.22325052227824926,0.17136981431394815,0.21154101192951202,0.0,0.22325052227824926,0.8648405782878399,0.27939910599679657,0.4919749769297513,0.23246680787115387,0.0,0.27939910599679657,0.8325156876535127,0.9828159213066101,0.5526305437088013,1.0666764974594116,0.5057483315467834,0.7825831770896912,0.8656826019287109,0.26831895112991333,1.9530044794082642,0.3571247458457947,0.5870262980461121,1.8333648443222046,0.3034433126449585
318,0.0001,0.22116491571068764,0.9517722997719549,0.552416028398456,0.8494118872733434,0.9177451872831051,13.41001582145691,0.21720441989600658,0.1734858751296997,0.20823553018271923,0.0,0.21720441989600658,0.8692103698849678,0.2807532837896636,0.49864082444797864,0.2339102363947666,0.0,0.2807532837896636,0.8318059661171653,0.9828715324401855,0.5526353716850281,1.0673564672470093,0.5053095817565918,0.7825575470924377,0.8661918640136719,0.2677770256996155,1.952432632446289,0.3572982847690582,0.5861296057701111,1.8328428268432617,0.3033572733402252
319,0.0001,0.2248383341357112,0.951043764690667,0.5460393717794707,0.8511456058603728,0.9188041882582744,13.374286890029907,0.22375130001455545,0.17364936275407672,0.21395309641957283,0.0,0.22375130001455545,0.8615669570863247,0.2837217937816273,0.4919101559754574,0.23678753412131107,0.0,0.2837217937816273,0.8272311597159414,0.9831355810165405,0.5526266098022461,1.0680105686187744,0.5048807859420776,0.7826846241950989,0.8666732311248779,0.266805499792099,1.951885461807251,0.3574630320072174,0.5857533812522888,1.8329733610153198,0.30331531167030334
320,0.0001,0.226169859059155,0.9512373075656949,0.5378008575150461,0.854040462754862,0.920490235562027,13.945099353790283,0.22861603740602732,0.171030318364501,0.21661040093749762,0.0,0.22861603740602732,0.8579500392079353,0.28337444500489667,0.4841723008589311,0.23418988332603918,0.0,0.28337444500489667,0.8275346196059025,0.9831573963165283,0.5525892376899719,1.0685948133468628,0.5048332214355469,0.7821703553199768,0.8671470284461975,0.2655250132083893,1.951810598373413,0.35763871669769287,0.5855082869529724,1.8326098918914795,0.3032612204551697
321,0.0001,0.22564325388520956,0.951514979063588,0.5408169464631514,0.8528611954575113,0.9197204859870429,14.649904012680054,0.22874908056110144,0.17003658320754766,0.21559053473174572,0.0,0.22874908056110144,0.8596583232283592,0.2868131904891043,0.48502787857344654,0.23231718756935812,0.0,0.2868131904891043,0.825643615289168,0.9832996129989624,0.5525582432746887,1.0692213773727417,0.5048598051071167,0.7820798754692078,0.8677563667297363,0.26472002267837524,1.9515209197998047,0.35782870650291443,0.5848835706710815,1.8318926095962524,0.3033352196216583
322,0.0001,0.22140843700617552,0.9520570208446406,0.5288723996191314,0.857694496864029,0.9224528139372253,13.457508325576782,0.2217378756031394,0.1715910229831934,0.21160649694502354,0.0,0.2217378756031394,0.8635037578642368,0.28620941711194586,0.47200375614744244,0.2355058789253235,0.0,0.28620941711194586,0.8304843125921307,0.9833674430847168,0.5523990988731384,1.0698697566986084,0.5045735239982605,0.7818759679794312,0.8683516979217529,0.26427969336509705,1.9509177207946777,0.35797879099845886,0.5844170451164246,1.8313770294189453,0.30335143208503723
323,0.0001,0.22068195510655642,0.9530112818989185,0.5352399421460701,0.855216809499281,0.9211176472330472,12.313539743423462,0.22333246655762196,0.16940994653850794,0.21093267481774092,0.0,0.22333246655762196,0.8645062372088432,0.27896822943831934,0.4829811110641017,0.2367490656448133,0.0,0.27896822943831934,0.8319196574615709,0.9831289052963257,0.5524994134902954,1.0704412460327148,0.5042475461959839,0.7819251418113708,0.8689588904380798,0.2646189033985138,1.9508509635925293,0.3580232858657837,0.58491051197052,1.83015775680542,0.303374320268631
324,0.0001,0.22077588643878698,0.9522717905833921,0.5383891734209928,0.855317903272593,0.9212099957123404,13.524298906326294,0.22038740757852793,0.1714007705450058,0.20903903432190418,0.0,0.22038740757852793,0.8646635450422764,0.2792936996980147,0.48878417773680255,0.2338544518658609,0.0,0.2792936996980147,0.8316346063758387,0.983393669128418,0.5525096654891968,1.0710475444793701,0.5040375590324402,0.7820550203323364,0.8694650530815125,0.26449236273765564,1.9509036540985107,0.3581641912460327,0.5848504304885864,1.829317569732666,0.30338525772094727
325,0.0001,0.22741268761456013,0.950583469770521,0.5418612451264353,0.8531785768812552,0.9199532999747554,14.362001180648804,0.22766969073563814,0.17562482692301273,0.2126392312347889,0.0,0.22766969073563814,0.8598869070410728,0.2845560745759444,0.4887004494667053,0.23240275274623523,0.0,0.2845560745759444,0.8284748160477841,0.983466625213623,0.5523974299430847,1.0716079473495483,0.5039237141609192,0.7818851470947266,0.8699578642845154,0.263653427362442,1.9504708051681519,0.3583134114742279,0.5851600766181946,1.8285635709762573,0.3033711314201355
326,0.0001,0.21622591745108366,0.9540387590544941,0.5430059216239236,0.8531861999721755,0.9199408993060075,12.63148021697998,0.21655421517789364,0.16837439220398664,0.20600767619907856,0.0,0.21655421517789364,0.8696301691234112,0.2806060856038874,0.49234260754151776,0.23165815888029156,0.0,0.2806060856038874,0.832197413300023,0.9839140176773071,0.5525652766227722,1.072226643562317,0.503657877445221,0.7816038131713867,0.8705108761787415,0.2632840573787689,1.9501633644104004,0.35850319266319275,0.5846251249313354,1.8283007144927979,0.3033968210220337
327,0.0001,0.21806219592690468,0.953262313992031,0.5440096566171357,0.8537705255257793,0.9202623099479078,14.330166339874268,0.21826586592942476,0.1709084715694189,0.2059076325967908,0.0,0.21826586592942476,0.8644556328654289,0.28207584222157794,0.4940944801677357,0.2288571126533277,0.0,0.28207584222157794,0.8250349525249365,0.9840806722640991,0.5526084303855896,1.072762370109558,0.5034666657447815,0.7814428806304932,0.8709589838981628,0.26270970702171326,1.9499057531356812,0.3586193025112152,0.58397376537323,1.8279982805252075,0.303453266620636
328,0.0001,0.23087349440902472,0.9498039442980262,0.5445283723599983,0.8538502773203637,0.9203275460370889,13.913018703460693,0.2332980688661337,0.17330906353890896,0.21581788547337055,0.0,0.2332980688661337,0.8510097078979015,0.2895863941221526,0.48933881521224976,0.2319524757789843,0.0,0.2895863941221526,0.8178312173395446,0.9839208722114563,0.5525178909301758,1.0733786821365356,0.503666877746582,0.7811163663864136,0.8715147972106934,0.2645012140274048,1.9497026205062866,0.35880982875823975,0.5838112235069275,1.8285990953445435,0.3034183382987976
329,0.0001,0.21654151566326618,0.9535187244961092,0.5334119074272387,0.8553549505254321,0.9211888556723429,12.78558087348938,0.22017442993819714,0.1662459820508957,0.21105586271733046,0.0,0.22017442993819714,0.8666517026722431,0.28550645076867304,0.477885031338894,0.22955093600533225,0.0,0.28550645076867304,0.8233208114450629,0.9841406941413879,0.5525387525558472,1.0739903450012207,0.5035053491592407,0.7809058427810669,0.8720190525054932,0.2645806670188904,1.9492826461791992,0.3589726388454437,0.583466649055481,1.8285369873046875,0.30339938402175903
330,0.0001,0.21895654685795307,0.9540106976673263,0.5339905095822883,0.8552473367058161,0.9210662614006215,13.352966785430908,0.22476908192038536,0.16755086835473776,0.2117415089160204,0.0,0.22476908192038536,0.8622929379343987,0.28051521200122254,0.47936255101001624,0.23366768071145722,0.0,0.28051521200122254,0.8323369730602611,0.9839013814926147,0.5526157021522522,1.0745127201080322,0.5033743977546692,0.7807639241218567,0.8725409507751465,0.26405033469200134,1.9492969512939453,0.3591543734073639,0.5838016271591187,1.828125238418579,0.3033647835254669
331,0.0001,0.21790908370167017,0.95351387099257,0.5436253294800267,0.8540592146206772,0.9203376465508668,13.29817509651184,0.22158080525696278,0.16688418295234442,0.21080173458904028,0.0,0.22158080525696278,0.8665894865989685,0.2801455728935473,0.4936982953187191,0.22613656249913303,0.0,0.2801455728935473,0.8346768635692019,0.9841650128364563,0.5526050925254822,1.0750559568405151,0.5032047033309937,0.7807108163833618,0.8729923367500305,0.26381614804267883,1.949604868888855,0.3593478500843048,0.58336341381073,1.8278369903564453,0.3033277988433838
332,0.0001,0.2206205613911152,0.95296170462649,0.5439740455511844,0.8537163765578486,0.9201636648696941,13.05963921546936,0.22307745181024075,0.16907148621976376,0.2090872386470437,0.0,0.22307745181024075,0.8644530326128006,0.28397334163839166,0.4913923848759044,0.23502505186832312,0.0,0.28397334163839166,0.8258529955690558,0.9843119382858276,0.552594780921936,1.0756422281265259,0.5027340054512024,0.7808204889297485,0.8734861612319946,0.26392361521720886,1.949245572090149,0.3594975769519806,0.5826886892318726,1.827340841293335,0.3032122552394867
333,0.0001,0.21738944668322802,0.9536806035565719,0.5378177165985107,0.8551111764663765,0.9210293829742767,13.912097215652466,0.21951015200465918,0.16919202636927366,0.2083672732114792,0.0,0.21951015200465918,0.8677202500402927,0.2811019095507535,0.48772943742347485,0.23097508603876288,0.0,0.2811019095507535,0.8313838839530945,0.9845251441001892,0.5525703430175781,1.0761406421661377,0.5025794506072998,0.7807472348213196,0.8738957047462463,0.2631138563156128,1.948989987373352,0.35963746905326843,0.5822697877883911,1.8266692161560059,0.30320003628730774
334,0.0001,0.21807822585105896,0.9538660402251928,0.5401900464838202,0.853542273795612,0.9201095758510037,13.372389793395996,0.22151092626154423,0.1665185885503888,0.20984364580363035,0.0,0.22151092626154423,0.8618960306048393,0.2798286026174372,0.4889190540169225,0.2323390417026751,0.0,0.2798286026174372,0.8316639246362628,0.9844161868095398,0.5526005625724792,1.0766586065292358,0.5024412274360657,0.780630886554718,0.8743199110031128,0.26254212856292725,1.9486210346221924,0.3598443567752838,0.5811492204666138,1.8253306150436401,0.3031839430332184
335,0.0001,0.21441578399389982,0.9547552901162858,0.5432154301441077,0.8545559365396,0.9207514059653694,13.32934021949768,0.21969652082771063,0.1643243320286274,0.20838501024991274,0.0,0.21969652082771063,0.8662562780082226,0.2816992365952694,0.49372840469533746,0.2291709618134932,0.0,0.2816992365952694,0.8310007778081027,0.9846396446228027,0.5525062680244446,1.077170729637146,0.5021283030509949,0.7804126143455505,0.8747366666793823,0.2623833119869232,1.9481455087661743,0.35997509956359863,0.5806644558906555,1.8245747089385986,0.3032115399837494
336,0.0001,0.22348621115088463,0.9514555855588946,0.5512611902121342,0.8524145848106758,0.9194785852713592,13.254400253295898,0.23061077389866114,0.16934013925492764,0.21627120673656464,0.0,0.23061077389866114,0.8552979826927185,0.281273471586632,0.5040204145691611,0.23096126408287973,0.0,0.281273471586632,0.8303903756719647,0.9843600988388062,0.5525500774383545,1.077660083770752,0.5020580887794495,0.7802188396453857,0.8751569390296936,0.26184704899787903,1.9481613636016846,0.3602564334869385,0.5806640982627869,1.8249249458312988,0.3032139539718628
337,0.0001,0.2154632220044732,0.9543202438316085,0.5432467930244677,0.8536414619833765,0.9201572963848226,13.011226415634155,0.21693884581327438,0.16896238178014755,0.20761443115770817,0.0,0.21693884581327438,0.86897411942482,0.2810067263516513,0.49394384116837475,0.23121075828870138,0.0,0.2810067263516513,0.8317776810039174,0.9844399094581604,0.5525659322738647,1.0781521797180176,0.5018497705459595,0.7803735136985779,0.8756363987922668,0.26140207052230835,1.948103666305542,0.3604719042778015,0.5801564455032349,1.824826955795288,0.30325692892074585
338,0.0001,0.21304755099117756,0.9549948406962497,0.5433391152006207,0.8542530086466115,0.9205390381651678,13.344655752182007,0.21874762699007988,0.16460359562188387,0.2096210364252329,0.0,0.21874762699007988,0.8669082671403885,0.27989156679673627,0.49617844820022583,0.22588734554521966,0.0,0.27989156679673627,0.8329711592558658,0.9844824075698853,0.552651047706604,1.0786893367767334,0.5017673969268799,0.7803524732589722,0.8760858178138733,0.26133620738983154,1.9478079080581665,0.36058324575424194,0.5795473456382751,1.824628472328186,0.3031788766384125
339,0.0001,0.21232624258846045,0.9562658040797754,0.5401100064768936,0.8547033844776118,0.9207895034758428,13.294478178024292,0.2228563455864787,0.16138177085667849,0.21031673345714808,0.0,0.2228563455864787,0.8626820221543312,0.2808630032972856,0.4892997741699219,0.2322063319610827,0.0,0.2808630032972856,0.8317152893904484,0.9845927357673645,0.5527955889701843,1.0791925191879272,0.5019943118095398,0.7801795601844788,0.8765073418617249,0.26059848070144653,1.9474918842315674,0.36062878370285034,0.5791923999786377,1.8236480951309204,0.3031976521015167
340,0.0001,0.21609357930719852,0.9541425252900625,0.5397850383411754,0.8549410353754214,0.9208762812897193,14.5704026222229,0.22202661726623774,0.1663246750831604,0.21247152984142303,0.0,0.22202661726623774,0.8655575774610043,0.2788574659463131,0.49013436743707367,0.2298184118487618,0.0,0.2788574659463131,0.83329489736846,0.9845878481864929,0.5527991652488708,1.0796840190887451,0.5019619464874268,0.779965341091156,0.8769220113754272,0.25982236862182617,1.9474565982818604,0.36077040433883667,0.5786001682281494,1.8232643604278564,0.3031957149505615
341,0.0001,0.21794467233121395,0.9545435699714091,0.5501347382863363,0.853098519755564,0.9198049536831432,14.363732814788818,0.22468425799161196,0.16451733745634556,0.21108033880591393,0.0,0.22468425799161196,0.8638638705015182,0.28337375684217975,0.5015968842939897,0.22161882212667755,0.0,0.28337375684217975,0.830357349280155,0.9847366809844971,0.5527778267860413,1.0802350044250488,0.5020803213119507,0.7796052694320679,0.8774596452713013,0.26035916805267334,1.9470181465148926,0.36098963022232056,0.5782508254051208,1.8229655027389526,0.30316162109375
342,0.0001,0.21364537347108126,0.9552587618716077,0.5429103049364957,0.8540354533155939,0.920342694488838,13.32568645477295,0.22228818479925394,0.1621976182796061,0.21152438037097454,0.0,0.22228818479925394,0.8646807000041008,0.28225292220260156,0.4932852586110433,0.22932963479648938,0.0,0.28225292220260156,0.8312711589264147,0.9847742915153503,0.5528479814529419,1.0807654857635498,0.5023075342178345,0.779386579990387,0.8778485655784607,0.2607286870479584,1.946804165840149,0.36124294996261597,0.5777243375778198,1.8219274282455444,0.3031603991985321
343,0.0001,0.21090693026781082,0.956613253364399,0.5513160806713682,0.8511845102289309,0.9187411953317863,13.47835636138916,0.21810077223926783,0.16180161759257317,0.20689975004643202,0.0,0.21810077223926783,0.8685850016772747,0.2849077293367097,0.49929190585107514,0.2278806133703752,0.0,0.2849077293367097,0.8319381908936934,0.9848536849021912,0.552815318107605,1.0812554359436035,0.5023632645606995,0.779285192489624,0.8782668709754944,0.2605145573616028,1.9469270706176758,0.36139097809791565,0.5769616365432739,1.8212802410125732,0.30312299728393555
344,0.0001,0.21856056060642004,0.9538591608144253,0.546543872717655,0.8532419907358025,0.91985498926439,13.460851192474365,0.22227329947054386,0.1685370234772563,0.20927213691174984,0.0,0.22227329947054386,0.864865668118,0.28253395268411347,0.49652082631082245,0.22658920378396005,0.0,0.28253395268411347,0.8321505080569874,0.9847920536994934,0.5528662204742432,1.0816782712936401,0.5023796558380127,0.7790768146514893,0.878654956817627,0.26003339886665344,1.9467209577560425,0.36149707436561584,0.5758774876594543,1.8204281330108643,0.30312442779541016
345,0.0001,0.21157467272132635,0.9557269046307266,0.539015379819003,0.8562949533531338,0.9216493700929245,12.84102201461792,0.21783973928540945,0.16140231303870678,0.20862442813813686,0.0,0.21783973928540945,0.8665575385093689,0.2830544276670976,0.49035129041382763,0.23028963804244995,0.0,0.2830544276670976,0.831521370194175,0.9847204685211182,0.5529211759567261,1.0821876525878906,0.5023853182792664,0.7790142297744751,0.8790646195411682,0.2603644132614136,1.946573257446289,0.3616318106651306,0.5755964517593384,1.8198164701461792,0.3031259775161743
346,0.0001,0.21636324375867844,0.9542534902377857,0.5546873446666833,0.8520408703554488,0.9192369646188953,14.249141931533813,0.21953402180224657,0.1680747615173459,0.20642913319170475,0.0,0.21953402180224657,0.8672797903418541,0.2800839597528631,0.5098530577890801,0.2260470110358614,0.0,0.2800839597528631,0.8322381937142574,0.9847090840339661,0.5529761910438538,1.0826900005340576,0.5018017888069153,0.7790186405181885,0.8794435858726501,0.2600441873073578,1.9461030960083008,0.36179864406585693,0.5755477547645569,1.8190232515335083,0.30310896039009094
347,0.0001,0.20547392312437296,0.9572574762536231,0.5455814708362926,0.8550521074248009,0.9208972247464521,13.810645341873169,0.21365955658257008,0.15733748022466898,0.2071222849190235,0.0,0.21365955658257008,0.8713097721338272,0.27915767828623456,0.5004748051816766,0.22705606258276737,0.0,0.27915767828623456,0.8345757758978641,0.9847853183746338,0.5530472993850708,1.0831302404403687,0.5015866756439209,0.7790235280990601,0.8797844648361206,0.2597142457962036,1.9457762241363525,0.3619421720504761,0.575211226940155,1.8178637027740479,0.30312323570251465
348,0.0001,0.2110071275383234,0.9560068739772042,0.5558434327443441,0.8531551951219141,0.9198649952468807,13.39438509941101,0.22128482442349195,0.16098709776997566,0.20925404131412506,0.0,0.22128482442349195,0.8646655157208443,0.2812386931795062,0.5115222750288068,0.227211235147534,0.0,0.2812386931795062,0.8275775385625435,0.984814465045929,0.5530630350112915,1.0836009979248047,0.501247227191925,0.7793203592300415,0.8802096247673035,0.25951775908470154,1.9455658197402954,0.362048476934433,0.5743139982223511,1.81725013256073,0.3031569719314575
349,0.0001,0.2132905088365078,0.9557459408623159,0.5638253869432391,0.8499845343222286,0.9180508225326194,12.249529838562012,0.22147049754858017,0.16440712939947844,0.2068277671933174,0.0,0.22147049754858017,0.8660913109779358,0.284291072325273,0.5162417455153032,0.22730876279599738,0.0,0.284291072325273,0.8281200762951013,0.9848629832267761,0.553102970123291,1.0840622186660767,0.5011817812919617,0.7789976000785828,0.8806347846984863,0.25932466983795166,1.9449856281280518,0.3621108829975128,0.5739814043045044,1.8168121576309204,0.3032141327857971
350,0.0001,0.2118643056601286,0.9555072576405854,0.5470146193648829,0.8546943630881166,0.9207301139207975,12.842422485351562,0.21949535515159369,0.16161714028567076,0.21077718678861856,0.0,0.21949535515159369,0.8653715513646603,0.2820075208490545,0.4995477795600891,0.22832767529921097,0.0,0.2820075208490545,0.8310685844132395,0.9848365783691406,0.5531211495399475,1.0845310688018799,0.5013799667358398,0.7784957885742188,0.8810489773750305,0.25844764709472656,1.9446525573730469,0.3622766137123108,0.5738466382026672,1.8168063163757324,0.30331671237945557
351,0.0001,0.21008841414004564,0.9564847720134898,0.5510877551454486,0.8536824496518285,0.9201973992626187,12.356849670410156,0.21958787366747856,0.16020107083022594,0.2104344330728054,0.0,0.21958787366747856,0.8664989732205868,0.2836513663783218,0.5017284172953982,0.2278745969136556,0.0,0.2836513663783218,0.8267887397245928,0.984920084476471,0.5530664324760437,1.0849723815917969,0.5013213753700256,0.7783518433570862,0.8814578056335449,0.25764474272727966,1.9447827339172363,0.3623918294906616,0.5739798545837402,1.81646728515625,0.3033497631549835
352,0.0001,0.21528292819857597,0.9544261834461485,0.5537513819607821,0.8537759597407248,0.9202431865840337,13.212146520614624,0.2214458417147398,0.16513858921825886,0.20493229012936354,0.0,0.2214458417147398,0.8661736771464348,0.2813904718919234,0.5083006078546698,0.2260525678143357,0.0,0.2813904718919234,0.8285269412127408,0.9849907755851746,0.5529239773750305,1.0854209661483765,0.5010492205619812,0.778236448764801,0.8818376064300537,0.2575209438800812,1.9447826147079468,0.3625023663043976,0.5734753608703613,1.8160820007324219,0.3033401072025299
353,0.0001,0.2099392218515277,0.9567737426132471,0.5564067074746797,0.8522948091119954,0.9193542452439356,13.109562635421753,0.22346130944788456,0.15742981620132923,0.21074530761688948,0.0,0.22346130944788456,0.8636698089540005,0.2806109334483291,0.5117503838105635,0.2279344688762318,0.0,0.2806109334483291,0.8331286112467448,0.9852925539016724,0.5529457926750183,1.08591890335083,0.5006897449493408,0.7782232165336609,0.8822892308235168,0.25757017731666565,1.9443517923355103,0.36260777711868286,0.5727046132087708,1.8159918785095215,0.30328038334846497
354,0.0001,0.2051845733076334,0.9574691446620011,0.5462730111497821,0.8552349702972536,0.9210165914757903,14.184538125991821,0.21498849522322416,0.1569228358566761,0.20533251389861107,0.0,0.21498849522322416,0.8685867600142956,0.2824109431469079,0.49992945519360626,0.228932929761482,0.0,0.2824109431469079,0.8322068850199381,0.9855029582977295,0.5530471205711365,1.0863431692123413,0.5006304383277893,0.7782931923866272,0.882668137550354,0.2576068341732025,1.9439566135406494,0.3627398908138275,0.5722459554672241,1.815643310546875,0.30328401923179626
355,0.0001,0.20664396975189447,0.9567573794831206,0.5448566350069913,0.8547313264609558,0.9207613906690859,12.656236171722412,0.21494741644710302,0.1579351769760251,0.2089786995202303,0.0,0.21494741644710302,0.8696425668895245,0.2824909903786399,0.49789674534942163,0.22934858546112524,0.0,0.2824909903786399,0.8321012475273826,0.9856374859809875,0.5531049966812134,1.0867586135864258,0.5007988810539246,0.7782809734344482,0.8829758763313293,0.2576897442340851,1.9438529014587402,0.3628897964954376,0.5718319416046143,1.8148257732391357,0.30326762795448303
356,0.0001,0.2108402205631137,0.9561516107967738,0.5516674301841042,0.8531379415703614,0.9198403258688638,13.11649227142334,0.22128309775143862,0.16085946187376976,0.20912759006023407,0.0,0.22128309775143862,0.8630319386720657,0.2815266883734501,0.5059333786819921,0.22797261133338464,0.0,0.2815266883734501,0.8322121591279001,0.985673189163208,0.5530837774276733,1.0872398614883423,0.5007401704788208,0.7783336639404297,0.8833379745483398,0.2581106126308441,1.9432083368301392,0.3630363941192627,0.5710350871086121,1.814289927482605,0.3032785654067993
357,0.0001,0.20724931359291077,0.9570491804928279,0.549480777798277,0.8530507393866206,0.9197694529905055,13.4869225025177,0.21981606632471085,0.1571070235222578,0.2098345085978508,0.0,0.21981606632471085,0.8667104952037334,0.28015036113334424,0.5033069343277903,0.23137702905770505,0.0,0.28015036113334424,0.8307411833242937,0.9856665730476379,0.5531086325645447,1.0877091884613037,0.5007010102272034,0.7783518433570862,0.8837155699729919,0.2578941285610199,1.9425629377365112,0.3631742000579834,0.570990800857544,1.813517689704895,0.30323266983032227
358,0.0001,0.21411975845694542,0.9549312520870604,0.5585880749153368,0.8508103763814622,0.9185133058348419,12.373550415039062,0.22682281769812107,0.1618175869807601,0.2119084745645523,0.0,0.22682281769812107,0.8590348549187183,0.281960747458718,0.513521777861046,0.23019617254083807,0.0,0.281960747458718,0.8308334621516141,0.9857964515686035,0.5530464053153992,1.0881787538528442,0.50053471326828,0.778458833694458,0.8841498494148254,0.25762274861335754,1.9423500299453735,0.36324378848075867,0.5708770155906677,1.813149094581604,0.30316615104675293
359,0.0001,0.21133080683648586,0.9553340509101472,0.5567270119984945,0.8512682311350065,0.9187926480386377,13.031265258789062,0.22127910517156124,0.16141046956181526,0.2113040667027235,0.0,0.22127910517156124,0.8649017065763474,0.2808671467231982,0.5112304561065905,0.22702529845815717,0.0,0.2808671467231982,0.8311767921303258,0.9856419563293457,0.5530606508255005,1.0885870456695557,0.5005407333374023,0.7783073782920837,0.8845327496528625,0.2569674849510193,1.941825270652771,0.36334893107414246,0.5704644918441772,1.812336802482605,0.3031599521636963
360,0.0001,0.20846944954246283,0.9573219889353891,0.5557775858676794,0.8522368578994945,0.9193663668884285,13.318981409072876,0.22158448956906796,0.15744942892342806,0.2073356918990612,0.0,0.22158448956906796,0.8665856458246708,0.2799051476247383,0.5099386934078101,0.22674286184888898,0.0,0.2799051476247383,0.8308247996099067,0.985683798789978,0.5530235767364502,1.0889910459518433,0.5005965828895569,0.7781691551208496,0.8848429322242737,0.25643232464790344,1.9414420127868652,0.36350080370903015,0.5701504349708557,1.8120135068893433,0.3032020628452301
361,0.0001,0.2042630324140191,0.9576587948605697,0.5547549977447047,0.8510059565775445,0.9186599158013651,13.599229335784912,0.21830223500728607,0.15247073210775852,0.2094522938132286,0.0,0.21830223500728607,0.8672017231583595,0.2821190519766374,0.5057014136603384,0.2288745894576564,0.0,0.2821190519766374,0.8311290632594716,0.9858363270759583,0.5529605746269226,1.0894584655761719,0.5004361271858215,0.7781237959861755,0.8852347135543823,0.25600099563598633,1.941146731376648,0.3636459410190582,0.5703808069229126,1.811950922012329,0.3031655550003052
362,0.0001,0.2090640915557742,0.9564988045852506,0.5599393158247976,0.8507160629488877,0.9184751899915408,13.221544742584229,0.21680358704179525,0.16057503689080477,0.20524603687226772,0.0,0.21680358704179525,0.8696945309638977,0.2813572811357903,0.5126354965296659,0.22590777277946472,0.0,0.2813572811357903,0.8325394536509658,0.9859527349472046,0.5529902577400208,1.089882254600525,0.5005550980567932,0.7780329585075378,0.8855848908424377,0.2559065520763397,1.940626859664917,0.36371180415153503,0.5705112814903259,1.8114780187606812,0.3031267523765564
363,0.0001,0.21637595910578966,0.9550350686056736,0.552180062640797,0.8508914703318688,0.9185667445811571,13.95103669166565,0.22762792650610209,0.1615029312670231,0.21037115063518286,0.0,0.22762792650610209,0.8601243831217289,0.27932229909029876,0.5039702148148508,0.23275853738640295,0.0,0.27932229909029876,0.8315326968828837,0.9859893321990967,0.5529763102531433,1.0903277397155762,0.5003127455711365,0.7779462933540344,0.8859909772872925,0.25579312443733215,1.9404897689819336,0.3638076186180115,0.5705931782722473,1.8108711242675781,0.3030983805656433
364,0.0001,0.2070104144513607,0.9570916991585595,0.5579182523669619,0.8523933325608717,0.9194360105261483,12.434627771377563,0.22010940127074718,0.15646988060325384,0.20573254860937595,0.0,0.22010940127074718,0.8668814897537231,0.2784340020382043,0.5155134002367655,0.22218330610882153,0.0,0.2784340020382043,0.8343413598609694,0.9860469698905945,0.5529536604881287,1.0908392667770386,0.5004005432128906,0.777793824672699,0.8863946795463562,0.256071001291275,1.9406543970108032,0.3638976514339447,0.5709424614906311,1.8098409175872803,0.303090900182724
365,0.0001,0.2124371100217104,0.9560106935052946,0.5609796625195127,0.8510926008345706,0.9187029780664633,12.845268726348877,0.22676129825413227,0.1598320808261633,0.21202896628528833,0.0,0.22676129825413227,0.860173188149929,0.28112485914519336,0.5177062117692196,0.2305442158019904,0.0,0.28112485914519336,0.8330184040647565,0.986047089099884,0.552951991558075,1.091291069984436,0.5001235008239746,0.7777743339538574,0.8867756724357605,0.2565523087978363,1.9408605098724365,0.36401090025901794,0.5707627534866333,1.809590458869934,0.3031397759914398
366,0.0001,0.20640588458627462,0.957563295222113,0.5602184172832605,0.8512209967693662,0.9187792120944642,13.312227964401245,0.22208797186613083,0.15714506339281797,0.20651002880185843,0.0,0.22208797186613083,0.8649514950811863,0.28116411151308,0.5158564448356628,0.22811638857379105,0.0,0.28116411151308,0.8300992087884382,0.9862252473831177,0.5530515313148499,1.0917181968688965,0.5001562237739563,0.777662456035614,0.8871550559997559,0.2562876343727112,1.9407081604003906,0.3641573190689087,0.5700867176055908,1.8090860843658447,0.3031472861766815
367,0.0001,0.20458750240504742,0.957550831444757,0.5612975322838986,0.8511625748730572,0.9187760710049697,13.62563180923462,0.21493827179074287,0.15657462272793055,0.20623797550797462,0.0,0.21493827179074287,0.8703844174742699,0.2818203622644598,0.5171008128108401,0.23334250847498575,0.0,0.2818203622644598,0.8291415933406714,0.986415684223175,0.5531094670295715,1.0921697616577148,0.5000653266906738,0.7778412103652954,0.8874730467796326,0.2554928660392761,1.9405274391174316,0.364260196685791,0.5697382688522339,1.8089030981063843,0.30311524868011475
368,0.0001,0.20703001972287893,0.9566568688962425,0.5618074193145289,0.8502194364534501,0.9182126045493034,12.899747133255005,0.2162256734445691,0.157925040461123,0.20672474056482315,0.0,0.2162256734445691,0.8686112612485886,0.2851635596968911,0.5147177703452833,0.23100239490017746,0.0,0.2851635596968911,0.826278926748218,0.9864456653594971,0.5531023144721985,1.0925179719924927,0.49992167949676514,0.7779057621955872,0.8877472281455994,0.2551383674144745,1.940526008605957,0.36438605189323425,0.5690445303916931,1.8084149360656738,0.3030732274055481
369,0.0001,0.20110627263784409,0.9589131887627467,0.5531524022420248,0.8524636288315911,0.9194713946660666,13.565828323364258,0.21449865866452456,0.15268632397055626,0.2045411905273795,0.0,0.21449865866452456,0.8717237710952759,0.27983389117501,0.5091640046148589,0.2245410852360003,0.0,0.27983389117501,0.8343153397242228,0.9865443706512451,0.5531472563743591,1.0929569005966187,0.49966955184936523,0.7779908776283264,0.8880231380462646,0.2551630437374115,1.9403109550476074,0.36453789472579956,0.5684235692024231,1.8080170154571533,0.30303049087524414
370,0.0001,0.20487097837030888,0.9575583645141057,0.5528816165346088,0.8531085260959745,0.9198478465232557,12.865652799606323,0.2172568030655384,0.15413825027644634,0.20871429610997438,0.0,0.2172568030655384,0.867094025015831,0.27911305246931134,0.5100015112847993,0.23020613012891827,0.0,0.27911305246931134,0.832859420415127,0.986499011516571,0.5532090067863464,1.0934077501296997,0.4996403455734253,0.7777593731880188,0.8883448243141174,0.25508156418800354,1.939943790435791,0.36466678977012634,0.5678597688674927,1.8076342344284058,0.30301633477211
371,0.0001,0.2086143596097827,0.9566626192302006,0.5574164029323694,0.8521367840255094,0.9193136767600039,13.762042045593262,0.22198474872857332,0.15909380372613668,0.2090153070166707,0.0,0.22198474872857332,0.8637806810438633,0.28037623203161993,0.5137288389783917,0.22227827527306296,0.0,0.28037623203161993,0.8314327705990184,0.9866006970405579,0.5532118082046509,1.0938758850097656,0.49943387508392334,0.7775682210922241,0.8887349963188171,0.2555326819419861,1.9393972158432007,0.364841103553772,0.5673724412918091,1.8074798583984375,0.30300477147102356
372,0.0001,0.20556243136525154,0.9573492613597281,0.5589097557645856,0.8512684119484849,0.9187694609747865,13.872587442398071,0.22192619368433952,0.15513424761593342,0.2085288092494011,0.0,0.22192619368433952,0.8626968339085579,0.2791744289976178,0.5156368685491157,0.2260684948979002,0.0,0.2791744289976178,0.8331130724964719,0.9868270754814148,0.5531215667724609,1.0942643880844116,0.499462753534317,0.7774139046669006,0.8889885544776917,0.2553103268146515,1.938610315322876,0.3650309145450592,0.567327082157135,1.807316541671753,0.3029637336730957
373,0.0001,0.19800859410315752,0.9597351787760648,0.5568129221598307,0.851276198368104,0.9187632847828958,13.478606939315796,0.21271364856511354,0.14892006572335958,0.20480397529900074,0.0,0.21271364856511354,0.8716500699520111,0.28050904924219305,0.5116732806870432,0.2275746717597499,0.0,0.28050904924219305,0.8322193893519315,0.9869620203971863,0.5531542301177979,1.09466552734375,0.4992181658744812,0.7773102521896362,0.8893356919288635,0.2553345561027527,1.9382007122039795,0.3651891350746155,0.5666460394859314,1.8067362308502197,0.30294179916381836
374,0.0001,0.1998930713161826,0.9594286380810128,0.5594375711498838,0.8513700243170799,0.9188429541008137,13.51459527015686,0.21422477532178164,0.15246498584747314,0.20331827364861965,0.0,0.21422477532178164,0.8699668236076832,0.27916826623858826,0.5167229645179979,0.22779803384434094,0.0,0.27916826623858826,0.8363439512975288,0.9871478080749512,0.5531318783760071,1.0950870513916016,0.4989964962005615,0.7772030830383301,0.8896586298942566,0.2553273141384125,1.9379980564117432,0.36531367897987366,0.566231369972229,1.8060375452041626,0.30292344093322754
375,0.0001,0.20101243816316128,0.95918714100762,0.5638841137741551,0.8509783891274061,0.9185887223513071,12.08043360710144,0.21757208742201328,0.15164893679320812,0.20480415038764477,0.0,0.21757208742201328,0.8663113079965115,0.27941340388673724,0.5214522462902647,0.22761373989509814,0.0,0.27941340388673724,0.8335014942920569,0.9874719381332397,0.5531246662139893,1.0954785346984863,0.4988701641559601,0.7771857976913452,0.8899964690208435,0.2552805542945862,1.9376140832901,0.36543938517570496,0.5664237141609192,1.8048062324523926,0.3028999865055084
376,0.0001,0.20302228163927794,0.9590771580751687,0.5713011893359098,0.8500371586279893,0.918055515788354,12.30158519744873,0.22236531879752874,0.15152408415451646,0.2082587368786335,0.0,0.22236531879752874,0.8638052381575108,0.28365830580393475,0.5289205728155194,0.22535217892039905,0.0,0.28365830580393475,0.830151991410689,0.987452507019043,0.5531022548675537,1.0958226919174194,0.4987301826477051,0.7771284580230713,0.8903123736381531,0.25517669320106506,1.9373904466629028,0.3655877411365509,0.565994143486023,1.8041064739227295,0.3029175400733948
377,0.0001,0.19855828490108252,0.9594327259873423,0.5573699257590554,0.8526295055183178,0.9195485167220373,14.419761657714844,0.21131501626223326,0.1522570699453354,0.20262957364320755,0.0,0.21131501626223326,0.8737525902688503,0.28179027275605634,0.5142457900625287,0.2283892541220694,0.0,0.28179027275605634,0.8326061277678518,0.9874968528747559,0.5531483292579651,1.0961885452270508,0.49863991141319275,0.7769424915313721,0.8905850648880005,0.2549634873867035,1.9374157190322876,0.36569836735725403,0.5658433437347412,1.8036919832229614,0.30299657583236694
378,0.0001,0.20026807393878698,0.9588391469274401,0.5544430089719368,0.8537486449464878,0.9201805995119555,13.935259580612183,0.21588289830833673,0.1509756031446159,0.2076411982998252,0.0,0.21588289830833673,0.8688057065010071,0.28072802045128564,0.5128061572710673,0.22570512150273178,0.0,0.28072802045128564,0.8332199490431583,0.9875209331512451,0.5531720519065857,1.0965834856033325,0.4984757900238037,0.7770166397094727,0.890871524810791,0.2548806667327881,1.9373434782028198,0.3657785952091217,0.565586268901825,1.8032885789871216,0.3029925525188446
379,0.0001,0.20784166548401117,0.9571227694652574,0.5721739747307517,0.8508253801581809,0.9185173912817571,13.918167114257812,0.22313071601092815,0.15875034127384424,0.20466467924416065,0.0,0.22313071601092815,0.864749975502491,0.2840030789375305,0.531021302396601,0.2178826422402353,0.0,0.2840030789375305,0.8292023395047043,0.9876677393913269,0.553157389163971,1.0969942808151245,0.49851709604263306,0.7771205902099609,0.8912139534950256,0.2547803521156311,1.937126636505127,0.3657754063606262,0.5650675296783447,1.802891492843628,0.30294689536094666
380,0.0001,0.20273292902857065,0.9586440511158243,0.5589092500282057,0.8524766481395497,0.9194729093681799,13.070170164108276,0.21778637636452913,0.15290700178593397,0.2077455185353756,0.0,0.21778637636452913,0.8681126348674297,0.27907517823306,0.5181241198019548,0.22562884200703015,0.0,0.27907517823306,0.834098340887012,0.9876850843429565,0.5531588792800903,1.097352385520935,0.4983730912208557,0.7771039605140686,0.8915510773658752,0.2546200156211853,1.9366261959075928,0.3658388555049896,0.5643505454063416,1.8022818565368652,0.3029097616672516
381,0.0001,0.2058918820694089,0.958220394622791,0.5627685676921498,0.8513827939093986,0.9188126679746534,13.631186962127686,0.22396767511963844,0.15425818599760532,0.20812066830694675,0.0,0.22396767511963844,0.8645251877605915,0.2797212383963845,0.5209191405411923,0.22876287590373645,0.0,0.2797212383963845,0.8317303838151874,0.9877535700798035,0.5531668066978455,1.0977261066436768,0.4983762800693512,0.7768239974975586,0.8918551802635193,0.2546081840991974,1.9360917806625366,0.3659123182296753,0.5641222596168518,1.8017075061798096,0.3028472363948822
382,0.0001,0.19833596516400576,0.9596699202938846,0.5602309703826904,0.8516795455095162,0.9189845437665127,13.399064540863037,0.21599610894918442,0.1493429453112185,0.20580351538956165,0.0,0.21599610894918442,0.8704971857368946,0.2816106243567033,0.5166462081851382,0.23064598350813895,0.0,0.2816106243567033,0.8308026808680911,0.9876383543014526,0.5532488822937012,1.0981148481369019,0.49824780225753784,0.7768297791481018,0.8922359943389893,0.25440889596939087,1.935839295387268,0.36603549122810364,0.5639333724975586,1.8014358282089233,0.3028307259082794
383,0.0001,0.20596141461282969,0.9570267814858061,0.5600645072532423,0.8516930822108701,0.9190394557578514,13.509778261184692,0.22157379984855652,0.15682402346283197,0.2085404060781002,0.0,0.22157379984855652,0.8647471517324448,0.28358471032344934,0.5160017067735846,0.22640179865288013,0.0,0.28358471032344934,0.8318241202470028,0.9875050783157349,0.553330659866333,1.0984898805618286,0.49833497405052185,0.7766526341438293,0.8925642371177673,0.2544759213924408,1.935628056526184,0.36617809534072876,0.5636570453643799,1.8010447025299072,0.30279427766799927
384,0.0001,0.20728094410151243,0.9574300950456782,0.5571471597209121,0.8527055970297779,0.9196076432617577,13.787242889404297,0.22486567124724388,0.1517312480136752,0.212412029504776,0.0,0.22486567124724388,0.8572900742292404,0.28176249879779236,0.5154302896875324,0.229286045739145,0.0,0.28176249879779236,0.8313887643091606,0.9876199960708618,0.5532768964767456,1.0989245176315308,0.49803245067596436,0.7766955494880676,0.8928701281547546,0.25515037775039673,1.9351733922958374,0.3663218021392822,0.5632677674293518,1.8007537126541138,0.3027525544166565
385,0.0001,0.20021427515894175,0.9597879306613587,0.5642995075746016,0.8505783798160124,0.9183920523192086,13.308594942092896,0.21922245621681213,0.1486988877877593,0.2094059009104967,0.0,0.21922245621681213,0.8680775538086891,0.28151431228175305,0.5206430120901628,0.22335866725806033,0.0,0.28151431228175305,0.830273429552714,0.9874880909919739,0.5533338785171509,1.0993643999099731,0.4982576370239258,0.7762475609779358,0.8932218551635742,0.2557462453842163,1.9352320432662964,0.36651185154914856,0.562606155872345,1.8002691268920898,0.30270329117774963
386,0.0001,0.19925019796937704,0.9598134104017688,0.5563927563753995,0.8522496965710479,0.9193705745893994,13.715231657028198,0.2175457403063774,0.14835760183632374,0.20622782036662102,0.0,0.2175457403063774,0.8668074123561382,0.28025925520694617,0.5135824535832261,0.22669445926492865,0.0,0.28025925520694617,0.8322110085776357,0.9876000285148621,0.5532838702201843,1.0997687578201294,0.49813514947891235,0.776232898235321,0.8935736417770386,0.25569841265678406,1.9355416297912598,0.3666282892227173,0.5621598362922668,1.8000266551971436,0.3027113378047943
387,0.0001,0.2004242232069373,0.9596018382522026,0.5610824859503544,0.852563052899118,0.919516929368827,12.120155096054077,0.21771416813135147,0.15045029018074274,0.2048073746263981,0.0,0.21771416813135147,0.8683551251888275,0.2786560094717777,0.521885507034533,0.22216829747864694,0.0,0.2786560094717777,0.8338261463425376,0.9878664016723633,0.5533594489097595,1.1002012491226196,0.4980846345424652,0.7761791944503784,0.8939193487167358,0.25539717078208923,1.9353654384613037,0.3667007088661194,0.5616611838340759,1.799843668937683,0.3026977777481079
388,0.0001,0.1979174856096506,0.9606498745895318,0.5647618192614932,0.8503789247400311,0.9182578168434552,12.176671743392944,0.22050144150853157,0.14551682025194168,0.20746558904647827,0.0,0.22050144150853157,0.8654278442263603,0.2778680974786932,0.5236201250191891,0.22194420568870776,0.0,0.2778680974786932,0.8335692539359584,0.9877186417579651,0.5534399747848511,1.1005990505218506,0.49821737408638,0.7761114835739136,0.8942139148712158,0.25534743070602417,1.9352892637252808,0.3667977750301361,0.5612363815307617,1.7994585037231445,0.3026980757713318
389,0.0001,0.20042522996664047,0.9594699703116047,0.5615899635083748,0.8522324507829335,0.9193244550844006,12.978840351104736,0.22031418327242136,0.15017946949228644,0.20705691259354353,0.0,0.22031418327242136,0.865824181586504,0.2798538822116274,0.5207988782362505,0.22331646355715665,0.0,0.2798538822116274,0.8341672149571505,0.9878381490707397,0.5534358620643616,1.1009769439697266,0.49824079871177673,0.7759831547737122,0.8944830894470215,0.2551971971988678,1.9348779916763306,0.36688923835754395,0.5607925057411194,1.7989522218704224,0.30268874764442444
390,0.0001,0.1984301907941699,0.9594018701359401,0.5702916130875096,0.8503240043132453,0.9182089295566038,12.93277359008789,0.21538198459893465,0.15085795475170016,0.2027814770117402,0.0,0.21538198459893465,0.8701185062527657,0.2778250954367898,0.532384126475363,0.22464964606545187,0.0,0.2778250954367898,0.8338979121410486,0.9878851771354675,0.5534093379974365,1.1013296842575073,0.4978300631046295,0.7761120796203613,0.894777774810791,0.2546968460083008,1.9347782135009766,0.3669973909854889,0.5605465769767761,1.7991105318069458,0.3026820421218872
391,0.0001,0.20106248371303082,0.9581296787637706,0.5652186617706761,0.8520445880372018,0.9192162615531388,13.312269687652588,0.21523356810212135,0.15446269419044256,0.20491978526115417,0.0,0.21523356810212135,0.8693865537643433,0.2774429068420873,0.5269906105417194,0.22849174972736475,0.0,0.2774429068420873,0.8352857250155825,0.988116979598999,0.5534719228744507,1.1017087697982788,0.4977109432220459,0.7760702967643738,0.895084023475647,0.2541617155075073,1.9344624280929565,0.3670859634876251,0.5604463815689087,1.7989189624786377,0.30267342925071716
392,0.0001,0.2005331851541996,0.9592255450039073,0.5546830639694676,0.8540056574852738,0.9203307115974897,13.42841911315918,0.217088108882308,0.15068832598626614,0.20475614070892334,0.0,0.217088108882308,0.8694204241037369,0.27684534137899225,0.5159335461529818,0.22336543509454437,0.0,0.27684534137899225,0.8353372017542521,0.98808354139328,0.5535366535186768,1.1020764112472534,0.4975818395614624,0.776211142539978,0.8953781723976135,0.25421541929244995,1.9342973232269287,0.36717915534973145,0.5603954195976257,1.7986335754394531,0.30262044072151184
393,0.0001,0.200757198035717,0.959185064546967,0.5622098590388442,0.8526528821012228,0.9195716458139583,13.047692060470581,0.21895761974155903,0.14972392097115517,0.2072719018906355,0.0,0.21895761974155903,0.8658849261701107,0.2789534799980395,0.5238914110443809,0.22023514545325076,0.0,0.2789534799980395,0.8337762066812227,0.9880949854850769,0.5535752177238464,1.102495789527893,0.4977305233478546,0.7762043476104736,0.8956866264343262,0.2543698251247406,1.934213399887085,0.36730051040649414,0.5602933168411255,1.7984670400619507,0.3025793433189392
394,0.0001,0.20143889356404543,0.9583578173841265,0.5733843355467825,0.8498109848046541,0.917953091780142,13.487180233001709,0.21815924625843763,0.1527945538982749,0.20445606857538223,0.0,0.21815924625843763,0.8643724285066128,0.2787754914977334,0.5373756090799967,0.22555741667747498,0.0,0.2787754914977334,0.8341426054636637,0.9882746338844299,0.5536271333694458,1.1029106378555298,0.49757856130599976,0.7760189771652222,0.8959617018699646,0.2544412314891815,1.9343347549438477,0.3673875033855438,0.5600127577781677,1.798498511314392,0.3025355339050293
395,0.0001,0.200105051510036,0.9585082849090274,0.5668037660194166,0.8520470373580185,0.9192198410222719,12.948797225952148,0.21753542125225067,0.15144353825598955,0.20612965151667595,0.0,0.21753542125225067,0.8672433532774448,0.2783411939938863,0.530887246131897,0.21952216191725296,0.0,0.2783411939938863,0.8342210794940139,0.9880843162536621,0.5537463426589966,1.1032631397247314,0.49747198820114136,0.7758971452713013,0.8963033556938171,0.2547735571861267,1.9338810443878174,0.36750495433807373,0.5596564412117004,1.79764986038208,0.30252605676651
396,0.0001,0.19501082133501768,0.9609204759090575,0.5632780970949115,0.8522971093070071,0.9193603652311225,13.543259859085083,0.215243567712605,0.14510476076975465,0.2041253624483943,0.0,0.215243567712605,0.8698442503809929,0.2770438880631418,0.5257500662948146,0.22303350585879703,0.0,0.2770438880631418,0.8342206026568557,0.9880550503730774,0.5537710785865784,1.1036585569381714,0.4973960220813751,0.7757886648178101,0.896622896194458,0.2546074092388153,1.9333676099777222,0.36757704615592957,0.5593636631965637,1.7971522808074951,0.3025374114513397
397,0.0001,0.20007506664842367,0.9598310683484077,0.5589796124082623,0.8529057179569477,0.9196938802736075,13.597554206848145,0.2203399743884802,0.1487911120057106,0.20720455702394247,0.0,0.2203399743884802,0.8648335970938206,0.2795455817020301,0.5181231751586451,0.22818536469430634,0.0,0.2795455817020301,0.8328112959861755,0.9881892204284668,0.5537405610084534,1.1040514707565308,0.4972057342529297,0.7757555246353149,0.8969442248344421,0.2546420395374298,1.9331507682800293,0.36769184470176697,0.5587676763534546,1.796626329421997,0.3025727868080139
398,0.0001,0.19788658991456032,0.9605970031257034,0.5730329210107977,0.8499115687289466,0.9179807655445017,13.67545485496521,0.2168894186615944,0.1485545658506453,0.20419769641011953,0.0,0.2168894186615944,0.8703096583485603,0.2848765597198949,0.5312333919785239,0.219640365152648,0.0,0.2848765597198949,0.8276259519837119,0.9881277084350586,0.5537487268447876,1.10442054271698,0.4971908926963806,0.7756781578063965,0.8972688913345337,0.25509050488471985,1.9331134557724,0.36782607436180115,0.558765172958374,1.796360731124878,0.302580863237381
399,0.0001,0.20755899976938963,0.9571359856361783,0.5679684046543005,0.8508373776127768,0.9184855935116679,12.264505863189697,0.22598920203745365,0.15458590164780617,0.21177288331091404,0.0,0.22598920203745365,0.8595938123762608,0.281579082662409,0.5273105791120818,0.22170453812136795,0.0,0.281579082662409,0.8331596652666727,0.9879857301712036,0.553686261177063,1.1047418117523193,0.4972158968448639,0.7755316495895386,0.8976362347602844,0.25511032342910767,1.9326928853988647,0.3679596185684204,0.5586374402046204,1.7957011461257935,0.30256521701812744
