epoch,lr,loss,iou,val_loss,val_iou,val_dice,epoch_sec,train_ctrl,train_foc,train_ma_mean,train_rho_std,train_ctrl_bce,train_cell_iou,val_ctrl,val_foc,val_ma_mean,val_rho_std,val_ctrl_bce,val_cell_iou,norm_route1_wc,norm_route1_wa,norm_route1_beta,norm_route2_wc,norm_route2_wa,norm_route2_beta,norm_route3_wc,norm_route3_wa,norm_route3_beta,norm_route4_wc,norm_route4_wa,norm_route4_beta
0,0.0001,1.539699625968933,0.2462067441608708,1.5054456288697289,2.272217750585567e-10,4.544435499874103e-10,86.88057661056519,0.6715640852848689,0.5635599424441655,0.4948605313897133,0.003032295408290035,0.6715640852848689,0.003748941611653815,0.6392452501859821,0.485511342033011,0.4808652684336803,0.0029422944778057397,0.6392452501859821,0.0,0.0726136788725853,0.06115754693746567,0.028610102832317352,0.08386880904436111,0.07763499766588211,0.02371288649737835,0.13340237736701965,0.13446269929409027,0.01945129781961441,0.1336287558078766,0.14352022111415863,0.017377618700265884
1,0.0001,1.39154771566391,0.3875746825508216,1.3846931613859583,0.2755366362093941,0.4239309578976343,24.77496910095215,0.6181886106729507,0.4765560984611511,0.472602479159832,0.009996759449131786,0.6181886106729507,0.1347326025677224,0.5654543442804305,0.4617783046159588,0.43983538277813644,0.008883305733687565,0.5654543442804305,0.049209633132168015,0.12816868722438812,0.10071075707674026,0.055254977196455,0.13060787320137024,0.1213381215929985,0.038603056222200394,0.21424317359924316,0.2193252593278885,0.0349697507917881,0.19134792685508728,0.19702959060668945,0.03006310574710369
2,0.0001,1.3253402332464854,0.4305161624934165,1.3545226229995977,0.30368344150512366,0.45975753145315695,24.659950017929077,0.5649423052867254,0.44022372663021087,0.4405630464355151,0.011500109111269315,0.5649423052867254,0.221027414376537,0.5052466920164765,0.44814964298342097,0.3982128593765321,0.010613744498276319,0.5052466920164765,0.06045331808997959,0.17027495801448822,0.136545792222023,0.07652287185192108,0.16507335007190704,0.1544124335050583,0.05187523365020752,0.28360462188720703,0.305733323097229,0.05388457328081131,0.23617902398109436,0.2425958514213562,0.04266900569200516
3,0.0001,1.2709946910540262,0.4743107953342845,1.3075948328268332,0.3872529345142631,0.5520155810183236,23.649954795837402,0.5154101500908533,0.41457657267649967,0.4085595096151034,0.012533462652936578,0.5154101500908533,0.2569617332269748,0.47121943997555094,0.43787740781658985,0.3748387987496423,0.012292841082957924,0.47121943997555094,0.0765374407905047,0.2083349972963333,0.1687534600496292,0.09623578935861588,0.1917743980884552,0.1839928925037384,0.062116023153066635,0.33138877153396606,0.39182788133621216,0.0722615122795105,0.26527222990989685,0.29351457953453064,0.05147068575024605
4,0.0001,1.2249241471290588,0.51276313361079,1.2922887235391336,0.32116769124668426,0.47469637119323077,23.906115770339966,0.4697416976094246,0.39672373135884603,0.378996542096138,0.013167837665726741,0.4697416976094246,0.28497820571064947,0.436000718933637,0.4138498877892729,0.34548618265839875,0.011873790688934873,0.436000718933637,0.0442223713473707,0.24196407198905945,0.19708062708377838,0.11325167864561081,0.21350200474262238,0.21352700889110565,0.07281462848186493,0.36230432987213135,0.5032198429107666,0.08973824232816696,0.28760942816734314,0.3621286451816559,0.059360072016716
5,0.0001,1.199432796239853,0.5213485970997973,1.2627114096625907,0.34018714526994437,0.49560193689317533,24.07618999481201,0.4284654438495636,0.3918093542257945,0.3495492031176885,0.013686443073675036,0.4284654438495636,0.27495957588156067,0.3969754596225551,0.4025289831591434,0.30727596556554077,0.011524067214522206,0.3969754596225551,0.03159596673289283,0.27087366580963135,0.22472301125526428,0.12819471955299377,0.23382756114006042,0.2406064122915268,0.08374635130167007,0.3945196866989136,0.5721937417984009,0.10612992942333221,0.3121313452720642,0.3993821144104004,0.06754966825246811
6,0.0001,1.1575949947039286,0.5647726527680318,1.2277572174541285,0.40529500782944,0.5720436722085562,23.680519819259644,0.3911067153016726,0.37234691927830377,0.320982326567173,0.013492357870563864,0.3911067153016726,0.2880581520497799,0.3729886779042541,0.4234140559298093,0.2866670372056179,0.012620372804584072,0.3729886779042541,0.05091720691225568,0.3011411726474762,0.2565617263317108,0.1426910012960434,0.25613099336624146,0.27371346950531006,0.09248212724924088,0.42400333285331726,0.6642838716506958,0.12527909874916077,0.3306847810745239,0.4703669846057892,0.07600166648626328
7,0.0001,1.1367609600226085,0.5661399245187123,1.1978865725095156,0.41856586115658845,0.5840189058701729,23.718392610549927,0.3604837651054064,0.36940985172986984,0.2957701360185941,0.016012654127553105,0.3604837651054064,0.27830773865183195,0.3456083252781727,0.4117116219684726,0.25658463308068574,0.015398533740004555,0.3456083252781727,0.06200063033182113,0.3317215144634247,0.2835257351398468,0.15712106227874756,0.2750150263309479,0.297342985868454,0.1021144911646843,0.44910895824432373,0.7201122045516968,0.13940413296222687,0.34740713238716125,0.5421438813209534,0.08089907467365265
8,0.0001,1.1089299311240515,0.5891271650587875,1.1876515325952748,0.3835498978172257,0.5494178685641099,24.236743450164795,0.33236350268125536,0.3607845251758893,0.2729976500074069,0.019957713425780337,0.33236350268125536,0.28201652886345985,0.318411260843277,0.37177206258304785,0.22294345546941288,0.019949469562680996,0.318411260843277,0.023018789889871098,0.36005961894989014,0.3076927959918976,0.1705256849527359,0.2944706380367279,0.3157981038093567,0.11353206634521484,0.47552409768104553,0.7466015219688416,0.15477386116981506,0.35754328966140747,0.5703168511390686,0.0863732397556305
9,0.0001,1.0885088096062343,0.5965840071140142,1.1479303543684913,0.45991312643618815,0.6235925073049536,23.380450010299683,0.3088584169745445,0.3541237478454908,0.2526590603093306,0.02365308618173003,0.3088584169745445,0.28567065969109534,0.3047911436831365,0.35899315750012634,0.2173573037639993,0.02020454965531826,0.3047911436831365,0.03563573797706698,0.3889510929584503,0.33539512753486633,0.1836589127779007,0.3128705322742462,0.34672775864601135,0.12434220314025879,0.4994105100631714,0.787189245223999,0.1710735559463501,0.3684220612049103,0.6122562885284424,0.09462063759565353
10,0.0001,1.0523951868216197,0.6288116214399807,1.1364251101603273,0.46528491157151664,0.63063755051428,24.045186042785645,0.28828265219926835,0.3330546577771505,0.23451561431090037,0.027132350578904153,0.28828265219926835,0.3015374347567558,0.30272012069577076,0.3765675347359454,0.2226115020572162,0.022915689732696188,0.30272012069577076,0.08807614598362172,0.4195864200592041,0.35905027389526367,0.19739185273647308,0.3304905891418457,0.3632858991622925,0.13260135054588318,0.5162332057952881,0.8363857865333557,0.18035225570201874,0.37212321162223816,0.6631159782409668,0.09853830188512802
11,0.0001,1.030242246389389,0.6289820981138984,1.104054892649416,0.4819012049187307,0.6446708868674658,25.05650520324707,0.2691252571841081,0.3157090107599894,0.21938717365264893,0.030923957377672194,0.2691252571841081,0.29021694635351497,0.27942503573464567,0.35248220650876155,0.19514336424772857,0.030011136390146662,0.27942503573464567,0.11449719938739646,0.4458746910095215,0.3870179057121277,0.2092457115650177,0.34711870551109314,0.3877595365047455,0.1419651359319687,0.5334838032722473,0.8955838680267334,0.19027462601661682,0.3815852105617523,0.7113147377967834,0.10615640133619308
12,0.0001,1.003495353460312,0.6285796720351142,1.0784168829683398,0.4848747255110274,0.6488324325426927,24.507740020751953,0.25595363825559614,0.29444513792792953,0.20523788407444954,0.03396622088427345,0.25595363825559614,0.2891007768611113,0.27576443162120756,0.3122063034870585,0.18732074929065393,0.02806641237779719,0.27576443162120756,0.08263988719611871,0.46931058168411255,0.4140121638774872,0.22116677463054657,0.362392395734787,0.4147352874279022,0.14965586364269257,0.5458080768585205,0.9386835694313049,0.19947996735572815,0.3854292333126068,0.8010242581367493,0.11121492832899094
13,0.0001,0.9871399561564128,0.623742041191099,1.1006120560599155,0.337568584737777,0.49827345945342194,23.963707447052002,0.24414110978444417,0.282366610566775,0.19447746674219768,0.03748048317308227,0.24414110978444417,0.291414436387519,0.26942291953524605,0.26335967857329573,0.143155467803361,0.032525997486759405,0.26942291953524605,0.04111527466810629,0.48992136120796204,0.44292721152305603,0.23160883784294128,0.37435758113861084,0.442118376493454,0.15596693754196167,0.5735780000686646,0.9917382597923279,0.21087545156478882,0.39218613505363464,0.8791510462760925,0.11804596334695816
14,0.0001,0.9563736041386922,0.6420056808316432,1.0654905311396865,0.4471323151987431,0.612640620718295,23.95591163635254,0.23100433871150017,0.25831993197401365,0.18174268081784248,0.04076497424393892,0.23100433871150017,0.30930937876303993,0.2600160387695813,0.2827423752331343,0.16479612031921012,0.029891749905025373,0.2600160387695813,0.07520269494137315,0.5103671550750732,0.4677094519138336,0.24171380698680878,0.3858197033405304,0.45976927876472473,0.16447602212429047,0.5914772152900696,1.0125125646591187,0.22093689441680908,0.38746359944343567,0.9007012248039246,0.12210353463888168
15,0.0001,0.9495417217413584,0.6165133172094777,1.002394932215331,0.5091592472576552,0.6713432892091011,23.518317461013794,0.22500660220781962,0.25585723494489987,0.1738238550722599,0.04474134718378385,0.22500660220781962,0.30999718656142555,0.24839821921997382,0.26969784937921115,0.15948542537259275,0.03835656329012308,0.24839821921997382,0.14961348745788708,0.5294510126113892,0.49496692419052124,0.25215187668800354,0.402815580368042,0.49096056818962097,0.1715785264968872,0.625129759311676,1.085154414176941,0.23175495862960815,0.3939635455608368,0.9707809686660767,0.13285191357135773
16,0.0001,0.9025885820388794,0.6764055175191596,0.9939763467819964,0.5384476527193263,0.6935424625950215,24.15663743019104,0.21343422556916872,0.22388637363910674,0.16354753375053405,0.047822305498023826,0.21343422556916872,0.33030846106509365,0.24168490777250196,0.27241139822318905,0.15336590614475187,0.0385791579963731,0.24168490777250196,0.14560999464793284,0.548952579498291,0.5168219804763794,0.26302865147590637,0.4172288179397583,0.5015464425086975,0.18120267987251282,0.6345605850219727,1.131581425666809,0.23577505350112915,0.3869265615940094,1.027154803276062,0.1352132111787796
17,0.0001,0.8810566325982412,0.6819766543511468,0.9731453813490321,0.5148317375541882,0.6756201170417386,24.344630241394043,0.204639832675457,0.21149473413825035,0.1557230902214845,0.050967971235513686,0.204639832675457,0.35028380863368513,0.24279981802721493,0.23563973410207717,0.13406993961725078,0.03957191439437085,0.24279981802721493,0.10689008826023487,0.568094789981842,0.5355905890464783,0.2737298309803009,0.42849254608154297,0.5124489068984985,0.1875493973493576,0.6477480530738831,1.1391987800598145,0.24343065917491913,0.3848162889480591,1.0493853092193604,0.14194805920124054
18,0.0001,0.8701951841513316,0.684543399687414,0.9243153636572791,0.5771241712177834,0.7274856857071587,26.18945622444153,0.19937554771701496,0.20539698203404744,0.1485776834189892,0.053224520199000834,0.19937554771701496,0.354439092737933,0.23214464671299107,0.19192324358908858,0.11026636279020154,0.044631801789901296,0.23214464671299107,0.11614030703413682,0.583008348941803,0.5552225112915039,0.2834680676460266,0.43486571311950684,0.531417727470398,0.19449244439601898,0.6585966348648071,1.1708693504333496,0.2502230405807495,0.3804701566696167,1.0800061225891113,0.14574170112609863
19,0.0001,0.8439082086086274,0.6965322831820936,0.9456050044200459,0.5558004701753197,0.7092223425634007,25.221001625061035,0.19435914556185405,0.19119908809661865,0.14297008017698923,0.05746661014854908,0.19435914556185405,0.3570257614056269,0.21940236208868807,0.21299271603099634,0.12790569907329122,0.049014160134753244,0.21940236208868807,0.18205569257013132,0.5969854593276978,0.5645319223403931,0.2925175726413727,0.4431639015674591,0.5338709354400635,0.20103618502616882,0.6720975041389465,1.2004214525222778,0.2559714913368225,0.37997034192085266,1.1334187984466553,0.15163634717464447
20,0.0001,0.8383776565392812,0.6876690412453574,0.9021805974303699,0.5628377786501702,0.7154995091521318,24.95645022392273,0.1901960092286269,0.18629644388953845,0.1375032385190328,0.057000373614331086,0.1901960092286269,0.34074593434731165,0.21725336132479495,0.1960938006150918,0.11817536698501618,0.059247880563384196,0.21725336132479495,0.21532756896292576,0.6122947335243225,0.5828458666801453,0.3028735816478729,0.45777207612991333,0.5504236221313477,0.2067083865404129,0.6939451694488525,1.2402385473251343,0.2618590295314789,0.37167060375213623,1.1638883352279663,0.15759237110614777
21,0.0001,0.8234550654888153,0.6807998136275036,0.897111116862688,0.5609804106150007,0.7134908457926104,25.623889207839966,0.18787813981374105,0.18613992656270664,0.13451207429170609,0.06272041182965041,0.18787813981374105,0.34927780032157896,0.2181147644754316,0.19979398563259937,0.1241558914790388,0.05148382545983205,0.2181147644754316,0.21792508625104778,0.6258115768432617,0.5999071598052979,0.31292295455932617,0.4691890478134155,0.5717098116874695,0.21335801482200623,0.7190405130386353,1.2860687971115112,0.26964786648750305,0.36752092838287354,1.216282844543457,0.1635507494211197
22,0.0001,0.7904170314470927,0.7268954557410913,0.9212969062758274,0.5316357237323939,0.6908364069974174,24.250667810440063,0.18169126907984415,0.16678866843382517,0.12850640304386615,0.06536872101326784,0.18169126907984415,0.36910838646193345,0.22044077466745846,0.2045447142397771,0.11175205057761708,0.05946838782459009,0.22044077466745846,0.18431909699909022,0.6396859884262085,0.615875780582428,0.32319286465644836,0.4818974435329437,0.5857147574424744,0.2214716374874115,0.746874988079071,1.3309664726257324,0.2779458165168762,0.3607209622859955,1.2739890813827515,0.1705729365348816
23,0.0001,0.7894668340682983,0.7034492642408547,0.9050668917718481,0.5392983705974496,0.6970143402406641,24.872577667236328,0.17925711274147033,0.17017358615994455,0.12543127449850242,0.06770661771297455,0.17925711274147033,0.36226275004446507,0.2324227255875947,0.2084940772076122,0.09697023424945894,0.05295264097999354,0.2324227255875947,0.12268335795121603,0.6540966629981995,0.624788224697113,0.332759827375412,0.49536165595054626,0.6089993119239807,0.22716115415096283,0.7722355127334595,1.3648946285247803,0.2868220806121826,0.36104828119277954,1.3221355676651,0.1762886494398117
24,0.0001,0.7690576692422231,0.717402957419909,0.8055840711124608,0.6592332380222107,0.7898837889093527,24.24116611480713,0.17306468735138575,0.16063833845158418,0.12082128611703714,0.07106948439031839,0.17306468735138575,0.389657873660326,0.2034180877638645,0.16821173932708677,0.11050930985661804,0.0649436958989159,0.2034180877638645,0.25483879984402263,0.6653878092765808,0.6300123333930969,0.3422711491584778,0.5077210664749146,0.6119951605796814,0.23546259105205536,0.7815017104148865,1.4016153812408447,0.29389655590057373,0.3518567383289337,1.348177433013916,0.18179923295974731
25,0.0001,0.7478495905796687,0.7299230091409483,0.8351498510016769,0.5967302280553478,0.7420812889614146,24.845686197280884,0.1746450312435627,0.15402773953974247,0.11815587244927883,0.07561509075264136,0.1746450312435627,0.3895456224679947,0.21771131626895215,0.1802473021823852,0.1053651885175314,0.05959055768173249,0.21771131626895215,0.18676134528683835,0.6770915389060974,0.6286872029304504,0.3519834876060486,0.5190586447715759,0.6090521812438965,0.2426292449235916,0.794144868850708,1.4271090030670166,0.29701492190361023,0.3400224447250366,1.394059658050537,0.18540330231189728
26,0.0001,0.7413485358158748,0.7199314373850658,0.8161646196099578,0.6173864455219038,0.7608554141505481,23.465035676956177,0.17050605403880278,0.15494122952222825,0.11575910759468873,0.07789068842927614,0.17050605403880278,0.3874041773378849,0.20776859487666458,0.17046921321603117,0.08975977047545011,0.06913525256954256,0.20776859487666458,0.20676824916154146,0.6876192688941956,0.6317358613014221,0.3608663082122803,0.5362219214439392,0.614296019077301,0.24889785051345825,0.8120418190956116,1.458964228630066,0.30336427688598633,0.337306946516037,1.408684253692627,0.19020330905914307
27,0.0001,0.7301619191964467,0.7197090132266022,0.8312186188385134,0.5745705052643025,0.7247480313775664,25.801591634750366,0.16823595737417538,0.1549510324994723,0.11284968530138334,0.0817399392525355,0.16823595737417538,0.3907561518251896,0.21444658617504309,0.15726534753549296,0.08149135039478052,0.06475381559280098,0.21444658617504309,0.16507175076203268,0.6920278668403625,0.630888819694519,0.36998653411865234,0.5380651354789734,0.6147494912147522,0.25480955839157104,0.825369119644165,1.4885199069976807,0.30886074900627136,0.338467538356781,1.449955701828003,0.19528880715370178
28,0.0001,0.7060791234175364,0.7454615605613327,0.7769530865012623,0.6472789356546731,0.7835566575244515,36.25972270965576,0.16730757815142472,0.14033856031795341,0.1101012988636891,0.0822757676243782,0.16730757815142472,0.3960024011631807,0.20926221618886853,0.14497225328547056,0.07487186191023373,0.07447577304527407,0.20926221618886853,0.18906195620532895,0.7001188397407532,0.6353766918182373,0.3785376250743866,0.5573853254318237,0.6292390823364258,0.2607533037662506,0.8471279144287109,1.5203759670257568,0.31322482228279114,0.3357786536216736,1.505387783050537,0.19923163950443268
29,0.0001,0.6953391591707866,0.7401562377790069,0.7991917446011403,0.5727748551325272,0.7221152244719444,33.84019064903259,0.16443581208586694,0.14068502187728882,0.10824142470955848,0.08485414957006772,0.16443581208586694,0.3998475134372711,0.19890605548366172,0.19284239655635396,0.09526942206210777,0.06999641943906175,0.19890605548366172,0.2530230641609333,0.706625759601593,0.6349074244499207,0.3878748118877411,0.57467120885849,0.6385012865066528,0.2674504816532135,0.8611211180686951,1.5629677772521973,0.3189495801925659,0.3345811069011688,1.5554602146148682,0.2056305706501007
30,0.0001,0.6743158886830012,0.7593984654898971,0.7551443909035355,0.62810868767915,0.7675292847813272,32.70813202857971,0.16087705083191395,0.13220241169134775,0.10520880706608296,0.08742285917202632,0.16087705083191395,0.42335834677020706,0.2169728125216531,0.14385111752103585,0.06839722736937101,0.06970226813535221,0.2169728125216531,0.13634391077107094,0.7147759795188904,0.6296209692955017,0.3970423638820648,0.5861215591430664,0.6400873064994812,0.2760213613510132,0.8752641081809998,1.576486587524414,0.32227590680122375,0.3358003795146942,1.5679779052734375,0.20910552144050598
31,0.0001,0.6690636297067006,0.7488968193623463,0.705029194472266,0.6898163309513862,0.8118685388524621,33.321189403533936,0.16165926766892275,0.13313498869538307,0.10301151523987452,0.08659502776960532,0.16165926766892275,0.39521922543644905,0.1812180612908035,0.14960585168150606,0.09521526501315539,0.08445999832426915,0.1812180612908035,0.3007519130335479,0.7246420979499817,0.6315425038337708,0.4064847230911255,0.6047084331512451,0.6511469483375549,0.28094154596328735,0.9139212965965271,1.6105806827545166,0.3300830125808716,0.33516648411750793,1.6016753911972046,0.21594946086406708
32,0.0001,0.6444679458936056,0.7733097601080722,0.6891488755335573,0.6903299586955617,0.8136833947868203,31.79378366470337,0.15548921078443528,0.1266574622442325,0.10129599782327811,0.08958951731522878,0.15548921078443528,0.4305044850955407,0.18228388467773063,0.14133738298885157,0.08627123556664733,0.08073528856039047,0.18228388467773063,0.28421920098242215,0.7313932180404663,0.6226046681404114,0.4164871275424957,0.6123895645141602,0.6445173621177673,0.2889663279056549,0.9180535674095154,1.62191903591156,0.33344757556915283,0.3224850594997406,1.6303199529647827,0.21999423205852509
33,0.0001,0.6421859631935756,0.7532855174920491,0.7216431557155046,0.6619822467490737,0.794794134931876,34.67904281616211,0.15848662182688714,0.12897930244604747,0.10018925828238329,0.0892799095561107,0.15848662182688714,0.4089785784482956,0.20136531112623995,0.15699019539551656,0.09248343733001928,0.06998530640953878,0.20136531112623995,0.2202673619155024,0.7388772368431091,0.619623064994812,0.42614004015922546,0.6320868134498596,0.6540383100509644,0.2954639792442322,0.9437388181686401,1.672943353652954,0.3378797173500061,0.3202146887779236,1.6830962896347046,0.22388699650764465
34,0.0001,0.6374734103679657,0.7473758133586619,0.7507428634362142,0.622141521701794,0.761290062523883,34.038289070129395,0.1591252475976944,0.13224279036124548,0.09971100588639577,0.08899405002593994,0.1591252475976944,0.3969925800959269,0.1957405746960249,0.16560762094669654,0.09838470181480782,0.0871079158587534,0.1957405746960249,0.2859732887295426,0.7500423789024353,0.6208140850067139,0.43638697266578674,0.6482751965522766,0.6835949420928955,0.30099543929100037,0.9681289792060852,1.7111592292785645,0.34359800815582275,0.334587961435318,1.726973295211792,0.23496843874454498
35,0.0001,0.6169121255477269,0.7681060491706443,0.6621914027167148,0.6953753271466974,0.816309551649834,33.8195264339447,0.1569979661454757,0.12211740526060264,0.09617628827691078,0.09076787643134594,0.1569979661454757,0.40066248724857967,0.1908002740047017,0.14310206985864482,0.08746632029775714,0.08390815067486684,0.1908002740047017,0.2643727925224382,0.7593115568161011,0.6175588369369507,0.44604867696762085,0.6580914258956909,0.6887614727020264,0.30729737877845764,0.9814013838768005,1.7311230897903442,0.34698376059532166,0.33780038356781006,1.7549128532409668,0.2394096553325653
36,0.0001,0.6109453603625298,0.7569271498496949,0.6971708379808019,0.6513257129861388,0.784638813677019,35.38035464286804,0.15461623035371302,0.12618541779617468,0.09472593106329441,0.09509668884178003,0.15461623035371302,0.42660462682445843,0.19661612100288517,0.14570438788562526,0.07702362830521631,0.08245135599472483,0.19661612100288517,0.222385224138127,0.7664278745651245,0.6173306107521057,0.4540950059890747,0.6701707243919373,0.704698383808136,0.3109516203403473,1.006669044494629,1.7599005699157715,0.3533684313297272,0.3339635133743286,1.798130989074707,0.24501453340053558
37,0.0001,0.5969800631205241,0.7580551290928971,0.6513015735344808,0.7080752112879812,0.8272894225683582,35.34121561050415,0.1537374642988046,0.12379857214788596,0.0944558764497439,0.09512622704108556,0.1537374642988046,0.42215805078546204,0.1821920351415384,0.1341725678228941,0.07957797363156179,0.09011578120169092,0.1821920351415384,0.2853149118237808,0.7694138884544373,0.61553955078125,0.4636077880859375,0.6769993305206299,0.7083051204681396,0.3169597089290619,1.0322498083114624,1.7981551885604858,0.3564211130142212,0.3323837220668793,1.8769001960754395,0.25040295720100403
38,0.0001,0.5752364565928777,0.7825837048951233,0.6030225274992771,0.7496262691533033,0.8543034823587404,33.786726236343384,0.15035202093422412,0.1137000681211551,0.09344608125587305,0.09636115444203218,0.15035202093422412,0.43345705096920334,0.17716262526199467,0.12371436897359911,0.08518362326211616,0.08518630547113105,0.17716262526199467,0.30282336900957296,0.7758525609970093,0.6051684021949768,0.4729316532611847,0.7030476927757263,0.7108970284461975,0.3234415054321289,1.0389667749404907,1.8027076721191406,0.3594202399253845,0.3324110805988312,1.8650082349777222,0.2565145194530487
39,0.0001,0.562796521683534,0.7854876194230866,0.62572009446191,0.7015095953828814,0.8196009367143458,34.2933828830719,0.1512260454396407,0.11360468740264575,0.09151034889121851,0.09807303374012312,0.1512260454396407,0.4390646186967691,0.1755978855930391,0.14690213308471148,0.08644853703311232,0.09072364036177026,0.1755978855930391,0.310993351652974,0.7813817262649536,0.6017354726791382,0.4817669689655304,0.7189182639122009,0.7237891554832458,0.3296406865119934,1.0637285709381104,1.8344954252243042,0.3649681508541107,0.32814648747444153,1.8787473440170288,0.258520245552063
40,0.0001,0.5663184593121211,0.7592507310576998,0.6868637389824038,0.6181309229825012,0.7604158293372861,32.650941133499146,0.1507100706299146,0.12223684179286162,0.0918928112834692,0.09859317280352116,0.1507100706299146,0.4377246340115865,0.22078433144287984,0.14414626799645971,0.05855343045025575,0.0882982289204832,0.22078433144287984,0.18307525383644416,0.7869306206703186,0.5962743759155273,0.4910198450088501,0.733783483505249,0.746218740940094,0.3334335684776306,1.0761306285858154,1.8603949546813965,0.369342178106308,0.3185655474662781,1.9164234399795532,0.26308315992355347
41,0.0001,0.5544986580808957,0.7662145233243434,0.581564058045872,0.7406364071286654,0.8493025268964972,35.388405561447144,0.15019469037652017,0.11703518666327,0.0891412386049827,0.10016258284449578,0.15019469037652017,0.4391861155629158,0.1635070794918498,0.15101724667627303,0.11249390220055815,0.10161354319482553,0.1635070794918498,0.48714179973133276,0.7963656187057495,0.5954317450523376,0.49908745288848877,0.770158588886261,0.7622174024581909,0.33928272128105164,1.0766112804412842,1.8970129489898682,0.37427327036857605,0.30579015612602234,1.9705393314361572,0.2687140107154846
42,0.0001,0.5339092915256818,0.7849600012583378,0.5846232332167078,0.731999491893961,0.8430248475662805,34.12655997276306,0.14764642268419265,0.11220894965032736,0.09036902065078417,0.10243487879633903,0.14764642268419265,0.4498296700417995,0.18053457922622806,0.12164840761755334,0.0616627175544129,0.10150980399768861,0.18053457922622806,0.29284900768858485,0.7994440793991089,0.5896342396736145,0.5075098276138306,0.7755305171012878,0.7690471410751343,0.3427213728427887,1.0923664569854736,1.9053274393081665,0.38173365592956543,0.29907873272895813,2.014096975326538,0.27168378233909607
43,0.0001,0.5369483843445778,0.7706136244066338,0.6285379358002396,0.6676326989319378,0.7948463383420623,30.987228870391846,0.14493072306116422,0.11576451982061069,0.08717398506899675,0.10255064442753792,0.14493072306116422,0.4479175592462222,0.20726850067005784,0.14958680531040566,0.07009432959507723,0.09512014503850312,0.20726850067005784,0.26979330230931764,0.8104234933853149,0.5932331681251526,0.5161075592041016,0.8212557435035706,0.7881706953048706,0.34704190492630005,1.1219617128372192,1.9447038173675537,0.3870970606803894,0.298216849565506,2.025455951690674,0.27834874391555786
44,0.0001,0.5209048370520274,0.7756459948718343,0.5936424468384415,0.706451692797923,0.8228298650941145,34.16415810585022,0.14763165935873984,0.11278771261374156,0.08721738917132218,0.10275606649617354,0.14763165935873984,0.44428566520412766,0.194323793786471,0.1253952281396897,0.06672412670049511,0.09348564924763851,0.194323793786471,0.23008262793548773,0.8169615268707275,0.5993962287902832,0.5242177844047546,0.8507255911827087,0.8161453604698181,0.3530191481113434,1.1438621282577515,1.980414867401123,0.3932093679904938,0.3098102807998657,2.065370798110962,0.2868391275405884
45,0.0001,0.49795085986455284,0.8023956306938078,0.5492323119132245,0.7464127555933537,0.8522927217520154,32.15689516067505,0.14299505477150282,0.10496148895472288,0.08594656102359295,0.10372797797123591,0.14299505477150282,0.472225305189689,0.1696646741179169,0.12553157681813004,0.07469436648439189,0.10459492331156965,0.1696646741179169,0.3684431976470791,0.8226951360702515,0.594260573387146,0.5325837731361389,0.8508831858634949,0.8297887444496155,0.3570076525211334,1.1661638021469116,2.0092644691467285,0.39766594767570496,0.30490556359291077,2.057480812072754,0.2930469810962677
46,0.0001,0.5065791204571723,0.7767794652875992,0.6073306368999793,0.6703400148805693,0.7970827711884754,33.52016854286194,0.14658091155191263,0.11426098744074503,0.08729691132903099,0.10432309967776139,0.14658091155191263,0.44001825228333474,0.18978577901105412,0.1438577199568514,0.07302025778860342,0.09512378385321038,0.18978577901105412,0.28721119536728157,0.8272172808647156,0.5959529876708984,0.5418760776519775,0.8813008069992065,0.8551299571990967,0.36254018545150757,1.1850287914276123,2.0417845249176025,0.40387922525405884,0.315420925617218,2.0971217155456543,0.3044970631599426
47,0.0001,0.49013474931319556,0.7878339829121541,0.5326507472601093,0.7458832792120486,0.8520612213938188,33.09504675865173,0.14500284244616826,0.10985842049121856,0.08497245982289314,0.1049217276275158,0.14500284244616826,0.4358735995988051,0.1666666376786154,0.12406588480120799,0.06988728510551766,0.09957336536684974,0.1666666376786154,0.31972859677721244,0.8323810696601868,0.5944523215293884,0.5499969720840454,0.896779477596283,0.876773476600647,0.36544597148895264,1.1967697143554688,2.062182903289795,0.40850573778152466,0.3072988986968994,2.151611089706421,0.3101426959037781
48,0.0001,0.47272339314222334,0.7980843940934507,0.501718740971362,0.7561290248955614,0.8592112580192448,34.490386962890625,0.140999174118042,0.10604337515930334,0.08478630570073922,0.10571627952158451,0.140999174118042,0.4624980427324772,0.16541675441577786,0.12411631265136062,0.08027327720259057,0.10452077452276574,0.16541675441577786,0.38988295099774345,0.836845874786377,0.5888699889183044,0.5591363310813904,0.9019328355789185,0.8857446908950806,0.3687180280685425,1.2035197019577026,2.0778279304504395,0.4115680158138275,0.30781280994415283,2.1663639545440674,0.31696221232414246
49,0.0001,0.4561964884400368,0.8090537345020677,0.5422975567520641,0.7017169327748715,0.8205086960532122,34.78761887550354,0.13854547403752804,0.10123262150834005,0.08515655162433783,0.10731991256276767,0.13854547403752804,0.49125414788722993,0.20832012862455648,0.12814477672342395,0.05070444013251633,0.10245707276903215,0.20832012862455648,0.2342969333050681,0.8419427275657654,0.582548975944519,0.5682907700538635,0.9305110573768616,0.8922631144523621,0.37148556113243103,1.2024322748184204,2.0857343673706055,0.41408658027648926,0.31665268540382385,2.15293288230896,0.31932851672172546
50,0.0001,0.4581191673874855,0.7985513062909338,0.5377190308492692,0.6920207100741272,0.8137503038293631,33.78812909126282,0.14412050222357115,0.10705417084197204,0.08479875015715758,0.10643078399201235,0.14412050222357115,0.4663816332817078,0.16648103931888206,0.1413651357908718,0.07250806542693591,0.09612583515585446,0.16648103931888206,0.3160887214004016,0.8511173725128174,0.5851152539253235,0.5767176747322083,0.9640469551086426,0.9177343845367432,0.37693896889686584,1.2244246006011963,2.1094484329223633,0.4180026054382324,0.3150770366191864,2.16416072845459,0.3242274522781372
51,0.0001,0.4556180273493131,0.7898983446347683,0.5514879568678434,0.6955551699364044,0.8160395927844067,32.89905881881714,0.14494102634489536,0.10820911079645157,0.08383525013923646,0.10481565234561761,0.14494102634489536,0.45683732132116955,0.19495312942833196,0.13146025772954598,0.0542793942645925,0.1027338695330698,0.19495312942833196,0.2715224513753516,0.8552398085594177,0.581052303314209,0.5850574970245361,0.9787019491195679,0.9431508183479309,0.3826484978199005,1.2460252046585083,2.1245782375335693,0.4221160411834717,0.3156258761882782,2.219029664993286,0.3300524055957794
52,0.0001,0.41857134401798246,0.828005844717669,0.4394763190238202,0.8038168672118422,0.8897530195033524,32.173922061920166,0.13453707620501518,0.09508720859885215,0.08179835913081963,0.1080423050870498,0.13453707620501518,0.5035071869691213,0.14597401853467598,0.10748302472419426,0.06991622609193207,0.11215265425013714,0.14597401853467598,0.4564849778276975,0.8611273765563965,0.5831741094589233,0.592968225479126,1.0129197835922241,0.956807017326355,0.38854461908340454,1.245585322380066,2.1415693759918213,0.4247840642929077,0.318999707698822,2.210207223892212,0.33347010612487793
53,0.0001,0.42166909674803416,0.8174899437862416,0.5534907276513147,0.6670285144805914,0.7958403859279677,33.86010384559631,0.13624954012533028,0.0993283748626709,0.07936552986502647,0.10835616042216618,0.13624954012533028,0.491630740215381,0.15612948356104678,0.17445100404200006,0.10835650343386853,0.11180648439731754,0.15612948356104678,0.5358199570022646,0.8658913373947144,0.5822238326072693,0.6034272909164429,1.0214093923568726,0.9795316457748413,0.3931705355644226,1.2502366304397583,2.1779730319976807,0.4266062378883362,0.3245437741279602,2.2394330501556396,0.3386578857898712
54,0.0001,0.40974025974671047,0.8194253237149639,0.47239445809458125,0.7618308901471099,0.8626853622075313,32.3305926322937,0.136406389127175,0.09827858836700519,0.08220731019973755,0.10940970778465271,0.136406389127175,0.4977342722316583,0.16582121565693714,0.12301910534256795,0.07564001408268194,0.10512928505901431,0.16582121565693714,0.39663844323549113,0.8704352974891663,0.5826968550682068,0.6121315956115723,1.0452477931976318,0.9894281625747681,0.3975469768047333,1.2705614566802979,2.1743667125701904,0.430441677570343,0.323996365070343,2.2509944438934326,0.3443334996700287
55,0.0001,0.4085771014293035,0.8113501713468777,0.4569457700995148,0.7585108944698187,0.8595591403959455,32.014227867126465,0.13998360447585584,0.09866970516741276,0.08113813648621242,0.10748651015261809,0.13998360447585584,0.4671102019647757,0.15264618592184098,0.12718527629727222,0.07375620659746107,0.11219747230166295,0.15264618592184098,0.43875380422248217,0.8747180104255676,0.5834261775016785,0.6218014359474182,1.0601288080215454,1.0149627923965454,0.4032130539417267,1.2982877492904663,2.192715883255005,0.4368481934070587,0.3151417672634125,2.244391441345215,0.3543418347835541
56,0.0001,0.38701899896065395,0.8275721781547991,0.4170127017576186,0.802945771603268,0.8893640073857674,31.905338764190674,0.13539171144366263,0.09379053401450316,0.08127115530272325,0.1114615336060524,0.13539171144366263,0.49558332736293476,0.1477309895343468,0.10942682391795956,0.07440786820943238,0.11002865079485002,0.1477309895343468,0.4419443920010426,0.8820475935935974,0.5828337073326111,0.6313417553901672,1.0738356113433838,1.0301685333251953,0.40758177638053894,1.3091069459915161,2.1954522132873535,0.441061794757843,0.32803571224212646,2.251436948776245,0.3612789511680603
57,0.0001,0.38364310388763745,0.8270102960923252,0.44197270616156153,0.7644700098526462,0.8619201737089693,29.74410367012024,0.13483838265140852,0.0936260680978497,0.07758974805474281,0.11001315613587698,0.13483838265140852,0.5132243238389492,0.14553219141041646,0.11804437515188436,0.06785515646954052,0.11216383915944178,0.14553219141041646,0.44043484281321044,0.8853728771209717,0.5856499671936035,0.6413914561271667,1.08533775806427,1.0474672317504883,0.4107072949409485,1.3054126501083374,2.2067348957061768,0.4440676271915436,0.336517333984375,2.260242223739624,0.3665103316307068
58,0.0001,0.39073514292637507,0.8173889194983991,0.5006214922568837,0.7035574827521631,0.8229399158583349,31.225995540618896,0.13329943840702374,0.09995413646101951,0.07583222736914953,0.10852707835535208,0.13329943840702374,0.4963210329413414,0.16966516903189363,0.1600897435526379,0.09631371229398446,0.10833060851351159,0.16966516903189363,0.4516713511748392,0.8832339644432068,0.5912082195281982,0.6510319113731384,1.0998737812042236,1.069165825843811,0.4148804247379303,1.3228472471237183,2.2319390773773193,0.4486786723136902,0.37746018171310425,2.2773375511169434,0.37341880798339844
59,0.0001,0.4061788121859233,0.7912905262134254,0.4725367676039211,0.7170553049053338,0.8306738361195246,25.667227268218994,0.13750240579247475,0.11216211256881554,0.08052122717102368,0.10957634821534157,0.13750240579247475,0.4935196568568548,0.1448907510178988,0.13760892277369735,0.0792740373337855,0.10690447468249524,0.1448907510178988,0.4651331667040215,0.8887419104576111,0.5934921503067017,0.659457802772522,1.1288360357284546,1.0909525156021118,0.418520987033844,1.3357828855514526,2.251577854156494,0.4532347619533539,0.36626264452934265,2.2646963596343994,0.38181719183921814
60,0.0001,0.3817261899511019,0.7991490694234187,0.4217574923742013,0.7573452220415284,0.8594061733241789,25.719280004501343,0.13574215384821098,0.10179563996692499,0.07663129853705565,0.10876605163017909,0.13574215384821098,0.4844478090604146,0.15661699117207137,0.128469780820315,0.07166388997289001,0.10550006063746624,0.15661699117207137,0.3639948719837626,0.8900972008705139,0.5954959988594055,0.6687975525856018,1.1358777284622192,1.1230106353759766,0.42350292205810547,1.3658198118209839,2.2952768802642822,0.4575168192386627,0.3437400758266449,2.2939939498901367,0.38565051555633545
61,0.0001,0.3701306596398354,0.8144406812166448,0.3788305911861482,0.8148581873025138,0.8971976342071275,25.420706272125244,0.13300050919254622,0.10314153035481771,0.07774901874363423,0.10787922491629919,0.13300050919254622,0.5001153851548831,0.1425763224480582,0.10038707686252281,0.07743057242182434,0.10809350538937772,0.1425763224480582,0.46161820018877747,0.8942030668258667,0.5983075499534607,0.6773951053619385,1.1324759721755981,1.148510217666626,0.427778035402298,1.3853719234466553,2.3260016441345215,0.46105292439460754,0.3446821868419647,2.3203132152557373,0.3924231231212616
62,0.0001,0.35337896570563315,0.8303044301999589,0.46037165942739267,0.7374576914443449,0.8478171996022607,27.037325859069824,0.13195221771796545,0.09581542648375034,0.07632422298192978,0.11050642964740594,0.13195221771796545,0.5134079868594805,0.17004633829241894,0.14357594388430236,0.11139868346394086,0.10887984552832901,0.17004633829241894,0.4871891932409318,0.8905605673789978,0.5971848964691162,0.6860547065734863,1.1071091890335083,1.1744437217712402,0.4313920736312866,1.38970947265625,2.3360085487365723,0.463879257440567,0.3377528488636017,2.323194980621338,0.3965217173099518
63,0.0001,0.33956888044873873,0.8375411005368103,0.36294760958093114,0.7984733433152915,0.8866303228704987,30.86315131187439,0.12885236081977686,0.0921289637684822,0.07497020835677783,0.10916862562298775,0.12885236081977686,0.5097279007236163,0.13740727891687488,0.10449409020728752,0.06533924990990123,0.11394346688614516,0.13740727891687488,0.4607123258661051,0.8954631686210632,0.5981248617172241,0.6934840083122253,1.12674081325531,1.1863523721694946,0.4338848292827606,1.4033185243606567,2.354475259780884,0.4672242999076843,0.33477744460105896,2.3326058387756348,0.3991543650627136
64,0.0001,0.3387262833615144,0.8327478213070253,0.47317824793643637,0.701272954939933,0.8209945538727614,27.7805438041687,0.13003429348270099,0.09154613427817822,0.07312162270148595,0.1100487536440293,0.13003429348270099,0.5117055051028728,0.16698972831984035,0.167734043520005,0.08380952697308337,0.11851581967756396,0.16698972831984035,0.4520294632090897,0.8970369696617126,0.6028555035591125,0.7005553841590881,1.1460014581680298,1.2163387537002563,0.43778157234191895,1.4283491373062134,2.38653564453125,0.47165217995643616,0.34350892901420593,2.3672590255737305,0.4072383940219879
65,0.0001,0.3216927846272786,0.8397012745871568,0.40381689736100496,0.7858764739194327,0.8782816208381423,27.977481842041016,0.12523821542660396,0.08839203355213006,0.07602619354923566,0.11174687097469965,0.12523821542660396,0.5432526571055253,0.14355909628946273,0.12869149666340624,0.06999836300240188,0.11433203200824925,0.14355909628946273,0.48388543725013733,0.8967328667640686,0.600386917591095,0.7104374766349792,1.168690800666809,1.2277859449386597,0.44303977489471436,1.434128761291504,2.3847506046295166,0.4747265577316284,0.3386137783527374,2.3786792755126953,0.41008955240249634
66,0.0001,0.3313300428291162,0.831770840304007,0.39458895315889453,0.7744202921800235,0.8702142646703689,29.35871696472168,0.12690496171514193,0.09191422704607248,0.07333977830906709,0.1121265210211277,0.12690496171514193,0.5124552309513092,0.1529869799975489,0.12073633465610567,0.07399858949614353,0.10782314262917785,0.1529869799975489,0.43789542991606917,0.8947939276695251,0.6085830330848694,0.717961847782135,1.1841728687286377,1.2573035955429077,0.4467160999774933,1.4444419145584106,2.4007973670959473,0.47706305980682373,0.3350556492805481,2.386967420578003,0.414012610912323
67,0.0001,0.31728049566348393,0.839788022839021,0.35840534089041537,0.7966133581782551,0.8857511622513565,29.200233221054077,0.1296300648401181,0.09103654958307743,0.07485081534832716,0.11113562534252802,0.1296300648401181,0.5232638272146384,0.1311937590114406,0.11354674423327211,0.08085485327927792,0.11461006068303937,0.1311937590114406,0.5621978528186923,0.8987653255462646,0.6099675893783569,0.7257943153381348,1.1954140663146973,1.2680606842041016,0.45272424817085266,1.4496684074401855,2.4217281341552734,0.4814738929271698,0.3293277621269226,2.3918709754943848,0.4178222119808197
68,0.0001,0.32491136292616524,0.8289334642035047,0.4060200057068809,0.749829871240854,0.853104980569072,29.598281383514404,0.1276272057245175,0.09574751524875562,0.07366386335343122,0.11400556489825249,0.1276272057245175,0.510062168041865,0.1452951311576562,0.13262507685872374,0.07021265318159198,0.11670782417058945,0.1452951311576562,0.4855601152435678,0.8979708552360535,0.6196314096450806,0.7336897253990173,1.2106192111968994,1.2931846380233765,0.45659831166267395,1.4509732723236084,2.430500030517578,0.4833599030971527,0.3250237703323364,2.399400234222412,0.41974949836730957
69,0.0001,0.3186182806889216,0.8309892225805666,0.4983405373135551,0.6672139438894235,0.7912922987958696,25.38818907737732,0.12809259109199048,0.09448834042996168,0.0742151723553737,0.11432053086658318,0.12809259109199048,0.5306434492270152,0.14230632733126156,0.17626603265277674,0.06696232286144475,0.11090523529736722,0.14230632733126156,0.4470129633536104,0.9006391167640686,0.6187413930892944,0.7406418323516846,1.2102155685424805,1.314926028251648,0.45867282152175903,1.4677517414093018,2.4518165588378906,0.486245334148407,0.3217235505580902,2.3813986778259277,0.4238174855709076
70,0.0001,0.310350493590037,0.8366540637496852,0.36506838485842846,0.7824744785014609,0.8763475406318277,24.3973388671875,0.1290083477894465,0.09365717725207408,0.07240142257263263,0.111021272589763,0.1290083477894465,0.5019659255941709,0.1482564843580371,0.12326442010578562,0.07155672008873987,0.11585661939910201,0.1482564843580371,0.45711947073701953,0.9058370590209961,0.6209297776222229,0.7479649782180786,1.2361201047897339,1.3457615375518799,0.4628481864929199,1.4693742990493774,2.465789556503296,0.48732757568359375,0.3089000880718231,2.4046120643615723,0.42774492502212524
71,0.0001,0.3017361357808113,0.8344678335504051,0.3627809579255151,0.7838702590434722,0.8776127346974811,25.68206548690796,0.12453755798439185,0.09346471962829431,0.07344856982429822,0.11204522773623467,0.12453755798439185,0.5457507252693177,0.13973312934891122,0.11946494181136616,0.05987126990908482,0.11192303150892258,0.13973312934891122,0.4550852975884422,0.9069672226905823,0.6237449645996094,0.7558691501617432,1.2359379529953003,1.3539870977401733,0.4646969139575958,1.4779081344604492,2.4799535274505615,0.4912201166152954,0.30106836557388306,2.4277327060699463,0.4313805401325226
72,0.0001,0.3015716624756654,0.8435748829272476,0.39450944691407874,0.7615789624556194,0.8623115411908489,28.899912118911743,0.1272472648570935,0.08968651033937931,0.07223402572174867,0.11584148183465004,0.1272472648570935,0.524434577425321,0.14743161445758382,0.13647507546377963,0.06357517081205963,0.11203042210125533,0.14743161445758382,0.42474932944188354,0.9098703265190125,0.6270010471343994,0.7621957659721375,1.2397786378860474,1.385255217552185,0.4684550166130066,1.4880651235580444,2.511958599090576,0.495173841714859,0.3144700527191162,2.4281551837921143,0.4356679320335388
73,0.0001,0.3072274918357531,0.828312775428824,0.4136733490912641,0.7273900589261432,0.8383647420828229,25.660566806793213,0.13054199516773224,0.09731830712407827,0.07335756377627452,0.1158932950347662,0.13054199516773224,0.5138869938751062,0.1441180897785015,0.14505907135908722,0.07629201854350137,0.11922737052206134,0.1441180897785015,0.5089724796717284,0.9138526320457458,0.6278032064437866,0.7693268656730652,1.2435195446014404,1.4051321744918823,0.47309646010398865,1.5188183784484863,2.5497915744781494,0.49774956703186035,0.32603368163108826,2.430011510848999,0.440331369638443
74,0.0001,0.28012136022249856,0.849138454815865,0.33496809250018633,0.80533059666247,0.890807799095135,27.826066493988037,0.12490631453692913,0.08698982416341702,0.07398799024522304,0.11960384994745255,0.12490631453692913,0.5495503085354964,0.12806216468576526,0.11418411453239254,0.08132158598450363,0.11549844324100213,0.12806216468576526,0.5428298750861746,0.9162213802337646,0.6278287172317505,0.7762665152549744,1.2460052967071533,1.4125779867172241,0.4755392074584961,1.5308243036270142,2.5463294982910156,0.5011175274848938,0.3175108730792999,2.442213535308838,0.4451950788497925
75,0.0001,0.2682060254116853,0.8619212371819234,0.33220843604353606,0.8019624846793998,0.8879823779080105,31.15318202972412,0.12004002667963505,0.08346983920782805,0.0713167871038119,0.11648675153652827,0.12004002667963505,0.5596330563227335,0.13615616814034884,0.11486613774885897,0.05842134417569051,0.11890103387050942,0.13615616814034884,0.4678879639164346,0.918598473072052,0.6314144134521484,0.7819327712059021,1.2559685707092285,1.424194097518921,0.47703608870506287,1.5271731615066528,2.548532724380493,0.5029674172401428,0.3066282868385315,2.431068181991577,0.44785574078559875
76,0.0001,0.26481539780894914,0.8610248720605174,0.365819442956174,0.7802180002365783,0.8757055733299524,27.770352602005005,0.12164226695895194,0.08241940637429555,0.07186018824577331,0.11557947645584742,0.12164226695895194,0.5621208171049754,0.13693654928051058,0.1478315452571775,0.10017639496287362,0.1142214448725591,0.13693654928051058,0.6061046856348632,0.9179694652557373,0.6313398480415344,0.7885222434997559,1.2652201652526855,1.4205361604690552,0.4797521233558655,1.5314157009124756,2.5544538497924805,0.5066951513290405,0.29958081245422363,2.4269256591796875,0.4506041705608368
77,0.0001,0.3004054424663385,0.8266003408951674,0.3774768832277079,0.7681902506273803,0.86591228480801,27.075365781784058,0.12750937553743522,0.09716931271056334,0.07228106874972581,0.1154021422068278,0.12750937553743522,0.5425214841961861,0.14079518188707163,0.13444302707421976,0.06830682220761894,0.1149087025493872,0.14079518188707163,0.4727159049667296,0.9171123504638672,0.6378777623176575,0.794481635093689,1.2881863117218018,1.4568108320236206,0.48215702176094055,1.5492972135543823,2.55753231048584,0.5113279223442078,0.29058578610420227,2.4590089321136475,0.45798301696777344
78,0.0001,0.2688807708521684,0.8482956824038437,0.33585561592070784,0.7948935805901721,0.884845174531134,25.53796672821045,0.1217066885282596,0.08810198847204447,0.07036999091506005,0.11685252462824186,0.1217066885282596,0.5528210446238517,0.12993348084512304,0.11721267954247896,0.07544574898774506,0.11806182661017434,0.12993348084512304,0.5815423580466724,0.9188820719718933,0.6416953206062317,0.8005661368370056,1.2848472595214844,1.460452675819397,0.4847952127456665,1.5458743572235107,2.565403461456299,0.5143475532531738,0.2875412702560425,2.4530396461486816,0.4618154466152191
79,0.0001,0.252711433917284,0.8700377969700631,0.4556753327612017,0.6877474046991848,0.8099407474984684,28.162291288375854,0.11952348835766316,0.08045801172653834,0.07072031206140915,0.11557812156776587,0.11952348835766316,0.5637462730209033,0.16831571743136547,0.16339871824764815,0.06072006209707651,0.10732362382724638,0.16831571743136547,0.30895730901937013,0.920643150806427,0.644636869430542,0.8053206205368042,1.293076753616333,1.4662775993347168,0.4875238537788391,1.563332438468933,2.5583767890930176,0.5163411498069763,0.284904420375824,2.4406890869140625,0.46503299474716187
80,0.0001,0.26535108412305514,0.8489881910883087,0.35821078253574057,0.7742654835083396,0.8696697486580599,29.407946586608887,0.12287819782892863,0.08933490067720413,0.06863019367059071,0.11587232475479443,0.12287819782892863,0.5438115711013476,0.14331607935858554,0.12284258191214233,0.055321836202848154,0.1170851395266955,0.14331607935858554,0.4434510684404217,0.9219287037849426,0.6497548222541809,0.8102492690086365,1.2949998378753662,1.4804421663284302,0.49128371477127075,1.582936406135559,2.558208703994751,0.518551766872406,0.28029221296310425,2.4565348625183105,0.4699420928955078
81,0.0001,0.2617018754283587,0.8533831557655795,0.3236000227635024,0.8015262938613236,0.8878647245578457,26.09842014312744,0.12312731444835663,0.08767827370514472,0.07148111692319313,0.11681506211558977,0.12312731444835663,0.5437687580784162,0.1272765202600448,0.11887653245300543,0.08088010952609484,0.12132837562287441,0.1272765202600448,0.5971095014791019,0.9185236692428589,0.6546527147293091,0.8159852623939514,1.2994492053985596,1.5001587867736816,0.49399423599243164,1.5849298238754272,2.5696582794189453,0.5222157835960388,0.27802079916000366,2.4818482398986816,0.4722229540348053
82,0.0001,0.25840728506445887,0.8532854474732028,0.3441310866934354,0.786919487237304,0.8792249169077626,26.582156896591187,0.1176607249925534,0.08788547323395808,0.06870720485846202,0.11708430660267671,0.1176607249925534,0.5672500158349673,0.14578919625673137,0.12193982669564545,0.05035413508532477,0.1184706797853845,0.14578919625673137,0.4425631409785787,0.9211960434913635,0.6621590256690979,0.8213027715682983,1.299048900604248,1.5087052583694458,0.4953594207763672,1.5821720361709595,2.575916051864624,0.528326690196991,0.29469165205955505,2.4657182693481445,0.4764256477355957
83,0.0001,0.24485020066301028,0.8670729965481482,0.35690033533534066,0.775493932426185,0.8692945180601491,28.485573291778564,0.11875983861585458,0.08258902883778016,0.06904891549299161,0.11916576164464156,0.11875983861585458,0.567231722176075,0.12402127023603095,0.14352805008653735,0.06567957020196759,0.12146684234259558,0.12402127023603095,0.5355425965590556,0.9198524355888367,0.664006769657135,0.8274261951446533,1.297285556793213,1.5160467624664307,0.49967682361602783,1.6099435091018677,2.5827813148498535,0.5309327840805054,0.3018520474433899,2.4795665740966797,0.48020341992378235
84,0.0001,0.2505580119788647,0.8536951789523696,0.31659793756047233,0.8059188462362177,0.8917045361985906,25.810721158981323,0.1195048368225495,0.08677780733754238,0.06945510562509298,0.11817879974842072,0.1195048368225495,0.5565845683217049,0.12686465863810212,0.12035245973555768,0.07982722462200728,0.11776022185556224,0.12686465863810212,0.5825169917012825,0.9182531237602234,0.6688272356987,0.8320533633232117,1.3088457584381104,1.5385832786560059,0.5023268461227417,1.5844498872756958,2.592930316925049,0.5335779786109924,0.2891538441181183,2.465603828430176,0.48201635479927063
85,0.0001,0.24057982861995697,0.8645037555342835,0.40714017240727535,0.7228670543672925,0.8378218209767933,29.59794545173645,0.11971693895757199,0.08668706516424815,0.07051433498660724,0.11791976181169352,0.11971693895757199,0.5714500134189924,0.1367502227181294,0.17280068529433892,0.08962214017500643,0.11860654759602468,0.1367502227181294,0.5980102644592035,0.9153655171394348,0.6712852716445923,0.8367180228233337,1.3099881410598755,1.5464283227920532,0.5047032237052917,1.5979830026626587,2.5897603034973145,0.5353543758392334,0.29163703322410583,2.48274302482605,0.4885460436344147
86,0.0001,0.23630620340506236,0.861632190291019,0.3894494640045479,0.7227398763800508,0.8302354071498335,33.71466636657715,0.11609031756718953,0.08513691487411658,0.06634565927088261,0.11718090114494165,0.11609031756718953,0.5750354478756586,0.14771888686008142,0.15592147385487792,0.06168885309188092,0.12249050631386335,0.14771888686008142,0.471836941164048,0.9143577218055725,0.6718332767486572,0.840573251247406,1.3154970407485962,1.5515968799591064,0.5075964331626892,1.5957614183425903,2.59335994720459,0.5379325747489929,0.290574312210083,2.4675040245056152,0.4919922947883606
87,0.0001,0.24539659768342972,0.853602935187667,0.7505381737576157,0.5331227066826101,0.6872750020080081,33.24240469932556,0.11710227318108082,0.08361208898325762,0.06653807535767556,0.11828835718333722,0.11710227318108082,0.5702207868297895,0.1803263523539559,0.4204388999792396,0.10559626644263502,0.11737865282863867,0.1803263523539559,0.43218155571671785,0.9137031435966492,0.675856351852417,0.8446056246757507,1.3184096813201904,1.560359001159668,0.5100172162055969,1.605362892150879,2.6118435859680176,0.5410309433937073,0.29948267340660095,2.480971097946167,0.49509814381599426
88,0.0001,0.2534336085120837,0.8513449896197532,0.3307464200942243,0.7822192555512872,0.8767723084776132,29.25385069847107,0.11973149093488852,0.08861188360800346,0.06794505224873622,0.1166087177892526,0.11973149093488852,0.5578840268154939,0.15054008022683565,0.14017893593819414,0.08704695447546537,0.10725636682549461,0.15054008022683565,0.5295218991451576,0.9101617336273193,0.6822953224182129,0.8495554327964783,1.3212462663650513,1.5789318084716797,0.5131049752235413,1.5925759077072144,2.6228623390197754,0.5423588156700134,0.29828038811683655,2.495830535888672,0.4992319941520691
89,0.0001,0.2523513279855251,0.8468393478898162,0.3043104385743376,0.83076097348543,0.9070121888146958,34.40159821510315,0.12137334744135539,0.09364997316151857,0.0674377666786313,0.1195203848183155,0.12137334744135539,0.5620420729120572,0.126018758191437,0.11082355177304784,0.08861917684801289,0.11890937009307205,0.126018758191437,0.6240607490305041,0.9144936800003052,0.6855450868606567,0.8533338308334351,1.340664267539978,1.5879621505737305,0.5173373818397522,1.598479986190796,2.660966157913208,0.5471317172050476,0.3018858730792999,2.5295650959014893,0.5070648193359375
90,0.0001,0.22902879118919373,0.8728985493834612,0.28677462603225085,0.8360168290346798,0.909523434611382,28.60755467414856,0.11479284825424353,0.08305315766483545,0.06858474916468064,0.11757651281853516,0.11479284825424353,0.5928550864259402,0.12274342970769914,0.10872659184893624,0.06403611795824082,0.1210084249738787,0.12274342970769914,0.5760918161908134,0.9111758470535278,0.6851399540901184,0.8580549955368042,1.3416845798492432,1.5836436748504639,0.5203524231910706,1.6106479167938232,2.64884877204895,0.550420880317688,0.2981339991092682,2.5285439491271973,0.5107569694519043
91,0.0001,0.21437502230207126,0.8786280330246014,0.3885718066184247,0.751008333053916,0.8477645732788622,33.74310493469238,0.1110957182943821,0.07638866361230612,0.06712905013312896,0.1179512287179629,0.1110957182943821,0.6013898069659869,0.16327632682733847,0.15227875858545303,0.06681171597027388,0.12385454725046627,0.16327632682733847,0.4325065456452917,0.9190331101417542,0.6918942332267761,0.8608490228652954,1.334763526916504,1.589727520942688,0.5224740505218506,1.6082099676132202,2.651813507080078,0.552401602268219,0.29900723695755005,2.522250175476074,0.5128750801086426
92,0.0001,0.21742081468303998,0.8777902494468858,0.3222953095787861,0.7935231238302367,0.8836164855407822,28.197659492492676,0.11149440867205461,0.07857427801936864,0.06435606138159831,0.11853901731471221,0.11149440867205461,0.5804000998536746,0.12182101411897628,0.1335040032863617,0.0743414399320962,0.11977867256911075,0.12182101411897628,0.6019429652417292,0.9202144742012024,0.695789635181427,0.8654037714004517,1.3371540307998657,1.6087807416915894,0.5262802243232727,1.6250914335250854,2.6630685329437256,0.5541162490844727,0.31010937690734863,2.5358147621154785,0.5181122422218323
93,0.0001,0.25300254225730895,0.8365303141323785,0.3314108829029271,0.7708351449122579,0.8657190385980601,32.80790114402771,0.11933359975616137,0.09601526043067375,0.0679286066442728,0.11718862963219484,0.11933359975616137,0.5695313533147176,0.13022618655298576,0.12951815189396748,0.06131541997682853,0.11959634025077351,0.13022618655298576,0.524444966042628,0.9249515533447266,0.7021176218986511,0.8698394298553467,1.3536230325698853,1.6411503553390503,0.5280495882034302,1.6361314058303833,2.6969642639160156,0.5571312308311462,0.32916346192359924,2.5959055423736572,0.5263643264770508
94,0.0001,0.240139310558637,0.8503790216790896,0.27015072840159055,0.8397681250314104,0.9122111019041257,30.178979873657227,0.11477346060176691,0.09333180269847313,0.06786383750538032,0.11848558795948823,0.11477346060176691,0.5884012634555499,0.12297501586011199,0.1085435265644652,0.0672980228164157,0.12024202918420072,0.12297501586011199,0.5943598004638172,0.928906261920929,0.7074094414710999,0.8741353154182434,1.3626883029937744,1.6471619606018066,0.5318502187728882,1.6336898803710938,2.704190731048584,0.561123251914978,0.33634525537490845,2.5788447856903076,0.5308064222335815
95,0.0001,0.22072890599568684,0.868420937541203,0.33758218977294985,0.7742083611517303,0.870294226120415,31.420507669448853,0.11197379007935523,0.0816602003450195,0.06594969754417737,0.11645925678312778,0.11197379007935523,0.5971398363510768,0.12755050766663473,0.14413659836425155,0.07484148027466946,0.11565918316606616,0.12755050766663473,0.5755936767234177,0.9294975996017456,0.7040358185768127,0.8782461285591125,1.3700892925262451,1.6528668403625488,0.5339429378509521,1.6231169700622559,2.716956377029419,0.5622285604476929,0.331186443567276,2.5732004642486572,0.5327708125114441
96,0.0001,0.21775201310714085,0.8694735278939434,0.3667806919480934,0.746149409026032,0.8513209915411465,29.43505096435547,0.11061846228937308,0.08167785089462995,0.06616879012435675,0.11342111739019553,0.11061846228937308,0.6100590080022812,0.140975685759646,0.14725419817889324,0.08787954671949637,0.10832305105983234,0.140975685759646,0.5805467982761195,0.9271477460861206,0.7097788453102112,0.8814032077789307,1.3683772087097168,1.6781388521194458,0.5368914008140564,1.619852066040039,2.717745304107666,0.5643432140350342,0.32644033432006836,2.5668985843658447,0.5373132228851318
97,0.0001,0.2288803316652775,0.8541353793418852,0.26118842451298824,0.8403754061795128,0.9126970903066336,32.99880599975586,0.11561569708089034,0.08779133583108584,0.06490704777340094,0.11371424496173858,0.11561569708089034,0.5874105093379816,0.1262330175911794,0.1002955192425212,0.05140070867587308,0.12143954231602247,0.1262330175911794,0.5385485565076109,0.9239604473114014,0.712454617023468,0.8851671814918518,1.36052405834198,1.6838033199310303,0.5409322381019592,1.630361795425415,2.735426664352417,0.5670587420463562,0.3201158344745636,2.59560489654541,0.5411336421966553
98,0.0001,0.20259932031234104,0.8795986892311408,0.3013290877713532,0.8147544734644963,0.896737094857234,28.128750801086426,0.11080721616744996,0.07837387739370266,0.06517586105813583,0.11423318920036157,0.11080721616744996,0.596661052107811,0.13145737545412095,0.12053940078762711,0.05806889226202105,0.11572373450779525,0.13145737545412095,0.5391795234602006,0.9249001741409302,0.7151817083358765,0.8884031176567078,1.3799166679382324,1.6961619853973389,0.5431274175643921,1.623154878616333,2.73268461227417,0.5693891644477844,0.31163692474365234,2.5839288234710693,0.5407956838607788
99,0.0001,0.20894358431299528,0.8776500040132038,0.2735891642629123,0.8324372307403333,0.9076205713896789,29.866355895996094,0.10937378704547882,0.08014386699845394,0.06434751357883214,0.11467860316236814,0.10937378704547882,0.6078213140368461,0.11841094640434766,0.10563005519206406,0.0603182496594601,0.11585612155374933,0.11841094640434766,0.5859344601631165,0.9252004027366638,0.7144550681114197,0.8914869427680969,1.376067042350769,1.6975492238998413,0.5448852181434631,1.6297532320022583,2.7432844638824463,0.5724164247512817,0.2968749403953552,2.5688912868499756,0.5439297556877136
100,0.0001,0.2055155761539936,0.8732182337473885,0.39875473497343844,0.7517478397420974,0.8541592630877165,30.479262113571167,0.11103818528354167,0.07955890049537023,0.06310061359157165,0.11679292966922124,0.11103818528354167,0.6019701585173607,0.14653480834648258,0.14733453253742124,0.05010598421585365,0.1128743227388038,0.14653480834648258,0.44677497812959016,0.9281864762306213,0.7181984186172485,0.8940480947494507,1.392867922782898,1.7011792659759521,0.5467632412910461,1.648513674736023,2.7546281814575195,0.5752231478691101,0.29481491446495056,2.5825369358062744,0.5484648942947388
101,0.0001,0.21098235324025155,0.8694122216299945,0.30519207970040746,0.8100300114921699,0.8938493316817125,34.38388156890869,0.1122135017067194,0.08310768678784371,0.06484437628338734,0.11546715262035528,0.1122135017067194,0.591831470032533,0.12249946252244417,0.13228559762728018,0.08868243276584344,0.11898891383507212,0.12249946252244417,0.6481507488938628,0.9252723455429077,0.7205217480659485,0.8983332514762878,1.3879776000976562,1.7174835205078125,0.5493248701095581,1.6520947217941284,2.7653024196624756,0.5783343315124512,0.2893618643283844,2.566643238067627,0.5501745939254761
102,0.0001,0.19153960620363553,0.8880996382044104,0.24922189043193568,0.8546632903945138,0.9208671492883785,36.21305823326111,0.10700186205406984,0.07418397522221008,0.06378104624648889,0.1176142543554306,0.10700186205406984,0.6182715386152268,0.1125739221690131,0.09733886894632558,0.06709508402425735,0.12220672957721304,0.1125739221690131,0.6186699222345822,0.9273762702941895,0.7203531265258789,0.9012207984924316,1.4008592367172241,1.728357195854187,0.5508114695549011,1.6589633226394653,2.77839732170105,0.5793799161911011,0.28557929396629333,2.577451467514038,0.5517879724502563
103,0.0001,0.19256017208099366,0.8849508148374489,0.27147561336149933,0.8226822111081005,0.9015975656677974,33.67602515220642,0.10528805802265803,0.0759693890189131,0.0643082577114304,0.1164444375783205,0.10528805802265803,0.6286313394705455,0.11926265525036171,0.10530093471046353,0.05816153473541385,0.11892268037209745,0.11926265525036171,0.5743650002557723,0.9258928894996643,0.7189104557037354,0.9037176370620728,1.3916743993759155,1.7258728742599487,0.5524340271949768,1.6432650089263916,2.7726430892944336,0.5817252993583679,0.2793015241622925,2.569361686706543,0.5530520081520081
104,0.0001,0.19691309183835984,0.8808195504804064,0.2877787415121422,0.8244155580018231,0.9027768875076826,38.03401446342468,0.10719670156637827,0.07943918878833453,0.061203804425895215,0.11526438854634762,0.10719670156637827,0.6173962920904159,0.12229359137718795,0.11110830942138297,0.061544349325484915,0.11484987117716523,0.12229359137718795,0.5653080168317576,0.9285693168640137,0.7220220565795898,0.9081841111183167,1.3916875123977661,1.7378597259521484,0.5547447204589844,1.6454004049301147,2.7798054218292236,0.58304363489151,0.2792072594165802,2.5750465393066406,0.5536483526229858
105,0.0001,0.20152437314391136,0.8735937705916821,0.2703823520511877,0.8453388253766241,0.9154917296840542,32.921385765075684,0.11030950409670671,0.08034507520496845,0.0636369671051701,0.11975739449262619,0.11030950409670671,0.6068114499251048,0.13542132788017147,0.0993476678602031,0.0473386892041222,0.11357613762871163,0.13542132788017147,0.4860855839291557,0.9295439720153809,0.7277496457099915,0.9113613367080688,1.3975640535354614,1.7450109720230103,0.5567616820335388,1.6597979068756104,2.7826428413391113,0.585969865322113,0.2763689458370209,2.5704894065856934,0.5556102991104126
106,0.0001,0.19362660696109135,0.8818648141399322,0.27063062933624765,0.8327095200773801,0.9076258404235258,31.717675924301147,0.10761996656656266,0.07646996652086575,0.061203172678748766,0.1193274736404419,0.10761996656656266,0.6176946257551511,0.11494523042538127,0.11370535854433404,0.057076826325205506,0.12238514081376498,0.11494523042538127,0.6019877850032244,0.9284934401512146,0.7278982400894165,0.9138841032981873,1.4016305208206177,1.7549649477005005,0.5588417053222656,1.6543642282485962,2.790475606918335,0.587291955947876,0.2678239345550537,2.5795187950134277,0.5584819316864014
107,0.0001,0.18910756272574267,0.8874551262718368,0.25073263097981935,0.8503388144358159,0.9183949943850022,31.84588932991028,0.10446944745878378,0.07489737955232462,0.0611090749502182,0.12008988695840041,0.10446944745878378,0.6301306749383608,0.11240256028097184,0.10763331368321279,0.06641106930423955,0.12134330487642132,0.11240256028097184,0.6478567563119482,0.9285143613815308,0.7268990278244019,0.9167157411575317,1.4013714790344238,1.7572258710861206,0.5617325305938721,1.6572870016098022,2.799013614654541,0.589802086353302,0.262076199054718,2.571983575820923,0.5633000135421753
108,0.0001,0.19526449988285702,0.8771959341819185,0.28426737032952853,0.8293053243239966,0.9057420468401733,29.841615676879883,0.10861505803962548,0.0803326228633523,0.06331080521146457,0.11896608384946981,0.10861505803962548,0.6147788166999817,0.12315838820621615,0.11281879331733359,0.06318161978584821,0.11456701293831965,0.12315838820621615,0.6019875846925329,0.9266796708106995,0.7306051254272461,0.9196255803108215,1.392385721206665,1.7609833478927612,0.5629116892814636,1.658738374710083,2.799862861633301,0.5920442342758179,0.2596396207809448,2.573411703109741,0.5668619871139526
109,0.0001,0.19404140363136926,0.8830251297218659,0.2398819381096324,0.846909745426056,0.9155907517462542,29.412023305892944,0.1076566348473231,0.07687728224943081,0.0624899689729015,0.11809756507476171,0.1076566348473231,0.6170488824446996,0.11912911641793172,0.10342392642967037,0.05498004802426354,0.12474706414781633,0.11912911641793172,0.6079580715445222,0.9312010407447815,0.7323986291885376,0.9214498996734619,1.3881157636642456,1.7735066413879395,0.5646187663078308,1.6761672496795654,2.806321382522583,0.5946528315544128,0.26630496978759766,2.589123487472534,0.5730122923851013
110,0.0001,0.18700774237513543,0.880156907404604,0.27132203906285957,0.8369644711330267,0.9106615262727616,32.50549101829529,0.10638150063653787,0.07554139848798513,0.06226338545481364,0.11883861298362414,0.10638150063653787,0.6243075291315715,0.11636603330491019,0.1152758147628581,0.07226636908093437,0.12187264590966897,0.11636603330491019,0.6406402509720599,0.9327369332313538,0.7359902262687683,0.9244096875190735,1.3960567712783813,1.773730993270874,0.5674802660942078,1.6896743774414062,2.8168511390686035,0.5983379483222961,0.2646075487136841,2.5951993465423584,0.5774252414703369
111,0.0001,0.18155559363464516,0.8899237948742696,0.2720188066119053,0.8427892360122953,0.9139279421947876,33.897175550460815,0.10325775550057491,0.07343441701183716,0.06203334312886,0.12010136917233467,0.10325775550057491,0.6399384409189224,0.11627562490643048,0.11602157696348722,0.05356542387458145,0.12137953521775417,0.11627562490643048,0.6103884245528549,0.9322967529296875,0.7378419041633606,0.9270819425582886,1.4016191959381104,1.7846593856811523,0.5689648389816284,1.6708155870437622,2.82421612739563,0.599361002445221,0.26153653860092163,2.593552589416504,0.5779883861541748
112,0.0001,0.1792106141646703,0.8908460311552314,0.25184673168620125,0.8385893139166606,0.9108929102892651,29.98067808151245,0.10278384250899156,0.07336802184581756,0.061180538249512514,0.11645859417816003,0.10278384250899156,0.6426596373319626,0.10846859802965259,0.10841776943597638,0.05951063982287391,0.11690780386084416,0.10846859802965259,0.6382009387016296,0.9321547150611877,0.7418088912963867,0.9294884204864502,1.4049264192581177,1.793992519378662,0.5720689296722412,1.6679562330245972,2.8182802200317383,0.6021910309791565,0.25477975606918335,2.5792479515075684,0.5796436667442322
113,0.0001,0.1748816651602586,0.8956904110964181,0.25179462843253964,0.8440170112407637,0.9148224822300606,30.86247706413269,0.10428968823204438,0.07157449641575415,0.06064830118169387,0.1190326018879811,0.10428968823204438,0.6342668563127518,0.11172916654680597,0.1108791359135362,0.06325401829891518,0.12152575347267214,0.11172916654680597,0.6267010530487436,0.931104838848114,0.7434553503990173,0.9329262971878052,1.4028456211090088,1.8002310991287231,0.5737142562866211,1.6743651628494263,2.8209269046783447,0.6044325828552246,0.25268200039863586,2.5863914489746094,0.5825594067573547
114,0.0001,0.1832499417165915,0.881788406724237,0.2635254234564109,0.8385708865541462,0.9114823969647511,30.27951431274414,0.10390953936924537,0.07690336182713509,0.06118896870563428,0.11631458923220635,0.10390953936924537,0.6410729254285494,0.11832823164638925,0.11230163447192458,0.0635179526737479,0.11224561807562093,0.11832823164638925,0.6108396620046898,0.9326924681663513,0.744398832321167,0.9365453720092773,1.4095487594604492,1.793838620185852,0.575470507144928,1.664411187171936,2.8256235122680664,0.6081864833831787,0.25090715289115906,2.590348958969116,0.5854848027229309
115,0.0001,0.19365322490533193,0.8775748328132028,0.3043370999273707,0.7970353363733987,0.885406511378249,34.084988594055176,0.10616144115726153,0.07949845890204112,0.05944229867309332,0.1182803684224685,0.10616144115726153,0.6192836418747902,0.1417279630655148,0.12992284288171863,0.07733899501503491,0.1151346365203623,0.1417279630655148,0.550900860888059,0.9355800151824951,0.7474108338356018,0.936601996421814,1.4157893657684326,1.8098692893981934,0.5776352882385254,1.6757550239562988,2.837486743927002,0.610977828502655,0.24853749573230743,2.5995707511901855,0.5847491025924683
116,0.0001,0.18727566190063955,0.8813318668166394,0.3112481510052916,0.7762703305974541,0.8722591735077163,33.51225733757019,0.10754404192169507,0.07799967800577481,0.060464898124337196,0.12048760677377383,0.10754404192169507,0.6186709900697073,0.13062526994064205,0.13639358595990744,0.08351533053839794,0.12318139608766211,0.13062526994064205,0.6176422785540097,0.9305264949798584,0.7490347027778625,0.9389330148696899,1.4106731414794922,1.8064199686050415,0.5797166228294373,1.6875859498977661,2.845010280609131,0.6114262342453003,0.25022512674331665,2.6036438941955566,0.5869327783584595
117,0.0001,0.17430547860761483,0.8953297670450456,0.250909546603922,0.8529411563083988,0.9199599291796452,30.547990083694458,0.10344990063458681,0.07293483863274257,0.06107759388784568,0.1234454029550155,0.10344990063458681,0.6390725304683049,0.12379865739189211,0.10265214961083209,0.04901112567205898,0.12620902659951663,0.12379865739189211,0.5600961231794513,0.929918110370636,0.7500634789466858,0.9411740899085999,1.408625841140747,1.8050172328948975,0.5817136168479919,1.6898959875106812,2.842837333679199,0.614058256149292,0.24282321333885193,2.5844578742980957,0.5888518691062927
118,0.0001,0.17482343142231305,0.8937312112580732,0.289518272779027,0.8150156425782641,0.8965419639266046,31.169405460357666,0.10120878008504709,0.0713966650267442,0.06036465484648943,0.12213490990300974,0.10120878008504709,0.6406645889083544,0.11973572436903344,0.11682816436056231,0.05089177105759011,0.11941755575234772,0.11973572436903344,0.5473584571822745,0.9315300583839417,0.7526482939720154,0.9431875348091125,1.4076600074768066,1.8105268478393555,0.5840135216712952,1.6979682445526123,2.856034755706787,0.6156173944473267,0.2454466074705124,2.6028096675872803,0.589238166809082
119,0.0001,0.19417996754248937,0.8725772594809545,0.26496654260353963,0.8322765224897344,0.9077285590672841,33.15387725830078,0.10730632704993089,0.0836028091609478,0.060850712656974795,0.12214154787361622,0.10730632704993089,0.6183355182409287,0.12840223959723457,0.10957982036911074,0.04792448206514609,0.12033998233373047,0.12840223959723457,0.5174635907665628,0.9355079531669617,0.7504563331604004,0.9444630742073059,1.416846752166748,1.8188822269439697,0.5856741666793823,1.6962409019470215,2.8655543327331543,0.6176949739456177,0.2517029643058777,2.6075682640075684,0.5923072695732117
120,0.0001,0.17748315793772537,0.8907639489025795,0.3578401168838876,0.7660649694062817,0.8651968158456232,30.924805879592896,0.10176397698620955,0.07249461440369487,0.06109907037268082,0.12183507345616817,0.10176397698620955,0.642975527048111,0.14068859400319272,0.16390706012483502,0.0748012835373644,0.11893158980080339,0.14068859400319272,0.5600845901692499,0.9316039681434631,0.7551400661468506,0.9464367032051086,1.412550687789917,1.8181180953979492,0.5874671936035156,1.7095023393630981,2.863101005554199,0.6209997534751892,0.25314077734947205,2.6158392429351807,0.5943312644958496
121,0.0001,0.17163758277893065,0.889597303191323,0.3034666708258332,0.799791431529869,0.8862700763080469,38.328287839889526,0.101820432767272,0.07522920525322357,0.06015454158186913,0.11971524693071842,0.101820432767272,0.6401793564359347,0.12647313172699975,0.13519683358122092,0.06924412888093073,0.11958921810642617,0.12647313172699975,0.5746424110209356,0.9271402359008789,0.759710967540741,0.9490381479263306,1.4196147918701172,1.833121657371521,0.589244544506073,1.702289342880249,2.8609890937805176,0.6197497844696045,0.2480480968952179,2.621354579925537,0.5956785082817078
122,0.0001,0.16484770911435287,0.8938834458146379,0.22811012104397915,0.8695922437890237,0.9299943566617865,34.58855485916138,0.09874838429192702,0.07267740424722433,0.05850860209514697,0.11652452896038691,0.09874838429192702,0.6489925454060237,0.10323026104540121,0.09847520261270101,0.050836925013143505,0.12046881154423854,0.10323026104540121,0.639599651586814,0.9270749688148499,0.7644731998443604,0.9504685401916504,1.4215883016586304,1.8345131874084473,0.5912480354309082,1.7089943885803223,2.858567714691162,0.6210330724716187,0.24457205832004547,2.6133854389190674,0.5965454578399658
123,0.0001,0.15622547206779322,0.9049218617735212,0.25494041354929814,0.8427553177129613,0.9138562007584773,35.54451775550842,0.09758660091708103,0.066497833840549,0.05773100685328245,0.1183776060740153,0.09758660091708103,0.6615933015942573,0.11207744943313912,0.11632361128681996,0.0662689626705451,0.11924243461890299,0.11207744943313912,0.6673065316481669,0.9233085513114929,0.7643399834632874,0.9528006911277771,1.4213820695877075,1.8342585563659668,0.5937516093254089,1.69716215133667,2.859670400619507,0.6229857206344604,0.23493729531764984,2.6015963554382324,0.5978313088417053
124,0.0001,0.15837492843468984,0.8981903633401852,0.25330703473481975,0.847128854486184,0.9165418584178937,37.69753646850586,0.09792145509272814,0.06837863909701507,0.05831044570853313,0.11668355986475945,0.09792145509272814,0.6491431201497714,0.11140826735340181,0.10965364072166506,0.05663440712406987,0.11660922904972171,0.11140826735340181,0.638817449085048,0.9220510125160217,0.7671738862991333,0.95506751537323,1.4132404327392578,1.8355499505996704,0.5956034064292908,1.6914318799972534,2.8561959266662598,0.6239782571792603,0.23257417976856232,2.6050877571105957,0.5991650223731995
125,0.0001,0.16762053283552328,0.8949686899812268,0.2717276029899472,0.8283412549674377,0.9045813785293121,35.74997806549072,0.09779314237336317,0.07209753698358932,0.05700379138191541,0.11699577681720257,0.09779314237336317,0.6516604234774908,0.10438463360559745,0.1186991021281383,0.06625003135595166,0.1205751793306382,0.10438463360559745,0.6873381538469283,0.9225521683692932,0.7716413140296936,0.9565972089767456,1.4224542379379272,1.841577172279358,0.5974026322364807,1.7028870582580566,2.8593780994415283,0.6235377788543701,0.23510706424713135,2.6146490573883057,0.6003047823905945
126,0.0001,0.1752230657885472,0.8843581601322033,0.26692516955195883,0.8251876692309237,0.9008367777901368,35.33610272407532,0.10157181601971388,0.07644664614150921,0.058117069552342096,0.12070992228885492,0.10157181601971388,0.6362350235382715,0.1220631080328441,0.11272164678475896,0.05188876781307283,0.12587212758963226,0.1220631080328441,0.6046010539179942,0.9204525947570801,0.7729244828224182,0.9584234952926636,1.3999056816101074,1.8534804582595825,0.599361777305603,1.7083430290222168,2.869321346282959,0.6240699291229248,0.22818559408187866,2.6344716548919678,0.6031438708305359
127,0.0001,0.17534362748265267,0.8854363639619692,0.2917253902701081,0.8125337821464944,0.8940762892600195,32.110236406326294,0.09797163972010216,0.08000170017282168,0.05812656929095586,0.12122233820458253,0.09797163972010216,0.6559148743748665,0.12006809342591489,0.1368342518317895,0.05193697398558992,0.12354280127853644,0.12006809342591489,0.5608125114050068,0.9196959733963013,0.7762362360954285,0.9607566595077515,1.3919543027877808,1.8596631288528442,0.5998592376708984,1.7084741592407227,2.88637638092041,0.6281850337982178,0.22463399171829224,2.653244972229004,0.6068707704544067
128,0.0001,0.16107823116083939,0.8983826965633199,0.27235104827607265,0.8218848378374108,0.9012645708182184,35.67940163612366,0.09826892440517744,0.07045531049370765,0.05723327652861675,0.11864400121072928,0.09826892440517744,0.660073435306549,0.11644916431825669,0.11574977526410682,0.05581190101191646,0.11519869355881801,0.11644916431825669,0.5808576189103674,0.9159117341041565,0.7787018418312073,0.9629607796669006,1.3958425521850586,1.8584606647491455,0.6014335751533508,1.700765609741211,2.8917877674102783,0.6313190460205078,0.21849490702152252,2.6381030082702637,0.6068165898323059
129,0.0001,0.16191621584196886,0.9011639186494944,0.27888512464820364,0.8161820128968426,0.8973928584527734,33.50874447822571,0.09590603926529487,0.06943622777859369,0.057248310185968876,0.11933141549428304,0.09590603926529487,0.6671901439627012,0.11243936590483931,0.12748227818090407,0.05395581017507881,0.12032672860583321,0.11243936590483931,0.5975498166240629,0.9149219393730164,0.7781566977500916,0.964464008808136,1.3947263956069946,1.855676531791687,0.6033874750137329,1.7014565467834473,2.8894944190979004,0.6317088007926941,0.21371442079544067,2.6337060928344727,0.6075891852378845
130,0.0001,0.16369605598350365,0.8980733156243094,0.24788025387975035,0.8396578107152363,0.9116245364441928,33.738123655319214,0.09451381582766771,0.07185239059229692,0.05682362553973993,0.11575056140621504,0.09451381582766771,0.6657784307996432,0.10323396838102185,0.10904074545766486,0.05433105781185822,0.11891210799823042,0.10323396838102185,0.6777032916663123,0.9147731065750122,0.7792922258377075,0.9669982194900513,1.3995335102081299,1.8624194860458374,0.6048978567123413,1.7073041200637817,2.886892795562744,0.632197916507721,0.21054981648921967,2.6253292560577393,0.6091353893280029
131,0.0001,0.15643670049806435,0.8996527609061082,0.26955133774241463,0.8368841295070921,0.9100182820042501,31.19618558883667,0.09409835562109947,0.06958539535601933,0.058088532214363414,0.11444427830477556,0.09409835562109947,0.6695537070433298,0.11872237163488983,0.11509359579105846,0.055067322415406586,0.10814245509319619,0.11872237163488983,0.6153757249722716,0.9119764566421509,0.7786672115325928,0.9698851704597473,1.3984150886535645,1.8624951839447021,0.6064174771308899,1.7085193395614624,2.8799755573272705,0.634286642074585,0.20561125874519348,2.6165928840637207,0.6092728972434998
132,0.0001,0.15896403181056182,0.8965919153531412,0.2342316624326784,0.857414668512332,0.9225665552310545,34.51344561576843,0.09943034586807092,0.06931550949811935,0.05631863512098789,0.11459342452387015,0.09943034586807092,0.6589862788716953,0.10411965272954253,0.10170648210361356,0.049640753230110544,0.1108040709476002,0.10411965272954253,0.653155186137215,0.9096330404281616,0.7799839973449707,0.9706953763961792,1.4075807332992554,1.863415241241455,0.6084736585617065,1.704674482345581,2.8814406394958496,0.6363406777381897,0.20351672172546387,2.620195150375366,0.6096840500831604
133,0.0001,0.16144129000604152,0.8989565720250361,0.351326902870272,0.7517281471350123,0.8550718940776092,35.97127151489258,0.09333694446831942,0.06928615799794595,0.05487510350843271,0.11414349166055521,0.09333694446831942,0.6700240696469942,0.16992221650530082,0.1618676781654358,0.0360871505786161,0.11685388058912559,0.16992221650530082,0.40717887744063236,0.907215416431427,0.7803781628608704,0.9721912741661072,1.4085673093795776,1.865970253944397,0.6106520295143127,1.6996128559112549,2.8926846981048584,0.6388269662857056,0.19780579209327698,2.617353916168213,0.6112509965896606
134,0.0001,0.16366745953758557,0.8961328654128896,0.31537465922168045,0.7754834824929213,0.8708698698226283,31.705429553985596,0.09750521251310905,0.07187768742442131,0.05565976575016975,0.11720320644478004,0.09750521251310905,0.6589231272538503,0.11648867267077087,0.14065944122486426,0.059918909898546875,0.11390309805264238,0.11648867267077087,0.6301626084280796,0.9068783521652222,0.7824775576591492,0.9745163321495056,1.4006632566452026,1.8697580099105835,0.6132057309150696,1.7056297063827515,2.905705213546753,0.6407044529914856,0.19669635593891144,2.6273114681243896,0.6150391697883606
135,0.0001,0.16205548793077468,0.8965621602452936,0.25726645769643003,0.8346007497072923,0.9088301794791367,32.385315895080566,0.09654215251406034,0.07237050533294678,0.05677935313433409,0.11943266155819098,0.09654215251406034,0.6604172105590502,0.10665630378195497,0.11827636644488475,0.052657624370739106,0.12291293505762445,0.10665630378195497,0.6302005326161619,0.9062012434005737,0.7852803468704224,0.9761236906051636,1.4036097526550293,1.8777142763137817,0.6155281662940979,1.7120314836502075,2.9021694660186768,0.6438353657722473,0.197469562292099,2.637476921081543,0.6198264956474304
136,0.0001,0.15828424555559953,0.9013919429860279,0.24428957993866968,0.8461855074060611,0.9157783625833149,37.717289686203,0.09380834226806958,0.0711215146506826,0.05685143203785022,0.11462660866479078,0.09380834226806958,0.6744989986220996,0.1053772822755282,0.10795366959493669,0.053082959940198994,0.12246125252520451,0.1053772822755282,0.6422581301360833,0.9037936329841614,0.7862677574157715,0.9774650931358337,1.4080276489257812,1.8797402381896973,0.6170893311500549,1.7129676342010498,2.8903591632843018,0.6447331309318542,0.20101912319660187,2.624016046524048,0.621832549571991
137,0.0001,0.15174075067043305,0.9016286755456461,0.2424416647094195,0.8505193530778232,0.9186110308593693,38.969072341918945,0.0946747071420153,0.06890998470286529,0.05660191383212805,0.11622356846928597,0.0946747071420153,0.6709161673982939,0.10758410198766677,0.10227914814089166,0.04507985967593115,0.12287701031223672,0.10758410198766677,0.6263445244460809,0.9078465700149536,0.78690505027771,0.9786389470100403,1.4171435832977295,1.8728668689727783,0.6191495060920715,1.709970235824585,2.895082473754883,0.6459447741508484,0.19881318509578705,2.6295981407165527,0.6226574182510376
138,0.0001,0.15216830670833587,0.9020634302624084,0.23766884281009923,0.8615060902829339,0.9251997386184744,26.766169548034668,0.09721243722985189,0.06812654801954826,0.057246231287717816,0.11554772319893042,0.09721243722985189,0.6608154778679212,0.11515669646810313,0.10832606292650347,0.07270230755942766,0.11986708531125648,0.11515669646810313,0.6515848255548321,0.9048544764518738,0.7871074676513672,0.9802182912826538,1.4168870449066162,1.8671876192092896,0.6194856762886047,1.7113878726959229,2.901860237121582,0.6477920413017273,0.19462807476520538,2.629422426223755,0.6239418387413025
139,0.0001,0.14337883380552133,0.9078861514737137,0.25025720723339767,0.844880859015745,0.9152236816953486,30.458828926086426,0.09148012921214103,0.06429301506529252,0.05540032461285591,0.11581675596535206,0.09148012921214103,0.6825160374244054,0.11134914101147261,0.10809038530607692,0.04174822678820032,0.11486054553848798,0.11134914101147261,0.6006804211217849,0.9034894704818726,0.7852063775062561,0.9821877479553223,1.4136422872543335,1.8697865009307861,0.6216707825660706,1.7041382789611816,2.9022836685180664,0.6488487720489502,0.18928761780261993,2.634791135787964,0.6244149804115295
140,0.0001,0.1445376797268788,0.9108978854455693,0.23918662330166238,0.8613206057077433,0.9250049703878598,35.932302713394165,0.09015632532536984,0.06479577347636223,0.05488985404372215,0.11657307048638661,0.09015632532536984,0.6909655104080836,0.10308699639605694,0.10695720048712902,0.052144181655078635,0.11603574955561122,0.10308699639605694,0.6715057961276321,0.9066272974014282,0.7858503460884094,0.9836592674255371,1.405210018157959,1.8699404001235962,0.6229000687599182,1.7049651145935059,2.8977673053741455,0.6503185629844666,0.18727999925613403,2.62418270111084,0.6258514523506165
141,0.0001,0.14629891328513622,0.9032386914864006,0.25880949174771545,0.8456312610469555,0.9153766852812345,38.72720265388489,0.09022537569204966,0.06704345432420572,0.0542576739564538,0.11431360679368179,0.09022537569204966,0.6834736292560896,0.10402191857822606,0.11459177390473788,0.05344241167433926,0.11369493750275159,0.10402191857822606,0.6660973664189949,0.9075772166252136,0.7861793041229248,0.9836524724960327,1.4039241075515747,1.8748739957809448,0.6234701871871948,1.7107155323028564,2.8969366550445557,0.652445912361145,0.18428197503089905,2.6183953285217285,0.6259102821350098
142,0.0001,0.14645978497962156,0.905161929748708,0.27636466309672497,0.8139746972890614,0.8953788938766591,41.653905630111694,0.09031355163703363,0.06746390480548144,0.052492989661792916,0.11385465015967687,0.09031355163703363,0.6814379041393598,0.12446051518448063,0.10680625245707934,0.05053976446878715,0.11425199591722644,0.12446051518448063,0.5891459173843508,0.9031416773796082,0.7864996790885925,0.9855380058288574,1.3980183601379395,1.869488000869751,0.6249070763587952,1.7012020349502563,2.898329973220825,0.6537798047065735,0.18225376307964325,2.6252846717834473,0.6266869902610779
143,0.0001,0.14535636467238267,0.907943659257308,0.24771015370478394,0.8537011219174139,0.920540478521796,232.09410214424133,0.09124994619439046,0.06532293402900298,0.05410380369673173,0.11291369746128718,0.09124994619439046,0.6821591486533483,0.10419941070626994,0.11004902691137596,0.04945276140189562,0.11848978160834703,0.10419941070626994,0.6527016856631295,0.9028865098953247,0.7879230976104736,0.9872837662696838,1.4055986404418945,1.8726810216903687,0.6260254979133606,1.7013424634933472,2.8960471153259277,0.6551668643951416,0.18270567059516907,2.633613109588623,0.6309838891029358
144,0.0001,0.14236454938848814,0.9103040368127888,0.24569840509383406,0.8562255575402081,0.9219962042618279,184.0112771987915,0.08961111487199863,0.06496219815065464,0.053940139214197796,0.11677701957523823,0.08961111487199863,0.6847607632478078,0.1005889888181061,0.1058676728948218,0.0566049183978409,0.11636084916650272,0.1005889888181061,0.7019343327303402,0.8994393944740295,0.7870811820030212,0.9894752502441406,1.4010387659072876,1.8790093660354614,0.6269534826278687,1.6959179639816284,2.894166946411133,0.6561464071273804,0.1802324652671814,2.633136749267578,0.6302201151847839
145,0.0001,0.1470614564915498,0.9035436009478526,0.2384050779166769,0.8574576984384161,0.9225969875221092,143.68567061424255,0.09344075601547956,0.06701391357928514,0.05309882300595443,0.11453197970986366,0.09344075601547956,0.6790225505828857,0.10715852848819045,0.10961226923543899,0.04456962119849002,0.11253468753373036,0.10715852848819045,0.6230354660847148,0.8963064551353455,0.7882158756256104,0.9915875792503357,1.4007583856582642,1.880244255065918,0.6286416053771973,1.697139024734497,2.8971176147460938,0.6563518047332764,0.18497197329998016,2.623507022857666,0.6312546133995056
146,0.0001,0.1415574160714944,0.9104767296663894,0.23944848507154184,0.8543294899621877,0.9209148162090626,85.90379571914673,0.0914308254296581,0.06410040203481912,0.0549875995144248,0.11433330091337363,0.0914308254296581,0.6815928434332211,0.09882214201278373,0.10195931755617017,0.05973693991049391,0.11510505832609583,0.09882214201278373,0.7130896546801583,0.8935660719871521,0.7867709398269653,0.993909478187561,1.4014509916305542,1.8715921640396118,0.6301555633544922,1.7055110931396484,2.902963399887085,0.658801794052124,0.1828250139951706,2.6282737255096436,0.6324905753135681
147,0.0001,0.13777689884106317,0.9127829523193559,0.2338799685239792,0.8545839379414675,0.9207918605832467,158.9958474636078,0.08883439544588327,0.06412461797396342,0.05352910316238801,0.11539511072138946,0.08883439544588327,0.6911357636253039,0.1098020257519894,0.1001312225202068,0.04206998750078873,0.11682772563129175,0.1098020257519894,0.6160740344250788,0.8888178467750549,0.7868253588676453,0.9949540495872498,1.3970304727554321,1.8769198656082153,0.6313766241073608,1.6940737962722778,2.9039173126220703,0.6601179838180542,0.1784103363752365,2.617889881134033,0.6330578923225403
148,0.0001,0.1394016069670518,0.9109403621529295,0.2627337328234657,0.8407297501918518,0.912224884708673,176.60402584075928,0.08846439042439064,0.06397595635304848,0.05246807802468538,0.11418669956425825,0.08846439042439064,0.6979867840806643,0.110997630191631,0.12376081308380502,0.04759543523436687,0.11640256130304492,0.110997630191631,0.6208271765318073,0.8851929306983948,0.7890450358390808,0.9959469437599182,1.3986449241638184,1.8747011423110962,0.6330028772354126,1.680485486984253,2.9014503955841064,0.6612517833709717,0.17779366672039032,2.6143078804016113,0.6333568692207336
149,0.0001,0.1386429247756799,0.9113540459786543,0.2834157762957401,0.8124126770662811,0.895448736700382,55.19233226776123,0.08854669810583195,0.06393712948386868,0.05280263541887204,0.11588612596193949,0.08854669810583195,0.6930028706789017,0.16685778049171948,0.12619891811589726,0.09247495979070663,0.11549016210387965,0.16685778049171948,0.5434174439946159,0.8833990097045898,0.7901075482368469,0.9962787628173828,1.3929651975631714,1.8726537227630615,0.6342688798904419,1.6829054355621338,2.9016547203063965,0.6628904342651367,0.1752682328224182,2.6144328117370605,0.6353714466094971
150,0.0001,0.14242421425879,0.9100606226069858,0.2455008193606236,0.8492795897863352,0.9180796515326446,62.79193949699402,0.08706869706511497,0.06511060564468305,0.05266674440354109,0.11503683055440585,0.08706869706511497,0.693908836444219,0.10164318099373677,0.11427720660557512,0.05131613170025778,0.11545896114873104,0.10164318099373677,0.660829879221369,0.8826742768287659,0.7925612926483154,0.9979879856109619,1.3941497802734375,1.8822916746139526,0.6352906823158264,1.6836903095245361,2.906571388244629,0.6638212203979492,0.17590166628360748,2.607882261276245,0.6367093920707703
151,0.0001,0.1481014824161927,0.9024241392877624,0.2413703848104008,0.843397242939391,0.9138447603920005,95.91849040985107,0.09073867549498876,0.07042886465787887,0.05244728519270817,0.1087352982411782,0.09073867549498876,0.6845992068449657,0.10235478374801699,0.11572824540685435,0.061975740751282114,0.11072628590904299,0.10235478374801699,0.6918993113470859,0.8785331845283508,0.7917336821556091,0.9992454051971436,1.3955177068710327,1.8820828199386597,0.6364903450012207,1.680368423461914,2.9021711349487305,0.664878785610199,0.17541417479515076,2.599317789077759,0.6381886601448059
152,0.0001,0.14927564486861228,0.9010178947524052,0.2697932153451638,0.8201271981495368,0.8999848297390228,176.55365681648254,0.09328922138859828,0.0672707005403936,0.05346302079657714,0.10873198683063189,0.09328922138859828,0.6761161531011264,0.11235623073871018,0.13154108993342664,0.05121020923872463,0.11762923527447904,0.11235623073871018,0.6417361224283937,0.8777807354927063,0.7926516532897949,1.0013946294784546,1.3996129035949707,1.8879529237747192,0.6378493309020996,1.6545846462249756,2.911527633666992,0.6661120057106018,0.17201711237430573,2.6133852005004883,0.6393436789512634
153,0.0001,0.1509709080060323,0.8958275282750497,0.32092932648346073,0.7668176177337243,0.8636448888637007,176.90339064598083,0.0896082483852903,0.0704621959477663,0.052431982941925526,0.11365846917033195,0.0896082483852903,0.6842188050349554,0.12757741440026488,0.1553815920821956,0.06855511115711244,0.11014444722992475,0.12757741440026488,0.596390429090281,0.8759380578994751,0.7948685884475708,1.0024818181991577,1.3949944972991943,1.8933345079421997,0.6395052671432495,1.663826823234558,2.9182677268981934,0.6667429208755493,0.17615996301174164,2.614316463470459,0.6411551833152771
154,0.0001,0.14073015910883743,0.909483713614596,0.2770882649499862,0.8262272050091033,0.9040548481140979,163.7190637588501,0.08709200428177913,0.06398225451509158,0.05320104087392489,0.11525496194760004,0.08709200428177913,0.6979433804750442,0.13186483659216616,0.13107634616679834,0.08036993676033176,0.11535868915866633,0.13186483659216616,0.6193971917277477,0.8743634223937988,0.795895516872406,1.0044552087783813,1.399048924446106,1.8979567289352417,0.6412792801856995,1.676062822341919,2.9180397987365723,0.6687400341033936,0.18142955005168915,2.6021199226379395,0.6438515186309814
155,0.0001,0.13368000996609528,0.9138164220032973,0.2805881808038618,0.8088777961065429,0.8933103499386739,124.37632369995117,0.08719936025639376,0.06262998301535845,0.051088616251945496,0.1122223637998104,0.08719936025639376,0.7034699479738872,0.12066084915985827,0.1386126487470064,0.07132062951072318,0.10398125184364006,0.12066084915985827,0.6393787899955374,0.8747909069061279,0.795514702796936,1.0068007707595825,1.400446891784668,1.893970012664795,0.6427687406539917,1.6662660837173462,2.919151544570923,0.6692662835121155,0.17520350217819214,2.6011314392089844,0.6441323161125183
156,0.0001,0.14194295269747575,0.9088368364501854,0.26364956209894086,0.8335109124094514,0.9084425948014923,182.21225094795227,0.08962667100131512,0.06507132848103842,0.051393994875252244,0.11348979845643044,0.08962667100131512,0.6756284321347873,0.10910919846081343,0.12416407307151889,0.06340870896323783,0.11484602863182787,0.10910919846081343,0.6762138497634013,0.8733859062194824,0.7983746528625488,1.0074418783187866,1.3984076976776123,1.902232050895691,0.6447624564170837,1.6833339929580688,2.930868148803711,0.6717212796211243,0.18126432597637177,2.60209321975708,0.647268533706665
157,0.0001,0.1339314326643944,0.9132456110739328,0.31355655877316585,0.7944441108268336,0.8840923867281497,112.40507173538208,0.08659420721232891,0.06285889772698283,0.0528585963572065,0.11532675065100192,0.08659420721232891,0.6920856108268102,0.14086922148212058,0.14050638284839567,0.03533391281962395,0.10476515637558015,0.14086922148212058,0.5155718854216279,0.8736041188240051,0.7956732511520386,1.0091103315353394,1.3984525203704834,1.9043713808059692,0.6460139751434326,1.6779742240905762,2.9257829189300537,0.6737343072891235,0.18239933252334595,2.598973274230957,0.6492972373962402
158,0.0001,0.1374524046977361,0.9119845977688058,0.23553798237784965,0.8573396192334839,0.9224126593548434,116.93185210227966,0.08954239934682846,0.06322865790377061,0.05351812932640314,0.11058715308705966,0.08954239934682846,0.6971457829078038,0.10592140550496149,0.11054448343691278,0.062129721411916077,0.11191840164485525,0.10592140550496149,0.684210542772637,0.8757838606834412,0.7964299917221069,1.010489583015442,1.4094318151474,1.9029853343963623,0.6473475098609924,1.673985481262207,2.921254873275757,0.6754437685012817,0.1822674721479416,2.602390766143799,0.6512847542762756
159,0.0001,0.13609074279665948,0.911135229179399,0.2324975174470026,0.859460565333055,0.9235947735386265,143.75240087509155,0.08440595287829637,0.06315541391571362,0.050713008269667625,0.10981407562891642,0.08440595287829637,0.704441578189532,0.09589886934053703,0.1073500636171122,0.04700243534123311,0.11252788845144335,0.09589886934053703,0.6831402250977813,0.8737794160842896,0.7978626489639282,1.0113719701766968,1.4048532247543335,1.9100538492202759,0.6476001739501953,1.6807445287704468,2.9270968437194824,0.6765375137329102,0.18335220217704773,2.592982053756714,0.6532335877418518
160,0.0001,0.13730115965008735,0.9105118477734632,0.3095720332176959,0.7722540311811983,0.8665997032847144,149.79915380477905,0.08857808901617924,0.06466053277254105,0.05232284553349018,0.11160536346336206,0.08857808901617924,0.6918518046538035,0.14334324796180256,0.1521682615285037,0.06559899931804078,0.10468613905984847,0.14334324796180256,0.5592610728545268,0.8739703297615051,0.7986956834793091,1.0117875337600708,1.3910064697265625,1.909559965133667,0.6490914821624756,1.6813671588897705,2.929244041442871,0.6772248148918152,0.18897777795791626,2.588517665863037,0.6552481055259705
161,0.0001,0.13962957796951134,0.9085283693166466,0.24880264284180814,0.848272413298726,0.9172461520113286,88.51267337799072,0.08715189024806022,0.06471465229988098,0.051439503642419976,0.11075950525701046,0.08715189024806022,0.6976360648870468,0.10527154485710331,0.11286510038571279,0.0596764579903884,0.10975472653498415,0.10527154485710331,0.683682707489514,0.8736588954925537,0.7986759543418884,1.013808012008667,1.4057950973510742,1.9093414545059204,0.6503341197967529,1.704209327697754,2.920125722885132,0.6792706251144409,0.19781698286533356,2.5882980823516846,0.6592264771461487
162,0.0001,0.1409855463852485,0.9087349160296921,0.3593740990904511,0.7485382882709414,0.8531525476397055,137.25163507461548,0.08641922138631344,0.06507780918230613,0.052383615945776306,0.11189721599221229,0.08641922138631344,0.6898513182997703,0.16077146007389317,0.1566373683878633,0.08204403666199231,0.10921457397644638,0.16077146007389317,0.5243196331086706,0.8754382729530334,0.7999444603919983,1.014936089515686,1.3983515501022339,1.9168426990509033,0.6529238224029541,1.6991379261016846,2.9291598796844482,0.6799338459968567,0.22820672392845154,2.588954210281372,0.6614538431167603
163,0.0001,0.1382178382327159,0.9107857951308296,0.2888254992297438,0.8130266764023812,0.8948941183838351,116.08196067810059,0.08552335451046626,0.06465366519987584,0.05148611149440209,0.10964961759746075,0.08552335451046626,0.7122748821973801,0.10608740163142563,0.14189057955976392,0.04462935934301283,0.11329983138158674,0.10608740163142563,0.6434746648444504,0.8746705651283264,0.8016552329063416,1.0158828496932983,1.4015953540802002,1.916298270225525,0.6541659832000732,1.6975982189178467,2.9228827953338623,0.6816703677177429,0.2256009578704834,2.5896310806274414,0.6638514399528503
164,0.0001,0.1434320118278265,0.9012565016030579,0.2320075516329437,0.8491615620063991,0.9177271710607661,66.19581747055054,0.08720591608434916,0.06945292043189208,0.051701270540555316,0.11091355755925178,0.08720591608434916,0.69207414239645,0.09718350308840393,0.10360912990863205,0.04951789779741256,0.11368995282005091,0.09718350308840393,0.7020298731131632,0.8736823201179504,0.802780032157898,1.0167914628982544,1.4063656330108643,1.9166944026947021,0.6556757092475891,1.6838372945785522,2.929002523422241,0.6849771738052368,0.23663324117660522,2.5931248664855957,0.6663948893547058
165,0.0001,0.1328186893214782,0.9165299042095951,0.2392951855893995,0.8505522284393,0.9188412969317244,32.056113958358765,0.08695320648451646,0.0624105374639233,0.051121697388589384,0.11081432265539964,0.08695320648451646,0.7024042665958404,0.0958505096982737,0.11105782514224287,0.04967425763607025,0.11119432722935911,0.0958505096982737,0.698613414021789,0.8722378611564636,0.803851842880249,1.0171854496002197,1.4143294095993042,1.9159824848175049,0.6566610336303711,1.6760804653167725,2.9269068241119385,0.685753345489502,0.22778519988059998,2.582563638687134,0.6676083207130432
166,0.0001,0.14664704042176405,0.8995701956066234,0.35145180440339885,0.7419733014843842,0.8482880061423489,42.490739822387695,0.08628146983683109,0.06875090170651674,0.04995691205064456,0.10868399466077487,0.08628146983683109,0.7027863388260206,0.11955614705554775,0.18694257052218327,0.06870338674940046,0.10810567340889915,0.11955614705554775,0.6270678668725685,0.8714423179626465,0.8033002018928528,1.0185372829437256,1.4191070795059204,1.9219530820846558,0.6575942635536194,1.6741271018981934,2.9252829551696777,0.6865085959434509,0.22673769295215607,2.595191717147827,0.6692284941673279
167,0.0001,0.14908135421574115,0.9018104716302674,0.29066870789058874,0.8175944727292002,0.8986112169859614,142.67791771888733,0.08984143448372682,0.06864981669932604,0.04980954546481371,0.10717774666845799,0.08984143448372682,0.6948884362975757,0.13500688689165427,0.12709188754441308,0.03533659057050455,0.10267284097241573,0.13500688689165427,0.5428238364516712,0.8725091814994812,0.8021928668022156,1.0190004110336304,1.4220516681671143,1.9304099082946777,0.6585752964019775,1.678836464881897,2.93131160736084,0.6894720196723938,0.23974314332008362,2.6143856048583984,0.673760175704956
168,0.0001,0.1548608098179102,0.8938747344011416,0.22721479735413536,0.8559202487563878,0.9217290272978568,56.60534691810608,0.09523002287993829,0.07294968273490668,0.052431759300331275,0.11336069318155448,0.09523002287993829,0.6665532951553662,0.0983646239657871,0.10967489539599809,0.06152386193881269,0.11438135998170884,0.0983646239657871,0.7033837095635836,0.868295431137085,0.8005315661430359,1.020300269126892,1.418806552886963,1.9303680658340454,0.6591338515281677,1.696657419204712,2.9494357109069824,0.6916258335113525,0.22823534905910492,2.623530387878418,0.6766242980957031
169,0.0001,0.1463458515703678,0.9025859693003906,0.24831417227377656,0.8393634374835929,0.9120821162853125,31.74941658973694,0.08777118474245071,0.06827500698467096,0.05155174961934487,0.11159267574548722,0.08777118474245071,0.6889359921216964,0.1012582254947209,0.11211362920823645,0.051839790627604625,0.11678928478819425,0.1012582254947209,0.6878366802559525,0.8650219440460205,0.8011371493339539,1.0214027166366577,1.41788911819458,1.9310520887374878,0.6606853604316711,1.6711297035217285,2.953544855117798,0.6921125054359436,0.22820620238780975,2.616096258163452,0.6779760718345642
170,0.0001,0.13372106949488322,0.9103019685805656,0.22542487426859434,0.858891632287577,0.9235158689884574,59.696035385131836,0.08423562825967869,0.0635830342459182,0.050269655386606854,0.11452920772135258,0.08423562825967869,0.7055685351292292,0.09285416222009503,0.10789108190868722,0.047965712112481476,0.12048547128673459,0.09285416222009503,0.695926305700521,0.8622281551361084,0.8003042340278625,1.0218340158462524,1.4208179712295532,1.9362285137176514,0.6622235774993896,1.6752935647964478,2.9575600624084473,0.6934261918067932,0.2225591540336609,2.614772319793701,0.6794116497039795
171,0.0001,0.13257366257409256,0.914842031393569,0.25049580462643356,0.8266086917252267,0.9037034194609493,138.9188151359558,0.08377004122982422,0.061552256283660726,0.05067805393288533,0.11391600457330545,0.08377004122982422,0.719799746076266,0.09889242846946247,0.11149768922172609,0.04551049004324147,0.11893991258789281,0.09889242846946247,0.685929928646713,0.8630155324935913,0.8004605174064636,1.0224721431732178,1.4208306074142456,1.9356893301010132,0.6638761758804321,1.6776652336120605,2.955368995666504,0.6952071189880371,0.21527747809886932,2.619737148284912,0.6811997890472412
172,0.0001,0.13533060277501743,0.909840114966533,0.25229712197037996,0.836565003288323,0.9098430290303172,118.36631560325623,0.0835834043721358,0.06549797834207614,0.050362387858331206,0.11016292286415895,0.0835834043721358,0.701818810403347,0.10889105950711203,0.11617350511130739,0.041413101016498005,0.11414506994798536,0.10889105950711203,0.6098254020096826,0.8607417345046997,0.804374098777771,1.0240572690963745,1.4223837852478027,1.9410426616668701,0.6649655103683472,1.6834453344345093,2.9553654193878174,0.6956835389137268,0.20378325879573822,2.615668296813965,0.6832550764083862
173,0.0001,0.1319130714982748,0.9164017994969632,0.24910739210785413,0.84405045611219,0.9145225692007729,127.90196466445923,0.08099326957017183,0.061695817050834496,0.04899048873533805,0.1123582179347674,0.08099326957017183,0.7176054199536641,0.10227316129403036,0.11219526821228325,0.05883898219612778,0.11191654107609733,0.10227316129403036,0.6933827537005065,0.8605000972747803,0.8030825853347778,1.024462342262268,1.4205482006072998,1.9366941452026367,0.6663047075271606,1.6955984830856323,2.954108238220215,0.6979617476463318,0.2022014707326889,2.607863187789917,0.6844379305839539
174,0.0001,0.1334106927116712,0.9120683316244678,0.2660148705615372,0.8282011870248706,0.9044822353996278,156.894207239151,0.08553382058938344,0.06269876000781854,0.05016203243285418,0.11148234866559506,0.08553382058938344,0.7073053563634555,0.11260591691634694,0.1183827289792358,0.04459870912012507,0.10770106657606657,0.11260591691634694,0.6301037034050363,0.860364556312561,0.8025472164154053,1.0252035856246948,1.4118493795394897,1.9418619871139526,0.6671738028526306,1.6977185010910034,2.950726270675659,0.6982294321060181,0.1928957998752594,2.6038851737976074,0.6850730180740356
175,0.0001,0.1302528265863657,0.9158659448797939,0.22226420044898987,0.8637655354645694,0.9263142121388296,145.32161593437195,0.08386735338717699,0.061444542619089285,0.04875159108390411,0.11309684825440249,0.08386735338717699,0.7183657457431157,0.09951471964843937,0.10444086533589442,0.04394952244445926,0.11491372595067884,0.09951471964843937,0.668086796510415,0.8629086017608643,0.8019055128097534,1.0256861448287964,1.4131604433059692,1.9437075853347778,0.6682530641555786,1.694153070449829,2.9559638500213623,0.6990617513656616,0.18489190936088562,2.5953898429870605,0.6847496628761292
176,0.0001,0.12474769949913025,0.9165482431298143,0.21985553864572868,0.8584043475662918,0.9233137518794635,124.24838376045227,0.08132978404561679,0.05959686953574419,0.049015961463252704,0.11440736080209414,0.08132978404561679,0.7251203010479609,0.09390599732516242,0.10519982288118268,0.044261990023441,0.1161441542818898,0.09390599732516242,0.7037483531920636,0.8591940402984619,0.8025393486022949,1.025903344154358,1.4102402925491333,1.9447654485702515,0.6696902513504028,1.6884796619415283,2.9538798332214355,0.7002770304679871,0.17111040651798248,2.593536615371704,0.68595290184021
177,0.0001,0.1258252120266358,0.9206265951960471,0.6203380161132969,0.5998272901498396,0.738749344869523,193.00417065620422,0.07802478646238645,0.05978968627750873,0.04722386635839939,0.11333659924566745,0.07802478646238645,0.729494912425677,0.23906461186096317,0.23663211308541846,0.030426748890857228,0.10325497388839722,0.23906461186096317,0.3622438428831882,0.8564313054084778,0.8006885051727295,1.027362585067749,1.392076015472412,1.9429470300674438,0.6701250672340393,1.684362769126892,2.949260711669922,0.6997170448303223,0.16423477232456207,2.5885679721832275,0.685749888420105
178,0.0001,0.1335146751254797,0.9110577041088044,0.22374541715520327,0.8604827792560718,0.9242635863029728,68.88812613487244,0.08247658188144366,0.06385807953774929,0.047928232699632645,0.11346865805486837,0.08247658188144366,0.7218906233708063,0.10072650516130885,0.09980302291815399,0.057978302790004696,0.11752136918853541,0.10072650516130885,0.7144681830875209,0.8594277501106262,0.8030436038970947,1.0282673835754395,1.39456045627594,1.9439232349395752,0.6713929176330566,1.6768248081207275,2.9577786922454834,0.7014973163604736,0.16735677421092987,2.5950942039489746,0.687156081199646
179,0.0001,0.12835332316656908,0.9154909865300063,0.24036064890564465,0.8447102499061312,0.9150298505024282,36.388336181640625,0.08212872967123985,0.06093193646520376,0.04773299756149451,0.11266595224539439,0.08212872967123985,0.7123049845298132,0.10144466772431233,0.11325390282712999,0.04463286594044967,0.11405208303791578,0.10144466772431233,0.6768600452141683,0.8621640205383301,0.8035383224487305,1.029308795928955,1.400630235671997,1.9465705156326294,0.671991229057312,1.676257848739624,2.962254285812378,0.7023704051971436,0.15897372364997864,2.591583490371704,0.6886168718338013
180,0.0001,0.13386643230915068,0.9120420863619445,0.2362934546392472,0.8485885997046708,0.9174445735463697,88.29960370063782,0.0807288163031141,0.06250531487166881,0.046754873171448705,0.11168480751415094,0.0807288163031141,0.7165280804038048,0.11370842683999265,0.10500943159959356,0.040211329328232126,0.10483880951756337,0.11370842683999265,0.6151343339779338,0.8625251054763794,0.8039182424545288,1.030791163444519,1.4008104801177979,1.9489507675170898,0.6730340123176575,1.6746865510940552,2.972597599029541,0.7040943503379822,0.1521204262971878,2.591301679611206,0.6896249055862427
181,0.0001,0.126091326897343,0.9183335247415101,0.2473797214324357,0.8288612442212244,0.9041774584380047,119.63135170936584,0.08222405246148506,0.06001048510273298,0.04883550722151995,0.11198961573342482,0.08222405246148506,0.7223466813564301,0.1091495404233698,0.11541246842654025,0.06080510662715943,0.1066227351300052,0.1091495404233698,0.6649132791112681,0.8614941835403442,0.8031653165817261,1.0312703847885132,1.3980602025985718,1.947554349899292,0.6741081476211548,1.6610887050628662,2.969407796859741,0.7054903507232666,0.14515173435211182,2.579117774963379,0.6913493275642395
182,0.0001,0.117214959487319,0.9233056123093006,0.22057103646583245,0.8572919489608108,0.9227620017297405,154.34382557868958,0.0799013360713919,0.056722130812704566,0.048194133179883164,0.11404559041062991,0.0799013360713919,0.7223129610220591,0.09682346330802949,0.10402451089171112,0.05293011726414571,0.11601902080363914,0.09682346330802949,0.7126374997076441,0.8619169592857361,0.8039944171905518,1.0322691202163696,1.4009156227111816,1.9492592811584473,0.6747231483459473,1.6638771295547485,2.961400270462036,0.7064194679260254,0.13827866315841675,2.574580669403076,0.6923880577087402
183,0.0001,0.11688540801405907,0.923710214005767,0.2132900547785837,0.8659549703797338,0.927615166989178,168.100172996521,0.07638373337686062,0.05686546017726262,0.047857567109167574,0.11050236448645592,0.07638373337686062,0.7381131847699484,0.08991220740021252,0.09969965527292157,0.04366275869676324,0.1104566933678799,0.08991220740021252,0.7285487563883672,0.8596844673156738,0.8044478893280029,1.0323750972747803,1.3915492296218872,1.9409090280532837,0.6749012470245361,1.6678224802017212,2.957716941833496,0.7067877054214478,0.13153906166553497,2.567410707473755,0.6922492384910583
184,0.0001,0.12010939878722032,0.9213523076741228,0.21988368522925456,0.8628170122504647,0.9259388377800374,112.02151370048523,0.07798026079932849,0.058082813676446673,0.04669221434742212,0.10887290897468725,0.07798026079932849,0.7321369846661886,0.09135662825381169,0.1019792366223257,0.04595953781829506,0.10896849253627121,0.09135662825381169,0.7292961917939733,0.8586990237236023,0.8052488565444946,1.0328623056411743,1.3923667669296265,1.9379593133926392,0.6762368083000183,1.662730097770691,2.952867031097412,0.7075199484825134,0.1252351850271225,2.5603671073913574,0.6928985118865967
185,0.0001,0.11946510126193365,0.9224583357100876,0.2216005413258662,0.8569641689711381,0.9223273733274027,109.82477259635925,0.08011601082980632,0.0564742721306781,0.04674543030560017,0.11014792360365391,0.08011601082980632,0.7254985203345616,0.09482169493300016,0.10938258127110903,0.05759912759798472,0.10894144851653302,0.09482169493300016,0.7325666722704153,0.8587067127227783,0.8052681684494019,1.033798336982727,1.386679768562317,1.9393037557601929,0.6774517893791199,1.6557903289794922,2.956156015396118,0.7078463435173035,0.12250328063964844,2.556210517883301,0.6932436227798462
186,0.0001,0.11752351994315784,0.9237203558573199,0.259361166201654,0.8352455635100776,0.9090910582016938,152.80050492286682,0.08176475912332534,0.05684301772465308,0.04811684116721153,0.10894243729611237,0.08176475912332534,0.7274865373969078,0.10567903567533024,0.11617772843016953,0.044118132503306276,0.10768813212386898,0.10567903567533024,0.6702253369034313,0.8560161590576172,0.8037242293357849,1.034632921218872,1.3907924890518188,1.9332613945007324,0.6786249279975891,1.6524698734283447,2.9523489475250244,0.7092639207839966,0.11931487172842026,2.550694227218628,0.6932819485664368
187,0.0001,0.1217199731618166,0.9214451498206793,0.22168783232813977,0.8592976961672654,0.9235992630511046,108.6854419708252,0.07989009078592062,0.05807250800232092,0.047214855129520096,0.10915521929661433,0.07989009078592062,0.7270370975136757,0.09332104088341603,0.10676041929448238,0.04053411785452092,0.10831921828574821,0.09332104088341603,0.7128666570929231,0.8554061651229858,0.8045756220817566,1.0350079536437988,1.3866018056869507,1.933417797088623,0.6789069175720215,1.6553130149841309,2.9549272060394287,0.7091007828712463,0.11548428982496262,2.5569963455200195,0.6939106583595276
188,0.0001,0.1221412818878889,0.9142597717576406,0.21607316419726513,0.8622378886275502,0.9254772748354702,167.21354722976685,0.07700741179287433,0.060122245488067466,0.04612980205565691,0.10894469569126765,0.07700741179287433,0.7313204179207484,0.09227522499248629,0.10072183022733594,0.05260804411573488,0.10777082465222625,0.09227522499248629,0.7430644836582121,0.8545752763748169,0.8045266270637512,1.0352222919464111,1.3820010423660278,1.9308494329452515,0.6794637441635132,1.6498929262161255,2.9469385147094727,0.710119366645813,0.11235114932060242,2.5431439876556396,0.6959546804428101
189,0.0001,0.11450214137633642,0.9252083547216093,0.22197544477025016,0.8649175302931483,0.9271777734617761,145.8448760509491,0.07445306287457545,0.0562091733639439,0.045824682464202245,0.10764908827841282,0.07445306287457545,0.7378114218513171,0.09506284164600685,0.10467681215434778,0.049938367038476664,0.11313988622583326,0.09506284164600685,0.729492443506835,0.855561375617981,0.8024683594703674,1.035876750946045,1.3799331188201904,1.9258358478546143,0.6806266903877258,1.6504446268081665,2.9457130432128906,0.7108935713768005,0.10860008746385574,2.5387561321258545,0.6969952583312988
190,0.0001,0.11172532178461551,0.9279500743348703,0.22485991066596547,0.86016324375824,0.9239906096024644,125.34732151031494,0.07691689829031627,0.05416890451063713,0.04594498705118895,0.10827089870969454,0.07691689829031627,0.7390661279360453,0.09566565175525478,0.10645824353225895,0.04561994866025253,0.11036421053233694,0.09566565175525478,0.7173170017414405,0.8517075777053833,0.8005125522613525,1.0360627174377441,1.3782668113708496,1.9244569540023804,0.681439220905304,1.6490122079849243,2.939697742462158,0.7123841047286987,0.10444306582212448,2.529935598373413,0.697934627532959
191,0.0001,0.1162221739689509,0.9264693725229131,0.2325041235470381,0.8487198472624564,0.917381068188351,161.00202870368958,0.07800135016441345,0.055563850017885365,0.04473556752006213,0.10634215101599694,0.07800135016441345,0.7309208085139592,0.09512207620456571,0.1149312256545317,0.04749226423560596,0.11131444329121074,0.09512207620456571,0.7276491649815293,0.8505123853683472,0.8003481030464172,1.0369020700454712,1.376072645187378,1.921069622039795,0.6822572946548462,1.6420950889587402,2.9370360374450684,0.7132293581962585,0.10224387794733047,2.5228970050811768,0.6986768245697021
192,0.0001,0.12364921942353249,0.9204848117967568,0.2437533555460758,0.8482713345535488,0.9174962038226832,157.69918489456177,0.0787329237908125,0.05986006588985523,0.04644050113856792,0.1077313835422198,0.0787329237908125,0.7377624213695526,0.11268000231414545,0.11637347692348918,0.05918477903135487,0.10456140620298073,0.11268000231414545,0.65678301013884,0.8492088913917542,0.801902174949646,1.0379178524017334,1.3799059391021729,1.924050211906433,0.6830322742462158,1.6454870700836182,2.9220387935638428,0.7140114307403564,0.10335676372051239,2.5241730213165283,0.6983602643013
193,0.0001,0.12367466365297636,0.9179098910183195,0.2238545280988099,0.8586869596725079,0.923533886016249,86.5644907951355,0.07635930155714353,0.0614803665317595,0.045732574661572774,0.11031714789569377,0.07635930155714353,0.7288090328375498,0.08969358464733498,0.10565988939316547,0.04832967462354019,0.111159405380976,0.08969358464733498,0.7439696534735257,0.8474867939949036,0.8020251989364624,1.0385702848434448,1.3775458335876465,1.927153468132019,0.6848901510238647,1.6510590314865112,2.914773941040039,0.7156810164451599,0.10295524448156357,2.524266242980957,0.6995862722396851
194,0.0001,0.13016531703372797,0.9132264082104371,0.23860391608027162,0.8471270903865832,0.9166016577593673,150.49333500862122,0.08173879645764828,0.06222465460499128,0.0457115367675821,0.1097908458362023,0.08173879645764828,0.7163614223400752,0.09338987679755101,0.11493382932709865,0.043693586817530335,0.11162523497812084,0.09338987679755101,0.6904776487194124,0.8478699326515198,0.801433265209198,1.0393917560577393,1.3637681007385254,1.9285732507705688,0.6855583786964417,1.6488560438156128,2.9272713661193848,0.7164193987846375,0.10151515156030655,2.5203487873077393,0.7016283273696899
195,0.0001,0.1271431792527437,0.9160275561193562,0.2288343699984863,0.8560825550711871,0.9215963893909677,152.59599804878235,0.0819773353015383,0.06043812800198793,0.04756853589788079,0.1116607528179884,0.0819773353015383,0.7258944963415463,0.08868507833265868,0.10812730061226204,0.043725001274562275,0.1096635962851712,0.08868507833265868,0.7263518825906222,0.849469780921936,0.8005162477493286,1.0399463176727295,1.3784090280532837,1.9282660484313965,0.687059760093689,1.649727463722229,2.938849925994873,0.7175248861312866,0.09913694113492966,2.5262699127197266,0.7024564743041992
196,0.0001,0.1126259408891201,0.9269464671227431,0.22423354890502867,0.8638232615020485,0.9262830275465029,111.30054807662964,0.07669246594111125,0.05520227275167902,0.04571509206046661,0.11006102412939071,0.07669246594111125,0.7357821817199389,0.09172786259260333,0.10455672168096558,0.05502262393959233,0.11263077987022087,0.09172786259260333,0.7383974937141918,0.8491910696029663,0.7995421886444092,1.0401971340179443,1.3774900436401367,1.9239873886108398,0.6871325373649597,1.6448971033096313,2.933155059814453,0.7177041172981262,0.09583179652690887,2.518397569656372,0.7029491662979126
197,0.0001,0.11313578970730305,0.9255316786718356,0.23913864766965148,0.8528694234871499,0.9198345889351376,94.8473572731018,0.07469306606799364,0.05476021807019909,0.044981241164108114,0.11189546771347522,0.07469306606799364,0.7424170980850856,0.10264756860303097,0.11139965338296577,0.03522689078674942,0.10540824212500306,0.10264756860303097,0.648195749423543,0.8467602133750916,0.7982723712921143,1.0409427881240845,1.3727130889892578,1.9250032901763916,0.6877655386924744,1.6437628269195557,2.9251677989959717,0.7172679305076599,0.09503056108951569,2.5123074054718018,0.7032862305641174
198,0.0001,0.11190790285666784,0.9268380087613687,0.21759997234969844,0.8659562013744916,0.9276568938795885,117.8882646560669,0.07575920429080725,0.05455350757886966,0.04553016268958648,0.10855563593407472,0.07575920429080725,0.7398056368033091,0.09478439402873398,0.10910464774389736,0.04859759255510862,0.10853612862649512,0.09478439402873398,0.7134829251492609,0.846270740032196,0.7973807454109192,1.0415074825286865,1.3690590858459473,1.920338749885559,0.6883946657180786,1.6457687616348267,2.924679756164551,0.717901349067688,0.0905376523733139,2.5048837661743164,0.7033676505088806
199,0.0001,0.10902507404486338,0.9294020836067379,0.2354055051920844,0.8494368730047718,0.916874178131204,92.48839855194092,0.07365435908238092,0.05416787099093199,0.04442358172188202,0.10742203705012798,0.07365435908238092,0.7450393746296565,0.09432073865757613,0.11997264990063965,0.042753881790110325,0.11065029413973698,0.09432073865757613,0.7289767255548572,0.8441846966743469,0.7959348559379578,1.042497158050537,1.3667069673538208,1.9195210933685303,0.6891950368881226,1.6441806554794312,2.926539421081543,0.7183518409729004,0.08891370892524719,2.498622417449951,0.7040397524833679
200,0.0001,0.1122008574505647,0.9278958336842911,0.23502594965403198,0.855186162442919,0.9213896436556726,84.19663691520691,0.07389522648106019,0.05447024057308833,0.04407092556357384,0.1074653731038173,0.07389522648106019,0.750071358680725,0.10886098395605556,0.11141964744348995,0.05264649008874033,0.10137174107500764,0.10886098395605556,0.6727607865802577,0.8411449193954468,0.795233428478241,1.0435192584991455,1.3622398376464844,1.9166909456253052,0.6901377439498901,1.6529370546340942,2.9238979816436768,0.7184317708015442,0.08712071180343628,2.493706464767456,0.7039337158203125
201,0.0001,0.11535755085448424,0.9217630941043089,0.2283529776041625,0.8573807186794936,0.922416707099118,72.40630888938904,0.07490273124227921,0.0578017383813858,0.0442820547769467,0.10683202048142751,0.07490273124227921,0.7397536625464757,0.09505891653357959,0.11138217016810277,0.04586307130387572,0.10790066934022748,0.09505891653357959,0.7265743368961772,0.8417432308197021,0.7961934804916382,1.04351806640625,1.3630369901657104,1.9186006784439087,0.6908536553382874,1.6513350009918213,2.9258508682250977,0.7189827561378479,0.08630596846342087,2.496406316757202,0.7048762440681458
202,0.0001,0.10675873793661594,0.9306160812857219,0.2394357328532172,0.8433589852686328,0.9127936868813427,36.57994842529297,0.07469505021969478,0.05239598099142313,0.0442841870089372,0.10719026103615761,0.07469505021969478,0.7424593806266785,0.09180009133014523,0.12120954906109904,0.045034160868066254,0.10724163568410718,0.09180009133014523,0.7143553622433396,0.841001570224762,0.7956644296646118,1.0444042682647705,1.3596588373184204,1.9133985042572021,0.69140625,1.6465612649917603,2.918670415878296,0.7191665768623352,0.08453758805990219,2.4916634559631348,0.7055323123931885
203,0.0001,0.10919190334777037,0.9300782382220111,0.21565230044185138,0.8719083629355923,0.9311489067536933,84.50973129272461,0.07473785219093164,0.05384740500400464,0.04479091229538123,0.10744646216432253,0.07473785219093164,0.7424240758021673,0.08611444139578303,0.10386922833372335,0.044459952804885926,0.11286848062863115,0.08611444139578303,0.7533902838581898,0.8381825089454651,0.7957064509391785,1.0451184511184692,1.3542424440383911,1.9142537117004395,0.6922509074211121,1.643660306930542,2.9186530113220215,0.7198728919029236,0.0826675221323967,2.4845664501190186,0.7057971358299255
204,0.0001,0.10717798384527365,0.9315369715573242,0.2298401552634161,0.8576488979342666,0.9228683319733659,120.20310735702515,0.07342443577945232,0.05295450606693824,0.04398216928044955,0.10665390677750111,0.07342443577945232,0.752855000893275,0.09621958483438023,0.10848416082683157,0.0517215015458279,0.10822807350119606,0.09621958483438023,0.7202507472429119,0.8379976153373718,0.7951576709747314,1.0456942319869995,1.3559598922729492,1.9107027053833008,0.6929000020027161,1.6419694423675537,2.911581039428711,0.7199024558067322,0.07969073206186295,2.4705967903137207,0.7057740092277527
205,0.0001,0.11101776957511902,0.9300138053015087,0.241261647128668,0.8491562380680163,0.9176924165406182,143.27075815200806,0.07500592252860466,0.054161108036835985,0.044965979643166065,0.10555174176891645,0.07500592252860466,0.7477476725975672,0.10993532592155894,0.11372330943580533,0.031774970412742895,0.10350671105208945,0.10993532592155894,0.639825843396734,0.8381933569908142,0.7948879599571228,1.0460573434829712,1.3532049655914307,1.909287452697754,0.6943516731262207,1.642127275466919,2.910599946975708,0.7210635542869568,0.0770949125289917,2.465571165084839,0.7061640620231628
206,0.0001,0.10620541411141554,0.9313641836332277,0.2294217793912184,0.8516698501503875,0.9191830724685611,166.1001501083374,0.07293632378180821,0.052522187648961945,0.043700051866471766,0.10738837110499541,0.07293632378180821,0.750916400551796,0.09190122783184052,0.11249581571729457,0.04185496093552621,0.10761524700239057,0.09190122783184052,0.7218204443571997,0.8353017568588257,0.7934204936027527,1.0464080572128296,1.3426445722579956,1.9076616764068604,0.6950135827064514,1.6312756538391113,2.9044737815856934,0.7213952541351318,0.07489895075559616,2.4621949195861816,0.7065346837043762
207,0.0001,0.10623213176925977,0.9316539777075075,0.21872751915552577,0.861384102788665,0.9250114343076261,149.79436492919922,0.0706134282052517,0.05181747727716963,0.043274302035570145,0.10655126969019572,0.0706134282052517,0.756780727704366,0.08785350498605947,0.11050207228934178,0.04011519863957264,0.10717857653488878,0.08785350498605947,0.7202260728742256,0.8341769576072693,0.7929264903068542,1.0464025735855103,1.343220829963684,1.9051952362060547,0.6959876418113708,1.6287449598312378,2.9020886421203613,0.7218191623687744,0.07255637645721436,2.451885223388672,0.7065913677215576
208,0.0001,0.10633139436443646,0.9315693046597685,0.22590886911407845,0.8566906185798391,0.9218274834988781,74.20607662200928,0.07211284289757411,0.05275749334444602,0.04335997744152943,0.10649743440250556,0.07211284289757411,0.7560177892446518,0.08880512172081431,0.11096866428852081,0.04387349549864159,0.11115965918927896,0.08880512172081431,0.7338584544228726,0.8356713652610779,0.7934638857841492,1.04599130153656,1.3429521322250366,1.899396538734436,0.6968712210655212,1.6247304677963257,2.897512912750244,0.7225745320320129,0.07209496200084686,2.4454853534698486,0.7072852849960327
209,0.0001,0.10142056743303934,0.9343802293379608,0.22365336352195897,0.8683115776722373,0.9290795164925645,34.62105464935303,0.07074412107467651,0.05014466115583976,0.04302034489810467,0.10674216349919637,0.07074412107467651,0.7571152031421662,0.08979876534860642,0.11322955176478526,0.046330627481468385,0.10757959621851562,0.08979876534860642,0.7290122049753783,0.8350253105163574,0.7920970916748047,1.0466152429580688,1.3395909070968628,1.8961122035980225,0.6973403096199036,1.6218053102493286,2.8973355293273926,0.7225273847579956,0.07012193650007248,2.439908742904663,0.7067784070968628
210,0.0001,0.10719643185536067,0.9296722075285818,0.23814618953915892,0.8503983406914107,0.9185561580915174,33.9025239944458,0.07315713291366895,0.0539915203427275,0.04331203711529573,0.10501004705826442,0.07315713291366895,0.7490311066309611,0.09130927334066297,0.1206521417518131,0.040348192096733654,0.1069498391913586,0.09130927334066297,0.7160035704003006,0.8330392241477966,0.7910456657409668,1.047201156616211,1.3349851369857788,1.892571210861206,0.69827800989151,1.625456690788269,2.892409563064575,0.7229868173599243,0.06886246055364609,2.436028242111206,0.7066377401351929
211,0.0001,0.10731582144896189,0.930701483723185,0.2288599466202689,0.8580763357143162,0.9232268031183465,34.94108438491821,0.0747863736624519,0.05268746456131339,0.043058331869542596,0.10684814179937045,0.0747863736624519,0.741182166337967,0.09887182761411198,0.11249448188015672,0.052073998224051274,0.10618752888480171,0.09887182761411198,0.709289656310785,0.8326821327209473,0.7914688587188721,1.0472807884216309,1.3368662595748901,1.8881925344467163,0.6990185976028442,1.6296510696411133,2.8923842906951904,0.7234584093093872,0.06809006631374359,2.4285898208618164,0.7070719599723816
212,0.0001,0.10339847033222517,0.9331199109590638,0.2175250559068117,0.8702385883927792,0.9301871564825206,37.837286710739136,0.06983675869802634,0.05118795779223243,0.042221372357259195,0.10697582239905994,0.06983675869802634,0.7605500449736913,0.08689906851190035,0.10262777192182228,0.042125421530399165,0.11041490684767238,0.08689906851190035,0.7438812695565771,0.8321290016174316,0.7918819785118103,1.0471593141555786,1.3392531871795654,1.8861970901489258,0.6992388963699341,1.6250832080841064,2.890503168106079,0.7240409255027771,0.06663832068443298,2.4182708263397217,0.707550048828125
213,0.0001,0.10706206945081552,0.9295298638223318,0.23222063994798503,0.8577510253593537,0.9227631724203247,31.63656783103943,0.07255901688088974,0.05328337969258427,0.04279636290545265,0.10509072765707969,0.07255901688088974,0.7490423530340194,0.09755079448223114,0.1132106467104349,0.04484274470415272,0.10871340505412368,0.09755079448223114,0.7221638179216229,0.830893874168396,0.7914372086524963,1.0476815700531006,1.3442574739456177,1.8891900777816772,0.7001672387123108,1.623012900352478,2.885718584060669,0.7259493470191956,0.06577523797750473,2.4140024185180664,0.7085949182510376
214,0.0001,0.10514278920988242,0.9322021604741291,0.23503432459518558,0.8564342132723185,0.9220614462988198,34.61198711395264,0.07196823681394258,0.05221219932039579,0.04326215169082085,0.10670992595454057,0.07196823681394258,0.7482997983694076,0.09137415727142428,0.120175124924691,0.042575342550140914,0.10783677364959092,0.09137415727142428,0.7341825874125372,0.8298473954200745,0.7912086248397827,1.0483982563018799,1.3401950597763062,1.8878729343414307,0.700795590877533,1.6286485195159912,2.8856911659240723,0.7263261079788208,0.06448334455490112,2.4158895015716553,0.7092522978782654
215,0.0001,0.10600282028317451,0.9319741731354763,0.2508505196844945,0.8456328453789971,0.9154650504465726,35.61968398094177,0.07546086801836888,0.0525990828871727,0.04317219915489356,0.1066046018153429,0.07546086801836888,0.7422436952590943,0.11157258514498102,0.12556649451373053,0.031243000973443517,0.10499340515644824,0.11157258514498102,0.6554788341287707,0.8266100883483887,0.7901096940040588,1.0487017631530762,1.3395607471466064,1.884101390838623,0.701809287071228,1.620632529258728,2.8815529346466064,0.727094829082489,0.0631890743970871,2.4165432453155518,0.709241509437561
216,0.0001,0.10583621151745319,0.9304326104227858,0.22643269867193502,0.8613503031256244,0.92461948767068,38.93756127357483,0.07072827039907376,0.05290207775930564,0.04224204036096732,0.10700705535709858,0.07072827039907376,0.7640239328145981,0.09502954793269516,0.11299877064149888,0.05224882609775809,0.11039613394952211,0.09502954793269516,0.7462178146252867,0.8240395188331604,0.7905219793319702,1.0494282245635986,1.3409768342971802,1.8898245096206665,0.7027058005332947,1.6134952306747437,2.886568546295166,0.7284784913063049,0.06195671856403351,2.4196300506591797,0.7104375958442688
217,0.0001,0.10653696345786254,0.9299886752525169,0.22567934139830167,0.853695677251136,0.9205565821687514,36.76939392089844,0.07221300763388475,0.05371739206214746,0.043360359097520514,0.1087348019083341,0.07221300763388475,0.7587659597396851,0.09355632973010422,0.10563571861044305,0.05087424008572688,0.10457786758903598,0.09355632973010422,0.7386339150491308,0.8250515460968018,0.7917230725288391,1.0492589473724365,1.3376176357269287,1.888081431388855,0.7035512924194336,1.6127651929855347,2.895758628845215,0.729186475276947,0.060050804167985916,2.408707857131958,0.7100155353546143
218,0.0001,0.10729773504038652,0.9283686488830275,0.2289430435563697,0.8591919427406512,0.9234035881701225,36.22051692008972,0.0695401692762971,0.05284901335835457,0.04183757236848275,0.10583864798148473,0.0695401692762971,0.7594839364290238,0.09295077524224266,0.1136783420062456,0.03662636845571096,0.10194848978617152,0.09295077524224266,0.7163429612019023,0.8253346085548401,0.7899223566055298,1.0500092506408691,1.3413922786712646,1.8814488649368286,0.7039942741394043,1.6080055236816406,2.894479751586914,0.7302408218383789,0.059172552078962326,2.399991989135742,0.7113119959831238
219,0.0001,0.10980392321944236,0.9274637079697645,0.22227852974758774,0.8664362104614367,0.9278650148665932,37.896053314208984,0.07428711205720902,0.05512946741655469,0.04281462350239356,0.10477287011841933,0.07428711205720902,0.7468999981880188,0.0845126565851149,0.10814088399781556,0.042063425737814825,0.10622070680876247,0.0845126565851149,0.7466904393962173,0.825060248374939,0.7901293635368347,1.0508278608322144,1.3446632623672485,1.877439022064209,0.7046511173248291,1.6046571731567383,2.8937385082244873,0.7306200265884399,0.05854605510830879,2.398494243621826,0.7125912308692932
220,0.0001,0.10220246377090612,0.9329647069248689,0.22392384634643306,0.8673712705482961,0.928214536063211,37.37834596633911,0.07031106607367595,0.050672844828416906,0.04234104364489515,0.10504406554003556,0.07031106607367595,0.759685535232226,0.08695311709994176,0.11197307632594812,0.0425257718221086,0.10613557244422006,0.08695311709994176,0.7392148922701351,0.8206095695495605,0.7880241274833679,1.0513484477996826,1.3381267786026,1.8765385150909424,0.7049217820167542,1.6032207012176514,2.888033151626587,0.7307960987091064,0.05764307826757431,2.3981049060821533,0.7130892276763916
221,0.0001,0.10423706918954849,0.9322350516774632,0.21043798816008646,0.8747138655381975,0.9327985534642141,33.20393204689026,0.07193829137831927,0.05280308698614438,0.04329336186250051,0.10499213524162769,0.07193829137831927,0.7586258888244629,0.08776058879543523,0.1029161424910436,0.039537453504859425,0.10592866957676216,0.08776058879543523,0.7365078955400185,0.8211472630500793,0.7878807187080383,1.0514034032821655,1.332395076751709,1.8743042945861816,0.7052996158599854,1.5987123250961304,2.8813822269439697,0.7312105298042297,0.056408535689115524,2.3888676166534424,0.7136126756668091
222,0.0001,0.100706921890378,0.9341573199912607,0.21499923506721122,0.8704021034266766,0.9302594215178982,33.81767821311951,0.06951123066246509,0.049913586924473445,0.04086632896214724,0.10360171012580395,0.06951123066246509,0.7623972455660503,0.08863781294861778,0.10718333403595158,0.03684927877344069,0.10241916946700362,0.08863781294861778,0.7239030013318921,0.8197491765022278,0.7878647446632385,1.052031397819519,1.3250813484191895,1.870165228843689,0.7055301070213318,1.6011906862258911,2.877868890762329,0.731456995010376,0.054785117506980896,2.3828701972961426,0.7134656310081482
223,0.0001,0.1078789360821247,0.9304199563742759,0.22357406332844593,0.8654022731446106,0.9273857692001723,34.18639326095581,0.07154498236874739,0.053350965057810146,0.04252364759643872,0.10346346075336138,0.07154498236874739,0.7565998797615369,0.09119174324098181,0.10789866525618756,0.04506673700496799,0.10190901453377771,0.09119174324098181,0.7428645960620193,0.818101704120636,0.7868418097496033,1.0525846481323242,1.3279623985290527,1.8726788759231567,0.7064509391784668,1.5960252285003662,2.8760783672332764,0.7329943776130676,0.052815794944763184,2.3778188228607178,0.7145318388938904
224,0.0001,0.10744443113605182,0.9304880994661804,0.22991099904795162,0.8575738858970743,0.9227464070154341,39.567397117614746,0.0715277062729001,0.05360290904839834,0.042998692765831945,0.10171763797601065,0.0715277062729001,0.7522047748168309,0.08640525294620482,0.11591126525499781,0.0400962488817387,0.10432636713395353,0.08640525294620482,0.7340566447523774,0.8175848126411438,0.7861893773078918,1.0533668994903564,1.3342605829238892,1.8732374906539917,0.7070212364196777,1.595641851425171,2.8828961849212646,0.7337183952331543,0.05380057170987129,2.3720345497131348,0.7155916094779968
225,0.0001,0.11101218151549498,0.9263242312264365,0.22962369708741298,0.8592321190799133,0.9235451709742336,32.5691659450531,0.07287842283646266,0.05502129805584748,0.04109964125479261,0.10556497350335121,0.07287842283646266,0.7465475996335348,0.08839193230769674,0.11360426528043434,0.04208040237426758,0.10920645553069036,0.08839193230769674,0.7507209435838168,0.8144233226776123,0.7878054976463318,1.054382562637329,1.3320269584655762,1.875922679901123,0.7077444791793823,1.5993906259536743,2.886190891265869,0.73412024974823,0.05350124463438988,2.3702054023742676,0.7168391346931458
226,0.0001,0.1077490293731292,0.9284362051389319,0.21291933685052591,0.8742776842288721,0.9325165765411364,36.68983268737793,0.06922729598979155,0.053987142412612835,0.0418635331094265,0.10628416078786056,0.06922729598979155,0.7710279762744904,0.08988064771792928,0.10004102450902344,0.03896317789789106,0.10486058951889882,0.08988064771792928,0.7319631469054301,0.8148416876792908,0.7887482047080994,1.055092453956604,1.3336018323898315,1.8728116750717163,0.7088608741760254,1.5969003438949585,2.8891007900238037,0.7349770069122314,0.05389270931482315,2.382290840148926,0.7191550135612488
227,0.0001,0.10795267460246881,0.9283452704997672,0.22320814821563784,0.8638941523748173,0.9264878961864488,34.779810428619385,0.07298472492645185,0.0544121153652668,0.043068256508558986,0.10366840946177641,0.07298472492645185,0.7452324320872624,0.09169055606986655,0.1170097964464641,0.04423578718646628,0.10085364944133603,0.09169055606986655,0.7209022797521998,0.8130811452865601,0.7902148962020874,1.0550751686096191,1.335842490196228,1.8735086917877197,0.7098144888877869,1.5989576578140259,2.8841559886932373,0.7368946075439453,0.053636834025382996,2.3602631092071533,0.7189419865608215
228,0.0001,0.1055847354233265,0.9301531836113698,0.21901016841169263,0.8661432796775486,0.9276991288763003,35.402382373809814,0.07112245634198189,0.05172314494848251,0.04218982243910432,0.10162519489725431,0.07112245634198189,0.7597902526458105,0.0878864091927888,0.10903193520717934,0.04987282220457421,0.10393650182446496,0.0878864091927888,0.7495648069459884,0.81315016746521,0.7902284860610962,1.055172085762024,1.3414725065231323,1.8770391941070557,0.7102833986282349,1.6012742519378662,2.885373115539551,0.7385645508766174,0.05705787613987923,2.3640220165252686,0.7196149826049805
229,0.0001,0.11192556917667389,0.9261677614214695,0.22207311601912388,0.8677227388593831,0.9285738958986469,35.291736125946045,0.07333867481599252,0.05575618613511324,0.04303029074023167,0.10178433991968631,0.07333867481599252,0.7459962964057922,0.09480012696786005,0.1074832449438142,0.038958968197713134,0.10226825746845027,0.09480012696786005,0.6996204423122718,0.8123759031295776,0.7916036248207092,1.0553580522537231,1.3395395278930664,1.8797088861465454,0.710729718208313,1.601556658744812,2.888129472732544,0.739722490310669,0.06389922648668289,2.3621749877929688,0.7209463715553284
230,0.0001,0.09984772466123104,0.9345279563741055,0.21533035621291302,0.8736527969519733,0.9320601792557835,32.93401265144348,0.06938823144882918,0.05010570756470164,0.042001687176525596,0.10152384539445242,0.06938823144882918,0.7620175734162331,0.0920064270984931,0.10771309779804261,0.034142115565597035,0.0986428284009949,0.0920064270984931,0.7199487441875896,0.8101078271865845,0.791485607624054,1.0558456182479858,1.3327383995056152,1.8764785528182983,0.7114443778991699,1.5979397296905518,2.886317729949951,0.7398281097412109,0.06056790426373482,2.357342004776001,0.7217229008674622
231,0.0001,0.09990977458655834,0.9345909360858587,0.21849834430413168,0.868730531142491,0.9290484499821052,33.45615887641907,0.06575246173888445,0.05013945841540893,0.0413838267326355,0.1018941239764293,0.06575246173888445,0.7747182915608088,0.09451827944302169,0.11166851515652704,0.03770647894163601,0.09940318311335611,0.09451827944302169,0.7152727148571952,0.8076243996620178,0.7901821136474609,1.0565922260284424,1.325003743171692,1.8739663362503052,0.7121627926826477,1.5934735536575317,2.883668899536133,0.7400608062744141,0.056871432811021805,2.349390983581543,0.7220442891120911
232,0.0001,0.10070884575446447,0.9350798955974384,0.21719192969994466,0.871681993144802,0.9308695585898056,36.179110050201416,0.06897510147343079,0.050343689229339364,0.04111442994326353,0.10083695699771246,0.06897510147343079,0.7683262546857198,0.08953438687031387,0.10994185043162986,0.03969689776174358,0.10320862431506642,0.08953438687031387,0.7396931071750453,0.8085386753082275,0.7901797294616699,1.0573303699493408,1.3297734260559082,1.8714183568954468,0.7126305103302002,1.5896474123001099,2.88076114654541,0.7402822375297546,0.05284716188907623,2.3386476039886475,0.722029447555542
233,0.0001,0.09907134498159091,0.9364960212618244,0.21625993584023148,0.8681523404863957,0.928849841645129,34.30458068847656,0.06706444217513005,0.048853417361776036,0.04093141611665487,0.10116811854143938,0.06706444217513005,0.7703257371981939,0.08907737973772112,0.11223720698083034,0.04502568845866156,0.10295211328346221,0.08907737973772112,0.7428183584916787,0.8063028454780579,0.7890542149543762,1.0574920177459717,1.3223985433578491,1.869919776916504,0.7132765650749207,1.588728427886963,2.8764681816101074,0.7406089305877686,0.050981275737285614,2.3338801860809326,0.7223426103591919
234,0.0001,0.09529653452336788,0.9382070881311868,0.20686206075011707,0.8764167252447821,0.9337600220357698,37.67698907852173,0.06695446825275818,0.047584829231103264,0.04085608161985874,0.10116502443949381,0.06695446825275818,0.7676407764355342,0.08793960584968817,0.10416935958334657,0.04052789527617517,0.10356109222916306,0.08793960584968817,0.7501908872948319,0.8033974766731262,0.7892257571220398,1.0575932264328003,1.3201037645339966,1.866878628730774,0.7139386534690857,1.5894997119903564,2.8728983402252197,0.7409729361534119,0.04940534010529518,2.3272366523742676,0.7231091260910034
235,0.0001,0.09736415756245455,0.9371495072251008,0.22125272819253264,0.865074663805014,0.9263102196943531,37.95934462547302,0.0664777575681607,0.04897630497192343,0.039772646004954976,0.10226354201634726,0.0664777575681607,0.7722285528977711,0.0917012673176703,0.11462102073137878,0.04333737065069011,0.10225165635347366,0.0917012673176703,0.7429159166382961,0.8042148351669312,0.7887037396430969,1.058011531829834,1.3119255304336548,1.8651069402694702,0.7138368487358093,1.5881521701812744,2.867251396179199,0.740852952003479,0.047432608902454376,2.320347785949707,0.7238371968269348
236,0.0001,0.09664796677728495,0.9366051851226095,0.21552187546354826,0.8725296011801209,0.9313522673391763,32.49017286300659,0.06815585897614558,0.04882162815580766,0.040566045045852664,0.10198167003691197,0.06815585897614558,0.7686528205871582,0.09003194910092432,0.10928176709863006,0.03418130598595885,0.09988633189045015,0.09003194910092432,0.7345708149378417,0.8021116852760315,0.7885333895683289,1.0581355094909668,1.3154430389404297,1.860891580581665,0.714695394039154,1.5933259725570679,2.8652665615081787,0.7417674660682678,0.04731665179133415,2.31520938873291,0.7243965268135071
237,0.0001,0.09646310868362586,0.937220134622992,0.20930887196884781,0.8733312138651025,0.9320029261820442,33.863810300827026,0.06741369031369686,0.048240395821630956,0.041059890668839215,0.10188912202914556,0.06741369031369686,0.7734008272488911,0.09085387712130781,0.10865053876501615,0.0448444696967719,0.10377762307886218,0.09085387712130781,0.7405750956691679,0.8012756705284119,0.7870471477508545,1.0585718154907227,1.311860203742981,1.8601325750350952,0.7156221270561218,1.5854039192199707,2.8634541034698486,0.7414584755897522,0.04511962831020355,2.31235933303833,0.7244688868522644
238,0.0001,0.09800131395459175,0.9370402281508937,0.21457299077119985,0.8718050674304333,0.9310731504446808,35.732868909835815,0.06970781193425259,0.048681887021909155,0.040448708149294056,0.10256652049720287,0.06970781193425259,0.7695779283841451,0.08756451064445933,0.11166963115578792,0.03932705692580489,0.10241411772907758,0.08756451064445933,0.7342609479779103,0.7977262139320374,0.7877658605575562,1.0593386888504028,1.316554069519043,1.8597275018692017,0.71688312292099,1.5809388160705566,2.8688604831695557,0.7421771287918091,0.043598372489213943,2.308804988861084,0.7243455052375793
239,0.0001,0.12115276977419853,0.9165615047314251,0.22573362290859222,0.8636719268413856,0.9260470853181989,36.826446294784546,0.07411808210114638,0.06247151900703708,0.04234369732439518,0.10238964433471362,0.07411808210114638,0.7554433013002078,0.09383556686463904,0.11528437303715065,0.036417935471065706,0.10491760551440911,0.09383556686463904,0.7087916927259477,0.7950315475463867,0.7870061993598938,1.0601829290390015,1.3099943399429321,1.8581784963607788,0.7177914977073669,1.5727996826171875,2.862673282623291,0.7434168457984924,0.043936897069215775,2.311009168624878,0.7248042225837708
240,0.0001,0.09925894128779571,0.9349123092704552,0.23677001038535697,0.8626088623503744,0.925618464500975,36.548259973526,0.06844768958787123,0.04940280131995678,0.040870254610975584,0.10238776877522468,0.06844768958787123,0.7648684908946355,0.09042621538287303,0.11715908055422736,0.036729649991774166,0.10468345514086426,0.09042621538287303,0.7276164088092867,0.7936939597129822,0.7860615849494934,1.0600956678390503,1.3148072957992554,1.8565399646759033,0.7182148098945618,1.5770548582077026,2.86289119720459,0.7439432144165039,0.04716872423887253,2.3115732669830322,0.7243097424507141
241,0.0001,0.09583391000827153,0.937978586207033,0.21477454143469452,0.8698445034518729,0.9299542620350136,34.11497783660889,0.06700835873683293,0.0475997115795811,0.04136171899735928,0.10178793966770172,0.06700835873683293,0.7723225235939026,0.09232759524564274,0.10728373378515244,0.04159396508189499,0.1016899194629466,0.09232759524564274,0.729350531687502,0.7941791415214539,0.7856715321540833,1.060847282409668,1.315744161605835,1.8537462949752808,0.7189149856567383,1.57749342918396,2.858430862426758,0.7451199293136597,0.04614843428134918,2.2980799674987793,0.7239400744438171
242,0.0001,0.11104540737966696,0.9259949181981855,0.2477631265999841,0.8472669876502156,0.916403694812647,38.1020131111145,0.07424114048480987,0.05632448364049196,0.0427295107084016,0.09710672435661157,0.07424114048480987,0.7451084911823272,0.0938245098366112,0.12841186806803845,0.036299283997934376,0.09991776332503459,0.0938245098366112,0.7126566376842436,0.7920234203338623,0.7883877158164978,1.0617033243179321,1.3142821788787842,1.860707402229309,0.7202664613723755,1.5800445079803467,2.8632097244262695,0.7469463348388672,0.0576702281832695,2.28994083404541,0.7252017259597778
243,0.0001,0.10353237800300122,0.9291781593414866,0.22986573933577928,0.8574348549185082,0.9226052674610333,33.75971794128418,0.06943995002657175,0.052292243608584005,0.04259100984781981,0.09774550286432107,0.06943995002657175,0.7595009634892146,0.09007105866416557,0.11628121284187817,0.04418287059811295,0.09922422273237197,0.09007105866416557,0.7356577261549527,0.7906201481819153,0.7898280620574951,1.0622920989990234,1.3170462846755981,1.8568308353424072,0.7208244204521179,1.576979160308838,2.8706796169281006,0.7477561831474304,0.08517054468393326,2.3071160316467285,0.7268164157867432
244,0.0001,0.09702738225460053,0.93598845914542,0.22230491359702875,0.8623570087570926,0.9252976278179729,35.21012473106384,0.06693185704449812,0.04829769777134061,0.04129824272046487,0.10261569333573183,0.06693185704449812,0.7721488167842229,0.08908530739975758,0.11118548119165858,0.03654302717720876,0.10333734298827219,0.08908530739975758,0.7355734383473631,0.7868548035621643,0.7888189554214478,1.063092589378357,1.314427375793457,1.8599005937576294,0.7215803861618042,1.5786041021347046,2.869074583053589,0.748435378074646,0.10638188570737839,2.3092424869537354,0.7277034521102905
245,0.0001,0.10086359654863676,0.935087040735478,0.21970661888357068,0.8616471992721333,0.925044061713511,32.28679704666138,0.07074254024773836,0.051241482918461166,0.04207521540423234,0.10281072196861109,0.07074254024773836,0.7599830423792203,0.08736403836090056,0.10978307055889583,0.041129633295731466,0.10030726538818391,0.08736403836090056,0.7436215447597816,0.7845937609672546,0.7865719795227051,1.0631364583969116,1.3102644681930542,1.8582818508148193,0.7221341133117676,1.5749647617340088,2.864945888519287,0.7479798197746277,0.10477154701948166,2.3057425022125244,0.727514386177063
246,0.0001,0.09352273382246494,0.938768450704542,0.23919164743579802,0.8597887433240594,0.9239903181699348,32.82009148597717,0.06601375037183364,0.046628097910434006,0.03960375618189573,0.09961675455172857,0.06601375037183364,0.7742082128922144,0.09435259074461265,0.12311645145299005,0.03430156409740448,0.09778551109990136,0.09435259074461265,0.7093639178354232,0.7831201553344727,0.7864004969596863,1.0635333061218262,1.3105376958847046,1.858258605003357,0.7228361368179321,1.5675954818725586,2.8608264923095703,0.7484676837921143,0.10362759232521057,2.2985424995422363,0.7281206846237183
247,0.0001,0.09528046324849129,0.9399190625423431,0.226629124801667,0.8606914820170842,0.9244066136646287,35.3292236328125,0.06529944936434427,0.046680055217196544,0.040166457276791336,0.09889132864773273,0.06529944936434427,0.7832030644019444,0.09036487731777254,0.11968318140897595,0.03515679444201657,0.09993543817860182,0.09036487731777254,0.7312331160560983,0.7816222906112671,0.7854624390602112,1.0641306638717651,1.2999573945999146,1.8560903072357178,0.7231395244598389,1.5619744062423706,2.8555192947387695,0.7483225464820862,0.10550476610660553,2.290178060531616,0.7285652756690979
248,0.0001,0.0944556251168251,0.9396146444276143,0.22154942936584598,0.8612456198409848,0.9248498170896052,38.78390169143677,0.06797816914816697,0.04724502225096027,0.04000864283492168,0.09999358654022217,0.06797816914816697,0.7656912485758464,0.08931018839605519,0.11309047226534515,0.034712875231367644,0.09933497952144654,0.08931018839605519,0.7314014327330668,0.7820727825164795,0.7858777642250061,1.0644630193710327,1.2956031560897827,1.850450873374939,0.7232810854911804,1.5613824129104614,2.854717254638672,0.7490090131759644,0.09947244822978973,2.286740779876709,0.7291080951690674
249,0.0001,0.10246394127607346,0.9287100802398576,0.23292989149445392,0.8482897921794776,0.9173076546930383,37.86487817764282,0.06783855619529883,0.052661893020073576,0.040989990594486395,0.10096293278038501,0.06783855619529883,0.7715980728467305,0.1018288895243504,0.11777271366998797,0.039574821464350964,0.0993770673626759,0.1018288895243504,0.7037333337987055,0.7805002927780151,0.7865621447563171,1.0645081996917725,1.292332649230957,1.8552706241607666,0.7240655422210693,1.5540876388549805,2.8518261909484863,0.7497985363006592,0.11824370920658112,2.2870969772338867,0.7303789258003235
250,0.0001,0.10424339200059572,0.929961083470168,0.25565114495207053,0.8366614864383243,0.9100248382930427,38.0133638381958,0.07028618703285854,0.052039780529836814,0.03999254551405708,0.0977326558281978,0.07028618703285854,0.7540708939234416,0.09338433832907286,0.13009275410507545,0.036417032240844166,0.10226985763330929,0.09338433832907286,0.7244964623060383,0.7805646061897278,0.7877296805381775,1.0645813941955566,1.2977975606918335,1.8594920635223389,0.7240915298461914,1.5634567737579346,2.85498309135437,0.7515185475349426,0.11891696602106094,2.2906572818756104,0.7312392592430115
251,0.0001,0.09625381827354432,0.9379109430976303,0.22406588934484076,0.8681453801414815,0.9289761210060408,32.526318073272705,0.06470906318475803,0.04847436867033442,0.04040042084331314,0.09941867229839166,0.06470906318475803,0.7776282519102097,0.08607407036374827,0.11453461488250827,0.04363233351805171,0.10047481917455549,0.08607407036374827,0.7589174782643553,0.7791053056716919,0.7874102592468262,1.0650615692138672,1.3042857646942139,1.8605269193649292,0.7245808839797974,1.5638395547866821,2.855462074279785,0.7522201538085938,0.11906199157238007,2.2903339862823486,0.7331437468528748
252,0.0001,0.0978851846108834,0.9370433686729679,0.24248433503948275,0.8521937312610558,0.919484685109442,37.49921488761902,0.0663398285706838,0.04926902999480565,0.04083840902894735,0.09900257537762323,0.0663398285706838,0.7759982268015544,0.08598521498383069,0.12598604159276994,0.0377481362370194,0.09713757856458914,0.08598521498383069,0.7452055157208052,0.7787806391716003,0.7878258228302002,1.0648900270462036,1.3036624193191528,1.8599402904510498,0.7251759767532349,1.5686352252960205,2.8539280891418457,0.7530272603034973,0.14039531350135803,2.291041135787964,0.734531819820404
253,0.0001,0.09791206369797388,0.9351736352212127,0.2258898928517201,0.8599382023241712,0.9242246256367366,35.0369439125061,0.06594024300575256,0.04959700684994459,0.03973908976962169,0.10014057420194149,0.06594024300575256,0.7756742109855016,0.08764506192480931,0.1127175183081236,0.03825136029818019,0.09781633732748814,0.08764506192480931,0.7514061732370345,0.7780856490135193,0.785695493221283,1.0654548406600952,1.2995927333831787,1.8571628332138062,0.7264318466186523,1.5659993886947632,2.8552753925323486,0.7539913654327393,0.12877453863620758,2.286618232727051,0.7355166077613831
254,0.0001,0.09441079683601857,0.9389681068837479,0.2222610448227554,0.8662186570941464,0.9277614210970104,36.755871534347534,0.06350975322226683,0.047444879170507194,0.0398228553434213,0.09953520819544792,0.06350975322226683,0.7881823182106018,0.08715382218360901,0.11419390581670355,0.035938861062292195,0.09859931078113493,0.08715382218360901,0.7522818885865759,0.776886522769928,0.7839661240577698,1.065792441368103,1.2918357849121094,1.8550947904586792,0.7265282869338989,1.5644320249557495,2.854966163635254,0.7536747455596924,0.12257888913154602,2.2794106006622314,0.735876739025116
255,0.0001,0.094336341197292,0.9389793280715082,0.22314793494392615,0.8697887493126505,0.9297998760779106,34.41209840774536,0.06418923841168483,0.047007161068419616,0.03955684322863817,0.09920976758003235,0.06418923841168483,0.7805470019578934,0.08464982983518819,0.11632208788736922,0.03660616174828811,0.09982385071086101,0.08464982983518819,0.7554634907206551,0.7727339863777161,0.7845551371574402,1.0664114952087402,1.2957745790481567,1.8510907888412476,0.7268698215484619,1.561079978942871,2.852368116378784,0.7540802955627441,0.11057852953672409,2.2743349075317383,0.7364024519920349
256,0.0001,0.09406738790373008,0.9389678951462407,0.21625238779138345,0.8722522692454586,0.9312732889343073,36.0806097984314,0.06455619738747677,0.04745071418583393,0.03940531139572461,0.10010669392844042,0.06455619738747677,0.7785706828037898,0.08623963130302116,0.11151170608450155,0.03431552880611576,0.09912677219168084,0.08623963130302116,0.7563060453680696,0.7710948586463928,0.7836084961891174,1.0669149160385132,1.2949800491333008,1.8487827777862549,0.7272144556045532,1.5552475452423096,2.8499526977539062,0.7546159029006958,0.10275305807590485,2.2720401287078857,0.7364022731781006
257,0.0001,0.09308229933182398,0.9399575495987882,0.23037589378044254,0.8564431917587855,0.9221383676399203,38.6874635219574,0.0650819335753719,0.04634435089925925,0.039629684885342915,0.10104341904322306,0.0650819335753719,0.7881535907586416,0.09873985315932603,0.11751142480090017,0.033261657921505754,0.09695492318419159,0.09873985315932603,0.7062098716126114,0.7694262266159058,0.7830187082290649,1.0672825574874878,1.2931159734725952,1.8466293811798096,0.7276843786239624,1.5514512062072754,2.851228713989258,0.7556542158126831,0.09902003407478333,2.266552448272705,0.7370914816856384
258,0.0001,0.09308895928164324,0.9393844054225643,0.23176421347211618,0.8600608917975305,0.9239736075177961,38.36706066131592,0.0673395241300265,0.04704703812797864,0.03985956081499656,0.10075013041496277,0.0673395241300265,0.7749809354543686,0.0905969817130292,0.12285270835043954,0.04544390896793272,0.1001323801083643,0.0905969817130292,0.7526529831964461,0.767278254032135,0.7826859354972839,1.0676486492156982,1.2917633056640625,1.845842719078064,0.7282626032829285,1.5508453845977783,2.8534133434295654,0.7563566565513611,0.09387433528900146,2.2594141960144043,0.7367973327636719
259,0.0001,0.09340160315235456,0.9392956041714615,0.22071859118391257,0.8683133007112913,0.9290938678069088,35.44550561904907,0.06465178846071164,0.04754651617258787,0.039148098416626455,0.1001378042002519,0.06465178846071164,0.7776047577460606,0.0869818883108311,0.11321958020085195,0.0341013391486934,0.0974540854575204,0.0869818883108311,0.7543238547981762,0.7677370309829712,0.7829861640930176,1.0683462619781494,1.2923611402511597,1.845428228378296,0.7286255359649658,1.548589825630188,2.8483612537384033,0.7567648887634277,0.08357877284288406,2.2592527866363525,0.7373911142349243
260,0.0001,0.09165881965309382,0.939793945486915,0.22831723900114903,0.8602992298110972,0.924299830475009,34.60634756088257,0.06536396307249864,0.046477392222732304,0.039272967570771776,0.1000136406471332,0.06536396307249864,0.7800289928913117,0.10194026520017718,0.11444912631003583,0.03390268211970564,0.09643783469180592,0.10194026520017718,0.6951450910724577,0.7659899592399597,0.782012939453125,1.0687201023101807,1.2906312942504883,1.844697117805481,0.7290171384811401,1.5470950603485107,2.8453047275543213,0.7567591071128845,0.07513447850942612,2.2554662227630615,0.7375763654708862
261,0.0001,0.08864405850569407,0.9420349045007401,0.21008334516501817,0.8756291457270843,0.933315885829349,32.25174617767334,0.06424397515753905,0.0448897697031498,0.038960104311505955,0.09950199959178765,0.06424397515753905,0.7783161540826161,0.0881121496929497,0.10911121921705418,0.042134548858052394,0.10050970889994355,0.0881121496929497,0.7630896304474503,0.7646854519844055,0.7804955840110779,1.0691810846328735,1.2908456325531006,1.8408703804016113,0.7293980717658997,1.5485976934432983,2.8419029712677,0.7564695477485657,0.06896521896123886,2.2504053115844727,0.7383198142051697
262,0.0001,0.08856740879515806,0.9426076985130505,0.22049365717856612,0.8701249477062314,0.9299635359116231,27.76612687110901,0.06283800347397725,0.04473372586071491,0.03911272895832856,0.1005586538463831,0.06283800347397725,0.7917308062314987,0.0890135611178445,0.1183063761621225,0.04121955997142635,0.1001173314012465,0.0890135611178445,0.7606654343057851,0.7642479538917542,0.7788679599761963,1.069229006767273,1.283544898033142,1.840181827545166,0.7296058535575867,1.5395143032073975,2.8381245136260986,0.7564833760261536,0.06277124583721161,2.244338035583496,0.7382147908210754
263,0.0001,0.08965048491954804,0.9433772938248698,0.22339462525531895,0.870824559231461,0.9302774215736311,32.677735328674316,0.06420316273967425,0.044336728968967995,0.03884472191954653,0.09971868346134821,0.06420316273967425,0.7806033819913865,0.08825363707346995,0.12044072138970016,0.03798529579014075,0.1017768237678731,0.08825363707346995,0.7611875514515111,0.7651423811912537,0.7778399586677551,1.069080114364624,1.2856168746948242,1.8386446237564087,0.7297142148017883,1.5340063571929932,2.833817720413208,0.7570285201072693,0.0574568547308445,2.239898920059204,0.7384510636329651
264,0.0001,0.09153716961542765,0.9407051914565299,0.23887502121143653,0.8586052985516787,0.923390011943348,38.432998180389404,0.0647379398966829,0.046551499298463264,0.03909980958948533,0.09841595267256101,0.0647379398966829,0.77576269308726,0.09372921239157192,0.12418974178736328,0.04606894214378029,0.09779000636495527,0.09372921239157192,0.7403343808455546,0.7643416523933411,0.7770847082138062,1.0689424276351929,1.2849180698394775,1.836815595626831,0.7300302982330322,1.5353705883026123,2.8304452896118164,0.7570844292640686,0.05345136299729347,2.246748685836792,0.7388960123062134
265,0.0001,0.09023590367287397,0.9407491169441654,0.23187936671444628,0.8635874478532896,0.92608209996437,37.882328748703,0.06456568961342175,0.046063656484087306,0.03858967609703541,0.09918435116608938,0.06456568961342175,0.7833831667900085,0.09810175844391839,0.11832496682639981,0.03387597325395365,0.09676023035264406,0.09810175844391839,0.7157564280463047,0.7619189023971558,0.7760521769523621,1.0696220397949219,1.279029130935669,1.8350894451141357,0.7304234504699707,1.5343815088272095,2.82678484916687,0.7572705149650574,0.04921042546629906,2.2409017086029053,0.7389036417007446
266,0.0001,0.08705827866991361,0.9428776172270016,0.21769481946210392,0.8728551417900214,0.9316289638400521,29.19449257850647,0.06329199088116487,0.04380504541719953,0.03855264997109771,0.0988882110764583,0.06329199088116487,0.7837238868077596,0.08472350850457051,0.1161520825546296,0.03686018306456628,0.0973629146570065,0.08472350850457051,0.7599954145853637,0.7604043483734131,0.776418149471283,1.0699212551116943,1.2749987840652466,1.8327149152755737,0.7309419512748718,1.5332955121994019,2.8251383304595947,0.7574610114097595,0.04484197124838829,2.2377755641937256,0.7390320301055908
267,0.0001,0.08524075150489807,0.9449394646445144,0.2172948278364588,0.8737444076364099,0.932100136458582,37.16786766052246,0.062098263887067635,0.0431928058154881,0.038534528420617185,0.09845881834626198,0.062098263887067635,0.789132609963417,0.08568001135450895,0.11405938228622811,0.03411678798863145,0.09797833432428173,0.08568001135450895,0.7658765335552028,0.7600998878479004,0.7758550643920898,1.070173978805542,1.2754610776901245,1.8314350843429565,0.73143070936203,1.5311532020568848,2.821362018585205,0.757855236530304,0.04061456397175789,2.2335567474365234,0.739096462726593
268,0.0001,0.08700233151515326,0.9433511287978246,0.2131593860075122,0.8716951102333066,0.9309608841469615,37.08732223510742,0.06172531638294458,0.044197684588531655,0.037746901127199334,0.09901040283342202,0.06172531638294458,0.7915692220131556,0.08662843130162505,0.11136492793677283,0.03381137708660032,0.09363299144096061,0.08662843130162505,0.7574344208983125,0.7581697106361389,0.775854229927063,1.070502758026123,1.272268295288086,1.8286536931991577,0.732207715511322,1.5272800922393799,2.8204116821289062,0.7581355571746826,0.03721325844526291,2.2264366149902344,0.7390428185462952
269,0.0001,0.08668042992552122,0.9445125456348813,0.21997049646299394,0.8689210810435861,0.9293107575690144,33.4613561630249,0.06026902943849564,0.04389058677479625,0.03715887259071072,0.09726212335129579,0.06026902943849564,0.7961477627356847,0.0862593194011782,0.1175798059853374,0.03686344501425008,0.09701903237671149,0.0862593194011782,0.7582351350393451,0.756764829158783,0.7747646570205688,1.0706262588500977,1.2689385414123535,1.8248196840286255,0.7325941920280457,1.5241069793701172,2.8155558109283447,0.7585936188697815,0.033530231565237045,2.215496778488159,0.7391195297241211
270,0.0001,0.0866235180447499,0.9429531099951909,0.21949760737966317,0.8692791774452628,0.9294978307019032,31.017350912094116,0.061776521739860375,0.044262661660710974,0.03774512509504954,0.09776147504647573,0.061776521739860375,0.7901655544837316,0.08812637639338852,0.11748759106534426,0.032585908032831595,0.0954349754286594,0.08812637639338852,0.7473486495799706,0.7555575966835022,0.7745166420936584,1.0708738565444946,1.2671998739242554,1.8232362270355225,0.7327846884727478,1.5229268074035645,2.8122222423553467,0.759210467338562,0.030508162453770638,2.2117207050323486,0.739522397518158
271,0.0001,0.08951773699373007,0.9409551799887267,0.2282943290765168,0.8635160317231383,0.9262933894108383,36.474034547805786,0.06428303414334853,0.04592176117002964,0.037732192501425746,0.09798007234930992,0.06428303414334853,0.7807382201155026,0.08605181877730322,0.117989324155401,0.0384804263222413,0.09839211440965777,0.08605181877730322,0.7639228476852667,0.756005585193634,0.7738667726516724,1.0705691576004028,1.2666493654251099,1.8229020833969116,0.7330946922302246,1.5181187391281128,2.8080801963806152,0.7594342231750488,0.028524912893772125,2.2124509811401367,0.7394686937332153
272,0.0001,0.09093787868817647,0.939833200583659,0.22007236812935502,0.8662295415820869,0.9275890756174077,34.6922767162323,0.06226705232014259,0.04569576308131218,0.037931133744617304,0.09820318681498369,0.06226705232014259,0.7929565042257309,0.09243058474337468,0.11533926610575347,0.032051237758065836,0.09465072511649522,0.09243058474337468,0.7482696204889016,0.7515144348144531,0.7740544080734253,1.0712754726409912,1.2607204914093018,1.8248181343078613,0.73417067527771,1.518540620803833,2.8056020736694336,0.7600815296173096,0.027560081332921982,2.209714651107788,0.7405664324760437
273,0.0001,0.08793670622011025,0.9435363760208126,0.21730310701933064,0.8702091260534957,0.9300513771658236,32.1736958026886,0.06329373717308044,0.04470959867661198,0.037646840699017046,0.0968726431330045,0.06329373717308044,0.7863288631041845,0.08270393385261786,0.11625049153312308,0.034657882618122415,0.09445082542837643,0.08270393385261786,0.765993058681488,0.7515732049942017,0.77342289686203,1.0716394186019897,1.264342188835144,1.822192668914795,0.7343665957450867,1.517698049545288,2.8060967922210693,0.7602449059486389,0.025420689955353737,2.2070930004119873,0.7403325438499451
274,0.0001,0.08630957168837389,0.9443679059473136,0.21589051602316683,0.8682914016448653,0.9289216293696351,33.130064487457275,0.06135793707023064,0.04388850328202049,0.037264103659739096,0.09722613878548145,0.06135793707023064,0.7969316025575002,0.08395850853841813,0.11450713164493685,0.039633512985510905,0.09709028753100848,0.08395850853841813,0.7701762367467411,0.7492218613624573,0.7720385193824768,1.07167387008667,1.2582982778549194,1.8200510740280151,0.7342491149902344,1.5176647901535034,2.8022890090942383,0.7603693604469299,0.023622866719961166,2.2022502422332764,0.7404232025146484
275,0.0001,0.08823897081116835,0.9426050512691921,0.22136340400234597,0.8644927399804567,0.9266812974555956,33.74656629562378,0.06385960628588995,0.045020929041008156,0.03780964436009526,0.09795473143458366,0.06385960628588995,0.7822268615166347,0.08247794687259392,0.1184229953367202,0.037609218696101766,0.09789599502672915,0.08247794687259392,0.7697045275422393,0.74860680103302,0.7716445922851562,1.071717619895935,1.256803035736084,1.82004714012146,0.7345740795135498,1.5158137083053589,2.799537181854248,0.7602991461753845,0.022391974925994873,2.1966845989227295,0.7404569983482361
276,0.0001,0.08715321260193984,0.9435286450927693,0.22210237676980066,0.8699989318705169,0.9300102457070577,32.50338172912598,0.0609847051401933,0.04423715618128578,0.03753737003232042,0.09752510661880175,0.0609847051401933,0.7983802100022633,0.08832848377403665,0.1156667204665356,0.037927430062020415,0.09649943792429126,0.08832848377403665,0.7457730603999779,0.7478207349777222,0.7704889178276062,1.0722492933273315,1.2525514364242554,1.8162652254104614,0.7350960969924927,1.5121433734893799,2.795548677444458,0.7605075836181641,0.02042418159544468,2.1895272731781006,0.7403253316879272
277,0.0001,0.08646341587106386,0.9440227762261544,0.22368165215507882,0.8633937868784521,0.9259554170646562,35.56439971923828,0.062216776857773465,0.04432612486804525,0.03682902228708069,0.09902705686787765,0.062216776857773465,0.7886147737503052,0.08734589363219308,0.11785521590318836,0.03289372651059119,0.09578475905734984,0.08734589363219308,0.7541981564193475,0.7460359930992126,0.769606351852417,1.07257878780365,1.251395344734192,1.8151147365570068,0.7355782985687256,1.505517840385437,2.793583393096924,0.760523796081543,0.019407197833061218,2.18263840675354,0.7404575347900391
278,0.0001,0.08550394450624783,0.9456627979650882,0.22391078364653666,0.867239546162377,0.9282990473076413,35.32588839530945,0.060547857607404394,0.04370820689946413,0.03710222939650218,0.09763651279111703,0.060547857607404394,0.7991918394962947,0.08890719443071084,0.1190256620528268,0.03325950842900354,0.09839863977471336,0.08890719443071084,0.7574432902648801,0.7451895475387573,0.7696288228034973,1.0725905895233154,1.2452189922332764,1.811906337738037,0.7358191013336182,1.5046257972717285,2.7908079624176025,0.7606467604637146,0.01836579665541649,2.1781816482543945,0.7404713034629822
279,0.0001,0.08602759738763173,0.9440379774057006,0.21892229577556985,0.8703503685214422,0.9302193882975921,39.142725229263306,0.06263060265531142,0.04354003584012389,0.037652444249639906,0.09743698549767335,0.06263060265531142,0.786468181014061,0.09097063211632557,0.11374351687607218,0.045717238952390486,0.09637423189448528,0.09097063211632557,0.7592513551477527,0.7442319989204407,0.7686062455177307,1.0728679895401,1.2441456317901611,1.8089942932128906,0.7359058856964111,1.502009630203247,2.7909889221191406,0.760863184928894,0.01774481125175953,2.1782259941101074,0.7406793832778931
280,0.0001,0.08572179613014062,0.9444050318021016,0.22457535345046248,0.8654907327845031,0.9273902628441484,38.18464517593384,0.06197561658918858,0.043342604363958044,0.03665313329547644,0.09677040514846642,0.06197561658918858,0.7923218011856079,0.08968838194354636,0.11852703597701963,0.03429534200762139,0.09476502471771396,0.08968838194354636,0.7476603144504985,0.7434531450271606,0.7679915428161621,1.072938323020935,1.2440903186798096,1.8077574968338013,0.7363725900650024,1.4987250566482544,2.7891173362731934,0.7608246803283691,0.01723102666437626,2.1738345623016357,0.7409058809280396
281,0.0001,0.08455831942458948,0.9444463167168143,0.2283787805525983,0.8591431115824328,0.9233573455516493,38.026814460754395,0.06144685068478187,0.0430884063243866,0.037415919142464796,0.09622246250510216,0.06144685068478187,0.7926534573237102,0.08939825633510215,0.1235021035202214,0.03261290802085986,0.09591095137302993,0.08939825633510215,0.7471732262705193,0.7419585585594177,0.7669466733932495,1.0729585886001587,1.2431893348693848,1.8071582317352295,0.7365043759346008,1.495661735534668,2.7854137420654297,0.7610196471214294,0.016333330422639847,2.1679296493530273,0.7416608333587646
282,0.0001,0.08487146658202012,0.9459325518392009,0.22808149408121578,0.8573357043481779,0.9214703953363259,36.94141983985901,0.0623912222062548,0.04375841136400898,0.03744594575837255,0.09656044567624728,0.0623912222062548,0.7954176406065623,0.08567134156578878,0.1258064459581844,0.03981623890214279,0.09869116190515581,0.08567134156578878,0.7605109449292793,0.741202712059021,0.7657561302185059,1.073074221611023,1.2417408227920532,1.803933024406433,0.7369132041931152,1.4919006824493408,2.7816646099090576,0.7610357999801636,0.015365956351161003,2.1629889011383057,0.7410451769828796
283,0.0001,0.08380072476963202,0.9460213123465936,0.22717097377190826,0.8657983167233636,0.927555177647202,34.86971139907837,0.06085767677674691,0.04295720458030701,0.03707381337881088,0.09748507849872112,0.06085767677674691,0.7915114154418309,0.08650590406089533,0.12213288394154095,0.033301529276077865,0.09562742111624264,0.08650590406089533,0.7521089569467013,0.7409679293632507,0.7654113173484802,1.0732407569885254,1.241085171699524,1.8028841018676758,0.7375656962394714,1.4897119998931885,2.7811388969421387,0.7613154053688049,0.014357270672917366,2.1566550731658936,0.741279125213623
284,0.0001,0.0853570474932591,0.9444277628838257,0.21962211024565775,0.8689758775505094,0.9294039955245526,37.8112530708313,0.06140044052153826,0.04398233527317643,0.0371011780264477,0.09563865773379802,0.06140044052153826,0.7993745967745781,0.08594573350226292,0.11534295683024359,0.03680066794889872,0.09596171877423271,0.08594573350226292,0.7631316390193876,0.7404894828796387,0.7650852799415588,1.0730167627334595,1.2386575937271118,1.800993800163269,0.7380440831184387,1.4865869283676147,2.7776060104370117,0.7615602612495422,0.013347495347261429,2.1510889530181885,0.741435170173645
285,0.0001,0.08505023643374443,0.9445190330796364,0.23157118529569906,0.8594206128287931,0.9238517967670337,35.38476872444153,0.062466729308168094,0.04328546365723014,0.03664967240765691,0.0964572336524725,0.062466729308168094,0.7899513483047486,0.08726180772312352,0.1243136637523526,0.03820629601107269,0.09526452031291899,0.08726180772312352,0.753024561483352,0.7384834885597229,0.7641674280166626,1.0732715129852295,1.2408785820007324,1.7981194257736206,0.7382525205612183,1.4851844310760498,2.773909568786621,0.7618829011917114,0.012523976154625416,2.147528886795044,0.7414658069610596
286,0.0001,0.08814553593595822,0.943173050588276,0.2324225917214253,0.8647377572047534,0.92680149457402,37.079200983047485,0.062262115875879924,0.045126338178912796,0.03746220367029309,0.09633642248809338,0.062262115875879924,0.7871912350257237,0.08813724715690144,0.12734608596465627,0.036760031871619775,0.09809157227883573,0.08813724715690144,0.7613711347345447,0.7373574376106262,0.7647960186004639,1.0735368728637695,1.2412304878234863,1.7969181537628174,0.73907870054245,1.4837690591812134,2.7735097408294678,0.7622078061103821,0.01288896705955267,2.144392728805542,0.7415576577186584
287,0.0001,0.08476287312805653,0.944981057562437,0.21442386605700509,0.8750762041234115,0.9328602227739239,31.60007119178772,0.061986853182315824,0.04351775388543804,0.03713897910589973,0.09567491002380848,0.061986853182315824,0.7895719776550929,0.08801973501189811,0.11323213064279712,0.030647440279116395,0.09340237423044737,0.08801973501189811,0.752219157140763,0.7378902435302734,0.7643764615058899,1.0737053155899048,1.2415567636489868,1.7961688041687012,0.7395257353782654,1.4823330640792847,2.771252155303955,0.7626403570175171,0.012085681781172752,2.139721393585205,0.7417738437652588
288,0.0001,0.0850721056262652,0.9454331116072658,0.23613644916503157,0.8652691697540804,0.9270820864215704,34.471932888031006,0.06184475136299928,0.043371422806133826,0.03637474871550997,0.09533235318958759,0.06184475136299928,0.7922434121370315,0.08878402644004978,0.1273965496020239,0.039124895558982596,0.09748363690298112,0.08878402644004978,0.7712919252817748,0.7368716597557068,0.7635318636894226,1.07396399974823,1.2426222562789917,1.7924903631210327,0.7398490309715271,1.4793736934661865,2.7682383060455322,0.7627596855163574,0.011821691878139973,2.1335277557373047,0.7418098449707031
289,0.0001,0.08299403823912144,0.9468345203035711,0.22581915777237688,0.8670450950116133,0.9282091767562421,37.78312563896179,0.059377810607353844,0.04251294620335102,0.036284111284961305,0.0958314816157023,0.059377810607353844,0.8020334074894587,0.08495139391695866,0.12388269700964943,0.03824820430552373,0.09739025266932659,0.08495139391695866,0.769364534831438,0.736303985118866,0.7624756693840027,1.0740344524383545,1.2404868602752686,1.7908586263656616,0.7400581240653992,1.4785264730453491,2.7660343647003174,0.7628713846206665,0.011162187904119492,2.1297314167022705,0.7419192790985107
290,0.0001,0.08196716674913963,0.947503116739387,0.22388893854422648,0.8665087727886324,0.9278031878475244,38.28491187095642,0.06054861017813285,0.04203223499159018,0.03587719791879256,0.09604991935193538,0.06054861017813285,0.7932514141003291,0.08555751208399164,0.12600839553309268,0.03658022536117522,0.09898636209183052,0.08555751208399164,0.7759193455586668,0.736848771572113,0.7625319361686707,1.0739272832870483,1.2439930438995361,1.7900938987731934,0.7404071092605591,1.4761823415756226,2.7616536617279053,0.7627943158149719,0.010608254000544548,2.1231930255889893,0.7417153120040894
291,0.0001,0.08120567662020524,0.9483069140108964,0.2197843550658617,0.8716545775501284,0.9308519625853748,35.11635375022888,0.0612500355578959,0.041377617387721936,0.03676328379660845,0.0973664457599322,0.0612500355578959,0.7961440801620483,0.08624282479286194,0.11984390887569209,0.03541044988593117,0.0971354459885691,0.08624282479286194,0.7738341376429698,0.7337130308151245,0.7614100575447083,1.0740172863006592,1.2402994632720947,1.7883269786834717,0.740403950214386,1.4742405414581299,2.760126829147339,0.7627540826797485,0.010018358007073402,2.11767315864563,0.7416672110557556
292,0.0001,0.08123433285703262,0.948346868284803,0.21714214516467736,0.8729234408967369,0.9316590681518008,34.85497498512268,0.0614016642794013,0.041477855294942856,0.036490388307720424,0.09749998251597086,0.0614016642794013,0.7944783757130305,0.08258338907703025,0.1178856504256608,0.03326938319645944,0.0937163744305001,0.08258338907703025,0.777790864960092,0.7321484088897705,0.7607766389846802,1.0739308595657349,1.2391376495361328,1.7867709398269653,0.7407671809196472,1.4708235263824463,2.7574799060821533,0.7631058692932129,0.009538404643535614,2.1103932857513428,0.7415713667869568
293,0.0001,0.08568435553461314,0.9453509629339917,0.2201802339710173,0.8696173888320908,0.9297429331900396,37.84617829322815,0.061602153442800046,0.04475763166944186,0.036493839727093774,0.09625538177788258,0.061602153442800046,0.7928484827280045,0.0877445315728422,0.11835740506649017,0.035557849363225404,0.0961615043829699,0.0877445315728422,0.7630753067673229,0.7322477698326111,0.7604910135269165,1.0742297172546387,1.237343668937683,1.7884379625320435,0.7409181594848633,1.4680335521697998,2.7547152042388916,0.7631176114082336,0.009632383473217487,2.112592935562134,0.7416183948516846
294,0.0001,0.08327727143963178,0.9465769951286739,0.22656999601692449,0.8595777745780051,0.9231564337037926,38.631187438964844,0.06052918750792742,0.04210973661392927,0.03629676389197509,0.09594172065456709,0.06052918750792742,0.7933706134557724,0.08836929011540334,0.12409214626570217,0.03380978583800988,0.09502466511530955,0.08836929011540334,0.7644353176726669,0.7311598658561707,0.7598171830177307,1.0742883682250977,1.2324796915054321,1.785314679145813,0.7413967251777649,1.468332052230835,2.7526285648345947,0.7632420063018799,0.009327506646513939,2.101933240890503,0.7418375611305237
295,0.0001,0.08340953849256039,0.9462980694503548,0.2234229670196283,0.8667757277399158,0.9282011531231036,42.705748081207275,0.06103618120153745,0.042676021655400596,0.036225979961454866,0.09620590507984161,0.06103618120153745,0.7946123033761978,0.08678791500994416,0.1205915207745599,0.0361004962784345,0.09628912415660795,0.08678791500994416,0.7739936934142816,0.7282864451408386,0.7593127489089966,1.074485421180725,1.2300201654434204,1.7870793342590332,0.7422146201133728,1.4657655954360962,2.7507123947143555,0.7631680369377136,0.008896999061107635,2.094313383102417,0.7414161562919617
296,0.0001,0.0824125250801444,0.9466428647725046,0.22196678841700318,0.870500555050112,0.9303024981896968,37.16296315193176,0.05968314247826735,0.04260455385471384,0.03603669585039218,0.09577897352476915,0.05968314247826735,0.7973660111427308,0.08718286014971185,0.12314208682443274,0.03939305172591913,0.09631343393540773,0.08718286014971185,0.7727342365217991,0.7276950478553772,0.7590533494949341,1.0747714042663574,1.2309156656265259,1.785398244857788,0.7424896955490112,1.4605607986450195,2.7451534271240234,0.7635307312011719,0.008343997411429882,2.0872790813446045,0.7415732145309448
297,0.0001,0.08107825083037218,0.9477002722213299,0.22475606203079224,0.8660935301057431,0.9276965824412494,36.18526768684387,0.05874977298080921,0.04127126686895887,0.035714623238891366,0.09578340897957484,0.05874977298080921,0.8037572771310806,0.0876626826700617,0.1213001154485296,0.034270185671868875,0.09551961964271108,0.0876626826700617,0.7610202890927674,0.7278140187263489,0.7583626508712769,1.0746736526489258,1.2277450561523438,1.7831127643585205,0.7428032159805298,1.4567381143569946,2.739860773086548,0.7634807229042053,0.007995297200977802,2.0835018157958984,0.7414817810058594
298,0.0001,0.08034829286237558,0.9484789849848628,0.23579789404986334,0.8569850243250745,0.9222483423914167,37.41439342498779,0.05998310179760059,0.040403581752131386,0.03617831561714411,0.09439848599334558,0.05998310179760059,0.7910469830036163,0.09213277379997441,0.13168240961481315,0.03167080054761934,0.09271801055454817,0.09213277379997441,0.7425598189479015,0.7278574705123901,0.7576549053192139,1.0749388933181763,1.2263613939285278,1.7822667360305786,0.7432873845100403,1.4513522386550903,2.737868070602417,0.7633835077285767,0.007501591462641954,2.0782740116119385,0.7410164475440979
299,0.0001,0.08088173319896062,0.9478022364634486,0.22010495330466598,0.8704888355031264,0.9303244354716891,37.7023184299469,0.060069847976167996,0.041186626193424065,0.03642136612907052,0.0949782807379961,0.060069847976167996,0.7995570083459218,0.08704273903467616,0.12062319233769277,0.03845314644887799,0.09635833687469607,0.08704273903467616,0.7744751015647513,0.7276384234428406,0.7571755051612854,1.0753802061080933,1.2281301021575928,1.7803828716278076,0.7437039017677307,1.4480661153793335,2.7365806102752686,0.7638048529624939,0.007702856790274382,2.072244882583618,0.740936815738678
300,0.0001,0.08179970234632492,0.9466782260311385,0.21711755495090954,0.8723214987608331,0.9313991791109062,36.91991925239563,0.05905445031821728,0.04228639081120491,0.03543404542530577,0.09530893775324027,0.05905445031821728,0.8034882515668869,0.0878020176877741,0.12016547507927065,0.03541485873646424,0.0933916765402575,0.0878020176877741,0.7595967044595813,0.7256920337677002,0.7559093832969666,1.0754512548446655,1.2263259887695312,1.7776564359664917,0.7439946532249451,1.444771409034729,2.736204147338867,0.7636012434959412,0.007855460047721863,2.072667121887207,0.7411906123161316
301,0.0001,0.07963874967147906,0.9487981546887438,0.22265146159734883,0.8689607097581808,0.9294112974955482,35.11360001564026,0.0598293616125981,0.04053650271768371,0.03627082050467531,0.09457132865985235,0.0598293616125981,0.7974221855401993,0.0891262368589151,0.12080611581685113,0.030334156983699956,0.09232035499127185,0.0891262368589151,0.7569297346912447,0.724481999874115,0.7559018135070801,1.0753483772277832,1.2266850471496582,1.7749626636505127,0.744314968585968,1.4446409940719604,2.7336883544921875,0.763870358467102,0.007857023738324642,2.0666472911834717,0.741499662399292
302,0.0001,0.08061708714812994,0.948471663179858,0.22184536080868517,0.8722432488311659,0.9312465611517485,34.57237935066223,0.059951953155299026,0.04137891090164582,0.035755285837997995,0.09424046091735364,0.059951953155299026,0.7985903392235438,0.08871037671800519,0.12261264526941737,0.03266926989203594,0.09425346260188056,0.08871037671800519,0.7650471114721454,0.7246419191360474,0.7554982900619507,1.0756601095199585,1.2257953882217407,1.7741845846176147,0.744739830493927,1.4420311450958252,2.731896162033081,0.7642444372177124,0.007438405882567167,2.065568208694458,0.7413724064826965
303,0.0001,0.07970476597547531,0.948446268526337,0.2218975968292502,0.8705989514772307,0.9302332179017951,31.06501078605652,0.05999875093499819,0.040448797835657996,0.036143891233950856,0.09416459649801254,0.05999875093499819,0.796064093708992,0.08674574973153286,0.1251369475341234,0.033061160171618226,0.09322390619848596,0.08674574973153286,0.7679065495240883,0.7244184017181396,0.7548375129699707,1.0758070945739746,1.227195382118225,1.7747201919555664,0.7450857758522034,1.43720281124115,2.728734254837036,0.764147937297821,0.007043097168207169,2.0599586963653564,0.7416625022888184
304,0.0001,0.08200935802112023,0.9474219618005317,0.23423647636272868,0.8589110192910534,0.9235937147296254,35.3016152381897,0.06184482450286547,0.04153951710710923,0.035965439832458895,0.0942660021285216,0.06184482450286547,0.7898847301801045,0.08963224536082784,0.12198405492989743,0.03930235135017848,0.0907374914796626,0.08963224536082784,0.7430190961869036,0.7226117849349976,0.7540236711502075,1.075937032699585,1.2246674299240112,1.7735496759414673,0.7453080415725708,1.4394770860671997,2.7290358543395996,0.7639333605766296,0.009289122186601162,2.05420184135437,0.742007851600647
305,0.0001,0.08021973768870036,0.947907751273913,0.22142310220687117,0.8696637939093972,0.9298064026059583,35.47738003730774,0.05803466358532508,0.04129224832480152,0.035122579087813695,0.09400818621118863,0.05803466358532508,0.799949316183726,0.08837999977537843,0.12446169536866125,0.0334601989779316,0.09628931310821752,0.08837999977537843,0.7699874580883589,0.7227067947387695,0.7536911964416504,1.0761709213256836,1.22270929813385,1.7710434198379517,0.7458624839782715,1.4376269578933716,2.7273406982421875,0.7643186450004578,0.010319652035832405,2.0517446994781494,0.7423288822174072
306,0.0001,0.08463273321588834,0.9451360324791159,0.21654393316292372,0.8708723319959709,0.9305661136795247,35.08813238143921,0.06094000445057948,0.04416212389866511,0.0361643277729551,0.09562416511277358,0.06094000445057948,0.792174032330513,0.08736192508310568,0.11831095094074968,0.035051200966366,0.0942633040860051,0.08736192508310568,0.7748280411860982,0.7239013910293579,0.7536866068840027,1.0765514373779297,1.2210242748260498,1.76775062084198,0.7460504770278931,1.4351191520690918,2.724398374557495,0.7641966342926025,0.008650049567222595,2.038771629333496,0.7423883676528931
307,0.0001,0.0798418365418911,0.9489622952735262,0.21818070357940236,0.8720677922167794,0.9311467932700142,38.41380286216736,0.05930074453353882,0.04056331127261122,0.03530279438321789,0.09461144891877969,0.05930074453353882,0.800318393111229,0.08434489479318993,0.12183945113029636,0.032274207375088675,0.09383684079178044,0.08434489479318993,0.7709293697701126,0.7230050563812256,0.7523969411849976,1.0765440464019775,1.220468282699585,1.7670780420303345,0.7463696599006653,1.433867335319519,2.7226059436798096,0.7643131613731384,0.007473430596292019,2.0375611782073975,0.7424887418746948
308,0.0001,0.0831755768507719,0.9466170714396108,0.23009946062916614,0.8714878474979585,0.9305879073259362,35.991164684295654,0.06268719459573428,0.042079869036873184,0.03576224138960242,0.09442849631110826,0.06268719459573428,0.7965765019257863,0.09538166811231708,0.12232432673211957,0.02879470843272131,0.08820357564531389,0.09538166811231708,0.7419399941553835,0.7224765419960022,0.7521390914916992,1.0767775774002075,1.220076560974121,1.7656850814819336,0.7466914653778076,1.4312031269073486,2.719863176345825,0.7644795179367065,0.007348349783569574,2.035895586013794,0.7424703240394592
309,0.0001,0.07986061740666628,0.9490889710288495,0.2234690384786637,0.8703285169348344,0.930102206699601,34.661890268325806,0.05969970654696226,0.04038705509155989,0.03601986610641082,0.0971395406872034,0.05969970654696226,0.799334000547727,0.09003256163636192,0.12125507192533524,0.034821792154527104,0.09182641752919213,0.09003256163636192,0.7652357376989771,0.721504271030426,0.7514700889587402,1.0770964622497559,1.2201871871948242,1.7646918296813965,0.7469736933708191,1.4295488595962524,2.7178614139556885,0.7648015022277832,0.006860318128019571,2.0300629138946533,0.7425064444541931
310,0.0001,0.0776026060183843,0.9498638381675089,0.21554054930561878,0.8734607424066632,0.9319871699981371,36.29129385948181,0.05781214088201523,0.03994101462885737,0.03517658968145649,0.09431726299226284,0.05781214088201523,0.804902986685435,0.08929917607151094,0.11694233559194159,0.032698328194559596,0.09195427230147064,0.08929917607151094,0.7678299770980584,0.7210116982460022,0.7508276104927063,1.077461838722229,1.2171566486358643,1.7646450996398926,0.7475090026855469,1.4264633655548096,2.7143709659576416,0.765013575553894,0.006597253493964672,2.026134490966797,0.7426465749740601
311,0.0001,0.0801832277327776,0.949441167317566,0.2185129518391656,0.8746018779119231,0.9326241345285421,35.890613079071045,0.058682432894905406,0.04107769283776482,0.03553783589353164,0.09462792910635472,0.058682432894905406,0.8011692374944687,0.09052059860503087,0.11786462464293496,0.03266594406278407,0.09406266349260925,0.09052059860503087,0.765666199512169,0.7207131385803223,0.7507941722869873,1.07755446434021,1.217151403427124,1.7636933326721191,0.7477056980133057,1.4269068241119385,2.7120282649993896,0.7652455568313599,0.005463653244078159,2.0182278156280518,0.7428296804428101
312,0.0001,0.0795666916295886,0.9492961506774106,0.22535958397583883,0.8677088122409634,0.9285914778797465,36.02426481246948,0.05848538304368655,0.04062312593062719,0.03497106336678068,0.09560900554060936,0.05848538304368655,0.8041734516620636,0.08655184495155929,0.12315706664421519,0.036311567684666056,0.09596729852625581,0.08655184495155929,0.7754569405415019,0.7199507355690002,0.7501268982887268,1.0774109363555908,1.215478539466858,1.76194167137146,0.7478106021881104,1.425968885421753,2.709977388381958,0.7651903033256531,0.004901929292827845,2.0128042697906494,0.7427396178245544
313,0.0001,0.07903501794983943,0.9484731802479623,0.22420265342368453,0.870163785867581,0.9301624786417912,39.50876975059509,0.05781767616669337,0.04075239443530639,0.03476731755460302,0.09587408304214477,0.05781767616669337,0.8029791454474131,0.08764775573718743,0.1254619366077126,0.034783349235038286,0.09548290415865476,0.08764775573718743,0.7721276517774238,0.7193716168403625,0.7497748732566833,1.0774611234664917,1.2157427072525024,1.7598285675048828,0.748363196849823,1.4227921962738037,2.705171823501587,0.7656791806221008,0.004264318384230137,2.0071072578430176,0.7425462007522583
314,0.0001,0.07817157041281461,0.950001540713421,0.22225430119233053,0.8737749389978486,0.9321187202765263,36.601560831069946,0.057549791783094405,0.04011226234336694,0.03509928456818064,0.09634871035814285,0.057549791783094405,0.8089273085196813,0.09439552037930879,0.1216560458062125,0.031396657350610514,0.09320605033245243,0.09439552037930879,0.7476358013074906,0.7188231945037842,0.7491304874420166,1.077714204788208,1.2154498100280762,1.7581044435501099,0.7485531568527222,1.420296549797058,2.701319694519043,0.7657545208930969,0.0038721903692930937,2.0035417079925537,0.7429469227790833
315,0.0001,0.0789292668302854,0.9506323603651021,0.21926099721525535,0.8739389552403435,0.9321918146435636,35.168933629989624,0.058565527635316056,0.03931394787505269,0.03510831538587809,0.09481450195113818,0.058565527635316056,0.8007031112909317,0.08543447319601404,0.12082484413365849,0.0323313406867082,0.0929092496144967,0.08543447319601404,0.774235408814227,0.716590404510498,0.7481756806373596,1.0779485702514648,1.2130365371704102,1.7565752267837524,0.7489076256752014,1.4161421060562134,2.6991024017333984,0.7656919360160828,0.003519966034218669,2.000148296356201,0.7427082061767578
316,0.0001,0.07750312723219395,0.9497754624449819,0.23059920282637486,0.8647561572778639,0.9268221720707792,33.12378430366516,0.058181095557908215,0.039966042557110386,0.03497970948616664,0.09494899374743303,0.058181095557908215,0.8029579252004624,0.08939241165997552,0.13071116646293734,0.03275545381131719,0.09416067233828247,0.08939241165997552,0.7640676283445514,0.7157120108604431,0.7476069927215576,1.0782880783081055,1.2111479043960571,1.755243182182312,0.7491366863250732,1.4133822917938232,2.697234630584717,0.7658435702323914,0.0032478352077305317,1.9959288835525513,0.7424916625022888
317,0.0001,0.0764193552856644,0.9513387159852408,0.2232195406419332,0.8735370933642712,0.9319095575359158,33.40551424026489,0.05888015155990919,0.039253737808515626,0.03443407767141859,0.09470101694266002,0.05888015155990919,0.8053446471691131,0.08869882807379863,0.12431411054290709,0.033640257281358124,0.09682924447001004,0.08869882807379863,0.7717028602224881,0.7150810956954956,0.7470604777336121,1.0788331031799316,1.2102868556976318,1.7512582540512085,0.7494699954986572,1.410222053527832,2.6956701278686523,0.7658517360687256,0.002974060596898198,1.9922640323638916,0.7425401210784912
318,0.0001,0.07633760335544745,0.9512822282792652,0.21636036661316138,0.8750489902444011,0.9329569742785124,32.8905930519104,0.05774521740774314,0.03897639618565639,0.03468672915672263,0.09512516347070535,0.05774521740774314,0.8076604058345159,0.09081421926861903,0.11861017444094674,0.041255853825905284,0.09428046729232444,0.09081421926861903,0.7730277034102894,0.712598443031311,0.7466832399368286,1.078803300857544,1.2078100442886353,1.7500345706939697,0.7495602369308472,1.4092586040496826,2.691819429397583,0.7658335566520691,0.002965650288388133,1.9882020950317383,0.7427237629890442
319,0.0001,0.07529723905026912,0.952521863227467,0.21841415225482377,0.8739416292509766,0.9322624788965819,35.757845640182495,0.05689864369730155,0.03849741984158754,0.034563862377156813,0.09424327127635479,0.05689864369730155,0.812245574593544,0.0879739979740049,0.11922624585081319,0.03574637433544534,0.0932516808636853,0.0879739979740049,0.769367220948954,0.711873471736908,0.7456751465797424,1.0788713693618774,1.2066292762756348,1.749149203300476,0.7497497200965881,1.4078625440597534,2.6897432804107666,0.7657792568206787,0.002850728342309594,1.985545039176941,0.7425820827484131
320,0.0001,0.0751387902845939,0.9521493873530973,0.21792924453000553,0.8751229567496905,0.932987594320351,36.87941575050354,0.05594091850022475,0.03850832513223092,0.03409654072796305,0.09501336738467217,0.05594091850022475,0.8148477703332901,0.0884496083513635,0.11913813846033128,0.030528177247672785,0.09308822220954739,0.0884496083513635,0.7646055964172863,0.7114776968955994,0.7453022003173828,1.0789579153060913,1.2058396339416504,1.7480297088623047,0.7503564357757568,1.4082221984863281,2.6839241981506348,0.7661033868789673,0.0025597605854272842,1.9790668487548828,0.7426489591598511
321,0.0001,0.07295172034452359,0.9537597731083408,0.22588103350068703,0.869048350174079,0.9293677960333352,39.15316200256348,0.05663845672582587,0.036639573114613695,0.034230895806103945,0.09516075054804483,0.05663845672582587,0.8134239087502162,0.08709243330799166,0.1280364199984269,0.035767730630812095,0.09457251515056266,0.08709243330799166,0.7740180013609714,0.7101368308067322,0.7443265318870544,1.0789856910705566,1.2030527591705322,1.7470279932022095,0.7505753040313721,1.4044280052185059,2.6803879737854004,0.7659924030303955,0.0023961151018738747,1.9724526405334473,0.7428261041641235
322,0.0001,0.0759023887415727,0.9522058466022093,0.22060048922163542,0.8724126681929191,0.9314005724687375,34.949820041656494,0.05768479065348705,0.038575467622528475,0.03393206996843219,0.09481016136705875,0.05768479065348705,0.8086784094572067,0.08763256571331962,0.12351250929422065,0.032825004981189475,0.09255089696313513,0.08763256571331962,0.7651135608798167,0.708207905292511,0.7440662980079651,1.0791059732437134,1.2012264728546143,1.7464959621429443,0.7508313059806824,1.4020750522613525,2.67771315574646,0.7660589814186096,0.00218695355579257,1.9683760404586792,0.7427312731742859
323,0.0001,0.07737241722643376,0.9505817364975735,0.2218480808813064,0.8715722129528437,0.930916090210683,35.66633653640747,0.05795161941399177,0.039791884428511066,0.03465897776186466,0.0941892646253109,0.05795161941399177,0.8121819287538529,0.08511822841695098,0.12363864371522529,0.032941709837464035,0.09352719722712627,0.08511822841695098,0.7841007250254272,0.7071412801742554,0.7437450289726257,1.0792123079299927,1.1990338563919067,1.745598554611206,0.7509706020355225,1.4001073837280273,2.674706220626831,0.7660961747169495,0.00200940971262753,1.9651542901992798,0.742807924747467
324,0.0001,0.07453013857205709,0.951665294696594,0.22264271779138534,0.8729900398884815,0.9316482934133049,34.69489288330078,0.05748179784665505,0.03806194858625531,0.03407397093251348,0.09386585627992948,0.05748179784665505,0.8036809633175532,0.088442256216143,0.12677526986989818,0.03060007070908781,0.09245810914235036,0.088442256216143,0.7647738046333438,0.7057607769966125,0.7434825897216797,1.0793238878250122,1.1949005126953125,1.7452812194824219,0.7511286735534668,1.3977383375167847,2.673774480819702,0.7663440108299255,0.0018763968255370855,1.96158766746521,0.7425518035888672
325,0.0001,0.07777995790044466,0.9513889964431103,0.22914963130091057,0.8687234252316721,0.9292494613897869,39.501768589019775,0.05770491318156322,0.039636756759136915,0.03398783445979158,0.09374833727876346,0.05770491318156322,0.8086024552583695,0.08448026854483807,0.12770064749190066,0.03453600467717061,0.09373719819256517,0.08448026854483807,0.7806408698441553,0.7050929665565491,0.7428745627403259,1.0791113376617432,1.1938214302062988,1.7429949045181274,0.751548171043396,1.395196795463562,2.6720120906829834,0.7662221193313599,0.0018090757075697184,1.95854651927948,0.7419630885124207
326,0.0001,0.07726222270478805,0.9503348853625669,0.22578042623449546,0.8722790485193368,0.9312383619145956,38.25788879394531,0.058009679336100815,0.04005544222891331,0.034958571661263704,0.09404436474045118,0.058009679336100815,0.8098397384087245,0.08519286344774434,0.12576112743528162,0.032519171533525966,0.09293131249361351,0.08519286344774434,0.7775553582144565,0.7049508094787598,0.7427781820297241,1.0791159868240356,1.1946908235549927,1.7441742420196533,0.7519917488098145,1.3916356563568115,2.671165704727173,0.7664980888366699,0.0017590817296877503,1.9556703567504883,0.7422165870666504
327,0.0001,0.0761785646279653,0.9519398327971446,0.22624900692799052,0.8712657028449916,0.9306550949988204,36.086440324783325,0.05776780756811301,0.03942317065472404,0.03467184267938137,0.09417025099198023,0.05776780756811301,0.8056257476409276,0.08958173848566461,0.12729808150744829,0.030588007730538727,0.09399287402629852,0.08958173848566461,0.7692562478487609,0.7039678692817688,0.7425950169563293,1.079267144203186,1.192116141319275,1.7408262491226196,0.7523408532142639,1.3886362314224243,2.6683578491210938,0.7663195729255676,0.0016456469893455505,1.9515751600265503,0.7424141764640808
328,0.0001,0.0747580848634243,0.9519881888979917,0.22576821265650576,0.8711711808632885,0.9306517724646174,33.84346604347229,0.05599961131811142,0.038732233674575886,0.03415010382110874,0.09424389352401098,0.05599961131811142,0.809296527504921,0.08867148224447595,0.12781017530159872,0.03210054912039491,0.09239469700660861,0.08867148224447595,0.7688740921802208,0.7030067443847656,0.7421892285346985,1.079634666442871,1.1896377801895142,1.7389476299285889,0.7527046203613281,1.388433814048767,2.666285514831543,0.766442060470581,0.0015899932477623224,1.9482297897338867,0.7422200441360474
329,0.0001,0.07447435123225053,0.952479459856624,0.22214057357584843,0.8729637003685758,0.9316551679261614,32.52376174926758,0.0560651800284783,0.038387648730228346,0.034127600801487766,0.09377818952004115,0.0560651800284783,0.8109487315018972,0.08669331376669837,0.12504303553065316,0.032570022478943965,0.09088141923068,0.08669331376669837,0.7758583719613122,0.7016251683235168,0.7417852878570557,1.0797622203826904,1.1883660554885864,1.7377471923828125,0.7529363036155701,1.3879737854003906,2.6633846759796143,0.766622006893158,0.0014381695073097944,1.9445873498916626,0.7422592043876648
330,0.0001,0.07479356589416662,0.9527878520330239,0.2247002549835893,0.8689293557821112,0.9293404431776541,31.39147448539734,0.05798263524969419,0.03812196611737211,0.03426020328576366,0.09348742353419463,0.05798263524969419,0.8089744846026102,0.08593499513923145,0.12778482610573533,0.03339785154237122,0.09308435987742221,0.08593499513923145,0.7797019667312747,0.7015804648399353,0.7414291501045227,1.0797895193099976,1.18770432472229,1.7358360290527344,0.753380537033081,1.3861643075942993,2.661012887954712,0.7667953372001648,0.0014044081326574087,1.9423578977584839,0.7423076629638672
331,0.0001,0.07470243951926629,0.9531240296768376,0.22498576477414273,0.8694578336492395,0.9295916769411472,34.31840753555298,0.05690083708614111,0.037766710327317314,0.03388069327920675,0.09317274106045564,0.05690083708614111,0.8130068173011143,0.0857332133855976,0.12798628064452625,0.03384706219200228,0.09352977732654477,0.0857332133855976,0.7772580981254578,0.7020886540412903,0.7408239841461182,1.0800453424453735,1.188820242881775,1.7345062494277954,0.753453254699707,1.3843077421188354,2.65952205657959,0.7668315768241882,0.0015096849529072642,1.9425086975097656,0.7426292896270752
332,0.0001,0.0793678700303038,0.9482638229363556,0.24094969180763745,0.8580600325462464,0.9228901674079186,39.1366240978241,0.05731743052601814,0.04151355614885688,0.03424215208118161,0.09388886764645576,0.05731743052601814,0.8118781407674154,0.09015939299200403,0.1368755922942865,0.03331789832378997,0.09514143049228387,0.09015939299200403,0.7707253665220543,0.7020672559738159,0.7405398488044739,1.0803554058074951,1.1876262426376343,1.7335097789764404,0.7535027861595154,1.380879282951355,2.659615993499756,0.766743540763855,0.0029573787469416857,1.9439088106155396,0.7428017854690552
333,0.0001,0.07565611600875854,0.9513577860166955,0.2327546074253614,0.8628523198426782,0.9258107104891149,35.60440540313721,0.057518615697820984,0.039253617729991676,0.03496923977509141,0.09344820442299048,0.057518615697820984,0.8088898440202077,0.08633686431118699,0.12846213383752791,0.03385643954159784,0.09339025103655017,0.08633686431118699,0.7822533836130237,0.7009841203689575,0.7406610250473022,1.0804253816604614,1.1852614879608154,1.7330957651138306,0.7537392377853394,1.3810056447982788,2.657963752746582,0.7669456005096436,0.006018067244440317,1.9414877891540527,0.7432095408439636
334,0.0001,0.07336848645160596,0.9540347892204386,0.22127323121321005,0.8704487403956691,0.9303073758887302,34.42736887931824,0.055262388475239274,0.03741778743763765,0.03413106435909867,0.09401995874941349,0.055262388475239274,0.8201277703046799,0.08440086538674402,0.12258998756525946,0.029526208451048273,0.09161911318536664,0.08440086538674402,0.7684245891258364,0.7000618577003479,0.7400911450386047,1.080631136894226,1.1860677003860474,1.7296291589736938,0.7539346218109131,1.3793336153030396,2.655172348022461,0.7670773267745972,0.0065767462365329266,1.9365568161010742,0.7434513568878174
335,0.0001,0.07326440401375293,0.9533803824862109,0.22488852028475434,0.867504206875115,0.9285714120832799,37.57325887680054,0.05646941084414721,0.037376959808170795,0.03460435612748067,0.09422710239887237,0.05646941084414721,0.8106499791145325,0.08547592065373405,0.12438802714230585,0.03220600353889778,0.09356186856500438,0.08547592065373405,0.7736682393511788,0.6990551948547363,0.7399052381515503,1.080722689628601,1.1863512992858887,1.729971170425415,0.7541870474815369,1.3795005083084106,2.6525704860687256,0.7672093510627747,0.0079027796164155,1.9318881034851074,0.7431386113166809
336,0.0001,0.0764700890208284,0.951951898124119,0.23051021333600655,0.8672564877300617,0.9283631919666533,34.782257080078125,0.06026268371691306,0.03899506920327743,0.03450237118328611,0.09368686005473137,0.06026268371691306,0.8027981241544088,0.08924881918508498,0.1285070075851972,0.028557036957535586,0.09067789550687445,0.08924881918508498,0.7635751522955347,0.6991233825683594,0.740027904510498,1.0807996988296509,1.1851732730865479,1.7273297309875488,0.7543812990188599,1.3768765926361084,2.6508219242095947,0.7674716114997864,0.009920964948832989,1.926135540008545,0.7430334687232971
337,0.0001,0.07597410995513201,0.9507970329555865,0.2357848208458697,0.8604011715395878,0.9242201416571236,35.31197190284729,0.05789259467273951,0.03909987102573117,0.03439728437612454,0.09271663700540861,0.05789259467273951,0.8009223759174346,0.08702328898867623,0.1296532264009851,0.03593342378735542,0.09347141424163444,0.08702328898867623,0.7762516052996526,0.6975352764129639,0.7394004464149475,1.0808993577957153,1.1819753646850586,1.7277791500091553,0.7544840574264526,1.3781541585922241,2.6497931480407715,0.7674142718315125,0.009140842594206333,1.9240983724594116,0.7428832054138184
338,0.0001,0.0754056280478835,0.9524743301007449,0.23227146048037733,0.866517609500498,0.9279145993580177,36.86003804206848,0.059538885951042175,0.038448516341547175,0.034241817363848286,0.09422809345026811,0.059538885951042175,0.8001329988241196,0.0859407904695292,0.12933980783478158,0.03078731760138371,0.09157989516121443,0.0859407904695292,0.7750642954326067,0.6977795958518982,0.738881528377533,1.0810774564743042,1.1805144548416138,1.7267242670059204,0.7548093795776367,1.3750858306884766,2.6480679512023926,0.7672508955001831,0.008575540967285633,1.9216138124465942,0.7428479790687561
339,0.0001,0.07339045964181423,0.9537437212519895,0.23215032368898392,0.8672029408597834,0.9283346423456189,34.335641622543335,0.0564456049973766,0.03677364007259409,0.03404097283879916,0.09423588998615742,0.0564456049973766,0.8159426212310791,0.08939220170017148,0.13065189685000747,0.029088149305249823,0.09127649774805444,0.08939220170017148,0.762033323772618,0.696916401386261,0.7381998300552368,1.0813438892364502,1.1801581382751465,1.7240599393844604,0.7549755573272705,1.3755054473876953,2.6458775997161865,0.7673872113227844,0.008350220508873463,1.917979121208191,0.7427555322647095
340,0.0001,0.0733060484752059,0.9532854586533158,0.23008086007149492,0.8663919558821741,0.9278667093520517,35.43585395812988,0.0559732069571813,0.037501969219495855,0.03377333317572872,0.09409571302433808,0.0559732069571813,0.8142613609631856,0.08604927116730174,0.12973471071387901,0.032690089379177716,0.09304526142898153,0.08604927116730174,0.7732645214581099,0.6964471936225891,0.7377687096595764,1.081360101699829,1.1818042993545532,1.7235263586044312,0.7552905082702637,1.3746633529663086,2.6420533657073975,0.7675729990005493,0.008235907182097435,1.9126319885253906,0.7427394390106201
341,0.0001,0.07133306935429573,0.9551402637380954,0.2291116030489812,0.8699518521380213,0.9299335527573215,35.28280019760132,0.05435785030325254,0.0362893217553695,0.03300005843242009,0.0933613001058499,0.05435785030325254,0.8167202522357305,0.09009279994691005,0.12771878257149555,0.033134467655518016,0.09229296946623286,0.09009279994691005,0.7644942314898382,0.6949467062950134,0.7372345328330994,1.0814363956451416,1.1801486015319824,1.7213934659957886,0.7555282115936279,1.372792363166809,2.6396450996398926,0.7676807641983032,0.007856558077037334,1.909469485282898,0.7428975105285645
342,0.0001,0.07353553734719753,0.9533025010065668,0.22418176834700537,0.8674675564925519,0.9285276585325636,33.78459644317627,0.05600583031773567,0.03830733029171825,0.033947052092601855,0.09355639691154162,0.05600583031773567,0.8171697626511256,0.0848154537990445,0.12477808714401527,0.03168273631666527,0.09092446355546108,0.0848154537990445,0.7791767755492789,0.6951289772987366,0.736703097820282,1.0814704895019531,1.1792901754379272,1.7190860509872437,0.7558794617652893,1.3715271949768066,2.637718915939331,0.767701268196106,0.0077759684063494205,1.908722162246704,0.7432685494422913
343,0.0001,0.07246796892335018,0.9544103065732822,0.22494543404852757,0.8669963063700513,0.9282834009952975,47.85933446884155,0.057714099747439226,0.036774833143378295,0.034188557012627525,0.09248465212682883,0.057714099747439226,0.8114403108755748,0.08463122585757835,0.12492724715686235,0.03153853210025146,0.09160203828674848,0.08463122585757835,0.7839886380023644,0.6945765614509583,0.7364457249641418,1.081568717956543,1.1784759759902954,1.7179514169692993,0.7560696601867676,1.3702603578567505,2.63570499420166,0.7678205370903015,0.007958265952765942,1.906562328338623,0.7431632876396179
344,0.0001,0.07336703209827343,0.9532917061092028,0.23056789817380124,0.8667589074804012,0.9280935202741423,132.344890832901,0.05590182983626922,0.03784951971222957,0.03408005014061928,0.09267404017349085,0.05590182983626922,0.8127010444800059,0.08585384707958972,0.1299069053569778,0.03203307678464983,0.09232337968271287,0.08585384707958972,0.7779132538154477,0.6937856674194336,0.7360444068908691,1.0817737579345703,1.1755963563919067,1.7167474031448364,0.7564722895622253,1.3700052499771118,2.634453058242798,0.7680754065513611,0.008746444247663021,1.9033057689666748,0.7432413697242737
345,0.0001,0.07235927892227968,0.9547361271897156,0.23015917764335383,0.8642186922110793,0.9266444480454157,37.85675048828125,0.055988412660857044,0.03690636660903692,0.033791693517317374,0.09301422126591205,0.055988412660857044,0.8117646902799607,0.08378325109599066,0.13085593661812486,0.033712062007579646,0.09269843311583409,0.08378325109599066,0.7836734232355337,0.6932569146156311,0.7355101704597473,1.0818846225738525,1.1729154586791992,1.7152811288833618,0.7568464279174805,1.3659870624542236,2.6321537494659424,0.7681432962417603,0.009003153070807457,1.8989654779434204,0.7434626817703247
346,0.0001,0.0728658049677809,0.9530802630943565,0.22592362370647368,0.8692485111769185,0.9295075557927407,35.7052686214447,0.05574537049978971,0.03761338473608097,0.033298723461727305,0.09244589880108833,0.05574537049978971,0.8084663112958272,0.08572357734207248,0.12862295058907056,0.0304441364085088,0.09120266615855889,0.08572357734207248,0.7752514843080864,0.6924172639846802,0.7350683212280273,1.0819226503372192,1.1712868213653564,1.7143266201019287,0.7570211291313171,1.363696813583374,2.6299362182617188,0.7681291699409485,0.0077423513866961,1.8948698043823242,0.7435414791107178
347,0.0001,0.0718476373081406,0.9548881112332546,0.23055212150831692,0.8650325606559488,0.9270041800751347,111.37951517105103,0.05550226575384538,0.03684318866580725,0.03330857524027427,0.0916505940258503,0.05550226575384538,0.8138167897860209,0.08726378395909169,0.13338029238044238,0.03367499775085293,0.09161299222805461,0.08726378395909169,0.7762268596008176,0.6917318105697632,0.7346305847167969,1.0820075273513794,1.1676868200302124,1.7137649059295654,0.7573716640472412,1.3593876361846924,2.628629684448242,0.7682912945747375,0.013543328270316124,1.8919389247894287,0.743800699710846
348,0.0001,0.07212675934036573,0.954200328465231,0.2265159006490082,0.867921090925554,0.9287828674589966,154.53349685668945,0.0556936101987958,0.036823930218815804,0.03396728169173002,0.09258255772292615,0.0556936101987958,0.8185802668333053,0.08488226266669445,0.12875996432343467,0.03272487986527505,0.09117882246853876,0.08488226266669445,0.7845707623684992,0.6917012929916382,0.7338879108428955,1.0821471214294434,1.168734073638916,1.7120410203933716,0.7576451301574707,1.3578596115112305,2.627201795578003,0.7683348059654236,0.014711764641106129,1.8907068967819214,0.7436319589614868
349,0.0001,0.07007859982550144,0.9556728575770671,0.229971244564799,0.8691285792560357,0.9294997286891642,88.48909282684326,0.0540690981472532,0.035857628130664426,0.03313053725287318,0.09276462594668071,0.0540690981472532,0.8233164747556051,0.08667074656877362,0.13028156488645273,0.03056272558990072,0.08975051929716205,0.08667074656877362,0.7753996174843585,0.6912193298339844,0.7337604761123657,1.082045555114746,1.1675024032592773,1.7116502523422241,0.7578138709068298,1.357419729232788,2.6255757808685303,0.7682017087936401,0.014998500235378742,1.8891785144805908,0.7434619665145874
350,0.0001,0.07004848923534154,0.9557041812866771,0.22857495299616798,0.8683541055261468,0.9290729998865548,67.80081033706665,0.05439086419840654,0.0356175825620691,0.03277705134823918,0.09129097821811835,0.05439086419840654,0.8198130846023559,0.08802157151894491,0.1289882760067455,0.0349637538683219,0.09078006360863076,0.08802157151894491,0.7779059019245085,0.6901570558547974,0.733379602432251,1.0822515487670898,1.1659663915634155,1.7115073204040527,0.7581003904342651,1.3583407402038574,2.623427629470825,0.7680885791778564,0.013412033207714558,1.8837813138961792,0.7433862090110779
351,0.0001,0.07136469141890606,0.9549961505306024,0.21980623168046357,0.8755388763538073,0.9331695644961407,52.73342299461365,0.05655913980056842,0.036627539061009885,0.03340452266857028,0.09246435749034086,0.05655913980056842,0.8088700830936432,0.08557658031827113,0.12392791934677812,0.03331719570961155,0.08969734755695843,0.08557658031827113,0.7789957640600986,0.68964022397995,0.7330617904663086,1.0823206901550293,1.1645632982254028,1.7095891237258911,0.7585707902908325,1.3559987545013428,2.6205573081970215,0.7681448459625244,0.013077031821012497,1.8834221363067627,0.7434484362602234
352,0.0001,0.07229501940310001,0.9534572929418397,0.23518051732270445,0.8656713634591463,0.927369957733307,51.16597247123718,0.05640510420004527,0.03688097124298414,0.03366655207549532,0.0903584857781728,0.05640510420004527,0.8096758236487707,0.08862169795348997,0.13243487526158818,0.03178948157879173,0.09120119497424266,0.08862169795348997,0.7770939068716081,0.6888365149497986,0.7326506972312927,1.0822373628616333,1.1632089614868164,1.7072826623916626,0.758610188961029,1.354209303855896,2.619729995727539,0.7682088613510132,0.016292059794068336,1.8809696435928345,0.7436026930809021
353,0.0001,0.0716648530215025,0.9557739139397202,0.230020813766073,0.8680164162954672,0.9288581129490955,90.03020644187927,0.055841791133085884,0.03672674462820093,0.03373931171372533,0.09106046805779139,0.055841791133085884,0.8161315490802129,0.08580840366785644,0.13125169545900625,0.03293855695939455,0.09096791216584503,0.08580840366785644,0.7835183397668307,0.6875385642051697,0.7320988774299622,1.0822757482528687,1.1614844799041748,1.7063353061676025,0.758756160736084,1.352425217628479,2.6176867485046387,0.7681906223297119,0.017259445041418076,1.8783323764801025,0.7435826063156128
354,0.0001,0.06969110270341237,0.9563772625319383,0.23465819949986505,0.8658091950677282,0.9274510461281252,97.1935670375824,0.05558080930883686,0.03526330335686604,0.03369766327862938,0.09155097603797913,0.05558080930883686,0.8156461377938589,0.09150269102366244,0.1315205676145241,0.03190496905905302,0.09009562054129898,0.09150269102366244,0.7645883872860768,0.6869078874588013,0.7317842841148376,1.0823938846588135,1.160167932510376,1.7045987844467163,0.7589864134788513,1.351365566253662,2.615419387817383,0.7683011293411255,0.016636164858937263,1.8752325773239136,0.74355548620224
355,0.0001,0.07136062594751517,0.955073029330961,0.22748419337096762,0.8689172610749882,0.9293147110832427,150.82194685935974,0.05469457476089398,0.036899387401839095,0.032596068394680815,0.09104445328315099,0.05469457476089398,0.8184133301178614,0.08601952258680688,0.1297354192518797,0.03327366160076173,0.0909312587292468,0.08601952258680688,0.7831140209416874,0.6863036155700684,0.7311185598373413,1.082527756690979,1.1579614877700806,1.7021862268447876,0.7589945793151855,1.3475486040115356,2.612884998321533,0.768426775932312,0.013911450281739235,1.8692858219146729,0.7434378862380981
356,0.0001,0.0705733956148227,0.9551247686675969,0.2330811204480343,0.8667525997269545,0.9280399285786377,70.28844285011292,0.05481280734141668,0.03631408171107372,0.033182220067828894,0.09069565447668235,0.05481280734141668,0.8166333903868993,0.08951703043746166,0.1345491719539048,0.030890100742461252,0.0912394149870169,0.08951703043746166,0.7736065280242045,0.6859101057052612,0.7312705516815186,1.0826460123062134,1.1572003364562988,1.7013919353485107,0.7591346502304077,1.3475865125656128,2.6103744506835938,0.7684814929962158,0.012503747828304768,1.86492919921875,0.7434889078140259
357,0.0001,0.07156298359235128,0.954502181920404,0.22793705358368452,0.8682785764104483,0.9289933460156123,104.53749465942383,0.05569907575845719,0.037064193716893595,0.03343223373716076,0.09103754100700219,0.05569907575845719,0.8165921529134115,0.0854191401454269,0.13005247809847847,0.034824696476342246,0.09149526560404261,0.0854191401454269,0.7757530476226181,0.6848634481430054,0.7309568524360657,1.0827137231826782,1.1557918787002563,1.7002698183059692,0.7591355443000793,1.3440009355545044,2.6104869842529297,0.7684624791145325,0.014340936206281185,1.8698264360427856,0.7435422539710999
358,0.0001,0.07040193279584249,0.956088024528382,0.22201839834451675,0.872061515345266,0.931221165223802,181.80543684959412,0.054305819484094776,0.03606325474878152,0.032882940769195554,0.09118217527866364,0.054305819484094776,0.822384895881017,0.08504112956465268,0.12593794430865615,0.029554268192560948,0.08938145784081006,0.08504112956465268,0.7787033573525851,0.6849304437637329,0.7308757305145264,1.082917332649231,1.157491683959961,1.6985447406768799,0.759422242641449,1.3424813747406006,2.608295202255249,0.768578827381134,0.013629022054374218,1.8676731586456299,0.7436618804931641
359,0.0001,0.06896152645349503,0.9569911905266999,0.2251361970041619,0.8709180927753206,0.9304919090938296,107.49968338012695,0.05534957175453504,0.03470162802065412,0.03318379446864128,0.09093408373494943,0.05534957175453504,0.8171972741683324,0.08512222009604095,0.12931588438690686,0.0333804402683602,0.09200173885118766,0.08512222009604095,0.7837857232719171,0.6837486028671265,0.7303125858306885,1.0829797983169556,1.155308723449707,1.6974328756332397,0.7596917748451233,1.3431566953659058,2.6073808670043945,0.7685471773147583,0.012145175598561764,1.862531065940857,0.7437565922737122
360,0.0001,0.06981362445900838,0.9562410152926276,0.2287333158195996,0.8688326947655244,0.9292705935143076,159.09718990325928,0.05488706504305204,0.03569979077825944,0.032419585374494395,0.09083095888296763,0.05488706504305204,0.8198864430189132,0.08630674332380295,0.13071481223966255,0.0323009083016974,0.09048387469326863,0.08630674332380295,0.7793162953658183,0.683009147644043,0.7296877503395081,1.083016276359558,1.1537326574325562,1.696661114692688,0.7597008943557739,1.3407825231552124,2.60613751411438,0.7685109972953796,0.01228700578212738,1.8583934307098389,0.7437623143196106
361,0.0001,0.06987060854832332,0.9551551653029471,0.22772439007387787,0.8720483709567003,0.9311041681689499,102.61671113967896,0.055667826905846596,0.03559031200905641,0.03309601765746872,0.0916879607985417,0.055667826905846596,0.8091246098279953,0.08729129223549953,0.12979335521088273,0.028818508946016185,0.09057159672995083,0.08729129223549953,0.7679656616977004,0.6829237937927246,0.7292793989181519,1.0831791162490845,1.1543998718261719,1.693698763847351,0.759888768196106,1.3400459289550781,2.6049957275390625,0.7686827778816223,0.01259643491357565,1.8540719747543335,0.7437782287597656
362,0.0001,0.06986183132976294,0.9559930083521494,0.2293942674505906,0.8674790582865616,0.9285328204831065,76.87267756462097,0.056651435978710654,0.03581673925121625,0.033250619067500035,0.09144665052493413,0.056651435978710654,0.8112540433804194,0.08175712799439665,0.13316046629772813,0.033056563651952586,0.09162192425278366,0.08175712799439665,0.7839168769414308,0.6821194887161255,0.7287616729736328,1.0832111835479736,1.1533950567245483,1.6928765773773193,0.7601970434188843,1.3391282558441162,2.6035313606262207,0.768675684928894,0.011660605669021606,1.8531324863433838,0.7436172366142273
363,0.0001,0.07018982904652754,0.9560152132499243,0.23332034979687363,0.8662563433554274,0.927729470064384,100.08884978294373,0.0566771670555075,0.03561170864850283,0.03328835632031162,0.09095156031350295,0.0566771670555075,0.8100302318731943,0.08457250966400397,0.13527095672048506,0.033135123245540216,0.09229568135542948,0.08457250966400397,0.7786618744740721,0.6814514398574829,0.7285679578781128,1.0833745002746582,1.1536660194396973,1.6928088665008545,0.7603185176849365,1.335448145866394,2.602283477783203,0.7685533761978149,0.01084104273468256,1.8495386838912964,0.7436137199401855
364,0.0001,0.06731050591915846,0.9579675891154944,0.22864478460100832,0.8689479315270898,0.9293451024889393,88.00475406646729,0.054768444721897444,0.03413429840778311,0.033150791625181836,0.0919456468274196,0.054768444721897444,0.8202618668476741,0.082930859239375,0.1338444314286357,0.03222277259728948,0.090211492092883,0.082930859239375,0.7761151751533883,0.6800867319107056,0.728017270565033,1.0835822820663452,1.1518622636795044,1.6922216415405273,0.7602930665016174,1.333911418914795,2.5991122722625732,0.7684773802757263,0.010313302278518677,1.8454909324645996,0.743667721748352
365,0.0001,0.06762292347848416,0.957949466069136,0.23154377167830703,0.8675154891968316,0.9284812108134369,167.59642243385315,0.05439465859284003,0.03432491589337587,0.03275056987379988,0.09156310372054577,0.05439465859284003,0.8234630266825358,0.08363250337663244,0.1346963707540856,0.032113140723744375,0.09112130264278318,0.08363250337663244,0.7823609739053444,0.679596483707428,0.7275933623313904,1.0836514234542847,1.150873064994812,1.6914724111557007,0.7604885697364807,1.3320960998535156,2.5969223976135254,0.7686178088188171,0.01058011595159769,1.841425895690918,0.7437381744384766
366,0.0001,0.07031496521085501,0.9554667704109403,0.23040299337418352,0.8672090631169863,0.9282834814285913,112.41895627975464,0.05507482389609019,0.036424758269762,0.03318005080024401,0.09089712761342525,0.05507482389609019,0.8162713150183359,0.08538125504235752,0.13492084563267034,0.031576099210098144,0.08899495469742134,0.08538125504235752,0.7725698654768897,0.6795386075973511,0.7277629971504211,1.0838173627853394,1.1498291492462158,1.689963459968567,0.7607564330101013,1.3296406269073486,2.594435453414917,0.7686628103256226,0.009713714011013508,1.8367443084716797,0.7437307834625244
367,0.0001,0.06840416137129068,0.9570127889032791,0.2333102485195535,0.8657045616669936,0.9274795504518815,34.88607478141785,0.055424557502071065,0.03525411458685994,0.03310420305157701,0.09046038488547008,0.055424557502071065,0.8166308244069417,0.08507153135342677,0.13598358484565234,0.03091839615438805,0.09046084812430084,0.08507153135342677,0.778633457715394,0.6792700290679932,0.7272796630859375,1.0837289094924927,1.1482350826263428,1.6884222030639648,0.760880708694458,1.3290817737579346,2.5930867195129395,0.7685633301734924,0.008918718434870243,1.8333337306976318,0.7437437176704407
368,0.0001,0.06738955856611331,0.957748091602873,0.22522950929696442,0.8698005373689284,0.9298522863133973,33.70686626434326,0.05400721939901511,0.03448527030025919,0.03260426102206111,0.09114890495936076,0.05400721939901511,0.8242450733979543,0.08500535370873623,0.1280814580252913,0.03044132155473115,0.08979452328115213,0.08500535370873623,0.7789878278482155,0.6785591840744019,0.7270597219467163,1.0838018655776978,1.1480563879013062,1.6874847412109375,0.7610353231430054,1.3283227682113647,2.591853380203247,0.768561065196991,0.007569844834506512,1.831119179725647,0.7436913251876831
369,0.0001,0.06789434105157852,0.9574423395352099,0.234160843442698,0.8636631197449433,0.9262721704782096,60.917397022247314,0.054743664960066475,0.03458709620560209,0.03222339457521836,0.09098485186696052,0.054743664960066475,0.8150675396124522,0.08475318624347937,0.13512384158666016,0.034478207714244966,0.09140035595561637,0.08475318624347937,0.7802763952583563,0.6775751113891602,0.7266517281532288,1.0839009284973145,1.1472489833831787,1.686834454536438,0.7611997127532959,1.327684998512268,2.5905985832214355,0.7685555219650269,0.007901116274297237,1.8276827335357666,0.7437614798545837
370,0.0001,0.06864099701245625,0.9568032847832701,0.22559279069060184,0.8703403252260346,0.9301890599222489,135.4196379184723,0.05535786294688781,0.0344747379111747,0.03283751982574661,0.09088621598978837,0.05535786294688781,0.8147918313741684,0.08587930388137942,0.1295909774108011,0.03017340771487502,0.0893599417854528,0.08587930388137942,0.7738972824127948,0.6775872111320496,0.7262958288192749,1.0839903354644775,1.1475772857666016,1.6848434209823608,0.761258602142334,1.325586199760437,2.5885634422302246,0.7686348557472229,0.009069245308637619,1.8234565258026123,0.743866503238678
371,0.0001,0.06772054191678763,0.9574918566372375,0.23906416580325268,0.8627604752764534,0.925697025350666,110.84529089927673,0.0550009419520696,0.034673577174544334,0.03244334657986959,0.09134675475458304,0.0550009419520696,0.8142777721087138,0.08654146922416374,0.13753132021329442,0.031279536910721516,0.0905104157377462,0.08654146922416374,0.7761218254683447,0.6765980124473572,0.7256982326507568,1.08409583568573,1.1466596126556396,1.6844019889831543,0.7614083290100098,1.3253449201583862,2.586031913757324,0.7685579657554626,0.01489371620118618,1.8205995559692383,0.7437650561332703
372,0.0001,0.06867141804347436,0.957126148194306,0.23511433454810596,0.8653563813977218,0.9272454000513588,120.99070501327515,0.055401007272303106,0.03458572421222925,0.032753570253650346,0.09023421965539455,0.055401007272303106,0.8185000409682591,0.0860363358601195,0.13551889555376084,0.03082112149625528,0.08903321232952055,0.0860363358601195,0.7770217295552864,0.6761036515235901,0.7255864143371582,1.0842381715774536,1.14574134349823,1.6835695505142212,0.7616890668869019,1.3260351419448853,2.5840017795562744,0.7685638666152954,0.01653813011944294,1.8176658153533936,0.7438137531280518
373,0.0001,0.06847361394514641,0.9568114167981429,0.2330428302043774,0.8682411935966597,0.928850653867406,120.32408237457275,0.054374566736320656,0.03479816525553663,0.032539506039271755,0.09015174880623818,0.054374566736320656,0.8184075186649958,0.08857079118978782,0.13493688990835284,0.028603026704465757,0.08802746065327378,0.08857079118978782,0.7702033490431114,0.6751596927642822,0.7250897288322449,1.0844022035598755,1.1427090167999268,1.6836161613464355,0.7618235945701599,1.3256292343139648,2.582397937774658,0.7684512138366699,0.01818922348320484,1.8149176836013794,0.7439355254173279
374,0.0001,0.06811863128095866,0.9566401852661707,0.22965513487331202,0.8697441585039232,0.9298093276223748,100.50066709518433,0.05396169275045395,0.035126874471704164,0.03206532076001167,0.08971697228650252,0.05396169275045395,0.8212021797895431,0.08516497812310203,0.13410135541783005,0.03089729775903655,0.08853406996512023,0.08516497812310203,0.7765667155140736,0.6750920414924622,0.7252479195594788,1.0845082998275757,1.142112135887146,1.682848572731018,0.7620360851287842,1.3217816352844238,2.581514596939087,0.7685942649841309,0.018550090491771698,1.8121452331542969,0.7439271211624146
375,0.0001,0.06500474121421576,0.9595923448532545,0.23186399604453414,0.8678572465705618,0.9287172487982309,105.23416757583618,0.05301577846209208,0.032806225555638474,0.03222902044653893,0.09026638604700565,0.05301577846209208,0.8268590291341146,0.08640118114283828,0.13517707439719653,0.0346135603966283,0.09024165741732863,0.08640118114283828,0.7804445546181475,0.6750838756561279,0.7248830199241638,1.0845253467559814,1.1430269479751587,1.6809278726577759,0.7622290849685669,1.3187928199768066,2.579508066177368,0.7686119675636292,0.01690819300711155,1.8090319633483887,0.7439935207366943
376,0.0001,0.06675159018486738,0.9587318904525808,0.22830068747528265,0.8722787392151776,0.9312585016149575,159.8364872932434,0.05343361676981052,0.034142160415649415,0.03165992259358366,0.09001432384053866,0.05343361676981052,0.8225836853186289,0.09054222837334773,0.13181707849268054,0.02782401402832055,0.08622010894974724,0.09054222837334773,0.7630725893817965,0.6747264266014099,0.7244472503662109,1.0846954584121704,1.1419602632522583,1.6798131465911865,0.7623577117919922,1.3183419704437256,2.5776243209838867,0.7684980034828186,0.014687156304717064,1.8069825172424316,0.7441736459732056
377,0.0001,0.06720788994183143,0.9587765673382964,0.22777056742887028,0.8702603148651539,0.9301515300044941,164.6111979484558,0.056528220201532045,0.03405635251353185,0.03265948516006271,0.0905210497478644,0.056528220201532045,0.8143021583557128,0.0814426091850781,0.13184073029971513,0.03225366123875634,0.08989864209147751,0.0814426091850781,0.7847297973320132,0.6748424768447876,0.72414231300354,1.0848839282989502,1.1428873538970947,1.6786632537841797,0.7625797390937805,1.3174937963485718,2.5765185356140137,0.7684953212738037,0.014410455711185932,1.8047500848770142,0.744293212890625
378,0.0001,0.06832190242906412,0.9571116746973686,0.23058225629759616,0.8679977527433069,0.9288165068093358,57.12430787086487,0.0551773030931751,0.03502934155985713,0.03285173407445351,0.09037861600518227,0.0551773030931751,0.8195724785327911,0.08330331229772724,0.1337165365942189,0.03278196480919103,0.08963020817666757,0.08330331229772724,0.779093761913112,0.6739987134933472,0.7238512635231018,1.0850722789764404,1.143770456314087,1.6778894662857056,0.7628582119941711,1.3144559860229492,2.5760912895202637,0.7685505747795105,0.013556983321905136,1.7991732358932495,0.7445068955421448
379,0.0001,0.06992766006539265,0.9562899784441743,0.2259781299555888,0.8711113152987574,0.9306271090679785,62.36785674095154,0.05620580334216356,0.03592335795983672,0.03279424163823327,0.09035317997137705,0.05620580334216356,0.8147335310777029,0.08741520125357831,0.1304857608724813,0.0299676527253917,0.08769823403143492,0.08741520125357831,0.7747379775907173,0.6732122302055359,0.7233963012695312,1.0851900577545166,1.143447995185852,1.676930546760559,0.7630011439323425,1.3133336305618286,2.5740857124328613,0.7682936787605286,0.012155645526945591,1.796974778175354,0.7444385886192322
380,0.0001,0.06876147395620744,0.9577947888265128,0.22432000348802472,0.8724245222023425,0.931369235816861,94.82364416122437,0.05398612543940544,0.03499793255080779,0.03261980659638842,0.08987154327332973,0.05398612543940544,0.8259185085693995,0.08536292783549575,0.12982480692081763,0.029724094711366247,0.08822519210029821,0.08536292783549575,0.7760309528131955,0.6724701523780823,0.7232308387756348,1.0853869915008545,1.1420848369598389,1.675655722618103,0.7630615234375,1.3137363195419312,2.5719406604766846,0.7684094309806824,0.010177788324654102,1.7934900522232056,0.7444269061088562
381,0.0001,0.06703476967910925,0.9582646567518843,0.22692834695831673,0.8699759887112429,0.9299488402856257,146.44784688949585,0.05386427550887068,0.03425245505447189,0.032881498460968335,0.0897313978523016,0.05386427550887068,0.8240615487098694,0.08277818169750151,0.13119880500875536,0.030817564699004908,0.08954107162893796,0.08277818169750151,0.7842943658594226,0.6719154715538025,0.7231047749519348,1.0855450630187988,1.1410244703292847,1.6738361120224,0.7631496787071228,1.3127797842025757,2.5697779655456543,0.7686038017272949,0.009370068088173866,1.7888579368591309,0.7442945837974548
382,0.0001,0.06866878295938174,0.9562859268302643,0.22520179606851984,0.8726404851281225,0.9315134916457545,47.142279624938965,0.054869861466189225,0.035353729221969846,0.03303357219944398,0.09050562679767608,0.054869861466189225,0.8176234076420467,0.08499590466257001,0.13016261416869085,0.029547221225793244,0.08833026824915996,0.08499590466257001,0.7713246238036234,0.6718435287475586,0.7226693630218506,1.0856399536132812,1.1401878595352173,1.67400062084198,0.7632350325584412,1.3132526874542236,2.5675065517425537,0.7685946226119995,0.008543427102267742,1.7853443622589111,0.744263768196106
383,0.0001,0.06612718235701323,0.9583022278219203,0.22180363572523243,0.8738792727640415,0.9322800977056642,162.7365391254425,0.05282424595206976,0.03374562822282314,0.03201576819022497,0.08982966554661592,0.05282424595206976,0.8233641803264617,0.08347338108254261,0.12578703634074476,0.029563750705269516,0.08821757626338084,0.08347338108254261,0.7801343358930994,0.6711466908454895,0.7220670580863953,1.0857590436935425,1.1383600234985352,1.6733434200286865,0.7633342742919922,1.3113218545913696,2.5652027130126953,0.7687000036239624,0.0074266716837882996,1.7832027673721313,0.7444543838500977
384,0.0001,0.06623875368386507,0.9589383572467344,0.22797459974640705,0.8718205188344957,0.930967031493944,37.707725048065186,0.05506828098247449,0.033999611437320706,0.03233804820726315,0.08961147579054038,0.05506828098247449,0.8163614491621654,0.08419189174644283,0.1319019540411527,0.032629692530045745,0.08790785587224804,0.08419189174644283,0.7831539873216973,0.6708714365959167,0.7216919660568237,1.085805058479309,1.1374915838241577,1.6739333868026733,0.7635782361030579,1.3093833923339844,2.563791513442993,0.7687798142433167,0.006654542405158281,1.7820720672607422,0.7446736693382263
385,0.0001,0.06611736336102088,0.9575173912710382,0.22591149574909053,0.8728347854066033,0.9316207846889517,37.3825478553772,0.05342121037344138,0.034002405032515524,0.03239386153096954,0.08877596805493036,0.05342121037344138,0.8215102165937423,0.0846805850990483,0.13047961011284687,0.029699697968412618,0.08682557317565699,0.0846805850990483,0.7790129536488017,0.6700674295425415,0.7214946746826172,1.08587646484375,1.136458158493042,1.6722763776779175,0.7638799548149109,1.307077407836914,2.562178611755371,0.768750786781311,0.0064018103294074535,1.7787388563156128,0.7447183728218079
386,0.0001,0.06635011273125807,0.9589355589620816,0.22645109439971017,0.8733888530237177,0.9318788790582345,92.73186945915222,0.054817376347879566,0.033923616105069714,0.03255380969494581,0.08987354015310606,0.054817376347879566,0.821303908030192,0.08828334681323317,0.1311075149989519,0.028847907593504328,0.08710367330273644,0.08828334681323317,0.7703051449822598,0.669527530670166,0.7212830781936646,1.0859791040420532,1.1329363584518433,1.6718534231185913,0.7640029191970825,1.3055391311645508,2.5602211952209473,0.7685978412628174,0.00563993351534009,1.7752503156661987,0.7448212504386902
387,0.0001,0.06575032379478216,0.9584932906949709,0.2260068973801175,0.8725049806972905,0.931395693785483,101.9099497795105,0.05357727479810516,0.03358446418618163,0.0320217866760989,0.08916241303086281,0.05357727479810516,0.8233472853899002,0.08465917506178872,0.13215226057122964,0.03145289763075407,0.08835240025989345,0.08465917506178872,0.7802072607102941,0.6690134406089783,0.7207019925117493,1.0860809087753296,1.131892442703247,1.6711270809173584,0.7641116380691528,1.303851842880249,2.558839797973633,0.7686445713043213,0.005482234992086887,1.7723888158798218,0.7447658777236938
388,0.0001,0.06399321084221204,0.9603156807052156,0.22577357951734886,0.8725822094776939,0.9314018308051808,148.87564778327942,0.05295345156143109,0.032243945884207884,0.031880002748221156,0.08961096902688344,0.05295345156143109,0.8244323561588923,0.0853578222335362,0.13174831134374024,0.030560308670411346,0.08733126667679333,0.0853578222335362,0.7816870857457645,0.6682882905006409,0.7207058668136597,1.086271047592163,1.1301500797271729,1.6701067686080933,0.7643106579780579,1.3033417463302612,2.5571343898773193,0.7686040997505188,0.004161121789366007,1.7697213888168335,0.7447358965873718
389,0.0001,0.06621944438666105,0.9589575607466995,0.225148649245012,0.8716546195691779,0.930909083291903,168.0847029685974,0.05336583722382784,0.033751995054384074,0.03207003260031342,0.0896633107215166,0.05336583722382784,0.8223969986041387,0.08375437374486298,0.13196745539297822,0.030902225035624425,0.08839931974156959,0.08375437374486298,0.7786271171491654,0.6684037446975708,0.7202695608139038,1.0863316059112549,1.1291378736495972,1.6686557531356812,0.7643584609031677,1.3013865947723389,2.5556888580322266,0.7688005566596985,0.0034123570658266544,1.7669423818588257,0.7448726892471313
390,0.0001,0.06499048558374246,0.9595668520685433,0.22555511286024188,0.8736699850422741,0.9320473148899338,121.51341533660889,0.05301377605646849,0.03296520865211884,0.03196057214712103,0.08923346785207589,0.05301377605646849,0.8222882707913717,0.08566110422376727,0.1302163001210963,0.02849775577177767,0.0875946825645009,0.08566110422376727,0.7807518165619647,0.6682344079017639,0.7196977138519287,1.0863683223724365,1.1286684274673462,1.6678223609924316,0.7644855976104736,1.3007421493530273,2.552987575531006,0.7687237858772278,0.003142575966194272,1.7643208503723145,0.7449175119400024
391,0.0001,0.06542446613311767,0.9592618686194941,0.22729238086059445,0.8716288452330775,0.9308604796766841,95.30629825592041,0.05278698125233253,0.0336615021340549,0.03190429682532946,0.08975052001575629,0.05278698125233253,0.8252683073282242,0.0863701717042532,0.13280277442736704,0.03121331627251672,0.08963472933554259,0.0863701717042532,0.7777643838866812,0.6675660014152527,0.7194491028785706,1.0864791870117188,1.125854253768921,1.6661933660507202,0.7646285891532898,1.3000974655151367,2.551525592803955,0.7687345743179321,0.0031566836405545473,1.759986162185669,0.7449281215667725
392,0.0001,0.06483025246610244,0.9592133767294478,0.22535368323814672,0.871630229899495,0.9309263610813644,160.88703799247742,0.05282794528951248,0.032946893386542796,0.03175227049117287,0.08897272236645222,0.05282794528951248,0.8245912412802379,0.08312565479122225,0.1314488632268593,0.02945200017974025,0.08720724919780357,0.08312565479122225,0.7849789183647906,0.6671916842460632,0.7189125418663025,1.0866332054138184,1.1248360872268677,1.6650458574295044,0.7647672891616821,1.2990257740020752,2.5492751598358154,0.7687298655509949,0.0027467452455312014,1.7562230825424194,0.7449069619178772
393,0.0001,0.06626485493034125,0.9587151859997758,0.22858523369812575,0.8695672406330448,0.9296854175188625,93.70909333229065,0.05321274505307277,0.03399870945140719,0.032263451535254714,0.08979373077551524,0.05321274505307277,0.8271803279717763,0.08385773858086007,0.13557886466628216,0.03156914348240759,0.08832750909152579,0.08385773858086007,0.7811006776622085,0.6660841703414917,0.7190577387809753,1.0865676403045654,1.123213291168213,1.6634844541549683,0.7649986147880554,1.298570156097412,2.547393798828125,0.7687181830406189,0.0058983792550861835,1.7537977695465088,0.7451105713844299
394,0.0001,0.06499073877930642,0.960178389415884,0.2326795760481084,0.8690065640658015,0.9293064002643373,148.4636173248291,0.05388003326952458,0.03303495245054364,0.03155079909289877,0.0890245173126459,0.05388003326952458,0.8194121241569519,0.08838476216206785,0.13779168417219256,0.028288427923546463,0.08633170301308397,0.08838476216206785,0.7745908479221532,0.6659814715385437,0.7185451984405518,1.0865973234176636,1.1228715181350708,1.6625466346740723,0.7650963068008423,1.2971715927124023,2.54526686668396,0.7687878012657166,0.00517673185095191,1.7504011392593384,0.7450256943702698
395,0.0001,0.06539003339906534,0.9592885591941896,0.22443540980581378,0.872837744310335,0.9316262429814814,119.49820852279663,0.052598130392531556,0.033208650164306165,0.03190644302715858,0.08963805971046289,0.052598130392531556,0.822066002090772,0.08493460104113719,0.1308934019237268,0.02979184491712539,0.08823107097481118,0.08493460104113719,0.7778060182196195,0.6658739447593689,0.7179431319236755,1.0866496562957764,1.1216541528701782,1.6612242460250854,0.7652720808982849,1.2956548929214478,2.544171094894409,0.7687861323356628,0.004546861629933119,1.7487022876739502,0.7448360919952393
396,0.0001,0.06553867558638254,0.9585750627814452,0.22893546985798194,0.8677306704583497,0.9286404844524317,146.46574187278748,0.05379436903943618,0.03345697180678447,0.03183390237390995,0.08884857868154844,0.05379436903943618,0.8210714330275853,0.08519980250323406,0.13728977568814013,0.02998431771993637,0.08763294776932137,0.08519980250323406,0.7770853697276506,0.6655253767967224,0.717413067817688,1.0868308544158936,1.1214752197265625,1.6604883670806885,0.7654398679733276,1.2955620288848877,2.542170286178589,0.7688953280448914,0.006383963394910097,1.7452571392059326,0.7447633743286133
397,0.0001,0.06698649165531,0.958461823646918,0.23443055543743196,0.8683089967763039,0.9288914930332361,101.49553060531616,0.055761345724264784,0.03431020919233561,0.0325797346731027,0.08985564013322195,0.055761345724264784,0.8181526154279709,0.08785080384524142,0.1380600202523294,0.029007834244946965,0.08640625425538079,0.08785080384524142,0.7678691959771954,0.6653310656547546,0.717322826385498,1.0870513916015625,1.120549201965332,1.6602309942245483,0.7656363844871521,1.2939878702163696,2.541121006011963,0.7688968777656555,0.008693819865584373,1.745559811592102,0.7447216510772705
398,0.0001,0.06558506600558758,0.9587052391304762,0.2338866524276186,0.8687597387529293,0.9291518305239586,111.99250650405884,0.05449761152267456,0.03343844578290979,0.03187826617310444,0.08921262808144093,0.05449761152267456,0.8207114617029826,0.08561300926032614,0.1377210658593256,0.030399623647576472,0.08829601353309194,0.08561300926032614,0.7787583616913342,0.6642757058143616,0.7169718742370605,1.0871617794036865,1.1186387538909912,1.6586706638336182,0.7658160328865051,1.2928011417388916,2.540154218673706,0.7689350247383118,0.010426665656268597,1.7411479949951172,0.7449795603752136
399,0.0001,0.06532723444203535,0.9596412101779647,0.23121692472305455,0.8708770377427416,0.9304486728755252,144.01627659797668,0.05511541049927473,0.0334777961174647,0.03251727869113286,0.08893543606003125,0.05511541049927473,0.8209013223648072,0.0876199725221415,0.1349990673241068,0.02890544751139938,0.08661696876658768,0.0876199725221415,0.776321385727554,0.6650466918945312,0.7167932987213135,1.0872293710708618,1.1200014352798462,1.656585693359375,0.7660002112388611,1.2921698093414307,2.538367986679077,0.7689983248710632,0.013270100578665733,1.738563060760498,0.7451110482215881
