epoch,lr,loss,iou,val_loss,val_iou,val_dice,epoch_sec,train_ctrl,train_foc,train_ma_mean,train_rho_std,train_ctrl_bce,train_cell_iou,val_ctrl,val_foc,val_ma_mean,val_rho_std,val_ctrl_bce,val_cell_iou,norm_route1_wc,norm_route1_wa,norm_route1_beta,norm_route2_wc,norm_route2_wa,norm_route2_beta,norm_route3_wc,norm_route3_wa,norm_route3_beta,norm_route4_wc,norm_route4_wa,norm_route4_beta
0,0.0001,1.4290003848075867,0.32406348323640993,1.3807228899002075,0.3520529342362921,0.5188335774745756,86.27981996536255,0.6586324578523636,0.5566036993265152,0.4894064682722092,0.006644316322854138,0.6586324578523636,0.057613856575335375,0.5966709733009339,0.5271217978000641,0.45633637070655825,0.009868567660450935,0.5966709733009339,0.04494967763777822,0.1022426038980484,0.09046590328216553,0.05143232271075249,0.11296173930168152,0.1068941056728363,0.03505858778953552,0.17486697435379028,0.19609211385250092,0.02549045905470848,0.16763931512832642,0.17847944796085358,0.026488756760954857
1,0.0001,1.274297149181366,0.42436137107466615,1.223473825454712,0.4125427757233846,0.5792585754967693,50.66187858581543,0.5777327662706375,0.47991325706243515,0.4441420665383339,0.015186978206038475,0.5777327662706375,0.2646196572482586,0.5168389427661896,0.43368234515190124,0.399400395154953,0.01229920145124197,0.5168389427661896,0.1835712257027626,0.1851450800895691,0.14796318113803864,0.09968267381191254,0.17063869535923004,0.17621327936649323,0.05991480499505997,0.2635685205459595,0.3908754587173462,0.05584147572517395,0.24291566014289856,0.2824985682964325,0.04898390173912048
2,0.0001,1.2000297617912292,0.47310338820872716,1.185279860496521,0.4413975253799485,0.6081915048395953,66.4318540096283,0.5078206706047058,0.4514201483130455,0.3908712273836136,0.013531297221779823,0.5078206706047058,0.3037172715365887,0.46566479563713076,0.42420215606689454,0.35326085925102235,0.011836328394711017,0.46566479563713076,0.14465351670980453,0.25657448172569275,0.19254493713378906,0.1381407529115677,0.21510687470436096,0.23094689846038818,0.08429883420467377,0.3258747160434723,0.5478689670562744,0.08972461521625519,0.30168136954307556,0.3725828230381012,0.07060030102729797
3,0.0001,1.1412857353687287,0.5120818507382172,1.1211829996109008,0.49359549507335926,0.6573762457689153,54.60409069061279,0.4536300954222679,0.4279032754898071,0.34638427942991257,0.01510554322041571,0.4536300954222679,0.3155994851887226,0.43169037461280824,0.41403735280036924,0.3246435523033142,0.014217918366193771,0.43169037461280824,0.27949134171009066,0.32278263568878174,0.2274901121854782,0.17356988787651062,0.2629491984844208,0.2704641819000244,0.10888383537530899,0.3826514184474945,0.6650245189666748,0.11963026970624924,0.36044129729270935,0.4836673438549042,0.09269774705171585
4,0.0001,1.1000516682863235,0.5304304082145925,1.1005811595916748,0.46353203497512574,0.6240271765773268,59.92927837371826,0.41190865814685823,0.4167378622293472,0.3092432928085327,0.02085984466597438,0.41190865814685823,0.31612399019300935,0.364805725812912,0.39281592845916746,0.23708102703094483,0.020206069871783257,0.364805725812912,0.12484371468424797,0.38277414441108704,0.26081860065460205,0.2059565633535385,0.30802759528160095,0.31572407484054565,0.13299068808555603,0.4489317536354065,0.7781169414520264,0.14808544516563416,0.4020909368991852,0.5535005927085876,0.11144567281007767
5,0.0001,1.059185448884964,0.5583409352529263,1.148556547164917,0.38038316285188695,0.5405695829277457,51.573275566101074,0.3791411241889,0.40274260580539706,0.27901514530181887,0.024459723737090825,0.3791411241889,0.3185137924551964,0.3524114716053009,0.4100132167339325,0.24022759914398192,0.024067712649703026,0.3524114716053009,0.17921106323599814,0.4336191415786743,0.28663721680641174,0.23515398800373077,0.33636072278022766,0.34830349683761597,0.1551649123430252,0.4951246678829193,0.8904146552085876,0.1720970869064331,0.4314669668674469,0.6558451056480408,0.12708532810211182
6,0.0001,1.0285929614305496,0.5663457967384342,1.058208818435669,0.5226899817935036,0.6837016249502735,51.868711709976196,0.3554759731888771,0.3952255210280418,0.2540090084075928,0.02941437279805541,0.3554759731888771,0.31344989478588103,0.3470668864250183,0.4097889471054077,0.24064425706863404,0.027026167809963225,0.3470668864250183,0.2131052315235138,0.4799150824546814,0.30878588557243347,0.2639080584049225,0.3709588348865509,0.3721143901348114,0.1746554970741272,0.547124445438385,0.976782500743866,0.1896992325782776,0.4731944799423218,0.7335680723190308,0.1447450965642929
7,0.0001,0.991369731426239,0.5888560651958142,1.0223744487762452,0.533528685668633,0.6908514608171172,52.9331693649292,0.33695083677768706,0.3784131559729576,0.23378876745700836,0.0355038982629776,0.33695083677768706,0.3205826450884342,0.3289938998222351,0.34549875974655153,0.20131154477596283,0.029103446751832962,0.3289938998222351,0.10214186489582061,0.5243993401527405,0.3248307406902313,0.29268333315849304,0.3992708921432495,0.39049044251441956,0.19397418200969696,0.5961781144142151,1.061468243598938,0.2054113894701004,0.5025262832641602,0.8419764041900635,0.1574731320142746
8,0.0001,0.9626225578784943,0.5897256660348272,0.9355848813056946,0.5790414533854132,0.7314140659596617,51.80659794807434,0.3234851738810539,0.36130616575479507,0.21781779780983926,0.03925238512456417,0.3234851738810539,0.3059054282307625,0.3082553219795227,0.3268759036064148,0.18742148637771605,0.039533499628305435,0.3082553219795227,0.24859072089195253,0.562556266784668,0.34580016136169434,0.3201662302017212,0.4247206747531891,0.421911358833313,0.21187253296375275,0.6633905172348022,1.1370513439178467,0.21950000524520874,0.5247372388839722,0.9074439406394958,0.1706026792526245
9,0.0001,0.926237695813179,0.6076029548921875,0.9166309881210327,0.5882104182041682,0.7365303251861864,51.98658204078674,0.312904594540596,0.33606512382626536,0.20468162164092063,0.04346072558313608,0.312904594540596,0.32823908880352975,0.30033185362815856,0.2866872727870941,0.1721937745809555,0.04075006201863289,0.30033185362815856,0.20176255971193313,0.6041739583015442,0.3664359152317047,0.3473551571369171,0.4562397003173828,0.4508238136768341,0.229045569896698,0.7077612280845642,1.2100634574890137,0.2306741625070572,0.5410546660423279,0.9819647669792175,0.18189378082752228
10,0.0001,0.8899811959266662,0.6156160058773634,0.9676568746566773,0.4781775081787771,0.6403044057860241,52.527883529663086,0.30452440559864047,0.30881857171654703,0.19361123725771903,0.04663281388580799,0.30452440559864047,0.3158662835508585,0.298566033244133,0.30043196499347685,0.15892615497112275,0.04359662964940071,0.298566033244133,0.21934496909379958,0.6377081871032715,0.38647711277008057,0.3720443546772003,0.4771803021430969,0.4712825119495392,0.24372589588165283,0.7578868865966797,1.2775852680206299,0.24401722848415375,0.5549860596656799,1.077757716178894,0.19629105925559998
11,0.0001,0.860460278391838,0.6301896961824431,0.8537905097007752,0.6183531651882153,0.761043974722251,51.464935302734375,0.29494275942444803,0.2970601639151573,0.1855337865650654,0.05171250123530626,0.29494275942444803,0.33854972541332246,0.2876564621925354,0.2817538207769394,0.17773962676525115,0.04528040394186974,0.2876564621925354,0.2726937112212181,0.6705968976020813,0.39954060316085815,0.3968743681907654,0.5102853775024414,0.4880712330341339,0.26072177290916443,0.79521644115448,1.3495028018951416,0.25472065806388855,0.5520764589309692,1.1546467542648315,0.20485973358154297
12,0.0001,0.8335774624347687,0.6321959640416163,0.8851678061485291,0.4975745451865719,0.658334543162045,51.95256209373474,0.2881223693490028,0.2835990005731583,0.1784714499115944,0.055120810233056546,0.2881223693490028,0.3474712257087231,0.29784446775913237,0.24187976241111755,0.11722619950771332,0.04632524147629738,0.29784446775913237,0.13549558639526368,0.6975617408752441,0.4150882959365845,0.42120274901390076,0.5318322777748108,0.5103449821472168,0.2746940851211548,0.8371273279190063,1.3832573890686035,0.2646484673023224,0.5613424777984619,1.2130365371704102,0.21828408539295197
13,0.0001,0.8045383673906327,0.6451600633093532,0.8317404174804688,0.616269038978473,0.7595454059463289,52.16259789466858,0.2829779326915741,0.2681682169437408,0.17203692093491554,0.059107419885694984,0.2829779326915741,0.34210268706083297,0.28180495619773865,0.282768936753273,0.17268264412879944,0.05674236819148064,0.28180495619773865,0.3071854054927826,0.727776288986206,0.43101972341537476,0.4432995319366455,0.5713127851486206,0.529125452041626,0.28820329904556274,0.8774656057357788,1.4711508750915527,0.2725839614868164,0.5712502002716064,1.3252009153366089,0.22451621294021606
14,0.0001,0.7890343523025513,0.6472243498916399,0.8034843277931213,0.5882546191464627,0.736046670849784,51.56973600387573,0.28034934744238854,0.26743519768118856,0.1681770694255829,0.06439260739833116,0.28034934744238854,0.3600379778444767,0.27944932341575623,0.25191393196582795,0.1499079644680023,0.05842784211039543,0.27944932341575623,0.2807399958372116,0.7549782395362854,0.44467949867248535,0.46475750207901,0.6049061417579651,0.5509932637214661,0.2986052632331848,0.9198171496391296,1.5552599430084229,0.2811959385871887,0.611348569393158,1.3918232917785645,0.23732440173625946
15,0.0001,0.7684379971027374,0.6509632199199328,0.8236663269996644,0.5942210446493555,0.7404739609708553,51.619539976119995,0.28089586943387984,0.2567267055809498,0.16637311428785323,0.06595938593149185,0.28089586943387984,0.359126335978508,0.2875391334295273,0.27625825226306916,0.17727059066295625,0.049833245128393176,0.2875391334295273,0.27003062069416045,0.7814428210258484,0.4557548761367798,0.48675763607025146,0.6349999904632568,0.5796205401420593,0.31191733479499817,0.9502007961273193,1.6114225387573242,0.2874242663383484,0.6220099925994873,1.4734222888946533,0.2469790279865265
16,0.0001,0.7361423724889755,0.6675709476607224,0.7490316271781922,0.6604103511271603,0.7913914135098722,51.167970180511475,0.27371911257505416,0.2443680301308632,0.16044415012001992,0.07051307085901498,0.27371911257505416,0.37162824906408787,0.2814019882678986,0.2647178614139557,0.18579048931598663,0.06312740966677666,0.2814019882678986,0.355080708861351,0.805014431476593,0.46752458810806274,0.5086150169372559,0.6636707782745361,0.6027157306671143,0.32365915179252625,0.9659789204597473,1.6600686311721802,0.29443708062171936,0.6304271817207336,1.5927534103393555,0.2555961608886719
17,0.0001,0.7271833032369613,0.6626118536433045,0.7002362823486328,0.667304840421416,0.7964585384528737,51.532445669174194,0.27119548842310903,0.2469363172352314,0.1584183469414711,0.07343890726566314,0.27119548842310903,0.36769028708338736,0.263369140625,0.20790535390377043,0.13669216454029084,0.06941226795315743,0.263369140625,0.274660556614399,0.8295087218284607,0.48560458421707153,0.5274055600166321,0.7139818072319031,0.6401847004890442,0.3332494795322418,1.0217167139053345,1.7397716045379639,0.3036603331565857,0.653005838394165,1.6694575548171997,0.26572364568710327
18,0.0001,0.7067805695533752,0.6735397098002558,0.7248319697380066,0.6309484043363042,0.7696725711443422,51.10719156265259,0.2682299466431141,0.2396218417584896,0.15673320800065993,0.0771875487267971,0.2682299466431141,0.3926507892459631,0.2680953299999237,0.2433513706922531,0.1388098853826523,0.07174629658460617,0.2680953299999237,0.276604169011116,0.853392481803894,0.5045629143714905,0.5479462146759033,0.7483193278312683,0.6745038628578186,0.3404145836830139,1.077487587928772,1.7900031805038452,0.31012195348739624,0.6725388169288635,1.7065939903259277,0.27355629205703735
19,0.0001,0.6883707952499389,0.6753796380990161,0.6924364471435547,0.6521175710754917,0.7866159425694681,51.716381311416626,0.2659673836827278,0.2345561118423939,0.15424259766936302,0.07979527972638607,0.2659673836827278,0.3803767557442188,0.2586443239450455,0.23772436380386353,0.14790020614862442,0.07831051260232925,0.2586443239450455,0.36619225919246673,0.8739261627197266,0.5206479430198669,0.5666995048522949,0.7939038872718811,0.7095596790313721,0.3493019938468933,1.1208912134170532,1.8638845682144165,0.3150252103805542,0.6716033220291138,1.7861424684524536,0.28424984216690063
20,0.0001,0.6643971261382103,0.6849058156915291,0.7109309387207031,0.6299440888903269,0.7683892421762326,52.507108211517334,0.26348165422677994,0.2269519127905369,0.15377048641443253,0.08541962206363678,0.26348165422677994,0.39439281456172465,0.2701821660995483,0.23496820747852326,0.15518554508686067,0.08126877784729004,0.2701821660995483,0.32571219861507417,0.8961164355278015,0.5399461388587952,0.5838873386383057,0.8433615565299988,0.7582722306251526,0.35667407512664795,1.1622529029846191,1.9700652360916138,0.32285571098327637,0.6834777593612671,1.9110736846923828,0.29746419191360474
21,0.0001,0.6499788099527359,0.6916957670698238,0.7011446857452392,0.627964633225621,0.7676710907566812,51.384302616119385,0.2611359156668186,0.22311990097165108,0.15025984182953833,0.0895690892636776,0.2611359156668186,0.4042634303867817,0.2594772744178772,0.262361187338829,0.14721106857061386,0.08951132893562316,0.2594772744178772,0.3815992820262909,0.9221402406692505,0.5560920834541321,0.6016025543212891,0.8941223621368408,0.7885956168174744,0.364077627658844,1.1696360111236572,1.9950512647628784,0.32854193449020386,0.6877338886260986,1.9598273038864136,0.30467987060546875
22,0.0001,0.6388097938895225,0.6899065920467339,0.667877596616745,0.6469015061267183,0.7808954692723123,51.25772500038147,0.258262330442667,0.2238580022752285,0.14851102113723755,0.0896480480581522,0.258262330442667,0.40949997305870056,0.2633596456050873,0.24014251947402954,0.15376300156116485,0.08413898974657058,0.2633596456050873,0.3572186452150345,0.9448789954185486,0.5707129836082458,0.6186118721961975,0.9277818202972412,0.8210774660110474,0.37169721722602844,1.1974586248397827,2.029336452484131,0.3353642523288727,0.712796151638031,1.999206781387329,0.3077832758426666
23,0.0001,0.605345080792904,0.7071440907862805,0.6069023096561432,0.6830876264078498,0.8075339576687441,51.622323513031006,0.25238733932375906,0.21123744271695613,0.14706903710961342,0.09305058494210243,0.25238733932375906,0.4096005249023438,0.25292126953601834,0.2100921267271042,0.13678422570228577,0.09366301506757736,0.25292126953601834,0.3525345426797867,0.9680969715118408,0.593522846698761,0.6376920938491821,0.983359158039093,0.8579940795898438,0.37926846742630005,1.2199090719223022,2.103428363800049,0.33794862031936646,0.7259479761123657,2.063659906387329,0.31650981307029724
24,0.0001,0.5976578667759895,0.7007410754918298,0.6507648253440856,0.6615260469553281,0.792995791219571,51.817843198776245,0.2512327879667282,0.21202174566686152,0.14624507814645768,0.09598926067352295,0.2512327879667282,0.4345937146246433,0.2512363803386688,0.23984917461872102,0.14728632032871247,0.09940718621015548,0.2512363803386688,0.4203207230567932,0.9906049966812134,0.6169549822807312,0.6566011905670166,1.0313701629638672,0.8975854516029358,0.38643667101860046,1.2712063789367676,2.174506902694702,0.3440709114074707,0.7670214772224426,2.082939386367798,0.3227756917476654
25,0.0001,0.5849226298928261,0.7086111371932828,0.6516601872444153,0.6521448737853792,0.7857196149308817,51.87061858177185,0.25244241908192633,0.2080778658390045,0.14443429857492446,0.09635797269642353,0.25244241908192633,0.41933728247880936,0.26765689849853513,0.24138933718204497,0.1698410105705261,0.08559621334075927,0.26765689849853513,0.3166014078259468,1.0136195421218872,0.6404880285263062,0.6737926602363586,1.066953182220459,0.9307520985603333,0.3929065465927124,1.3012075424194336,2.2513904571533203,0.3498847782611847,0.8031501770019531,2.1628410816192627,0.32842156291007996
26,0.0001,0.5649105632305145,0.7174466239085576,0.5841869103908539,0.6888312400064125,0.8121712482048686,51.60234832763672,0.24997221380472184,0.2020903927832842,0.1442111176252365,0.0991743353009224,0.24997221380472184,0.41352035805583,0.2554243230819702,0.2162794029712677,0.1401505571603775,0.11078941464424133,0.2554243230819702,0.4096110057830811,1.0302698612213135,0.6627324819564819,0.6916048526763916,1.1190943717956543,0.9632248878479004,0.4029877185821533,1.3338147401809692,2.328612804412842,0.35480719804763794,0.8448501229286194,2.2080729007720947,0.334147185087204
27,0.0001,0.5590413746237755,0.7141880465803706,0.573309656381607,0.7000456334750802,0.8202523480172345,50.57705283164978,0.24790318489074706,0.20915490277111531,0.14456781640648841,0.10354754708707332,0.24790318489074706,0.43167258843779566,0.24931166112422942,0.19209297090768815,0.12318021893501281,0.10075522631406784,0.24931166112422942,0.38072688758373263,1.0454832315444946,0.681168794631958,0.7079402208328247,1.170340895652771,1.0013737678527832,0.4094265103340149,1.3479065895080566,2.402456283569336,0.36103907227516174,0.8495911359786987,2.242656707763672,0.34088659286499023
28,0.0001,0.5469667121767998,0.7152534609852327,0.5647065901756286,0.6854522168642078,0.8100000750658046,52.06010556221008,0.2455044749379158,0.20562579460442065,0.1431211295723915,0.10187830328941345,0.2455044749379158,0.4328700652718544,0.26163790047168733,0.18907976686954497,0.10502484679222107,0.09967241436243057,0.26163790047168733,0.3039194595813751,1.0661859512329102,0.7095438241958618,0.7248176336288452,1.2307844161987305,1.0393835306167603,0.41536006331443787,1.403588891029358,2.427990674972534,0.3707556128501892,0.8897542953491211,2.260364294052124,0.35103657841682434
29,0.0001,0.5304426363110543,0.7242031293678021,0.56851167678833,0.6818401238816647,0.807787350113344,50.56386160850525,0.24788185864686965,0.20031676277518273,0.14065344348549844,0.1039622662216425,0.24788185864686965,0.43545723393559455,0.23786843359470367,0.2300849461555481,0.1483362567424774,0.10501650124788284,0.23786843359470367,0.41971398890018463,1.0848963260650635,0.7306946516036987,0.7405731081962585,1.2825502157211304,1.0702111721038818,0.42252543568611145,1.414353370666504,2.4712584018707275,0.3744489550590515,0.9476636648178101,2.281359910964966,0.3612062931060791
30,0.0001,0.5183119368553162,0.7285120078419047,0.5451577079296112,0.684569139200537,0.809653542089167,52.30604004859924,0.24666572421789168,0.19725809201598168,0.1424121394008398,0.10574946537613869,0.24666572421789168,0.44230542704463005,0.23686241447925568,0.21596651494503022,0.12541801750659942,0.10774868100881577,0.23686241447925568,0.40825566053390505,1.1112611293792725,0.7543497085571289,0.7564604878425598,1.3333405256271362,1.111063003540039,0.43080654740333557,1.4312119483947754,2.5276620388031006,0.3803664445877075,0.9945369362831116,2.3013789653778076,0.3653354346752167
31,0.0001,0.5159500685334205,0.7281841988846419,0.6073322081565857,0.6523601201359915,0.7848384410033706,52.10184907913208,0.24144941329956054,0.2011905623972416,0.1423334113508463,0.10746558874845505,0.24144941329956054,0.45329722061753275,0.2528155636787415,0.2726102966070175,0.16810360968112945,0.10095966279506684,0.2528155636787415,0.44250940799713134,1.124758243560791,0.7763718962669373,0.7703565359115601,1.3512400388717651,1.1490637063980103,0.4366110563278198,1.4742472171783447,2.584017038345337,0.3879684805870056,1.0107358694076538,2.3259518146514893,0.3697124123573303
32,0.0001,0.5011956381797791,0.7306711212625864,0.5241652369499207,0.7041879793894645,0.8232954471872617,51.771119832992554,0.24202530831098557,0.1948036302626133,0.1390825517475605,0.10808150723576546,0.24202530831098557,0.4582439035177231,0.24707723081111907,0.2240577095746994,0.16860839128494262,0.11116672843694687,0.24707723081111907,0.48001072406768797,1.1404930353164673,0.7877719402313232,0.7872856259346008,1.3627299070358276,1.1598542928695679,0.44289886951446533,1.49800443649292,2.597100257873535,0.39223599433898926,1.0248987674713135,2.3452939987182617,0.3725854158401489
33,0.0001,0.47961966902017594,0.7435092177195572,0.5725491070747375,0.6415712985738389,0.7762980291455217,51.659486532211304,0.2385620182752609,0.18534976653754712,0.13723488830029965,0.11050257623195649,0.2385620182752609,0.4587956181168556,0.24879947066307068,0.2425967711210251,0.1221824300289154,0.10698256909847259,0.24879947066307068,0.3647651469707489,1.1566616296768188,0.806934118270874,0.803577721118927,1.4067754745483398,1.1892622709274292,0.448866605758667,1.5119611024856567,2.663193464279175,0.3954542577266693,1.0713564157485962,2.3889286518096924,0.37885934114456177
34,0.0001,0.4777859908342361,0.7470125132132971,0.5506204128265381,0.6856112707671752,0.8104839370016268,52.14201760292053,0.2361362136900425,0.19255747638642787,0.13730713695287705,0.11282367609441281,0.2361362136900425,0.46419263660907745,0.24301603436470032,0.23084688633680345,0.1501231783628464,0.10803559392690659,0.24301603436470032,0.41104361176490783,1.1705299615859985,0.833806037902832,0.818041980266571,1.454897165298462,1.2047871351242065,0.45489272475242615,1.5493487119674683,2.6997716426849365,0.4010486900806427,1.0938204526901245,2.394810914993286,0.38748422265052795
35,0.0001,0.47624478846788404,0.7374936313519705,0.5432873547077179,0.6751050636700654,0.8019793671015694,50.69479537010193,0.2381170129776001,0.19435982927680015,0.13560018748044966,0.11402039021253586,0.2381170129776001,0.46809516087174413,0.2356828647851944,0.24710017651319505,0.13996882259845733,0.11544890761375427,0.2356828647851944,0.45343833208084106,1.1844875812530518,0.8551384210586548,0.8315878510475159,1.4800596237182617,1.2443174123764038,0.4606326222419739,1.5592314004898071,2.755201578140259,0.4075222909450531,1.1107693910598755,2.403225898742676,0.39203956723213196
36,0.0001,0.45703589528799055,0.7507237433819489,0.5041279435157776,0.7020979967748522,0.8221977174935106,52.139960527420044,0.2352280732989311,0.18484232775866985,0.13463916711509227,0.11526017591357231,0.2352280732989311,0.4732048253715038,0.23542158246040346,0.22156428694725036,0.14409200578927994,0.11699983119964599,0.23542158246040346,0.45661565721035,1.194055438041687,0.8731171488761902,0.8463959097862244,1.5100280046463013,1.2620259523391724,0.4644051194190979,1.5742491483688354,2.761551856994629,0.41646838188171387,1.1045091152191162,2.419710874557495,0.3965248763561249
37,0.0001,0.4640213260054588,0.7421257869132397,0.5159900093078613,0.697082893584555,0.8184462435532154,51.44733381271362,0.23581004455685617,0.19225914135575295,0.1343387482315302,0.11655254937708377,0.23581004455685617,0.4788482740521431,0.23873037993907928,0.2131209111213684,0.14333219051361085,0.11365656733512879,0.23873037993907928,0.42737057924270627,1.2115368843078613,0.8928491473197937,0.859726071357727,1.5554031133651733,1.2988179922103882,0.4684114456176758,1.5789892673492432,2.7967896461486816,0.4204801321029663,1.0881491899490356,2.4570224285125732,0.39399468898773193
38,0.0001,0.43948044523596763,0.7578844170493357,0.506285126209259,0.6942838558820306,0.8166027791618358,51.65656232833862,0.2351469148695469,0.17992346204817294,0.13254689686000348,0.1157610159367323,0.2351469148695469,0.4739291098713875,0.24240065276622771,0.21006022036075592,0.11556402117013931,0.11226926296949387,0.24240065276622771,0.37233459413051606,1.2238190174102783,0.9047600030899048,0.8702110052108765,1.5585682392120361,1.3195549249649048,0.47348934412002563,1.6135481595993042,2.820089340209961,0.42505618929862976,1.1546247005462646,2.471055507659912,0.39720943570137024
39,0.0001,0.4454942293465137,0.7519334441422064,0.4863393557071686,0.7061156584184454,0.8247311731891402,51.29398441314697,0.23239401817321778,0.19030863985419275,0.13568390034139155,0.11805873833596707,0.23239401817321778,0.4867541827261448,0.23428995430469512,0.1999683403968811,0.10959164261817932,0.12040168344974518,0.23428995430469512,0.40437778174877165,1.239174485206604,0.9240260124206543,0.8807485103607178,1.58836829662323,1.3450809717178345,0.47794514894485474,1.625508189201355,2.8154213428497314,0.42953696846961975,1.1742243766784668,2.4799296855926514,0.40659192204475403
40,0.0001,0.416091755926609,0.7699330212915414,0.5425350379943847,0.6522620641532585,0.7852679814889312,51.587504863739014,0.23178711414337158,0.17252418763935565,0.13029325120151042,0.11706441394984722,0.23178711414337158,0.4877262398600578,0.285601994395256,0.19166521549224855,0.09225644677877426,0.10405430763959884,0.285601994395256,0.23388061791658402,1.2519755363464355,0.934217631816864,0.8960177302360535,1.6387003660202026,1.3692628145217896,0.48484453558921814,1.637060284614563,2.861412763595581,0.4344656765460968,1.180769443511963,2.51055645942688,0.408022940158844
41,0.0001,0.4434910482168198,0.7513049001332465,0.4927826952934265,0.691447319761836,0.8138696510264077,48.8025119304657,0.23387904584407807,0.18780304059386255,0.13059793449938298,0.11670375071465969,0.23387904584407807,0.47302815794944764,0.24376707375049592,0.20803444027900697,0.11455918222665787,0.1154157942533493,0.24376707375049592,0.3627590250968933,1.2645894289016724,0.9539671540260315,0.9083285927772522,1.6798678636550903,1.3882445096969604,0.49046674370765686,1.6799280643463135,2.9337942600250244,0.4398494064807892,1.2358927726745605,2.523451805114746,0.4221460521221161
42,0.0001,0.4269368374347687,0.7575051419912867,0.46905699849128724,0.7086293722956901,0.825764469705998,51.93039011955261,0.22811642438173294,0.1854093686491251,0.13422582030296326,0.1200839751958847,0.22811642438173294,0.5021799916028976,0.2349369126558304,0.2094115275144577,0.11395500451326371,0.12168092638254166,0.2349369126558304,0.4051118838787079,1.2774518728256226,0.96847003698349,0.9215472936630249,1.7040249109268188,1.4021810293197632,0.49518629908561707,1.691524863243103,2.950331211090088,0.4451023042201996,1.2369351387023926,2.5350170135498047,0.4322811961174011
43,0.0001,0.40539925009012223,0.7744436158274618,0.487020423412323,0.6955578955546574,0.8162478530953499,52.467198610305786,0.22624361857771874,0.17413493506610395,0.1297721641510725,0.12070219092071056,0.22624361857771874,0.49970496833324435,0.24183381021022796,0.1970391720533371,0.10066247433423996,0.12012171477079392,0.24183381021022796,0.3911216926574707,1.28840172290802,0.9788932800292969,0.933044970035553,1.704235553741455,1.4047681093215942,0.5000658631324768,1.711269736289978,2.9721028804779053,0.4468042552471161,1.2538048028945923,2.5823612213134766,0.43702760338783264
44,0.0001,0.4125914390385151,0.7672568924004411,0.5029571902751923,0.6907030172059287,0.8135181754521884,51.72420310974121,0.22769275099039077,0.18472667150199412,0.13165549583733083,0.12082142256200314,0.22769275099039077,0.49896576136350634,0.23521859884262086,0.2439180490374565,0.13463118761777879,0.12273822605609894,0.23521859884262086,0.47501294016838075,1.2945250272750854,0.99769526720047,0.9481489062309265,1.7325853109359741,1.4191235303878784,0.5066227316856384,1.7155739068984985,2.980774402618408,0.4521537125110626,1.2531230449676514,2.589952230453491,0.44650572538375854
45,0.0001,0.3951149742305279,0.7761383291492595,0.4777290725708008,0.7056298291794293,0.823324734088162,53.84967541694641,0.22726326584815978,0.16998171240091323,0.12888663090765476,0.11984144873917103,0.22726326584815978,0.5028166973590851,0.23672418177127838,0.2206842839717865,0.1306635308265686,0.12414085984230042,0.23672418177127838,0.472040855884552,1.3073008060455322,1.012156367301941,0.9594593644142151,1.7461624145507812,1.4362142086029053,0.5106935501098633,1.7433162927627563,3.0054969787597656,0.4563538730144501,1.275961995124817,2.583812952041626,0.4470112919807434
46,0.0001,0.40642592385411264,0.7655047991332086,0.4561699557304382,0.7228213608396448,0.8367993711928398,51.538490295410156,0.22587865471839905,0.18015167362987994,0.1292061335593462,0.12125646866858006,0.22587865471839905,0.4902525272965431,0.22151975095272064,0.206886365711689,0.11979037672281265,0.11941845446825028,0.22151975095272064,0.47629760146141054,1.3178021907806396,1.0289641618728638,0.9725232720375061,1.758406162261963,1.455286979675293,0.514519453048706,1.774738073348999,3.0465240478515625,0.4599647521972656,1.3065664768218994,2.6218647956848145,0.45400071144104004
47,0.0001,0.3879888094961643,0.7773294091775513,0.49834596216678617,0.6782402549957078,0.8017117836862981,50.506550788879395,0.22633068144321442,0.1694597563147545,0.12836400009691715,0.11883717909455299,0.22633068144321442,0.5010770216584206,0.22865576148033143,0.25268064469099044,0.13516629427671434,0.12239668548107147,0.22865576148033143,0.4985976779460907,1.3247642517089844,1.041993260383606,0.9848170280456543,1.7456334829330444,1.474103569984436,0.5168943405151367,1.7863849401474,3.0647780895233154,0.46427515149116516,1.3055088520050049,2.650163173675537,0.458794504404068
48,0.0001,0.3944133484363556,0.7669912085319381,0.44557546973228457,0.7006971454890941,0.8198247257641077,50.46662449836731,0.22678967759013177,0.17850912384688855,0.1276772241294384,0.11950241841375828,0.22678967759013177,0.5038849639892579,0.22272366881370545,0.20246319144964217,0.10301433026790618,0.11723630845546723,0.22272366881370545,0.4347965723276138,1.3261414766311646,1.0493156909942627,0.9945745468139648,1.7382091283798218,1.4758282899856567,0.5199087262153625,1.777687668800354,3.0848958492279053,0.4690835773944855,1.3361026048660278,2.6786017417907715,0.46555227041244507
49,0.0001,0.38146390914916994,0.7793947134066592,0.519561892747879,0.6821013953888663,0.8060050002767042,50.686750650405884,0.2262139491736889,0.17145856253802777,0.12646096661686898,0.12281271368265152,0.2262139491736889,0.49555291384458544,0.245837944149971,0.25478014707565305,0.1687559515237808,0.1233540678024292,0.245837944149971,0.4745792090892792,1.33742356300354,1.0615702867507935,1.0053561925888062,1.7638418674468994,1.4884023666381836,0.5249817967414856,1.8021655082702637,3.105860948562622,0.47524070739746094,1.3480815887451172,2.6813602447509766,0.4703328311443329
50,0.0001,0.3815414637327194,0.7801927531736975,0.4869596922397614,0.7029939893839373,0.8211608165939143,49.23737955093384,0.2219562390446663,0.17134208537638188,0.12793057583272457,0.12151222713291646,0.2219562390446663,0.5190346002578735,0.2373056983947754,0.25576220601797106,0.16219745457172394,0.11775587290525437,0.2373056983947754,0.5133386778831482,1.3453806638717651,1.074614405632019,1.0148340463638306,1.7918275594711304,1.5037990808486938,0.5299171209335327,1.8520195484161377,3.1068050861358643,0.4833332598209381,1.3696855306625366,2.6982834339141846,0.4768165349960327
51,0.0001,0.3718763554096222,0.7885207314167108,0.4664579540491104,0.7044106121881213,0.8227360418060152,50.72454380989075,0.22272969372570514,0.16867738366127014,0.1271790324151516,0.12074117131531238,0.22272969372570514,0.5177909421920777,0.21869658768177033,0.2305770969390869,0.14351582109928132,0.11647923320531844,0.21869658768177033,0.49007643699646,1.353550672531128,1.084709882736206,1.0247738361358643,1.809954285621643,1.5126038789749146,0.53200763463974,1.8859044313430786,3.130506992340088,0.4861372709274292,1.382162094116211,2.721161127090454,0.47987622022628784
52,0.0001,0.3634502996504307,0.7884824381696349,0.5185215175151825,0.6700579610952854,0.7976243648174548,47.784064292907715,0.22213971525430679,0.16734189331531524,0.12672864682972432,0.12100672274827957,0.22213971525430679,0.5104641242325306,0.2299730145931244,0.27844853818416593,0.15153951108455657,0.1208402881026268,0.2299730145931244,0.5031274902820587,1.3606873750686646,1.1073004007339478,1.0365216732025146,1.8131012916564941,1.5327880382537842,0.5363224744796753,1.8990954160690308,3.1465535163879395,0.49249839782714844,1.3859373331069946,2.7357258796691895,0.4858669936656952
53,0.0001,0.3709231747686863,0.7820728119992444,0.5374586355686187,0.6717920601897029,0.7998508546774687,48.475396394729614,0.22103995680809022,0.17104663595557212,0.12654783129692077,0.12289485894143581,0.22103995680809022,0.5182622557878495,0.2418479061126709,0.25947333097457886,0.12014754265546798,0.1198443853855133,0.2418479061126709,0.44928391933441164,1.365135669708252,1.116615891456604,1.0471986532211304,1.8245505094528198,1.5391712188720703,0.5400750637054443,1.917644739151001,3.1728622913360596,0.4975769519805908,1.4048126935958862,2.7381629943847656,0.48668891191482544
54,0.0001,0.3566813777387142,0.7967053410462261,0.4548554301261902,0.7142203831633333,0.8294462135491416,48.73870515823364,0.21897489309310914,0.16399612493813037,0.1254083624482155,0.12140503801405429,0.21897489309310914,0.5246271486580372,0.2205614572763443,0.22752263724803926,0.13781070858240127,0.12002307623624801,0.2205614572763443,0.5093487572669982,1.3660063743591309,1.1251453161239624,1.0538725852966309,1.8390690088272095,1.5486199855804443,0.5420656800270081,1.9091925621032715,3.1962921619415283,0.5013853907585144,1.3919095993041992,2.7472598552703857,0.49243173003196716
55,0.0001,0.3383627986907959,0.8093324766235735,0.47061708867549895,0.7062823312001717,0.8247603686733475,50.353835344314575,0.2143288803100586,0.15428796488791705,0.12632944948971273,0.12477998495101929,0.2143288803100586,0.5429626579582691,0.21742415249347688,0.24094989508390427,0.1271149644255638,0.12560329467058182,0.21742415249347688,0.5120693695545196,1.3736804723739624,1.1335875988006592,1.064447283744812,1.843362808227539,1.5576164722442627,0.5452454686164856,1.9214529991149902,3.2053568363189697,0.5056232810020447,1.401772141456604,2.7258243560791016,0.4936857521533966
56,0.0001,0.3286479535698891,0.8152395741295444,0.4247667348384857,0.7385075119934541,0.8454703178933641,49.1216139793396,0.21304724253714086,0.1506768388301134,0.12267324894666672,0.12481550395488739,0.21304724253714086,0.5392811009287835,0.2175600439310074,0.2222421085834503,0.12427149981260299,0.11819240659475326,0.2175600439310074,0.496961954832077,1.3771547079086304,1.141697645187378,1.072595477104187,1.8484100103378296,1.5747617483139038,0.5464764833450317,1.900532841682434,3.2180120944976807,0.5082555413246155,1.417380690574646,2.7322728633880615,0.4986646771430969
57,0.0001,0.34541029527783396,0.8038765323943011,0.4506915283203125,0.7235205365409908,0.8369124806770549,47.88688611984253,0.21702635899186135,0.1649178433790803,0.1254094048589468,0.12297855190932751,0.21702635899186135,0.5299385344982147,0.24096013426780702,0.23771221280097962,0.16212435960769653,0.12115497440099716,0.24096013426780702,0.5039369106292725,1.3837084770202637,1.149868369102478,1.0821354389190674,1.8467026948928833,1.5774661302566528,0.5509033203125,1.9173563718795776,3.244241714477539,0.5120131969451904,1.4199124574661255,2.734499931335449,0.5021336674690247
58,0.0001,0.34850205466151235,0.7974705470069391,0.4317307674884796,0.741788759876778,0.8496166663459194,50.02164340019226,0.21943033613264562,0.16176597215235233,0.12171212911605835,0.12456105530261993,0.21943033613264562,0.5290631672739983,0.20788497388362884,0.21184035181999206,0.11079959273338318,0.12348303943872452,0.20788497388362884,0.49780717611312864,1.3892757892608643,1.1482468843460083,1.093023419380188,1.8691799640655518,1.5684998035430908,0.5545770525932312,1.9158936738967896,3.260735034942627,0.5164833664894104,1.4478623867034912,2.7620460987091064,0.5058452486991882
59,0.0001,0.3409847243130207,0.7990894619120877,0.48031511187553405,0.6947379801861407,0.815517470988324,51.17711663246155,0.2162006041407585,0.16066078528761862,0.1258659194409847,0.12632136568427085,0.2162006041407585,0.5356047132611275,0.2186299270391464,0.26577216625213623,0.1226809012889862,0.12274681985378265,0.2186299270391464,0.4908606505393982,1.3883265256881714,1.1537039279937744,1.1018319129943848,1.8868759870529175,1.5875006914138794,0.5582013130187988,1.9296200275421143,3.290724515914917,0.5187211632728577,1.478699803352356,2.768568754196167,0.508819043636322
60,0.0001,0.3368554240465164,0.802819855453944,0.45238504886627195,0.7235388069607127,0.8367335208396667,50.89710998535156,0.21163177214562892,0.15631034918129444,0.1234772376716137,0.1242914693057537,0.21163177214562892,0.5427774277329445,0.21323733031749725,0.23218049079179764,0.1362234964966774,0.12149818539619446,0.21323733031749725,0.5298762989044189,1.394397497177124,1.16562020778656,1.1094483137130737,1.889687418937683,1.5931953191757202,0.5609512329101562,1.9588823318481445,3.299854278564453,0.5226079225540161,1.4698188304901123,2.8035507202148438,0.5121675133705139
61,0.0001,0.3291777293384075,0.8087743453797074,0.5297420907020569,0.6585723295529655,0.7894546438864167,51.102153062820435,0.20905257716774941,0.1540505677089095,0.12196147195994854,0.12380726031959056,0.20905257716774941,0.5521845692396163,0.2561078679561615,0.2671161127090454,0.1485080075263977,0.11663873076438903,0.2561078679561615,0.4364129447937012,1.398381233215332,1.1744704246520996,1.1166114807128906,1.9077962636947632,1.6113742589950562,0.565584123134613,1.9341003894805908,3.3217384815216064,0.5292761921882629,1.4432942867279053,2.817450523376465,0.5144902467727661
62,0.0001,0.32749262407422064,0.8144231944275953,0.4145988863706589,0.73658582013748,0.8456339100504658,50.93490028381348,0.21274021714925767,0.1566041933745146,0.12453849889338016,0.12206124246120453,0.21274021714925767,0.5378165811300277,0.23448952198028564,0.19807507306337357,0.08954974114894867,0.11918209820985794,0.23448952198028564,0.41108968496322634,1.4044731855392456,1.1770808696746826,1.125306248664856,1.924066185951233,1.619277834892273,0.5672462582588196,1.9467016458511353,3.3365275859832764,0.5343101024627686,1.4254891872406006,2.8374154567718506,0.5161514282226562
63,0.0001,0.3500529582798481,0.7917501772370416,0.4215972250699997,0.7288106480266485,0.8405778910101673,50.527604818344116,0.21095137029886246,0.17293439917266368,0.12427102282643318,0.12372904285788536,0.21095137029886246,0.5477986083924771,0.22042869329452514,0.20320548355579376,0.10147909075021744,0.12199364513158799,0.22042869329452514,0.44379121422767637,1.4087709188461304,1.1869826316833496,1.1342213153839111,1.9228761196136475,1.625380516052246,0.5707470774650574,1.9590445756912231,3.34517240524292,0.535865068435669,1.4493873119354248,2.868178606033325,0.519756555557251
64,0.0001,0.325650700032711,0.8113837554001015,0.45880677700042727,0.7088439581810113,0.8235918138112204,51.70830202102661,0.21324449814856053,0.15373146086931228,0.1238768570125103,0.12375817470252513,0.21324449814856053,0.5365401545166969,0.21564079999923705,0.2276478788256645,0.11240828484296798,0.12289492696523667,0.21564079999923705,0.5035348904132843,1.4232126474380493,1.1968518495559692,1.145967960357666,1.9261517524719238,1.6276345252990723,0.5757775902748108,1.98020601272583,3.373467206954956,0.5387080311775208,1.4701118469238281,2.8766701221466064,0.5217836499214172
65,0.0001,0.3254214665293694,0.8120511592128251,0.47964361906051634,0.7054900434737322,0.8227047829473172,51.18708682060242,0.21197250366210937,0.15465955447405577,0.12439520463347435,0.12145552456378937,0.21197250366210937,0.5511641797423362,0.2423789918422699,0.24310907930135728,0.13824205458164215,0.11265447616577148,0.2423789918422699,0.45188156843185423,1.4269663095474243,1.20796537399292,1.1525667905807495,1.9352937936782837,1.6385952234268188,0.5796822905540466,1.987273931503296,3.382070779800415,0.5438112616539001,1.4932456016540527,2.8793272972106934,0.5289032459259033
66,0.0001,0.3312272177636623,0.8074127686414893,0.4686996054649353,0.6861150113812592,0.8098152220358925,50.67251992225647,0.20664113499224185,0.16238972157239914,0.11860166847705841,0.11977463208138943,0.20664113499224185,0.5614850118756294,0.22172028005123137,0.22515953958034515,0.10842532694339752,0.11857036471366883,0.22172028005123137,0.4982419991493225,1.4262315034866333,1.2090052366256714,1.1614091396331787,1.9387274980545044,1.6488807201385498,0.5818427205085754,2.004300832748413,3.389198064804077,0.5461319088935852,1.473595142364502,2.87105131149292,0.5321567058563232
67,0.0001,0.326401806473732,0.8054158878025044,0.4239247035980225,0.7454085180034237,0.8516551170580542,50.292213678359985,0.21192514911293983,0.1582578145712614,0.12151965491473675,0.12319631829857826,0.21192514911293983,0.5398895236849784,0.2115865534543991,0.23137106686830522,0.13926269561052323,0.12619832992553712,0.2115865534543991,0.5553928387165069,1.433686375617981,1.220131278038025,1.1708242893218994,1.955201268196106,1.6550137996673584,0.5845800638198853,2.001239538192749,3.413555383682251,0.5520821213722229,1.4906678199768066,2.9045403003692627,0.534285843372345
68,0.0001,0.3124228538572788,0.818533995288639,0.6015063881874084,0.6333680657640948,0.7647756012589895,50.65115022659302,0.2084746040403843,0.14918902598321437,0.11960801117122173,0.1260553392767906,0.2084746040403843,0.5503817042708397,0.2404898965358734,0.37668161422014235,0.14346315503120421,0.12847791612148285,0.2404898965358734,0.4973277068138123,1.4346967935562134,1.2219593524932861,1.1786528825759888,1.9653817415237427,1.663689136505127,0.5872142910957336,2.010668992996216,3.410943031311035,0.556380033493042,1.4897958040237427,2.9236109256744385,0.5350282788276672
69,0.0001,0.35467796847224237,0.788761795363008,0.4640986931324005,0.7225201596620804,0.8352636954743643,50.782413482666016,0.21641383312642573,0.1787774036452174,0.12378944486379623,0.12513851664960385,0.21641383312642573,0.5489223745465278,0.24328927278518678,0.2570400249958038,0.18321697533130646,0.12527348905801772,0.24328927278518678,0.5357526731491089,1.4386545419692993,1.222684383392334,1.1843492984771729,1.963120698928833,1.6871949434280396,0.5891249775886536,2.029750108718872,3.419130325317383,0.5622849464416504,1.514890193939209,2.938554048538208,0.5370422005653381
70,0.0001,0.29394459843635556,0.8360582118845007,0.4319525521993637,0.7098155063058253,0.8262446950721564,51.09113335609436,0.20515186309814454,0.13895509641617537,0.11615554168820381,0.12581929363310337,0.20515186309814454,0.5578357416391373,0.21291450679302215,0.2355629539489746,0.12608744829893112,0.12387167900800705,0.21291450679302215,0.5314242148399353,1.447117567062378,1.2208061218261719,1.1922558546066284,1.972364902496338,1.6890780925750732,0.5924059152603149,2.046516180038452,3.4267780780792236,0.5660462975502014,1.499224305152893,2.9422190189361572,0.5388529300689697
71,0.0001,0.30202090576291085,0.8215515607293783,0.493474417924881,0.6986839407861382,0.818277602681201,51.78280258178711,0.2029840114712715,0.1455307824909687,0.11897118397057056,0.12457946568727493,0.2029840114712715,0.5676922908425331,0.22544761657714843,0.2588020658493042,0.1375275331735611,0.12281429022550583,0.22544761657714843,0.5037778699398041,1.4561405181884766,1.227700114250183,1.1988987922668457,1.9755860567092896,1.6945687532424927,0.5944839715957642,2.042353630065918,3.4327473640441895,0.5682151317596436,1.4867244958877563,2.936044454574585,0.5391579270362854
72,0.0001,0.29102090194821356,0.8323213922526139,0.41998389422893523,0.7245650380021391,0.8363007433012924,50.275079011917114,0.20123966045677663,0.13959837429225444,0.11580325223505497,0.12573546603322028,0.20123966045677663,0.5679677525162696,0.21834949553012847,0.21380320131778718,0.09252777695655823,0.12500982522964477,0.21834949553012847,0.4885741353034973,1.4611891508102417,1.2328107357025146,1.205650806427002,1.9530024528503418,1.7028425931930542,0.5966209173202515,2.0357460975646973,3.447075366973877,0.5679722428321838,1.4984418153762817,2.939460039138794,0.5406380891799927
73,0.0001,0.30967357113957406,0.8205220801262236,0.5142963749170303,0.6671626728957588,0.7952400854996517,50.80867648124695,0.2044176433980465,0.15208266355097294,0.12040285430848599,0.1271045032143593,0.2044176433980465,0.5695458602905273,0.21408062636852265,0.28046301066875456,0.12903359442949294,0.12478573203086853,0.21408062636852265,0.5222252011299133,1.4630520343780518,1.2408849000930786,1.2131993770599365,1.9624650478363037,1.7084473371505737,0.5998451709747314,2.0326945781707764,3.452781915664673,0.5704457759857178,1.5103349685668945,2.9261281490325928,0.5462767481803894
74,0.0001,0.30093391954898835,0.819898864377032,0.4133984750509262,0.7400896159817413,0.8474623292291156,51.00331163406372,0.20476101145148276,0.14441562294960023,0.11650269500911235,0.12488624639809132,0.20476101145148276,0.5603941968083381,0.20258573353290557,0.22918232291936874,0.11880766540765762,0.12082798749208451,0.20258573353290557,0.5397904086112976,1.4690831899642944,1.2441487312316895,1.2194985151290894,1.9656206369400024,1.7209501266479492,0.6016125679016113,2.042475700378418,3.474160671234131,0.5764647126197815,1.5013748407363892,2.9490246772766113,0.5455682873725891
75,0.0001,0.29544303014874457,0.8267771321999896,0.43898872017860413,0.7188309281093426,0.8326633048592365,51.028778076171875,0.19790230929851532,0.14470268949866294,0.11850687675178051,0.12572033204138278,0.19790230929851532,0.5769197064638137,0.22142771303653716,0.224979467689991,0.11207297503948212,0.12163600862026215,0.22142771303653716,0.480597630739212,1.474706768989563,1.2472959756851196,1.228856086730957,1.9677212238311768,1.7177014350891113,0.6050163507461548,2.0553572177886963,3.476409912109375,0.5796494483947754,1.5063132047653198,2.9486618041992188,0.5493270754814148
76,0.0001,0.3005963657796383,0.8218986055360489,0.44812789022922517,0.7200810860369217,0.8343777822209566,50.956236839294434,0.2026403048634529,0.14762236680835486,0.11736672937870025,0.12655556090176107,0.2026403048634529,0.5650426179170609,0.2146744692325592,0.2527906021475792,0.09694736778736114,0.12185160785913468,0.2146744692325592,0.49538689613342285,1.4765148162841797,1.2485707998275757,1.2337993383407593,1.9757307767868042,1.7188236713409424,0.6078761219978333,2.0548083782196045,3.489500045776367,0.5838282704353333,1.5105419158935547,2.9504010677337646,0.5503613352775574
77,0.0001,0.2847731792926788,0.8319779786887768,0.40690807104110716,0.747477904659889,0.8529194297107549,51.27514600753784,0.2023580066114664,0.13891445901244878,0.11644066579639911,0.1282886353135109,0.2023580066114664,0.5695610930025578,0.2289682698249817,0.18705617249011994,0.09199200063943863,0.11978700906038284,0.2289682698249817,0.4536181539297104,1.4847097396850586,1.252239465713501,1.2405071258544922,1.9942315816879272,1.7236069440841675,0.6103531122207642,2.0712554454803467,3.4972102642059326,0.5885652899742126,1.5315399169921875,2.958294630050659,0.5561538934707642
78,0.0001,0.28975384950637817,0.8322196019675614,0.41048952341079714,0.7332918370637321,0.8436286116751839,50.325932025909424,0.19978033915162086,0.1400215819850564,0.1166425570845604,0.1271096847206354,0.19978033915162086,0.5800150021910667,0.21111901015043258,0.2168711903691292,0.09965006947517395,0.11937720268964767,0.21111901015043258,0.4898043990135193,1.4842348098754883,1.2510695457458496,1.245884656906128,1.9990630149841309,1.7352410554885864,0.613724410533905,2.0678107738494873,3.49722957611084,0.593426525592804,1.5325146913528442,2.992435932159424,0.5608917474746704
79,0.0001,0.2861829125881195,0.8340745999038812,0.4018819016218185,0.7309033501881272,0.8414279519083203,50.9976601600647,0.19699386455118656,0.14225572541356088,0.11423956729471683,0.12619248561561108,0.19699386455118656,0.5828970536589623,0.19840863585472107,0.21235956788063048,0.11570887476205825,0.12459690302610398,0.19840863585472107,0.5641709351539612,1.484568476676941,1.258561611175537,1.2541029453277588,1.9932633638381958,1.7343528270721436,0.616016685962677,2.060421943664551,3.5116448402404785,0.5946182012557983,1.5038468837738037,2.9845468997955322,0.5631096959114075
80,0.0001,0.2974768044054508,0.8232907015363152,0.435014865398407,0.7262190999725772,0.8384431405733456,49.91735029220581,0.2027043430507183,0.14373703941702842,0.11522786796092988,0.12835486598312854,0.2027043430507183,0.5712774041295051,0.20079008877277374,0.23511834412813187,0.11892984062433243,0.1308642914891243,0.20079008877277374,0.5426710724830628,1.4919557571411133,1.2669469118118286,1.2600566148757935,2.017043352127075,1.7467328310012817,0.617678165435791,2.0763490200042725,3.5158982276916504,0.5990323424339294,1.5132944583892822,2.996136426925659,0.5646993517875671
81,0.0001,0.27508928880095485,0.8408225182572231,0.4690239250659943,0.702562819920422,0.8210468785358745,50.8705735206604,0.19866229549050332,0.135459271222353,0.11484178431332111,0.12739067852497102,0.19866229549050332,0.5884608015418052,0.2141546466946602,0.2468998748064041,0.09071463912725448,0.12016740620136261,0.2141546466946602,0.48204450488090517,1.4983999729156494,1.2683874368667603,1.2656018733978271,2.0077297687530518,1.7516552209854126,0.619185745716095,2.086796998977661,3.5207600593566895,0.6016278266906738,1.5158495903015137,2.9889936447143555,0.5671653151512146
82,0.0001,0.281310620456934,0.8392244039063719,0.5569728577136993,0.6541285075243529,0.7875645516390051,49.99781608581543,0.1980358825623989,0.1413862392306328,0.11483314134180546,0.12678399376571178,0.1980358825623989,0.5805994373559952,0.2260407829284668,0.3243914270401001,0.1469965273141861,0.11769601911306381,0.2260407829284668,0.4937443661689758,1.495868444442749,1.267493724822998,1.2733992338180542,1.9997137784957886,1.757431983947754,0.623313844203949,2.0744895935058594,3.5363504886627197,0.6024389863014221,1.5077959299087524,3.006225109100342,0.5668737888336182
83,0.0001,0.27705338314175604,0.8391206037322593,0.42871270179748533,0.731752050222926,0.842958857746051,51.18988060951233,0.19710631273686885,0.13811493828892707,0.11459995031356812,0.12547798216342926,0.19710631273686885,0.5829895183444023,0.19559510916471481,0.2472283947467804,0.11840455740690231,0.12640174001455307,0.19559510916471481,0.5535156261920929,1.499509572982788,1.2662608623504639,1.2791391611099243,2.0023422241210938,1.7512822151184082,0.626264750957489,2.059494733810425,3.5223283767700195,0.6062444448471069,1.5147141218185425,2.9899888038635254,0.570061206817627
84,0.0001,0.2758485293388367,0.840746442742606,0.4313454413414001,0.7259825786814075,0.8381024233593612,50.10680270195007,0.20038533575832843,0.13817858390510082,0.11475733652710915,0.12493248231709003,0.20038533575832843,0.5763249096274375,0.20098860263824464,0.24748028695583343,0.13196196138858796,0.12021675318479538,0.20098860263824464,0.5680775105953216,1.5047683715820312,1.2678554058074951,1.2838134765625,2.0004119873046875,1.7540466785430908,0.6267130970954895,2.048987627029419,3.531012773513794,0.6082924008369446,1.5391111373901367,3.0065653324127197,0.5705417394638062
85,0.0001,0.2581829653680325,0.8515587833119901,0.449877867102623,0.706237273708174,0.8230087512696602,51.15412497520447,0.19208347350358962,0.12803514182567596,0.11376877337694168,0.12564691565930844,0.19208347350358962,0.598350180387497,0.2142905879020691,0.23563695847988128,0.10652588754892349,0.12433427959680557,0.2142905879020691,0.4912018287181854,1.5010406970977783,1.267744779586792,1.2899163961410522,2.0051937103271484,1.7492039203643799,0.6298746466636658,2.0579025745391846,3.533083200454712,0.6105569005012512,1.5241183042526245,3.0005972385406494,0.5693691968917847
86,0.0001,0.27234276458621026,0.8429738153168814,0.459934139251709,0.7068312375496256,0.8255288848861829,50.44648265838623,0.19704775169491767,0.13491066463291645,0.11429374814033508,0.12717167571187019,0.19704775169491767,0.5948243215680122,0.2040771746635437,0.2508943694829941,0.11072634160518646,0.12663615196943284,0.2040771746635437,0.5313523781299591,1.50531005859375,1.2696893215179443,1.2976157665252686,2.008127450942993,1.746769666671753,0.6329523324966431,2.0504472255706787,3.5437817573547363,0.6128994822502136,1.5353424549102783,2.999067544937134,0.5728315711021423
87,0.0001,0.27164282009005547,0.8422861359020412,0.43050813019275663,0.7277998614584584,0.839605062874042,51.36409783363342,0.19784782141447066,0.13429528411477804,0.11275863178074359,0.12300762876868249,0.19784782141447066,0.5796990585327149,0.20460014313459396,0.2438571783900261,0.11005825966596604,0.12243409007787705,0.20460014313459396,0.5318741488456726,1.508986234664917,1.274917721748352,1.3051419258117676,2.016796112060547,1.7612590789794922,0.6360881924629211,2.072497606277466,3.540043592453003,0.6168460845947266,1.5335127115249634,3.0226633548736572,0.5737962126731873
88,0.0001,0.2611094008386135,0.8535119333059323,0.43947302758693696,0.7133415648675601,0.8289360714414292,50.613139629364014,0.19369148395955563,0.13156611416488886,0.11245944045484066,0.12480842284858226,0.19369148395955563,0.5971969500184059,0.21214442640542985,0.23266712456941605,0.0995640641450882,0.11247443616390228,0.21214442640542985,0.48790024280548094,1.5176936388015747,1.2758346796035767,1.3113296031951904,2.020402669906616,1.7680495977401733,0.6396071910858154,2.0685839653015137,3.5551295280456543,0.6202268004417419,1.5315977334976196,3.041919708251953,0.5765027403831482
89,0.0001,0.2997619660198689,0.8186326925319709,0.4542120546102524,0.7306462789606962,0.8419772714842285,50.16841506958008,0.1993369124084711,0.15144303675740958,0.11338118903338909,0.12177494585514069,0.1993369124084711,0.578906672000885,0.22085524320602418,0.26720705777406695,0.1440913599729538,0.12183822423219681,0.22085524320602418,0.5413021969795228,1.5214964151382446,1.287516713142395,1.3164607286453247,2.023437976837158,1.7730075120925903,0.6405720114707947,2.073288917541504,3.549116611480713,0.6236792802810669,1.5518808364868164,3.032029867172241,0.579819917678833
90,0.0001,0.2645831628143787,0.8532445221705258,0.41976561307907106,0.7269460698237953,0.8385562224249797,50.01579523086548,0.1946569710224867,0.13332022726535797,0.11241475366055965,0.12372390940785408,0.1946569710224867,0.5889263170957565,0.1956610894203186,0.2320040726661682,0.12373761117458343,0.11992800682783127,0.1956610894203186,0.5668495845794678,1.5233993530273438,1.2884166240692139,1.322869062423706,2.023874044418335,1.7819044589996338,0.6432732939720154,2.063523054122925,3.5600249767303467,0.6265174150466919,1.560191035270691,3.0466148853302,0.5806241631507874
91,0.0001,0.26088991910219195,0.8505511058326646,0.42389711260795593,0.72851976674408,0.8394780826211039,50.1140022277832,0.1911671268939972,0.13182846643030643,0.11294815488159657,0.1229124540835619,0.1911671268939972,0.6031994459033012,0.20346744894981383,0.24481835573911667,0.10815239816904068,0.11460048913955688,0.20346744894981383,0.5184242224693298,1.5246413946151733,1.287492275238037,1.328011393547058,2.015568733215332,1.7873271703720093,0.6448488831520081,2.044745922088623,3.5673346519470215,0.6259738802909851,1.5950177907943726,3.059136390686035,0.5820079445838928
92,0.0001,0.27071604564785956,0.8433136991957185,0.39283869504928587,0.752043380976549,0.8556113830647715,49.9757924079895,0.1937019280344248,0.13661721643060445,0.11285090431571007,0.11985086522996426,0.1937019280344248,0.5963511097431183,0.1935840106010437,0.21665208280086518,0.10553484916687011,0.1199456587433815,0.1935840106010437,0.5649044454097748,1.5304138660430908,1.2943849563598633,1.3345669507980347,2.012529134750366,1.7883626222610474,0.6451325416564941,2.0636141300201416,3.5677225589752197,0.628996729850769,1.5785149335861206,3.062861919403076,0.5817457437515259
93,0.0001,0.24709918409585951,0.8622911357521617,0.3818293881416321,0.7529557145462945,0.8571413140865399,50.68208146095276,0.19096257224678992,0.12319659385830165,0.11198496632277966,0.12358999155461788,0.19096257224678992,0.5969679269194603,0.19704472362995148,0.21124613255262376,0.12491572886705399,0.12302841365337372,0.19704472362995148,0.5750433111190796,1.530269980430603,1.2942217588424683,1.3405449390411377,2.014035224914551,1.7885363101959229,0.6474686861038208,2.050053596496582,3.584303855895996,0.6326869130134583,1.5746053457260132,3.078873872756958,0.58464515209198
94,0.0001,0.25020587757229806,0.8622776344790072,0.3998755133152008,0.7551131369851621,0.858144739420112,50.79312801361084,0.18919425457715988,0.12437945533543825,0.11212531335651875,0.12223146922886372,0.18919425457715988,0.602795315682888,0.19453610062599183,0.22918418198823928,0.1063251131772995,0.11770987600088119,0.19453610062599183,0.5713358831405639,1.5331345796585083,1.29539155960083,1.346389889717102,2.017491579055786,1.7882381677627563,0.6493265628814697,2.066387414932251,3.5827043056488037,0.6339313387870789,1.5646097660064697,3.0673646926879883,0.5874503254890442
95,0.0001,0.2457032732665539,0.8625035414418514,0.41117091178894044,0.7423089064721909,0.8488343409776986,48.84995222091675,0.1912101321667433,0.12555208574980498,0.1120499785989523,0.12043953135609627,0.1912101321667433,0.6036682626605034,0.21145765155553817,0.22315068066120147,0.08991424292325974,0.11497399151325226,0.21145765155553817,0.4913758456707001,1.533535361289978,1.293876051902771,1.3511369228363037,1.9959760904312134,1.7859070301055908,0.6511333584785461,2.045992136001587,3.5825531482696533,0.6352686285972595,1.5646641254425049,3.0633323192596436,0.5910711884498596
96,0.0001,0.27923487618565557,0.8360426352788198,0.4339264929294586,0.7400961021929269,0.8471445894152785,48.710020542144775,0.1955832763016224,0.14095678180456161,0.11419943235814571,0.11811794146895409,0.1955832763016224,0.590675771534443,0.20490488529205322,0.2541215017437935,0.10898394852876664,0.11633602410554886,0.20490488529205322,0.511590987443924,1.5401133298873901,1.2984614372253418,1.3566224575042725,2.0212156772613525,1.8055877685546875,0.6541622281074524,2.061241865158081,3.5814130306243896,0.6402546167373657,1.5358901023864746,3.0779330730438232,0.594599723815918
97,0.0001,0.26179612457752227,0.8448139659063313,0.4312790334224701,0.7301744513897223,0.8405242157270181,50.266730308532715,0.1922906055301428,0.13345510490238666,0.11273900113999843,0.12126105576753617,0.1922906055301428,0.5958297020196914,0.19527117550373077,0.24905351519584656,0.11538234919309616,0.119705690741539,0.19527117550373077,0.5681858158111572,1.5424541234970093,1.2988486289978027,1.363553524017334,2.005232334136963,1.8046764135360718,0.6559911370277405,2.0662505626678467,3.5986976623535156,0.6426182389259338,1.5502893924713135,3.0896685123443604,0.5974433422088623
98,0.0001,0.24938106201589108,0.8581086487464857,0.4383124893903732,0.7257277347507458,0.8377162723582913,51.440059661865234,0.1876827012002468,0.12630712807178499,0.1114449929445982,0.12224880278110505,0.1876827012002468,0.6054281553626061,0.19417311012744903,0.25227891087532045,0.10540536880493163,0.11801568388938904,0.19417311012744903,0.5378539347648621,1.538782000541687,1.297508955001831,1.3705103397369385,1.9934512376785278,1.802606463432312,0.6582226753234863,2.0509934425354004,3.591611862182617,0.6459211111068726,1.5440552234649658,3.0855934619903564,0.5986456871032715
99,0.0001,0.25205630362033843,0.8518803448390512,0.4257061070203781,0.7264031394923021,0.8388180887521908,49.62550091743469,0.18754954807460308,0.12554379001259805,0.10900391817092896,0.11934923216700553,0.18754954807460308,0.6059826719760895,0.19834072768688202,0.2406447058916092,0.12726149529218675,0.11847305774688721,0.19834072768688202,0.5777997636795044,1.5436346530914307,1.3013454675674438,1.3759647607803345,2.0007214546203613,1.8171844482421875,0.6614267230033875,2.06720232963562,3.608386754989624,0.6512923240661621,1.5478883981704712,3.1192188262939453,0.6003893613815308
100,0.0001,0.2438403035700321,0.8638437637891941,0.4279457038640976,0.7395024156138232,0.8460771589328838,50.363664865493774,0.18822664588689805,0.12153768073767424,0.11040411442518235,0.11789751209318639,0.18822664588689805,0.6017655983567238,0.21820397794246674,0.2559174317121506,0.14931074380874634,0.1141817507147789,0.21820397794246674,0.556336191892624,1.5474355220794678,1.3008253574371338,1.3820595741271973,2.007765769958496,1.8078404664993286,0.6644083857536316,2.054037570953369,3.6151158809661865,0.6541259288787842,1.5428378582000732,3.106255531311035,0.6008808612823486
101,0.0001,0.24654839619994162,0.8610457758882649,0.44010337769985197,0.7314958330936766,0.8410156128733176,50.443450927734375,0.18513870105147362,0.1266149327158928,0.10962321929633617,0.11903434999287128,0.18513870105147362,0.6065356740355492,0.18664839059114458,0.2570434185862541,0.11101529002189636,0.11978929311037063,0.18664839059114458,0.5774977636337281,1.5523015260696411,1.3057996034622192,1.3863157033920288,1.995986819267273,1.8114840984344482,0.6674506068229675,2.045212745666504,3.6044135093688965,0.6572424173355103,1.5552570819854736,3.094137191772461,0.6057056188583374
102,0.0001,0.25534176707267764,0.853238011145056,0.42710463881492616,0.7280051088869303,0.8379433774762837,50.01756262779236,0.1882308129221201,0.12735718846321106,0.10914862014353276,0.11700847804546356,0.1882308129221201,0.6073750925064086,0.20214752197265626,0.2417711529135704,0.11058181792497634,0.10554488748311996,0.20214752197265626,0.535669379234314,1.555249571800232,1.3079198598861694,1.3913099765777588,1.9996486902236938,1.8201349973678589,0.6692089438438416,2.0496530532836914,3.6288890838623047,0.6623052954673767,1.5647034645080566,3.0943410396575928,0.6112313270568848
103,0.0001,0.24634997233748435,0.8606696221727854,0.42156639993190764,0.7450142999478058,0.8500687173493949,50.38975238800049,0.18514011353254317,0.12706514254212378,0.11219073258340359,0.11686005994677544,0.18514011353254317,0.6119482943415642,0.2007403028011322,0.2379622468352318,0.11426933735609054,0.1123435440659523,0.2007403028011322,0.5304023146629333,1.5620453357696533,1.3131531476974487,1.396998643875122,2.0098445415496826,1.8287007808685303,0.6721155643463135,2.053682327270508,3.6362204551696777,0.6636748313903809,1.5595663785934448,3.0787642002105713,0.6107895374298096
104,0.0001,0.2403902879357338,0.8648627589653651,0.39553941011428834,0.7499315554578778,0.8546719122601389,51.028162479400635,0.1885269781947136,0.12303000051528215,0.11103345103561878,0.11702586591243744,0.1885269781947136,0.6064666563272476,0.1959354415535927,0.21421701937913895,0.09637975960969924,0.11457704782485961,0.1959354415535927,0.5340639972686767,1.5609527826309204,1.31179940700531,1.4028087854385376,2.0024352073669434,1.824474811553955,0.6746671199798584,2.0539913177490234,3.6327707767486572,0.6669267416000366,1.5670199394226074,3.0828464031219482,0.6119018197059631
105,0.0001,0.22771487206220628,0.872119989380883,0.4188379371166229,0.7402995343078501,0.8471092556740558,50.46777272224426,0.18291903108358384,0.11280357606709003,0.10646259777247906,0.11759499050676822,0.18291903108358384,0.6152249345183373,0.19007194101810454,0.2364254367351532,0.10810995310544967,0.11363991230726242,0.19007194101810454,0.5738784670829773,1.5657875537872314,1.3089139461517334,1.4091737270355225,1.999266505241394,1.8303321599960327,0.6767064929008484,2.0388267040252686,3.631621837615967,0.6675129532814026,1.5618616342544556,3.0920259952545166,0.6128464341163635
106,0.0001,0.22840917184948922,0.8743410631756852,0.4875593614578247,0.7048366939879815,0.8217058677736427,50.483779430389404,0.1815677808970213,0.11627025481313467,0.10813820913434029,0.11700818181037903,0.1815677808970213,0.620567057132721,0.20686037778854371,0.2790633782744408,0.10500473231077194,0.11652802377939224,0.20686037778854371,0.5370155465602875,1.57160484790802,1.3115224838256836,1.4143176078796387,2.003145694732666,1.8317193984985352,0.6818034648895264,2.0385072231292725,3.629685640335083,0.6737333536148071,1.5698400735855103,3.1084773540496826,0.6209747791290283
107,0.0001,0.2350990342348814,0.866861172484712,0.41768594622612,0.745974698971701,0.8515487279805961,50.270917654037476,0.18562500238418578,0.118711678981781,0.11011999793350696,0.11415386706590652,0.18562500238418578,0.6166067615151405,0.19192063093185424,0.2609353148937225,0.12538196593523027,0.11227846205234528,0.19192063093185424,0.594886507987976,1.5809749364852905,1.3131440877914429,1.419981598854065,2.0109825134277344,1.8263732194900513,0.6859719753265381,2.0660641193389893,3.644758462905884,0.6786357164382935,1.5494379997253418,3.093043804168701,0.6228610277175903
108,0.0001,0.2321772399544716,0.8694849891639774,0.4037215405702591,0.765445589951469,0.8632249171520399,49.8259801864624,0.18435895435512065,0.11758883778005838,0.10916610904037953,0.116440809071064,0.18435895435512065,0.6189446979761124,0.1887157988548279,0.24209110498428343,0.1181062799692154,0.11901401072740554,0.1887157988548279,0.5854532587528228,1.581852674484253,1.3132679462432861,1.4255108833312988,1.9954993724822998,1.8272624015808105,0.6868969798088074,2.051398992538452,3.6407644748687744,0.6790995001792908,1.5505998134613037,3.0871546268463135,0.6246190071105957
109,0.0001,0.23478546291589736,0.86858067295824,0.4625714153051376,0.7156074197697937,0.8308384564407819,50.51813244819641,0.18054412558674812,0.11804714746773243,0.10655860595405102,0.1181513398885727,0.18054412558674812,0.6268981152772903,0.2046586212515831,0.26959661245346067,0.10035201847553253,0.11702933937311172,0.2046586212515831,0.5109322774410248,1.5854922533035278,1.3123615980148315,1.432449460029602,2.002547025680542,1.8352113962173462,0.6898729801177979,2.046621084213257,3.6503078937530518,0.6821599006652832,1.5428375005722046,3.095531940460205,0.6257975101470947
110,0.0001,0.2323025219142437,0.867032442157317,0.47350099980831145,0.7207282058829358,0.8335115411397142,51.38039016723633,0.1853508834540844,0.1173633512854576,0.10530977673828602,0.118237921372056,0.1853508834540844,0.6062544494867325,0.19371395111083983,0.273738195002079,0.0977048996090889,0.11595147401094437,0.19371395111083983,0.5725905919075012,1.5901362895965576,1.3147132396697998,1.4371874332427979,2.0017218589782715,1.8394087553024292,0.6920250654220581,2.0654079914093018,3.6401307582855225,0.6833953857421875,1.5627622604370117,3.1060092449188232,0.627473771572113
111,0.0001,0.21801341608166694,0.8800286262786186,0.4349957752227783,0.7364824960935954,0.8434994881797769,50.821693420410156,0.18225271187722683,0.11047754280269145,0.10596776314079762,0.12119035258889198,0.18225271187722683,0.6224041792750359,0.18964647591114045,0.2688597729802132,0.12751672118902208,0.11726669549942016,0.18964647591114045,0.5977256941795349,1.594865322113037,1.3162654638290405,1.4417225122451782,1.9825215339660645,1.8417943716049194,0.6949041485786438,2.063192844390869,3.636967897415161,0.6867478489875793,1.5589044094085693,3.116274356842041,0.6295345425605774
112,0.0001,0.2388222922384739,0.8663508422007237,0.40847340762615203,0.7483625232939741,0.8527921505326284,49.6391806602478,0.18200262412428855,0.1240327525138855,0.10643038660287857,0.11990059763193131,0.18200262412428855,0.6127111878991127,0.1892387491464615,0.2221105346083641,0.11007546305656433,0.11680233478546143,0.1892387491464615,0.5861143147945405,1.594447135925293,1.3202919960021973,1.4461150169372559,1.9882159233093262,1.8327908515930176,0.6970568299293518,2.0843214988708496,3.625568151473999,0.6902303695678711,1.5466248989105225,3.1176207065582275,0.63086998462677
113,0.0001,0.23397242687642575,0.8687800756270448,0.39621334195137026,0.7571642238367431,0.8596671618471947,50.33047699928284,0.18368504844605923,0.11911943513900042,0.10797547183930874,0.12169170223176479,0.18368504844605923,0.6134559464454651,0.1990613293647766,0.21319397240877153,0.08601099580526352,0.12140841424465179,0.1990613293647766,0.5375336384773255,1.5969158411026,1.3192304372787476,1.4509025812149048,2.0132739543914795,1.837263584136963,0.698910653591156,2.0758321285247803,3.625501871109009,0.6930691599845886,1.5524080991744995,3.1088037490844727,0.633942186832428
114,0.0001,0.23465097561478615,0.8648910053478615,0.44966019451618194,0.7271911185268576,0.837997850433872,50.86904263496399,0.18108305223286153,0.1192176741361618,0.1040481073409319,0.12133175425231457,0.18108305223286153,0.6164403003454209,0.2071670600771904,0.2544715815782547,0.11426880151033401,0.11800031870603561,0.2071670600771904,0.543895959854126,1.5979835987091064,1.3244086503982544,1.456014633178711,2.013124942779541,1.8441163301467896,0.702121376991272,2.0706663131713867,3.630589723587036,0.6950738430023193,1.566738247871399,3.1084392070770264,0.6383185386657715
115,0.0001,0.22737399011850357,0.8725628765271553,0.435065906047821,0.7361765735610644,0.8453360806923124,51.06883120536804,0.18122157633304595,0.11346961759030819,0.10711571730673314,0.12447358667850494,0.18122157633304595,0.615311598777771,0.19794636368751525,0.24594395279884337,0.0973481872677803,0.11553331255912781,0.19794636368751525,0.5336423206329346,1.6051721572875977,1.3231803178787231,1.4616247415542603,2.010676622390747,1.8473340272903442,0.7045328617095947,2.0750515460968018,3.6564276218414307,0.6962984800338745,1.583016276359558,3.117790699005127,0.6426891684532166
116,0.0001,0.22057403206825257,0.8774171624068652,0.4050714933872223,0.7537822172427967,0.856590171230828,50.30537557601929,0.17934222497045993,0.11358971577137708,0.10495450392365456,0.12271884806454182,0.17934222497045993,0.6252733570337295,0.18310842365026475,0.24199976295232772,0.10880277276039124,0.12118626981973649,0.18310842365026475,0.5871530747413636,1.6081030368804932,1.3290796279907227,1.4658546447753906,2.0202417373657227,1.8496824502944946,0.7066376209259033,2.08827543258667,3.6556217670440674,0.6980171203613281,1.5987834930419922,3.1276204586029053,0.6445658206939697
117,0.0001,0.2179151526093483,0.8776890997207897,0.5027391171455383,0.6971196115324132,0.8169515891362922,50.61000347137451,0.1756042394042015,0.11310853864997625,0.1056335961073637,0.12320283479988575,0.1756042394042015,0.6338876220583916,0.1969817516207695,0.3126037949323654,0.10363598883152009,0.12128268986940384,0.1969817516207695,0.561161390542984,1.6106927394866943,1.3247605562210083,1.4708386659622192,2.0283334255218506,1.850919485092163,0.7079871296882629,2.0745060443878174,3.645554542541504,0.7010008692741394,1.5903470516204834,3.1405017375946045,0.6454062461853027
118,0.0001,0.2310127404332161,0.8729478571741623,0.4154940414428711,0.7499239891401808,0.8544415967926656,49.98408365249634,0.18340797558426858,0.11907409161329269,0.10346593506634236,0.12368279293179513,0.18340797558426858,0.6235039520263672,0.1820809879899025,0.24009160280227662,0.09292286157608032,0.12362665891647338,0.1820809879899025,0.5863553524017334,1.613330364227295,1.3266754150390625,1.4767316579818726,2.0301833152770996,1.8496205806732178,0.7092524170875549,2.0579991340637207,3.6544079780578613,0.7012636065483093,1.5591933727264404,3.1292455196380615,0.6467783451080322
119,0.0001,0.23202449075877665,0.8670782006064367,0.3917710149288178,0.7556554706150697,0.8592551275183865,50.48544096946716,0.18390542738139629,0.11707089766860009,0.10563663773238659,0.12256986409425735,0.18390542738139629,0.6113724732398986,0.1877279409766197,0.23544243574142457,0.10736908912658691,0.11506138950586318,0.1877279409766197,0.5863990020751954,1.6119771003723145,1.3282362222671509,1.4815189838409424,2.0275583267211914,1.841390609741211,0.7125144600868225,2.0592143535614014,3.6554012298583984,0.7028047442436218,1.5570695400238037,3.1362721920013428,0.6483137011528015
120,0.0001,0.2175543388724327,0.8799797568502984,0.4037859481573105,0.7468690020329127,0.8525773991762413,49.5629723072052,0.1771926585584879,0.11279325518757105,0.10469338238239288,0.12230190232396126,0.1771926585584879,0.6294706416130066,0.18149401754140854,0.22919043868780137,0.10009525209665299,0.11918126910924912,0.18149401754140854,0.5884878909587861,1.6097084283828735,1.32442307472229,1.487269639968872,2.0208218097686768,1.845052719116211,0.7135493159294128,2.058534622192383,3.646510601043701,0.7044483423233032,1.5637333393096924,3.134279489517212,0.6507944464683533
121,0.0001,0.22993869334459305,0.8694559569474183,0.4214026176929474,0.7459737335244806,0.8514144964037161,50.784804582595825,0.1798178468644619,0.11581748206168413,0.10602488182485104,0.11955944642424583,0.1798178468644619,0.6216842114925385,0.19677981734275818,0.24177364975214005,0.10581237673759461,0.11778790712356567,0.19677981734275818,0.5347401094436646,1.6121634244918823,1.3285386562347412,1.493238091468811,2.0206077098846436,1.8523907661437988,0.7171378135681152,2.083822011947632,3.656458616256714,0.7101607322692871,1.5714704990386963,3.1192708015441895,0.6540367603302002
122,0.0001,0.21989467076957225,0.8767778773626581,0.416082501411438,0.7484489249137153,0.8535307066730689,50.76779007911682,0.18160539977252482,0.11140856239944696,0.10544012762606143,0.11882820099592209,0.18160539977252482,0.6133895853161812,0.1819283002614975,0.257246772646904,0.1123598861694336,0.12079262852668762,0.1819283002614975,0.5977083539962769,1.6201038360595703,1.3298646211624146,1.497542142868042,2.029860734939575,1.8547115325927734,0.7186813950538635,2.080965042114258,3.655313491821289,0.7120335698127747,1.5727498531341553,3.1419317722320557,0.6568349003791809
123,0.0001,0.21363318778574467,0.8828437499647189,0.43057063937187195,0.7402625351855133,0.8471888308920056,50.28662419319153,0.17751631163060666,0.10903698459267616,0.10450966447591782,0.1211028078943491,0.17751631163060666,0.6297869768738746,0.20492304235696793,0.23999109506607055,0.07520357340574264,0.12291754812002181,0.20492304235696793,0.5297457909584046,1.6210699081420898,1.3294678926467896,1.503515601158142,2.0117483139038086,1.8538025617599487,0.7204404473304749,2.083758592605591,3.655311346054077,0.7113552093505859,1.5911753177642822,3.1268486976623535,0.6572312116622925
124,0.0001,0.23110090859234333,0.8675810576062656,0.39712194800376893,0.7579888040949453,0.8605766395513283,49.87743091583252,0.17898366414010525,0.11920766018331051,0.1047989584505558,0.12147065617144108,0.17898366414010525,0.621652661561966,0.2072856456041336,0.2243071311712265,0.1303799170255661,0.12071450054645538,0.2072856456041336,0.5678912389278412,1.6236834526062012,1.3317818641662598,1.508100152015686,2.006462574005127,1.866451382637024,0.7221189141273499,2.0899367332458496,3.662945032119751,0.715021550655365,1.5948563814163208,3.1269173622131348,0.6611765027046204
125,0.0001,0.2035949370265007,0.8894750958125043,0.44869337320327757,0.7417072155780652,0.8463740194932212,49.574153423309326,0.1778596816211939,0.10411509025841952,0.10377184510231018,0.12217833794653415,0.1778596816211939,0.6335311663150788,0.19113120764493943,0.27752810657024385,0.09530002772808074,0.12245465248823166,0.19113120764493943,0.557476624250412,1.624606728553772,1.330695629119873,1.5129632949829102,2.0094592571258545,1.8620507717132568,0.7236783504486084,2.0881619453430176,3.651127338409424,0.7170381546020508,1.5797739028930664,3.1202080249786377,0.6591073274612427
126,0.0001,0.21258033975958823,0.8807074177974634,0.427263006567955,0.7374137275483121,0.8464698124174036,49.77297043800354,0.1767377495020628,0.10839459251612425,0.10166486538946629,0.11903230220079422,0.1767377495020628,0.6284832274913787,0.18631715416908265,0.2553108158707619,0.11828895419836044,0.11946600884199142,0.18631715416908265,0.5948052775859832,1.6234153509140015,1.3360109329223633,1.5176756381988525,2.004875898361206,1.872305154800415,0.7261253595352173,2.086923122406006,3.656690835952759,0.7201182842254639,1.5644317865371704,3.1424448490142822,0.6624533534049988
127,0.0001,0.19927825674414634,0.8903753407308579,0.4317147183418274,0.7275357278005343,0.8387226615517559,49.95490336418152,0.17558935411274434,0.10056502372026443,0.10361190021038055,0.12092239931225776,0.17558935411274434,0.6303736734390258,0.19399556696414946,0.2331341102719307,0.09454901307821274,0.1187712350487709,0.19399556696414946,0.5540894138813018,1.6203871965408325,1.3340309858322144,1.521837830543518,1.9927709102630615,1.874891996383667,0.7291689515113831,2.082907199859619,3.665220022201538,0.7213349342346191,1.5610458850860596,3.1378042697906494,0.6623556017875671
128,0.0001,0.23024526566267015,0.8689399025259362,0.4252985870838165,0.7421845246403105,0.8487711588306233,51.36824607849121,0.17909174986183643,0.12006059192121028,0.10631849452853202,0.12025089085102081,0.17909174986183643,0.6238093513250351,0.20559526681900026,0.2548878428339958,0.12769717544317247,0.11594817787408829,0.20559526681900026,0.5664498662948608,1.6199904680252075,1.3349781036376953,1.5260567665100098,1.9996896982192993,1.8734015226364136,0.7313625812530518,2.0768566131591797,3.679705858230591,0.7235511541366577,1.5827317237854004,3.146296739578247,0.6649201512336731
129,0.0001,0.20595030225813388,0.886190779582997,0.41513105273246764,0.7471191763989053,0.8531699250077839,49.977781534194946,0.17752456530928612,0.10497109431773424,0.10297642298042774,0.12123261325061321,0.17752456530928612,0.6358892050385475,0.20646440029144286,0.23423779368400574,0.07141938298940659,0.11904061257839203,0.20646440029144286,0.5082966732978821,1.618611216545105,1.3345998525619507,1.5291237831115723,2.001641273498535,1.8776631355285645,0.7333917617797852,2.0650506019592285,3.6874287128448486,0.7252650856971741,1.5677759647369385,3.1265335083007812,0.6650303602218628
130,0.0001,0.20360509544610977,0.8916371370148174,0.4118084853887558,0.7493788887797835,0.8541561653561527,49.767061948776245,0.17622941941022874,0.10344358641654253,0.10356580778956413,0.1222635892778635,0.17622941941022874,0.6326337358355523,0.18581384539604187,0.24527857780456544,0.08317601799964905,0.12385697394609452,0.18581384539604187,0.564408826828003,1.6211090087890625,1.3326343297958374,1.53426992893219,1.9896798133850098,1.8744577169418335,0.7356109619140625,2.0632903575897217,3.6871604919433594,0.7267202138900757,1.5384013652801514,3.1364264488220215,0.6641963720321655
131,0.0001,0.19987757235765458,0.8917620919845699,0.39112799644470214,0.7524751225257887,0.8564411896150423,51.599443197250366,0.1735143768787384,0.10273602303117514,0.10092294119298457,0.12370138980448246,0.1735143768787384,0.6360683608055114,0.18355122625827788,0.2232843542098999,0.08518618375062942,0.12093134969472885,0.18355122625827788,0.5689495360851288,1.6276220083236694,1.3283426761627197,1.53853178024292,1.9907612800598145,1.87193763256073,0.7385661005973816,2.061379909515381,3.6862852573394775,0.7287811636924744,1.5432229042053223,3.1402552127838135,0.6673380136489868
132,0.0001,0.19932640932500362,0.8932353976535513,0.42774852573871613,0.7497202171722815,0.8528930424784342,50.19546723365784,0.17479150138795377,0.10328819260001182,0.10273152969777584,0.1231027054041624,0.17479150138795377,0.6309616738557815,0.20862097144126893,0.26616536498069765,0.14520172357559205,0.12071965515613556,0.20862097144126893,0.5813383531570434,1.6248737573623657,1.3283307552337646,1.5429363250732422,1.9834420680999756,1.873653531074524,0.7415726184844971,2.049984931945801,3.6792728900909424,0.7313219308853149,1.5476982593536377,3.1400089263916016,0.6696315407752991
133,0.0001,0.20478060856461525,0.8878141187954999,0.3917810249328613,0.7698376992793691,0.8676623390074402,49.86624503135681,0.17436165660619735,0.1075250943377614,0.10137479700148105,0.12458750493824482,0.17436165660619735,0.6429281613230705,0.17701669096946715,0.24247153729200363,0.10814486533403396,0.12267646342515945,0.17701669096946715,0.604103091955185,1.6257437467575073,1.3294219970703125,1.5479859113693237,1.9796462059020996,1.8766555786132812,0.744866132736206,2.052889347076416,3.6688601970672607,0.7330545783042908,1.5469024181365967,3.139859914779663,0.6731156706809998
134,0.0001,0.19864925891160964,0.8946054230401024,0.439658397436142,0.7332234123454769,0.8431086210896411,50.22820782661438,0.17189336121082305,0.10060517713427544,0.10151388548314572,0.12260906048119068,0.17189336121082305,0.6419052514433861,0.1807687312364578,0.26782943308353424,0.09976976305246353,0.11631840884685517,0.1807687312364578,0.5939237320423126,1.631057620048523,1.328992486000061,1.5508594512939453,1.9605668783187866,1.8784509897232056,0.7476769089698792,2.0862274169921875,3.6777496337890625,0.7364043593406677,1.5399398803710938,3.147084951400757,0.6734660267829895
135,0.0001,0.19642644211649896,0.8885006936509461,0.39470861554145814,0.7661308156154805,0.8641833796556859,50.88892412185669,0.16810306519269944,0.1020768452808261,0.09909379124641418,0.12097680233418942,0.16810306519269944,0.6463900920748711,0.1797866502404213,0.23367514967918396,0.1010960403084755,0.11727837830781937,0.1797866502404213,0.5986877858638764,1.6349859237670898,1.3299274444580078,1.5554888248443604,1.9708505868911743,1.8871209621429443,0.7498116493225098,2.0995254516601562,3.682777166366577,0.7392679452896118,1.5369508266448975,3.162692070007324,0.676936149597168
136,0.0001,0.21056021630764007,0.8804869848055857,0.39061511993408204,0.752696575981385,0.8566539009531275,50.577831983566284,0.17230007618665696,0.10848402235656977,0.10125516407191754,0.11863491907715798,0.17230007618665696,0.6358415839076043,0.18454980611801147,0.2202210009098053,0.1040673416852951,0.11659342139959335,0.18454980611801147,0.5901053953170776,1.6377780437469482,1.3353757858276367,1.5603723526000977,1.9662182331085205,1.8884845972061157,0.751783549785614,2.0799639225006104,3.6739649772644043,0.7421482801437378,1.5416072607040405,3.15958309173584,0.6795541048049927
137,0.0001,0.20307497173547745,0.8868096552850814,0.37032588601112365,0.7682666132152672,0.8672601719512939,49.41492819786072,0.1731384562700987,0.10539656087756157,0.10140321366488933,0.11845621868968009,0.1731384562700987,0.6388778749108315,0.19017677873373032,0.20447627276182176,0.07666178092360497,0.1171683293581009,0.19017677873373032,0.5693398451805115,1.641543984413147,1.3333488702774048,1.5648534297943115,1.9765180349349976,1.8846179246902466,0.7549835443496704,2.0962185859680176,3.6836862564086914,0.7441527843475342,1.5481815338134766,3.144240617752075,0.6830853819847107
138,0.0001,0.19159903846681117,0.8998281856448389,0.3862831199169159,0.7702639589365308,0.8667583999136849,49.84027647972107,0.1739951279014349,0.09816556617617607,0.09940211117267608,0.1198663628846407,0.1739951279014349,0.6439836195111275,0.17808230757713317,0.22880339562892915,0.09153773099184036,0.11878822356462479,0.17808230757713317,0.5837730515003204,1.6390715837478638,1.335205316543579,1.5694284439086914,1.962541103363037,1.8798165321350098,0.7584147453308105,2.0873544216156006,3.673337459564209,0.746708869934082,1.5619953870773315,3.1439595222473145,0.6845541000366211
139,0.0001,0.20022247038781643,0.8942233600106146,0.4483008921146393,0.7338620128279015,0.8442337567985955,49.41105818748474,0.17066255412995815,0.10188567385077477,0.10114476062357426,0.11918760597705841,0.17066255412995815,0.6437266001105308,0.2000841963291168,0.28246992409229277,0.12795068323612213,0.1154353106021881,0.2000841963291168,0.581630562543869,1.6399445533752441,1.3323222398757935,1.5741020441055298,1.961848258972168,1.889510154724121,0.7605980634689331,2.084221124649048,3.688499927520752,0.7476601004600525,1.5459681749343872,3.1627588272094727,0.6874849796295166
140,0.0001,0.20333732664585114,0.8887856888687101,0.4388346368074417,0.7448168587254774,0.850196817037648,50.8268096446991,0.173946880325675,0.1047105460241437,0.1003603459149599,0.1174470129609108,0.173946880325675,0.6380509015917778,0.19287057518959044,0.26469633758068084,0.08564743459224701,0.11846917629241943,0.19287057518959044,0.5632491660118103,1.6449179649353027,1.3351439237594604,1.5781253576278687,1.9693888425827026,1.8945547342300415,0.7626363039016724,2.0860188007354736,3.6947803497314453,0.7496069073677063,1.5497963428497314,3.172029733657837,0.689674973487854
141,0.0001,0.19574046634137632,0.8908285748010265,0.4141806662082672,0.7517354718482651,0.8551675932001899,49.85846781730652,0.16784003250300883,0.10125954374670983,0.09957924231886864,0.11900378331542015,0.16784003250300883,0.6460629478096962,0.17531919419765474,0.2490621304512024,0.10573035418987274,0.11696127444505691,0.17531919419765474,0.6066489470005035,1.6446678638458252,1.33367919921875,1.5811965465545654,1.9762941598892212,1.8978307247161865,0.7635725736618042,2.0822606086730957,3.6866707801818848,0.7492595314979553,1.5468546152114868,3.184567451477051,0.6893863081932068
142,0.0001,0.19880442351102828,0.8925957315736827,0.4123144221305847,0.7521135959280878,0.8560369152155642,50.29353046417236,0.169300689175725,0.10168691072613001,0.09867041163146496,0.11971176207065583,0.169300689175725,0.6434672984480858,0.18103199124336242,0.2487647020816803,0.11628751963376999,0.1191196796298027,0.18103199124336242,0.616040689945221,1.6462299823760986,1.3341929912567139,1.584260106086731,1.9668371677398682,1.894383430480957,0.7644487619400024,2.073911428451538,3.6937427520751953,0.7495965957641602,1.540446162223816,3.1799726486206055,0.6932531595230103
143,0.0001,0.19731455340981482,0.8905837750957469,0.43093458473682406,0.7416160100287496,0.8478428868064823,49.96409893035889,0.1695811215043068,0.10077072519809008,0.09987669967114926,0.11760841719806195,0.1695811215043068,0.6438226786255836,0.18884201377630233,0.2608422088623047,0.11615890026092529,0.11387849152088166,0.18884201377630233,0.6025385272502899,1.6471980810165405,1.3354554176330566,1.5886621475219727,1.9834803342819214,1.9045861959457397,0.7669607400894165,2.0777597427368164,3.690809726715088,0.7519970536231995,1.5263376235961914,3.1801304817199707,0.6959783434867859
144,0.0001,0.19872885160148143,0.8911407742201058,0.44832934737205504,0.7271918728946904,0.8375481381224139,51.12411713600159,0.1708592113852501,0.10285133272409439,0.10197063907980919,0.11767419710755349,0.1708592113852501,0.6440313613414764,0.17644192397594452,0.27302212655544283,0.09908252954483032,0.11462682664394379,0.17644192397594452,0.6055292236804962,1.6524909734725952,1.3320081233978271,1.5924248695373535,1.9744889736175537,1.9105697870254517,0.7686995267868042,2.093353509902954,3.691241979598999,0.7565751671791077,1.5199735164642334,3.1859827041625977,0.6985195875167847
145,0.0001,0.20219349086284638,0.8869322868804638,0.40454418122768404,0.7590408281554545,0.8603144834865821,50.305256366729736,0.1703082387149334,0.10536265309900045,0.10072583399713039,0.11738126173615455,0.1703082387149334,0.6386309623718261,0.1837705934047699,0.23621347665786743,0.07817406445741654,0.11597607374191284,0.1837705934047699,0.5722350466251374,1.6556735038757324,1.334655523300171,1.5972435474395752,1.966842770576477,1.9057949781417847,0.7711294889450073,2.072648048400879,3.701695203781128,0.7598071098327637,1.543622374534607,3.181912660598755,0.7012344598770142
146,0.0001,0.18912234582006932,0.8984066938707684,0.40608234286308287,0.7586857103280495,0.8608537270265186,50.27271056175232,0.17177019588649273,0.09711507063359022,0.10030862770974636,0.1166892733424902,0.17177019588649273,0.6400178197026253,0.18464253962039948,0.23528210431337357,0.07524808317422867,0.11242719650268555,0.18464253962039948,0.5617399716377258,1.6585626602172852,1.3330336809158325,1.6012190580368042,1.9713057279586792,1.9045326709747314,0.7733364105224609,2.0894806385040283,3.704664468765259,0.7609695196151733,1.5356006622314453,3.1705963611602783,0.702029824256897
147,0.0001,0.19115670621395112,0.8963734022998796,0.39904032051563265,0.7556177779388402,0.8579580306502831,50.53135013580322,0.16815495647490025,0.09954525053501129,0.09968613497912884,0.11756047450006007,0.16815495647490025,0.6479280862212181,0.17542552351951599,0.23523033201694488,0.09412295609712601,0.11553520530462265,0.17542552351951599,0.6103681445121765,1.6565877199172974,1.3353427648544312,1.6045300960540771,1.9690080881118774,1.9011150598526,0.7753508687019348,2.082489490509033,3.7089343070983887,0.7625336050987244,1.5341286659240723,3.1740033626556396,0.7036908268928528
148,0.0001,0.19417293414473533,0.8961676574672413,0.38922180235385895,0.7699312832942848,0.8666208791071613,50.69151711463928,0.1683524191379547,0.10183448940515519,0.09934033125638962,0.11703132681548595,0.1683524191379547,0.6467305651307106,0.17864363998174668,0.23407595872879028,0.10582111239433288,0.11790061265230178,0.17864363998174668,0.5991727042198182,1.65409255027771,1.329522967338562,1.608547568321228,1.958739995956421,1.8950167894363403,0.7769367694854736,2.0849404335021973,3.7066590785980225,0.7635360360145569,1.5418192148208618,3.189643383026123,0.7051244974136353
149,0.0001,0.196869937479496,0.8897212339756725,0.3704472541809082,0.765349112843433,0.8652638667218262,49.81283617019653,0.16645188942551614,0.10455836240202189,0.10075157396495342,0.11784268975257874,0.16645188942551614,0.6460302487015724,0.17403693348169327,0.20847923338413238,0.08289886265993118,0.11498976588249206,0.17403693348169327,0.5860575866699219,1.6554641723632812,1.3310930728912354,1.6108719110488892,1.9673315286636353,1.8890129327774048,0.7787379622459412,2.1011006832122803,3.691594362258911,0.7668942213058472,1.5301015377044678,3.183159351348877,0.70768141746521
150,0.0001,0.18079261124134063,0.9065994929914533,0.3840741187334061,0.7677467012774872,0.8664350109501092,51.462427616119385,0.16461302407085895,0.09247961826622486,0.09654496915638447,0.11436542481184006,0.16461302407085895,0.654402956366539,0.17239338785409927,0.23609498620033265,0.09625578820705413,0.11284799128770828,0.17239338785409927,0.6105729413032531,1.6525182723999023,1.3286983966827393,1.6143991947174072,1.9489538669586182,1.889305830001831,0.7809466123580933,2.091604471206665,3.692817449569702,0.7686258554458618,1.5310031175613403,3.179987668991089,0.7080100774765015
151,0.0001,0.179848388209939,0.9047613513286962,0.4345356619358063,0.732770458658503,0.8432522696537978,50.784300327301025,0.16525109022855758,0.09452051471918821,0.09903300598263741,0.11670819729566574,0.16525109022855758,0.6576560032367706,0.20692623376846314,0.25141208797693254,0.14450580060482024,0.11764069944620133,0.20692623376846314,0.5928079628944397,1.6564433574676514,1.3300561904907227,1.617663025856018,1.959340214729309,1.8952553272247314,0.7831451892852783,2.0863466262817383,3.687588930130005,0.76806640625,1.518104910850525,3.1759772300720215,0.7109796404838562
152,0.0001,0.1857110922038555,0.9014236388327798,0.43859492242336273,0.734178979551723,0.8435431183842235,50.586994647979736,0.16876585364341737,0.0962358496338129,0.09742131263017655,0.11676231481134891,0.16876585364341737,0.6499361312389373,0.19577977418899536,0.2622943761944771,0.12080641388893128,0.11503514021635056,0.19577977418899536,0.5830145001411438,1.6565018892288208,1.3305972814559937,1.62111496925354,1.9609482288360596,1.8981022834777832,0.7856010794639587,2.075751304626465,3.684117555618286,0.7675957679748535,1.5102077722549438,3.1744225025177,0.7112254500389099
153,0.0001,0.1849192079156637,0.9032720159538549,0.41491631150245667,0.7570571612757656,0.8595067899624104,50.55927801132202,0.16428975984454156,0.09473723325878382,0.09817388370633125,0.11522787943482399,0.16428975984454156,0.6534622234106063,0.17999466955661775,0.2444261360168457,0.10315547466278076,0.11288656741380691,0.17999466955661775,0.6059773659706116,1.6532835960388184,1.3300678730010986,1.6245331764221191,1.9580376148223877,1.9025486707687378,0.7875149846076965,2.08717942237854,3.684272050857544,0.768604576587677,1.5107742547988892,3.171757459640503,0.7113608717918396
154,0.0001,0.17455848619341852,0.9086253985514752,0.38702722430229186,0.7711822047069454,0.8686319013947768,50.005444288253784,0.16013457007706167,0.09109608884900808,0.0975130220502615,0.11624903216958046,0.16013457007706167,0.6607127648591995,0.17676679849624632,0.22559942573308944,0.07868435323238372,0.1153389111161232,0.17676679849624632,0.5953951895236969,1.6555752754211426,1.3290740251541138,1.6284418106079102,1.9494874477386475,1.9018477201461792,0.7896226048469543,2.0854098796844482,3.6864874362945557,0.7702292203903198,1.513547420501709,3.162830114364624,0.7140582203865051
155,0.0001,0.17826259903609754,0.907972647926051,0.40224181532859804,0.7611894955934378,0.8621233270141871,49.30620002746582,0.1627934253960848,0.09296148780733347,0.0958391524106264,0.1163249123841524,0.1627934253960848,0.6607137602567673,0.17078593313694002,0.2528771883249283,0.10360820919275283,0.114304900765419,0.17078593313694002,0.6267696523666382,1.653294324874878,1.3254868984222412,1.6321502923965454,1.934267282485962,1.8994888067245483,0.791739821434021,2.08235239982605,3.6823554039001465,0.7708278298377991,1.5041663646697998,3.1508727073669434,0.7139377593994141
156,0.0001,0.19118627041578293,0.8971107747468521,0.3934598624706268,0.7563819369758911,0.8587831407078782,50.318997621536255,0.16270868681371212,0.09978419706225396,0.09624851725995541,0.11518034473061561,0.16270868681371212,0.6620672485232353,0.17534493982791902,0.23192953050136567,0.08734735876321792,0.1129174917936325,0.17534493982791902,0.604373037815094,1.6504812240600586,1.3250097036361694,1.6353099346160889,1.9276485443115234,1.9033783674240112,0.792624294757843,2.0725748538970947,3.6832568645477295,0.7732545137405396,1.4945955276489258,3.1519813537597656,0.7151196599006653
157,0.0001,0.18464045286178588,0.900366079272949,0.3676688861846924,0.7843294343563099,0.8772020498569205,50.74061417579651,0.16738354600965977,0.09612313576042653,0.09782040275633336,0.11454762764275074,0.16738354600965977,0.6527535238862038,0.18175234615802766,0.20604600846767426,0.07377116054296494,0.11470243811607361,0.18175234615802766,0.5731183409690856,1.6519479751586914,1.3259778022766113,1.6396207809448242,1.9235210418701172,1.9035961627960205,0.7936403751373291,2.0645699501037598,3.6829943656921387,0.770578920841217,1.497132420539856,3.1456544399261475,0.7142194509506226
158,0.0001,0.20718516066670417,0.8853421864474322,0.45241702497005465,0.734113115685958,0.8417456222895374,50.99851369857788,0.1695506639778614,0.10757925260812044,0.09842385455965996,0.11592272453010083,0.1695506639778614,0.6468487763404847,0.19437427669763566,0.2672119212150574,0.09551078408956527,0.11700976312160492,0.19437427669763566,0.5751051998138428,1.6551090478897095,1.3297165632247925,1.6432327032089233,1.9381316900253296,1.9129679203033447,0.79671710729599,2.0727379322052,3.7084391117095947,0.773385763168335,1.4843559265136719,3.1268274784088135,0.7162221074104309
159,0.0001,0.1764937637746334,0.9057129373621028,0.39981319606304166,0.7615398475185603,0.862114760475363,49.71613097190857,0.16536026060581208,0.09052872821688653,0.09838249824941159,0.1172866816073656,0.16536026060581208,0.6544008469581604,0.17222898870706557,0.25160513043403626,0.0940476354956627,0.11927496254444123,0.17222898870706557,0.6112778306007385,1.6563963890075684,1.3255754709243774,1.6478561162948608,1.9367703199386597,1.9111417531967163,0.7982145547866821,2.070594072341919,3.694486141204834,0.7743951082229614,1.4780795574188232,3.1279358863830566,0.716197669506073
160,0.0001,0.16962176747620106,0.9112017925660817,0.432081384062767,0.746705914918863,0.8503952356184198,50.88557052612305,0.15930478811264037,0.0886006198450923,0.09470240309834481,0.11818436086177826,0.15930478811264037,0.6724984362721443,0.1730169200897217,0.2778314909338951,0.09743989050388337,0.11725203722715377,0.1730169200897217,0.611612604856491,1.6558693647384644,1.326120138168335,1.6509075164794922,1.9449021816253662,1.9100837707519531,0.7997353076934814,2.0669312477111816,3.688565492630005,0.7757585644721985,1.4772335290908813,3.1362297534942627,0.7179014086723328
161,0.0001,0.17913087248802184,0.9059689857204755,0.4451033741235733,0.7352139005293931,0.8445239306131275,50.533663272857666,0.16258152171969414,0.09316152401268482,0.09526160791516304,0.11710639551281929,0.16258152171969414,0.6600694102048874,0.18217943847179413,0.25861182481050493,0.09734746783971787,0.11153919845819474,0.18217943847179413,0.6000800669193268,1.654316782951355,1.3255724906921387,1.6537747383117676,1.9408419132232666,1.9002882242202759,0.8006148934364319,2.06178617477417,3.6889026165008545,0.7783372402191162,1.4806100130081177,3.1335928440093994,0.7207971215248108
162,0.0001,0.20379675924777985,0.8841584297367746,0.46449019134044645,0.7166534164935385,0.8325602766239354,48.77418780326843,0.16459083259105683,0.10707352451980114,0.09767884165048599,0.11686755485832691,0.16459083259105683,0.6515871721506119,0.18883714705705643,0.2896555230021477,0.12881074368953704,0.11431494653224945,0.18883714705705643,0.6087776911258698,1.6572880744934082,1.3338730335235596,1.6580522060394287,1.9446114301681519,1.9154902696609497,0.8036760687828064,2.0659067630767822,3.6925275325775146,0.7829471230506897,1.512574315071106,3.1441152095794678,0.7282998561859131
163,0.0001,0.18597071163356305,0.8996305569629061,0.3947069603204727,0.7623878237805713,0.8627675719994072,50.786272048950195,0.16927074141800402,0.0962002695351839,0.09886376954615116,0.11746538043022156,0.16927074141800402,0.642444903254509,0.18176999390125276,0.2356720659136772,0.11878032624721527,0.11708887308835983,0.18176999390125276,0.6222467017173767,1.6640268564224243,1.3347426652908325,1.6613627672195435,1.9479174613952637,1.9108664989471436,0.8055880665779114,2.0622055530548096,3.7024641036987305,0.783177375793457,1.517130970954895,3.154085159301758,0.7295300960540771
164,0.0001,0.17296255633234978,0.9098138053152417,0.402384814620018,0.753973608875948,0.856729858945757,54.69590425491333,0.1600535886734724,0.09043859399855136,0.09543262496590614,0.11774128630757331,0.1600535886734724,0.6642962557077408,0.18270929008722306,0.2421850109100342,0.09262628316879272,0.11414018213748932,0.18270929008722306,0.6012942922115326,1.6638073921203613,1.332244634628296,1.6657871007919312,1.936482548713684,1.9065502882003784,0.8075731992721558,2.051767110824585,3.694312572479248,0.7841372489929199,1.51626718044281,3.1463406085968018,0.732293426990509
165,0.0001,0.170886937007308,0.910984413824123,0.40672272503376006,0.7593946894416744,0.8614300653351621,51.9911322593689,0.15906777404248715,0.08764970183372497,0.09524613596498967,0.11852980516850949,0.15906777404248715,0.6649041533470154,0.1838660642504692,0.24380126535892488,0.09180080622434617,0.11521610975265503,0.1838660642504692,0.592621591091156,1.664935827255249,1.3323262929916382,1.6692253351211548,1.9368144273757935,1.9103864431381226,0.8101112246513367,2.0564382076263428,3.6960346698760986,0.7856548428535461,1.5162056684494019,3.1374313831329346,0.7331329584121704
166,0.0001,0.17420555472373964,0.9069139450990624,0.3873891258239746,0.761364016436547,0.8626615182684698,50.07939648628235,0.16028955288231372,0.08996696852147579,0.09587114483118057,0.11639962621033191,0.16028955288231372,0.6731198266148567,0.1788996508717537,0.2302214616537094,0.0882835927605629,0.11485972821712494,0.1788996508717537,0.6052401971817016,1.663913369178772,1.3326070308685303,1.672108769416809,1.9301328659057617,1.9129995107650757,0.8115854859352112,2.0500664710998535,3.7008557319641113,0.7883687019348145,1.5305235385894775,3.14652419090271,0.7363780736923218
167,0.0001,0.17502490296959877,0.9082254208883165,0.4023016095161438,0.7508641074901513,0.8544976665316315,51.567357301712036,0.16009748600423335,0.09096980944275856,0.0959568602591753,0.1161039887368679,0.16009748600423335,0.6652543956041336,0.17423780769109726,0.23321895629167558,0.09378977596759797,0.11397782534360885,0.17423780769109726,0.6096866762638092,1.6618717908859253,1.3355730772018433,1.6747057437896729,1.9199753999710083,1.91782546043396,0.8132360577583313,2.0608696937561035,3.69785475730896,0.7880810499191284,1.5216387510299683,3.146759033203125,0.7353610992431641
168,0.0001,0.17105096757411956,0.9133500919381891,0.3933472514152527,0.7608496850370391,0.8613377459142985,52.719154834747314,0.1605600690096617,0.08922483209520578,0.09440230205655098,0.11594718106091023,0.1605600690096617,0.6637879419326782,0.17118361175060273,0.2382482796907425,0.09589956134557724,0.11578560888767242,0.17118361175060273,0.6133399415016174,1.660613775253296,1.335161566734314,1.6785240173339844,1.9190683364868164,1.9151419401168823,0.8138562440872192,2.048609733581543,3.693704128265381,0.7881596088409424,1.516070008277893,3.1361684799194336,0.7354517579078674
169,0.0001,0.16226446270942688,0.9168282256175851,0.3968222564458847,0.764728499331211,0.8648268029337848,50.90798020362854,0.15888533033430577,0.08500789951533079,0.0936522488296032,0.11701769903302192,0.15888533033430577,0.6718503785133362,0.17443637818098068,0.23958580076694488,0.08832743704319,0.112470124065876,0.17443637818098068,0.6094961357116699,1.6576632261276245,1.335175633430481,1.6801568269729614,1.9217076301574707,1.9163514375686646,0.8148837685585022,2.042107343673706,3.697007179260254,0.7885779142379761,1.5030940771102905,3.138728380203247,0.7352659702301025
170,0.0001,0.16051861323416233,0.9181885240556348,0.4005811977386475,0.7648307922146761,0.8648498343393233,50.302743434906006,0.15878305464982986,0.08381105978041888,0.09669006153941155,0.11501445561647415,0.15878305464982986,0.6671161296963691,0.17180163621902467,0.24797313272953034,0.08641502976417542,0.11380678802728653,0.17180163621902467,0.6259408891201019,1.6560674905776978,1.3336851596832275,1.6836512088775635,1.9218558073043823,1.9143275022506714,0.8158943057060242,2.042226552963257,3.691835403442383,0.7892019152641296,1.493841290473938,3.135070562362671,0.7349402904510498
171,0.0001,0.16024806000292302,0.9193932730393126,0.4007897090911865,0.7646582856605939,0.8647832755658826,52.56108498573303,0.1572340877354145,0.08447920851409435,0.09340691030025482,0.11507684141397476,0.1572340877354145,0.6698192474246025,0.17104586571455002,0.25397426187992095,0.1037115427851677,0.1120726290345192,0.17104586571455002,0.6344258916378022,1.648789405822754,1.3324171304702759,1.6862056255340576,1.9076967239379883,1.9135127067565918,0.8169972896575928,2.032301902770996,3.6890461444854736,0.78998863697052,1.493237018585205,3.1288976669311523,0.7362455725669861
172,0.0001,0.16479784362018107,0.9163816279738873,0.3780594110488892,0.7723527343167512,0.8695509761027951,51.512640714645386,0.1551543366163969,0.08626439116895199,0.0924312624335289,0.11446029148995876,0.1551543366163969,0.6795392268896103,0.17042551308870316,0.2285316812992096,0.09732903629541396,0.11294706284999848,0.17042551308870316,0.6247427308559418,1.6509898900985718,1.330605387687683,1.689040184020996,1.8899098634719849,1.9129037857055664,0.8182507753372192,2.0226638317108154,3.6905078887939453,0.7912298440933228,1.492551326751709,3.1239142417907715,0.7390414476394653
173,0.0001,0.1711948113888502,0.9100980957687653,0.3761137044429779,0.7707974612115501,0.8684636010553721,50.62195444107056,0.16024373084306717,0.08882428701967,0.09417918749153614,0.1127737045288086,0.16024373084306717,0.6671878030896187,0.17809339374303818,0.21502642959356308,0.07261394619941712,0.11138810515403748,0.17809339374303818,0.5793779468536377,1.6568509340286255,1.3302900791168213,1.6926472187042236,1.8996235132217407,1.9171372652053833,0.8204668164253235,2.0187692642211914,3.6870973110198975,0.7936286330223083,1.4890234470367432,3.13223934173584,0.739931046962738
174,0.0001,0.16730330251157283,0.9105481827778774,0.5057868152856827,0.7064298533768697,0.8231318827180424,52.40035533905029,0.15752837888896465,0.08799373757094145,0.09374409891664982,0.11263790555298328,0.15752837888896465,0.6665852034091949,0.19765466153621675,0.31546074867248536,0.12939812034368514,0.10815083533525467,0.19765466153621675,0.5916648650169373,1.6541625261306763,1.3298414945602417,1.695434331893921,1.9010546207427979,1.9132014513015747,0.8227805495262146,2.0206356048583984,3.688880681991577,0.7982455492019653,1.4810572862625122,3.129957437515259,0.7422453165054321
175,0.0001,0.18527330651879312,0.897553330707399,0.47274844408035277,0.7257555744043327,0.8374580099732857,52.189865827560425,0.1592132990062237,0.09665965214371681,0.09619515255093575,0.11146965093910693,0.1592132990062237,0.667856456041336,0.26198404788970947,0.23812877237796784,0.05884046822786331,0.1048584195971489,0.26198404788970947,0.45669277548789977,1.6595196723937988,1.3379460573196411,1.6966882944107056,1.9029929637908936,1.907085657119751,0.8241284489631653,2.020759344100952,3.6870458126068115,0.7999639511108398,1.477109670639038,3.1469595432281494,0.7446392178535461
176,0.0001,0.18940316870808602,0.8977695231992859,0.39214748501777646,0.7635797307231564,0.8635540161759693,51.20210814476013,0.1643331141769886,0.10018817253410817,0.09756939843297005,0.11004265323281288,0.1643331141769886,0.6584890204668045,0.1735776525735855,0.2383799135684967,0.10312684625387192,0.10936513334512711,0.1735776525735855,0.6297718071937561,1.6566100120544434,1.3352446556091309,1.6999974250793457,1.9037837982177734,1.9012246131896973,0.8258610367774963,2.0313241481781006,3.6916258335113525,0.8016599416732788,1.4771605730056763,3.1518216133117676,0.7455400228500366
177,0.0001,0.16231001414358615,0.917417338274375,0.3890388011932373,0.7710412738953129,0.8687794815750685,51.27908968925476,0.15958526849746704,0.0847202816605568,0.09501827605068684,0.11078323028981686,0.15958526849746704,0.6706771045923233,0.16947766482830048,0.23999815732240676,0.10393970638513565,0.110464046895504,0.16947766482830048,0.6356574022769927,1.656781792640686,1.3337836265563965,1.7034629583358765,1.898485541343689,1.909704327583313,0.8266441822052002,2.0254292488098145,3.6898093223571777,0.8022660613059998,1.462947130203247,3.1497836112976074,0.7462252974510193
178,0.0001,0.1557552157342434,0.9204362455852007,0.3816578936576843,0.7732682813324476,0.8698828998517706,50.98618125915527,0.1540679931640625,0.08235712498426437,0.0927305579930544,0.11191092111170292,0.1540679931640625,0.6788932099938393,0.17152393966913224,0.23162551939487458,0.08421077251434327,0.11160720735788346,0.17152393966913224,0.6202531242370606,1.6578857898712158,1.3292784690856934,1.7069553136825562,1.896810531616211,1.9075392484664917,0.8269906640052795,2.0287961959838867,3.6893954277038574,0.8033362627029419,1.4526337385177612,3.1431586742401123,0.7458808422088623
179,0.0001,0.15748273462057114,0.9205500570604314,0.38601154744625094,0.7702270441202002,0.8677560297824906,51.20418953895569,0.15293862760066987,0.08216563809663058,0.09151937857270241,0.10974516771733761,0.15293862760066987,0.6756379470229149,0.17590915381908417,0.23346738755702973,0.07900680676102638,0.10786400079727172,0.17590915381908417,0.6091743040084839,1.654770851135254,1.3273347616195679,1.7094112634658813,1.8915705680847168,1.9028714895248413,0.8284632563591003,2.0175931453704834,3.693211078643799,0.8057560324668884,1.437050700187683,3.145449638366699,0.7458694577217102
180,0.0001,0.1668182495236397,0.9121730816054743,0.4307586067914963,0.7394186132253234,0.8460279598279112,51.21563720703125,0.15305654115974904,0.08981723308563233,0.09323461979627609,0.1097699972242117,0.15305654115974904,0.6756722414493561,0.21096937030553817,0.22993393659591674,0.06738669216632844,0.10973093628883362,0.21096937030553817,0.5487316310405731,1.6513010263442993,1.3296791315078735,1.712066650390625,1.8873265981674194,1.9027916193008423,0.8301976323127747,2.02245831489563,3.688863515853882,0.807304322719574,1.422654628753662,3.134878635406494,0.7462567090988159
181,0.0001,0.15787707269191742,0.9169931335220586,0.4123223882913589,0.7572545540583653,0.8588139971350794,51.49749517440796,0.15506448157131672,0.082306720726192,0.09420583508908749,0.11062917202711105,0.15506448157131672,0.6762520033121109,0.17006515800952912,0.26001654207706454,0.09881788909435273,0.10993261009454727,0.17006515800952912,0.6247642719745636,1.6537563800811768,1.3309632539749146,1.7144399881362915,1.8849010467529297,1.9019715785980225,0.8321536779403687,2.031186819076538,3.6877105236053467,0.8093554377555847,1.413591980934143,3.1245369911193848,0.7484277486801147
182,0.0001,0.16081562027335167,0.9179531354163173,0.42968490421772004,0.748140266920287,0.8520104433805032,51.858011960983276,0.15304780103266238,0.0838808573409915,0.09133862294256687,0.11104731827974319,0.15304780103266238,0.67726810246706,0.19201304584741594,0.2508514451980591,0.08364110141992569,0.11073473304510116,0.19201304584741594,0.5730330884456635,1.6519399881362915,1.3298884630203247,1.716556429862976,1.873153567314148,1.9019584655761719,0.8326979279518127,2.0369272232055664,3.678818464279175,0.8107186555862427,1.4073841571807861,3.123232126235962,0.7510308623313904
183,0.0001,0.16281114920973777,0.9156324706123949,0.4038534891605377,0.7590674422043251,0.8597781238584026,51.88784623146057,0.15285749949514865,0.08608491390943528,0.09163890145719052,0.11033066175878048,0.15285749949514865,0.6838819062709809,0.16577423065900804,0.25207155346870425,0.09611267983913421,0.10680327445268631,0.16577423065900804,0.6367472791671753,1.6511048078536987,1.3287720680236816,1.720343828201294,1.872446060180664,1.8994537591934204,0.834308385848999,2.0274858474731445,3.680217742919922,0.8132259249687195,1.4103814363479614,3.121541738510132,0.752618670463562
184,0.0001,0.1576515471190214,0.9208002937565688,0.4034452211856842,0.7653268207104782,0.8648481571732174,51.754828453063965,0.15757851272821427,0.08219021171331406,0.0928885830193758,0.10865323685109615,0.15757851272821427,0.6708131217956543,0.16186271667480467,0.2576750856637955,0.08007309257984162,0.10814537495374679,0.16186271667480467,0.6296478414535522,1.6508164405822754,1.3291808366775513,1.7233164310455322,1.8781850337982178,1.896154761314392,0.8350663185119629,2.0272932052612305,3.6821818351745605,0.8133544325828552,1.4043086767196655,3.1133217811584473,0.753229558467865
185,0.0001,0.15905921041965485,0.9183044632177554,0.45682813704013825,0.7289256407265878,0.8402037146607982,51.75341081619263,0.1506410148739815,0.08456580262631178,0.09085550136864186,0.10939477495849133,0.1506410148739815,0.6831144720315934,0.2185032171010971,0.2557105565071106,0.07314822673797608,0.10910981893539429,0.2185032171010971,0.521745924949646,1.649106740951538,1.3277586698532104,1.7247601747512817,1.860547423362732,1.8909918069839478,0.8361452221870422,2.0429255962371826,3.679807424545288,0.8136467933654785,1.4037997722625732,3.1128411293029785,0.7536926865577698
186,0.0001,0.18007068507373333,0.9049784359051479,0.4322353732585907,0.7514348032855347,0.8562822128025593,51.634273529052734,0.1525756684690714,0.09475447963923216,0.0913077525794506,0.11164546310901642,0.1525756684690714,0.6800858214497566,0.1673632377386093,0.26664920210838317,0.09887389153242111,0.10961431801319123,0.1673632377386093,0.6373664104938507,1.6503812074661255,1.3286865949630737,1.727887749671936,1.8791539669036865,1.8972327709197998,0.8377323746681213,2.0507094860076904,3.6860604286193848,0.8177573680877686,1.4169585704803467,3.141533374786377,0.7570357918739319
187,0.0001,0.1692580135166645,0.9126180202101563,0.4017499488592148,0.7687100768743623,0.8668721839279391,51.521395683288574,0.1567217329144478,0.08800349965691566,0.09572583124041557,0.11222062438726425,0.1567217329144478,0.6746243011951446,0.1707468658685684,0.2516226702928543,0.0762228575348854,0.11181367397308349,0.1707468658685684,0.605288370847702,1.6548312902450562,1.3298982381820679,1.732030987739563,1.8776048421859741,1.9028233289718628,0.8394730687141418,2.0448522567749023,3.6901748180389404,0.8206886053085327,1.4170886278152466,3.1475493907928467,0.7587406635284424
188,0.0001,0.15854996867477894,0.9152055587686609,0.4078229320049286,0.7613905044323421,0.8614952300827369,51.07306122779846,0.15525285109877587,0.083617353849113,0.09227136500179768,0.11285799473524094,0.15525285109877587,0.6736746302247048,0.16969720751047135,0.25886274307966234,0.09252178311347961,0.11209875494241714,0.16969720751047135,0.6280648338794709,1.653007984161377,1.3267902135849,1.7338699102401733,1.8756340742111206,1.90828275680542,0.8410407304763794,2.0304834842681885,3.6846981048583984,0.822265625,1.4262986183166504,3.14434552192688,0.7599481344223022
189,0.0001,0.1535625573992729,0.922938449299687,0.4238343960046768,0.7565818327251799,0.8586122537539415,52.35838508605957,0.1517182981967926,0.08005445454269648,0.09347683437168598,0.11330141663551331,0.1517182981967926,0.682052201628685,0.16934757947921752,0.2765303334593773,0.1093358901143074,0.11364793568849564,0.16934757947921752,0.6437797224521637,1.652780532836914,1.3241815567016602,1.7360807657241821,1.87522554397583,1.9050661325454712,0.8430106043815613,2.0269882678985596,3.6727471351623535,0.8262313008308411,1.4287221431732178,3.138739585876465,0.761393666267395
190,0.0001,0.149873011931777,0.9242071553033255,0.40655995547771456,0.7653724877234871,0.8652591079628783,49.61328148841858,0.15056283600628376,0.07898419167846442,0.08971890918910504,0.11377060376107692,0.15056283600628376,0.6802135995030403,0.168938227891922,0.24940707951784133,0.07914798259735108,0.11070190876722336,0.168938227891922,0.6218574857711792,1.6507102251052856,1.3213798999786377,1.7386410236358643,1.8699402809143066,1.9028611183166504,0.8453073501586914,2.018678665161133,3.670283555984497,0.8265533447265625,1.4163975715637207,3.1245789527893066,0.7613839507102966
191,0.0001,0.1668333823233843,0.9100145951327336,0.4120306617021561,0.7547296032484612,0.8575594821557825,51.45214629173279,0.15455659560859203,0.0886810664460063,0.09244313247501851,0.1127263581007719,0.15455659560859203,0.675529126226902,0.1701551267504692,0.2468139797449112,0.07993244335055351,0.10894325226545334,0.1701551267504692,0.6229085147380828,1.6543024778366089,1.3220055103302002,1.7421905994415283,1.8751634359359741,1.9042459726333618,0.8469696640968323,2.0155413150787354,3.673292398452759,0.8286693096160889,1.415140151977539,3.1191399097442627,0.7640557885169983
192,0.0001,0.1567760930210352,0.9202978750154385,0.3997520649433136,0.7623856144071409,0.8634904638693315,50.835593938827515,0.1518336771428585,0.08213067572563887,0.09170353285968304,0.11017141401767731,0.1518336771428585,0.6824511688947678,0.17188236653804778,0.2378718814253807,0.09066612869501114,0.10639697462320327,0.17188236653804778,0.6228658163547516,1.6566239595413208,1.3215906620025635,1.7440845966339111,1.8808119297027588,1.8987987041473389,0.8486831188201904,2.010374069213867,3.674875020980835,0.829384446144104,1.4095921516418457,3.1228139400482178,0.7647688388824463
193,0.0001,0.15146798886358737,0.9218431812081804,0.447629919052124,0.7388028514390065,0.8473552934085918,51.458974838256836,0.15150288738310336,0.07915386494249105,0.09237222291529179,0.10982321292161941,0.15150288738310336,0.6827176946401596,0.17331212937831877,0.282059845328331,0.09828763246536255,0.10612684547901154,0.17331212937831877,0.6278660404682159,1.6552058458328247,1.3180228471755981,1.7464797496795654,1.8751335144042969,1.8936809301376343,0.8494939208030701,2.019742250442505,3.6748664379119873,0.8300687670707703,1.3949635028839111,3.114206314086914,0.7641547322273254
194,0.0001,0.16620599687099458,0.9142685173943178,0.42900632321834564,0.7499650413426805,0.8542776102463467,51.8360857963562,0.153920810893178,0.08744353957474232,0.09340482510626316,0.11005880199372768,0.153920810893178,0.6738248717784882,0.1704726454615593,0.28412414968013766,0.11431257367134094,0.108119375705719,0.1704726454615593,0.6404596149921418,1.6579766273498535,1.3266701698303223,1.748795747756958,1.8829842805862427,1.8988099098205566,0.8513650298118591,2.040407419204712,3.6816887855529785,0.8328810334205627,1.4089494943618774,3.1265110969543457,0.7682708501815796
195,0.0001,0.17264855787158012,0.9072833982594624,0.4136598241329193,0.7482919210122073,0.8530442109552435,51.790085554122925,0.15381738491356373,0.09168884880840779,0.09360214695334435,0.11157645545899868,0.15381738491356373,0.6791429394483566,0.16916263073682786,0.26827203780412673,0.11221778124570847,0.1091287499666214,0.16916263073682786,0.6344890785217285,1.6597293615341187,1.331258773803711,1.7507538795471191,1.8779077529907227,1.9035131931304932,0.8532897233963013,2.0408012866973877,3.6844348907470703,0.8334403038024902,1.4044747352600098,3.144913673400879,0.7683280110359192
196,0.0001,0.1571621622890234,0.9190671837242215,0.41996665894985197,0.756997672012938,0.8570104688601831,52.197489738464355,0.14921918153762817,0.08441189117729664,0.09172306753695011,0.11317341580986977,0.14921918153762817,0.6864967998862267,0.18761219203472138,0.26535579830408096,0.11635135322809219,0.10842316687107086,0.18761219203472138,0.6102056753635406,1.6563414335250854,1.331463098526001,1.7533180713653564,1.874447226524353,1.9034228324890137,0.8553831577301025,2.0454916954040527,3.6828384399414062,0.8344387412071228,1.4079742431640625,3.1352007389068604,0.7674401998519897
197,0.0001,0.1545623791962862,0.9192151701842731,0.39169322431087494,0.771686824384308,0.868232415142574,51.26911020278931,0.15161000438034533,0.08086541417986154,0.09467261850833893,0.10914031445980071,0.15161000438034533,0.6808553785085678,0.16412970662117005,0.2480271801352501,0.08281780809164047,0.1071021869778633,0.16412970662117005,0.6254804515838623,1.6573960781097412,1.3293466567993164,1.7559468746185303,1.8805240392684937,1.903282880783081,0.856508195400238,2.029231071472168,3.6796376705169678,0.8345605134963989,1.4008781909942627,3.1290881633758545,0.7694926857948303
198,0.0001,0.14620887488126755,0.9283761787250177,0.3801289224624634,0.7748683785741727,0.870435889606742,52.10665321350098,0.14865684010088442,0.07767482299357653,0.09135479405522347,0.10880908206105232,0.14865684010088442,0.6840267854928971,0.16789824932813643,0.23852133631706238,0.10322720825672149,0.10824223905801773,0.16789824932813643,0.6397610580921174,1.652629017829895,1.3277554512023926,1.7577210664749146,1.874192237854004,1.900275468826294,0.8576756715774536,2.0226926803588867,3.674518585205078,0.8351796269416809,1.3973976373672485,3.1253044605255127,0.7702772617340088
199,0.0001,0.15742162987589836,0.9196019247108589,0.3800927412509918,0.7773313580024103,0.8732440346394609,50.97286796569824,0.15238789573311806,0.08348962761461735,0.09088091500103473,0.10872933223843574,0.15238789573311806,0.6810517856478691,0.17064564317464828,0.22803996860980988,0.08688560545444489,0.10562098950147629,0.17064564317464828,0.630367033481598,1.6542106866836548,1.328619122505188,1.7598131895065308,1.876051664352417,1.8936353921890259,0.8596562743186951,2.013406991958618,3.669492721557617,0.836053192615509,1.3930201530456543,3.122509002685547,0.770175576210022
200,0.0001,0.14534294858574867,0.9282841777670231,0.4278447186946869,0.7569439715901715,0.8589084723406468,50.22080111503601,0.15083574272692205,0.0763632407411933,0.09093450009822845,0.10913039736449719,0.15083574272692205,0.6854099145531655,0.16289830356836318,0.2825833889842033,0.0812637361884117,0.10786549538373948,0.16289830356836318,0.6359534072875976,1.65282142162323,1.3237985372543335,1.7615727186203003,1.8710436820983887,1.8919910192489624,0.8607516288757324,2.0017194747924805,3.666003465652466,0.8359510898590088,1.391387939453125,3.1138365268707275,0.7699447274208069
201,0.0001,0.1482538513839245,0.9285530733982996,0.4139540469646454,0.7638239820826459,0.8629961242329744,50.18021106719971,0.14934083566069603,0.07790335532277823,0.09036208257079124,0.10969435438513755,0.14934083566069603,0.6871138724684716,0.16107223719358443,0.2775593364238739,0.08637158483266831,0.10956953346729278,0.16107223719358443,0.6358453655242919,1.649229884147644,1.3234699964523315,1.763532042503357,1.860574722290039,1.892236590385437,0.8620473146438599,1.9886631965637207,3.6636719703674316,0.8376284241676331,1.3781217336654663,3.113685369491577,0.7693187594413757
202,0.0001,0.148420122936368,0.925273671369969,0.4136118769645691,0.7638269762033478,0.8635583072319537,51.2201452255249,0.1518983091413975,0.07793105196207761,0.09025323413312435,0.10942319981753826,0.1518983091413975,0.6835642892122269,0.1622945809364319,0.2723544749617577,0.0785051554441452,0.10863534808158874,0.1622945809364319,0.6349141395092011,1.6486114263534546,1.3211382627487183,1.7660367488861084,1.8542770147323608,1.893222451210022,0.8635953664779663,1.9869296550750732,3.6616270542144775,0.8375298976898193,1.3671393394470215,3.109177350997925,0.7696927189826965
203,0.0001,0.1493220131099224,0.9258721088105962,0.4027111953496933,0.7613601896041545,0.8625820208392361,52.114282846450806,0.14726675979793072,0.0789443139731884,0.09070516906678677,0.10916214175522328,0.14726675979793072,0.6934253299236297,0.17226412206888198,0.24524626582860948,0.07140062734484673,0.10783715456724167,0.17226412206888198,0.6005497252941132,1.6498054265975952,1.3203858137130737,1.768663763999939,1.853163242340088,1.8887759447097778,0.8655897378921509,1.9803136587142944,3.658381223678589,0.8387831449508667,1.3642345666885376,3.104553461074829,0.7714123725891113
204,0.0001,0.14295846357941627,0.9292184358469462,0.40882723808288574,0.763690493179508,0.8638282811458029,50.13056230545044,0.14578257463872432,0.07571367926895618,0.08748544298112393,0.10772963553667068,0.14578257463872432,0.6877085819840432,0.19056492388248444,0.253161261677742,0.11452661514282227,0.10546541571617127,0.19056492388248444,0.6032684242725372,1.6471633911132812,1.3189271688461304,1.771164059638977,1.838449478149414,1.8868948221206665,0.8661240339279175,1.9758293628692627,3.6559503078460693,0.8394075036048889,1.3556675910949707,3.1004858016967773,0.7721331119537354
205,0.0001,0.14396878711879255,0.9288195016257067,0.4139831048250198,0.7575575197860115,0.8589212149531791,50.095298528671265,0.1497446035593748,0.07608941312879323,0.09043810546398162,0.10941917210817337,0.1497446035593748,0.6836583203077317,0.16805342674255372,0.2660531368851662,0.07981948837637902,0.10714614897966385,0.16805342674255372,0.628146904706955,1.6465208530426025,1.3187716007232666,1.7734545469284058,1.8387757539749146,1.8838329315185547,0.8671889901161194,1.970533013343811,3.6525490283966064,0.839522123336792,1.3564388751983643,3.0978944301605225,0.7740433812141418
206,0.0001,0.14346290268003942,0.9290722258018453,0.43716098487377164,0.7571595099141853,0.859023475352929,51.69730997085571,0.14764631800353528,0.07517045121639968,0.088873695358634,0.10905122436583042,0.14764631800353528,0.6898838433623314,0.17177447855472563,0.2970282307267189,0.11579187870025635,0.10782512098550796,0.17177447855472563,0.6445506978034973,1.6455645561218262,1.3169727325439453,1.7755532264709473,1.8340349197387695,1.8822396993637085,0.8680862784385681,1.9635720252990723,3.6480860710144043,0.8395926356315613,1.3514068126678467,3.0898594856262207,0.774092435836792
207,0.0001,0.14729619517922402,0.9264179067734724,0.4098915231227875,0.7620926292258062,0.862961641805378,51.10101509094238,0.14950225748121737,0.07858721397817135,0.0915260187536478,0.10732789255678654,0.14950225748121737,0.6873368805646897,0.1603802701830864,0.2724991336464882,0.09428172260522842,0.10577678084373474,0.1603802701830864,0.64085844039917,1.6449317932128906,1.3192534446716309,1.7772128582000732,1.8403525352478027,1.885661244392395,0.8694700598716736,1.9803245067596436,3.636403799057007,0.8409605026245117,1.3570668697357178,3.0815584659576416,0.775528073310852
208,0.0001,0.1531590773910284,0.9204032974767185,0.3917133373022079,0.765514477420252,0.8652030737521837,50.76777267456055,0.1486564340442419,0.08216903660446405,0.08880053974688053,0.10571238979697227,0.1486564340442419,0.6865688878297805,0.16206441074609756,0.24435972899198533,0.07609644308686256,0.10331272542476654,0.16206441074609756,0.6377161562442779,1.6424980163574219,1.3202098608016968,1.7795846462249756,1.8442121744155884,1.88608980178833,0.8711374998092651,1.9898221492767334,3.6386327743530273,0.8430564403533936,1.350273847579956,3.087800979614258,0.7773257493972778
209,0.0001,0.1485588964819908,0.9261133738731923,0.39665125429630277,0.7633706160359917,0.8638104931017895,50.06455397605896,0.14727401435375215,0.07719622578471899,0.08840598143637181,0.10481074571609497,0.14727401435375215,0.6894942805171013,0.16229676246643066,0.2562986153364182,0.07986208662390709,0.10521736979484558,0.16229676246643066,0.6368484842777252,1.6378060579299927,1.3181151151657104,1.7812892198562622,1.8474183082580566,1.8804476261138916,0.8721331357955933,1.984336256980896,3.6334800720214844,0.8447405099868774,1.345739722251892,3.090703248977661,0.7788754105567932
210,0.0001,0.14528221920132636,0.9276199627486473,0.4307101893424988,0.7530897283143301,0.8556128345513586,52.42525887489319,0.14527308642864228,0.07780651926994324,0.08913951180875301,0.10498072035610675,0.14527308642864228,0.6928376242518425,0.1673100161552429,0.278460841178894,0.09116939634084702,0.10344291716814041,0.1673100161552429,0.6273298692703247,1.6371455192565918,1.3156499862670898,1.7835482358932495,1.8410714864730835,1.8803794384002686,0.8733351230621338,1.9748154878616333,3.63508939743042,0.8440775275230408,1.3388804197311401,3.09427809715271,0.7784042358398438
211,0.0001,0.15238566197454928,0.9229858390308343,0.38879605531692507,0.7701522348752304,0.8680474647059907,51.66966724395752,0.14548386730253696,0.08242269448935985,0.09001138411462307,0.10556210614740849,0.14548386730253696,0.6937217062711716,0.15973665446043014,0.24351390182971955,0.0850659629702568,0.1055769196152687,0.15973665446043014,0.64430734872818,1.6389626264572144,1.3160959482192993,1.7849065065383911,1.8444801568984985,1.8790204524993896,0.8748301863670349,1.9671236276626587,3.6284115314483643,0.845380961894989,1.325013279914856,3.0831665992736816,0.7797319889068604
212,0.0001,0.14066329523921012,0.9310280132781402,0.39599044501781466,0.7738415226903131,0.8702684113925,51.1813588142395,0.1460226059705019,0.07488743290305137,0.08782770872116089,0.10609110049903393,0.1460226059705019,0.6913195946812629,0.16000062346458435,0.25967578530311586,0.08998896360397339,0.10459886193275451,0.16000062346458435,0.6482520186901093,1.6360636949539185,1.31496000289917,1.7870548963546753,1.8372907638549805,1.8781657218933105,0.8763430118560791,1.9583570957183838,3.6253414154052734,0.8458693623542786,1.331600308418274,3.081420421600342,0.7799763083457947
213,0.0001,0.14062139444053173,0.9306328220800022,0.4317219465970993,0.745989176931312,0.8515305109203921,50.95904874801636,0.14685039184987544,0.07409262385219335,0.0878120668977499,0.1053081475943327,0.14685039184987544,0.6907231897115708,0.17060792207717895,0.2851521649956703,0.10827258169651031,0.10548897385597229,0.17060792207717895,0.64175750374794,1.6302903890609741,1.3129054307937622,1.78911292552948,1.8280614614486694,1.8755528926849365,0.8776493072509766,1.9551310539245605,3.617276430130005,0.8460673093795776,1.3330711126327515,3.077436923980713,0.7813657522201538
214,0.0001,0.14886468477547168,0.9260306817672117,0.39388838052749636,0.767254137894872,0.865799574702342,51.52629470825195,0.1475555118173361,0.07793421268463135,0.0901730428636074,0.10321001447737217,0.1475555118173361,0.6879368788003921,0.16090649247169495,0.2524837979674339,0.09508175194263459,0.1023403462767601,0.16090649247169495,0.6465891110897064,1.634610891342163,1.3135381937026978,1.7905604839324951,1.8245123624801636,1.8845068216323853,0.879144549369812,1.944282054901123,3.6269915103912354,0.8464080691337585,1.3325111865997314,3.0723578929901123,0.7834822535514832
215,0.0001,0.14268192179501057,0.9308310372213809,0.4177718114852905,0.7579702257183368,0.8592282857604185,52.377150774002075,0.1457363023608923,0.07583667822182179,0.08791299544274807,0.1034825298935175,0.1457363023608923,0.6957228162884712,0.18544526755809784,0.26700030207633974,0.11510732918977737,0.09988026797771454,0.18544526755809784,0.6201252210140228,1.631737470626831,1.3157347440719604,1.7933109998703003,1.8254159688949585,1.884411096572876,0.880905032157898,1.939804196357727,3.623255491256714,0.846496045589447,1.3401448726654053,3.0681042671203613,0.7841676473617554
216,0.0001,0.1405026337504387,0.9298920868748359,0.43070083737373355,0.7524017051074737,0.8563522258976793,52.08826684951782,0.1448795275390148,0.07398887000977993,0.08883351802825928,0.10422259017825126,0.1448795275390148,0.6971871209144592,0.16555885553359986,0.27944539189338685,0.09757011234760285,0.1038416314125061,0.16555885553359986,0.6459915685653687,1.6354892253875732,1.3151452541351318,1.7949858903884888,1.8271965980529785,1.8792548179626465,0.8820121884346008,1.9526084661483765,3.620178461074829,0.8498064279556274,1.33974289894104,3.075017213821411,0.7866924405097961
217,0.0001,0.14294947519898415,0.9261205379680513,0.39533343493938444,0.7754503147853561,0.871686624890429,50.91304874420166,0.14484126582741738,0.07684165496379138,0.08797674052417279,0.10414676189422607,0.14484126582741738,0.6929238367080689,0.16387678414583207,0.25275514394044873,0.07446276992559434,0.10329999208450318,0.16387678414583207,0.6251912593841553,1.6339057683944702,1.314802885055542,1.7962003946304321,1.833046317100525,1.874543309211731,0.8828814029693604,1.9537757635116577,3.615074872970581,0.8516451120376587,1.3346409797668457,3.0708861351013184,0.7869132161140442
218,0.0001,0.14179367937147616,0.9288725743092123,0.42264913380146024,0.7530240421591465,0.8553596927000825,51.06770586967468,0.14656278386712074,0.07361308567225933,0.08810422521084547,0.10411412701010704,0.14656278386712074,0.6893967247009277,0.16587357729673385,0.2626408576965332,0.0849744600057602,0.10481331318616867,0.16587357729673385,0.6314206635951995,1.6341187953948975,1.3146846294403076,1.7980427742004395,1.8363139629364014,1.8786184787750244,0.8846445679664612,1.9586546421051025,3.6115739345550537,0.8514562249183655,1.332844853401184,3.0727052688598633,0.7877157926559448
219,0.0001,0.14290192507207394,0.9298974192162902,0.41646718680858613,0.7615705496999273,0.86231792255406,51.75079131126404,0.14272968888282775,0.07656607780605555,0.08799030430614949,0.10491537667810917,0.14272968888282775,0.6961615726351738,0.16525472640991212,0.27953821659088135,0.09394433408975601,0.10372148334980011,0.16525472640991212,0.627221714258194,1.6324129104614258,1.3122013807296753,1.799544334411621,1.8208177089691162,1.87764573097229,0.8868668079376221,1.9527130126953125,3.6131091117858887,0.8518338203430176,1.3204946517944336,3.0688180923461914,0.7891233563423157
220,0.0001,0.1596497171372175,0.9177315450581817,0.3900374311208725,0.7684022635587978,0.8670731064569402,51.632827281951904,0.15018313728272914,0.08440157394856214,0.0890805184841156,0.10257729977369308,0.15018313728272914,0.6840569648146629,0.16440489590168,0.2436337774991989,0.08161790266633034,0.10290733397006989,0.16440489590168,0.6305978989601135,1.6326937675476074,1.3167256116867065,1.8019309043884277,1.8327243328094482,1.876469373703003,0.8872248530387878,1.9544392824172974,3.6042325496673584,0.8543663620948792,1.3161263465881348,3.063767194747925,0.790732741355896
221,0.0001,0.1384618679434061,0.932491861848919,0.39945269107818604,0.7666932890523357,0.8659490706495313,51.31559681892395,0.14381965190172197,0.07341703914105892,0.08896698638796806,0.10331406496465206,0.14381965190172197,0.6953462505340576,0.1666095495223999,0.25454671889543534,0.0697505821287632,0.10196208626031876,0.1666095495223999,0.6197608995437622,1.635466456413269,1.3167625665664673,1.8042267560958862,1.835349202156067,1.869420051574707,0.8880445957183838,1.9386736154556274,3.599783182144165,0.8557085394859314,1.3130989074707031,3.0553841590881348,0.7911537289619446
222,0.0001,0.1488688312470913,0.925428903476176,0.42843485057353975,0.7484062415805485,0.8531401506988108,50.677915811538696,0.14533778488636018,0.07943324711173773,0.08695248499512673,0.10434358909726144,0.14533778488636018,0.6979897007346153,0.16149667412042618,0.27272578865289687,0.08349361896514892,0.10296365350484848,0.16149667412042618,0.6403099799156189,1.6341158151626587,1.3160490989685059,1.8051148653030396,1.8311963081359863,1.8698105812072754,0.8890640139579773,1.9345039129257202,3.5944173336029053,0.8553518652915955,1.3070414066314697,3.0616588592529297,0.7916028499603271
223,0.0001,0.13787340931594372,0.9321289480566232,0.41215491235256196,0.7577132420822648,0.8596683193812722,51.614463090896606,0.1423381248116493,0.07341913536190986,0.08755564849823713,0.10338592037558555,0.1423381248116493,0.6981730270385742,0.16762362092733382,0.2759970048069954,0.1084831029176712,0.10104467391967774,0.16762362092733382,0.6448718881607056,1.6329013109207153,1.3174777030944824,1.8063358068466187,1.8233931064605713,1.8745100498199463,0.8900418877601624,1.932440161705017,3.5940020084381104,0.8561480045318604,1.306593418121338,3.0584566593170166,0.7918673753738403
224,0.0001,0.13643715381622315,0.9329483784620808,0.4082577186822891,0.7604553666521412,0.8613356789767421,50.757208824157715,0.14046565763652324,0.0728565888106823,0.08630382858216762,0.10442542679607868,0.14046565763652324,0.7026109454035759,0.16570414811372758,0.27120846837759016,0.09817622929811477,0.10462234169244766,0.16570414811372758,0.6441224873065948,1.63026762008667,1.3142668008804321,1.8080207109451294,1.818226933479309,1.8711391687393188,0.8901881575584412,1.9275823831558228,3.5866167545318604,0.85707688331604,1.3009060621261597,3.0523977279663086,0.7931897640228271
225,0.0001,0.13806661657989025,0.9318868593498497,0.4196694737672806,0.7661780348082508,0.8653906764822366,50.85024285316467,0.1433085048943758,0.07411726154386997,0.08751253951340913,0.10434666372835637,0.1433085048943758,0.6963894435763359,0.16503086149692536,0.29060137808322906,0.09932954579591752,0.10326451122760773,0.16503086149692536,0.6346550297737121,1.631572961807251,1.3136475086212158,1.8103939294815063,1.8178414106369019,1.8701990842819214,0.8909958004951477,1.926503300666809,3.5866644382476807,0.8580610752105713,1.3001965284347534,3.0464513301849365,0.7942298054695129
226,0.0001,0.13550335064530372,0.9344725844384815,0.3819193625450134,0.7810560536302024,0.8747725077824939,51.36001205444336,0.14411040879786013,0.07180244728922844,0.0876419211179018,0.10445451073348522,0.14411040879786013,0.6943472698330879,0.1627901801466942,0.2436470478773117,0.07608311414718628,0.10303202837705612,0.1627901801466942,0.6256327331066132,1.6299998760223389,1.312378168106079,1.8120673894882202,1.8067885637283325,1.8680037260055542,0.8919632434844971,1.9193001985549927,3.5832908153533936,0.8580220341682434,1.299573540687561,3.0448150634765625,0.7946969866752625
227,0.0001,0.1339920511841774,0.9341603899625549,0.3914802521467209,0.7785663663879187,0.8739157048106243,50.77969026565552,0.14160259388387203,0.07044205326586962,0.08638104431331158,0.10340201251208782,0.14160259388387203,0.7043233060836792,0.16290703296661377,0.2532637670636177,0.10219500303268432,0.10204428613185883,0.16290703296661377,0.6555248737335205,1.6318416595458984,1.3114545345306396,1.8133862018585205,1.8123568296432495,1.8669133186340332,0.8936343789100647,1.9128601551055908,3.577562093734741,0.8584083318710327,1.2926294803619385,3.0461926460266113,0.7956375479698181
228,0.0001,0.13515033051371575,0.9336929411600237,0.3719488877058029,0.7932290729210082,0.8829903948846387,51.30865144729614,0.14229794941842555,0.07180119287222624,0.08765255406498909,0.10251679182052613,0.14229794941842555,0.6980281662940979,0.16202497899532317,0.2373353886604309,0.07673698887228966,0.10283395200967789,0.16202497899532317,0.6219737589359283,1.6293737888336182,1.3117008209228516,1.8149197101593018,1.8071367740631104,1.8651556968688965,0.8942580223083496,1.909969687461853,3.577671766281128,0.8597675561904907,1.2913156747817993,3.038290023803711,0.7959801554679871
229,0.0001,0.13345609970390795,0.9351428426519024,0.39936658561229704,0.7677279298371394,0.866662099917585,50.37310457229614,0.14254812948405743,0.07011620741337538,0.08621140658855438,0.10267912119626998,0.14254812948405743,0.7024870055913925,0.1689206153154373,0.2460951966047287,0.0819902440905571,0.10055340230464935,0.1689206153154373,0.6361230599880219,1.6275807619094849,1.3117460012435913,1.8160676956176758,1.7962242364883423,1.8647929430007935,0.8946036100387573,1.908324956893921,3.5681283473968506,0.858910322189331,1.2876935005187988,3.028437852859497,0.7957286238670349
230,0.0001,0.13815006613731384,0.9327538437699624,0.4084764814376831,0.7653282316618061,0.8648356037567604,50.99491047859192,0.1437211053073406,0.07336910095065832,0.08745750389993191,0.10221608065068721,0.1437211053073406,0.7001499047875405,0.16746004849672316,0.2745268526673317,0.10533732056617737,0.09945501834154129,0.16746004849672316,0.6377076351642609,1.6297534704208374,1.309226393699646,1.817082405090332,1.8069381713867188,1.864715814590454,0.894446849822998,1.9091203212738037,3.569370746612549,0.8598507046699524,1.2693405151367188,3.029953718185425,0.7966862320899963
231,0.0001,0.13640247002243996,0.9330608880455027,0.4264620995521545,0.7593615435084188,0.8608901124052386,49.386914014816284,0.1427915444970131,0.07232515413314104,0.08750700540840625,0.10172684155404568,0.1427915444970131,0.6962934318184852,0.16495878249406815,0.2908065286278725,0.09997974663972854,0.10106504499912262,0.16495878249406815,0.6445354676246643,1.6273434162139893,1.309312105178833,1.818419337272644,1.8051261901855469,1.8604271411895752,0.8951308131217957,1.914149284362793,3.5702433586120605,0.8600921034812927,1.2741674184799194,3.0277984142303467,0.7985489368438721
232,0.0001,0.1389349077641964,0.9310185633684407,0.3971625828742981,0.7635907552985886,0.864192695652277,48.64867687225342,0.14169508464634417,0.07342337660491466,0.08689365234225989,0.10126085929572583,0.14169508464634417,0.7003659898042679,0.15628668755292893,0.2576346918940544,0.08996293619275093,0.10026348441839218,0.15628668755292893,0.6603177523612976,1.6269398927688599,1.3097822666168213,1.8201158046722412,1.8052219152450562,1.8594152927398682,0.8961905241012573,1.90810227394104,3.5671684741973877,0.860758364200592,1.2687714099884033,3.023285150527954,0.7980679869651794
233,0.0001,0.13576008662581443,0.9348313410172185,0.38912516057491303,0.7794220333679155,0.8741440302925553,48.08592128753662,0.13951274313032627,0.07127945102751256,0.08558527588844299,0.10134972624480725,0.13951274313032627,0.7038432502746582,0.16473810374736786,0.24703924238681793,0.06922276645898819,0.10207464277744294,0.16473810374736786,0.6251412093639374,1.6254538297653198,1.3063071966171265,1.8213465213775635,1.7997773885726929,1.8593056201934814,0.896861732006073,1.89571213722229,3.5661404132843018,0.8605049848556519,1.2681347131729126,3.015568733215332,0.7985448241233826
234,0.0001,0.1372815351933241,0.9320035514098219,0.3926256835460663,0.7702746033554781,0.8682947416723477,48.14260005950928,0.14195537589490415,0.07403687596321105,0.08617549639195204,0.10233125805854798,0.14195537589490415,0.696276113986969,0.1617790189385414,0.2558275282382965,0.1012278014421463,0.10060768842697143,0.1617790189385414,0.6541616868972778,1.6283115148544312,1.3086795806884766,1.823632836341858,1.7996996641159058,1.8595741987228394,0.8976538777351379,1.8990800380706787,3.5643842220306396,0.8625528216362,1.262366533279419,3.0136983394622803,0.7997657060623169
235,0.0001,0.13258204966783524,0.9358798835571485,0.3738491779565811,0.7855147892348954,0.8782974444128487,47.71640586853027,0.13648144818842411,0.07019884336739779,0.08336711890995502,0.10212148785591126,0.13648144818842411,0.7138871109485626,0.15440439075231552,0.24440921425819398,0.07748862192034721,0.10069947838783264,0.15440439075231552,0.651381448507309,1.6265579462051392,1.3076382875442505,1.8248357772827148,1.7961771488189697,1.861859679222107,0.8986849188804626,1.8945857286453247,3.5583903789520264,0.8633759021759033,1.255293846130371,3.018181324005127,0.8006966710090637
236,0.0001,0.12927273593842983,0.937715316857448,0.37292723178863524,0.7837583595087615,0.8767922838785362,47.15592646598816,0.13834792248904704,0.06953105229884386,0.08503263428807259,0.10136224962770939,0.13834792248904704,0.707293792963028,0.1624816620349884,0.2387731659412384,0.07178256064653396,0.1017604747414589,0.1624816620349884,0.6307527196407318,1.6227571964263916,1.3076907396316528,1.8259228467941284,1.791758418083191,1.861514925956726,0.8988810181617737,1.892030954360962,3.550487518310547,0.8633103966712952,1.2454665899276733,3.011533498764038,0.8012821674346924
237,0.0001,0.13877357013523578,0.9294650979700886,0.3959889757633209,0.767978274936809,0.8669428718081259,46.72678065299988,0.14286813333630563,0.07334081146866084,0.08624574244022369,0.10150949977338314,0.14286813333630563,0.7013729068636895,0.15733958542346954,0.25848870903253557,0.08465856313705444,0.09909126281738281,0.15733958542346954,0.6559719228744507,1.6202737092971802,1.308103322982788,1.827201008796692,1.8000974655151367,1.859703779220581,0.8999546766281128,1.8902043104171753,3.553752899169922,0.8653333187103271,1.2524722814559937,3.010319471359253,0.8020856976509094
238,0.0001,0.1367887233197689,0.933058890319371,0.3987642240524292,0.7726132913138976,0.8692231099817657,47.45417380332947,0.1398494563996792,0.07274806963279844,0.0864800275862217,0.1019845013320446,0.1398494563996792,0.7068571108579635,0.15714209526777267,0.2626009574532509,0.09083292633295059,0.10003509283065797,0.15714209526777267,0.6552140593528748,1.619825839996338,1.306960940361023,1.8282063007354736,1.8067337274551392,1.8630517721176147,0.9004595875740051,1.8878753185272217,3.5571508407592773,0.8655123710632324,1.2572396993637085,3.007171392440796,0.8037122488021851
239,0.0001,0.13017354652285576,0.936159408570963,0.39696296691894534,0.7753853057662431,0.8710732770187352,48.498130083084106,0.13752422288060187,0.06932711195200682,0.08402159377932548,0.101936559304595,0.13752422288060187,0.7078418636322021,0.16014701783657073,0.2607645881175995,0.07671476662158966,0.1026259794831276,0.16014701783657073,0.6307595336437225,1.6164939403533936,1.306125283241272,1.8301204442977905,1.7955573797225952,1.8604457378387451,0.9013911485671997,1.8832472562789917,3.553251266479492,0.8662586808204651,1.2526980638504028,3.0033774375915527,0.8040508031845093
240,0.0001,0.12974099405109882,0.9374313540597033,0.4034092307090759,0.7765349745771571,0.8718075488573881,46.388128995895386,0.138327778801322,0.0692336007207632,0.08561683360487223,0.10184277087450028,0.138327778801322,0.7066986036300659,0.16348990947008132,0.26131959110498426,0.07436241939663887,0.09924172461032868,0.16348990947008132,0.6325756931304931,1.6160098314285278,1.3040977716445923,1.8306337594985962,1.7904256582260132,1.8576278686523438,0.901921272277832,1.8844743967056274,3.551389694213867,0.8665717244148254,1.250349521636963,3.000068426132202,0.8041541576385498
241,0.0001,0.12458194941282272,0.9414512087097034,0.38930055558681487,0.776515373834776,0.8715932251308314,47.07530403137207,0.1376045437157154,0.06630440406501294,0.08416372340172529,0.10099156267940998,0.1376045437157154,0.7078913173079491,0.16311349600553512,0.2567433524131775,0.09916689604520798,0.09969760626554489,0.16311349600553512,0.6526732194423676,1.6134313344955444,1.3028401136398315,1.8314862251281738,1.786569595336914,1.8545417785644531,0.9028714895248413,1.877859354019165,3.5434153079986572,0.866382896900177,1.2428181171417236,2.997891664505005,0.8053273558616638
242,0.0001,0.12239081315696239,0.9418176651887827,0.39668489873409274,0.7813199683691888,0.8750862953187805,46.105435609817505,0.1347813905030489,0.06527991967275738,0.0848406571149826,0.10145636647939682,0.1347813905030489,0.7186727899312974,0.15653586477041245,0.26728673458099367,0.08715449869632722,0.09840376526117325,0.15653586477041245,0.6550259864330292,1.609470248222351,1.3011373281478882,1.8327943086624146,1.7810827493667603,1.8514604568481445,0.9036388993263245,1.8742103576660156,3.538264274597168,0.8664504289627075,1.2374688386917114,2.9908604621887207,0.8059501647949219
243,0.0001,0.13034209370613098,0.9376936373924865,0.4078306633234024,0.7721217778081152,0.8696803864588563,47.15229892730713,0.13922888815402984,0.06898124404251575,0.08566266536712647,0.10073714956641197,0.13922888815402984,0.7063283735513687,0.1515069207549095,0.2683277928829193,0.08277111023664474,0.09976864665746689,0.1515069207549095,0.6571731066703796,1.6089153289794922,1.301508903503418,1.8341020345687866,1.7753894329071045,1.8525946140289307,0.9054429531097412,1.87714684009552,3.5388684272766113,0.8672632575035095,1.2349129915237427,2.983944892883301,0.8062582015991211
244,0.0001,0.13603374935686588,0.9330346229482306,0.41819162607192994,0.7654041629288075,0.8649455183563961,45.8820321559906,0.13950016371905805,0.0720770113915205,0.08448875240981579,0.10033378295600415,0.13950016371905805,0.7107674461603165,0.15849056899547576,0.2746865797042847,0.08998459741473198,0.1007070630788803,0.15849056899547576,0.6495647668838501,1.6090764999389648,1.3001091480255127,1.835799217224121,1.7765158414840698,1.8492918014526367,0.9062228798866272,1.8718297481536865,3.536054849624634,0.8685809373855591,1.2408891916275024,2.9862136840820312,0.8075870871543884
245,0.0001,0.12823460049927235,0.9383959726043201,0.3946872007846832,0.7712552647804656,0.8691688487719854,45.66879630088806,0.13861097149550916,0.0682228047028184,0.08521492332220078,0.10074374869465828,0.13861097149550916,0.7082994630932808,0.15257925570011138,0.2575842133164406,0.08009400457143784,0.10012144863605499,0.15257925570011138,0.6607174265384674,1.605988621711731,1.3003859519958496,1.8369444608688354,1.7774690389633179,1.847242832183838,0.9070446491241455,1.8683140277862549,3.532290458679199,0.8685569763183594,1.2361555099487305,2.9775357246398926,0.8079870939254761
246,0.0001,0.13269995369017124,0.936409306856087,0.37677315711975096,0.7771454559384938,0.8729808255348153,46.16148281097412,0.13803976260125636,0.07149133071303368,0.08559165567159653,0.10036291979253292,0.13803976260125636,0.7116163429617882,0.15449821949005127,0.238024582862854,0.07844853684306145,0.0996817645430565,0.15449821949005127,0.6572862040996551,1.6111582517623901,1.299163579940796,1.838517427444458,1.789905309677124,1.844980239868164,0.9081119894981384,1.866406798362732,3.5260255336761475,0.8700041770935059,1.2530368566513062,2.9775211811065674,0.8109527230262756
247,0.0001,0.12880392029881477,0.9386914733042133,0.39486648738384245,0.7763764906806573,0.8715109002171283,52.887999057769775,0.13593801975250244,0.06862071182578802,0.08333302371203899,0.09997228525578976,0.13593801975250244,0.711376713514328,0.15874516636133193,0.2541459047794342,0.07756645381450653,0.09973902493715286,0.15874516636133193,0.6414321506023407,1.608437418937683,1.2965859174728394,1.8399536609649658,1.7865772247314453,1.8429144620895386,0.9084883332252502,1.8596795797348022,3.520887613296509,0.8697843551635742,1.2427395582199097,2.977656126022339,0.8113728761672974
248,0.0001,0.1274846911430359,0.9386876726355584,0.42339783668518066,0.7564183594534049,0.8572522383660871,49.7995126247406,0.1367966780811548,0.0675366322696209,0.08266555778682232,0.09817635089159012,0.1367966780811548,0.7108777704834938,0.17546809792518617,0.2641280174255371,0.06800563737750054,0.09762107521295547,0.17546809792518617,0.6031446051597595,1.603271484375,1.29610276222229,1.841167688369751,1.7771703004837036,1.8420809507369995,0.9095065593719482,1.8507823944091797,3.5223751068115234,0.8696432709693909,1.2342413663864136,2.977694272994995,0.8111248016357422
249,0.0001,0.12141627371311188,0.9428863727445723,0.39793678402900695,0.7718400861702966,0.8688450165274927,50.864158153533936,0.13345713868737222,0.06483775097876787,0.08254475377500058,0.09887150667607784,0.13345713868737222,0.7176165342330932,0.15846723765134813,0.260448976457119,0.07669441014528275,0.09575417578220367,0.15846723765134813,0.6526089417934418,1.5993597507476807,1.2946817874908447,1.8419783115386963,1.7766945362091064,1.8409913778305054,0.9096272587776184,1.845760703086853,3.5168306827545166,0.8694679737091064,1.2295938730239868,2.973662853240967,0.8116264939308167
250,0.0001,0.12545936323702336,0.9404394509466557,0.42897551000118256,0.7544751720664756,0.8573705362814118,50.843682289123535,0.13587589524686336,0.0669647004827857,0.08475557379424573,0.0985862822085619,0.13587589524686336,0.7121869501471519,0.16574041187763214,0.2720475599169731,0.06394093438982963,0.09769794404506683,0.16574041187763214,0.6216221046447754,1.5985743999481201,1.293070912361145,1.8435046672821045,1.7730735540390015,1.8432657718658447,0.9106577038764954,1.842771053314209,3.5186500549316406,0.8690465688705444,1.2254014015197754,2.97409725189209,0.8117763996124268
251,0.0001,0.12543348900973797,0.9400041940539361,0.3843222028017044,0.7793271432768506,0.8738531586652782,52.497899293899536,0.13628257162868976,0.06656145624816417,0.0839159593731165,0.09800977297127247,0.13628257162868976,0.7126228147745133,0.15439838111400606,0.24860729068517684,0.07489827245473862,0.09846478611230851,0.15439838111400606,0.6547316467761993,1.6002010107040405,1.29379141330719,1.8447933197021484,1.773041844367981,1.8404312133789062,0.9114158153533936,1.8334603309631348,3.5085878372192383,0.8701150417327881,1.2188786268234253,2.963059902191162,0.8125491142272949
252,0.0001,0.12142453275620937,0.9427242927960655,0.42373955249786377,0.7610554417304471,0.8619355495997424,51.4914927482605,0.13231740444898604,0.06528312722221016,0.08155221950262785,0.09866243429481983,0.13231740444898604,0.7233494085073471,0.17367671072483062,0.2642121276259422,0.06211201533675194,0.09742899030447007,0.17367671072483062,0.6126689398288727,1.5972107648849487,1.291142225265503,1.8456048965454102,1.768560528755188,1.8409146070480347,0.9123339653015137,1.8343708515167236,3.501795768737793,0.8703046441078186,1.215453863143921,2.9578282833099365,0.8125132918357849
253,0.0001,0.12087243221700192,0.9427593677956944,0.41403780996799466,0.7657054717388315,0.8646553858705698,51.23238134384155,0.13242088973522187,0.06498247209936381,0.08195137050002814,0.0986380110681057,0.13242088973522187,0.7177020180225372,0.15853362381458283,0.27716532558202744,0.09289466738700866,0.09669182807207108,0.15853362381458283,0.6560322594642639,1.5961203575134277,1.290842890739441,1.8468213081359863,1.7632176876068115,1.838574767112732,0.9127746820449829,1.8316339254379272,3.4934091567993164,0.8713577389717102,1.2060754299163818,2.953399181365967,0.8125459551811218
254,0.0001,0.11961088806390763,0.9435836363285632,0.3911756163835525,0.7755515645446244,0.8715091918434773,51.30540752410889,0.13312038220465183,0.0637616627290845,0.08134420994669199,0.0975042462348938,0.13312038220465183,0.7212594425678254,0.15384604752063752,0.2550315836071968,0.07733773171901703,0.09740587234497071,0.15384604752063752,0.6578895318508148,1.595487356185913,1.2922472953796387,1.847912073135376,1.763411045074463,1.8402634859085083,0.9129146337509155,1.826898455619812,3.4917047023773193,0.8718768358230591,1.2078139781951904,2.9468066692352295,0.8131097555160522
255,0.0001,0.1242381589859724,0.9399562055549981,0.3780441689491272,0.7822213530096401,0.8755204057435172,51.8286554813385,0.13623084411025047,0.06619771525263786,0.08220794603228569,0.09864518366754055,0.13623084411025047,0.7135674476623535,0.15642726868391038,0.2439791163802147,0.0740809027850628,0.09656597077846527,0.15642726868391038,0.6512384593486786,1.5951279401779175,1.2916392087936401,1.849362850189209,1.7567367553710938,1.8385848999023438,0.9138912558555603,1.8253014087677002,3.485929489135742,0.8726348280906677,1.2056365013122559,2.9409592151641846,0.8139803409576416
256,0.0001,0.12166271805763244,0.9429130231773111,0.3981991273164749,0.775380128490566,0.8711145842116267,49.955607414245605,0.13519419588148593,0.06483088552951813,0.08318493835628032,0.09836423240602016,0.13519419588148593,0.7166636401414871,0.1563309460878372,0.26604846328496934,0.09587555527687072,0.09703895300626755,0.1563309460878372,0.6604190313816071,1.5965114831924438,1.2902183532714844,1.8508409261703491,1.759600281715393,1.839600682258606,0.9152618050575256,1.8241775035858154,3.4831995964050293,0.8736578226089478,1.2019398212432861,2.939413547515869,0.8148398995399475
257,0.0001,0.12361516512930393,0.940148369366812,0.4043325465917587,0.77391640145981,0.8701779131478011,50.75406527519226,0.13381670497357845,0.06691376134753227,0.08144809238612652,0.0976934289187193,0.13381670497357845,0.7143906903266907,0.15735922753810883,0.2686027371883392,0.08399508059024811,0.09651514023542404,0.15735922753810883,0.65583664894104,1.595000982284546,1.2898178100585938,1.85159170627594,1.7463101148605347,1.8377344608306885,0.9155114889144897,1.8246042728424072,3.482637405395508,0.8735533356666565,1.1938588619232178,2.9328668117523193,0.8144597411155701
258,0.0001,0.13366110406816006,0.9339258434666258,0.41871708691120146,0.7665337208407608,0.8650805261660957,50.0513174533844,0.13590634167194365,0.07264401078224182,0.081888817101717,0.09903755344450474,0.13590634167194365,0.7132834357023239,0.15211864769458772,0.27966761887073516,0.08643741086125374,0.09824406653642655,0.15211864769458772,0.6636675810813903,1.5940850973129272,1.2906371355056763,1.8532907962799072,1.7473230361938477,1.834113359451294,0.9159559011459351,1.8236525058746338,3.4802820682525635,0.873457133769989,1.1911934614181519,2.9307503700256348,0.8154709935188293
259,0.0001,0.12541104793548585,0.9389811503416375,0.40996047377586364,0.7699295402765575,0.8681728854082782,50.94724202156067,0.1333862379938364,0.06764893084764481,0.08214213848114013,0.0987520083039999,0.1333862379938364,0.7154857069253922,0.15383414775133133,0.2736664646863937,0.08193928182125092,0.0970501247048378,0.15383414775133133,0.663305743932724,1.5959620475769043,1.2889258861541748,1.854330062866211,1.7514967918395996,1.8358629941940308,0.9166431427001953,1.8135796785354614,3.4768030643463135,0.8748480081558228,1.1857558488845825,2.926337718963623,0.8170032501220703
260,0.0001,0.12853560246527196,0.9393754900708572,0.38041084408760073,0.7857535946238065,0.8785852190081296,51.458245515823364,0.13739860743284227,0.06816667914390565,0.08212903831154109,0.09911817356944085,0.13739860743284227,0.7146726894378662,0.1565122002363205,0.23935369461774825,0.07032759249210357,0.09956492334604264,0.1565122002363205,0.6405382883548737,1.596289873123169,1.289952278137207,1.8561899662017822,1.754668951034546,1.8318969011306763,0.9169493913650513,1.8197429180145264,3.4688568115234375,0.8764758110046387,1.1757537126541138,2.9194486141204834,0.818033754825592
261,0.0001,0.12836895160377026,0.9392852029876728,0.39608711063861846,0.7817822457901586,0.8756477061903855,51.45909237861633,0.13431142769753934,0.06810025598853826,0.08231272488832474,0.09771833658218383,0.13431142769753934,0.7184339582920074,0.15414165526628495,0.256691372692585,0.08063949018716812,0.0962947964668274,0.15414165526628495,0.6610799407958985,1.593834400177002,1.2885953187942505,1.8567370176315308,1.7424821853637695,1.8274513483047485,0.918144166469574,1.818479061126709,3.467830181121826,0.8763485550880432,1.1771115064620972,2.923332691192627,0.8180848360061646
262,0.0001,0.11991150863468647,0.9441352519692665,0.3881585419178009,0.7898710365180834,0.8803685393608092,51.48149752616882,0.13154754735529423,0.06393987331539393,0.08095706891268492,0.09658182337880135,0.13154754735529423,0.7232522067427635,0.15376696348190308,0.2598676571249962,0.08464036092162132,0.09520809143781662,0.15376696348190308,0.6619402348995209,1.5931869745254517,1.2877156734466553,1.8581902980804443,1.7349563837051392,1.8282806873321533,0.9185864329338074,1.8111318349838257,3.462902307510376,0.8764854073524475,1.1747905015945435,2.92136812210083,0.8183531761169434
263,0.0001,0.12023094169795513,0.9438613732107644,0.39537348091602326,0.7852344571515235,0.8773053572125303,51.52419066429138,0.13133851788938045,0.06477278258651495,0.08060083407908677,0.096620227470994,0.13133851788938045,0.724821748137474,0.15302270770072937,0.2669955551624298,0.08309744372963905,0.09499318897724152,0.15302270770072937,0.6646649098396301,1.590175747871399,1.2862932682037354,1.858915090560913,1.7278188467025757,1.8280818462371826,0.9192638993263245,1.8099701404571533,3.4619970321655273,0.8758304119110107,1.1709412336349487,2.918111562728882,0.8186072111129761
264,0.0001,0.11441564731299877,0.9470451703646784,0.3980479502677918,0.7821957820826428,0.8757288949485205,50.56321048736572,0.12923577710986137,0.06055192623287439,0.08040904931724072,0.09557409085333347,0.12923577710986137,0.7263878500461578,0.16222006052732468,0.26330277025699617,0.09538192838430405,0.09575206696987153,0.16222006052732468,0.6606543731689453,1.5867716073989868,1.284562110900879,1.860117793083191,1.7320064306259155,1.825171947479248,0.9195847511291504,1.7987723350524902,3.453075885772705,0.8766627907752991,1.1710991859436035,2.907505512237549,0.8190783262252808
265,0.0001,0.11873127780854702,0.9447508834170939,0.40002157390117643,0.7814333279948904,0.8751328774753582,51.587570667266846,0.13254149369895457,0.06375026497989893,0.07999642170965672,0.0968120563030243,0.13254149369895457,0.7226665633916854,0.1601771393418312,0.2605994164943695,0.0763044399023056,0.09634750932455063,0.1601771393418312,0.6448079550266266,1.586936354637146,1.2850306034088135,1.8614708185195923,1.733595848083496,1.8242213726043701,0.9206684827804565,1.7864271402359009,3.4510316848754883,0.8764492869377136,1.170763611793518,2.90069842338562,0.8191972970962524
266,0.0001,0.11726360589265823,0.9458499554976832,0.3980908417701721,0.7828653278792769,0.8761242940653804,50.480878829956055,0.12926149889826774,0.06282062876969575,0.07975221082568168,0.09740692876279354,0.12926149889826774,0.7276310208439827,0.1504386368393898,0.2659740877151489,0.08027797684073448,0.09566545516252517,0.1504386368393898,0.6660590314865112,1.5853811502456665,1.2838581800460815,1.8625084161758423,1.7342109680175781,1.8234699964523315,0.9212021231651306,1.7822705507278442,3.449472665786743,0.8772774934768677,1.1685764789581299,2.8940179347991943,0.8195650577545166
267,0.0001,0.11722244217991828,0.9451796001417908,0.40669533908367156,0.7764322057257118,0.8712780577530027,50.92047643661499,0.12906230330467225,0.06351180609315633,0.07980310775339604,0.09638067193329335,0.12906230330467225,0.7345012199878692,0.15289225220680236,0.2696647980809212,0.08466275706887245,0.09477193802595138,0.15289225220680236,0.6634851133823395,1.581812858581543,1.2826277017593384,1.8636459112167358,1.727356195449829,1.8223448991775513,0.9221108555793762,1.7787830829620361,3.4481191635131836,0.8774808645248413,1.1617891788482666,2.889226198196411,0.8191235661506653
268,0.0001,0.1195456799119711,0.9449783670136762,0.41488244116306305,0.770029127579109,0.867721645065999,50.33443570137024,0.13284888319671154,0.06441782858222724,0.08104846887290477,0.09483880795538426,0.13284888319671154,0.7202610582113266,0.15840782940387726,0.2757924845814705,0.07341548472642899,0.09570498257875443,0.15840782940387726,0.6515202498435975,1.5794715881347656,1.2817226648330688,1.8642351627349854,1.7220494747161865,1.8226425647735596,0.9234138131141663,1.7773125171661377,3.4455645084381104,0.8781244158744812,1.1575466394424438,2.8893468379974365,0.8199432492256165
269,0.0001,0.11609822571277618,0.9456598270287803,0.41599335432052614,0.7679675454320735,0.8665835778780547,50.2053747177124,0.12992179602384568,0.06187378184869886,0.07991508405655623,0.09469342038035393,0.12992179602384568,0.7283432167768479,0.15472337633371352,0.2801773932576179,0.08268755927681923,0.09543327867984772,0.15472337633371352,0.660497829914093,1.577812671661377,1.2789878845214844,1.8649840354919434,1.7220048904418945,1.8233716487884521,0.9238364696502686,1.773093581199646,3.4411346912384033,0.878101110458374,1.1532620191574097,2.887350559234619,0.8202657699584961
270,0.0001,0.1182876729220152,0.9448357016463612,0.40683743119239807,0.7767113339482411,0.8726120961853648,50.216686725616455,0.1323005758970976,0.06363566469401122,0.07971672400832176,0.0957246731966734,0.1323005758970976,0.7169868433475495,0.15809976279735566,0.26128831893205645,0.0700344654917717,0.09517069131135941,0.15809976279735566,0.6459150207042694,1.5776227712631226,1.2778644561767578,1.8659932613372803,1.7238742113113403,1.8197020292282104,0.9245327115058899,1.7722795009613037,3.434128999710083,0.8778237104415894,1.1499146223068237,2.8837623596191406,0.8196303844451904
271,0.0001,0.11699998259544372,0.9447150614852261,0.3985654240846634,0.7833307562738896,0.8769858932915653,51.41478681564331,0.12873158402740956,0.0629509118385613,0.08020708423107863,0.09518531791865825,0.12873158402740956,0.7251175844669342,0.14902913987636565,0.27039489805698397,0.07888459503650665,0.09484112292528152,0.14902913987636565,0.672384512424469,1.5729172229766846,1.2759963274002075,1.8664815425872803,1.7204627990722656,1.8174021244049072,0.9251462817192078,1.7658323049545288,3.4290995597839355,0.8785824775695801,1.1490460634231567,2.880762815475464,0.8206374645233154
272,0.0001,0.11916583336889744,0.9425642410875306,0.4082189738750458,0.7790252357427829,0.8735525958874859,50.87054133415222,0.12984969638288021,0.0640590532310307,0.08038863699883222,0.0950468547642231,0.12984969638288021,0.7247200584411622,0.15429532498121262,0.2737595835328102,0.08506385922431946,0.09454257279634476,0.15429532498121262,0.6610613703727722,1.5739461183547974,1.2766674757003784,1.8676855564117432,1.7261759042739868,1.81647789478302,0.9256964325904846,1.7640775442123413,3.429913282394409,0.8785530924797058,1.145237684249878,2.8769724369049072,0.8212616443634033
273,0.0001,0.12257933750748634,0.9422727689361579,0.4089041888713837,0.7781291454077598,0.8731416381121541,50.59513473510742,0.13671688467264176,0.06461612632498145,0.07971412401646376,0.09547071561217307,0.13671688467264176,0.7103039675951004,0.14980948269367217,0.27421878099441527,0.07551895782351493,0.09492189645767211,0.14980948269367217,0.6625478708744049,1.5733247995376587,1.2761728763580322,1.8680392503738403,1.7241134643554688,1.8164408206939697,0.9266772270202637,1.7629834413528442,3.429988145828247,0.8788880705833435,1.1441318988800049,2.87015438079834,0.8216663599014282
274,0.0001,0.11737486124038696,0.9454174116175161,0.39484270095825197,0.7891881172597298,0.8802838248188656,51.76219153404236,0.13078527629375458,0.06247174140065909,0.0802598698437214,0.0954136025160551,0.13078527629375458,0.7264887648820877,0.15315251678228378,0.26345787465572357,0.09000851511955262,0.09411257326602936,0.15315251678228378,0.6680080497264862,1.5738728046417236,1.2750720977783203,1.8692113161087036,1.7204482555389404,1.8156304359436035,0.9272748231887817,1.762704610824585,3.4240314960479736,0.878040611743927,1.1442315578460693,2.867199420928955,0.8217703700065613
275,0.0001,0.11397788703441619,0.9471829407197352,0.4038199228048325,0.7840283838185981,0.8771006776826605,50.88201951980591,0.12850953914225102,0.06138154737651348,0.08014899145811796,0.0955963197350502,0.12850953914225102,0.7263244542479516,0.1490421164035797,0.27569473564624786,0.08150904953479766,0.09515467196702958,0.1490421164035797,0.670335693359375,1.5714329481124878,1.273979663848877,1.8702211380004883,1.7194972038269043,1.8136436939239502,0.9281090497970581,1.757596492767334,3.4186034202575684,0.878534197807312,1.138877272605896,2.858873128890991,0.821684718132019
276,0.0001,0.11593998298048973,0.9460831906592613,0.41898407161235807,0.7707891111112041,0.8684151905403524,50.616703748703,0.13044328637421132,0.06264981500804424,0.07928680870682,0.09573241159319877,0.13044328637421132,0.7274918347597122,0.1637673544883728,0.2664481908082962,0.061870899498462674,0.09607565999031067,0.1637673544883728,0.6335725569725037,1.570970892906189,1.2728806734085083,1.8714168071746826,1.718163251876831,1.8116130828857422,0.9289582967758179,1.7522988319396973,3.4121923446655273,0.8790479302406311,1.1370190382003784,2.8507208824157715,0.8221249580383301
277,0.0001,0.11544012986123561,0.9468773547567385,0.41380374014377597,0.7709134364783332,0.8683321370187604,51.37514638900757,0.12693375065922738,0.062285628505051135,0.07968120742589235,0.09597988486289978,0.12693375065922738,0.7297613698244095,0.15323024570941926,0.27721218049526214,0.07538168996572495,0.09637251049280167,0.15323024570941926,0.6571550071239471,1.5660014152526855,1.2720798254013062,1.8718453645706177,1.7134716510772705,1.810259461402893,0.929836094379425,1.74789297580719,3.4080612659454346,0.8799439072608948,1.1293078660964966,2.8483312129974365,0.8222773671150208
278,0.0001,0.11328083366155624,0.9479200345099541,0.3974572211503983,0.784624865005878,0.8772110037544159,50.48748707771301,0.12932972889393568,0.06043332826346159,0.0786459370329976,0.09606312461197376,0.12932972889393568,0.7294790160655975,0.15125606715679168,0.2654996708035469,0.08414391666650772,0.09599103868007659,0.15125606715679168,0.6698639452457428,1.5670485496520996,1.271850824356079,1.8726305961608887,1.7117608785629272,1.8093725442886353,0.9305362105369568,1.7435787916183472,3.404749631881714,0.8801606893539429,1.1247599124908447,2.8426098823547363,0.8226456046104431
279,0.0001,0.11500759899616242,0.9471193168866935,0.41796699821949007,0.7735068557274926,0.8701813434595971,52.00595450401306,0.13043970666825772,0.06104310132563114,0.0798051207140088,0.09596537552773952,0.13043970666825772,0.7311546441912651,0.1568091881275177,0.27792261213064196,0.08279622495174407,0.09458591133356094,0.1568091881275177,0.654673957824707,1.566329836845398,1.2709664106369019,1.8735170364379883,1.7126277685165405,1.810011625289917,0.9309970140457153,1.7451114654541016,3.3998312950134277,0.8801198601722717,1.1207962036132812,2.8376619815826416,0.8232010006904602
280,0.0001,0.11214674286544322,0.949382737055814,0.40049237728118897,0.7836151059562411,0.8769341545620236,50.85810399055481,0.12817980706691742,0.05996576871722937,0.07831272661685944,0.0959893848747015,0.12817980706691742,0.7332258635759353,0.15255258947610856,0.2649897810816765,0.0735978801548481,0.09522261768579483,0.15255258947610856,0.6626539647579193,1.562567114830017,1.269663691520691,1.8745651245117188,1.7030984163284302,1.8049261569976807,0.9309980273246765,1.7367490530014038,3.3957343101501465,0.880561351776123,1.113204002380371,2.8344340324401855,0.8231799006462097
281,0.0001,0.11128681302070617,0.9490310115390134,0.4183612507581711,0.7803811357676483,0.8748799839403784,50.009395599365234,0.12755388908088208,0.05943100214004517,0.07897543977946044,0.09539492912590504,0.12755388908088208,0.7314616775512696,0.1544726637005806,0.2812152001261711,0.08177567303180694,0.09440466195344925,0.1544726637005806,0.6640586996078491,1.5604264736175537,1.2677905559539795,1.8753159046173096,1.6991609334945679,1.8040876388549805,0.9311416149139404,1.7325899600982666,3.3947927951812744,0.8809596300125122,1.1145464181900024,2.825575590133667,0.8233551383018494
282,0.0001,0.11555583819746972,0.9460650412174566,0.4026477813720703,0.7798256680404996,0.8744826603767198,50.47008037567139,0.13103937968611717,0.06184122435748577,0.07959040571004153,0.09525162890553475,0.13103937968611717,0.7234873235225677,0.1494034770131111,0.26920335114002225,0.07697537392377854,0.09469300955533981,0.1494034770131111,0.669245308637619,1.561497449874878,1.266223669052124,1.8764710426330566,1.6998050212860107,1.8048685789108276,0.9317962527275085,1.724907636642456,3.3890864849090576,0.8823550343513489,1.1111427545547485,2.8218634128570557,0.8241302967071533
283,0.0001,0.11364771746098995,0.9475352726731071,0.3931760025024414,0.7790755065634741,0.8743252225438904,50.129218101501465,0.12800598166882993,0.060607433915138245,0.07817353457212448,0.09441306002438069,0.12800598166882993,0.7329046088457107,0.15919489592313765,0.2506238692998886,0.08696543410420418,0.09336307734251022,0.15919489592313765,0.6558638226985931,1.5592962503433228,1.267926812171936,1.877014398574829,1.7009167671203613,1.80396568775177,0.9320747256278992,1.7224692106246948,3.3848071098327637,0.8827401995658875,1.1100728511810303,2.8214309215545654,0.8246560096740723
284,0.0001,0.11146917454898357,0.9489114712987491,0.3949874436855316,0.7827920832690686,0.8757420055839192,49.432658672332764,0.12707420706748962,0.059870354533195495,0.07840617161244154,0.09452566757798195,0.12707420706748962,0.7296844846010209,0.16298460066318513,0.25092575788497923,0.06170772135257721,0.09314839988946914,0.16298460066318513,0.632276771068573,1.5584666728973389,1.266624093055725,1.877610445022583,1.6996978521347046,1.8031606674194336,0.9326069951057434,1.719153881072998,3.3802332878112793,0.8830912113189697,1.1012810468673706,2.815981864929199,0.8249387145042419
285,0.0001,0.10991206228733062,0.9502647190059021,0.4106448668241501,0.779792044543568,0.8746625312602808,49.978904485702515,0.12676976945251225,0.05858621671795845,0.07787286534905434,0.09392491184175014,0.12676976945251225,0.7377346333861351,0.15272305130958558,0.27446932762861254,0.07300306767225266,0.09308497577905656,0.15272305130958558,0.6625759530067444,1.5556384325027466,1.2649188041687012,1.8783928155899048,1.695834994316101,1.8024301528930664,0.9330962300300598,1.7151600122451782,3.3741273880004883,0.8827929496765137,1.0992308855056763,2.8118224143981934,0.8247080445289612
286,0.0001,0.11025125719606876,0.948717584585403,0.39966803073883056,0.7876522172661177,0.8795378745183637,51.30786728858948,0.12678791888058186,0.05915951764211059,0.07828571360558272,0.09304048292338848,0.12678791888058186,0.7326239138841629,0.15545875161886216,0.2628970640897751,0.07099438399076462,0.09139902144670486,0.15545875161886216,0.6567037916183471,1.5536013841629028,1.2640480995178223,1.8791221380233765,1.6927136182785034,1.8001189231872559,0.9339368939399719,1.709779143333435,3.370001792907715,0.8831416368484497,1.0928466320037842,2.810375928878784,0.825053870677948
287,0.0001,0.11803744621574878,0.9440437212598143,0.4038773089647293,0.7824515053330272,0.8765138676251278,50.45885729789734,0.12753213711082936,0.06430346351116896,0.07765085004270077,0.09353835061192513,0.12753213711082936,0.7318759909272194,0.15624335497617722,0.26391025066375734,0.07187082558870315,0.09399382352828979,0.15624335497617722,0.653306028842926,1.5557843446731567,1.2665132284164429,1.8802250623703003,1.6994448900222778,1.8003164529800415,0.9344889521598816,1.704675555229187,3.369332790374756,0.8839969038963318,1.0900641679763794,2.8067266941070557,0.8256915807723999
288,0.0001,0.11543303713202477,0.947147772845937,0.4071386635303497,0.773550436685686,0.8706079211673168,51.31599044799805,0.13104045651853086,0.06148995976895094,0.07905435219407081,0.09267674550414086,0.13104045651853086,0.7233792221546174,0.15517249703407288,0.26979456275701524,0.07858885705471039,0.09200789541006088,0.15517249703407288,0.653945473432541,1.5541085004806519,1.2655845880508423,1.881052017211914,1.703999638557434,1.799302339553833,0.9349663257598877,1.7066519260406494,3.3640666007995605,0.8847787976264954,1.0887802839279175,2.8019161224365234,0.8264327049255371
289,0.0001,0.1124525786191225,0.9485014648126492,0.4163916474580765,0.7684215947071771,0.8670757405476839,50.29684233665466,0.12772476121783258,0.06042453419417143,0.07873700097203255,0.09234333768486977,0.12772476121783258,0.7316984549164772,0.15071141809225083,0.2791939175128937,0.07807878315448762,0.09229376763105393,0.15071141809225083,0.6635419762134552,1.556467056274414,1.2656981945037842,1.8820143938064575,1.7053338289260864,1.7991005182266235,0.9353979229927063,1.7095187902450562,3.3616220951080322,0.8846278190612793,1.085902214050293,2.799663543701172,0.8258039355278015
290,0.0001,0.11211619980633258,0.9477498403793425,0.41048135578632355,0.7770481658156598,0.8723672806717212,50.86157965660095,0.12655943758785726,0.05983442306518555,0.07864098761230708,0.09280814826488495,0.12655943758785726,0.7345787221193314,0.15047675639390945,0.27203662544488905,0.07822790950536727,0.09249491542577744,0.15047675639390945,0.6631168138980865,1.5571863651275635,1.2654153108596802,1.8827040195465088,1.7078289985656738,1.7958530187606812,0.9350142478942871,1.705278754234314,3.3602294921875,0.8843106627464294,1.0863548517227173,2.7997097969055176,0.8265904188156128
291,0.0001,0.11074773110449314,0.9491504423591276,0.41053699791431425,0.7796844782089741,0.8744997426984792,50.98417282104492,0.1284062995016575,0.05865884982049465,0.07844567276537419,0.0930452200770378,0.1284062995016575,0.72878611266613,0.15512914925813676,0.2787591794133186,0.08730251461267471,0.09136258989572525,0.15512914925813676,0.6666131138801574,1.555140733718872,1.2642189264297485,1.8834995031356812,1.7041441202163696,1.7980198860168457,0.9359396696090698,1.6998807191848755,3.3561606407165527,0.8848885893821716,1.0835895538330078,2.7947895526885986,0.8269314169883728
292,0.0001,0.11202235460281372,0.9481011925779473,0.4302836060523987,0.7715924711068455,0.8688390495027108,50.36470866203308,0.12666828624904156,0.060392870865762234,0.07787843607366085,0.09289494678378105,0.12666828624904156,0.726818191409111,0.15141011476516725,0.2928356897830963,0.08287623122334481,0.09213660359382629,0.15141011476516725,0.6715776598453522,1.5553454160690308,1.263527750968933,1.8846858739852905,1.7009817361831665,1.7953280210494995,0.9364860653877258,1.7003151178359985,3.351227045059204,0.884221613407135,1.077353835105896,2.788455009460449,0.8264564275741577
293,0.0001,0.11090400531888008,0.9493607414902445,0.42379292607307434,0.7688216024513317,0.8674080870920498,49.858935832977295,0.12624624833464623,0.05927057499065995,0.07666679248213767,0.09382538795471192,0.12624624833464623,0.7374406340718269,0.16655123949050904,0.27878540128469464,0.09686339169740676,0.09044006377458573,0.16655123949050904,0.6491507697105408,1.5543608665466309,1.2628508806228638,1.8856502771377563,1.6994751691818237,1.7935593128204346,0.937099814414978,1.6973793506622314,3.346954584121704,0.8847740292549133,1.0753538608551025,2.78848934173584,0.826221227645874
294,0.0001,0.11063905864953995,0.949766181100559,0.4150186920166016,0.7771629349129989,0.8726043957968318,50.220818281173706,0.12556467860937118,0.05921429205685854,0.0764208060875535,0.09323328904807568,0.12556467860937118,0.7349941277503967,0.14691960602998733,0.2799267441034317,0.07604016005992889,0.0924717590212822,0.14691960602998733,0.6739659297466278,1.5554519891738892,1.2626632452011108,1.8862450122833252,1.695066213607788,1.791504144668579,0.937516450881958,1.6927385330200195,3.344364643096924,0.8849837183952332,1.075701355934143,2.7783308029174805,0.8259577751159668
295,0.0001,0.10878754556179046,0.949301741264172,0.42622142016887665,0.7724952326985063,0.8696038191505276,51.161052942276,0.12427625432610512,0.05858766488730907,0.07738323863595724,0.0937015575915575,0.12427625432610512,0.736731939315796,0.15042541652917862,0.28348323971033096,0.07781932517886161,0.09177385866641999,0.15042541652917862,0.6711759436130523,1.5544313192367554,1.2611006498336792,1.8867683410644531,1.6974784135818481,1.792372226715088,0.9381749629974365,1.6902194023132324,3.340618371963501,0.8852412104606628,1.0734416246414185,2.7720346450805664,0.8262854218482971
296,0.0001,0.10695188984274864,0.9522921666172652,0.41531583428382873,0.7745163148134258,0.8710353677071965,50.29792523384094,0.12391188956797122,0.05734687134623528,0.07678211282938718,0.09298744902014733,0.12391188956797122,0.7408602601289749,0.15133078187704085,0.2790577256679535,0.07466864243149757,0.09123132526874542,0.15133078187704085,0.6616298675537109,1.5532758235931396,1.260205626487732,1.8876116275787354,1.691379189491272,1.7897075414657593,0.9384416341781616,1.68521249294281,3.3360254764556885,0.885444700717926,1.0727792978286743,2.7672221660614014,0.8268037438392639
297,0.0001,0.10660459131002425,0.9531219507465158,0.42263549983501436,0.7765270107170642,0.8720523228050867,50.364293813705444,0.12432052724063397,0.056771026402711866,0.0771403581276536,0.09242709927260875,0.12432052724063397,0.7376987290382385,0.1525106504559517,0.28710000425577165,0.0798130676150322,0.09056484103202819,0.1525106504559517,0.669862015247345,1.5500189065933228,1.2585424184799194,1.8882304430007935,1.6867495775222778,1.7875409126281738,0.9388863444328308,1.6844340562820435,3.3321778774261475,0.8854564428329468,1.0694217681884766,2.763155698776245,0.8268600106239319
298,0.0001,0.1109054934978485,0.9484933276045089,0.41937310099601743,0.77656679801517,0.8724701549245282,50.18378496170044,0.12526202879846096,0.05948683779686689,0.07797759033739567,0.09318340428173542,0.12526202879846096,0.7415854835510254,0.1548304373025894,0.2832886308431625,0.0885720582306385,0.09119111776351929,0.1548304373025894,0.6677074122428894,1.548582911491394,1.257448673248291,1.889364242553711,1.6851105690002441,1.7862073183059692,0.9394329786300659,1.678253412246704,3.32839035987854,0.8859109878540039,1.0657522678375244,2.7631518840789795,0.8275070786476135
299,0.0001,0.1080825125426054,0.9517876161047549,0.4206739413738251,0.7760413938381377,0.8722014403878932,51.05126476287842,0.1253273916989565,0.057911028005182746,0.07752027582377195,0.09305966049432754,0.1253273916989565,0.739723748266697,0.15042333096265792,0.2873532125353813,0.08342772260308266,0.09107746720314026,0.15042333096265792,0.6691046130657196,1.545709490776062,1.256304383277893,1.8901808261871338,1.685113549232483,1.7855749130249023,0.9397231936454773,1.670947551727295,3.3219194412231445,0.8862807750701904,1.060573697090149,2.7609474658966064,0.8280789852142334
300,0.0001,0.1066248294711113,0.9513601429546125,0.41350508987903595,0.7748230978436034,0.8710107158950359,50.656797647476196,0.12492147140204907,0.0571468173339963,0.07674750279635191,0.09247485063970089,0.12492147140204907,0.7365865701436997,0.14945001840591432,0.2750334116816521,0.07486678540706634,0.09113312870264054,0.14945001840591432,0.6670497441291809,1.5435751676559448,1.2563351392745972,1.8911597728729248,1.6796274185180664,1.7836602926254272,0.9399665594100952,1.669108271598816,3.3160510063171387,0.8863449692726135,1.0536648035049438,2.7550506591796875,0.8281286954879761
301,0.0001,0.10622220687568187,0.951585935520056,0.4123613977432251,0.7802628889425072,0.87488003289707,50.52702760696411,0.12533527746796608,0.0572501964494586,0.07780965704470873,0.09274754241108894,0.12533527746796608,0.7338207513093948,0.15121136099100113,0.2781953701376915,0.08140274554491043,0.09048675239086151,0.15121136099100113,0.6670368850231171,1.541748285293579,1.255050539970398,1.8919583559036255,1.6807266473770142,1.7814873456954956,0.9402782320976257,1.6636239290237427,3.3121461868286133,0.8868470191955566,1.0491071939468384,2.748241424560547,0.8284948468208313
302,0.0001,0.10932612426578998,0.9499057368535495,0.43977268040180206,0.7634362946678853,0.8635574871488062,49.76630997657776,0.12608171314001082,0.05868587151169777,0.07659705854952335,0.092565893009305,0.12608171314001082,0.7334327244758606,0.15220234245061875,0.3006193420290947,0.08130590915679932,0.09048753827810288,0.15220234245061875,0.6641244339942932,1.5416687726974487,1.2555341720581055,1.8923444747924805,1.6818358898162842,1.7815909385681152,0.9407727718353271,1.662257432937622,3.309154987335205,0.8870022296905518,1.049591302871704,2.74174165725708,0.8282120227813721
303,0.0001,0.10742766991257667,0.951352493265038,0.40571661353111266,0.7800896431769427,0.87480888947048,52.4099977016449,0.12348505742847919,0.057826878949999806,0.07597081653773785,0.09230160228908062,0.12348505742847919,0.7416036599874496,0.14872828364372254,0.2709827184677124,0.07213217839598655,0.09059209734201432,0.14872828364372254,0.6665393614768982,1.540496826171875,1.2548831701278687,1.8933383226394653,1.6788374185562134,1.7784584760665894,0.9413250684738159,1.6584662199020386,3.3078393936157227,0.8877714276313782,1.0457520484924316,2.739176034927368,0.8286997675895691
304,0.0001,0.10831122569739819,0.9512566258135372,0.4088587361574173,0.7831370382418795,0.876514187329567,50.22804403305054,0.12344913803040981,0.0581775876134634,0.07593324668705463,0.09161367252469063,0.12344913803040981,0.7427053195238114,0.14936162739992143,0.2781664928793907,0.07442346855998039,0.09019729495048523,0.14936162739992143,0.6656974565982818,1.5391069650650024,1.2542229890823364,1.8942033052444458,1.675026535987854,1.7759788036346436,0.9418103694915771,1.6515164375305176,3.304358959197998,0.8876824975013733,1.0410853624343872,2.7334585189819336,0.8288728594779968
305,0.0001,0.10414697371423244,0.9540300025562908,0.42206368923187254,0.7737076734199942,0.8709635897938321,51.06849551200867,0.12375050868839026,0.05546266291290522,0.07613554880023003,0.09134385228157044,0.12375050868839026,0.7410703694820404,0.1554945719242096,0.28385414242744444,0.075594851821661,0.09002496212720872,0.1554945719242096,0.6636838746070862,1.5360817909240723,1.25335693359375,1.8945094347000122,1.6727523803710938,1.7780656814575195,0.9421547651290894,1.6514642238616943,3.302351951599121,0.8877149224281311,1.0390055179595947,2.7288715839385986,0.8289698362350464
306,0.0001,0.10541139937937259,0.9533722763828207,0.42674064457416533,0.7721115148175767,0.8695824227882347,50.51948833465576,0.12586874105036258,0.05610189609229565,0.07751352917402983,0.09161645792424679,0.12586874105036258,0.7387351441383362,0.15335799306631087,0.2883625906705856,0.07285915046930314,0.09080039769411087,0.15335799306631087,0.6615159881114959,1.5362372398376465,1.2534204721450806,1.894974708557129,1.6706751585006714,1.7767866849899292,0.9428369402885437,1.645115852355957,3.299971103668213,0.8878927230834961,1.0352370738983154,2.725496768951416,0.8293924331665039
307,0.0001,0.10535381823778152,0.9519114417358184,0.4208307260274887,0.7752901338933214,0.8716092444073786,49.962775468826294,0.12176680460572242,0.05694651633501053,0.0759332212433219,0.09158261381089687,0.12176680460572242,0.7451309752464295,0.15170178860425948,0.2909788826107979,0.08381919130682945,0.09010970443487168,0.15170178860425948,0.6745912313461304,1.5338646173477173,1.2522399425506592,1.895721197128296,1.6646674871444702,1.7761017084121704,0.9431565999984741,1.6434910297393799,3.2946574687957764,0.8879064917564392,1.032641887664795,2.722520351409912,0.8296489119529724
308,0.0001,0.1052228832244873,0.9521164390192586,0.42808437407016753,0.7752135772546331,0.8713022381433785,50.16222786903381,0.12444269075989724,0.056288927532732486,0.07632235150784254,0.09162163995206356,0.12444269075989724,0.7373891597986222,0.15360315173864364,0.2996368482708931,0.08899075716733933,0.0897050541639328,0.15360315173864364,0.6699281764030457,1.533614158630371,1.2520698308944702,1.89643132686615,1.668550968170166,1.7774772644042969,0.9434714317321777,1.63995361328125,3.2921764850616455,0.888451099395752,1.029006838798523,2.719898223876953,0.8297180533409119
309,0.0001,0.10647585593163968,0.9516430441783728,0.44094441533088685,0.7663795098720998,0.8653175797085627,50.59193515777588,0.12220809780061245,0.057474798560142516,0.07590370576828719,0.091382090523839,0.12220809780061245,0.7427578270435333,0.15233221679925918,0.308977774977684,0.08279338717460633,0.08926360309123993,0.15233221679925918,0.668472146987915,1.5345723628997803,1.2507548332214355,1.89682137966156,1.662819266319275,1.7743570804595947,0.9436376690864563,1.6389578580856323,3.290461301803589,0.8882861733436584,1.0220136642456055,2.7194159030914307,0.829126238822937
310,0.0001,0.10636071048676968,0.9522579504889218,0.4083832323551178,0.7737550524428106,0.8699960819116686,50.62525701522827,0.12464789636433124,0.05680761899799108,0.07668800510466099,0.0900079983472824,0.12464789636433124,0.7411223751306534,0.15154973328113555,0.27646608859300614,0.08224006101489068,0.08949561208486558,0.15154973328113555,0.6662515437602997,1.5333138704299927,1.2508050203323364,1.897843360900879,1.6641424894332886,1.7738670110702515,0.9444947838783264,1.6326987743377686,3.28609299659729,0.8891415596008301,1.0245635509490967,2.7150652408599854,0.8295698165893555
311,0.0001,0.10380970485508442,0.9526875439533989,0.42373240292072295,0.7764045253521482,0.872298358223006,50.67839574813843,0.12041712678968906,0.0558498196862638,0.07554108019918203,0.09081231206655502,0.12041712678968906,0.7496713387966156,0.14876417726278304,0.29648311316967013,0.08594455391168594,0.08891738295555114,0.14876417726278304,0.6805300641059876,1.5327599048614502,1.2504886388778687,1.898369550704956,1.6642943620681763,1.7720282077789307,0.9453226327896118,1.6310982704162598,3.2834250926971436,0.8896379470825195,1.0163547992706299,2.7123301029205322,0.8296602368354797
312,0.0001,0.10936184167861938,0.9500547662524056,0.4109329181909561,0.7816383102680972,0.8756623126338596,50.567248582839966,0.1241407635062933,0.059160902053117755,0.0766875459998846,0.08983496963977813,0.1241407635062933,0.7347390019893646,0.14934136241674423,0.28314087867736815,0.07369481608271598,0.0891325306892395,0.14934136241674423,0.6650350654125213,1.5336798429489136,1.2513816356658936,1.8993878364562988,1.6641485691070557,1.7743706703186035,0.9458651542663574,1.6312434673309326,3.2804248332977295,0.8899153470993042,1.015509843826294,2.708371877670288,0.831172525882721
313,0.0001,0.10842488840222358,0.950624980988464,0.43195021092891694,0.7738913609607659,0.8707724629557813,50.18973994255066,0.1272652219980955,0.05803714679554105,0.07725067317485809,0.09012332282960415,0.1272652219980955,0.7380532956123352,0.1553685200214386,0.2927235728502274,0.06885143101215363,0.0891458785533905,0.1553685200214386,0.651299774646759,1.5331087112426758,1.2513092756271362,1.900093674659729,1.6609293222427368,1.7734289169311523,0.9462228417396545,1.6255420446395874,3.2775611877441406,0.8895404934883118,1.016066312789917,2.704794406890869,0.8309420347213745
314,0.0001,0.10762490898370743,0.950840193246346,0.416641828417778,0.7830366331642253,0.8765658278268941,50.99040484428406,0.12421338282525539,0.057366620562970635,0.07527334854006767,0.08978049196302891,0.12421338282525539,0.7432842248678208,0.1491255447268486,0.2921255326271057,0.0776074269413948,0.08910867899656295,0.1491255447268486,0.6690216791629792,1.5333166122436523,1.251542091369629,1.9004372358322144,1.6600925922393799,1.773220181465149,0.9466857314109802,1.621161937713623,3.2741847038269043,0.889511227607727,1.0149009227752686,2.7025558948516846,0.8308523893356323
315,0.0001,0.1046288886666298,0.9526666300573012,0.423765624165535,0.7764264319455205,0.8720241614418291,50.26652240753174,0.12338791377842426,0.055991166345775126,0.07635449893772601,0.08947867095470428,0.12338791377842426,0.7398180341720582,0.15477867811918258,0.28672787874937056,0.07836485773324967,0.08729280531406403,0.15477867811918258,0.6543430459499359,1.530224323272705,1.2501444816589355,1.9008220434188843,1.6569610834121704,1.7716729640960693,0.9473584890365601,1.6192359924316406,3.2716455459594727,0.8901093602180481,1.0080766677856445,2.6976146697998047,0.8311740159988403
316,0.0001,0.103767394348979,0.9538427824972306,0.41669515073299407,0.7817584717057187,0.875385372841269,50.41647291183472,0.12253769710659981,0.05509439086541534,0.07578777275979519,0.08928406208753586,0.12253769710659981,0.7439898240566254,0.15263080567121506,0.28926884740591047,0.08485321104526519,0.08752281039953232,0.15263080567121506,0.669320330619812,1.5277390480041504,1.249115228652954,1.901079773902893,1.657143235206604,1.7705073356628418,0.9475838541984558,1.6167393922805786,3.270292043685913,0.8901677131652832,1.0057188272476196,2.692767381668091,0.8315567374229431
317,0.0001,0.10360707849264145,0.9537554173565765,0.42615528762340543,0.7776371494243604,0.8727808369966354,50.14192223548889,0.12038321234285831,0.05598378714174032,0.07499609854072332,0.08987339235842227,0.12038321234285831,0.7462707960605621,0.14779793679714204,0.2963087123632431,0.07924959063529968,0.08924473881721497,0.14779793679714204,0.673218059539795,1.52584707736969,1.2485733032226562,1.901428461074829,1.6528990268707275,1.7660036087036133,0.9478816390037537,1.6130870580673218,3.2642598152160645,0.8903865814208984,1.0037060976028442,2.6883738040924072,0.831824004650116
318,0.0001,0.09929961696267128,0.9561182472513841,0.41637914717197416,0.7813109918458632,0.8751911083448631,49.587833642959595,0.11785302609205246,0.053178456425666806,0.07502876315265894,0.09023238055408,0.11785302609205246,0.7534860944747925,0.15093636751174927,0.27994677603244783,0.06511635035276413,0.0894084894657135,0.15093636751174927,0.6567717182636261,1.525375485420227,1.2481706142425537,1.902068853378296,1.6540812253952026,1.7652227878570557,0.9481008052825928,1.6108555793762207,3.2612388134002686,0.8905810117721558,1.0015640258789062,2.6842281818389893,0.8321301341056824
319,0.0001,0.10216841712594033,0.9546335592281495,0.4320116710662842,0.7780276134772928,0.873117818537323,50.98271632194519,0.12045440390706062,0.05542384197935462,0.07525553360581398,0.08980410136282443,0.12045440390706062,0.752266656756401,0.1502709409594536,0.29518935561180115,0.0702599124610424,0.08942998468875885,0.1502709409594536,0.6623885488510132,1.524679183959961,1.2473127841949463,1.902645230293274,1.6498123407363892,1.7642918825149536,0.9485357403755188,1.6089450120925903,3.2587647438049316,0.8905094861984253,0.9985604286193848,2.679715871810913,0.8320319652557373
320,0.0001,0.10376015543937683,0.9529966265724842,0.4015564262866974,0.7858485649264192,0.8784879748550619,49.72470736503601,0.12066455781459809,0.05617935087531805,0.07503543257713317,0.0898101295530796,0.12066455781459809,0.7512462323904038,0.15210717409849167,0.26910499900579454,0.07305600628256798,0.08756272256374359,0.15210717409849167,0.6593197309970855,1.5255241394042969,1.2482086420059204,1.903319001197815,1.649803876876831,1.7639919519424438,0.9490628242492676,1.6030431985855103,3.2561914920806885,0.8906925916671753,0.9952718615531921,2.6770546436309814,0.8323672413825989
321,0.0001,0.10235276937484741,0.9546152444411103,0.4186386638879776,0.7790523814318465,0.8742756183188858,49.22850966453552,0.11992302812635898,0.05472513632848859,0.07472436148673296,0.08965982191264629,0.11992302812635898,0.743254654109478,0.15352247387170792,0.2803607323765755,0.06598699197173119,0.08965342164039612,0.15352247387170792,0.6558275151252747,1.5239659547805786,1.2472891807556152,1.9040837287902832,1.650355339050293,1.7617346048355103,0.9495782852172852,1.6020572185516357,3.251100778579712,0.8912624716758728,0.9944286942481995,2.6769111156463623,0.8324086666107178
322,0.0001,0.10368775501847267,0.9533904970978597,0.42181875884532927,0.7756793903721868,0.8719511468223468,50.8572518825531,0.12194145746529102,0.055457899868488314,0.07445535812526942,0.09017987653613091,0.12194145746529102,0.7443269258737564,0.15144356936216355,0.2901749584078789,0.0855278006196022,0.0869341892004013,0.15144356936216355,0.6712373733520508,1.5227761268615723,1.2466721534729004,1.904662847518921,1.6482625007629395,1.7589367628097534,0.9497965574264526,1.6013011932373047,3.2502312660217285,0.8915757536888123,0.9942232370376587,2.673858404159546,0.8325808644294739
323,0.0001,0.10158377520740032,0.9549388586282009,0.4230343472957611,0.7759944268388179,0.8720639105384411,51.13949155807495,0.12289409533143043,0.05384919997304678,0.07500381290912628,0.08974646128714085,0.12289409533143043,0.7411984688043595,0.15126550823450088,0.2898485153913498,0.08186961844563484,0.08768973380327225,0.15126550823450088,0.6680941128730774,1.5214289426803589,1.2452611923217773,1.9050337076187134,1.6477452516555786,1.7584329843521118,0.9501438736915588,1.5970693826675415,3.246875047683716,0.8916530609130859,0.9890587329864502,2.669757127761841,0.8325457572937012
324,0.0001,0.10120216242969036,0.9551977277029209,0.43593166530132293,0.7732959671478197,0.8699818563847915,50.44413709640503,0.12049152329564095,0.05443945372477174,0.07479190807789564,0.08969688273966313,0.12049152329564095,0.7470097029209137,0.151062493622303,0.29984267383813856,0.06859770327806473,0.08808807075023652,0.151062493622303,0.6613059532642365,1.5214987993240356,1.2445929050445557,1.905155062675476,1.6500786542892456,1.7561604976654053,0.9508230686187744,1.5929721593856812,3.2432589530944824,0.8919647932052612,0.9836412072181702,2.6668589115142822,0.832614541053772
325,0.0001,0.10064035587012768,0.9555660087761292,0.42356540739536286,0.7790150581369462,0.8738001894969307,50.810280561447144,0.12008828468620777,0.05418005205690861,0.07377992369234562,0.08989379718899727,0.12008828468620777,0.7494620060920716,0.15110618233680725,0.2900445494055748,0.07870464444160462,0.08750362604856492,0.15110618233680725,0.6693715953826904,1.5192255973815918,1.2443393468856812,1.9059034585952759,1.6466375589370728,1.7559822797775269,0.9513479471206665,1.589633822441101,3.240156412124634,0.8917906284332275,0.9831749200820923,2.6628286838531494,0.8324586749076843
326,0.0001,0.10006476785987616,0.9557668088964646,0.4333345329761505,0.77222853760451,0.869129593468903,50.10872793197632,0.11847935117781162,0.05354421952739358,0.07446563147008418,0.08946800403296948,0.11847935117781162,0.7541584670543671,0.14731178522109986,0.3039337170124054,0.08326649889349938,0.08749479711055756,0.14731178522109986,0.6771912693977356,1.517081618309021,1.2435566186904907,1.9062249660491943,1.6494224071502686,1.7545580863952637,0.9514858722686768,1.586734414100647,3.2354533672332764,0.8920258283615112,0.9793097376823425,2.6601650714874268,0.8325984477996826
327,0.0001,0.09904226548969745,0.9571371428355647,0.42633910715579987,0.7768031052423164,0.8725041156999387,51.08791708946228,0.11805291146039963,0.05301261518150568,0.07473641559481621,0.08985257260501385,0.11805291146039963,0.753554311990738,0.1476634907722473,0.2980256977677345,0.07207414865493775,0.08847862333059311,0.1476634907722473,0.6707237446308136,1.5144950151443481,1.241964340209961,1.906716227531433,1.6463249921798706,1.753490686416626,0.9516404271125793,1.583374261856079,3.2313032150268555,0.8919788599014282,0.97350013256073,2.6576578617095947,0.8328152894973755
328,0.0001,0.09833236619830131,0.9572253774035062,0.4246061730384827,0.7740505283621579,0.8707675825165343,49.85490107536316,0.11667222939431668,0.05283601408824325,0.07440180893987418,0.08931945860385895,0.11667222939431668,0.7577550113201141,0.14805455684661864,0.2926183307170868,0.07275610715150833,0.08762343466281891,0.14805455684661864,0.6730682051181793,1.513001561164856,1.2419023513793945,1.90749990940094,1.6423845291137695,1.7534680366516113,0.9518952369689941,1.580155849456787,3.228957176208496,0.8922038078308105,0.9712685346603394,2.65527081489563,0.8329036831855774
329,0.0001,0.10460754059255123,0.9529586569469166,0.44106373965740203,0.7672548752053171,0.8658471271298803,50.67811131477356,0.12189866252243518,0.05650377124547958,0.07398296494036913,0.0892411058396101,0.12189866252243518,0.7426985687017441,0.15114529192447662,0.3022461575269699,0.07561645582318306,0.08757368355989456,0.15114529192447662,0.6666316890716553,1.5119538307189941,1.2417969703674316,1.9079786539077759,1.6433569192886353,1.7551854848861694,0.9521957635879517,1.5773402452468872,3.2271101474761963,0.8920349478721619,0.9655332565307617,2.6501402854919434,0.833240807056427
330,0.0001,0.10013758964836597,0.9559584495400812,0.4279746013879776,0.7726853463569116,0.8697680979787351,49.81684422492981,0.11967386584728956,0.053463793639093635,0.07520769149065018,0.089899717643857,0.11967386584728956,0.7498767465353012,0.14859093368053436,0.29741079449653623,0.07841040134429932,0.08788794815540314,0.14859093368053436,0.6756063985824585,1.5109148025512695,1.2411471605300903,1.908676028251648,1.6404139995574951,1.753269910812378,0.9526811242103577,1.5723390579223633,3.2232298851013184,0.891967236995697,0.9613335728645325,2.6469576358795166,0.8332534432411194
331,0.0001,0.09914476849138737,0.955598046581076,0.4501549988985062,0.7686782640753697,0.8672450467707413,51.183152198791504,0.1189496935904026,0.0529181026108563,0.07360720690339803,0.08917292930185795,0.1189496935904026,0.7543345034122467,0.1514897733926773,0.3183154395222664,0.08397969037294388,0.08680242717266083,0.1514897733926773,0.6690317368507386,1.5101656913757324,1.2401483058929443,1.9091713428497314,1.6399263143539429,1.7516206502914429,0.9530980587005615,1.567685842514038,3.221097230911255,0.8918603658676147,0.9627310633659363,2.6482303142547607,0.833473265171051
332,0.0001,0.09989939741790295,0.9554994469736592,0.43005457282066345,0.7771878949441263,0.8726831914054186,50.762542486190796,0.11992971137166024,0.05397866912186146,0.07374836456030608,0.0891231955587864,0.11992971137166024,0.7522737181186676,0.14739352583885193,0.30181472301483153,0.07695879578590394,0.08738449513912201,0.14739352583885193,0.6744964754581452,1.509838581085205,1.2401810884475708,1.9098387956619263,1.6394093036651611,1.7512731552124023,0.9534685015678406,1.562070608139038,3.2174124717712402,0.8922343254089355,0.9605003595352173,2.643544912338257,0.8336417078971863
333,0.0001,0.10038107104599475,0.9543445505771071,0.4186133962869644,0.7801606940499098,0.8745543671014222,50.496829986572266,0.11853071108460426,0.05437794502824545,0.07355511736124754,0.08899155460298061,0.11853071108460426,0.7498099416494369,0.14721818625926972,0.28756834864616393,0.07366027057170868,0.08758621990680694,0.14721818625926972,0.66989652633667,1.509202480316162,1.2397007942199707,1.9103628396987915,1.6388108730316162,1.7502827644348145,0.9540029168128967,1.5625216960906982,3.2136311531066895,0.892144501209259,0.9561150074005127,2.6379494667053223,0.8336880207061768
334,0.0001,0.09795063696801662,0.9564953972318595,0.4217251390218735,0.7752335133422992,0.871734646623823,49.481982707977295,0.11838123768568039,0.05219070656225085,0.07337972361594439,0.08902436882257461,0.11838123768568039,0.7504303151369095,0.15223578095436097,0.2897757050395012,0.08059826731681824,0.0870672544836998,0.15223578095436097,0.6678862810134888,1.507385015487671,1.2388373613357544,1.9106112718582153,1.6334362030029297,1.749312162399292,0.9541233777999878,1.5596985816955566,3.2103521823883057,0.8921368718147278,0.9546858072280884,2.6352367401123047,0.8338945508003235
335,0.0001,0.09703900706022978,0.9566385462056349,0.441840900182724,0.7747168176893864,0.8709572672722483,51.50972270965576,0.1177110319584608,0.0515328505448997,0.07379358876496553,0.08949746184051037,0.1177110319584608,0.7560244715213775,0.14864722967147828,0.30806414544582367,0.07205895200371742,0.08633029073476792,0.14864722967147828,0.6686560499668122,1.5050643682479858,1.2379649877548218,1.9111441373825073,1.6331093311309814,1.7483837604522705,0.9543355703353882,1.5579240322113037,3.210315704345703,0.8924376368522644,0.9515092372894287,2.634309768676758,0.8341331481933594
336,0.0001,0.10022814266383648,0.9548033870248553,0.4228759473562241,0.7782815092125568,0.873206580161762,50.34082269668579,0.11750552125275135,0.05446502014994621,0.0744280655309558,0.08866641968488694,0.11750552125275135,0.7559349298477173,0.14759350091218948,0.291449216902256,0.0698192422091961,0.08714917004108429,0.14759350091218948,0.6686150288581848,1.5039302110671997,1.2371746301651,1.9116462469100952,1.6325594186782837,1.7461283206939697,0.9547531604766846,1.5570188760757446,3.206005096435547,0.8925704956054688,0.9500648975372314,2.6268506050109863,0.8343099355697632
337,0.0001,0.09951422736048698,0.9553675238554095,0.428912615776062,0.7752281748016863,0.8712645062387794,50.67492318153381,0.11908884070813656,0.0536117522791028,0.07360001143068075,0.08937946796417236,0.11908884070813656,0.7469464781880378,0.14977426320314408,0.2999225375056267,0.081336350440979,0.08690891623497009,0.14977426320314408,0.6692435145378113,1.5033352375030518,1.2369179725646973,1.9122459888458252,1.6335246562957764,1.7459098100662231,0.9550642371177673,1.5562465190887451,3.2030959129333496,0.8927522897720337,0.9459106922149658,2.6236207485198975,0.8344778418540955
338,0.0001,0.09699344135820866,0.9574347967398076,0.432914137840271,0.7736935521128763,0.8704505321284103,51.08869528770447,0.11908262837678193,0.05155546909198165,0.07317996740341187,0.08881647735834122,0.11908262837678193,0.7516572439670562,0.1460607945919037,0.3023643708229065,0.0719219397008419,0.08794358283281327,0.1460607945919037,0.6760346937179565,1.5005567073822021,1.236276626586914,1.9123215675354004,1.6312602758407593,1.7435110807418823,0.9555465579032898,1.5534700155258179,3.202335834503174,0.8930556178092957,0.9433732628822327,2.619554042816162,0.834751546382904
339,0.0001,0.09845929473638534,0.9563543007706046,0.4483857220411301,0.770258394393089,0.868205385513289,49.60197997093201,0.11910885199904442,0.05272045094519853,0.07422319650650025,0.08912689588963986,0.11910885199904442,0.752174237370491,0.14837872743606567,0.3132369565963745,0.07386346116662025,0.08756163656711578,0.14837872743606567,0.6741096961498261,1.5008448362350464,1.2357277870178223,1.912760853767395,1.630525827407837,1.7423254251480103,0.9557787775993347,1.5516327619552612,3.199856996536255,0.8928008675575256,0.9420989751815796,2.613891839981079,0.8343446254730225
340,0.0001,0.09712995029985905,0.9574765116475737,0.4427566820383072,0.772668175560286,0.8698832898544647,51.20819926261902,0.11834710843861103,0.052075885366648436,0.0729827706515789,0.0887205746024847,0.11834710843861103,0.7521287667751312,0.1495244786143303,0.31143546134233474,0.07229244515299797,0.08724115431308746,0.1495244786143303,0.6676451992988587,1.499159812927246,1.2347174882888794,1.9130971431732178,1.6288893222808838,1.7415943145751953,0.9560913443565369,1.547673225402832,3.195676565170288,0.892784059047699,0.9388357996940613,2.6130523681640625,0.834286630153656
341,0.0001,0.09842956677079201,0.9568064883715983,0.44399923980236056,0.7684683270975916,0.8670279316802546,50.66450262069702,0.11916789047420025,0.05286916872486472,0.07369709812104702,0.0884219041466713,0.11916789047420025,0.7500563329458236,0.15134725689888,0.30455069363117215,0.07463734582066536,0.08546612799167633,0.15134725689888,0.666602463722229,1.4973316192626953,1.2346645593643188,1.9135706424713135,1.627668857574463,1.742010235786438,0.9566970467567444,1.5447673797607422,3.1916592121124268,0.8926783800125122,0.936613142490387,2.6108973026275635,0.8344092965126038
342,0.0001,0.09811239786446095,0.9568277283587733,0.4416072028875351,0.7685106276346089,0.8668476593426934,50.793689012527466,0.11907046496868133,0.052741973139345644,0.0731630201265216,0.08789359867572784,0.11907046496868133,0.7524362379312515,0.15689628899097444,0.29564582675695417,0.06447002023458481,0.08671719044446945,0.15689628899097444,0.6548189878463745,1.4972991943359375,1.234607458114624,1.913920521736145,1.6245683431625366,1.7406193017959595,0.9570035338401794,1.5405218601226807,3.187788248062134,0.8928128480911255,0.9346427917480469,2.6038222312927246,0.834441065788269
343,0.0001,0.0971041126549244,0.9576142909265595,0.4571670353412628,0.7669971795096394,0.8660204433221577,50.582844972610474,0.11912771627306938,0.051718664336949584,0.07367542203515769,0.08801340721547604,0.11912771627306938,0.7502622109651566,0.14815933704376222,0.32400320917367936,0.07752969026565552,0.0858848249912262,0.14815933704376222,0.6761743354797364,1.496188998222351,1.233946442604065,1.9142589569091797,1.6248100996017456,1.7407859563827515,0.9574189782142639,1.541033148765564,3.185199737548828,0.8930550813674927,0.9340006113052368,2.6009135246276855,0.8347933888435364
344,0.0001,0.09777827061712742,0.9578586319727869,0.44262319803237915,0.7690805953715383,0.8672435974132472,50.56520915031433,0.12122708201408386,0.051725968904793265,0.07380772210657596,0.08752173125743866,0.12122708201408386,0.7492582577466965,0.14758338540792465,0.311072598695755,0.07652043655514718,0.08623637348413467,0.14758338540792465,0.6724879431724549,1.495684027671814,1.2339787483215332,1.9148674011230469,1.626537561416626,1.7380170822143555,0.9579895734786987,1.538649320602417,3.1826798915863037,0.8930433392524719,0.931187093257904,2.5983645915985107,0.8345351815223694
345,0.0001,0.09669979885220528,0.9570580038042195,0.4406097716093063,0.7696791375433779,0.8677679411009105,49.89199447631836,0.1158609551936388,0.052446636874228715,0.07387968994677067,0.0884767810255289,0.1158609551936388,0.7578082519769669,0.14696352541446686,0.30970524370670316,0.07962409868836402,0.0855956068634987,0.14696352541446686,0.677014615535736,1.495095133781433,1.2333638668060303,1.9152874946594238,1.6244903802871704,1.7380708456039429,0.9583695530891418,1.5349681377410889,3.179044008255005,0.8933268189430237,0.9280272722244263,2.5957329273223877,0.8349352478981018
346,0.0001,0.0960900530219078,0.9576577965519486,0.42455692768096925,0.7761969981187147,0.8718787791221083,50.400835037231445,0.11843652449548245,0.05122103970497847,0.07350011844187974,0.08769364431500434,0.11843652449548245,0.7510108435153962,0.1499582827091217,0.2899697494506836,0.0709302343428135,0.08604275286197663,0.1499582827091217,0.6652503037452697,1.4930717945098877,1.2321077585220337,1.9158352613449097,1.6204288005828857,1.735998272895813,0.9586372375488281,1.5332504510879517,3.1777069568634033,0.8930538892745972,0.9229852557182312,2.5913641452789307,0.83491450548172
347,0.0001,0.09617298141121865,0.9582939468882209,0.4321563220024109,0.7751641752570595,0.8711441046649904,50.35074424743652,0.11774874746799469,0.05128393474966288,0.07284299790859222,0.08765741802752018,0.11774874746799469,0.7544406127929687,0.1500055456161499,0.29987006306648256,0.07329243928194046,0.0849840795993805,0.1500055456161499,0.66753941655159,1.4928780794143677,1.2308038473129272,1.9163439273834229,1.618687629699707,1.7354135513305664,0.9591471552848816,1.5296151638031006,3.176135540008545,0.8932259678840637,0.9232654571533203,2.587315320968628,0.8350203037261963
348,0.0001,0.09407239101827145,0.9592627576263236,0.43744626224040983,0.771924793588354,0.8693894179787075,50.09948539733887,0.11597482234239578,0.05012476963922381,0.07214132241904736,0.08756163530051708,0.11597482234239578,0.7612281781435013,0.14758033484220504,0.3062423202395439,0.07083031669259071,0.08596652299165726,0.14758033484220504,0.6690663182735443,1.492453694343567,1.2301605939865112,1.9167568683624268,1.6194149255752563,1.7346757650375366,0.9594014883041382,1.5258901119232178,3.171332597732544,0.8936071991920471,0.9224218726158142,2.585237741470337,0.8351194262504578
349,0.0001,0.09432037465274334,0.9593298898667036,0.4365312057733536,0.7719665906492306,0.869352661147053,50.33509349822998,0.11693597331643105,0.05018959753215313,0.07234875477850437,0.08743254892528057,0.11693597331643105,0.7586216706037522,0.14885330557823181,0.30290825009346006,0.0718039345741272,0.08555162698030472,0.14885330557823181,0.6715808188915253,1.4915443658828735,1.2296642065048218,1.917129397392273,1.6165523529052734,1.7345678806304932,0.959615170955658,1.5241010189056396,3.1678104400634766,0.8933475017547607,0.9204226732254028,2.581717014312744,0.835034191608429
350,0.0001,0.09559347078204156,0.9587470154904888,0.4331188374757767,0.7721723403711117,0.8693641984838131,50.60715413093567,0.11484725877642632,0.05158543918281794,0.07219777993857861,0.08756291456520557,0.11484725877642632,0.7620242327451706,0.14939173847436904,0.30036946684122084,0.06807490170001984,0.08629526615142823,0.14939173847436904,0.6679067647457123,1.4938551187515259,1.229714035987854,1.9177638292312622,1.6180124282836914,1.7330785989761353,0.9600588083267212,1.5233246088027954,3.1642720699310303,0.8932972550392151,0.9192322492599487,2.576395273208618,0.8350857496261597
351,0.0001,0.09549407295882702,0.9583644052613459,0.4284180337190628,0.7770421053897171,0.8728970326571331,50.105963945388794,0.11737500518560409,0.05147423068061471,0.07291133373975754,0.0871716269850731,0.11737500518560409,0.7552442485094071,0.15066721260547639,0.2990684914588928,0.07525435507297516,0.08440369516611099,0.15066721260547639,0.6692457342147827,1.4930444955825806,1.2291929721832275,1.9181392192840576,1.6165680885314941,1.7338775396347046,0.9604415893554688,1.5208196640014648,3.161281108856201,0.8934349417686462,0.91694176197052,2.5739243030548096,0.8353720903396606
352,0.0001,0.09615276589989662,0.9579449500793713,0.42888761818408966,0.7759042588002646,0.8716617629720396,51.23715949058533,0.11727414853870868,0.05169135123491287,0.0728622093051672,0.08689837642014027,0.11727414853870868,0.7523266047239303,0.15295903742313385,0.29189791858196257,0.06679870381951332,0.08484055072069169,0.15295903742313385,0.6598136413097382,1.4918386936187744,1.2283833026885986,1.9184629917144775,1.6162296533584595,1.7323203086853027,0.9606663584709167,1.5191670656204224,3.1572601795196533,0.8933505415916443,0.9148046374320984,2.56826114654541,0.835184633731842
353,0.0001,0.09567835129797458,0.9576838523542258,0.444727828502655,0.7688921660238107,0.8673330578160053,50.40125298500061,0.11739267319440842,0.050929294545203445,0.07339243121445178,0.08646621845662594,0.11739267319440842,0.7500824403762817,0.1496840324997902,0.3092538851499558,0.07452233076095581,0.08489625126123429,0.1496840324997902,0.670172415971756,1.488528847694397,1.227845549583435,1.9189822673797607,1.613270878791809,1.7322787046432495,0.9610717296600342,1.516527533531189,3.154376745223999,0.8937704563140869,0.9109724164009094,2.565596342086792,0.8355546593666077
354,0.0001,0.0952174761146307,0.9590037089107579,0.45228891968727114,0.7677810004165814,0.8664224453621983,50.35963582992554,0.11769264601171017,0.05090358516201377,0.07222713239490985,0.08608276166021823,0.11769264601171017,0.7598620009422302,0.1509801748394966,0.32002062261104586,0.07904274463653564,0.0839447370171547,0.1509801748394966,0.6659149718284607,1.4882546663284302,1.2268980741500854,1.9192646741867065,1.6109938621520996,1.7303050756454468,0.9615230560302734,1.5123475790023804,3.150780439376831,0.8939754366874695,0.9075722694396973,2.561903238296509,0.835652232170105
355,0.0001,0.09657471023499965,0.958188806765682,0.44795835614204405,0.7694672783628432,0.8677038220687094,51.651193141937256,0.1192994049936533,0.051590533796697854,0.07298694357275963,0.08641118764877319,0.1192994049936533,0.7477301120758056,0.1481398406624794,0.3180589088797569,0.07613258838653564,0.08421388179063798,0.1481398406624794,0.6725247323513031,1.4868950843811035,1.226023554801941,1.9197059869766235,1.6103264093399048,1.7300724983215332,0.9619205594062805,1.5100741386413574,3.1475398540496826,0.894128143787384,0.904617965221405,2.556424856185913,0.8356537818908691
356,0.0001,0.09193632453680038,0.9600837448777291,0.4412458008527756,0.7697026716897943,0.8678741958583717,51.571200370788574,0.11375079955905676,0.04901247477158904,0.07134479206055402,0.08648810841143131,0.11375079955905676,0.761706132888794,0.14829872459173202,0.31354901134967805,0.08034847214818001,0.08443011373281478,0.14829872459173202,0.6757890939712524,1.4873214960098267,1.2253987789154053,1.9199467897415161,1.6089222431182861,1.7279819250106812,0.9621921181678772,1.5073224306106567,3.1441292762756348,0.8941330909729004,0.9025079011917114,2.5527701377868652,0.8355313539505005
357,0.0001,0.09609295323491096,0.9580646035669946,0.439652151465416,0.7745036384319144,0.8705727672108189,49.32046699523926,0.11906552731990815,0.051018262766301635,0.07284695152193307,0.08614722028374672,0.11906552731990815,0.7549348494410515,0.150208657681942,0.3035782632231712,0.06466107234358788,0.08510564386844635,0.150208657681942,0.6661450636386871,1.487109899520874,1.2250131368637085,1.9205092191696167,1.608385682106018,1.7261115312576294,0.9626930952072144,1.5035892724990845,3.141972780227661,0.8939366340637207,0.9002382159233093,2.548401117324829,0.835229218006134
358,0.0001,0.09511946454644203,0.9579849934407366,0.446861070394516,0.7671709005745868,0.8663012305263442,49.542628049850464,0.11675329707562923,0.05125273507088423,0.07257053133100272,0.08603587254881859,0.11675329707562923,0.7547924470901489,0.1480112212896347,0.3180839091539383,0.07379764124751091,0.0842717906832695,0.1480112212896347,0.6733367562294006,1.4866193532943726,1.2248717546463013,1.9206687211990356,1.6077240705490112,1.7244343757629395,0.9630614519119263,1.501098871231079,3.1369128227233887,0.8940044641494751,0.8957107067108154,2.543996572494507,0.8355962038040161
359,0.0001,0.09461228869855404,0.9588581978597407,0.4488813978433609,0.768937395883635,0.867414640307249,52.155813455581665,0.11473585788160562,0.05069945268332958,0.07287289377301931,0.08587654143571853,0.11473585788160562,0.7602440279722213,0.14983732461929322,0.3167316308617592,0.07040014326572418,0.0843106484413147,0.14983732461929322,0.6673337316513062,1.4850244522094727,1.2239547967910767,1.9211024045944214,1.6058144569396973,1.7234492301940918,0.963271975517273,1.4997788667678833,3.135643243789673,0.8939281105995178,0.8935064077377319,2.542081594467163,0.835883378982544
360,0.0001,0.09359189063310623,0.9593878611917911,0.45375011265277865,0.7691602348134048,0.8673856142742453,56.926233530044556,0.11571967631578445,0.04953214189037681,0.07292078979313374,0.08625129297375679,0.11571967631578445,0.7598624163866043,0.14834488600492476,0.32358913123607635,0.07235868081450463,0.08418668508529663,0.14834488600492476,0.6768366074562073,1.4840501546859741,1.223527431488037,1.9214754104614258,1.6062865257263184,1.7222837209701538,0.9635589122772217,1.4960403442382812,3.1328213214874268,0.8939300775527954,0.8897039294242859,2.537796974182129,0.8359054923057556
361,0.0001,0.09280979923903943,0.9602404577412891,0.4393915277719498,0.7749214511257968,0.8711699283612009,51.00875234603882,0.11518014878034592,0.049580150488764047,0.07133887510746717,0.08613946221768856,0.11518014878034592,0.7612829613685608,0.14799948781728745,0.3118931946158409,0.06744821473956109,0.08491855025291443,0.14799948781728745,0.6690027928352356,1.4817659854888916,1.2231886386871338,1.9217098951339722,1.6064711809158325,1.7217415571212769,0.9638713598251343,1.494674563407898,3.1290483474731445,0.8939402103424072,0.8865938186645508,2.534212350845337,0.8358039259910583
362,0.0001,0.09389615703374148,0.9597321106614025,0.4335938048362732,0.7772876932934336,0.87279387288387,50.703819036483765,0.11802249781787395,0.04959439652040601,0.07294490974396467,0.08619811199605465,0.11802249781787395,0.7516243386268616,0.14663489788770676,0.3056671035289764,0.07252345696091651,0.08471430391073227,0.14663489788770676,0.6743866097927094,1.4816346168518066,1.2222710847854614,1.9220778942108154,1.6019490957260132,1.7186188697814941,0.9642409682273865,1.4908367395401,3.1263833045959473,0.8940796852111816,0.8849876523017883,2.531207323074341,0.8358854055404663
363,0.0001,0.09370159037411213,0.9588194966356908,0.4543014222383499,0.7701491048667158,0.8680920280629781,50.385337352752686,0.11326896227896213,0.050713927149772645,0.07157405212521553,0.08640393190085888,0.11326896227896213,0.7650301617383957,0.14602135270833969,0.32687521666288377,0.07150189876556397,0.08451322317123414,0.14602135270833969,0.673093992471695,1.4803228378295898,1.2218905687332153,1.9224060773849487,1.6021959781646729,1.7183058261871338,0.9645150899887085,1.4892791509628296,3.124591588973999,0.8939303755760193,0.8812278509140015,2.526975154876709,0.8361378908157349
364,0.0001,0.09362418115139008,0.959450025509927,0.44151240825653076,0.7706179237274523,0.8685691030177842,51.141560077667236,0.1162920356914401,0.05020539928227663,0.07209846355021,0.08598903410136699,0.1162920356914401,0.7532439559698105,0.14862687081098558,0.3080921944975853,0.06689897730946541,0.08416940093040466,0.14862687081098558,0.6696748292446136,1.4787423610687256,1.2218942642211914,1.9227877855300903,1.5994601249694824,1.7180049419403076,0.9646469354629517,1.4886400699615479,3.120353937149048,0.894045889377594,0.8807465434074402,2.523893117904663,0.8359535932540894
365,0.0001,0.09295128285884857,0.9600094684801888,0.4408104932308197,0.7712526260031229,0.868879010768055,51.354639768600464,0.11474334936589002,0.050243539698421956,0.07155501183122397,0.0862825008481741,0.11474334936589002,0.7658777391910553,0.14898894608020782,0.3093818295001984,0.0715629868209362,0.08364993870258332,0.14898894608020782,0.6729842984676361,1.4780045747756958,1.221023440361023,1.9233397245407104,1.5994672775268555,1.717741847038269,0.9648888111114502,1.4838542938232422,3.1178183555603027,0.8938770890235901,0.8789575695991516,2.5206778049468994,0.8360739946365356
366,0.0001,0.09313805013895035,0.9598378530737501,0.43931588768959046,0.7740397528895526,0.8707089496492523,51.20295286178589,0.11509568884968757,0.0498287932947278,0.0724701176956296,0.08559703968465328,0.11509568884968757,0.7627393913269043,0.14720182836055756,0.3131208482384682,0.06661023512482643,0.08340833574533463,0.14720182836055756,0.6701416134834289,1.4782637357711792,1.2205508947372437,1.923751950263977,1.597212553024292,1.7171372175216675,0.9651432633399963,1.4817465543746948,3.1146841049194336,0.8938143849372864,0.8771756887435913,2.5166823863983154,0.8361362218856812
367,0.0001,0.09412971921265126,0.9597854917292998,0.4541574335098267,0.767442110494391,0.8665441870660093,50.46358513832092,0.11754527449607849,0.04969921557232738,0.07191348820924759,0.08510231748223304,0.11754527449607849,0.7587706530094147,0.1501806902885437,0.32097552478313446,0.06455327585339546,0.08412703931331635,0.1501806902885437,0.6653189754486084,1.4780330657958984,1.2204980850219727,1.9238405227661133,1.5949186086654663,1.7161645889282227,0.9654943943023682,1.4805313348770142,3.1132524013519287,0.8939075469970703,0.8734875917434692,2.5117716789245605,0.8363655805587769
368,0.0001,0.09162732910364867,0.9597069143710284,0.4513274133205414,0.7682536015223593,0.8669065630020488,51.77250385284424,0.11299339801073074,0.04926821270957589,0.07178570844233036,0.08496882997453213,0.11299339801073074,0.7637772488594056,0.14778802335262298,0.324561870098114,0.08098152220249176,0.08321743696928025,0.14778802335262298,0.678398253917694,1.4774061441421509,1.2196508646011353,1.924315094947815,1.5940850973129272,1.7140007019042969,0.9657987356185913,1.4799600839614868,3.1100971698760986,0.8939469456672668,0.8736478090286255,2.5084898471832275,0.8364294767379761
369,0.0001,0.09123537432402372,0.9609020724398546,0.4457599657773972,0.7689108843950162,0.8673433737958249,51.77079153060913,0.11435611829161645,0.0486107512190938,0.07096166152507066,0.08515280589461327,0.11435611829161645,0.75730175614357,0.14566313177347184,0.3199367243051529,0.07005869567394257,0.08346083581447601,0.14566313177347184,0.6783506333827972,1.4763693809509277,1.2189161777496338,1.9246772527694702,1.5935161113739014,1.7142163515090942,0.9659870862960815,1.4787880182266235,3.1069400310516357,0.8941661715507507,0.8728193044662476,2.5054659843444824,0.8365288376808167
370,0.0001,0.09297045059502125,0.9597134626067667,0.42885426580905917,0.7794932052161236,0.8744251704854615,49.46890902519226,0.11732532903552055,0.04921594500541687,0.07064139164984226,0.08509516552090644,0.11732532903552055,0.7554478698968887,0.14650029599666595,0.3029608529806137,0.07148951232433319,0.08363791465759278,0.14650029599666595,0.6764979982376098,1.475748062133789,1.2188297510147095,1.9251140356063843,1.5920788049697876,1.713119387626648,0.9661115407943726,1.474915623664856,3.105255603790283,0.8939828276634216,0.8700113892555237,2.5021841526031494,0.8364785313606262
371,0.0001,0.09165893383324146,0.9605323748735779,0.44175657153129577,0.7726367115878408,0.869764792780572,51.1254460811615,0.1133345629274845,0.04928472112864256,0.07070608921349049,0.0846270728111267,0.1133345629274845,0.7605884736776352,0.146263547539711,0.3134538072347641,0.07329895123839378,0.08346050679683685,0.146263547539711,0.6786433839797974,1.4746171236038208,1.2182378768920898,1.925347089767456,1.5898489952087402,1.7123945951461792,0.9663025140762329,1.4713895320892334,3.1026175022125244,0.8940138220787048,0.869002103805542,2.498394727706909,0.8364276885986328
372,0.0001,0.09170102670788766,0.9601704963220759,0.4516558504104614,0.767004915180021,0.8660568658013793,50.94793963432312,0.11417093954980373,0.0491090233810246,0.0708490701019764,0.08412653051316737,0.11417093954980373,0.7612049263715744,0.14686266005039214,0.3265958994626999,0.0772462648153305,0.08235798388719559,0.14686266005039214,0.6786379480361938,1.4737106561660767,1.2178517580032349,1.925674319267273,1.58937668800354,1.7120171785354614,0.9666001200675964,1.4707794189453125,3.0987040996551514,0.8940002918243408,0.8687357902526855,2.49633526802063,0.8366144299507141
373,0.0001,0.090622245259583,0.9609514447108115,0.4560189360380173,0.7654164602966838,0.8649328197694197,51.057400941848755,0.11350594028830528,0.048446243926882744,0.0718798178806901,0.08442075483500958,0.11350594028830528,0.7610566502809525,0.15556422472000123,0.3140877175331116,0.06539263546466828,0.08220191538333893,0.15556422472000123,0.6562726736068726,1.471729040145874,1.2171586751937866,1.9259073734283447,1.586370825767517,1.7113832235336304,0.9668186902999878,1.468626618385315,3.0953006744384766,0.8941584229469299,0.8665971159934998,2.4929358959198,0.8364402055740356
374,0.0001,0.09282401293516158,0.9591618272943347,0.4502003991603851,0.7686694868360999,0.8672317656306889,51.49909496307373,0.11566861234605312,0.0496141448430717,0.07193991471081972,0.08418392546474934,0.11566861234605312,0.7594946265220642,0.1496513769030571,0.31693077832460403,0.06778913170099259,0.08214021563529968,0.1496513769030571,0.6677835261821747,1.4709025621414185,1.216308355331421,1.9262275695800781,1.58470618724823,1.7114254236221313,0.9672123193740845,1.4659405946731567,3.0925536155700684,0.8940228819847107,0.8623788952827454,2.4883689880371094,0.836597740650177
375,0.0001,0.0894518668949604,0.9619904359175715,0.44195413291454316,0.773735134290976,0.8703186473789158,51.624643325805664,0.11242840245366097,0.04758874367922544,0.07061062760651111,0.0839245367795229,0.11242840245366097,0.7681059676408768,0.15210918694734574,0.3072775319218636,0.06734595865011216,0.08260892182588578,0.15210918694734574,0.6673577165603638,1.4697749614715576,1.2153995037078857,1.9265466928482056,1.5829224586486816,1.7102618217468262,0.9676191210746765,1.4616506099700928,3.090301036834717,0.8940365314483643,0.8605563044548035,2.484170436859131,0.8365716338157654
376,0.0001,0.0911139128357172,0.9609584676712657,0.4455969649553299,0.7727562153644122,0.8699927153392193,50.71325922012329,0.11404321156442165,0.04897518014535308,0.07004018850624562,0.08415884323418141,0.11404321156442165,0.759964434504509,0.1488490441441536,0.3165684083104134,0.06816449001431465,0.08162754625082017,0.1488490441441536,0.6730632376670838,1.4709945917129517,1.214643955230713,1.9268368482589722,1.5830817222595215,1.70894455909729,0.9679087400436401,1.4603825807571411,3.088308572769165,0.8939018845558167,0.8595956563949585,2.480259895324707,0.8366621136665344
377,0.0001,0.09202641203999519,0.9599671426127554,0.43860936164855957,0.7749017758099405,0.8712581654470039,48.78361940383911,0.1154872228205204,0.049040122888982296,0.07158103320747614,0.08329191870987415,0.1154872228205204,0.7558525043725968,0.14661989003419876,0.31352057337760925,0.07057756498456001,0.08224003553390503,0.14661989003419876,0.677317453622818,1.4706909656524658,1.2150119543075562,1.927190899848938,1.5826706886291504,1.7077256441116333,0.968319833278656,1.461318016052246,3.0859174728393555,0.8942437767982483,0.8599151968955994,2.479321002960205,0.8370452523231506
378,0.0001,0.0906609134376049,0.9614977078099232,0.43540543973445894,0.7749488298932035,0.8712657256459173,48.66941022872925,0.11392872847616672,0.04782407386228442,0.07119462102651596,0.08461934871971608,0.11392872847616672,0.7624292033910751,0.14878589928150177,0.30725123196840287,0.06839408069849014,0.08210889905691147,0.14878589928150177,0.6720533275604248,1.4700872898101807,1.2143962383270264,1.9274160861968994,1.5800089836120605,1.7062443494796753,0.9686275124549866,1.4596325159072876,3.0814504623413086,0.8944847583770752,0.8606914281845093,2.477158308029175,0.8372688293457031
379,0.0001,0.09273723885416985,0.9603537302210077,0.4342931246757507,0.777019394351142,0.8724893985466702,46.97704243659973,0.11674173466861248,0.049508767854422334,0.07112934850156308,0.08463186390697956,0.11674173466861248,0.7569680684804916,0.14779262274503707,0.30658639311790464,0.06758149594068527,0.08269279599189758,0.14779262274503707,0.6685151851177216,1.4692033529281616,1.2143230438232422,1.9276645183563232,1.58107590675354,1.7055060863494873,0.9689692854881287,1.4571202993392944,3.0789878368377686,0.8949010968208313,0.8566676378250122,2.475431442260742,0.8373658061027527
380,0.0001,0.09083554532378912,0.9609809388142352,0.44199776589870454,0.7738852584904464,0.8705883563040006,47.844806432724,0.11423418734222651,0.04826073408126831,0.07029517188668251,0.08432327717542648,0.11423418734222651,0.7642136198282242,0.1489733025431633,0.3157845962047577,0.07068376615643501,0.08235434353351594,0.1489733025431633,0.6703307831287384,1.469936490058899,1.2143707275390625,1.9277836084365845,1.5822885036468506,1.704574704170227,0.9692829251289368,1.4534430503845215,3.07765531539917,0.8947916030883789,0.8550040125846863,2.4731013774871826,0.8372470736503601
381,0.0001,0.09088252320885658,0.9609949282270718,0.43714523911476133,0.7733379479851944,0.8703572983782655,48.29305100440979,0.11443446911871433,0.04832093458622694,0.071970517039299,0.08377134032547474,0.11443446911871433,0.7599249053001403,0.1490035393834114,0.3145448648929596,0.08233383357524872,0.08121580839157104,0.1490035393834114,0.6778511166572571,1.4686954021453857,1.2141317129135132,1.9280213117599487,1.5813045501708984,1.703668475151062,0.9695871472358704,1.4497264623641968,3.074756622314453,0.8950173258781433,0.8549025058746338,2.471067190170288,0.8373051285743713
382,0.0001,0.09005102716386318,0.9615837397734989,0.43951304256916046,0.7737391247506546,0.8703906637964127,47.383607625961304,0.11307404708117247,0.04783116865903139,0.06996919311583043,0.08428937703371048,0.11307404708117247,0.7620182234048843,0.14633467882871629,0.31264351308345795,0.06733301475644111,0.08227912187576295,0.14633467882871629,0.6743565487861634,1.4674025774002075,1.2137012481689453,1.9281260967254639,1.5777571201324463,1.7014707326889038,0.9698268175125122,1.4489096403121948,3.0734570026397705,0.8949824571609497,0.8528804779052734,2.467942714691162,0.8371685147285461
383,0.0001,0.0907159611210227,0.9615020345196669,0.44088265001773835,0.772595902517231,0.869660453273186,47.153425216674805,0.11601561203598976,0.0481508488021791,0.07073487695306539,0.08385496236383914,0.11601561203598976,0.756917958855629,0.1480789911746979,0.3132987236976624,0.07112306952476502,0.08201414823532105,0.1480789911746979,0.6725335621833801,1.4658973217010498,1.2133620977401733,1.928323745727539,1.5762507915496826,1.700523018836975,0.9700763821601868,1.4472209215164185,3.07049298286438,0.894939661026001,0.8507747054100037,2.46455717086792,0.8372076153755188
384,0.0001,0.09147791400551795,0.9612721296832393,0.4441394054889679,0.7728056906980301,0.869619750239211,47.07910346984863,0.11760646931827068,0.048338849302381276,0.0726716684550047,0.08322780445218086,0.11760646931827068,0.7538993328809738,0.14860914677381515,0.31373743802309034,0.07065281450748444,0.08259568929672241,0.14860914677381515,0.673633587360382,1.4650624990463257,1.2127246856689453,1.9284882545471191,1.5788183212280273,1.7004553079605103,0.9701043367385864,1.4436426162719727,3.069732427597046,0.8949226140975952,0.8500118851661682,2.4616308212280273,0.8368958234786987
385,0.0001,0.08947215095162392,0.9619996014360601,0.44611658573150637,0.7715517183180396,0.8689919060021034,47.38861155509949,0.1147674311697483,0.047496748212724926,0.07103737268596888,0.08358844727277756,0.1147674311697483,0.7552001982927322,0.14908900409936904,0.3154428058862686,0.06906413674354553,0.08161376476287842,0.14908900409936904,0.6725218951702118,1.4642122983932495,1.2126226425170898,1.9287524223327637,1.576539397239685,1.698831558227539,0.9702381491661072,1.4425601959228516,3.0661065578460693,0.8949862718582153,0.8491079211235046,2.459385871887207,0.8371175527572632
386,0.0001,0.0927543381601572,0.9595759665887925,0.4486556398868561,0.7678372940329333,0.8665596749672011,47.56006979942322,0.11552790842950345,0.049906308501958846,0.07080481041222811,0.08355010397732258,0.11552790842950345,0.7559280878305435,0.1491633114218712,0.31852793127298357,0.07315899550914765,0.08137589663267136,0.1491633114218712,0.6773416197299957,1.4644304513931274,1.2127244472503662,1.9290236234664917,1.576515555381775,1.6977874040603638,0.9707037806510925,1.4429997205734253,3.0648672580718994,0.8951109051704407,0.8488125205039978,2.4546964168548584,0.8371914625167847
387,0.0001,0.08808575123548508,0.9618199222963452,0.4436914849281311,0.7715510544859119,0.8689944351905382,45.726603269577026,0.11114410258829593,0.0471407775208354,0.07051776651293039,0.08301742024719715,0.11114410258829593,0.7623993265628815,0.14800537556409835,0.3143885594606399,0.06946243822574616,0.08108756512403488,0.14800537556409835,0.6738958132266998,1.463341474533081,1.2120330333709717,1.9295066595077515,1.5750732421875,1.696926236152649,0.971094012260437,1.4397385120391846,3.061674118041992,0.8953729867935181,0.847450852394104,2.4521844387054443,0.8372941613197327
388,0.0001,0.08774159304797649,0.9630470795593191,0.4565193045139313,0.7671843864394933,0.8662532459260031,50.77842664718628,0.11154636710882188,0.04642407514154911,0.07016399770975112,0.08309859246015548,0.11154636710882188,0.767611848115921,0.148833244740963,0.3260241854190826,0.06690825194120407,0.08114711433649063,0.148833244740963,0.6694525015354157,1.4625904560089111,1.2113420963287354,1.9300085306167603,1.5752532482147217,1.6952271461486816,0.9714052081108093,1.4378902912139893,3.0589821338653564,0.8952656984329224,0.845687747001648,2.4495580196380615,0.8373584747314453
389,0.0001,0.08944627702236176,0.9622235018026377,0.4463723802566528,0.7714193588694566,0.8690491350220872,50.67332196235657,0.11307890105992556,0.0478724248893559,0.07069351479411125,0.08279739931225777,0.11307890105992556,0.7653504467010498,0.15461135357618333,0.3128760588169098,0.06536929339170455,0.08041908949613572,0.15461135357618333,0.6599259996414184,1.4625424146652222,1.2105985879898071,1.9304009675979614,1.5734875202178955,1.693589687347412,0.9715874791145325,1.4356170892715454,3.055792808532715,0.8954272270202637,0.8437337279319763,2.4471664428710938,0.8373163342475891
390,0.0001,0.08927822642028332,0.9615587696536775,0.44802189588546754,0.771066170276737,0.8689495303359368,51.234224796295166,0.11279582209885121,0.04787677301093936,0.06980830952525138,0.08329422354698181,0.11279582209885121,0.7628622305393219,0.14630458742380142,0.32232904702425,0.06876129925251007,0.08163282662630081,0.14630458742380142,0.6766775918006896,1.4618911743164062,1.210348129272461,1.9306169748306274,1.5720024108886719,1.6938600540161133,0.971869170665741,1.4331032037734985,3.05264949798584,0.895465075969696,0.8420934081077576,2.444817066192627,0.8373841047286987
391,0.0001,0.09074353389441966,0.9609899188297831,0.4385571950674057,0.7726143974006944,0.8697528376496719,51.3576545715332,0.1138674271851778,0.04883800607174635,0.07075572796165944,0.08261886343359948,0.1138674271851778,0.7622667914628982,0.14888159781694413,0.3077685359120369,0.0710791864991188,0.08136670529842377,0.14888159781694413,0.6750171864032746,1.4613083600997925,1.2100566625595093,1.9309407472610474,1.5710227489471436,1.6930389404296875,0.972156286239624,1.4306786060333252,3.0513296127319336,0.8953911662101746,0.841714084148407,2.4405503273010254,0.8374143242835999
392,0.0001,0.08979718897491694,0.9623489520716094,0.45149197220802306,0.7683663514655595,0.8672098636684283,52.94632267951965,0.11588840633630752,0.047355537600815296,0.07131951361894608,0.08244148790836334,0.11588840633630752,0.7568351146578789,0.14912095934152603,0.3201208335161209,0.06674494579434395,0.0811448135972023,0.14912095934152603,0.6664992415904999,1.4609384536743164,1.2094948291778564,1.931165337562561,1.5709986686706543,1.6913986206054688,0.9725489020347595,1.4292536973953247,3.0492711067199707,0.8954367637634277,0.8405787348747253,2.438955307006836,0.8374015092849731
393,0.0001,0.08766903713345528,0.962443566313233,0.4446517115831375,0.7729435784367488,0.8700698251676009,52.260491371154785,0.11149850204586982,0.04658653505146503,0.07041300356388092,0.0824666129052639,0.11149850204586982,0.7654666966199875,0.14630768865346908,0.317271591424942,0.06755877956748009,0.08116483598947526,0.14630768865346908,0.6749663019180298,1.459845781326294,1.2089459896087646,1.9314533472061157,1.570176362991333,1.6909630298614502,0.9729090929031372,1.4279624223709106,3.0458548069000244,0.895561933517456,0.8391212224960327,2.434964895248413,0.8372383117675781
394,0.0001,0.08872243113815785,0.9626722379989134,0.4516109418869019,0.7702174584706886,0.8683502582247781,51.33214354515076,0.11374995738267898,0.04706775596365333,0.07033459894359112,0.08248796805739403,0.11374995738267898,0.7630530923604966,0.14865073978900908,0.3203717011213303,0.06480297088623047,0.08120390325784684,0.14865073978900908,0.667472460269928,1.459661841392517,1.2089098691940308,1.9318792819976807,1.5701699256896973,1.6897205114364624,0.9730010628700256,1.4230047464370728,3.043689727783203,0.8954424262046814,0.8370004892349243,2.4337358474731445,0.8373002409934998
395,0.0001,0.08658767860382795,0.9627975459985038,0.45408908247947694,0.7681712776480286,0.8669561627223087,51.46061682701111,0.10884531978517771,0.046284515969455244,0.06914702150970697,0.08267362266778946,0.10884531978517771,0.7706191575527191,0.14489789694547653,0.32899359613657,0.07217056781053544,0.08035027265548705,0.14489789694547653,0.6841826415061951,1.4572296142578125,1.2084834575653076,1.9321085214614868,1.5685964822769165,1.6888340711593628,0.973414957523346,1.4234007596969604,3.0410897731781006,0.8956598043441772,0.8334152698516846,2.429975748062134,0.8373970985412598
396,0.0001,0.08672142252326012,0.9637664044909434,0.45129563987255095,0.7690309584955877,0.8675586155329511,51.113033294677734,0.1113333311676979,0.045745984483510256,0.07020124856382609,0.08277779027819633,0.1113333311676979,0.7666544967889786,0.14716197192668914,0.33034152328968047,0.08170668601989746,0.08042723327875137,0.14716197192668914,0.6836446857452393,1.4562236070632935,1.2078592777252197,1.9322190284729004,1.5671275854110718,1.6872313022613525,0.9735715985298157,1.4216551780700684,3.038806200027466,0.8958324790000916,0.8319900631904602,2.426610231399536,0.8373484015464783
397,0.0001,0.08642402112483978,0.9635742166019147,0.45521402001380923,0.7681095812513745,0.8667892810726399,52.72441101074219,0.10942007593810558,0.046083054579794405,0.0686113940924406,0.08234083421528339,0.10942007593810558,0.7721718555688858,0.1503857809305191,0.32414164394140244,0.06737294435501098,0.0803507348895073,0.1503857809305191,0.6697905051708222,1.4560129642486572,1.207499384880066,1.9324921369552612,1.5682306289672852,1.686181664466858,0.973929226398468,1.417746901512146,3.035712957382202,0.895859956741333,0.8288871049880981,2.4224722385406494,0.837322473526001
398,0.0001,0.08943522211164236,0.9621593075651047,0.456365128159523,0.7681105587837702,0.8667881050532802,50.8306028842926,0.1146938630193472,0.04787547796964645,0.07070822712033988,0.08210924454033375,0.1146938630193472,0.7600841927528381,0.14861673951148988,0.327750041782856,0.0676233348250389,0.07977175444364548,0.14861673951148988,0.6734428906440735,1.4550811052322388,1.2070456743240356,1.9327361583709717,1.5656545162200928,1.685329794883728,0.9741786122322083,1.4154664278030396,3.034193754196167,0.8960011601448059,0.8261091709136963,2.419646739959717,0.8371360898017883
399,0.0001,0.08844675339758395,0.9625786207134425,0.45245318472385404,0.7672436024708987,0.8661712539501886,51.27371644973755,0.11367098167538643,0.046832846291363237,0.07090708415955305,0.08236815363168716,0.11367098167538643,0.7578131914138794,0.14620064735412597,0.3254895558953285,0.06988559991121292,0.07999939322471619,0.14620064735412597,0.6746974873542786,1.4542505741119385,1.2061491012573242,1.933043360710144,1.5641653537750244,1.6846227645874023,0.9743199348449707,1.4123921394348145,3.0319418907165527,0.8961195349693298,0.8241667151451111,2.4158997535705566,0.8371719717979431
