epoch,lr,loss,iou,val_loss,val_iou,val_dice,epoch_sec,train_ctrl,train_foc,train_ma_mean,train_rho_std,train_ctrl_bce,train_cell_iou,val_ctrl,val_foc,val_ma_mean,val_rho_std,val_ctrl_bce,val_cell_iou,norm_route1_wc,norm_route1_wa,norm_route1_beta,norm_route2_wc,norm_route2_wa,norm_route2_beta,norm_route3_wc,norm_route3_wa,norm_route3_beta,norm_route4_wc,norm_route4_wa,norm_route4_beta
0,0.0001,1.3283904641866684,0.40048486025130403,1.3770921844424624,0.006649286962277392,0.013209158241354234,70.32882785797119,0.6930168196558952,0.6548476628959179,0.5006363000720739,0.00040689027082407847,0.6930168196558952,0.17503848485648632,0.6931919726458463,0.6952971761876886,0.5006393952803179,6.144906034354459e-05,0.6931919726458463,0.0,0.024372247979044914,0.02129620686173439,0.008017134852707386,0.03873205929994583,0.03336288407444954,0.008387262001633644,0.07220370322465897,0.07509194314479828,0.010203918442130089,0.07781612873077393,0.0786263644695282,0.010783513076603413
1,0.0001,1.2000365406274796,0.5756036893219074,1.3321727405894885,0.528882026113511,0.6898145485642415,9.61194396018982,0.6921043284237385,0.583569660782814,0.5049731843173504,0.002090647685690783,0.6921043284237385,0.4660312104970217,0.6931508887897838,0.7019027507666386,0.5034154545177113,0.0009113192120849183,0.6931508887897838,0.5002422603693876,0.04760958254337311,0.04190737009048462,0.018882201984524727,0.06433388590812683,0.05623210221529007,0.0172213576734066,0.10493174195289612,0.11742093414068222,0.015748128294944763,0.10160281509160995,0.10380903631448746,0.014107677154242992
2,0.0001,1.1177944019436836,0.6340237038569715,1.3495540077036077,0.5228148569227734,0.6847456307789527,9.61514949798584,0.6898898370563984,0.5362304747104645,0.5086361095309258,0.004113807081012055,0.6898898370563984,0.5241511855274439,0.6929286032012014,0.7215229670206705,0.504595752918359,0.0022859591990709305,0.6929286032012014,0.5260115455497395,0.06937683373689651,0.0610884428024292,0.03018745593726635,0.08451245725154877,0.07587963342666626,0.02691277675330639,0.1335422545671463,0.16146963834762573,0.02062852866947651,0.11960844695568085,0.12665371596813202,0.017184695228934288
3,0.0001,1.051915131509304,0.673190320848021,1.3552959362665813,0.5077325052166594,0.6716107968672391,10.998637199401855,0.6860256865620613,0.5005259606987238,0.5105634443461895,0.005938101327046752,0.6860256865620613,0.5513952057808638,0.6927230863860159,0.7247914166161509,0.505683366096381,0.004176918163218282,0.6927230863860159,0.5260723422874104,0.08866484463214874,0.07955611497163773,0.0405341312289238,0.10213285684585571,0.09462881088256836,0.03599988669157028,0.15984414517879486,0.20352934300899506,0.025369996204972267,0.13576941192150116,0.15007920563220978,0.020889220759272575
4,0.0001,1.0218043066561222,0.6787883829777432,1.3314256812586929,0.5126591197616596,0.6754917825916887,10.177380800247192,0.6802889108657837,0.4850435610860586,0.5121504403650761,0.008271591243101284,0.6802889108657837,0.5661430638283491,0.6921516837495746,0.7352159673517401,0.5066334478782885,0.005474544779369326,0.6921516837495746,0.5261939989797997,0.10540315508842468,0.09794707596302032,0.04940390959382057,0.11705777794122696,0.11470238864421844,0.04412718862295151,0.18071049451828003,0.2619645297527313,0.028989426791667938,0.15182653069496155,0.17320764064788818,0.023891329765319824
5,0.0001,0.9761549383401871,0.7089103321907545,1.2690066026918816,0.49599460990624605,0.6610415239619242,10.388648748397827,0.6729257218539715,0.4606764540076256,0.5116964019834995,0.010524190496653318,0.6729257218539715,0.5843312665820122,0.6898900487206199,0.6574634512265524,0.5049977555419459,0.0059363660402596,0.6898900487206199,0.5271091650832783,0.120635025203228,0.11347508430480957,0.05739174783229828,0.13200582563877106,0.13238602876663208,0.051815956830978394,0.1987306922674179,0.3064098060131073,0.031773604452610016,0.1666797697544098,0.19672569632530212,0.0273097213357687
6,0.0001,0.9464084878563881,0.7231149652044154,1.1524399555090703,0.5783924441667435,0.7303549917719231,10.472505569458008,0.6648105345666409,0.4447811972349882,0.5084767304360867,0.012162020255345851,0.6648105345666409,0.5846712850034237,0.6833020123568448,0.6090912222862244,0.501229748581395,0.009888503587607182,0.6833020123568448,0.5295195931738074,0.1351635456085205,0.130214661359787,0.06517177820205688,0.14645004272460938,0.15130187571048737,0.059568073600530624,0.21484379470348358,0.36460527777671814,0.03452117741107941,0.1819639503955841,0.22742076218128204,0.03170735388994217
7,0.0001,0.9238652214407921,0.7347421399536633,1.0943995822559704,0.6176532113355047,0.7609271562859081,10.504421949386597,0.6559277437627316,0.4351949132978916,0.5053527224808931,0.013934136950410903,0.6559277437627316,0.5992173068225384,0.6768564708305128,0.5474194956548286,0.4980029048341693,0.012372461824931881,0.6768564708305128,0.5376973784331119,0.14833320677280426,0.14505083858966827,0.07196681946516037,0.16117049753665924,0.16559924185276031,0.06736382097005844,0.22794219851493835,0.4052121043205261,0.03724617511034012,0.19463083148002625,0.2540420591831207,0.03494221344590187
8,0.0001,0.8929257206618786,0.7515394834451082,0.9950490792592367,0.6852845358100038,0.8097413318992467,10.420806407928467,0.6445964127779007,0.421135101467371,0.4998876377940178,0.015139402763452381,0.6445964127779007,0.6178953498601913,0.6702021306211298,0.4991671045621236,0.4943326043360161,0.013513603021926952,0.6702021306211298,0.5448215134216078,0.16109240055084229,0.16026610136032104,0.07862783968448639,0.1735832542181015,0.18246102333068848,0.07467687875032425,0.24080955982208252,0.4479731023311615,0.04057901352643967,0.20815590023994446,0.2779851257801056,0.039735984057188034
9,0.0001,0.8834155388176441,0.7533271258259123,1.101606466553428,0.5978585768866264,0.7442242903925002,10.728734254837036,0.6347944252192974,0.4196576904505491,0.4930388517677784,0.016278443450573832,0.6347944252192974,0.6241754740476608,0.6673393484317895,0.5572918490930037,0.4893720511234168,0.013869157343199759,0.6673393484317895,0.5445469970052893,0.1728411614894867,0.17366181313991547,0.08477398753166199,0.18551406264305115,0.19507996737957,0.08190829306840897,0.25135087966918945,0.49126601219177246,0.04345109313726425,0.22214891016483307,0.2969050109386444,0.04280957579612732
10,0.0001,0.863292220979929,0.7666982659144129,1.0718172391255696,0.6207696190931962,0.7625770008937379,10.446345806121826,0.6240504756569862,0.4099821485579014,0.48548224195837975,0.016602170187979937,0.6240504756569862,0.6227053590118885,0.6657841819705386,0.5397216695727725,0.48820630528710107,0.013451537512468569,0.6657841819705386,0.5446219778422153,0.18483790755271912,0.18809859454631805,0.09081783145666122,0.19847945868968964,0.20868425071239471,0.08929517865180969,0.26358306407928467,0.5296705365180969,0.046640630811452866,0.23155400156974792,0.3114180266857147,0.04476998746395111
11,0.0001,0.8480015210807323,0.7742108471686289,1.1171565308715359,0.5468801562139556,0.7048111375734901,9.705012559890747,0.6153103746473789,0.4030438456684351,0.4795124512165785,0.018018007976934314,0.6153103746473789,0.6296143494546413,0.6644990624803485,0.5523235888192148,0.47217640009793366,0.014228351837532087,0.6644990624803485,0.536287349281889,0.19624443352222443,0.20204144716262817,0.09649443626403809,0.2124084234237671,0.22304752469062805,0.09627465903759003,0.2734789550304413,0.5628729462623596,0.04917776212096214,0.24201622605323792,0.33034250140190125,0.04727073386311531
12,0.0001,0.8441042192280293,0.7665328054414999,0.9935507846601082,0.6633134629476773,0.7950267566986398,9.420214653015137,0.6034736260771751,0.40686351992189884,0.47326748818159103,0.018205945030786097,0.6034736260771751,0.6442125029861927,0.6444567748994539,0.5028131369388464,0.4797910289330916,0.014947550089070291,0.6444567748994539,0.589476589903687,0.20785370469093323,0.21596404910087585,0.10208810865879059,0.22242583334445953,0.23661376535892487,0.1019294336438179,0.2862333655357361,0.612989604473114,0.05318896472454071,0.25232455134391785,0.3555721938610077,0.05072181299328804
13,0.0001,0.8134570196270943,0.7877999696233948,1.0025924913810962,0.6408018314176762,0.7799011961402249,9.297530174255371,0.5915701054036617,0.3894340880215168,0.4655798766762018,0.019498810870572925,0.5915701054036617,0.652972299605608,0.6383481856548425,0.49684712381073926,0.4706749374216253,0.016430318468447887,0.6383481856548425,0.5864730350898973,0.21875368058681488,0.23047849535942078,0.10743078589439392,0.2339560091495514,0.24929969012737274,0.1078813374042511,0.2949197590351105,0.6546528339385986,0.05499554052948952,0.2615211009979248,0.3803037106990814,0.05362401157617569
14,0.0001,0.8084849789738655,0.7875901842349337,0.9675818934585109,0.6958174903169595,0.818474095713162,10.546617031097412,0.5823220945894718,0.3912650775164366,0.45774478279054165,0.020073481020517647,0.5823220945894718,0.6562281586229801,0.6360609964890913,0.48858157071200287,0.4720065024766055,0.015540330811883465,0.6360609964890913,0.5969288638143828,0.22873817384243011,0.24237816035747528,0.11237981915473938,0.24368906021118164,0.2613006830215454,0.11366257816553116,0.300586462020874,0.6837930083274841,0.05651886388659477,0.27024024724960327,0.4014517366886139,0.0570082813501358
15,0.0001,0.7861215621232986,0.8001956278446043,0.9553973747022224,0.6933464472833514,0.8158958330408952,10.744685888290405,0.5698325484991074,0.3803911302238703,0.450109638273716,0.021453147055581212,0.5698325484991074,0.6706169843673706,0.6291737502271478,0.4842193162802494,0.46461437687729346,0.017347238224112625,0.6291737502271478,0.5946110098650961,0.23922932147979736,0.2538019120693207,0.1172928586602211,0.2547209560871124,0.27412471175193787,0.11962711811065674,0.31025877594947815,0.7151519656181335,0.059500131756067276,0.2790514826774597,0.42292386293411255,0.06094127520918846
16,0.0001,0.7632598727941513,0.8143628034738176,0.9617025021350745,0.6945273824011886,0.8162810314594454,10.660945415496826,0.5575852617621422,0.36908987909555435,0.440079590305686,0.021750022075138986,0.5575852617621422,0.6798130236566067,0.6495803955829504,0.5018659848155398,0.42028969435980823,0.020148697676080646,0.6495803955829504,0.5342408734740633,0.24974051117897034,0.26362866163253784,0.12232034653425217,0.26618579030036926,0.2840094268321991,0.12708549201488495,0.3156966269016266,0.7306521534919739,0.06072939932346344,0.28731009364128113,0.43732693791389465,0.06379153579473495
17,0.0001,0.7583255842328072,0.8101522682808611,0.9523020874370228,0.6691179792401796,0.7995871068504479,9.949906349182129,0.5468438193202019,0.37171734869480133,0.43006347864866257,0.02257237385492772,0.5468438193202019,0.6771139055490494,0.6212483536113392,0.4771170598087889,0.4623548993558595,0.017918553288010033,0.6212483536113392,0.5962718770359502,0.2607024312019348,0.27467793226242065,0.12758472561836243,0.2753928005695343,0.2943635582923889,0.13392552733421326,0.32032039761543274,0.7528475522994995,0.06226515769958496,0.29486730694770813,0.45523273944854736,0.06752224266529083
18,0.0001,0.7578692026436329,0.8053487975508645,0.9358860326535774,0.7068629358755267,0.8251359310958146,10.285372972488403,0.5358396805822849,0.3770284317433834,0.4227256793528795,0.02301453275140375,0.5358396805822849,0.6903841979801655,0.6408604058352384,0.4724482839757746,0.4267122077219414,0.018234884422836883,0.6408604058352384,0.550610158479575,0.2711966633796692,0.2842560112476349,0.132309690117836,0.28495433926582336,0.305889755487442,0.13951852917671204,0.3293740153312683,0.7819604873657227,0.06624467670917511,0.3022395074367523,0.4746314585208893,0.070248082280159
19,0.0001,0.7239834889769554,0.8331137856634578,0.9639742013179895,0.6681153158675438,0.8005904187617038,9.836312532424927,0.5235682651400566,0.35781050473451614,0.4140511192381382,0.02444636053405702,0.5235682651400566,0.7022755667567253,0.6285203767545295,0.4777725916920286,0.4574338369297259,0.01651864442409891,0.6285203767545295,0.5863047169916558,0.2816433012485504,0.29254812002182007,0.13702718913555145,0.2952674627304077,0.3127535879611969,0.14576084911823273,0.33593693375587463,0.8021597862243652,0.06863082200288773,0.30834582448005676,0.49228036403656006,0.07244997471570969
20,0.0001,0.7265727519989014,0.8237288145947863,1.0067824233662,0.6578016553535343,0.790762828690573,10.647230625152588,0.5178146082907915,0.36159129999578,0.4067192040383816,0.02571390150114894,0.5178146082907915,0.6982838995754719,0.6422969464099768,0.5040480187444976,0.42306708296140033,0.016970656473528255,0.6422969464099768,0.551571090113033,0.2918988764286041,0.3029601573944092,0.1417863517999649,0.3051535189151764,0.32248738408088684,0.15135233104228973,0.3419328033924103,0.8274325132369995,0.07034726440906525,0.3150237202644348,0.5173892378807068,0.07550562918186188
21,0.0001,0.7240743301808834,0.820797214813861,0.8966856580792051,0.7162820722253509,0.8323972069728364,11.618069648742676,0.5085327532142401,0.3651553597301245,0.40076085552573204,0.026290748734027147,0.5085327532142401,0.6988287530839443,0.6032146215438843,0.45513268853678845,0.4456745684146881,0.018520238329515312,0.6032146215438843,0.624242345492045,0.30227211117744446,0.3129633367061615,0.1465141922235489,0.31317222118377686,0.3331837058067322,0.15684261918067932,0.34768253564834595,0.8643890619277954,0.0720304399728775,0.3217347264289856,0.5462915301322937,0.07913942635059357
22,0.0001,0.7207569777965546,0.8209986728402161,0.9675944935191761,0.6697925348314271,0.7988720117925192,12.221965074539185,0.5018834453076124,0.3668219745159149,0.39344171062111855,0.02806348353624344,0.5018834453076124,0.6967485211789608,0.6224784995570327,0.5143433953776504,0.39698076338479016,0.021197774475722603,0.6224784995570327,0.5642709379846399,0.3122447431087494,0.32227882742881775,0.15102170407772064,0.32216954231262207,0.34462201595306396,0.161705881357193,0.35099613666534424,0.8805873990058899,0.07256379723548889,0.32748979330062866,0.5602293014526367,0.08169275522232056
23,0.0001,0.6888557970523834,0.8406340194513361,0.9084163470701738,0.6900321352753572,0.8135505457046159,12.127458333969116,0.4894101656973362,0.3496979586780071,0.3855751994997263,0.02887611195910722,0.4894101656973362,0.7144940234720707,0.5955476652492177,0.471269889311357,0.42212674924821564,0.02094225568527525,0.5955476652492177,0.6103757665012822,0.3225938081741333,0.3304744064807892,0.15549717843532562,0.3302184045314789,0.35313230752944946,0.16661950945854187,0.3557206094264984,0.8987999558448792,0.07384250313043594,0.3325449228286743,0.5727066993713379,0.08347785472869873
24,0.0001,0.6876005418598652,0.8384771993114899,0.9640072222911951,0.6715646461345905,0.7975021759077358,9.803841352462769,0.48098967038095,0.35185944847762585,0.37586871162056923,0.029892555437982082,0.48098967038095,0.7130381092429161,0.5992077083298655,0.5166863889405222,0.3964009194663077,0.024306932520685776,0.5992077083298655,0.5814992649988695,0.33223819732666016,0.33869659900665283,0.1597209870815277,0.33912187814712524,0.36426934599876404,0.17150069773197174,0.3613227605819702,0.9331029653549194,0.07654422521591187,0.3366210460662842,0.6048215627670288,0.08435343205928802
25,0.0001,0.6947317831218243,0.8266462560518274,0.9297652461312034,0.6717506194602414,0.8005724035580747,10.243662595748901,0.47731071524322033,0.36047542840242386,0.3692658208310604,0.030620519071817398,0.47731071524322033,0.7089279554784298,0.5730671485265096,0.48954153060913086,0.42319438222682837,0.022503103044900028,0.5730671485265096,0.6402082000717972,0.34159302711486816,0.347702294588089,0.16401280462741852,0.3481232225894928,0.37530601024627686,0.17757432162761688,0.3654322922229767,0.9621001482009888,0.07928801327943802,0.3432157337665558,0.6371163725852966,0.08722282201051712
26,0.0001,0.6786193810403347,0.8366990850575466,0.927222136295203,0.6912209778408028,0.8146655588684903,10.521040916442871,0.46607345528900623,0.35332964174449444,0.37005625665187836,0.03332602104637772,0.46607345528900623,0.7360536530613899,0.6194471753004825,0.4905087405985052,0.3814822661154198,0.02200825574497382,0.6194471753004825,0.5709887155980775,0.3503541946411133,0.35295218229293823,0.16790586709976196,0.35575351119041443,0.37729406356811523,0.18238465487957,0.3711143732070923,0.9785385727882385,0.0823659598827362,0.34911125898361206,0.6673052906990051,0.09000406414270401
27,0.0001,0.6798634901642799,0.8346802145718993,0.9063875530705308,0.6990897264594617,0.8190361405753483,10.508922338485718,0.46055147983133793,0.35650960728526115,0.36023595556616783,0.035376087529584765,0.46055147983133793,0.7246532775461674,0.6164881171602191,0.47345273061232135,0.3734251351067514,0.02083666379930395,0.6164881171602191,0.5742989932045792,0.3592624366283417,0.3594255745410919,0.17202222347259521,0.3636465072631836,0.3833637237548828,0.187730610370636,0.374506413936615,0.9845910668373108,0.08417299389839172,0.3546745479106903,0.673090934753418,0.09410891681909561
28,0.0001,0.6657853312790394,0.8382271928925102,0.9540072246031328,0.6769032169007574,0.8035882514149766,10.42014765739441,0.45098512805998325,0.35270111076533794,0.3531837798655033,0.03505372675135732,0.45098512805998325,0.7306551784276962,0.6274299657706058,0.5064601121526776,0.36417694705905335,0.022706803781065075,0.6274299657706058,0.5577886520010052,0.3687496781349182,0.36542537808418274,0.17601177096366882,0.37152206897735596,0.39023557305336,0.1924540251493454,0.3803083300590515,1.0198472738265991,0.08605966717004776,0.36021387577056885,0.6985296607017517,0.09723038971424103
29,0.0001,0.6300097219645977,0.8659440993102635,0.9432308384866426,0.6830430144134922,0.8069926772802366,10.153934240341187,0.44364573061466217,0.32815399020910263,0.34892852418124676,0.03706625336781144,0.44364573061466217,0.7409591898322105,0.6298493472012606,0.5069128780653982,0.33507706992553943,0.025868051374952,0.6298493472012606,0.5644249681270483,0.37822332978248596,0.37229031324386597,0.18035924434661865,0.38117706775665283,0.3982008099555969,0.19872793555259705,0.3832220137119293,1.0353409051895142,0.08765828609466553,0.3644733428955078,0.7198078036308289,0.09923489391803741
30,0.0001,0.6498415805399418,0.8461513453212385,0.9384554552309441,0.6980617651226658,0.818032321992656,9.823903560638428,0.447573721408844,0.3441337961703539,0.34531562589108944,0.03647896135225892,0.447573721408844,0.7237146832048893,0.6369791247627952,0.5154362230589895,0.32889506582057837,0.025018566542051056,0.6369791247627952,0.5616709084221811,0.38797464966773987,0.37773022055625916,0.18468372523784637,0.38889172673225403,0.4035010039806366,0.20400004088878632,0.3859340250492096,1.0463355779647827,0.08940967917442322,0.3670305907726288,0.7376927137374878,0.10065466910600662
31,0.0001,0.6262177117168903,0.8600938323026543,0.934548638083718,0.6895582068597063,0.8125455880969437,10.406956672668457,0.432211896404624,0.33353097550570965,0.33648257330060005,0.036308875773102045,0.432211896404624,0.744039349257946,0.6179977655410767,0.5014891172900344,0.35952756982861145,0.024087084513722046,0.6179977655410767,0.5676903643391349,0.3977126181125641,0.3833790719509125,0.1888103038072586,0.3952415883541107,0.40915438532829285,0.20865774154663086,0.38932809233665466,1.0574889183044434,0.09179966151714325,0.36961233615875244,0.7610532641410828,0.10299469530582428
32,0.0001,0.6430148631334305,0.8445237279333887,0.9671758015950521,0.6509124768470813,0.7835325212903974,10.961214780807495,0.4308728501200676,0.34968517906963825,0.3316745478659868,0.037824433064088225,0.4308728501200676,0.7379877157509327,0.5792415376865503,0.5257416132724646,0.38213211027058686,0.025761337273500183,0.5792415376865503,0.6000127169218931,0.40579646825790405,0.38939765095710754,0.19252480566501617,0.40221431851387024,0.4143807888031006,0.21291130781173706,0.39317622780799866,1.0645294189453125,0.09372597932815552,0.37300431728363037,0.7764232754707336,0.10538551211357117
33,0.0001,0.6217162236571312,0.8565715767885499,0.958759484869061,0.6710338696419782,0.7985897038992872,10.431190252304077,0.4247221164405346,0.3334945719689131,0.32879478856921196,0.03796119103208184,0.4247221164405346,0.7411256395280361,0.5941044399232576,0.5145042592828925,0.34106136271447846,0.026258679050387757,0.5941044399232576,0.5845015103166754,0.41490438580513,0.3946423828601837,0.19637592136859894,0.40992552042007446,0.41828346252441406,0.2175089418888092,0.3958035707473755,1.0706125497817993,0.09549104422330856,0.3744388520717621,0.8026236295700073,0.10723380744457245
34,0.0001,0.6366192772984505,0.8384662100660537,0.844091408180468,0.7379570275186919,0.8458119387232118,10.792299509048462,0.42002340964972973,0.3499620072543621,0.3217685241252184,0.03922963701188564,0.42002340964972973,0.7403858825564384,0.5790817484711156,0.4614937829248833,0.34895868825189996,0.02563295163439982,0.5790817484711156,0.6015093037576387,0.42310670018196106,0.4010997414588928,0.20019006729125977,0.4147064685821533,0.42594200372695923,0.22138291597366333,0.3970951437950134,1.0819867849349976,0.09626466035842896,0.3769892156124115,0.8171089291572571,0.11049903184175491
35,0.0001,0.6040058545768261,0.8657323796860706,0.8213658621816924,0.7422571476848274,0.8491973068966825,10.07663893699646,0.40975031442940235,0.32895119301974773,0.31672570668160915,0.03964970447123051,0.40975031442940235,0.752554751932621,0.5703761830474391,0.4498553384434093,0.3484698949438153,0.026948778636076233,0.5703761830474391,0.6092662386821978,0.43289715051651,0.4063462018966675,0.20428232848644257,0.4221605658531189,0.43356993794441223,0.2266596406698227,0.4012649357318878,1.0965964794158936,0.09817776829004288,0.3808619976043701,0.84439617395401,0.11323138326406479
36,0.0001,0.6256199963390827,0.8444916235068809,0.8630021051927046,0.7199104235164291,0.8340736479441392,9.701365947723389,0.4085671193897724,0.34705645963549614,0.30994388833642006,0.042449866887182,0.4085671193897724,0.7506134994328022,0.5581591255737074,0.4700209227475253,0.36698240944833466,0.025562249632044273,0.5581591255737074,0.6323207002697568,0.4409099221229553,0.4148533344268799,0.20784839987754822,0.42822396755218506,0.44230470061302185,0.23011448979377747,0.40600520372390747,1.1316473484039307,0.10091249644756317,0.38730746507644653,0.8902467489242554,0.11864627152681351
37,0.0001,0.6331500075757504,0.8372072828144359,0.8299632722681219,0.7367337799045924,0.8464291465780392,10.55787706375122,0.403793815523386,0.355172585695982,0.3096773885190487,0.0412415461614728,0.403793815523386,0.7529485560953617,0.5601209076968107,0.4798744230559378,0.30037203340819385,0.03134745342487639,0.5601209076968107,0.6166576977932092,0.4491531550884247,0.41961202025413513,0.21119564771652222,0.43409183621406555,0.44868203997612,0.23360136151313782,0.4102788269519806,1.1549081802368164,0.10322794318199158,0.39150089025497437,0.9360634684562683,0.12225625663995743
38,0.0001,0.6298833228647709,0.8355205152794052,0.8315249898216941,0.731465373357233,0.8408786581323701,9.989310264587402,0.40990258380770683,0.3520300891250372,0.30647255666553974,0.042840325739234686,0.40990258380770683,0.7393983379006386,0.5621864795684814,0.46316645000920154,0.32772773955807544,0.034402144734155045,0.5621864795684814,0.6104814094124418,0.45605039596557617,0.42521828413009644,0.21428440511226654,0.4413226246833801,0.4566230773925781,0.23736073076725006,0.4160444438457489,1.174414873123169,0.10559586435556412,0.3945205509662628,0.9738302230834961,0.12468665093183517
39,0.0001,0.6015656739473343,0.854587307593785,0.7698275609449907,0.7756147670800247,0.8717674777495228,11.435981035232544,0.3941956516355276,0.34028199687600136,0.300968948751688,0.043825874803587794,0.3941956516355276,0.7571176439523697,0.5423497647950144,0.42000007448774396,0.35454248840158636,0.026964171648477062,0.5423497647950144,0.6378958107847156,0.4646763503551483,0.42811867594718933,0.2181144505739212,0.44350212812423706,0.4600518047809601,0.24037085473537445,0.41817760467529297,1.1910738945007324,0.10772361606359482,0.39596816897392273,0.9895437359809875,0.12688298523426056
40,0.0001,0.5981017611920834,0.8571300075973101,0.8490795402815847,0.7431745842552193,0.8514748755032548,10.863413333892822,0.3946609552949667,0.3389011584222317,0.29556139186024666,0.04408750217407942,0.3946609552949667,0.7517673037946224,0.6137467514384877,0.44365239504611853,0.3305723053036314,0.029014375455903286,0.6137467514384877,0.5812055251815103,0.4717769920825958,0.43458983302116394,0.22141927480697632,0.4507540464401245,0.46670952439308167,0.24569424986839294,0.42065176367759705,1.1980537176132202,0.1098468154668808,0.39835265278816223,1.0306798219680786,0.12927986681461334
41,0.0001,0.6093547344207764,0.8441038021744607,0.8555736216631803,0.7436078170631076,0.8507201324501602,11.268907308578491,0.3999978397041559,0.3457075674086809,0.29807151667773724,0.04479975067079067,0.3999978397041559,0.7438527680933475,0.6732736717570912,0.46354632485996594,0.2521083156267802,0.03382924865141059,0.6732736717570912,0.5596832280809229,0.48000937700271606,0.4392392337322235,0.2252553105354309,0.4584035873413086,0.4733196496963501,0.2503054440021515,0.4225417375564575,1.216842532157898,0.11182370781898499,0.4006044566631317,1.055586338043213,0.1310558319091797
42,0.0001,0.5795077756047249,0.8642059193508118,0.8767049529335715,0.7163840330387882,0.8309876403516817,10.288833856582642,0.3812720887362957,0.32892809621989727,0.2865463700145483,0.04702469939365983,0.3812720887362957,0.7637481279671192,0.5653885783571185,0.4865991906686263,0.33532662012360315,0.0289053614956863,0.5653885783571185,0.6214297594446124,0.48789533972740173,0.4423792362213135,0.22879758477210999,0.46403488516807556,0.474632203578949,0.2544644773006439,0.4241942763328552,1.2244510650634766,0.1133841872215271,0.40193259716033936,1.0648550987243652,0.1329338550567627
43,0.0001,0.5595217682421207,0.8761195949247833,0.8769443721482248,0.7097709280104165,0.8275900785880446,12.019706964492798,0.37748614326119423,0.3186003193259239,0.2872758097946644,0.044987612403929234,0.37748614326119423,0.767671387642622,0.602004992239403,0.46006586334922095,0.3109396163261298,0.028820978421153443,0.602004992239403,0.5888777917081659,0.4963350296020508,0.44815587997436523,0.2327132374048233,0.47006547451019287,0.4790516793727875,0.25972554087638855,0.42593204975128174,1.2312183380126953,0.11547566205263138,0.40235745906829834,1.0765419006347656,0.13427233695983887
44,0.0001,0.5741524659097195,0.8664794527278593,0.8911219257296938,0.6999536802579479,0.821060207192843,11.200450658798218,0.3839462473988533,0.32781279273331165,0.28520688600838184,0.045020975871011615,0.3839462473988533,0.7563785500824451,0.6405694683392843,0.4622824860341621,0.28835192954901495,0.031998741468696884,0.6405694683392843,0.5666756079052434,0.5042458772659302,0.45111003518104553,0.2366275191307068,0.4755791127681732,0.48058757185935974,0.26453912258148193,0.42791256308555603,1.235761046409607,0.11754120141267776,0.4013129770755768,1.0859373807907104,0.13527722656726837
45,0.0001,0.561899222433567,0.8705940645078427,0.8669011628989017,0.7075129635268806,0.8268084191969263,10.887736320495605,0.36972832307219505,0.3247085362672806,0.279599878937006,0.048445422668009996,0.36972832307219505,0.7685912847518921,0.558519513318033,0.47769834597905475,0.3265746235847473,0.030029275877909226,0.558519513318033,0.6163920841433785,0.5119147896766663,0.45493084192276,0.24008196592330933,0.4819730222225189,0.48378264904022217,0.2693844735622406,0.4300650358200073,1.2475824356079102,0.11925694346427917,0.4019213020801544,1.1162604093551636,0.1370759755373001
46,0.0001,0.5480834469199181,0.8780329019841752,0.8789665229392775,0.7195188157216336,0.8335631595450693,11.309866666793823,0.3639326374977827,0.31963301450014114,0.2719457373023033,0.04994232184253633,0.3639326374977827,0.7682479955255985,0.6342629844492133,0.48332619125192816,0.280186243129499,0.03153957799077034,0.6342629844492133,0.5755559196977904,0.5192203521728516,0.45884206891059875,0.24359498918056488,0.4883991479873657,0.48855218291282654,0.2731248438358307,0.43096113204956055,1.266669750213623,0.12073008716106415,0.4029240310192108,1.1388105154037476,0.13834711909294128
47,0.0001,0.5619196482002735,0.866546739847459,0.8382747028813218,0.7364638358761113,0.8453934758146853,10.27347707748413,0.3698253780603409,0.32803599536418915,0.2720755748450756,0.05052380543202162,0.3698253780603409,0.7612290307879448,0.5815394376263474,0.46081610520680744,0.307680092977755,0.03132247721607035,0.5815394376263474,0.5983656491294052,0.5262457728385925,0.4615783095359802,0.24697916209697723,0.4929437041282654,0.49032169580459595,0.27651864290237427,0.4341777265071869,1.2810611724853516,0.12265586107969284,0.40298110246658325,1.1570833921432495,0.13959206640720367
48,0.0001,0.5632288902997971,0.8627022299115983,0.7733107118895559,0.7546273604531999,0.8577255011454318,10.299590349197388,0.36693546921014786,0.33111063949763775,0.274727426469326,0.05030832951888442,0.36693546921014786,0.770295362919569,0.4971765767444264,0.4528190331025557,0.3039162953694661,0.03737644173882224,0.4971765767444264,0.6718406054106626,0.5324169397354126,0.4657692313194275,0.2503528296947479,0.497003436088562,0.493434339761734,0.27970197796821594,0.4391827881336212,1.30055832862854,0.12617826461791992,0.40463846921920776,1.1566007137298584,0.14248350262641907
49,0.0001,0.5492461659014225,0.8747640134172592,0.7932358438318426,0.7397535220001069,0.8478169785308921,10.001152992248535,0.36789591424167156,0.3221903331577778,0.27254384756088257,0.05111742042936385,0.36789591424167156,0.7700506262481213,0.4618785959301573,0.4783988396326701,0.3230951482599432,0.047800905550971176,0.4618785959301573,0.7016573060642589,0.5391297936439514,0.46937626600265503,0.25324881076812744,0.5039181709289551,0.4961189925670624,0.2840796411037445,0.4433455169200897,1.3114765882492065,0.12900404632091522,0.40552401542663574,1.1733267307281494,0.14429286122322083
50,0.0001,0.5374512691050768,0.877943231861812,0.8280137777328491,0.7250723344335537,0.8378238707852858,10.209331750869751,0.35619175992906094,0.3183273021131754,0.26391204725950956,0.05200610193423927,0.35619175992906094,0.7765673100948334,0.5743227474617235,0.45339362007198913,0.2943307865749706,0.03494716238117579,0.5743227474617235,0.6053726555723132,0.5466594696044922,0.4741479158401489,0.2565948963165283,0.5089733600616455,0.5010392665863037,0.2885105609893799,0.445444256067276,1.330613613128662,0.13086611032485962,0.406095951795578,1.1958434581756592,0.14689630270004272
51,0.0001,0.5624948106706142,0.8619874463522361,0.8783373399214311,0.6997489225189425,0.8197386604249897,9.686020612716675,0.3677233140915632,0.3369340542703867,0.2678981348872185,0.050163758918643,0.3677233140915632,0.7607216946780682,0.5616260080626516,0.4829442392696034,0.30762198296460236,0.029915028449260826,0.5616260080626516,0.6141092515353,0.5521003603935242,0.47575056552886963,0.25920364260673523,0.5142433643341064,0.5029133558273315,0.29266834259033203,0.4458473026752472,1.3405970335006714,0.13295254111289978,0.40968623757362366,1.1963131427764893,0.15021391212940216
52,0.0001,0.5286945253610611,0.880190742653099,0.8556119492559722,0.715223557532855,0.8307946238406115,9.613484621047974,0.35215579345822334,0.31558830477297306,0.2581939399242401,0.051971449283882976,0.35215579345822334,0.7749821171164513,0.6123520226189585,0.45143788330482715,0.2804420202067404,0.029582612837354343,0.6123520226189585,0.5876873361341881,0.558492124080658,0.47961950302124023,0.2625775933265686,0.5200492143630981,0.508598804473877,0.29649412631988525,0.4472712278366089,1.3581972122192383,0.13448993861675262,0.4107840955257416,1.208194375038147,0.15274770557880402
53,0.0001,0.5207675006240606,0.8841360656852563,0.8528105995871804,0.7160742387089277,0.8316582805604986,9.774035930633545,0.3476705141365528,0.3107969332486391,0.2571392357349396,0.0526004817802459,0.3476705141365528,0.7827332951128483,0.5666749946998827,0.47149516958178894,0.28548218896894745,0.03178973642714096,0.5666749946998827,0.6123627081061854,0.5654187798500061,0.4834265112876892,0.2658088803291321,0.5247135162353516,0.5118527412414551,0.2999332547187805,0.44886314868927,1.372494101524353,0.13561345636844635,0.41278815269470215,1.2206945419311523,0.1553378701210022
54,0.0001,0.5271456278860569,0.8783792409345659,0.7862534089521929,0.7557898875042266,0.8581222650180964,11.24763798713684,0.35492517426609993,0.3150381129235029,0.259071066044271,0.05351221770979464,0.35492517426609993,0.7685223370790482,0.5689473621772997,0.43838247566512134,0.26471796902743255,0.036317869907978806,0.5689473621772997,0.6196887637629653,0.5729174613952637,0.48567068576812744,0.26939111948013306,0.529424786567688,0.5156431198120117,0.3033995032310486,0.4499463140964508,1.3808765411376953,0.13646714389324188,0.412472665309906,1.2326338291168213,0.15580657124519348
55,0.0001,0.5232427250593901,0.8777686763626238,0.8017845912413164,0.7490573246615381,0.8537498740043786,11.045923709869385,0.34790050983428955,0.3142051827162504,0.2553643109276891,0.05415890854783356,0.34790050983428955,0.7771753221750259,0.5657454548460065,0.46116727048700507,0.26831876057567017,0.033904951122222526,0.5657454548460065,0.6199516211495255,0.5800685286521912,0.4883899390697479,0.2726045250892639,0.5344551205635071,0.5182984471321106,0.3065541684627533,0.45100823044776917,1.3920563459396362,0.13835667073726654,0.4139891564846039,1.2519313097000122,0.15755052864551544
56,0.0001,0.5546019952744246,0.858834850167034,0.9254539735389479,0.7017759185837816,0.821416763066147,10.704366207122803,0.3533429894596338,0.33921830728650093,0.25153258349746466,0.05618360755033791,0.3533429894596338,0.7680960483849049,0.5711265531453219,0.6004229838197882,0.2640407103480715,0.04472341433619008,0.5711265531453219,0.614272679343368,0.5867028832435608,0.49218320846557617,0.2754262685775757,0.5382937788963318,0.5214479565620422,0.3092571496963501,0.45745542645454407,1.4306882619857788,0.14094066619873047,0.41795027256011963,1.2901160717010498,0.15985241532325745
57,0.0001,0.5185671970248222,0.8769279687667587,0.8581841786702474,0.6992250904134846,0.8191845675275137,11.120270729064941,0.3390233423560858,0.3179997745901346,0.25310963205993176,0.06302327429875731,0.3390233423560858,0.7905565463006496,0.5478620926539103,0.4831473935734142,0.2934706491051298,0.03547540482020739,0.5478620926539103,0.6247917332432487,0.5929733514785767,0.49407342076301575,0.2782953977584839,0.5401257276535034,0.5253889560699463,0.31254178285598755,0.4628238081932068,1.4462443590164185,0.1435059905052185,0.4219280779361725,1.292088270187378,0.16222873330116272
58,0.0001,0.5182386748492718,0.8775221215667761,0.7651244221311627,0.7574404299948883,0.8603412524688765,10.912016868591309,0.34219273924827576,0.3202900029718876,0.24789199698716402,0.05769100412726402,0.34219273924827576,0.7772497497498989,0.5668484658905955,0.417479674021403,0.2940284790414752,0.031707351745078056,0.5668484658905955,0.6103704535599911,0.5994712710380554,0.49677133560180664,0.2814587652683258,0.5448175668716431,0.5270314812660217,0.31644389033317566,0.46484407782554626,1.445649266242981,0.1455468237400055,0.4202456772327423,1.2942205667495728,0.1633855700492859
59,0.0001,0.5316391494125128,0.8702373835854863,0.8132336500919226,0.7385170130131957,0.8476076187508526,10.761247873306274,0.34344422072172165,0.330255962908268,0.24695538636296988,0.05460251332260668,0.34344422072172165,0.7813548408448696,0.5760854482650757,0.4707872813398188,0.2780759569370385,0.033656220149361725,0.5760854482650757,0.610913404009559,0.6054477691650391,0.5012598037719727,0.284425288438797,0.5478736162185669,0.5310999155044556,0.3191480338573456,0.4661729335784912,1.4470537900924683,0.14779359102249146,0.42406684160232544,1.3180421590805054,0.16545139253139496
60,0.0001,0.501563536003232,0.8854941854457568,0.7705704298886386,0.7583834795229788,0.8602533197577675,10.44925332069397,0.33173745311796665,0.3089593704789877,0.242892699316144,0.05645196279510856,0.33173745311796665,0.7870237752795219,0.5215762131141893,0.445388938441421,0.28880352143085364,0.03875333144131935,0.5215762131141893,0.6442429486549262,0.611190915107727,0.5038675665855408,0.2874912917613983,0.5509675741195679,0.5331954956054688,0.32230859994888306,0.46621501445770264,1.4572420120239258,0.1492903083562851,0.4248892366886139,1.335437536239624,0.16629745066165924
61,0.0001,0.4997937697917223,0.8845511781792458,0.7706250927665017,0.7587107291019154,0.8598400981989771,10.163187742233276,0.33413428626954556,0.31040510907769203,0.24026896990835667,0.05737752025015652,0.33413428626954556,0.783137608319521,0.5603901039470326,0.44190103176868323,0.24900229410691696,0.0373529964549975,0.5603901039470326,0.6240451046914766,0.617838978767395,0.5074775218963623,0.29096880555152893,0.5553006529808044,0.5353575944900513,0.32539889216423035,0.4667713940143585,1.4620094299316406,0.15085461735725403,0.42205601930618286,1.3465726375579834,0.1671358197927475
62,0.0001,0.4903999175876379,0.8905670536185316,0.8300788258061265,0.7291040705081002,0.8404525158820201,10.579262018203735,0.33236704394221306,0.303576803766191,0.2376792337745428,0.057577981147915125,0.33236704394221306,0.7861734367907047,0.5932073520891594,0.4581304264791084,0.2604213831099597,0.03246870247477835,0.5932073520891594,0.6050849511767878,0.6229081153869629,0.5098579525947571,0.293861985206604,0.5594261288642883,0.5375527143478394,0.3291134834289551,0.4672974944114685,1.4649567604064941,0.15301327407360077,0.4204684793949127,1.3423702716827393,0.16808965802192688
63,0.0001,0.4988359548151493,0.884540479375244,0.774092536984068,0.7487521442988856,0.8538630133464566,10.724794864654541,0.3300895057618618,0.3104248996824026,0.23813545424491167,0.05597538314759731,0.3300895057618618,0.7873190902173519,0.5007324002005837,0.4619799093766646,0.2893731991449992,0.03945622011793382,0.5007324002005837,0.657353443629814,0.6291465163230896,0.510083019733429,0.2965961992740631,0.564204752445221,0.5383173823356628,0.33258679509162903,0.4674636721611023,1.4742413759231567,0.1541624218225479,0.4195002317428589,1.3414463996887207,0.1685187667608261
64,0.0001,0.5240201037377119,0.8688042212794403,0.9696172800931063,0.6945684216055545,0.8184427076839665,10.772967338562012,0.33347904682159424,0.3338834308087826,0.23566737212240696,0.05644773249514401,0.33347904682159424,0.785090759396553,0.7053979526866566,0.5986156499747074,0.21821119297634473,0.03640015857915083,0.7053979526866566,0.5690262317657471,0.6349145770072937,0.5110224485397339,0.299468457698822,0.5659231543540955,0.5426222085952759,0.3350553810596466,0.46930527687072754,1.4875173568725586,0.15656812489032745,0.4233122766017914,1.366176724433899,0.16929595172405243
65,0.0001,0.5068698022514582,0.8776665810298606,0.7358078161875407,0.7621066053704313,0.8625049032948477,10.9389808177948,0.3349850866943598,0.3202498909085989,0.24093010276556015,0.05701881228014827,0.3349850866943598,0.7818628512322903,0.49331291877862177,0.4385816418763363,0.29766225814819336,0.041757664332787194,0.49331291877862177,0.6713757731697776,0.6417965888977051,0.5130701065063477,0.30172908306121826,0.5709161758422852,0.5484456419944763,0.33819320797920227,0.47129762172698975,1.5051065683364868,0.15894508361816406,0.4251577854156494,1.3738939762115479,0.17162075638771057
66,0.0001,0.4754309505224228,0.8957564673275579,0.8016515464493723,0.7533098782571619,0.856177788570629,9.976725816726685,0.3215870391577482,0.2983794426545501,0.23381555266678333,0.05720730684697628,0.3215870391577482,0.79682781919837,0.6621747811635336,0.44219744566715125,0.22953097386793656,0.03565431324144205,0.6621747811635336,0.5846532944476965,0.6462185978889465,0.5153402090072632,0.3045531213283539,0.5737460255622864,0.550969660282135,0.34109771251678467,0.47379225492477417,1.5170636177062988,0.16149106621742249,0.42748701572418213,1.372206449508667,0.173052117228508
67,0.0001,0.4696969371289015,0.8982758909811891,0.7506130464149244,0.771493185447394,0.868090389283869,10.262580394744873,0.3209214396774769,0.29736602678894997,0.22780840005725622,0.05816328129731119,0.3209214396774769,0.7959480956196785,0.5486361077337554,0.44341899409438623,0.24611470916054465,0.0393617313468095,0.5486361077337554,0.6378632386525472,0.6502803564071655,0.5184000134468079,0.30728384852409363,0.5783135890960693,0.553888201713562,0.34470149874687195,0.4755654036998749,1.5182949304580688,0.16290807723999023,0.4253256618976593,1.3727370500564575,0.175017848610878
68,0.0001,0.4760928675532341,0.8928548730045991,0.8113288951642585,0.7432846367853732,0.8489644539452398,10.26152229309082,0.32771018519997597,0.2981354221701622,0.23284954018890858,0.05863977945409715,0.32771018519997597,0.7874552607536316,0.5958172769257517,0.4762255892609105,0.26055292017532117,0.03458331649502119,0.5958172769257517,0.6131444808208582,0.6576868891716003,0.5196908712387085,0.310675710439682,0.5835979580879211,0.556204080581665,0.3483595550060272,0.4754070043563843,1.5365180969238281,0.1640242040157318,0.4243896007537842,1.3813114166259766,0.17670606076717377
69,0.0001,0.4872349314391613,0.8859471384800974,0.7269732157389323,0.7667131492266768,0.865519116479584,10.165026187896729,0.32553508691489697,0.3082809392362833,0.22937707975506783,0.05987638561055064,0.32553508691489697,0.7894113175570965,0.46682039174166595,0.45018015666441485,0.2706974401618495,0.04286385056647388,0.46682039174166595,0.6881691253546512,0.6644940376281738,0.5225405097007751,0.3136232793331146,0.5874549150466919,0.5589614510536194,0.3516542911529541,0.47601982951164246,1.5540106296539307,0.16547791659832,0.42339852452278137,1.3895916938781738,0.17858506739139557
70,0.0001,0.483667578548193,0.8840270065297166,0.7580707759568186,0.7694565353299692,0.8668913078383068,10.347658395767212,0.3232049122452736,0.3076925687491894,0.23358707036823034,0.05734957964159548,0.3232049122452736,0.7930140011012554,0.5853683840144764,0.4415033802841649,0.21274698412779605,0.038480152234886635,0.5853683840144764,0.6352766092979547,0.6696162223815918,0.5243513584136963,0.3168236017227173,0.5882341265678406,0.5623520016670227,0.35474127531051636,0.4788062274456024,1.5648484230041504,0.16683275997638702,0.42482468485832214,1.4031888246536255,0.18165606260299683
71,0.0001,0.47710052877664566,0.8889339001712373,0.6914836782397646,0.7986245968278378,0.8860615801152872,10.38309931755066,0.3184141032397747,0.30833542719483376,0.22428341675549746,0.05912916758097708,0.3184141032397747,0.792928121984005,0.5021763191078649,0.4230092872272838,0.25106179398117645,0.04105619916861707,0.5021763191078649,0.6601567629611853,0.6745160818099976,0.52475905418396,0.31974971294403076,0.5918036103248596,0.5631599426269531,0.35809245705604553,0.47988247871398926,1.5744719505310059,0.16781117022037506,0.4276776611804962,1.4215837717056274,0.18267084658145905
72,0.0001,0.4810685236006975,0.8863389809321979,0.7736930124687426,0.7520770723854688,0.8564718492742791,10.339770317077637,0.3225266821682453,0.309924878180027,0.2296741185709834,0.06077668420039117,0.3225266821682453,0.7884210869669914,0.5531491781726028,0.44734425978227094,0.2783291908827695,0.035858398698496094,0.5531491781726028,0.6387745178107059,0.678619921207428,0.5248888731002808,0.32211148738861084,0.5942870378494263,0.5634345412254333,0.3604795038700104,0.4806006848812103,1.587938904762268,0.1700924187898636,0.4263201951980591,1.4314526319503784,0.18468697369098663
73,0.0001,0.4588599856942892,0.896613733405032,0.7703739693670562,0.7646438855624392,0.8628796831319671,9.751152038574219,0.3132057189941406,0.2966251913458109,0.22091362345963717,0.06059279153123498,0.3132057189941406,0.7998955957591534,0.6217832493059563,0.4446045124169552,0.23013792706258368,0.03507599821596435,0.6217832493059563,0.6035481844887589,0.6844127774238586,0.5264810919761658,0.32516804337501526,0.5987703204154968,0.5670018792152405,0.3639272451400757,0.48413971066474915,1.5921602249145508,0.1723223477602005,0.42461898922920227,1.4402110576629639,0.18591536581516266
74,0.0001,0.44917669519782066,0.9010542618912998,0.7710214564294526,0.7422232593643238,0.8481112382815618,10.101352453231812,0.31273111514747143,0.2898801025003195,0.22447241004556417,0.05928064393810928,0.31273111514747143,0.8011678755283356,0.4636363116177646,0.4773028926415877,0.27288368253996875,0.04122480315466722,0.4636363116177646,0.6849024322899905,0.6901031732559204,0.5295097827911377,0.3279612064361572,0.6016120910644531,0.5698546171188354,0.3674779236316681,0.48486432433128357,1.6025080680847168,0.173474982380867,0.420087605714798,1.4377995729446411,0.1855515092611313
75,0.0001,0.46375519782304764,0.8946639361262455,0.6999155246850216,0.7790124360807495,0.873973339235531,9.621764183044434,0.3179838303476572,0.3027547709643841,0.2225135499611497,0.058036151342093945,0.3179838303476572,0.792984027415514,0.5041853008848248,0.408185317660823,0.23691405626860532,0.041900277476419105,0.5041853008848248,0.6566422373959513,0.6953047513961792,0.531071662902832,0.3310311734676361,0.6032547354698181,0.5732908248901367,0.37045052647590637,0.4857838451862335,1.6045492887496948,0.17456403374671936,0.41974005103111267,1.44225013256073,0.1870698481798172
76,0.0001,0.4603899158537388,0.8934945610732632,0.7069349758552782,0.7863718439833354,0.8774815604435853,10.04268479347229,0.3190049733966589,0.2991705536842346,0.21915817633271217,0.05938649759627879,0.3190049733966589,0.7923576794564724,0.5333023035165035,0.42334442427664093,0.24399970246083807,0.04225818129877249,0.5333023035165035,0.6435368268778829,0.6993248462677002,0.5329541563987732,0.3334043622016907,0.6071054339408875,0.5755921602249146,0.37251126766204834,0.48694634437561035,1.6149623394012451,0.1766100525856018,0.41748011112213135,1.4506930112838745,0.18846313655376434
77,0.0001,0.44202817790210247,0.9028899964738943,0.7055981809442694,0.7811145171518824,0.874389587702031,10.276888608932495,0.30580574832856655,0.28937490098178387,0.21734683867543936,0.061397974379360676,0.30580574832856655,0.8033962436020374,0.4939670923984412,0.4269960504589659,0.24536351137089008,0.04205051786971815,0.4939670923984412,0.6665892086245797,0.7041539549827576,0.5345866084098816,0.336284339427948,0.6099221706390381,0.5789936184883118,0.37545955181121826,0.48631227016448975,1.626967191696167,0.1779070496559143,0.4155835211277008,1.4518415927886963,0.1903686225414276
78,0.0001,0.45608131773769855,0.8956089090573899,0.6266683303948605,0.8076894869871857,0.8924835442916498,10.370968341827393,0.30942265316843987,0.30227839946746826,0.21444504708051682,0.060123200761154294,0.30942265316843987,0.7996480278670788,0.41310567928083014,0.38803154410737933,0.2589933158773364,0.046203173979213745,0.41310567928083014,0.7313295810511617,0.7078937292098999,0.5361663103103638,0.339010626077652,0.6110091209411621,0.5819725394248962,0.3782101571559906,0.48695051670074463,1.6262563467025757,0.17923368513584137,0.4153800904750824,1.4558870792388916,0.19117076694965363
79,0.0001,0.4544379264116287,0.893538382199267,0.7416275631297718,0.7731121938179111,0.8700043749398285,9.693885803222656,0.30741568841040134,0.3013687636703253,0.2171333869919181,0.058730860240757465,0.30741568841040134,0.8006963394582272,0.6568957531090939,0.4005750562205459,0.22135579044168646,0.03646469296831073,0.6568957531090939,0.6125002801418304,0.7106360197067261,0.5367671847343445,0.3415187895298004,0.6143103241920471,0.582423746585846,0.3814774751663208,0.48836901783943176,1.6240953207015991,0.18162813782691956,0.42124807834625244,1.4332172870635986,0.19313494861125946
80,0.0001,0.4597108457237482,0.8910357325191046,0.6733383229284575,0.7927199920698954,0.8833436147115838,9.691545248031616,0.3094100784510374,0.30376587994396687,0.2161001143977046,0.05715718539431691,0.3094100784510374,0.8021158166229725,0.48172461264061206,0.41190667405272974,0.2511443884083719,0.04137666907274362,0.48172461264061206,0.6770358726833806,0.7151873707771301,0.5379526615142822,0.34449127316474915,0.6162700653076172,0.5860982537269592,0.3850903809070587,0.49335572123527527,1.6304705142974854,0.18358582258224487,0.4235801100730896,1.426607608795166,0.19502197206020355
81,0.0001,0.4500046595931053,0.8957346388840417,0.7690670707009055,0.7589912655234041,0.8596242602356194,10.352235078811646,0.30821243580430746,0.29979384783655405,0.2155166007578373,0.057110366178676486,0.30821243580430746,0.7986996881663799,0.5870291103016246,0.45633913712068036,0.2322281508734732,0.04284636066718535,0.5870291103016246,0.6181944319696138,0.7199379205703735,0.5383016467094421,0.34713250398635864,0.6192024946212769,0.589187741279602,0.3882415294647217,0.4964744448661804,1.6377869844436646,0.18555286526679993,0.42428597807884216,1.4387493133544922,0.1971070021390915
82,0.0001,0.45619552582502365,0.8890487670710504,0.7022682067119714,0.7936102125503446,0.8837074014881113,10.485425233840942,0.30845848470926285,0.30325296241790056,0.21489321626722813,0.0582029172219336,0.30845848470926285,0.795200165361166,0.4932126998901367,0.458505038059119,0.2106097394769842,0.04623416032303463,0.4932126998901367,0.6830559616739099,0.725063145160675,0.5401507019996643,0.34990912675857544,0.6221224665641785,0.5904601216316223,0.39184436202049255,0.5001201629638672,1.651075005531311,0.18723082542419434,0.43180182576179504,1.4366257190704346,0.1993110179901123
83,0.0001,0.44386821426451206,0.8966364199558354,0.6276746916048455,0.8097772773397619,0.8937238911592454,10.93399453163147,0.30451548658311367,0.29869590513408184,0.21128753945231438,0.059242996387183666,0.30451548658311367,0.8009420894086361,0.3682722250620524,0.4207400751836372,0.24752631151314938,0.05021254091777585,0.3682722250620524,0.7676631699908864,0.7299915552139282,0.5420745015144348,0.3529943525791168,0.624867856502533,0.5921873450279236,0.39515021443367004,0.5006524324417114,1.6552248001098633,0.1892513632774353,0.4332347512245178,1.4294794797897339,0.20110508799552917
84,0.0001,0.44386887922883034,0.8958834020829791,0.6858967253656099,0.7848826799751776,0.8771673097658662,10.389613628387451,0.3095765858888626,0.2978806085884571,0.21053290367126465,0.06026660720817745,0.3095765858888626,0.8002182394266129,0.4669730049191099,0.43342694911089813,0.23710563959497394,0.04795052156303868,0.4669730049191099,0.6842445035775503,0.7348191738128662,0.5434021949768066,0.354952335357666,0.6276114583015442,0.5984496474266052,0.39767205715179443,0.5006959438323975,1.651535987854004,0.19098220765590668,0.4341990351676941,1.4343187808990479,0.20240981876850128
85,0.0001,0.43628430366516113,0.9008023683898635,0.6728902007594253,0.7906260448429138,0.8805056143215662,10.028096675872803,0.30673178005963564,0.2924118498340249,0.2108989879488945,0.058663438307121396,0.30673178005963564,0.7999899163842201,0.43039139292456885,0.4381684353857329,0.24905829357378412,0.04468447816642848,0.43039139292456885,0.708849748878768,0.739494800567627,0.5446873903274536,0.3578035831451416,0.6290545463562012,0.6008303761482239,0.4001477360725403,0.5005072355270386,1.6568726301193237,0.1926320344209671,0.43819478154182434,1.44466233253479,0.2038370966911316
86,0.0001,0.4451848305761814,0.8954156809269062,0.7601804588780259,0.7391414522877073,0.8483345285635139,9.881870985031128,0.3080305717885494,0.2994984593242407,0.20753722731024027,0.059736415976658463,0.3080305717885494,0.7978149130940437,0.5569942033652103,0.420008224068266,0.24810510873794556,0.03740000510306069,0.5569942033652103,0.6359011377349044,0.7424585223197937,0.544163167476654,0.36038070917129517,0.6321248412132263,0.6020684242248535,0.40225642919540405,0.5011211037635803,1.667389154434204,0.1931569129228592,0.4367213845252991,1.4545472860336304,0.2048671841621399
87,0.0001,0.42584618367254734,0.9033916199171761,0.7071220802538323,0.7791886150060893,0.8734548317355949,9.918574094772339,0.29846798814833164,0.2869544420391321,0.20774910412728786,0.06024660216644406,0.29846798814833164,0.8029581904411316,0.5209516702276288,0.41616301103071734,0.2422699359330264,0.040274120246370636,0.5209516702276288,0.6506752425974066,0.7462396025657654,0.5466257333755493,0.3626452088356018,0.6338472962379456,0.602367639541626,0.4050174355506897,0.502190887928009,1.6793841123580933,0.19438160955905914,0.4331272542476654,1.4652464389801025,0.20628772675991058
88,0.0001,0.4202401265501976,0.9066794292888168,0.6550586042982159,0.8037542127458503,0.8882918010133659,10.300023078918457,0.2998022809624672,0.2823731591925025,0.21156776417046785,0.060859174467623234,0.2998022809624672,0.8050216361880302,0.4652918143705888,0.40422872160420276,0.23864949742952982,0.04304709737048005,0.4652918143705888,0.6881537220694802,0.7499322295188904,0.5475175976753235,0.3648562729358673,0.6365260481834412,0.6061031818389893,0.4080069959163666,0.5045635104179382,1.6819015741348267,0.19582974910736084,0.4296638071537018,1.4757757186889648,0.20708099007606506
89,0.0001,0.4255365487188101,0.9016809035682274,0.6146603497591886,0.8149618988553364,0.8961578426698145,9.782367467880249,0.29798291623592377,0.29160945769399405,0.2030281461775303,0.062194885686039925,0.29798291623592377,0.8061004020273685,0.36377052104834356,0.4159768386320634,0.23473844022461862,0.050643056969751014,0.36377052104834356,0.7701462453061884,0.7539499402046204,0.5477187037467957,0.3675023913383484,0.6402549147605896,0.6065869331359863,0.41117656230926514,0.505874752998352,1.6864087581634521,0.1979927122592926,0.4295346736907959,1.4759321212768555,0.20788270235061646
90,0.0001,0.42619752138853073,0.9020077457245298,0.6105924266757388,0.8088005961574842,0.8924283368552185,10.6093430519104,0.30007797479629517,0.28734277468174696,0.20974194537848234,0.058616723865270615,0.30007797479629517,0.8035721778869629,0.3845927570805405,0.40752943898692273,0.24569921963142627,0.04663964146465966,0.3845927570805405,0.7548356652259827,0.7565876841545105,0.5475713610649109,0.36965224146842957,0.6433781981468201,0.6079263091087341,0.4141007661819458,0.5071635246276855,1.691583275794983,0.19932706654071808,0.428084135055542,1.4741765260696411,0.20909830927848816
91,0.0001,0.4130092393606901,0.9101525451008172,0.576803926265601,0.8271724357830555,0.9039967593336329,9.433369636535645,0.2972057480365038,0.2799702640622854,0.2065370036289096,0.058843247359618545,0.2972057480365038,0.808202400803566,0.33934825839418353,0.40244953018246277,0.22582769213300763,0.05538404078194589,0.33934825839418353,0.7910076488148082,0.7613784074783325,0.548170804977417,0.37235310673713684,0.6471304893493652,0.6094545125961304,0.41749370098114014,0.5093032121658325,1.697805404663086,0.20099319517612457,0.4238269627094269,1.4789729118347168,0.20899765193462372
92,0.0001,0.43284835293889046,0.8980644133694735,0.5890988906224569,0.8200165096263611,0.8995313886244275,10.174789190292358,0.30485452245920897,0.2917347941547632,0.20754712726920843,0.05980880185961723,0.30485452245920897,0.797986775636673,0.36952239455598773,0.3961032737385143,0.24283626946535977,0.051662500044613174,0.36952239455598773,0.7651011438080759,0.765281617641449,0.5470878481864929,0.37494173645973206,0.6503020524978638,0.6101477146148682,0.42066967487335205,0.5112627148628235,1.6945675611495972,0.20212775468826294,0.421095609664917,1.479433298110962,0.20972071588039398
93,0.0001,0.41612840071320534,0.9042866577350632,0.6933931943142053,0.7687962178347005,0.8671837973501395,10.195955753326416,0.2933126613497734,0.28504819236695766,0.20441914815455675,0.06151034845970571,0.2933126613497734,0.8093807622790337,0.4881129878940004,0.4059829531293927,0.22912630529114694,0.04440281297447103,0.4881129878940004,0.6795814768834547,0.7680001258850098,0.5481550693511963,0.3775065541267395,0.6507633328437805,0.6122641563415527,0.42409539222717285,0.510036051273346,1.7019052505493164,0.2032552808523178,0.42124029994010925,1.4820556640625,0.2110099494457245
94,0.0001,0.42693223245441914,0.8995269136933869,0.5742698510487875,0.834430119243609,0.9085412274197389,10.16531753540039,0.3037464004009962,0.2927774228155613,0.20500633865594864,0.061413029208779335,0.3037464004009962,0.7988441549241543,0.35721334544095124,0.38335923715071246,0.21889490701935507,0.055626549391132415,0.35721334544095124,0.7758793180639093,0.7709231376647949,0.5486173629760742,0.37999168038368225,0.6525099873542786,0.6146061420440674,0.42710086703300476,0.5143923163414001,1.7167730331420898,0.20540659129619598,0.4201972782611847,1.4890902042388916,0.21231849491596222
95,0.0001,0.4076182581484318,0.9082298600695081,0.6194923176909938,0.8087306911416668,0.8926893917153835,10.019093751907349,0.28939054906368256,0.283561522141099,0.1985555524006486,0.06345630367286503,0.28939054906368256,0.8111072108149529,0.4245001836256547,0.39753673293373804,0.25619997851776355,0.05305732594746532,0.4245001836256547,0.7137962507479119,0.7745134234428406,0.5495845675468445,0.3824974298477173,0.6541222333908081,0.6163665056228638,0.4302668571472168,0.5171539783477783,1.7247569561004639,0.2070339322090149,0.41747546195983887,1.4999046325683594,0.21480707824230194
96,0.0001,0.41434556618332863,0.9036382695748667,0.6128736192529852,0.8075636861154806,0.8922313973830803,10.161428213119507,0.29445673525333405,0.2889780756086111,0.1991578061133623,0.06241070060059428,0.29445673525333405,0.8085781373083591,0.45511614192615857,0.37344132047711,0.23332892945318512,0.048384100763183654,0.45511614192615857,0.697557172088912,0.7781091332435608,0.5508255362510681,0.3851141631603241,0.6557294726371765,0.619034469127655,0.4331197440624237,0.5179009437561035,1.7296996116638184,0.2087523639202118,0.4157330393791199,1.5068836212158203,0.21618971228599548
97,0.0001,0.4210442416369915,0.9002969348183357,0.6214523423801769,0.8137620877871358,0.896238104927482,11.05796504020691,0.29934917762875557,0.2879470270127058,0.20242673251777887,0.06311090080998838,0.29934917762875557,0.8023208640515804,0.4461543451655995,0.39223188161849976,0.22908104369134613,0.04677206475400564,0.4461543451655995,0.7034017669432091,0.7826249003410339,0.5529801845550537,0.3872756361961365,0.6575441956520081,0.6204254627227783,0.43551841378211975,0.5179953575134277,1.7369543313980103,0.21016161143779755,0.41645345091819763,1.5118248462677002,0.21673846244812012
98,0.0001,0.40716288425028324,0.9062925352117295,0.69729216893514,0.781844751759819,0.8758556427921783,9.73198938369751,0.2932427376508713,0.28156024031341076,0.20085471216589212,0.0638758426066488,0.2932427376508713,0.8082005716860294,0.46974744580008765,0.46324617754329334,0.20779046867832993,0.04730974973151178,0.46974744580008765,0.6967047407771602,0.7863541841506958,0.5542957782745361,0.3899563252925873,0.6597322225570679,0.622000515460968,0.437701553106308,0.5192949771881104,1.7449126243591309,0.2117788940668106,0.4158332347869873,1.5202629566192627,0.21805089712142944
99,0.0001,0.4131800662726164,0.9036198113464661,0.666465264378172,0.7980154304949181,0.8858880089964921,10.364200115203857,0.29215953685343266,0.2901095449924469,0.19769336003810167,0.06310442462563515,0.29215953685343266,0.81092843785882,0.5349029194224965,0.4060539386489175,0.21455748017990228,0.050720861915386085,0.5349029194224965,0.6610943882754354,0.7893322110176086,0.5563465356826782,0.3922761082649231,0.6606307625770569,0.6251490116119385,0.4400067925453186,0.5213266611099243,1.7629870176315308,0.21320928633213043,0.4154554307460785,1.5301179885864258,0.2191203534603119
100,0.0001,0.4381167106330395,0.8900125022444849,0.6668436960740523,0.7981115345762241,0.8862117787289838,10.02816653251648,0.2977258302271366,0.3041264545172453,0.20325309596955776,0.06496849632821977,0.2977258302271366,0.8038407675921917,0.5092114751989191,0.4168801632794467,0.23291433760614105,0.051476020817503784,0.5092114751989191,0.6606169749389995,0.7929375767707825,0.5562458038330078,0.39484813809394836,0.6617676019668579,0.6275343894958496,0.4424283802509308,0.5262970328330994,1.7786695957183838,0.2146671712398529,0.41899657249450684,1.5479856729507446,0.22092564404010773
101,0.0001,0.4195626061409712,0.8993381092968784,0.5849857619314482,0.8217974896969639,0.9007230889210351,9.955470323562622,0.29417362436652184,0.2935192231088877,0.20093450788408518,0.06572818593122065,0.29417362436652184,0.8079686276614666,0.41958565242362744,0.37223749269138684,0.2251201362320871,0.055409918228785195,0.41958565242362744,0.7239324450492859,0.7957956194877625,0.5575312376022339,0.3975221514701843,0.6646195650100708,0.6309996843338013,0.44626930356025696,0.5258212089538574,1.78960120677948,0.2167610377073288,0.4208649694919586,1.5692511796951294,0.22262494266033173
102,0.0001,0.4175677541643381,0.9008376518074048,0.6652100664196592,0.7879970268623016,0.878729747214566,10.101813077926636,0.2986282780766487,0.28910172637552023,0.20471818465739489,0.06700854701921344,0.2986282780766487,0.8075894117355347,0.4131616606856837,0.4530664953318509,0.23682751800074722,0.057123364034024154,0.4131616606856837,0.7222415127537467,0.8006269335746765,0.558519184589386,0.3999022841453552,0.6677381992340088,0.6330641508102417,0.44919875264167786,0.5277008414268494,1.7908225059509277,0.21839255094528198,0.4205378293991089,1.5739203691482544,0.2236221879720688
103,0.0001,0.4080829545855522,0.9053558871183816,0.620539249795856,0.8060507111128836,0.8916793986962979,10.11406683921814,0.29308142233639956,0.28476065304130316,0.20461228396743536,0.06531187822110951,0.29308142233639956,0.8116266801953316,0.4444906241966016,0.3880701209559585,0.2568523585796356,0.052555519635930206,0.4444906241966016,0.7038080683260253,0.8031848073005676,0.5610978007316589,0.4025785028934479,0.6693910360336304,0.6364184617996216,0.45200568437576294,0.5282432436943054,1.7875839471817017,0.22017468512058258,0.42324602603912354,1.6106728315353394,0.2251238077878952
104,0.0001,0.38621754571795464,0.9136554041070286,0.6111214449911406,0.8162639868081061,0.8971737660942224,10.367002487182617,0.2851844094693661,0.26976672653108835,0.19809266924858093,0.06582136428914964,0.2851844094693661,0.816799808293581,0.4426991180940108,0.3873421098246719,0.24374879761175675,0.05234744343342203,0.4426991180940108,0.7037069327903517,0.8067498207092285,0.5636530518531799,0.4050962030887604,0.669823169708252,0.6392192840576172,0.4547852575778961,0.5287611484527588,1.7864373922348022,0.2215496003627777,0.4229370355606079,1.6198769807815552,0.22634364664554596
105,0.0001,0.40200655721127987,0.9096181803238833,0.5994232098261515,0.8219787495962817,0.9003896500554994,9.90397024154663,0.29380888864398,0.2811862202361226,0.1971777444705367,0.06452457047998905,0.29380888864398,0.8081230856478214,0.42529913873383496,0.39904253952430957,0.22962996634570035,0.05248860281073686,0.42529913873383496,0.720223069190979,0.808735191822052,0.5647750496864319,0.4072699248790741,0.6725194454193115,0.6387117505073547,0.45757898688316345,0.5293532013893127,1.7905837297439575,0.22280636429786682,0.42091232538223267,1.6203961372375488,0.22788070142269135
106,0.0001,0.39692836068570614,0.908359916742859,0.5900830283309474,0.8158222749956147,0.8966934161823528,10.329695224761963,0.2894813781604171,0.2780853137373924,0.19873570278286934,0.06247282330878079,0.2894813781604171,0.8128746040165424,0.3930064512021614,0.3836146556969845,0.23873008742476953,0.05022955719720234,0.3930064512021614,0.7398335229266774,0.8112950325012207,0.5666055679321289,0.4095529615879059,0.6739068627357483,0.6403231620788574,0.4601826071739197,0.5303376317024231,1.7966692447662354,0.22412724792957306,0.4182419180870056,1.6175607442855835,0.22861269116401672
107,0.0001,0.3940860200673342,0.9102797063466808,0.6648467201175112,0.784405632837524,0.8772003241862788,10.023913145065308,0.2907264605164528,0.27783979661762714,0.19709541462361813,0.06301074055954814,0.2907264605164528,0.8089238740503788,0.47505649111487647,0.42400407429897424,0.23148869881124207,0.046608989888971504,0.47505649111487647,0.6815372190692208,0.8153729438781738,0.5663499236106873,0.41224825382232666,0.6747892498970032,0.6418499946594238,0.4631495773792267,0.531165361404419,1.798079013824463,0.2254892736673355,0.40948811173439026,1.615868330001831,0.2296915352344513
108,0.0001,0.3995554056018591,0.9063099112377277,0.6291232831550367,0.7976539393963213,0.8857145244320088,10.09464955329895,0.2896510027348995,0.2831121440976858,0.1974282395094633,0.06436863332055509,0.2896510027348995,0.8132584393024445,0.43529263409701263,0.3992951313654582,0.2335657946991198,0.05014185686454629,0.43529263409701263,0.7098114011865674,0.8178030252456665,0.5676097869873047,0.4138006567955017,0.6770390868186951,0.6444640755653381,0.4650563895702362,0.5338043570518494,1.8018755912780762,0.226220965385437,0.4089842438697815,1.6201891899108887,0.23009070754051208
109,0.0001,0.39669137448072433,0.9081734807073003,0.5954017603036129,0.8196550370755121,0.898356821092545,10.180065393447876,0.2851678114384413,0.2815219722688198,0.1936160745099187,0.06346335494890809,0.2851678114384413,0.8110143281519413,0.41752022685426654,0.396194855372111,0.22086376403317307,0.051592276403398224,0.41752022685426654,0.7310855117711154,0.8197173476219177,0.5690609216690063,0.41595229506492615,0.6795978546142578,0.6466220021247864,0.4677664339542389,0.5360851287841797,1.8056689500808716,0.22766932845115662,0.4071199893951416,1.6237596273422241,0.2303820103406906
110,0.0001,0.3741716369986534,0.9183504351235192,0.5773052627390082,0.8312679667502555,0.9065561632860701,10.142580032348633,0.28035529889166355,0.26514939591288567,0.19392027705907822,0.06499750702641904,0.28035529889166355,0.8209975622594357,0.3927121487530795,0.3990892695658135,0.21507648220567993,0.05251442403955893,0.3927121487530795,0.7447486393379442,0.8229396939277649,0.569923460483551,0.41878822445869446,0.6799224615097046,0.6486644744873047,0.4708785116672516,0.5372011661529541,1.812261939048767,0.22872917354106903,0.4060616195201874,1.6239112615585327,0.23164428770542145
111,0.0001,0.3791910149157047,0.9151915950996838,0.5766776113799124,0.8346131110880267,0.9084820593416446,10.040205955505371,0.2788977101445198,0.269727430306375,0.19044195301830769,0.06377808819524944,0.2788977101445198,0.8185437805950642,0.4528145898472179,0.3726421973922036,0.22425489443721194,0.04976358501748605,0.4528145898472179,0.701240332740726,0.8239907622337341,0.572598934173584,0.4213058054447174,0.6806009411811829,0.6507114171981812,0.4739993214607239,0.5380493402481079,1.8194447755813599,0.22986237704753876,0.4020397663116455,1.6304312944412231,0.23215828835964203
112,0.0001,0.37915690429508686,0.9149163227074499,0.6030965754480073,0.8209995477050545,0.8994660205394381,10.263325691223145,0.2843137998133898,0.26853360049426556,0.20051326882094145,0.06193210859782994,0.2843137998133898,0.8186302557587624,0.37405672217860364,0.43614764647050336,0.20000170667966208,0.05039649738958388,0.37405672217860364,0.7576469688704519,0.8260027766227722,0.573150098323822,0.42352294921875,0.6823920011520386,0.6515494585037231,0.47599083185195923,0.5391497015953064,1.8204201459884644,0.23128359019756317,0.3975484371185303,1.6220457553863525,0.23256216943264008
113,0.0001,0.3957336116582155,0.9068031209762177,0.6849324919960715,0.7882172238151224,0.8797651720314105,9.790942192077637,0.2886106036603451,0.2815731270238757,0.1939416453242302,0.061837258748710155,0.2886106036603451,0.8100222758948803,0.5726467407110966,0.4128692854534496,0.2110862352631309,0.04731751809065992,0.5726467407110966,0.6625471882747881,0.8288363218307495,0.5739337205886841,0.4259953498840332,0.6853545308113098,0.6546770334243774,0.4788963794708252,0.5387758016586304,1.819272756576538,0.23291215300559998,0.3999151885509491,1.5993196964263916,0.23296736180782318
114,0.0001,0.39302607253193855,0.907556524115875,0.6025268272920088,0.8173484587042449,0.8980396567553094,9.92848801612854,0.2893003784120083,0.2793824439868331,0.19498684257268906,0.0606150368694216,0.2893003784120083,0.8092354014515877,0.3600951342871695,0.4298349203485431,0.22088424364725748,0.05227277224714106,0.3600951342871695,0.7679764556162285,0.8336516618728638,0.5736097097396851,0.4281174838542938,0.6868837475776672,0.6588396430015564,0.481741726398468,0.5408431887626648,1.830195665359497,0.23480458557605743,0.40096965432167053,1.6074668169021606,0.23468488454818726
115,0.0001,0.37285035848617554,0.9157067490561479,0.6102946454828436,0.8099048498807143,0.8937827941102895,10.025039672851562,0.2709790412336588,0.27374710887670517,0.18976835254579782,0.06175659690052271,0.2709790412336588,0.8284661285579205,0.4258975260185473,0.40175259293931903,0.22346441583199936,0.05272365564649755,0.4258975260185473,0.7166664708744396,0.8346742987632751,0.5740197896957397,0.43042752146720886,0.6869438290596008,0.6625275015830994,0.4843085706233978,0.5474486947059631,1.837921380996704,0.23659120500087738,0.40348881483078003,1.619788646697998,0.23610642552375793
116,0.0001,0.3825437780469656,0.9106763166949152,0.5975046808069403,0.8143700071977686,0.896590741166502,9.65940260887146,0.28446768037974834,0.275193203240633,0.1932483585551381,0.0615042585413903,0.28446768037974834,0.81383116543293,0.3808048764864604,0.4102282975659226,0.22336135172482693,0.05199077443191499,0.3808048764864604,0.7538776180960916,0.8387352824211121,0.5750832557678223,0.4328542947769165,0.6888935565948486,0.6633445620536804,0.4857470393180847,0.5493810772895813,1.8466137647628784,0.23799297213554382,0.40296342968940735,1.6236799955368042,0.23701508343219757
117,0.0001,0.3792114667594433,0.9142292063359551,0.5796465801470208,0.8226754162314897,0.9012171341111909,10.41982889175415,0.28033197205513716,0.2776203816756606,0.19027272891253233,0.06231240648776293,0.28033197205513716,0.8227510526776314,0.3453380790623752,0.41357162143244885,0.2235506601405866,0.055448574324448906,0.3453380790623752,0.7785855802622709,0.8409070372581482,0.5740905404090881,0.434501975774765,0.690689206123352,0.6631816625595093,0.48824381828308105,0.549705445766449,1.8488863706588745,0.23913335800170898,0.39968767762184143,1.629475474357605,0.237485870718956
118,0.0001,0.3773697968572378,0.9144701578708454,0.6170539711460923,0.811321830200893,0.8944638811632676,9.94845700263977,0.28532465547323227,0.2676518764346838,0.19580979645252228,0.06319361017085612,0.28532465547323227,0.8147487640380859,0.4128199436447837,0.418461824908401,0.22609986319686426,0.05148926298275138,0.4128199436447837,0.7248057154091921,0.8437352180480957,0.5745819211006165,0.4371832013130188,0.6929596662521362,0.6646697521209717,0.49119970202445984,0.5525574088096619,1.8507989645004272,0.2404630184173584,0.3981463313102722,1.63251793384552,0.23857995867729187
119,0.0001,0.3642480708658695,0.9199531234753158,0.5851189439946954,0.8138655125210918,0.8956475855224484,10.219204664230347,0.27388776931911707,0.26462662126868963,0.18930866662412882,0.06240725121460855,0.27388776931911707,0.8269402422010899,0.367983417077498,0.4011209426504193,0.2285936095497825,0.0523483045399189,0.367983417077498,0.7644310250426783,0.8451084494590759,0.5753044486045837,0.43962362408638,0.695499837398529,0.6651525497436523,0.49414142966270447,0.5544173717498779,1.8530415296554565,0.24136796593666077,0.3946835398674011,1.6307188272476196,0.23911383748054504
120,0.0001,0.36785584688186646,0.9174131959910172,0.6181691054141882,0.8095775126676761,0.8926219633531851,9.671987533569336,0.2804940203204751,0.2644152920693159,0.1906323079019785,0.06223654537461698,0.2804940203204751,0.8161349073052406,0.42583663897080853,0.4152535272367073,0.2170719811410615,0.05297582732005553,0.42583663897080853,0.718927676930572,0.8469120264053345,0.5765486359596252,0.44184786081314087,0.6960684061050415,0.6673015356063843,0.4965924024581909,0.5572837591171265,1.8539665937423706,0.2425863891839981,0.39315474033355713,1.631210446357727,0.2394973635673523
121,0.0001,0.3682834915816784,0.9177719094299738,0.5858016411463419,0.8247990818348023,0.9017434000199372,10.216297626495361,0.27815986424684525,0.26672237925231457,0.1885576592758298,0.06279901810921729,0.27815986424684525,0.8175829276442528,0.399633400367968,0.40345345663301874,0.23128185669581094,0.05360621157469171,0.399633400367968,0.7346828146414324,0.8490276336669922,0.5771231055259705,0.44414350390434265,0.6972920298576355,0.6680895686149597,0.4995565712451935,0.5583875179290771,1.8561536073684692,0.2436913698911667,0.3912898302078247,1.6312366724014282,0.2398291379213333
122,0.0001,0.3738141134381294,0.9139101873812283,0.5753756508682714,0.8300107104053603,0.9051134573209453,10.183591365814209,0.27513342816382647,0.27440242376178503,0.1881754044443369,0.06290787784382701,0.27513342816382647,0.8240296170115471,0.37964033538644965,0.4095134229371042,0.2076807753606276,0.05379528676470121,0.37964033538644965,0.7567609097018386,0.8509553074836731,0.5785336494445801,0.4461376368999481,0.6987808346748352,0.6692252159118652,0.5018218755722046,0.559050977230072,1.863242506980896,0.24514852464199066,0.3890060484409332,1.6303119659423828,0.24045102298259735
123,0.0001,0.3600775022059679,0.9214642742632033,0.5767563184102377,0.8319565092966144,0.906269285007815,10.296423435211182,0.2696234565228224,0.2631170889362693,0.1859655799344182,0.061788539635017514,0.2696234565228224,0.8258509822189808,0.4042196201555657,0.3973234675147317,0.21078984123287778,0.05338277317809336,0.4042196201555657,0.7401048270138827,0.8533766865730286,0.579250693321228,0.44829973578453064,0.7011929154396057,0.6698512434959412,0.5040243864059448,0.5589020848274231,1.8662056922912598,0.2464500218629837,0.3872760534286499,1.6283022165298462,0.24080581963062286
124,0.0001,0.3607188016176224,0.9196112223795008,0.5962651281645803,0.8224442045220501,0.9009373139324631,10.145111083984375,0.2749439748004079,0.2641721395775676,0.18357648514211178,0.061918212566524744,0.2749439748004079,0.8213945887982845,0.41522638003031415,0.4172192830027956,0.2080670152649735,0.0528346998899272,0.41522638003031415,0.7368279713572878,0.8568544983863831,0.5801690816879272,0.451084166765213,0.7025031447410583,0.6706104874610901,0.5071673393249512,0.5605472326278687,1.8656858205795288,0.2479294091463089,0.38436439633369446,1.626306176185608,0.24120980501174927
125,0.0001,0.3591115027666092,0.9201580342253152,0.5675971146785852,0.8302057989225432,0.9060040416799396,10.137476682662964,0.27646385971456766,0.2613802086561918,0.1863905591890216,0.06339422077871859,0.27646385971456766,0.8213228061795235,0.33008046583695844,0.42400451320590393,0.2038631412115964,0.05735839463093064,0.33008046583695844,0.7899774222662954,0.8587840795516968,0.5812820792198181,0.45323073863983154,0.7033044695854187,0.6715083718299866,0.5093006491661072,0.5611340999603271,1.8661035299301147,0.24833109974861145,0.38213735818862915,1.6299107074737549,0.2415691614151001
126,0.0001,0.3490166459232569,0.9235782805011526,0.5511004997022224,0.8394055260201461,0.9115718545416599,10.08756399154663,0.2622075639665127,0.26037733536213636,0.18146976362913847,0.0626154001802206,0.2622075639665127,0.8324993960559368,0.3786184119455742,0.3872219215739857,0.2121129162383802,0.05427978345842072,0.3786184119455742,0.7541464079510082,0.8617616295814514,0.582768440246582,0.455603688955307,0.705464780330658,0.6731536388397217,0.5118235945701599,0.5624454021453857,1.8685091733932495,0.24882645905017853,0.38029977679252625,1.6294053792953491,0.24215692281723022
127,0.0001,0.3529406376183033,0.9216614274762589,0.594503944570368,0.8273794801016344,0.9040731494352676,10.086191177368164,0.26862121652811766,0.2593066357076168,0.1818342451006174,0.06243549659848213,0.26862121652811766,0.8267979584634304,0.48796910228151263,0.38539797790122754,0.20650398099061215,0.051787192397045365,0.48796910228151263,0.6858678171128938,0.8631689548492432,0.5840233564376831,0.45733776688575745,0.7066583633422852,0.6733763217926025,0.514133870601654,0.565506100654602,1.8723162412643433,0.25008687376976013,0.37895411252975464,1.6348556280136108,0.24330222606658936
128,0.0001,0.3583316635340452,0.9195459621734907,0.5780385768774784,0.8275503969026732,0.9041074322976963,10.079160690307617,0.27048630826175213,0.26638299971818924,0.18271865230053663,0.06301256455481052,0.27048630826175213,0.8267363831400871,0.33219603697458905,0.43285167397874774,0.21470480073582043,0.0585801661240332,0.33219603697458905,0.7903759190530488,0.8640896081924438,0.5855768918991089,0.4600068926811218,0.7053379416465759,0.673604428768158,0.5164433121681213,0.5663707852363586,1.877752661705017,0.2509791851043701,0.37889280915260315,1.6394399404525757,0.24385039508342743
129,0.0001,0.3630519900470972,0.914816910676368,0.5767981283592455,0.82291434602587,0.9015073240195375,9.838982820510864,0.27239812538027763,0.26834579464048147,0.1848833505064249,0.06404926511459053,0.27239812538027763,0.8238162286579609,0.34819821877913043,0.42084847977667145,0.21314450827511874,0.05837631620692484,0.34819821877913043,0.7745102047920227,0.866607129573822,0.5852342844009399,0.4622317850589752,0.7073501944541931,0.6752145290374756,0.5184696912765503,0.5676985383033752,1.8829095363616943,0.25159743428230286,0.3762969672679901,1.6377575397491455,0.24428127706050873
130,0.0001,0.3475520182400942,0.9238952715460604,0.5699847683762059,0.8297086020751496,0.9054942007669347,9.840638637542725,0.2727694269269705,0.25752301048487425,0.1771270651370287,0.06353177293203771,0.2727694269269705,0.8234553411602974,0.3910902810819221,0.3980533679326375,0.24283247283010773,0.05355380464232329,0.3910902810819221,0.7447090419855985,0.8706941604614258,0.5849048495292664,0.4644169211387634,0.7081713080406189,0.6752111315727234,0.520578145980835,0.565437376499176,1.8926845788955688,0.25281599164009094,0.3740327060222626,1.6375513076782227,0.24466727674007416
131,0.0001,0.3825005479156971,0.9088424703453977,0.6157226887616244,0.8117382763360387,0.895018401119378,10.207094669342041,0.28787254355847836,0.2780057219788432,0.19208730198442936,0.06256248592399061,0.28787254355847836,0.8103641644120216,0.4516985633156516,0.41290737914316583,0.22077767009084875,0.05105957930738276,0.4516985633156516,0.7043025114319541,0.8732855319976807,0.5828595161437988,0.46687978506088257,0.7096948623657227,0.6756241917610168,0.5235114097595215,0.563219428062439,1.8973252773284912,0.25450241565704346,0.3783520758152008,1.6475050449371338,0.24560406804084778
132,0.0001,0.37851879373192787,0.9099863489713055,0.6228394074873491,0.7973807298767972,0.8857447845368044,10.484731674194336,0.2897600419819355,0.27464382722973824,0.19317331351339817,0.06431410438381135,0.2897600419819355,0.8124669529497623,0.36748560992154206,0.42529968240044336,0.2291157552690217,0.05629498759905497,0.36748560992154206,0.7574664264014273,0.8748604655265808,0.5809916257858276,0.46905845403671265,0.710387110710144,0.6778139472007751,0.5262467265129089,0.5638749599456787,1.9093270301818848,0.25660040974617004,0.3850741386413574,1.651429295539856,0.24693138897418976
133,0.0001,0.3695350829511881,0.9133044012985599,0.5929764725945212,0.813975370833556,0.8953589345646896,9.995464086532593,0.27513571083545685,0.2709595588967204,0.18442712910473347,0.06682246387936175,0.27513571083545685,0.8208065330982208,0.41108962983796093,0.40653245918678516,0.21333076556523642,0.05911495920383569,0.41108962983796093,0.7328826730901544,0.8781178593635559,0.5816304087638855,0.4712730050086975,0.7128148674964905,0.6799158453941345,0.529041051864624,0.5665812492370605,1.9184907674789429,0.2582004964351654,0.38704073429107666,1.6639063358306885,0.24797335267066956
134,0.0001,0.38225904665887356,0.9084965634937333,0.5453261967861291,0.838864399925539,0.9117855797430064,9.885581493377686,0.2875795401632786,0.27902630250900984,0.1924458658322692,0.0673417670186609,0.2875795401632786,0.812770314514637,0.34273838635646936,0.39384730476321594,0.21693680322531497,0.060728716466462974,0.34273838635646936,0.7777359106323936,0.8797293901443481,0.5814161896705627,0.47307613492012024,0.713897705078125,0.6802399754524231,0.5314164757728577,0.5692796111106873,1.9240795373916626,0.258618026971817,0.3926749527454376,1.6750223636627197,0.24895264208316803
135,0.0001,0.35348776914179325,0.9206607453875955,0.582872748374939,0.8240685732004451,0.9013450521421468,10.063390970230103,0.2697475217282772,0.2645120620727539,0.1851497720927,0.06809239508584142,0.2697475217282772,0.8264631405472755,0.3552843061360446,0.42973308671604504,0.21717432592854355,0.06251413442871788,0.3552843061360446,0.7695577000126694,0.880538284778595,0.5815690755844116,0.47483333945274353,0.7150545716285706,0.6819816827774048,0.5334828495979309,0.571287989616394,1.9295529127120972,0.25931188464164734,0.3951268494129181,1.6792906522750854,0.2499157339334488
136,0.0001,0.3460647501051426,0.9226544850787995,0.55425251975204,0.8341867640359114,0.9079034117760455,9.612789630889893,0.26557014323771,0.2578402701765299,0.18558302707970142,0.06649547978304327,0.26557014323771,0.8323937244713306,0.32128852063959296,0.4180801673368974,0.20885295849857907,0.05952597240155393,0.32128852063959296,0.7994476755460104,0.8826530575752258,0.5832651853561401,0.477027028799057,0.7154870629310608,0.6860883235931396,0.5358439683914185,0.574429988861084,1.9250041246414185,0.26007744669914246,0.39673808217048645,1.680560827255249,0.25074565410614014
137,0.0001,0.34697832353413105,0.9221572863122144,0.5724239746729533,0.8281762103686786,0.9041854258890103,10.01213002204895,0.2627553343772888,0.26202994026243687,0.1787672834470868,0.06489819311536849,0.2627553343772888,0.8313994631171227,0.3483007134813251,0.4225503693927418,0.2109938119397019,0.057862776359825424,0.3483007134813251,0.7780335021741462,0.8844654560089111,0.5855414271354675,0.4792819023132324,0.7146121859550476,0.6876378059387207,0.5376657843589783,0.5791462659835815,1.9248169660568237,0.26088017225265503,0.39929118752479553,1.6810389757156372,0.2511063814163208
138,0.0001,0.34982143342494965,0.9213762621720026,0.6100452596491034,0.820039566346497,0.8993545110801975,10.326639652252197,0.26627385430037975,0.2632136195898056,0.17787610925734043,0.06415370106697083,0.26627385430037975,0.8299549035727978,0.3376431447086912,0.4681893659360481,0.20405367829582907,0.057872562810327065,0.3376431447086912,0.7853273749351501,0.8846225142478943,0.5866065621376038,0.4815738797187805,0.7149587273597717,0.6906734108924866,0.5395408868789673,0.5775777101516724,1.9212496280670166,0.26192328333854675,0.396313339471817,1.680424451828003,0.2511958181858063
139,0.0001,0.3610099386423826,0.9156129277386371,0.5874067039200754,0.8252343672724569,0.9021799210530963,10.559802532196045,0.2813509348779917,0.2663313699886203,0.18720244150608778,0.06529966625384986,0.2813509348779917,0.8176602683961391,0.3187336271459406,0.46177008838364575,0.21105428175492721,0.059731833523873124,0.3187336271459406,0.7960940147891189,0.8870416283607483,0.587812066078186,0.48327016830444336,0.7146619558334351,0.6961585283279419,0.5419740676879883,0.576996922492981,1.9220402240753174,0.26240891218185425,0.3995894491672516,1.6823530197143555,0.25150662660598755
140,0.0001,0.35443576984107494,0.9170723889077677,0.6128647110678933,0.8188972646887887,0.898318745559696,9.989397525787354,0.2671114709228277,0.26669122464954853,0.18098675180226564,0.06725555658340454,0.2671114709228277,0.8273924961686134,0.36865856611367426,0.46986673456249817,0.19227868499177875,0.06527584215456789,0.36865856611367426,0.7556924603202126,0.8876044750213623,0.5888682007789612,0.4851866364479065,0.715419352054596,0.6970477104187012,0.5444452166557312,0.5768464803695679,1.9314181804656982,0.26336556673049927,0.39940962195396423,1.680580973625183,0.25233152508735657
141,0.0001,0.4000063743442297,0.8997278522243601,0.6378587520483768,0.8070551024565822,0.8916929276268202,10.352830171585083,0.2870622742921114,0.30137296859174967,0.18484929483383894,0.07012606551870704,0.2870622742921114,0.8086893521249294,0.40652435476129706,0.4686375025546912,0.21585560206210974,0.06009365144101056,0.40652435476129706,0.7373262445131937,0.8861496448516846,0.588083803653717,0.486251562833786,0.7158639430999756,0.6972769498825073,0.546219527721405,0.5874707698822021,1.943711280822754,0.26524218916893005,0.42220112681388855,1.6839935779571533,0.2549348473548889
142,0.0001,0.3528177998960018,0.9173137708510974,0.6003667369033351,0.8164339409538751,0.8979784324678467,10.194655418395996,0.2661286760121584,0.2667097579687834,0.18406542111188173,0.0691454210318625,0.2661286760121584,0.8314577378332615,0.3705796653574163,0.4306166912570144,0.22586095874959772,0.06427338990298184,0.3705796653574163,0.7571615052945686,0.8887571096420288,0.5872507691383362,0.48786085844039917,0.7176364064216614,0.7013945579528809,0.5489426255226135,0.5903910398483276,1.952380895614624,0.26678523421287537,0.42556706070899963,1.696124792098999,0.2558920979499817
143,0.0001,0.3462614584714174,0.9200976647765065,0.5779510050108938,0.8324580211344489,0.9076302562300177,9.936253309249878,0.2646773923188448,0.26366144698113203,0.17930201161652803,0.07126112328842282,0.2646773923188448,0.8291751593351364,0.4564493750080918,0.3872258789611585,0.2097091828331803,0.06363435879801259,0.4564493750080918,0.7112343979604316,0.8921761512756348,0.5876124501228333,0.48996296525001526,0.7183148860931396,0.703821063041687,0.5508072376251221,0.5920380353927612,1.955208659172058,0.26754841208457947,0.4232042133808136,1.701208472251892,0.2568216919898987
144,0.0001,0.3492313604801893,0.9196813018340865,0.5375460566896381,0.845197328181376,0.9151752888165073,10.365478992462158,0.2729838518425822,0.25977080501616,0.18561673443764448,0.06870628567412496,0.2729838518425822,0.8257779739797115,0.3402506510416667,0.4032666267770709,0.19792761902014414,0.06223461494752855,0.3402506510416667,0.7871442491357977,0.8937402963638306,0.5876420736312866,0.4919148087501526,0.7189226150512695,0.70695960521698,0.5521703958511353,0.5901303887367249,1.9575560092926025,0.26811859011650085,0.4202366769313812,1.7034941911697388,0.2567978501319885
145,0.0001,0.3314948286861181,0.9261262798591037,0.5593113248998468,0.8322119263299503,0.9072257778817074,10.502439022064209,0.25978864822536707,0.2517554918304086,0.1787739433348179,0.06778826774097979,0.25978864822536707,0.8339510560035706,0.33381556922739203,0.4202570662353978,0.20953839204528116,0.06303197472836032,0.33381556922739203,0.7870213461644722,0.8961268067359924,0.5885519981384277,0.4940573275089264,0.7191223502159119,0.7079417109489441,0.5541718602180481,0.5874831080436707,1.9648423194885254,0.2685052454471588,0.4189760684967041,1.7074214220046997,0.25665250420570374
146,0.0001,0.3372153304517269,0.9236550804960358,0.5359465642408892,0.8425131024666502,0.9133040158750905,10.044620275497437,0.2620554342865944,0.25427867099642754,0.18029653280973434,0.06666558375582099,0.2620554342865944,0.834074143320322,0.3364187442895138,0.4009841933394923,0.20829105919057672,0.06156079742041501,0.3364187442895138,0.7888298468156294,0.897506833076477,0.5888057351112366,0.4960801601409912,0.7193378806114197,0.7096644043922424,0.5562117695808411,0.589107871055603,1.9656951427459717,0.26932451128959656,0.4211989641189575,1.7102748155593872,0.25708991289138794
147,0.0001,0.33419352397322655,0.9236286556749229,0.534618616104126,0.8473195706394684,0.9164427401775069,10.165879487991333,0.2610153881832957,0.2518073981627822,0.17671041935682297,0.06701569445431232,0.2610153881832957,0.8354446515440941,0.4101239569259412,0.3679016720164906,0.20510602539235895,0.05750331384214488,0.4101239569259412,0.7389647707794652,0.9012680649757385,0.5892037153244019,0.49827995896339417,0.7205029129981995,0.7111157178878784,0.5580790638923645,0.592075765132904,1.9678486585617065,0.2701246440410614,0.4253097176551819,1.7103766202926636,0.25771379470825195
148,0.0001,0.3495681621134281,0.9185930498940736,0.5467560399662365,0.8361558227912567,0.9099454508250518,10.458374500274658,0.26386597007513046,0.26696461718529463,0.17819977644830942,0.06444620178081095,0.26386597007513046,0.8279693722724915,0.3322683663079233,0.41106762037132727,0.20838054382439816,0.0615200719824343,0.3322683663079233,0.7909789464690469,0.9019603133201599,0.5898606777191162,0.5004204511642456,0.7226352095603943,0.7113549113273621,0.5601082444190979,0.591755211353302,1.9664793014526367,0.2708757519721985,0.4207363724708557,1.712869644165039,0.2581765353679657
149,0.0001,0.3363318666815758,0.9233181419270127,0.5538098089622728,0.8370928997247286,0.9100535265351728,9.808338403701782,0.261827876791358,0.2581122200936079,0.17679665237665176,0.06696393666788936,0.261827876791358,0.830014493316412,0.3280487602407282,0.42574158220580127,0.19287931015997223,0.06333004288149602,0.3280487602407282,0.7929290713685931,0.903468668460846,0.5906848907470703,0.5021613836288452,0.7240772843360901,0.7116236686706543,0.5614839792251587,0.5925560593605042,1.9652312994003296,0.2719193696975708,0.41687220335006714,1.7163723707199097,0.258273720741272
150,0.0001,0.3335155565291643,0.9225258111021366,0.5335121299281265,0.8420659152690373,0.9130912241708902,10.097917079925537,0.2572875302284956,0.2544117933139205,0.17662334349006414,0.06773350667208433,0.2572875302284956,0.8357793055474758,0.3504695747837876,0.38818727840076794,0.22046452489766208,0.06144079035430244,0.3504695747837876,0.7760290142261621,0.9039511680603027,0.591768205165863,0.5040557980537415,0.7233062982559204,0.7155213356018066,0.5630744099617004,0.5959843993186951,1.9641138315200806,0.2726246416568756,0.41241344809532166,1.7164580821990967,0.25853681564331055
151,0.0001,0.331761522218585,0.9249649808641431,0.5639711004315,0.8362398807060764,0.9088041488459636,10.108740329742432,0.2647573035210371,0.25063175708055496,0.17789449449628592,0.06799436407163739,0.2647573035210371,0.8297989778220654,0.3507118044477521,0.4291791319847107,0.19490346312522888,0.06490239218780489,0.3507118044477521,0.7781822699489016,0.9054486155509949,0.5936996936798096,0.5060397386550903,0.7239846587181091,0.7167572379112244,0.5650278329849243,0.5942947864532471,1.9701660871505737,0.27324604988098145,0.4118843376636505,1.7166205644607544,0.25925901532173157
152,0.0001,0.33058411441743374,0.9264047530609496,0.558328693563288,0.8308459991806866,0.9058334059429436,9.996300458908081,0.2636104756966233,0.2490429738536477,0.18010179791599512,0.06749182636849582,0.2636104756966233,0.8338727690279484,0.3379192099426732,0.4222522937890255,0.21371870239575705,0.06323128645167206,0.3379192099426732,0.7856354009021412,0.9067006707191467,0.593460202217102,0.5081590414047241,0.7239316701889038,0.7173292636871338,0.5671170353889465,0.5951876044273376,1.9703009128570557,0.2742404043674469,0.4100825786590576,1.717911720275879,0.2592058479785919
153,0.0001,0.3357941471040249,0.9221859071297366,0.5812422289992824,0.8239653189715791,0.9018029411178549,9.831329584121704,0.26019026804715395,0.2561887204647064,0.17544835340231657,0.06763453385792673,0.26019026804715395,0.831886675208807,0.3429257996154554,0.4403357289054177,0.20078680912653604,0.06622050126845186,0.3429257996154554,0.7697854186549331,0.9093366265296936,0.5951753854751587,0.5098571181297302,0.7254787683486938,0.7186365723609924,0.5687260031700134,0.5945680737495422,1.971084713935852,0.2758142054080963,0.41135725378990173,1.7289490699768066,0.25973832607269287
154,0.0001,0.34178012050688267,0.9213447266851275,0.5548900546449603,0.8368788655014618,0.9104733974806669,9.812120199203491,0.2680312814190984,0.2589980410411954,0.17955085821449757,0.07067121518775821,0.2680312814190984,0.8288577422499657,0.3361611402396,0.4218509486227324,0.20615138971444333,0.06689097393642772,0.3361611402396,0.7910055500088315,0.9117511510848999,0.5953552722930908,0.5116421580314636,0.7258752584457397,0.7192765474319458,0.5707757472991943,0.5968713164329529,1.9781725406646729,0.2767529785633087,0.4135494828224182,1.728250503540039,0.2600824236869812
155,0.0001,0.327463598921895,0.9265763874350971,0.5491435961289839,0.8389479311643356,0.9112186559460212,10.017157554626465,0.2623858852311969,0.24735586531460285,0.17808514926582575,0.07004484022036195,0.2623858852311969,0.8316071219742298,0.3134459275187868,0.4351903760071957,0.19289801156882083,0.06354476714676077,0.3134459275187868,0.8022291877053,0.9119642376899719,0.5962463617324829,0.5133729577064514,0.7257934808731079,0.7198171615600586,0.5730099081993103,0.6016343235969543,1.9798709154129028,0.2775731682777405,0.4114792048931122,1.7271194458007812,0.2602628171443939
156,0.0001,0.3249637968838215,0.9264224165317699,0.5621528408744119,0.8326182519211859,0.9070960688531623,10.066653966903687,0.25531579926609993,0.25130810122936964,0.17460959497839212,0.0665692719630897,0.25531579926609993,0.8379870429635048,0.40409680930050934,0.3998352668502114,0.21908460783235956,0.05693757432428273,0.40409680930050934,0.7344328417922511,0.912997305393219,0.5969262719154358,0.5155137777328491,0.7274382710456848,0.7222779989242554,0.5753628015518188,0.6016232967376709,1.9806801080703735,0.27893519401550293,0.41290372610092163,1.7205866575241089,0.2605603039264679
157,0.0001,0.34149071015417576,0.9209108016353326,0.5485333637757734,0.8386895769864846,0.911369405019068,10.244890451431274,0.2745149713009596,0.2573265926912427,0.18044349178671837,0.06539437221363187,0.2745149713009596,0.8181223832070827,0.37055476506551105,0.3993306214159185,0.20809974814906265,0.058535898386529,0.37055476506551105,0.7645987416758682,0.9135391712188721,0.597710371017456,0.5178022384643555,0.7279524207115173,0.7252286076545715,0.5773547887802124,0.6066191792488098,1.9824509620666504,0.2800934910774231,0.4174286723136902,1.7316840887069702,0.2614039480686188
158,0.0001,0.33861259929835796,0.9215532219568406,0.5878874388608065,0.8201191075501737,0.9005090439883877,10.07820987701416,0.2686221320182085,0.25677811820060015,0.17728354781866074,0.06607746053487062,0.2686221320182085,0.8252676539123058,0.32293657461802167,0.4465060125697743,0.21100033052039868,0.060795227347901375,0.32293657461802167,0.8000997846776788,0.9136470556259155,0.5985019207000732,0.519892692565918,0.7276535630226135,0.7262614369392395,0.5796709060668945,0.6074364185333252,1.985831618309021,0.28110969066619873,0.4144214689731598,1.738922357559204,0.2622430920600891
159,0.0001,0.33910323679447174,0.919913266262566,0.53861331578457,0.8388513376692566,0.9110388640530435,10.236778974533081,0.26447671838104725,0.2616094220429659,0.1757550397887826,0.06571645196527243,0.26447671838104725,0.8278808146715164,0.30791163444519043,0.4263971953681021,0.19518943898605579,0.06332549339894092,0.30791163444519043,0.8102068575945768,0.9163086414337158,0.5985881686210632,0.5213824510574341,0.7282270789146423,0.7273794412612915,0.5810368657112122,0.6085025072097778,1.986981749534607,0.2816285192966461,0.4146139621734619,1.7377362251281738,0.2627463638782501
160,0.0001,0.3294549733400345,0.925192862296181,0.5475549336635706,0.836046817190992,0.9093377933889778,9.841016292572021,0.25858211889863014,0.25439686235040426,0.17523735109716654,0.06773341284133494,0.25858211889863014,0.8349288366734982,0.3212861581282182,0.42236439206383447,0.20406731421297247,0.06646305559711023,0.3212861581282182,0.7914275057388075,0.9177056550979614,0.5998662710189819,0.5232228636741638,0.7286176681518555,0.7284245491027832,0.5831508040428162,0.6102933883666992,1.9900133609771729,0.28234347701072693,0.4117787480354309,1.7370165586471558,0.26357924938201904
161,0.0001,0.3237556591629982,0.9271587583396009,0.5156406200293339,0.8494663256778517,0.9171881330865,9.917405605316162,0.2549882251769304,0.25071889627724886,0.17363050114363432,0.0666158334352076,0.2549882251769304,0.8392393179237843,0.3111495827183579,0.4045626087622209,0.2045101270531163,0.063716264272278,0.3111495827183579,0.8061080520803278,0.9197698831558228,0.6005700826644897,0.5251607298851013,0.7288928031921387,0.7308279275894165,0.5851298570632935,0.6117702126502991,1.9923696517944336,0.2832520008087158,0.4094845950603485,1.7352780103683472,0.26436305046081543
162,0.0001,0.31880826875567436,0.9281700842135935,0.510581890741984,0.8554831920887029,0.9208682860735387,9.985392808914185,0.25454265158623457,0.24686205200850964,0.17322596721351147,0.06732714921236038,0.25454265158623457,0.8377390205860138,0.31858219522418396,0.396115192861268,0.18647331541234796,0.06377847583004922,0.31858219522418396,0.8011659221215681,0.9211557507514954,0.6016386151313782,0.5272870063781738,0.728630542755127,0.7334979176521301,0.5870204567909241,0.6135646104812622,1.992503046989441,0.28399473428726196,0.40842777490615845,1.7346316576004028,0.26501309871673584
163,0.0001,0.31814677082002163,0.9292644489849929,0.5182829914671002,0.8500959106035824,0.9183219243719637,10.400745153427124,0.2555375527590513,0.24471142701804638,0.17376082576811314,0.06786718731746078,0.2555375527590513,0.8343693353235722,0.31393324425726227,0.39478192004290497,0.20990663586240826,0.06289025396108627,0.31393324425726227,0.8032056508642255,0.9219467639923096,0.6024692058563232,0.5287439227104187,0.7286928296089172,0.7347293496131897,0.5886284708976746,0.6137353181838989,1.9914860725402832,0.2843870520591736,0.4091206192970276,1.733708381652832,0.2655891180038452
164,0.0001,0.31906361132860184,0.9290545805247206,0.5300250667514224,0.8472903521742972,0.9165266096182961,10.169705390930176,0.2610667198896408,0.241970706731081,0.1770039889961481,0.06618919502943754,0.2610667198896408,0.834211066365242,0.32669478835481586,0.40866603995814466,0.19560503779035626,0.06301135874607346,0.32669478835481586,0.7947888157584451,0.9238443970680237,0.603117823600769,0.5308313965797424,0.7288978695869446,0.7349600195884705,0.5907214283943176,0.6129319071769714,1.9956854581832886,0.28505027294158936,0.40669918060302734,1.7324957847595215,0.265452116727829
165,0.0001,0.3300368171185255,0.925543484769192,0.5442083965648304,0.837352021924382,0.910409606856647,9.980910301208496,0.27049950044602156,0.2483598394319415,0.17970558814704418,0.06722705881111324,0.27049950044602156,0.8243305943906307,0.314745590542302,0.4265636910091747,0.20151865301710187,0.06537211720239032,0.314745590542302,0.795265156211275,0.924716591835022,0.6035003662109375,0.5324138402938843,0.7293494939804077,0.7364691495895386,0.5927739143371582,0.6117500066757202,1.998929500579834,0.28600090742111206,0.40595516562461853,1.734642505645752,0.2652224898338318
166,0.0001,0.31703461334109306,0.9293658231013959,0.5296884341673418,0.8465224204848566,0.9154424214769668,9.619869470596313,0.26029935758560896,0.24279757775366306,0.17375984601676464,0.06695313169620931,0.26029935758560896,0.8338631503283978,0.3324664704727404,0.4078304984352805,0.20549943591609146,0.06577121782483476,0.3324664704727404,0.7891444690299757,0.9257370233535767,0.6034783124923706,0.5339983701705933,0.7296218276023865,0.7372050881385803,0.5949174761772156,0.6123166084289551,1.9980419874191284,0.28687113523483276,0.40572068095207214,1.734749436378479,0.26529818773269653
167,0.0001,0.31594619154930115,0.9292523641020413,0.5727396625461001,0.8305834197749069,0.9057423102649124,9.827326536178589,0.2607861589640379,0.24031716398894787,0.17919222731143236,0.06702632340602577,0.2607861589640379,0.8325473666191101,0.3546218854008299,0.4395823460636717,0.19330508329651572,0.06403688928394606,0.3546218854008299,0.770714465415839,0.9270875453948975,0.6043696403503418,0.535963773727417,0.7296364903450012,0.7382714152336121,0.5970787405967712,0.6127651929855347,1.9993574619293213,0.28730273246765137,0.40281498432159424,1.7341688871383667,0.26551562547683716
168,0.0001,0.3206321932375431,0.9276047263679006,0.5384262438976404,0.8439942356609637,0.9142380431054175,10.422555446624756,0.26202430203557014,0.24150805082172155,0.1786954328417778,0.0673023471608758,0.26202430203557014,0.8308342508971691,0.3084109244924603,0.4308253020951242,0.19437558994148718,0.06314438818530603,0.3084109244924603,0.8039581829851324,0.9274184107780457,0.6051012277603149,0.5379153490066528,0.7300168871879578,0.7390246987342834,0.599102795124054,0.6113283634185791,2.0007593631744385,0.28813275694847107,0.39961370825767517,1.734848141670227,0.26564162969589233
169,0.0001,0.3198131090030074,0.9264149142345346,0.5528947512308756,0.8401185228309644,0.9120876578392609,10.052490711212158,0.2577728508040309,0.24154872074723244,0.17571113537997007,0.06796727143228054,0.2577728508040309,0.836292214691639,0.31880583546378394,0.4478071458411939,0.18777026100592178,0.06298927296743248,0.31880583546378394,0.7987299001578129,0.9290725588798523,0.6054343581199646,0.5403507947921753,0.7302610278129578,0.7392460107803345,0.6009812355041504,0.6131142377853394,2.0023109912872314,0.2883882522583008,0.39673906564712524,1.7357691526412964,0.2656269073486328
170,0.0001,0.32541944831609726,0.9253475699814261,0.5410533637711497,0.8408542759147389,0.9123122528090116,10.510848045349121,0.2584922770038247,0.2577904062345624,0.17001226264983416,0.0663630731869489,0.2584922770038247,0.8322789296507835,0.389474276340369,0.3884635856657317,0.2124017711841699,0.06168969257762938,0.389474276340369,0.7513743566744255,0.930838942527771,0.6065213680267334,0.5420851707458496,0.7311626672744751,0.7414466738700867,0.6029050350189209,0.6150733828544617,2.009075164794922,0.2891702950000763,0.3953659236431122,1.7394179105758667,0.26611724495887756
171,0.0001,0.3100050203502178,0.93044999055419,0.5340971007491603,0.8438933162790648,0.9137049301275993,10.445015907287598,0.2556498544290662,0.2383493622764945,0.17533640749752522,0.06849167356267571,0.2556498544290662,0.8378079570829868,0.3111428600369078,0.42040165987881745,0.19349260041207977,0.06509902158921416,0.3111428600369078,0.8089500629540646,0.9326024055480957,0.6064713597297668,0.5438258647918701,0.7312546968460083,0.742417573928833,0.6046916246414185,0.614727795124054,2.010549783706665,0.2898610532283783,0.39550068974494934,1.7388006448745728,0.2663556933403015
172,0.0001,0.30943137034773827,0.931638636024436,0.5407853162649906,0.8390243317399285,0.9111689113238465,10.240630388259888,0.25185524113476276,0.24082366656512022,0.16974378004670143,0.06723770452663302,0.25185524113476276,0.8373849727213383,0.3309738654078859,0.4138884995922898,0.21023188576553808,0.06155195279103337,0.3309738654078859,0.793354211431561,0.9328629374504089,0.6069366335868835,0.5454956293106079,0.7306973934173584,0.7423516511917114,0.6063591241836548,0.6139832139015198,2.0095813274383545,0.29026761651039124,0.3956299424171448,1.738577127456665,0.26687198877334595
173,0.0001,0.3138067089021206,0.9293786692339029,0.5244518265579686,0.8514790983017714,0.9188099631576471,10.46485424041748,0.2549398122355342,0.24293329287320375,0.1747645204886794,0.06698371632955968,0.2549398122355342,0.8396445848047733,0.29467471260013,0.42985219305211847,0.19402484008760162,0.062450224364345726,0.29467471260013,0.8183670098131354,0.9339904189109802,0.6079354882240295,0.5475359559059143,0.7309595346450806,0.7441204190254211,0.6078263521194458,0.6137347221374512,2.0112111568450928,0.29095444083213806,0.39451834559440613,1.7372636795043945,0.26692304015159607
174,0.0001,0.30492686480283737,0.9313130168940025,0.5409414840467048,0.8426519611727269,0.9135105760336446,10.09083867073059,0.2439217073842883,0.23822006210684776,0.16892710700631142,0.06775263184681535,0.2439217073842883,0.8469641394913197,0.3175687302242626,0.4294112866575068,0.19060534238815308,0.06372706174398914,0.3175687302242626,0.802762387376843,0.9349285960197449,0.6074355840682983,0.5493330955505371,0.7318069338798523,0.7431844472885132,0.6094773411750793,0.6133143305778503,2.01369309425354,0.2918151915073395,0.39485907554626465,1.7346690893173218,0.26720407605171204
175,0.0001,0.316187359392643,0.9288823726970634,0.5367955366770426,0.8443446587418675,0.9146675961067811,9.934436559677124,0.2538859657943249,0.24505574256181717,0.17304033413529396,0.06723860674537718,0.2538859657943249,0.8395691998302937,0.33494878898967395,0.41138844959663623,0.20855840679370996,0.060693455916462524,0.33494878898967395,0.7911055720213688,0.9359728097915649,0.607472836971283,0.5508561730384827,0.7311869263648987,0.744328498840332,0.6112468838691711,0.6125967502593994,2.0122947692871094,0.2926432490348816,0.3958781957626343,1.7334798574447632,0.2672768235206604
176,0.0001,0.32419097051024437,0.9244307769816635,0.5251963210828376,0.8471743813016841,0.916172123641221,10.436391353607178,0.2583676092326641,0.25336199067533016,0.17097145225852728,0.06671207631006837,0.2583676092326641,0.833020493388176,0.32664300817431824,0.40542580503405945,0.1985256689967531,0.06318335314140175,0.32664300817431824,0.7981349283998663,0.9368256330490112,0.6079223155975342,0.5527467131614685,0.7315124869346619,0.7452270984649658,0.6126393675804138,0.6095833778381348,2.0144221782684326,0.29363876581192017,0.3942168951034546,1.734578013420105,0.2675167918205261
177,0.0001,0.3058288227766752,0.9323044075978508,0.5398801601294315,0.842382126786591,0.9129790091536643,9.903680562973022,0.24613976664841175,0.24165134970098734,0.1690088612958789,0.06786802737042308,0.24613976664841175,0.8457294180989265,0.31412049134572345,0.42547409823446564,0.20068994616017197,0.06366107737024625,0.31412049134572345,0.8027287974502101,0.9372240900993347,0.6096517443656921,0.5541433691978455,0.7316025495529175,0.7473665475845337,0.6143473982810974,0.6113947033882141,2.0139052867889404,0.2946379482746124,0.39301374554634094,1.7353166341781616,0.26744821667671204
178,0.0001,0.3126670438796282,0.9298393509623912,0.5428365396730828,0.8442965066804061,0.9138756231902019,9.906378269195557,0.25500731635838747,0.24408142268657684,0.17055550031363964,0.06820678990334272,0.25500731635838747,0.839196901768446,0.31037577354546747,0.4386543595429623,0.1884848005843885,0.06631935015320778,0.31037577354546747,0.8067037047761859,0.9382748603820801,0.6101589798927307,0.5558409690856934,0.7322496771812439,0.7479755282402039,0.6161956787109375,0.6118788719177246,2.015258312225342,0.2953345477581024,0.39576834440231323,1.7358510494232178,0.26758453249931335
179,0.0001,0.31333620473742485,0.9295707912781269,0.529605482563828,0.8475624698052984,0.9164103007082975,10.201383829116821,0.25999255292117596,0.2412627274170518,0.17376316338777542,0.06910839583724737,0.25999255292117596,0.8307446613907814,0.34542188861153345,0.40538211302323773,0.1956740107500192,0.0636490120580702,0.34542188861153345,0.784863677891818,0.9387328028678894,0.6103785634040833,0.557552695274353,0.7324332594871521,0.7489198446273804,0.6177908778190613,0.6114280819892883,2.017522096633911,0.2962656021118164,0.39426136016845703,1.7369776964187622,0.26776188611984253
180,0.0001,0.30554791912436485,0.9315923011246277,0.5370548493934401,0.8392486061210777,0.9110182910826137,10.399351596832275,0.255982075817883,0.23537942580878735,0.1753096655011177,0.06740003754384816,0.255982075817883,0.8376372307538986,0.3199063738187154,0.4221099019050598,0.21047696561524362,0.06371683153239163,0.3199063738187154,0.7976976055087466,0.9390890598297119,0.611544132232666,0.5594349503517151,0.732167661190033,0.7495616674423218,0.6201178431510925,0.6113585829734802,2.021613121032715,0.2970799505710602,0.39332351088523865,1.7373392581939697,0.2681387960910797
181,0.0001,0.29912856966257095,0.9342377140554625,0.5287603284373428,0.8480891018519037,0.9165852140633015,9.99738621711731,0.24699564464390278,0.23569112084805965,0.16629642341285944,0.06763941375538707,0.24699564464390278,0.8457201570272446,0.32199652809085266,0.4175963817220746,0.19385355440053073,0.06480206707210252,0.32199652809085266,0.7990067673451973,0.9402261972427368,0.6127389073371887,0.5612728595733643,0.733071506023407,0.7504865527153015,0.6219061613082886,0.6100770831108093,2.0203723907470703,0.2977847456932068,0.39292076230049133,1.7356208562850952,0.26822420954704285
182,0.0001,0.3052615039050579,0.9313726271191017,0.5789737123431582,0.8289785239679733,0.9047202153088343,10.314112186431885,0.25089562591165304,0.23904299829155207,0.16993601340800524,0.06658452400006354,0.25089562591165304,0.8417337723076344,0.31454239288965863,0.47370369867845014,0.19056225635788657,0.06499195460117224,0.31454239288965863,0.7916282776630286,0.9409559369087219,0.6135013103485107,0.5629957318305969,0.7343758344650269,0.7513669729232788,0.6239274740219116,0.6105444431304932,2.0204172134399414,0.29866257309913635,0.3907816410064697,1.7355660200119019,0.26810288429260254
183,0.0001,0.31582396663725376,0.9261482163870399,0.5232105977607496,0.8484772534025721,0.9167450183207035,10.13316011428833,0.2526954058557749,0.24813150335103273,0.17188474629074335,0.06825171876698732,0.2526954058557749,0.8397954739630222,0.308424969514211,0.42202289537949994,0.18896867831548056,0.06647324347586343,0.308424969514211,0.8070947853001681,0.9412504434585571,0.6134709119796753,0.5646119713783264,0.7341158986091614,0.7527551651000977,0.6260947585105896,0.6136289834976196,2.021498441696167,0.2992555797100067,0.39176836609840393,1.7369625568389893,0.26853328943252563
184,0.0001,0.3040075730532408,0.9322571648507079,0.5328703504620176,0.8428070476858452,0.9131353696801855,10.42927360534668,0.25037393905222416,0.23758011683821678,0.17064402904361486,0.06682634307071567,0.25037393905222416,0.84257672727108,0.29943060513698694,0.4320050405733513,0.19195768508044156,0.06548852902470213,0.29943060513698694,0.8181331573110638,0.9435727596282959,0.614138662815094,0.5665731430053711,0.7345640659332275,0.7527311444282532,0.6282260417938232,0.6172232627868652,2.02072811126709,0.30007845163345337,0.3922189176082611,1.7359483242034912,0.2687346637248993
185,0.0001,0.2991403862833977,0.9336310824067564,0.533948237245733,0.8473182112317708,0.9159416634610346,10.056243181228638,0.2448528679087758,0.23575345147401094,0.16666667442768812,0.06798724154941738,0.2448528679087758,0.8453328050673008,0.3294306325189995,0.4238251574111707,0.18329466924522864,0.06525424416318085,0.3294306325189995,0.7972211711334459,0.9455304741859436,0.6153371334075928,0.568225085735321,0.7349233627319336,0.7523921132087708,0.6298699975013733,0.6176071763038635,2.0194382667541504,0.300752192735672,0.39018285274505615,1.7333563566207886,0.26903945207595825
186,0.0001,0.29878056049346924,0.9344945357050692,0.519970594030438,0.8488102998971793,0.9170466671564366,10.477957963943481,0.24889079295098782,0.2332334304228425,0.1693509602919221,0.06784912291914225,0.24889079295098782,0.8423200473189354,0.3008720621918187,0.41820078546350653,0.18465030193328857,0.06524553353136237,0.3008720621918187,0.81487206437371,0.9456785917282104,0.6163927912712097,0.5697556734085083,0.7350637316703796,0.7539497017860413,0.6311681866645813,0.6179915070533752,2.0199034214019775,0.30119696259498596,0.38822469115257263,1.7334890365600586,0.2691744267940521
187,0.0001,0.2930021286010742,0.9356794483249528,0.5189320535370798,0.849554132884124,0.9176351257676081,10.421931266784668,0.24241845216602087,0.2304592113941908,0.16588040255010128,0.0676608607172966,0.24241845216602087,0.8485418558120728,0.30918729666507605,0.41468910014990606,0.1930987907178474,0.06518219637148308,0.30918729666507605,0.8086310498642199,0.9469121098518372,0.6160629987716675,0.5715460181236267,0.735108494758606,0.7541832327842712,0.6328184008598328,0.620182454586029,2.0195417404174805,0.30185291171073914,0.3860527575016022,1.732609748840332,0.2691580057144165
188,0.0001,0.3090877886861563,0.9301944234232259,0.5474691535487319,0.8406109802972356,0.912104818873257,10.78602409362793,0.2550099138170481,0.2439818810671568,0.16838188003748655,0.06743960129097104,0.2550099138170481,0.8378908149898052,0.3009145873965639,0.45329353664860583,0.18718265584020904,0.06596600659417384,0.3009145873965639,0.8152698115869002,0.9466997981071472,0.6165978908538818,0.5732846856117249,0.7350173592567444,0.7545236349105835,0.6347627639770508,0.6208312511444092,2.0189669132232666,0.30257168412208557,0.38684889674186707,1.7316715717315674,0.26909711956977844
189,0.0001,0.3063670303672552,0.9303317618479396,0.5476913596644546,0.8359540998748888,0.9093807411905853,10.260861873626709,0.25338870380073786,0.24220052361488342,0.17003394197672606,0.0672333026304841,0.25338870380073786,0.8409356623888016,0.3120187358422713,0.4372423634384618,0.2120836919004267,0.06412016860011852,0.3120187358422713,0.8078174771684589,0.9467525482177734,0.6167938113212585,0.5747674703598022,0.7351979613304138,0.7545363306999207,0.6363167762756348,0.6189057230949402,2.019484281539917,0.3030516803264618,0.38586825132369995,1.7340576648712158,0.2691774368286133
190,0.0001,0.3037492986768484,0.9321358346730276,0.5334847623651678,0.8481561178986707,0.9166368101320583,10.153362274169922,0.25489409547299147,0.24015614297240973,0.16843065805733204,0.06652704859152436,0.25489409547299147,0.83641666918993,0.3282143130446925,0.4242042158589219,0.18599218626817068,0.06344466611291423,0.3282143130446925,0.7949975728988647,0.9483360052108765,0.6170725226402283,0.5762215852737427,0.7341716289520264,0.7572839260101318,0.637917697429657,0.6196620464324951,2.0184292793273926,0.3036390244960785,0.3817770183086395,1.7383135557174683,0.26941603422164917
191,0.0001,0.3010526215657592,0.9329814337690983,0.5309067350445371,0.8484300807376929,0.9170181720761189,10.093664646148682,0.2524344241246581,0.23615710530430079,0.1688663810491562,0.06624514074064791,0.2524344241246581,0.8398142121732235,0.2960259679592017,0.4365593899380077,0.18530621673121597,0.06441274048252539,0.2960259679592017,0.8175241134383462,0.948848307132721,0.6176619529724121,0.5776275396347046,0.7342674136161804,0.7583257555961609,0.6394630074501038,0.6185883283615112,2.0197439193725586,0.3041682243347168,0.3808204233646393,1.7385658025741577,0.26962822675704956
192,0.0001,0.294695433229208,0.935732650910358,0.5283763336412834,0.8514067398754905,0.918506098744691,10.019692659378052,0.24797913897782564,0.2318330630660057,0.16636457480490208,0.06746747205033898,0.24797913897782564,0.8453137129545212,0.3106805916988488,0.42851508928067755,0.18657663193616,0.06341818765257344,0.3106805916988488,0.8095509229284344,0.9489401578903198,0.6180475950241089,0.5796026587486267,0.7341394424438477,0.7591660022735596,0.6411803960800171,0.6175798773765564,2.019951105117798,0.30474182963371277,0.3822147250175476,1.7380101680755615,0.26987630128860474
193,0.0001,0.2876589968800545,0.937187153973743,0.5188966086416533,0.8533117614758438,0.9197101101674856,10.567532777786255,0.24141347035765648,0.2251024665310979,0.1676979148760438,0.06630787905305624,0.24141347035765648,0.8518824800848961,0.2938437859217326,0.42454120065226697,0.1889442088025989,0.06416821705572533,0.2938437859217326,0.8223042126857874,0.9500870108604431,0.6190741658210754,0.5816938877105713,0.7342206239700317,0.7608890533447266,0.6432192921638489,0.6173264980316162,2.0194973945617676,0.3053501844406128,0.38205745816230774,1.736601710319519,0.27018699049949646
194,0.0001,0.28878025989979506,0.9360491610844803,0.5228858861056241,0.8533864478633678,0.9201610987815393,9.980177164077759,0.24010782036930323,0.2297113509848714,0.16470649652183056,0.06682030158117414,0.24010782036930323,0.8544480465352535,0.29872510649941186,0.4271317521731059,0.18673215400088916,0.06263533008821083,0.29872510649941186,0.8180361137245641,0.950977087020874,0.6194636225700378,0.583173394203186,0.7347108721733093,0.7628474831581116,0.644997775554657,0.6141689419746399,2.0182607173919678,0.3057982921600342,0.3804417848587036,1.7348521947860718,0.2703036963939667
195,0.0001,0.28699587658047676,0.9366066182169257,0.5181970632437504,0.8542072124367078,0.9203785939843496,10.237554788589478,0.23948050662875175,0.2278875457122922,0.1650682119652629,0.06607547565363348,0.23948050662875175,0.8517815358936787,0.2907074202190746,0.4281578912879481,0.18475466424768622,0.0629725367056601,0.2907074202190746,0.8228559205026338,0.9522154927253723,0.6199495196342468,0.5848822593688965,0.7344937920570374,0.7635785937309265,0.6465055346488953,0.6145943999290466,2.018174409866333,0.3063734173774719,0.3799593448638916,1.7335163354873657,0.270404189825058
196,0.0001,0.2831903826445341,0.937800622611679,0.5496261011470448,0.8435510878945013,0.9134846492280849,10.198437690734863,0.23635436315089464,0.22590325865894556,0.16457883082330227,0.06797252781689167,0.23635436315089464,0.8570193909108639,0.34105349670756946,0.4370016979448723,0.18863129299698453,0.06456433033401315,0.34105349670756946,0.7859128767793829,0.9523013830184937,0.6206551194190979,0.5865887403488159,0.7343494892120361,0.7640424966812134,0.6478021144866943,0.616117000579834,2.0170998573303223,0.3070569336414337,0.38010063767433167,1.7335699796676636,0.27067339420318604
197,0.0001,0.2952585984021425,0.933621200639776,0.5502817052783389,0.8398054226415439,0.9116328688294542,10.047979831695557,0.2460217596963048,0.23547551780939102,0.16659745667129755,0.0667969265487045,0.2460217596963048,0.8439692594110966,0.326785582484621,0.4401139598904234,0.19341262091289868,0.06446527294588811,0.326785582484621,0.7906458179155985,0.9534686803817749,0.6209130883216858,0.5879594683647156,0.7337243556976318,0.7641695737838745,0.6490352749824524,0.6123841404914856,2.019214630126953,0.3077567517757416,0.37745875120162964,1.7328112125396729,0.2707134783267975
198,0.0001,0.29032739624381065,0.9353117439676475,0.5513151125474409,0.8413781443798946,0.912592211895061,10.124410152435303,0.2466898849233985,0.22983076889067888,0.16789324767887592,0.06719276355579495,0.2466898849233985,0.8456702046096325,0.3017926703799855,0.46041760300145007,0.1785141626993815,0.06602327672369553,0.3017926703799855,0.8112300652446169,0.953966498374939,0.6211137771606445,0.5892465114593506,0.7330605387687683,0.7636052370071411,0.6507228016853333,0.6130401492118835,2.020476818084717,0.3081977367401123,0.3756326735019684,1.7319339513778687,0.2709827721118927
199,0.0001,0.29049752093851566,0.9363000730607498,0.5254006385803223,0.8483999331296709,0.9170766468347823,10.31331181526184,0.24109208304435015,0.23061079997569323,0.16515984665602446,0.06719011813402176,0.24109208304435015,0.849590364843607,0.3062371051672733,0.42530631296562427,0.1939261962066997,0.06488447162238034,0.3062371051672733,0.8136803002068491,0.9547797441482544,0.6213362216949463,0.5908689498901367,0.7325533032417297,0.7646707892417908,0.6523706316947937,0.6133765578269958,2.021907329559326,0.3083403706550598,0.37485164403915405,1.7316001653671265,0.27104905247688293
200,0.0001,0.2947183772921562,0.9330255436990562,0.5354955485372832,0.8454881052224169,0.9153081914427242,9.983605861663818,0.24460382759571075,0.23782551661133766,0.16400261875241995,0.06738879345357418,0.24460382759571075,0.8453151360154152,0.30659293405937427,0.43261112588824646,0.1994972355438001,0.0646491821742419,0.30659293405937427,0.8112551985364972,0.9558655619621277,0.62205970287323,0.592494547367096,0.7328328490257263,0.7657287120819092,0.6538106203079224,0.6137688755989075,2.0211269855499268,0.3088049590587616,0.3730871379375458,1.7312648296356201,0.27145421504974365
201,0.0001,0.2958431001752615,0.934122535216123,0.5515191627271248,0.8401099447404832,0.9117740098749926,10.107693433761597,0.2502161143347621,0.23311591427773237,0.1652516108006239,0.06742673949338496,0.2502161143347621,0.8396128378808498,0.2997687477054018,0.4580891114292723,0.19318196087172537,0.06570743430744518,0.2997687477054018,0.8146001317284324,0.9564827680587769,0.6220548152923584,0.5937311053276062,0.7330557703971863,0.7642189860343933,0.6550980806350708,0.6128667593002319,2.0209598541259766,0.3092915117740631,0.37231922149658203,1.730151653289795,0.2713715136051178
202,0.0001,0.2928402666002512,0.9350363534753575,0.534716754248648,0.8458697767886587,0.9156232127754206,10.183473110198975,0.24667839892208576,0.22988961823284626,0.16875554341822863,0.0678088164422661,0.24667839892208576,0.8434266895055771,0.306463543212775,0.4333829428210403,0.18314806439659811,0.06540403199015242,0.306463543212775,0.812932702628049,0.9577113389968872,0.6221365928649902,0.5953764915466309,0.7334659695625305,0.7646329998970032,0.6567970514297485,0.6125441193580627,2.019483804702759,0.30977654457092285,0.3724451959133148,1.730738639831543,0.27156680822372437
203,0.0001,0.2852762769907713,0.9364457614124228,0.5223759593385638,0.850073970680734,0.917823988497662,10.207234144210815,0.23559109773486853,0.23120802640914917,0.16060103755444288,0.06738094217143953,0.23559109773486853,0.8537346199154854,0.29754780278061377,0.4327285181392323,0.1820158904249018,0.06559713105812218,0.29754780278061377,0.8169260910063079,0.9588617086410522,0.6222262978553772,0.5970742106437683,0.7333883047103882,0.76459139585495,0.6583073735237122,0.6138928532600403,2.0204334259033203,0.3103938698768616,0.3716357350349426,1.7317373752593994,0.2718144953250885
204,0.0001,0.28360095620155334,0.9372874912834693,0.525664665482261,0.8510226221009451,0.9182755386037281,10.294099569320679,0.24086648970842361,0.22501481138169765,0.16229744907468557,0.0673899482935667,0.24086648970842361,0.8490696735680103,0.29193702249815967,0.43680554447752057,0.17447782736836057,0.06698718000993584,0.29193702249815967,0.8203276522231825,0.9602086544036865,0.6228368282318115,0.5984612703323364,0.7338681817054749,0.7655282020568848,0.6595595479011536,0.6139250993728638,2.0191597938537598,0.3108327388763428,0.3714524507522583,1.7296957969665527,0.2717384994029999
205,0.0001,0.2867629090324044,0.9368716770408422,0.517248197035356,0.855115681004803,0.9210018853324339,10.60888671875,0.24340786039829254,0.22969780396670103,0.166232674382627,0.06739517115056515,0.24340786039829254,0.8489947244524956,0.28675666541764233,0.4329993977691188,0.17844593705552997,0.06661522546500871,0.28675666541764233,0.8294218290935863,0.9604277610778809,0.6227723360061646,0.5998095870018005,0.7334545254707336,0.7650647163391113,0.6606337428092957,0.6132978796958923,2.0187366008758545,0.3114932179450989,0.3697849214076996,1.7274000644683838,0.2717490792274475
206,0.0001,0.28488889522850513,0.936825806252467,0.5260104338328043,0.8557060786114322,0.9214358191216973,9.911690950393677,0.23722459096461535,0.22877212241292,0.1649904204532504,0.06847940781153738,0.23722459096461535,0.8535837642848492,0.3171334627902869,0.42957795027530554,0.17826313457705759,0.0652104179290208,0.3171334627902869,0.8061505556106567,0.9606806635856628,0.6230380535125732,0.6015625,0.7332126498222351,0.7655616402626038,0.66192227602005,0.6153226494789124,2.016777992248535,0.31204527616500854,0.36802253127098083,1.7241970300674438,0.27183762192726135
207,0.0001,0.2801109831780195,0.9392336341455939,0.5119675542369033,0.8566200530595866,0.9218577036521163,9.806004762649536,0.24228615034371614,0.2212912729009986,0.16175803449004889,0.06661309441551566,0.24228615034371614,0.8462394811213017,0.2913967045870694,0.4259868517066493,0.1821911380146489,0.06281597923600313,0.2913967045870694,0.8248361132361672,0.9614167213439941,0.6238245368003845,0.6032716631889343,0.733073890209198,0.7655700445175171,0.6633161902427673,0.6148848533630371,2.0168027877807617,0.31242913007736206,0.36590850353240967,1.7221992015838623,0.272136390209198
208,0.0001,0.2888542953878641,0.9353403348482258,0.5189584638133193,0.8526090966668503,0.9194910766790922,10.016343593597412,0.24606543593108654,0.2262876033782959,0.1675991928204894,0.06562024168670177,0.24606543593108654,0.8453574664890766,0.292594850063324,0.4352275873675491,0.18152062188495288,0.06283520071795493,0.292594850063324,0.8251645528908932,0.9617400765419006,0.6242042183876038,0.6046518087387085,0.7331050634384155,0.7639535665512085,0.664707601070404,0.6141796708106995,2.0175421237945557,0.3128639757633209,0.36461812257766724,1.7198565006256104,0.2721661627292633
209,0.0001,0.2856561476364732,0.9365586629156392,0.5291078777024241,0.8511863622533822,0.9184616288783479,10.226669549942017,0.243311976082623,0.22294046264141798,0.1657118732109666,0.06760266190394759,0.243311976082623,0.8472648598253727,0.3127623037858443,0.4375268347335584,0.17955751491315436,0.06430395782896967,0.3127623037858443,0.8116452441071019,0.9619389772415161,0.6251775622367859,0.6064082980155945,0.7332516312599182,0.7646502256393433,0.666542112827301,0.6164549589157104,2.0189461708068848,0.3138372302055359,0.36376315355300903,1.7187503576278687,0.2721266746520996
210,0.0001,0.2818882651627064,0.937796583931121,0.5258461092457627,0.850890162970332,0.9183888974416974,9.92123007774353,0.23818374425172806,0.22647030744701624,0.16236057318747044,0.06872641015797853,0.23818374425172806,0.8513813801109791,0.29545615658615576,0.43668780543587427,0.17573524243903882,0.06654194923061313,0.29545615658615576,0.819073801690882,0.9632704854011536,0.6260860562324524,0.608102560043335,0.732810378074646,0.7654374837875366,0.6682263612747192,0.6186540126800537,2.0182039737701416,0.31450045108795166,0.36415019631385803,1.7189759016036987,0.27241984009742737
211,0.0001,0.28469858784228563,0.9372850106314506,0.5244852268334591,0.8509021339600303,0.918537189639423,10.377188682556152,0.24414504878222942,0.22650809306651354,0.1643074955791235,0.06797885522246361,0.24414504878222942,0.8474498651921749,0.2900690327991139,0.44080037781686493,0.17498127890355658,0.06523671859141553,0.2900690327991139,0.8255255113948475,0.9638205170631409,0.6264781355857849,0.6093852519989014,0.7327101230621338,0.7650845050811768,0.669840395450592,0.6186677813529968,2.019439458847046,0.31527945399284363,0.36383047699928284,1.7184715270996094,0.27253082394599915
212,0.0001,0.2839210778474808,0.9368843047330934,0.5669620434443156,0.8365458321903272,0.9103158181054365,10.093964338302612,0.24603842943906784,0.22610771842300892,0.16835091914981604,0.06773061584681273,0.24603842943906784,0.8473666682839394,0.3024375619310321,0.4665170492547931,0.17851973392746665,0.06571892919865521,0.3024375619310321,0.8131581526814085,0.9639256000518799,0.6265707015991211,0.6107332110404968,0.7326179146766663,0.765489935874939,0.6712575554847717,0.6192675232887268,2.019763946533203,0.31584662199020386,0.3630453944206238,1.71731436252594,0.27211993932724
213,0.0001,0.2856922820210457,0.9368632542622506,0.5363804607680349,0.8462693507729316,0.9155754582762694,10.775315523147583,0.2477880483493209,0.22768839821219444,0.1637355536222458,0.06817018706351519,0.2477880483493209,0.8428999595344067,0.296653510946216,0.45058065833467426,0.1780018237504092,0.06517964669249275,0.296653510946216,0.8200898784579653,0.9644449353218079,0.6268113255500793,0.6121943593025208,0.7322756052017212,0.7647826075553894,0.672390341758728,0.6198428869247437,2.022522449493408,0.31679007411003113,0.36467573046684265,1.7166202068328857,0.2717171609401703
214,0.0001,0.2677820036187768,0.9428054930334352,0.506805344061418,0.858496648821822,0.9229048808830406,10.983946561813354,0.22803836409002542,0.2178939962759614,0.15859199967235327,0.06761165661737323,0.22803836409002542,0.8614177629351616,0.2902072650013548,0.4238545587568572,0.18269008578676166,0.06506052161708023,0.2902072650013548,0.8232006376439874,0.9652084708213806,0.6273725628852844,0.6138709187507629,0.731648862361908,0.7653854489326477,0.6734083890914917,0.6196853518486023,2.0206313133239746,0.31738197803497314,0.36495280265808105,1.714329481124878,0.2718704640865326
215,0.0001,0.28812110237777233,0.9363994856500757,0.5085269248846805,0.8589761397403992,0.9233584250766297,10.055293560028076,0.24979421868920326,0.22682511899620295,0.16724721528589725,0.0667607900686562,0.24979421868920326,0.8391868844628334,0.29202473163604736,0.4262450680588231,0.17422497814351862,0.06428263731526607,0.29202473163604736,0.8243440642501368,0.965080976486206,0.6279969811439514,0.6151689887046814,0.7318741679191589,0.7661529779434204,0.6748427748680115,0.6176204681396484,2.0202603340148926,0.31787121295928955,0.3643125295639038,1.7116615772247314,0.27193397283554077
216,0.0001,0.28619253914803267,0.937415996322468,0.5132861607002489,0.8557356587629488,0.9213051401842695,10.56160306930542,0.24857447762042284,0.22480394318699837,0.16345695964992046,0.06660154741257429,0.24857447762042284,0.846733782440424,0.28593369144381897,0.43346687338568946,0.17653656367099646,0.06476752019741318,0.28593369144381897,0.8295776771776604,0.9657001495361328,0.6284595131874084,0.6165247559547424,0.7316938638687134,0.766011118888855,0.6765880584716797,0.6160327196121216,2.025970458984375,0.31814777851104736,0.36398571729660034,1.7131320238113403,0.27237510681152344
217,0.0001,0.27778286673128605,0.9386582117042321,0.5311177029754176,0.8489668610224488,0.917406392962634,10.615907192230225,0.23888018913567066,0.2226012134924531,0.15964137576520443,0.06708934344351292,0.23888018913567066,0.8497288450598717,0.3177640510327888,0.4275065100554264,0.19962164669325858,0.06435414381099469,0.3177640510327888,0.8039183074777777,0.9662976264953613,0.6284669041633606,0.6181569695472717,0.7322883009910583,0.7671316266059875,0.6781154274940491,0.6157342791557312,2.0258967876434326,0.3187411427497864,0.36384084820747375,1.7126277685165405,0.2726530432701111
218,0.0001,0.28124084789305925,0.9371032281297651,0.525760267720078,0.8482243366704625,0.9168565308014988,10.47109842300415,0.2388345953077078,0.2251212801784277,0.16314048506319523,0.0682989894412458,0.2388345953077078,0.8501775451004505,0.2975402799519626,0.43659301779486914,0.18579677831042896,0.06608481840653853,0.2975402799519626,0.8219643036524454,0.966259241104126,0.6287165284156799,0.6197419762611389,0.7313885688781738,0.7662948966026306,0.6795382499694824,0.6152977347373962,2.0259482860565186,0.3190297782421112,0.36259809136390686,1.7113044261932373,0.2726123631000519
219,0.0001,0.2833584928885102,0.9375558134122828,0.5015762069008567,0.8608457404522595,0.924237328232852,10.320738077163696,0.24330219067633152,0.2231294484809041,0.16797694098204374,0.06771188881248236,0.24330219067633152,0.8479645028710365,0.30050472779707477,0.4161055214477308,0.1855083451126561,0.06654985249042511,0.30050472779707477,0.8168442971778639,0.9665598273277283,0.6287627816200256,0.6209717988967896,0.7310699820518494,0.7675253748893738,0.6807017922401428,0.6166009902954102,2.029590129852295,0.3195754289627075,0.36157336831092834,1.7110674381256104,0.2726583182811737
220,0.0001,0.2749777026474476,0.9403469921479687,0.5059290726979574,0.8590135528764612,0.9231364104458972,9.849342346191406,0.239847918972373,0.21986797358840704,0.16226789820939302,0.06793049396947026,0.239847918972373,0.8479081764817238,0.2925777290806626,0.42187166394609393,0.1802743962316802,0.067183199592612,0.2925777290806626,0.821860853469733,0.9674501419067383,0.6291096210479736,0.6225035190582275,0.731499969959259,0.7670043110847473,0.6820572018623352,0.6183789968490601,2.0306479930877686,0.3202337324619293,0.36235401034355164,1.7107021808624268,0.27273687720298767
221,0.0001,0.2742386218160391,0.9399584860660876,0.5028672001578591,0.8602719603440566,0.9238663250637766,10.106528282165527,0.23988654371351004,0.2197617869824171,0.16129375621676445,0.06844605691730976,0.23988654371351004,0.8511570766568184,0.2865659540349787,0.4241858178919012,0.17262677712873978,0.06582258686874852,0.2865659540349787,0.8280363606684136,0.9692928791046143,0.6295408010482788,0.6240447163581848,0.7315038442611694,0.7681191563606262,0.6831397414207458,0.616762638092041,2.0310661792755127,0.3207528591156006,0.361453652381897,1.7085058689117432,0.2728300988674164
222,0.0001,0.27402662113308907,0.9407987159497385,0.518300757263646,0.852549928191782,0.9192888071302179,10.634578943252563,0.24065879080444574,0.2155642732977867,0.1618866566568613,0.06702564051374793,0.24065879080444574,0.8481156602501869,0.29393834056276263,0.43639719847476843,0.19001355135079587,0.0664713785729625,0.29393834056276263,0.8185029373024449,0.9706802368164062,0.6302452683448792,0.6255413889884949,0.731887936592102,0.7687956094741821,0.6843737959861755,0.615580141544342,2.0308477878570557,0.32093945145606995,0.36113303899765015,1.706829309463501,0.27279889583587646
223,0.0001,0.28025227785110474,0.938015386439045,0.4996686415238814,0.8636035797299472,0.9256726165727232,10.436973571777344,0.24553005024790764,0.22183986008167267,0.16496065445244312,0.06892619980499148,0.24553005024790764,0.8455571867525578,0.29077102198745264,0.4226077108672171,0.17224493803399982,0.06649847746346936,0.29077102198745264,0.8250166502865878,0.9705770611763,0.6299684047698975,0.6266792416572571,0.7318735122680664,0.7699287533760071,0.6858038306236267,0.6139274835586548,2.028704881668091,0.3215809464454651,0.3598194420337677,1.70662522315979,0.27262377738952637
224,0.0001,0.26637805812060833,0.9430097020064508,0.5197800000508627,0.8525602969011808,0.9194090013494126,10.078943252563477,0.23545470461249352,0.2133090179413557,0.15779265854507685,0.06796713825315237,0.23545470461249352,0.854602687060833,0.29445153655427875,0.435709920796481,0.1793015906305024,0.06716229292479428,0.29445153655427875,0.8233934785380508,0.9706442952156067,0.6305489540100098,0.6282083988189697,0.7310879230499268,0.7686137557029724,0.6871148347854614,0.612983763217926,2.0285236835479736,0.32222267985343933,0.35869747400283813,1.7050132751464844,0.2727440297603607
225,0.0001,0.2673835391178727,0.9419043098524364,0.501790444056193,0.8593553626799799,0.9233647406779495,10.285469055175781,0.23430549539625645,0.21468441374599934,0.15947799384593964,0.06836080132052302,0.23430549539625645,0.8558184988796711,0.2879332954233343,0.42307604804183496,0.17778691017266476,0.06622028655626556,0.2879332954233343,0.8279565247622404,0.9716060161590576,0.6310185194015503,0.6294499039649963,0.7310853004455566,0.7686535716056824,0.6883730888366699,0.6115729808807373,2.027621030807495,0.3228631615638733,0.35794970393180847,1.702225685119629,0.2728066146373749
226,0.0001,0.2771875625476241,0.9396613302845733,0.5354772553299413,0.8463411664831624,0.9160091700076511,9.899048089981079,0.24763995502144098,0.21564646996557713,0.16499042231589556,0.06891741463914514,0.24763995502144098,0.8427033238112926,0.31210343404249713,0.4348097028154315,0.19411366184552512,0.06289188507379907,0.31210343404249713,0.8075765624190822,0.971776008605957,0.6312791109085083,0.6309036016464233,0.7304254174232483,0.7701917290687561,0.6899597644805908,0.6131670475006104,2.0264835357666016,0.3231949210166931,0.35634127259254456,1.6992945671081543,0.27265122532844543
227,0.0001,0.27080415561795235,0.9411044795086255,0.5502800038366606,0.8431428962461807,0.9136171499960343,9.963050365447998,0.23587602749466896,0.21750776749104261,0.16032174322754145,0.06656676554121077,0.23587602749466896,0.8544337637722492,0.29702776128595526,0.46681341077342176,0.17941306757204462,0.06580179986177069,0.29702776128595526,0.8169135830619119,0.9718067049980164,0.6319757699966431,0.6321748495101929,0.7297769784927368,0.7709799408912659,0.6914830803871155,0.6154134273529053,2.026217460632324,0.32378828525543213,0.3551597595214844,1.698872685432434,0.27276700735092163
228,0.0001,0.28225260600447655,0.9366330667680882,0.536161021752791,0.8469083134449317,0.915652620639191,10.36550498008728,0.2414547922089696,0.22678056452423334,0.16043886356055737,0.06771469861268997,0.2414547922089696,0.8494665957987309,0.3051636345458753,0.44868712172363745,0.1779333786530928,0.06712870638478886,0.3051636345458753,0.8073029012391062,0.9723666906356812,0.6324732303619385,0.6333659291267395,0.7303621768951416,0.7708121538162231,0.6926632523536682,0.6130057573318481,2.025491952896118,0.32430392503738403,0.35422268509864807,1.6983543634414673,0.2728881537914276
229,0.0001,0.27549076452851295,0.9394140857735487,0.5201020999388262,0.8555978353810496,0.9212631802084162,10.115309953689575,0.24185598641633987,0.22031643241643906,0.16300264932215214,0.06926694698631763,0.24185598641633987,0.847338430583477,0.3163955843809879,0.430942410772497,0.17595282738859003,0.0652661333707246,0.3163955843809879,0.8080624034910491,0.973142147064209,0.632520854473114,0.6346889138221741,0.7296616435050964,0.7721621990203857,0.693757951259613,0.6134465336799622,2.025603771209717,0.32462170720100403,0.35349205136299133,1.6990128755569458,0.27317050099372864
230,0.0001,0.2763340212404728,0.9380965151625296,0.5346324371569084,0.8483953716606913,0.9169017800893442,10.251268863677979,0.23782223276793957,0.22498105186969042,0.15821874514222145,0.0675165606662631,0.23782223276793957,0.850618526339531,0.28731438066020154,0.4587323575308829,0.16700524814201123,0.06443861160765994,0.28731438066020154,0.8169468659343142,0.9744500517845154,0.6328874826431274,0.6356821060180664,0.7298174500465393,0.7726595997810364,0.6948214173316956,0.6124089360237122,2.0256967544555664,0.32529088854789734,0.3533240854740143,1.6978459358215332,0.2733905613422394
231,0.0001,0.27416382543742657,0.9395650485290927,0.5402247472242876,0.8477572261976178,0.9163290895226514,9.919991731643677,0.24207352194935083,0.2192715248093009,0.1606424655765295,0.06791524821892381,0.24207352194935083,0.8475071303546429,0.3147498441464973,0.4524350545623086,0.1769357459111647,0.06558388279694499,0.3147498441464973,0.8095661130818453,0.9757984280586243,0.6328232288360596,0.6369089484214783,0.7298471331596375,0.7722911834716797,0.6958550810813904,0.6112479567527771,2.0271573066711426,0.3257971405982971,0.3532077670097351,1.6978387832641602,0.2735748887062073
232,0.0001,0.2689465619623661,0.9420438747389608,0.5136466784910723,0.8566824805362101,0.921733741480067,10.297264575958252,0.23900786135345697,0.21703621838241816,0.15821473952382803,0.06720824632793665,0.23900786135345697,0.8512788936495781,0.2871795079924844,0.4357820984089013,0.17318349805745212,0.06444248511935725,0.2871795079924844,0.8317095059337039,0.9765730500221252,0.633027195930481,0.6381362080574036,0.7291920185089111,0.7732600569725037,0.6969059705734253,0.6112517714500427,2.02698016166687,0.32639312744140625,0.35257869958877563,1.6954010725021362,0.27367836236953735
233,0.0001,0.26778015680611134,0.9412993908042921,0.523758306647792,0.8511122467345275,0.9184244037559263,10.171042203903198,0.23645753040909767,0.214331173337996,0.15879691671580076,0.06645074300467968,0.23645753040909767,0.8532237894833088,0.2918729583422343,0.44262026114897296,0.18161996205647787,0.06449418187592969,0.2918729583422343,0.8276504946477485,0.9769586324691772,0.6328366994857788,0.6396614909172058,0.7288082838058472,0.7720592617988586,0.6981620192527771,0.6112051606178284,2.0285775661468506,0.32688677310943604,0.35203856229782104,1.6937854290008545,0.2734820544719696
234,0.0001,0.2708820002153516,0.9413269618709597,0.5487532073801215,0.8471142399242702,0.91628729950937,10.469780921936035,0.23879248090088367,0.21644245460629463,0.160715046338737,0.06776421889662743,0.23879248090088367,0.8539022989571095,0.32487327763528534,0.4524772076895743,0.1884595291181044,0.06475328834670963,0.32487327763528534,0.7997674002791896,0.976672887802124,0.6327978372573853,0.6409651637077332,0.7278816103935242,0.7724142670631409,0.6995787024497986,0.6106862425804138,2.028425931930542,0.32731038331985474,0.35113006830215454,1.6928709745407104,0.27332544326782227
235,0.0001,0.27086942456662655,0.9409767541940002,0.5635756579312411,0.8378858581052002,0.9102069986531653,10.008132219314575,0.23887061513960361,0.219432114623487,0.1611114088445902,0.06695522321388125,0.23887061513960361,0.8517784923315048,0.3138473359021274,0.47704768361467303,0.17226967305848093,0.06608739348523544,0.3138473359021274,0.7892299962766243,0.9765345454216003,0.6331245303153992,0.6421952247619629,0.7277445197105408,0.7714889049530029,0.7008007168769836,0.6091206669807434,2.0284321308135986,0.3278275728225708,0.350340873003006,1.6924701929092407,0.2734909951686859
236,0.0001,0.26068990398198366,0.9446421015702486,0.5082484303098737,0.8573627576794661,0.92223781976283,10.044945240020752,0.2352604940533638,0.20750316325575113,0.15934912115335464,0.06741572124883533,0.2352604940533638,0.8536390773952007,0.2942789774952513,0.429264530991063,0.17727317954554703,0.06591834477854497,0.2942789774952513,0.8181365005897753,0.9770917892456055,0.6335864067077637,0.6433738470077515,0.7273151874542236,0.7727758884429932,0.7020133137702942,0.6110355257987976,2.027550220489502,0.32821178436279297,0.3503626883029938,1.6917804479599,0.27375689148902893
237,0.0001,0.25639485009014606,0.9457113278522608,0.5267646384961677,0.8529227924804554,0.9196108632036383,10.649968147277832,0.23212003242224455,0.2032869691029191,0.1561917057260871,0.06681797280907631,0.23212003242224455,0.8569611720740795,0.3054374239661477,0.44434489987113257,0.17691468289404205,0.06572132726961916,0.3054374239661477,0.8166576768412734,0.9782200455665588,0.6342644691467285,0.644817054271698,0.7265851497650146,0.7728310227394104,0.703242838382721,0.6127018928527832,2.0282115936279297,0.32859113812446594,0.3498534560203552,1.690595030784607,0.27377137541770935
238,0.0001,0.26059164945036173,0.9435580483397087,0.5306394605925588,0.8495325686778333,0.9176340899175957,10.471831321716309,0.23099208436906338,0.2088969824835658,0.15978120546787977,0.06837050011381507,0.23099208436906338,0.8625658862292767,0.2875604990756873,0.4555862256974885,0.17916204351367374,0.0666805375931841,0.2875604990756873,0.8262578303163702,0.9792418479919434,0.6343867778778076,0.646251380443573,0.7263523936271667,0.7733914256095886,0.7044012546539307,0.6137183308601379,2.026548147201538,0.3288588523864746,0.3483945429325104,1.6885987520217896,0.2738027572631836
239,0.0001,0.25904107838869095,0.9437976908476978,0.5180456999576453,0.855002586979793,0.9208785433784783,10.520798444747925,0.2308259066194296,0.2099600499495864,0.15839501842856407,0.06941799959167838,0.2308259066194296,0.8563369177281857,0.28638377334132337,0.44576106649456604,0.1790456139680111,0.06802566834922993,0.28638377334132337,0.8265383677049116,0.979880154132843,0.6345587968826294,0.6473910212516785,0.7260187864303589,0.7739013433456421,0.7054338455200195,0.6142504811286926,2.0251708030700684,0.3291788399219513,0.347856342792511,1.6877142190933228,0.2737673819065094
240,0.0001,0.2631144477054477,0.943310224615682,0.5259286418105616,0.8519098227033463,0.9191257211242503,10.177655935287476,0.23166024312376976,0.21190874371677637,0.15695269219577312,0.06963459542021155,0.23166024312376976,0.8565222322940826,0.2818312681082523,0.45563538869222003,0.17241002122561136,0.06746308189449889,0.2818312681082523,0.827524690917044,0.9803143739700317,0.6355932354927063,0.6487342715263367,0.7253465056419373,0.7737764120101929,0.7066963911056519,0.6126428246498108,2.024974822998047,0.32974666357040405,0.3466704785823822,1.6855543851852417,0.27366411685943604
241,0.0001,0.25687560718506575,0.9451846955833638,0.5209341410434607,0.8529258723493557,0.9194766863027373,10.105780839920044,0.2335974993184209,0.20521986857056618,0.1588285444304347,0.06944385776296258,0.2335974993184209,0.8561430759727955,0.2959279436053652,0.4422512451807658,0.17920131936217798,0.06811486873211282,0.2959279436053652,0.8195383837728789,0.9808694124221802,0.636142373085022,0.649948000907898,0.7250237464904785,0.7743446826934814,0.7075381278991699,0.6110910177230835,2.02423357963562,0.3302731215953827,0.3451266288757324,1.6842377185821533,0.2736339867115021
242,0.0001,0.2646255074068904,0.9436044236667759,0.509286743221861,0.8578449988406245,0.9225217722062202,10.58356761932373,0.23755010962486267,0.21190035250037909,0.16098913736641407,0.06862655933946371,0.23755010962486267,0.8520694300532341,0.28523184675158875,0.4349943832917647,0.16905979857300268,0.06647747450254181,0.28523184675158875,0.8317462332320936,0.9808761477470398,0.6363574266433716,0.6510683298110962,0.7249130010604858,0.7743477821350098,0.7086209058761597,0.6099344491958618,2.0233824253082275,0.33090803027153015,0.34533828496932983,1.6827279329299927,0.27373242378234863
243,0.0001,0.2624152274802327,0.9425209240254093,0.5130877097447714,0.8581366025960522,0.9227301932873677,10.318560361862183,0.23465210478752851,0.21316324174404144,0.15782525669783354,0.06850324990227818,0.23465210478752851,0.8527395613491535,0.29627465118061413,0.4378185651519082,0.17734190821647644,0.06634233383969827,0.29627465118061413,0.8224116961161295,0.9815826416015625,0.636631190776825,0.6520992517471313,0.7249572277069092,0.7742351293563843,0.7095888257026672,0.6112881898880005,2.0240566730499268,0.33149293065071106,0.3434140086174011,1.6821125745773315,0.27384817600250244
244,0.0001,0.26153329852968454,0.9436902055431896,0.5114579995473226,0.8567494442812931,0.9220378442232966,10.001858949661255,0.23482541739940643,0.20992604922503233,0.15936666820198298,0.06700416840612888,0.23482541739940643,0.855700109153986,0.28524681654843415,0.43691236503196484,0.165493110815684,0.06592524864456871,0.28524681654843415,0.8320789409406257,0.9813349843025208,0.6371319890022278,0.6531699895858765,0.7244105935096741,0.7751279473304749,0.7106080055236816,0.6095744371414185,2.024137020111084,0.3319585919380188,0.3412662148475647,1.6828705072402954,0.274106502532959
245,0.0001,0.2624651864171028,0.9434456617594843,0.5194935581900857,0.85633485052265,0.9218587203016116,10.182169437408447,0.23795543517917395,0.20728266518563032,0.16134098824113607,0.06705509405583143,0.23795543517917395,0.8488792963325977,0.3108832402662797,0.4359206900452123,0.18057825664679208,0.06485380920948404,0.3108832402662797,0.811458251693032,0.9816681742668152,0.6374257802963257,0.6541833281517029,0.724122166633606,0.7761344313621521,0.711613118648529,0.6095190644264221,2.025270700454712,0.33229050040245056,0.3415698707103729,1.682733416557312,0.2739962637424469
246,0.0001,0.2630533194169402,0.9436272202574131,0.5157253489349828,0.8564553557643094,0.9219033179256617,10.483988523483276,0.23546624835580587,0.21338140778243542,0.15636154543608427,0.06698610680177808,0.23546624835580587,0.8516062088310719,0.2850609277233933,0.44212769197695184,0.1716896096865336,0.06562577752452908,0.2850609277233933,0.8315966057054924,0.9813796281814575,0.6375387907028198,0.6553839445114136,0.7232986688613892,0.7763996720314026,0.7125647068023682,0.6103267669677734,2.027899980545044,0.3325587511062622,0.3418352007865906,1.681526780128479,0.27395302057266235
247,0.0001,0.2577219409868121,0.9440827242840412,0.5100731054941813,0.8610504788419155,0.924577689589519,10.496996879577637,0.23122667614370584,0.2080707661807537,0.1594794886186719,0.06845043553039432,0.23122667614370584,0.8572649732232094,0.2870976220477711,0.4392624587723703,0.1779176683136911,0.06575923108241775,0.2870976220477711,0.8234402627655955,0.9819408655166626,0.6379411816596985,0.6566088199615479,0.7229157090187073,0.7760365009307861,0.7137771844863892,0.6112452149391174,2.029245138168335,0.33296677470207214,0.341692715883255,1.6799201965332031,0.2741786539554596
248,0.0001,0.26159903313964605,0.9431839813473468,0.5302322922330914,0.8521962893912278,0.9191654339668045,12.66375184059143,0.23273809347301722,0.213754721917212,0.1563357776030898,0.06732780346646905,0.23273809347301722,0.8542726822197437,0.28837221680265485,0.46064947229443176,0.16246567260135303,0.06611028245904228,0.28837221680265485,0.824696851499153,0.9817466735839844,0.6386861205101013,0.6576600670814514,0.7224498391151428,0.7755717635154724,0.7147063612937927,0.6114131808280945,2.0295276641845703,0.3333692252635956,0.34065768122673035,1.6788787841796875,0.27438169717788696
249,0.0001,0.26418611779809,0.9429732450307237,0.5195382255496401,0.8566428580458576,0.9217341993215552,10.016618490219116,0.2388400435447693,0.21068261936306953,0.1578821623697877,0.06757629313506186,0.2388400435447693,0.8498795479536057,0.28423745343179413,0.45045808770439844,0.16619515057766077,0.06546903672543439,0.28423745343179413,0.8294731215997175,0.981937050819397,0.6389285326004028,0.6586741209030151,0.7220380306243896,0.7761171460151672,0.7157207131385803,0.6121854782104492,2.028510093688965,0.33388325572013855,0.34028270840644836,1.6785283088684082,0.2743380069732666
250,0.0001,0.2539232736453414,0.9459625009664723,0.5234788439490579,0.8548978940724241,0.9209293011932896,10.487122058868408,0.23244965262711048,0.2032671431079507,0.15874348767101765,0.0674716173671186,0.23244965262711048,0.8575743809342384,0.2815724629344362,0.4530227166233641,0.16842026602138171,0.0650649792091413,0.2815724629344362,0.8327240383986271,0.9821337461471558,0.6388454437255859,0.6597833633422852,0.7221354246139526,0.7755430936813354,0.7167366147041321,0.6122869849205017,2.0286343097686768,0.3343954086303711,0.3389979600906372,1.6775504350662231,0.2743566632270813
251,0.0001,0.2566683553159237,0.9451171690502945,0.5436353394479463,0.8458327936298058,0.9154967645428719,10.320560216903687,0.23257211688905954,0.20669555012136698,0.1566488747484982,0.06789454445242882,0.23257211688905954,0.8558275327086449,0.307323208360961,0.45682329842538544,0.18545488426179596,0.06434104998003352,0.307323208360961,0.8119357282465155,0.9830493330955505,0.6390296816825867,0.6608920693397522,0.7219350934028625,0.775783121585846,0.7176219820976257,0.6134443283081055,2.026179313659668,0.3347477316856384,0.3389582633972168,1.6777653694152832,0.27433568239212036
252,0.0001,0.25863320752978325,0.9447783854272769,0.5281581914786136,0.8520563435434425,0.9191913537095294,10.152155637741089,0.23502099607139826,0.20879856869578362,0.16094283293932676,0.06754981493577361,0.23502099607139826,0.8567303121089935,0.2917782790733106,0.44919779806426074,0.17665689822399255,0.06429137007305116,0.2917782790733106,0.8255144628611478,0.9838058352470398,0.6395052075386047,0.6619505286216736,0.722048282623291,0.7760655283927917,0.7185821533203125,0.6129656434059143,2.0267527103424072,0.33521518111228943,0.3384680151939392,1.676735758781433,0.27451300621032715
253,0.0001,0.2574218986555934,0.9438855810744768,0.5230129595958826,0.8524725655892941,0.9192946502669395,10.396857976913452,0.23218507133424282,0.2058121170848608,0.15964935347437859,0.06760345865041018,0.23218507133424282,0.8583556935191154,0.289405573498119,0.4476270946589383,0.17643653082125116,0.06685573201287877,0.289405573498119,0.8255861816984235,0.9840239882469177,0.6397207379341125,0.66309654712677,0.7218242287635803,0.7757008671760559,0.7194415926933289,0.6132597327232361,2.026488780975342,0.3355931341648102,0.3382931649684906,1.6749485731124878,0.2746141254901886
254,0.0001,0.26101888436824083,0.9438687158242067,0.5273551362933535,0.8508753819762856,0.9183053712601957,10.295342683792114,0.23672891594469547,0.20760546997189522,0.15717198327183723,0.06749673094600439,0.23672891594469547,0.8544396497309208,0.2862495852239204,0.45577508933616406,0.17361345525943872,0.06555469808253375,0.2862495852239204,0.8260206471789967,0.9836509823799133,0.6397600769996643,0.664126992225647,0.7218156456947327,0.7754758596420288,0.7205424308776855,0.6142809391021729,2.02531099319458,0.3360731899738312,0.3388451337814331,1.6732450723648071,0.2747027277946472
255,0.0001,0.26264634262770414,0.9421473322661926,0.5349115819642039,0.8515498576142491,0.918666448629412,10.073171377182007,0.2322154138237238,0.2148972088471055,0.1574000408872962,0.0680942484177649,0.2322154138237238,0.8557459637522697,0.2937532952337554,0.46392905350887415,0.17589135061610828,0.06758437847549265,0.2937532952337554,0.8155323176672964,0.9837093353271484,0.6398441791534424,0.6651243567466736,0.7212859392166138,0.7752693891525269,0.7214152216911316,0.6140378713607788,2.0245115756988525,0.3367294669151306,0.33948346972465515,1.6730037927627563,0.27453330159187317
256,0.0001,0.25716498028486967,0.9444345879403383,0.5198509042913263,0.8552042747334843,0.9209739356847382,10.406702280044556,0.23117730673402548,0.20653285086154938,0.1575547456741333,0.06679092533886433,0.23117730673402548,0.856245506554842,0.2798329230510827,0.45238754424181854,0.16799316803614298,0.06655016959165082,0.2798329230510827,0.8293490951711481,0.9837071299552917,0.6398744583129883,0.6659420132637024,0.7212503552436829,0.7755044102668762,0.7225331664085388,0.6119718551635742,2.0259149074554443,0.33717596530914307,0.34005388617515564,1.673076868057251,0.2746296525001526
257,0.0001,0.2528496440500021,0.9458007768586336,0.5304275209253485,0.8523713113426488,0.9192663817858862,10.554277896881104,0.22926164977252483,0.2046955330297351,0.15468439366668463,0.06847887299954891,0.22926164977252483,0.8588389046490192,0.29120099183284875,0.4609774116313819,0.17564538753393924,0.06651753119447014,0.29120099183284875,0.8153411998893275,0.9843341708183289,0.640216052532196,0.666904628276825,0.7212153077125549,0.7758311629295349,0.7233484387397766,0.6107540726661682,2.0257978439331055,0.3377809226512909,0.3397744596004486,1.6718231439590454,0.2747444212436676
258,0.0001,0.25578371714800596,0.9444301488636943,0.5238322055701053,0.8548728471538404,0.9207221304176639,10.18442678451538,0.23421905003488064,0.20581850968301296,0.15813507232815027,0.06771485274657607,0.23421905003488064,0.8537312559783459,0.2864493059389519,0.45691466692722205,0.16761830900654648,0.06642050792773564,0.2864493059389519,0.8254082943453933,0.9848734140396118,0.6402609348297119,0.6679707765579224,0.7211376428604126,0.776645302772522,0.7243200540542603,0.6115164756774902,2.0252721309661865,0.3382212519645691,0.33875900506973267,1.6719986200332642,0.274660587310791
259,0.0001,0.2512599229812622,0.9462605316650661,0.5181788386720599,0.8568699125467494,0.9218846255152338,10.428971529006958,0.23097622953355312,0.2024358380585909,0.15578602440655231,0.06765113095752895,0.23097622953355312,0.8559221439063549,0.28703068964409106,0.45029742248130566,0.1717621467330239,0.06684659218246286,0.28703068964409106,0.8233731858658068,0.9852129220962524,0.6407644152641296,0.668903112411499,0.7205620408058167,0.7761023640632629,0.7253705859184265,0.6111334562301636,2.0253427028656006,0.3387603461742401,0.33757317066192627,1.6700433492660522,0.27460017800331116
260,0.0001,0.25046364963054657,0.9471053871847602,0.5171724413380479,0.8587023984886044,0.9230510392569994,10.381441831588745,0.22896667756140232,0.202298354357481,0.15549618378281593,0.06807788275182247,0.22896667756140232,0.8607863560318947,0.28547757863998413,0.4479395855556835,0.1695612118099675,0.06567399011868419,0.28547757863998413,0.8296443025271097,0.9860910177230835,0.640787661075592,0.6701926589012146,0.7199779748916626,0.776460587978363,0.7261415123939514,0.6105621457099915,2.0249111652374268,0.33918455243110657,0.3368138074874878,1.6688798666000366,0.27449846267700195
261,0.0001,0.25040873046964407,0.9461451682448854,0.5314734451698534,0.8518817507970867,0.9188593947506544,10.287142038345337,0.2303791642189026,0.2002490870654583,0.15694845374673605,0.06762620946392417,0.2303791642189026,0.8596080169081688,0.2893213178172256,0.461158579046076,0.17170037645282168,0.06576056213993015,0.2893213178172256,0.8249276677767435,0.9866178035736084,0.6410781741142273,0.671214759349823,0.7196822762489319,0.7759663462638855,0.7271431088447571,0.609921932220459,2.0248546600341797,0.3396415412425995,0.3366255760192871,1.6673606634140015,0.274446040391922
262,0.0001,0.2512263795360923,0.946419091593265,0.5286132566856615,0.8541995620081559,0.920507919635233,10.399998664855957,0.2287700017914176,0.2050198456272483,0.15461833588778973,0.06803399603813887,0.2287700017914176,0.8601535931229591,0.28410122972546203,0.45927489165103796,0.16767507339968826,0.06526302670439084,0.28410122972546203,0.8274938933777086,0.9867287278175354,0.641402006149292,0.6721592545509338,0.7195713520050049,0.7759370803833008,0.7281948924064636,0.6085938811302185,2.025219678878784,0.3402211368083954,0.33612295985221863,1.6659276485443115,0.27446332573890686
263,0.0001,0.24788255151361227,0.9472585397499039,0.5470215046044552,0.8453681634449595,0.9150855189240806,10.369863986968994,0.23112039733678102,0.19793055579066277,0.15556231420487165,0.06782016437500715,0.23112039733678102,0.8569596037268639,0.2887186986027342,0.47424829548055475,0.17486425240834555,0.06541029623512065,0.2887186986027342,0.8233773672219479,0.9868457913398743,0.6417688131332397,0.6732075810432434,0.7192530035972595,0.7758935689926147,0.7292781472206116,0.6063512563705444,2.024306297302246,0.34071335196495056,0.33500936627388,1.6644705533981323,0.2744528651237488
264,0.0001,0.24791897367686033,0.9480285389168086,0.5129444526903557,0.8606420889020948,0.9241714700180474,10.096552610397339,0.23013308364897966,0.19967168848961592,0.1549155255779624,0.06724407756701112,0.23013308364897966,0.8559609465301037,0.28328079346454504,0.44622829285534943,0.16956737727829904,0.06516368800040448,0.28328079346454504,0.8301323309089198,0.986592710018158,0.6421020030975342,0.6743167042732239,0.7190554141998291,0.7769302129745483,0.7304654121398926,0.6064633131027222,2.0230324268341064,0.34117352962493896,0.3342873454093933,1.6643896102905273,0.27440670132637024
265,0.0001,0.24926998745650053,0.9454657753653267,0.5301428202426794,0.8542572656890074,0.9205552670043187,10.109754800796509,0.2254786379635334,0.2032404923811555,0.15202220994979143,0.06770706130191684,0.2254786379635334,0.8612271957099438,0.2929118510448571,0.45665968186927564,0.180617299043771,0.06429087822184418,0.2929118510448571,0.8261826760841139,0.9873441457748413,0.642564594745636,0.6754080057144165,0.7192733883857727,0.776740550994873,0.7314355969429016,0.6068065166473389,2.022796392440796,0.3415692448616028,0.3325164318084717,1.6624932289123535,0.27426135540008545
266,0.0001,0.24951256718486547,0.9460198175265871,0.5366420962593772,0.8520162435714688,0.9191206193220366,10.034674644470215,0.22606585547327995,0.20354104228317738,0.15523586980998516,0.06781075685285032,0.22606585547327995,0.8628960214555264,0.2909136215845744,0.46176578601201373,0.16982019489461725,0.06586488234725865,0.2909136215845744,0.8277127363465049,0.9878479242324829,0.6427963376045227,0.6763585805892944,0.7183101773262024,0.7762794494628906,0.7321128845214844,0.6061350107192993,2.022507905960083,0.3419651985168457,0.33171188831329346,1.6622909307479858,0.2742210626602173
267,0.0001,0.24649082589894533,0.948183561180834,0.5436513496167732,0.8496543991502177,0.9178346297329907,10.32016110420227,0.23126446828246117,0.19648215593770146,0.15673206001520157,0.06727627059444785,0.23126446828246117,0.858680222183466,0.2855540369496201,0.47194892168045044,0.17057705828637787,0.06465911244352658,0.2855540369496201,0.8298282713601084,0.9887097477912903,0.6430460214614868,0.6775105595588684,0.7181282639503479,0.7766208648681641,0.733113169670105,0.6046610474586487,2.0223286151885986,0.34248125553131104,0.3307114243507385,1.6631922721862793,0.27430400252342224
268,0.0001,0.25771038606762886,0.944611120987498,0.538011189663049,0.849225161781112,0.9176198524511643,10.482870817184448,0.23976167291402817,0.20550522860139608,0.15903044305741787,0.0669605815783143,0.23976167291402817,0.8496169038116932,0.28337953488032025,0.46212790229103784,0.17431928443186212,0.06628210379770308,0.28337953488032025,0.8325456254410021,0.9891055226325989,0.6431337594985962,0.6784577369689941,0.7184072732925415,0.7757748961448669,0.7340010404586792,0.6048791408538818,2.0228490829467773,0.34286507964134216,0.3294743001461029,1.6629369258880615,0.2743465006351471
269,0.0001,0.2458573030307889,0.9474664056214274,0.5535812197309552,0.8425987741235877,0.9135203364471647,10.64886736869812,0.22848705388605595,0.19876635447144508,0.157857034355402,0.06896514957770705,0.22848705388605595,0.8597419783473015,0.2935119054534219,0.47493788690278027,0.18062795834107834,0.06674801253459671,0.2935119054534219,0.8157294970570188,0.9892902970314026,0.6432166695594788,0.6792526245117188,0.7182444930076599,0.7753227949142456,0.7347671389579773,0.6041850447654724,2.0236008167266846,0.3431709408760071,0.32912853360176086,1.6611682176589966,0.27433955669403076
270,0.0001,0.2486604079604149,0.9461065031386351,0.5373677340420809,0.8498525009845727,0.9179062388568455,10.559372663497925,0.22946841083467007,0.1999859381467104,0.15488736145198345,0.06790992245078087,0.22946841083467007,0.8581958338618279,0.28336500037800183,0.46536389083573315,0.17276425253261218,0.06738320952563574,0.28336500037800183,0.8285766171686577,0.9891656041145325,0.6432968378067017,0.6802436113357544,0.7182316780090332,0.7750968933105469,0.7355718612670898,0.60426265001297,2.0228185653686523,0.34359997510910034,0.3288932740688324,1.6597790718078613,0.27410587668418884
271,0.0001,0.24533702805638313,0.94742062431618,0.5307322559934674,0.8524637594570925,0.9192918892308715,10.565455913543701,0.2267232034355402,0.1975386431440711,0.15428782161325216,0.06704441970214248,0.2267232034355402,0.8622227720916271,0.28931198156241217,0.46068988063118677,0.17335943380991617,0.0671372168669195,0.28931198156241217,0.8208535494226398,0.989270806312561,0.6434120535850525,0.6812827587127686,0.7182016968727112,0.7745758891105652,0.7365251183509827,0.6042861342430115,2.0230789184570312,0.34393930435180664,0.32880836725234985,1.6572387218475342,0.2739567458629608
272,0.0001,0.24398429691791534,0.9476773194932966,0.5274980248826923,0.8550474316896319,0.920804411156945,9.871973037719727,0.2278731307014823,0.1975008500739932,0.15348210278898478,0.06834894279018044,0.2278731307014823,0.8583389408886433,0.28823054017442645,0.4593740864233537,0.17874662442640823,0.06625414504246278,0.28823054017442645,0.8262473958911318,0.9894446134567261,0.6436050534248352,0.6822652816772461,0.718162477016449,0.7734021544456482,0.737392246723175,0.6039430499076843,2.02292537689209,0.3441103398799896,0.3281455636024475,1.653225302696228,0.2740109860897064
273,0.0001,0.25477628223598003,0.9439574162050007,0.5406738555792606,0.849571628003952,0.9175807579163636,10.401929378509521,0.23371808137744665,0.20632928982377052,0.15581199806183577,0.06758650788106024,0.23371808137744665,0.8536929897964001,0.28383490352919605,0.4750819206237793,0.1720365791609793,0.06603489522681091,0.28383490352919605,0.8244634108109907,0.9895661473274231,0.6437429785728455,0.6830971240997314,0.7177039980888367,0.7737680077552795,0.7379639148712158,0.603905200958252,2.0223045349121094,0.34445738792419434,0.3277945816516876,1.6532583236694336,0.274062842130661
274,0.0001,0.24753383081406355,0.9466001490067953,0.5376771580089222,0.8507760413262438,0.9185029728940253,10.872730731964111,0.22712157759815454,0.20163783337920904,0.15280109643936157,0.06762585928663611,0.22712157759815454,0.8605076819658279,0.28416964502045605,0.47181247942375415,0.17546667113448633,0.0672866574516802,0.28416964502045605,0.8265200365673412,0.9895464777946472,0.6437090635299683,0.6838912963867188,0.71756511926651,0.7742685675621033,0.7387177348136902,0.6029797196388245,2.0215675830841064,0.34497103095054626,0.3278253972530365,1.6530303955078125,0.27412283420562744
275,0.0001,0.24493405129760504,0.9472648298571553,0.5313111904895667,0.853768935406374,0.9202194977426728,10.090927839279175,0.22202615439891815,0.20049435086548328,0.15153134521096945,0.06805130187422037,0.22202615439891815,0.8647161014378071,0.28416683095874207,0.46634886300925055,0.1704702792745648,0.06799570121096843,0.28416683095874207,0.8317104216777917,0.9893995523452759,0.6438180804252625,0.6848968863487244,0.7165897488594055,0.7746750712394714,0.7395802736282349,0.603615403175354,2.020747423171997,0.3454001843929291,0.3271695375442505,1.6499006748199463,0.27398377656936646
276,0.0001,0.2480456316843629,0.9471147144572231,0.5225591081561465,0.8557750559058469,0.9211187528609928,9.987257719039917,0.22955455165356398,0.20166647620499134,0.15494190901517868,0.06848277244716883,0.22955455165356398,0.8594688251614571,0.2914187221816092,0.4525083610505769,0.1814992500073982,0.06781257248737595,0.2914187221816092,0.8240476810570919,0.9896430373191833,0.6440421938896179,0.6857342720031738,0.7163345217704773,0.7754501700401306,0.7404342293739319,0.6032518744468689,2.02012038230896,0.34575754404067993,0.3268109858036041,1.6480896472930908,0.2737085521221161
277,0.0001,0.2521319603547454,0.9459906614035545,0.5316663185755411,0.8524744497914943,0.9194586494941358,10.4091157913208,0.23740687780082226,0.20206893514841795,0.1568982070311904,0.0680334628559649,0.23740687780082226,0.8526912927627563,0.2893966255765973,0.46180256207784015,0.18251227519728921,0.0662049117187659,0.2893966255765973,0.8248520963119738,0.9901742339134216,0.6442735195159912,0.6864165663719177,0.7164457440376282,0.7744187712669373,0.7410978078842163,0.6037302017211914,2.0210695266723633,0.3460148870944977,0.32634109258651733,1.6470669507980347,0.2737976610660553
278,0.0001,0.2427224162966013,0.9492128997495117,0.5277297496795654,0.8553952410028237,0.9211404691011703,10.236085414886475,0.22871894296258688,0.19473023433238268,0.15566045697778463,0.06843322515487671,0.22871894296258688,0.8582795485854149,0.2790135687047785,0.4656727621049592,0.17057626897638495,0.06670164666844136,0.2790135687047785,0.8315233678528757,0.9903255105018616,0.6445510387420654,0.6872245073318481,0.7165225744247437,0.7737151384353638,0.7417666912078857,0.6033611297607422,2.021841287612915,0.34621644020080566,0.3257175385951996,1.6455737352371216,0.27392807602882385
279,0.0001,0.2443847293034196,0.9489410052284137,0.5362894860180941,0.8505678242103311,0.9182605273355651,10.458334922790527,0.2333525363355875,0.1958742095157504,0.15422081388533115,0.06840291619300842,0.2333525363355875,0.8555146045982838,0.2841805454456445,0.470148453206727,0.17725977572527798,0.06566488821849678,0.2841805454456445,0.8295102282003923,0.9901067018508911,0.6450293064117432,0.6881217360496521,0.7164580821990967,0.7730578780174255,0.742621123790741,0.6020076274871826,2.0221962928771973,0.34660661220550537,0.325621634721756,1.6461817026138306,0.2737451195716858
280,0.0001,0.24556912574917078,0.9473718099457946,0.5260739723841349,0.8550947765007413,0.9208557078929547,10.201594591140747,0.22864929493516684,0.19792437925934792,0.1527220867574215,0.06739805405959487,0.22864929493516684,0.8586072809994221,0.291315085960157,0.45704823009895557,0.1674933112931974,0.06684136639038722,0.291315085960157,0.8232228828198982,0.9904160499572754,0.645268976688385,0.6890150904655457,0.7161852717399597,0.7728965282440186,0.7433661222457886,0.6018213033676147,2.0221402645111084,0.3470814526081085,0.32547086477279663,1.646104097366333,0.2736209034919739
281,0.0001,0.2414993578568101,0.9484921826505086,0.524122108112682,0.8552225641080747,0.9209412783931048,10.106876373291016,0.22160362917929888,0.19643705990165472,0.15439211577177048,0.06893204478546977,0.22160362917929888,0.865932110697031,0.28042565873174957,0.45885841593597876,0.1661550962563717,0.06776671935663078,0.28042565873174957,0.8270631450595278,0.9902944564819336,0.6454492211341858,0.6897823214530945,0.716295063495636,0.7730242013931274,0.7441438436508179,0.6009642481803894,2.022651195526123,0.3475886583328247,0.32499974966049194,1.6446336507797241,0.2735368609428406
282,0.0001,0.2475402420386672,0.9468508501195771,0.5354872002746119,0.8526336736645569,0.9194899535514034,10.705078601837158,0.23298101220279932,0.2015538364648819,0.15121756307780743,0.06770655047148466,0.23298101220279932,0.8550133556127548,0.28460525743889087,0.4726919640194286,0.1659850279490153,0.06565910521330255,0.28460525743889087,0.8225950490344655,0.9903892278671265,0.6456760168075562,0.6905993819236755,0.7160844802856445,0.7742925882339478,0.7449073195457458,0.6009082794189453,2.0225884914398193,0.34804272651672363,0.3251802325248718,1.6435350179672241,0.273556649684906
283,0.0001,0.24323112051934004,0.9486366242791908,0.5254668177980365,0.8548370882439827,0.9208543755541356,10.39619493484497,0.2308012805879116,0.19410685915499926,0.1586147267371416,0.06650803657248616,0.2308012805879116,0.856524646282196,0.2793372417941238,0.4635711745782332,0.1661444432807691,0.06635442726088292,0.2793372417941238,0.8298347447857712,0.9905090928077698,0.6458134651184082,0.6914873719215393,0.7158461213111877,0.7745801210403442,0.7458328604698181,0.6003149151802063,2.022778034210205,0.3483714759349823,0.3254071772098541,1.642767071723938,0.27347856760025024
284,0.0001,0.24225823301821947,0.947821582339972,0.5568265842668938,0.8428702180471885,0.9137383483866943,10.210387468338013,0.2218966856598854,0.19909406919032335,0.14996317401528358,0.06817795196548104,0.2218966856598854,0.8639131188392639,0.2974797324700789,0.4875345266226566,0.17232730894377737,0.06670437933820667,0.2974797324700789,0.8104523293899767,0.9906615018844604,0.6462377905845642,0.6923395991325378,0.715510368347168,0.7741526365280151,0.746588408946991,0.5995039939880371,2.021892547607422,0.34867122769355774,0.3248438835144043,1.6420022249221802,0.273429274559021
285,0.0001,0.24332348816096783,0.9483547984231828,0.5249178012212118,0.85568185233575,0.9213483413369479,10.393390417098999,0.23008671309798956,0.1944784987717867,0.15710094571113586,0.06781170051544905,0.23008671309798956,0.8553921096026897,0.3055743051297737,0.4481820139017972,0.17830421165986496,0.0663601675945701,0.3055743051297737,0.8142096797625223,0.990755558013916,0.6465174555778503,0.6929900050163269,0.7147411108016968,0.7749143242835999,0.7471524477005005,0.5991288423538208,2.0213916301727295,0.34889206290245056,0.3245339095592499,1.6407462358474731,0.27343952655792236
286,0.0001,0.23672217968851328,0.9506422345433813,0.527285023169084,0.8535687296245857,0.9202221870359871,10.42183232307434,0.22632184997200966,0.19007244519889355,0.15144894178956747,0.0675402192864567,0.22632184997200966,0.8630990833044052,0.2831470279982596,0.4588467695496299,0.17559155189629758,0.06619612680691661,0.2831470279982596,0.8309568943399371,0.9904652833938599,0.646856427192688,0.6940147876739502,0.7141141295433044,0.7755169868469238,0.7479791641235352,0.5986869931221008,2.0213892459869385,0.349263995885849,0.32461413741111755,1.6400564908981323,0.273490309715271
287,0.0001,0.23404203448444605,0.951387367829852,0.5337638674360333,0.8540620114453527,0.9203270057986486,10.182036876678467,0.22370819095522165,0.1869607549160719,0.15175671130418777,0.06939758080989122,0.22370819095522165,0.8647570535540581,0.29040461417400476,0.46500919804428564,0.17259662079088617,0.06683423595898079,0.29040461417400476,0.8273043108708931,0.990556001663208,0.6470525860786438,0.6950551867485046,0.714289128780365,0.7747446298599243,0.7488219141960144,0.5980819463729858,2.021440029144287,0.34959959983825684,0.3238655626773834,1.6381831169128418,0.27352175116539
288,0.0001,0.24129297118633986,0.94831029502233,0.5493131839867794,0.8495791782234533,0.9178629911953035,10.398142099380493,0.22817543987184763,0.19346853531897068,0.15289591811597347,0.06856704642996192,0.22817543987184763,0.8611578904092312,0.2910164161161943,0.4798469362836896,0.17243249037049033,0.06625818540201042,0.2910164161161943,0.823554763288209,0.9910547137260437,0.6470822095870972,0.6959381699562073,0.7148071527481079,0.7753590941429138,0.7496599555015564,0.5985074639320374,2.0212903022766113,0.35006606578826904,0.3231242299079895,1.6370192766189575,0.2733549177646637
289,0.0001,0.2347457753494382,0.9505786100020085,0.5343464829704978,0.8534140705506744,0.9200221887785417,10.252659797668457,0.22445388417690992,0.18955283146351576,0.15025250799953938,0.06772085605189204,0.22445388417690992,0.8642782904207706,0.2848312999262954,0.469788108811234,0.17321562947648944,0.06645291479247989,0.2848312999262954,0.8270692012526772,0.9915371537208557,0.6471918225288391,0.6968597173690796,0.7144597768783569,0.7752311825752258,0.7504293322563171,0.59837806224823,2.0213468074798584,0.35053393244743347,0.3228389024734497,1.6359539031982422,0.27331164479255676
290,0.0001,0.23585439287126064,0.9502215860935281,0.5247764370658181,0.8566399078622299,0.9218268814128263,10.34685468673706,0.22475616075098515,0.19040803890675306,0.15173697099089622,0.06902626855298877,0.22475616075098515,0.8633254915475845,0.29687572067434137,0.45557236310207483,0.1770069454655503,0.06621727787635544,0.29687572067434137,0.8225198911898064,0.9921173453330994,0.6476127505302429,0.6977612972259521,0.7143352031707764,0.7750346064567566,0.7512004971504211,0.5978066325187683,2.0211923122406006,0.3507651388645172,0.3220934569835663,1.6345988512039185,0.27328431606292725
291,0.0001,0.23623842280358076,0.9500803365161785,0.524183598431674,0.8581935260351402,0.9226948265276509,11.031809329986572,0.22197040263563395,0.1918196277692914,0.15049637388437986,0.06849376019090414,0.22197040263563395,0.8654953651130199,0.28214661822174536,0.4631424203063502,0.16935211420059204,0.06639105995947664,0.28214661822174536,0.831290552110383,0.9927485585212708,0.6478861570358276,0.6984990835189819,0.7144078016281128,0.7751502990722656,0.7518512010574341,0.5968849062919617,2.0205464363098145,0.35096606612205505,0.3216286599636078,1.6332036256790161,0.27317529916763306
292,0.0001,0.23515120800584555,0.9499108510011436,0.529769034096689,0.855114409398533,0.9208506315891154,10.075839042663574,0.22265876736491919,0.19000521767884493,0.154005017131567,0.06908396352082491,0.22265876736491919,0.8641497008502483,0.2816573814912276,0.46829034342910303,0.16760252370978845,0.06712031014489406,0.2816573814912276,0.8315539107178197,0.9928058385848999,0.6478704214096069,0.6992527842521667,0.7140003442764282,0.7750652432441711,0.7526063323020935,0.596634566783905,2.0198023319244385,0.35130828619003296,0.32095867395401,1.6324728727340698,0.2732405364513397
293,0.0001,0.23151768371462822,0.9514321181479867,0.5337080991629398,0.8533594432747541,0.9196437534573251,10.34065318107605,0.2194078778848052,0.186776009388268,0.15021513029932976,0.06937799323350191,0.2194078778848052,0.864878349006176,0.28352952725959546,0.47129256255698926,0.17284223798549536,0.06748028020515587,0.28352952725959546,0.8297259410222372,0.9934754967689514,0.6480643153190613,0.7002305388450623,0.7135072946548462,0.7754344940185547,0.7533440589904785,0.5967370867729187,2.0195024013519287,0.3516327440738678,0.3204640746116638,1.6313196420669556,0.2733524441719055
294,0.0001,0.24297087080776691,0.9479464147117718,0.5395458900567257,0.8493240301096526,0.9173657621523544,9.906007051467896,0.23125198762863874,0.19419862516224384,0.15451741497963667,0.06903403252363205,0.23125198762863874,0.8555666208267212,0.28390665849049884,0.47646617528164026,0.17435381629250266,0.06761694778547142,0.28390665849049884,0.8279608795137117,0.9933061599731445,0.6482106447219849,0.7010359168052673,0.7132182121276855,0.775333046913147,0.7539086937904358,0.5969583988189697,2.0188984870910645,0.3520253002643585,0.32041963934898376,1.630570650100708,0.27327030897140503
295,0.0001,0.24275951273739338,0.948432317185629,0.5351605921080618,0.8525341523532165,0.9193719412789588,10.673055171966553,0.23171544820070267,0.19737424701452255,0.15549686551094055,0.06856185244396329,0.23171544820070267,0.8565845862030983,0.28333359053640655,0.47506863781900116,0.1686091504313729,0.06794116962136644,0.28333359053640655,0.8295610998616074,0.9934574365615845,0.6485233306884766,0.7018389701843262,0.7130054831504822,0.7752397060394287,0.7546007037162781,0.5970944762229919,2.0182206630706787,0.3524739444255829,0.3204570412635803,1.631595492362976,0.27320748567581177
296,0.0001,0.23812301829457283,0.9490396195815801,0.5258701100493922,0.8568283663572865,0.9218926856623976,10.347139835357666,0.225649100728333,0.19339519925415516,0.15255371946841478,0.06891640648245811,0.225649100728333,0.8583008162677288,0.29323203455318103,0.46195245150363806,0.17092640472180914,0.0678128611409303,0.29323203455318103,0.8243557359233047,0.9940205216407776,0.6488556861877441,0.7025697827339172,0.7128492593765259,0.7753989100456238,0.755253255367279,0.5963600873947144,2.0182411670684814,0.3529251217842102,0.3197798430919647,1.6310489177703857,0.2732235789299011
297,0.0001,0.23230506852269173,0.9514034639565668,0.5326994079532046,0.854031315379116,0.9203087864654929,10.515213966369629,0.22318994905799627,0.18681821692734957,0.15335214789956808,0.0688636195845902,0.22318994905799627,0.8654202669858932,0.2866239710287614,0.47137540036981757,0.16793826312729807,0.06718569079583342,0.2866239710287614,0.8279510068170952,0.993941605091095,0.6492893099784851,0.703248143196106,0.7125901579856873,0.7753009796142578,0.7559727430343628,0.5965051054954529,2.017601728439331,0.3532761037349701,0.31928959488868713,1.6300804615020752,0.27326515316963196
298,0.0001,0.234008414670825,0.9511069072535258,0.5278760158654415,0.8541506129176413,0.9203181891691106,9.985433340072632,0.2246215809136629,0.18799897283315659,0.15327260550111532,0.06862773001194,0.2246215809136629,0.8631263300776482,0.2897397081057231,0.4635712775317105,0.17471888209834244,0.06837567167751717,0.2897397081057231,0.8249724778262052,0.9941181540489197,0.6493492126464844,0.7039697170257568,0.712214469909668,0.7746177911758423,0.7567110061645508,0.596335232257843,2.016902208328247,0.3534615635871887,0.31883010268211365,1.6293528079986572,0.2732858955860138
299,0.0001,0.23373341467231512,0.9509589136369785,0.5332818139683116,0.8537491612481083,0.9201327381354465,9.96302580833435,0.22435991559177637,0.18729720264673233,0.15074832364916801,0.0685782884247601,0.22435991559177637,0.8649308755993843,0.2806987256714792,0.4741717414422469,0.17379896116979193,0.06779036027464,0.2806987256714792,0.8286663582830718,0.994382917881012,0.6496632695198059,0.7047589421272278,0.712417483329773,0.774894118309021,0.7573131322860718,0.5960346460342407,2.016695261001587,0.35372957587242126,0.3189137876033783,1.627467393875122,0.2732110321521759
300,0.0001,0.2406143583357334,0.9491174915819988,0.5266429258115364,0.8547713744447328,0.9207128484231112,9.762923955917358,0.23183472827076912,0.19204356614500284,0.15567072108387947,0.06868198001757264,0.23183472827076912,0.8561454564332962,0.2857894752964829,0.46343835736766004,0.17704715512015604,0.06753628768704155,0.2857894752964829,0.8253282146020369,0.9938440322875977,0.6498027443885803,0.7055086493492126,0.7118886709213257,0.7753977179527283,0.7581068277359009,0.5957337617874146,2.016824722290039,0.3539149761199951,0.3189912736415863,1.626050353050232,0.27324163913726807
301,0.0001,0.23630709946155548,0.9504622437369252,0.5266461697491732,0.8570382871054885,0.9220363618244284,10.246475219726562,0.23031583707779646,0.18865447212010622,0.15210670605301857,0.06893441919237375,0.23031583707779646,0.8565136268734932,0.2848410967624549,0.4690754341356682,0.17168121807502978,0.06735965824036887,0.2848410967624549,0.8290530081951257,0.9940922856330872,0.649935781955719,0.7062971591949463,0.7116315960884094,0.7756751179695129,0.7588335275650024,0.5954422354698181,2.0175108909606934,0.3542468249797821,0.3186289370059967,1.6249293088912964,0.27319833636283875
302,0.0001,0.23382237181067467,0.9505292372516152,0.5287196961316195,0.8560077008814913,0.9213808019236552,9.877116203308105,0.2232473148033023,0.1901789205148816,0.15087177604436874,0.06825477024540305,0.2232473148033023,0.863850299268961,0.2877495162414782,0.4675208023100188,0.17521800687818817,0.06785642479856809,0.2877495162414782,0.8250984495336359,0.9938414096832275,0.6503098607063293,0.7069790363311768,0.7116739153862,0.7750452756881714,0.7594994902610779,0.5941192507743835,2.0177078247070312,0.3545829653739929,0.3182434141635895,1.6233577728271484,0.2731429636478424
303,0.0001,0.24038407113403082,0.9498844642008148,0.5350310405095419,0.8532085322529273,0.9197785557407954,10.120915174484253,0.2351652579382062,0.19200203847140074,0.15591809153556824,0.06865923223085701,0.2351652579382062,0.8537019602954388,0.2910127477212386,0.46931133125767566,0.16984083796992447,0.06733835059584993,0.2910127477212386,0.8208288478128838,0.9936186075210571,0.6503450274467468,0.7076317071914673,0.7112306356430054,0.7745080590248108,0.7601332664489746,0.5933250784873962,2.017409563064575,0.3548896312713623,0.3176303207874298,1.6226041316986084,0.2731684446334839
304,0.0001,0.23897557612508535,0.9496056978504922,0.5452779856595126,0.8492459005080129,0.9174687893210612,10.053890705108643,0.22983268182724714,0.1913629975169897,0.1566957226023078,0.0677286023274064,0.22983268182724714,0.8588017337024212,0.2855643720337839,0.4816285588524558,0.16914049332792108,0.06690990563594934,0.2855643720337839,0.831601518573183,0.9941986799240112,0.6502274870872498,0.7084654569625854,0.7110610604286194,0.7747422456741333,0.7608787417411804,0.5934091806411743,2.016622304916382,0.3554745614528656,0.31723347306251526,1.6226849555969238,0.27306410670280457
305,0.0001,0.23324231337755919,0.9514285525432211,0.5306827624638876,0.8544874476405041,0.920514377890091,9.617587327957153,0.2281482182443142,0.1866030776873231,0.15341715700924397,0.06812464771792293,0.2281482182443142,0.860069751739502,0.28841049020940607,0.46592465133378,0.17651701786301352,0.06666331805966118,0.28841049020940607,0.8265262101635789,0.9944380521774292,0.6502845883369446,0.7092750072479248,0.7105200886726379,0.7747194170951843,0.7614627480506897,0.5932166576385498,2.0157454013824463,0.3557940423488617,0.31686243414878845,1.6227151155471802,0.27297013998031616
306,0.0001,0.23316731303930283,0.9519833858230297,0.5307196342583859,0.8553799015226107,0.9210187000881795,10.203049659729004,0.229146096855402,0.18386611808091402,0.15438178274780512,0.06814879039302468,0.229146096855402,0.8596079386770725,0.2916361183831186,0.4669869704680009,0.16694047279430158,0.06676685866532904,0.2916361183831186,0.8227224024859342,0.9945377707481384,0.6504276394844055,0.7100464701652527,0.7107316255569458,0.7743422389030457,0.762161374092102,0.5923091769218445,2.0154004096984863,0.356065034866333,0.31665000319480896,1.6217892169952393,0.2729540169239044
307,0.0001,0.232408263720572,0.9515655802776929,0.5293454040180553,0.8550177334060248,0.9208807408059044,9.957329988479614,0.23019554279744625,0.18472483567893505,0.1519433632493019,0.06915694777853787,0.23019554279744625,0.8601897954940796,0.2846144979650324,0.4678768605896921,0.16434656941529477,0.06706976134217146,0.2846144979650324,0.8286744627085599,0.9946467280387878,0.6503182649612427,0.7107768654823303,0.7104679346084595,0.7745641469955444,0.7628547549247742,0.5911645889282227,2.014854907989502,0.35637176036834717,0.3161947727203369,1.6216825246810913,0.27300435304641724
308,0.0001,0.23015023488551378,0.9520724863864394,0.5343717734018961,0.8527379073596313,0.9194833055584467,10.34635043144226,0.22489146888256073,0.18269511312246323,0.1515162605792284,0.06963099027052522,0.22489146888256073,0.8621023520827293,0.28877862655755243,0.47064046065012616,0.1705584345441876,0.06836377795447003,0.28877862655755243,0.8266160795182893,0.9948232769966125,0.6503748893737793,0.711561381816864,0.7103806138038635,0.7743344902992249,0.7634797096252441,0.5910225510597229,2.0149953365325928,0.35659098625183105,0.31578919291496277,1.619875192642212,0.273075670003891
309,0.0001,0.23404130898416042,0.9510681198374816,0.5559456781907515,0.847310920542943,0.9161472029718337,10.181586503982544,0.22814373020082712,0.1879984950646758,0.1537816016934812,0.06953588640317321,0.22814373020082712,0.862816646695137,0.2892606131958239,0.4952935450004809,0.168249813896237,0.06822386316277763,0.2892606131958239,0.8219624504898534,0.9950333833694458,0.6503161787986755,0.7124015688896179,0.7101635932922363,0.7741819620132446,0.7641019821166992,0.5910226702690125,2.014915704727173,0.3568565845489502,0.31541016697883606,1.6185131072998047,0.27319610118865967
310,0.0001,0.22998584061861038,0.9519599079417562,0.5361743226195826,0.8539349594770662,0.9202318351557098,10.206107378005981,0.2225434435531497,0.18575108610093594,0.15166104212403297,0.06975352298468351,0.2225434435531497,0.8637552969157696,0.2830583633798541,0.4767819877826806,0.16465077346021478,0.06792598928917538,0.2830583633798541,0.830936408404148,0.9952916502952576,0.6504766941070557,0.7130787968635559,0.7100748419761658,0.7748647332191467,0.7647327780723572,0.591221809387207,2.014536142349243,0.3569740951061249,0.3150669038295746,1.6170514822006226,0.27326807379722595
311,0.0001,0.2359539745375514,0.951070653664532,0.5341402797987966,0.8552059100020414,0.9210171200001838,10.162874937057495,0.2305723801255226,0.18749489355832338,0.15210765972733498,0.06913457717746496,0.2305723801255226,0.8580315448343754,0.2896542657505382,0.4728958317727754,0.16901795159686694,0.0689244002781131,0.2896542657505382,0.8253189975565131,0.9953234791755676,0.6502074599266052,0.7138292193412781,0.7099339962005615,0.7745891213417053,0.7653073668479919,0.5913707613945007,2.0145812034606934,0.3571375906467438,0.31445810198783875,1.6161761283874512,0.27317172288894653
312,0.0001,0.2298383554443717,0.9521520160231511,0.5351190928256873,0.8535066924044798,0.919979276800116,10.095370054244995,0.22310201358050108,0.18527800869196653,0.15094237867742777,0.06956909457221627,0.22310201358050108,0.8643274158239365,0.28367798256151605,0.47667338450749713,0.16430876110539291,0.06885485486550764,0.28367798256151605,0.8255796739549348,0.9962360858917236,0.6503763794898987,0.7145010828971863,0.7098972797393799,0.7741950750350952,0.7657589912414551,0.5911030173301697,2.0146918296813965,0.35735616087913513,0.31415799260139465,1.6153497695922852,0.27313232421875
313,0.0001,0.23288220819085836,0.9510949573439842,0.5389284943089341,0.8523794776882092,0.9193917025898021,9.985687494277954,0.22909837868064642,0.18454289343208075,0.1537237986922264,0.07020415784791112,0.22909837868064642,0.8587192036211491,0.28551155148130475,0.47835266048258,0.1688892516222867,0.06766004905556187,0.28551155148130475,0.8246990062973716,0.9961503148078918,0.6505045890808105,0.7152234315872192,0.7093567252159119,0.7744093537330627,0.7663912773132324,0.592756986618042,2.014573097229004,0.3575570583343506,0.31495022773742676,1.6143325567245483,0.273026704788208
314,0.0001,0.2230178276076913,0.9542834118991154,0.5266280102007317,0.8567889314463757,0.9218069143141667,9.889275074005127,0.22357589472085238,0.17622611299157143,0.15285863634198904,0.06868458772078156,0.22357589472085238,0.862645760178566,0.28135304378740716,0.46817989060373016,0.16739743677052585,0.06791846284812147,0.28135304378740716,0.8315983667518153,0.9959558248519897,0.6507839560508728,0.7159476280212402,0.7092574834823608,0.7743187546730042,0.7670841813087463,0.5925576686859131,2.013930320739746,0.3577765226364136,0.31511372327804565,1.6133060455322266,0.2729572653770447
315,0.0001,0.22504629101604223,0.953026782954384,0.531138376756148,0.8558655533957973,0.9213372154819289,10.376517057418823,0.2181463474407792,0.18217305280268192,0.14959750324487686,0.06919254316017032,0.2181463474407792,0.869798518717289,0.2812469511321097,0.4757645617831837,0.1665660160960573,0.06784936356725114,0.2812469511321097,0.8279690236756296,0.996354877948761,0.6510082483291626,0.7165322303771973,0.7096503973007202,0.7739526629447937,0.7676900625228882,0.5914967060089111,2.0137598514556885,0.3581492304801941,0.31457212567329407,1.6126800775527954,0.2729218900203705
316,0.0001,0.23082914482802153,0.9514897660646889,0.5348735831000588,0.8535939297910898,0.920007323384754,10.067229986190796,0.22359735425561666,0.1859927410259843,0.15262901037931442,0.067564582452178,0.22359735425561666,0.8620813898742199,0.28111003023205383,0.47728165171363135,0.16933745055487662,0.06787832036162868,0.28111003023205383,0.82892896009214,0.9959998726844788,0.6510785222053528,0.7171110510826111,0.7092140316963196,0.7741269469261169,0.7682944536209106,0.5917378664016724,2.0131454467773438,0.35851389169692993,0.31391680240631104,1.6117584705352783,0.2729205787181854
317,0.0001,0.2270720023661852,0.9525401984500262,0.5386528571446737,0.8534800410252306,0.919971027264218,10.888732433319092,0.2231219345703721,0.18277074303478003,0.15010791551321745,0.06928532617166638,0.2231219345703721,0.8648316636681557,0.28187149943727435,0.48361014236103406,0.16952247872497095,0.06907147710973566,0.28187149943727435,0.8315449302846735,0.9962602257728577,0.6511673331260681,0.7177622318267822,0.7090638279914856,0.773833692073822,0.7688207030296326,0.5917442440986633,2.0130820274353027,0.3587476313114166,0.3137567937374115,1.610166072845459,0.27287960052490234
318,0.0001,0.2249408010393381,0.9534582720116247,0.5373704505689216,0.8534760176922876,0.9198755212787765,10.408048868179321,0.2238481268286705,0.17721118032932281,0.15434037428349257,0.06864834111183882,0.2238481268286705,0.8658573664724827,0.28790143764380255,0.47767589670239075,0.16664214025844226,0.06851549988443201,0.28790143764380255,0.8251372015837467,0.9962197542190552,0.6511362195014954,0.7182596325874329,0.7089235186576843,0.7736552357673645,0.769353985786438,0.5911480188369751,2.012598991394043,0.35902705788612366,0.31384098529815674,1.6082981824874878,0.2729019522666931
319,0.0001,0.22764199320226908,0.9524222424639806,0.542537302681894,0.8529787364030167,0.9195702949266443,10.275032758712769,0.23014062363654375,0.17902552988380194,0.1522690076380968,0.06824874226003885,0.23014062363654375,0.8556139245629311,0.2850713151873964,0.48542979630556976,0.16308405363198483,0.067653652845007,0.2850713151873964,0.8299496535098914,0.9967414140701294,0.6511349678039551,0.7189072370529175,0.7088580131530762,0.7735372185707092,0.7698423266410828,0.5908256769180298,2.012113332748413,0.35920387506484985,0.31318774819374084,1.606261968612671,0.27292758226394653
320,0.0001,0.22216424997895956,0.9546612403026641,0.5451359821088386,0.8516751271759896,0.9188223891758116,10.525309801101685,0.22020193375647068,0.17807987052947283,0.1498657576739788,0.06808599340729415,0.22020193375647068,0.8649610094726086,0.2806275324387984,0.49003837686596496,0.165380751544779,0.06744159238808083,0.2806275324387984,0.8295159068974581,0.9971135854721069,0.651451051235199,0.7195904850959778,0.7086805105209351,0.7737045884132385,0.7703907489776611,0.5903604030609131,2.0120837688446045,0.3594440221786499,0.31298574805259705,1.6053447723388672,0.2729549705982208
321,0.0001,0.22407918889075518,0.9536222157615238,0.553216486266165,0.8509131192538286,0.9184944389802449,10.156827688217163,0.21888027247041464,0.18026060611009598,0.14915413409471512,0.06744807120412588,0.21888027247041464,0.8673000633716583,0.2791542103796294,0.49459425788937195,0.16831088427341345,0.06729775576880484,0.2791542103796294,0.8323832009777878,0.9970190525054932,0.6517643928527832,0.7201974391937256,0.7085345387458801,0.7738564014434814,0.77089923620224,0.5904067754745483,2.011930465698242,0.3597000241279602,0.31296733021736145,1.6052708625793457,0.27312329411506653
322,0.0001,0.22222161199897528,0.9540825548282014,0.5529225703441736,0.8511733119913866,0.918484352651033,10.083930969238281,0.21563403401523829,0.18095210567116737,0.14731383230537176,0.06864635087549686,0.21563403401523829,0.8692196495831013,0.2856444138469118,0.4967607097192244,0.16275019537318836,0.06736599078232591,0.2856444138469118,0.8268695058244647,0.9972273707389832,0.6521186828613281,0.7208350896835327,0.7084910273551941,0.773716151714325,0.7714539170265198,0.589996874332428,2.0119194984436035,0.3599405288696289,0.3123898208141327,1.6043102741241455,0.2731746733188629
323,0.0001,0.2242855215445161,0.9539487295716363,0.5468152291846998,0.8514529551622534,0.9187418520226166,10.379481077194214,0.2246464043855667,0.17931474093347788,0.15066102426499128,0.06957078631967306,0.2246464043855667,0.8626020662486553,0.28415641459551727,0.48794540853211377,0.17170362490596194,0.06756080980553772,0.28415641459551727,0.8303127830678766,0.9971815943717957,0.6524159908294678,0.7214194536209106,0.7080535888671875,0.774093747138977,0.7718914747238159,0.589620053768158,2.011380195617676,0.36017435789108276,0.3124760687351227,1.60347580909729,0.2731500267982483
324,0.0001,0.22403008583933115,0.9532140894937642,0.5500872388030543,0.8510130947330578,0.9183919292218379,9.870973348617554,0.22252826485782862,0.17720309644937515,0.1531670829281211,0.07014399347826838,0.22252826485782862,0.864370159804821,0.2877607670697299,0.4898737867673238,0.1728783891056523,0.06808486772757588,0.2877607670697299,0.8281934080701886,0.9975453615188599,0.6526209115982056,0.7220615148544312,0.7077416777610779,0.7745922207832336,0.7724048495292664,0.5895910859107971,2.0117359161376953,0.36029064655303955,0.31178566813468933,1.6028774976730347,0.2730751037597656
325,0.0001,0.2275376208126545,0.9526250768616028,0.5552906881679188,0.8497334538022482,0.9177676810403496,10.509087085723877,0.22277438919991255,0.1850061733275652,0.14978654962033033,0.06994972983375192,0.22277438919991255,0.8653783574700356,0.28382200905770966,0.49732094100027374,0.17229957020643985,0.0679101034095793,0.28382200905770966,0.8301984505219893,0.9973388910293579,0.6528461575508118,0.7225654125213623,0.7073280215263367,0.7738496661186218,0.772934079170227,0.5890087485313416,2.0117881298065186,0.36046501994132996,0.3113507926464081,1.602297067642212,0.27303266525268555
326,0.0001,0.21896593645215034,0.9561132674773851,0.5499169898755623,0.8508359326837561,0.918250124575279,10.493841409683228,0.2198340380564332,0.17390490509569645,0.14915018901228905,0.069367915391922,0.2198340380564332,0.8642939329147339,0.2834702730178833,0.49317164493329596,0.16917948831211438,0.06805378763061581,0.2834702730178833,0.8296085036162174,0.9975708723068237,0.6530910730361938,0.7231801748275757,0.7072233557701111,0.7732952237129211,0.7733690738677979,0.5888597369194031,2.01142954826355,0.36067092418670654,0.3109779953956604,1.6018247604370117,0.27309533953666687
327,0.0001,0.22300567291676998,0.9541657665497564,0.5459902611645785,0.8514475497603666,0.918646878714521,10.185683488845825,0.22095555067062378,0.1782800229266286,0.15075845643877983,0.06937730684876442,0.22095555067062378,0.8658862337470055,0.28214565190401947,0.4886442982789242,0.17039591525540207,0.06786014139652252,0.28214565190401947,0.8323759581103469,0.9974101781845093,0.6531543731689453,0.7237133979797363,0.707152783870697,0.7733231782913208,0.7738043069839478,0.5889759659767151,2.0108799934387207,0.3609679341316223,0.3103944957256317,1.600865364074707,0.27312105894088745
328,0.0001,0.2266466412693262,0.9529709972732232,0.548018419381344,0.8505718127397156,0.9181467864409508,10.59813117980957,0.22390735801309347,0.18183479458093643,0.1479643052443862,0.070178447291255,0.22390735801309347,0.8629881367087364,0.28404873609542847,0.48976673863150855,0.16451545827316516,0.0678335518547983,0.28404873609542847,0.8324231956944321,0.9972842931747437,0.6533144116401672,0.7242874503135681,0.7072449326515198,0.7732129693031311,0.7743724584579468,0.5883952379226685,2.0103609561920166,0.36121049523353577,0.3100685775279999,1.5998766422271729,0.2731025516986847
329,0.0001,0.21693298779428005,0.9560854431606763,0.5412079312584617,0.8539125145332808,0.9201827324801533,10.002873659133911,0.21784695517271757,0.17184796556830406,0.14868001267313957,0.07010997831821442,0.21784695517271757,0.8686642050743103,0.28668222463492193,0.48214290539423627,0.16112505486517242,0.0675723340475198,0.28668222463492193,0.8304927854826956,0.9971345663070679,0.6532993316650391,0.7248761653900146,0.7069165110588074,0.7731441855430603,0.7748507857322693,0.5882922410964966,2.010044813156128,0.3614509701728821,0.30983537435531616,1.5987170934677124,0.2730759382247925
330,0.0001,0.22210806142538786,0.9547976710488505,0.544157194368767,0.8529339456400484,0.9196353982759473,10.646928071975708,0.22706349939107895,0.1733355149626732,0.15073948074132204,0.06862346641719341,0.22706349939107895,0.8618826493620872,0.28076760335402057,0.48951530998403375,0.16476148547548236,0.06727112739375143,0.28076760335402057,0.8332814122691299,0.997355580329895,0.6532737612724304,0.7255541682243347,0.7066699862480164,0.7733474373817444,0.7754174470901489,0.5882108211517334,2.0097157955169678,0.36165353655815125,0.3091023862361908,1.59847092628479,0.27300453186035156
331,0.0001,0.21984146814793348,0.9548968534434452,0.5455158081921664,0.8525152920797747,0.9192729419199303,10.712261438369751,0.2169176796451211,0.17762417811900377,0.14734461344778538,0.06802328862249851,0.2169176796451211,0.8693945556879044,0.28579963879151776,0.4900878974885652,0.16601631316271695,0.06746219809759747,0.28579963879151776,0.8221920891241594,0.997241199016571,0.653380274772644,0.7261720895767212,0.7065885663032532,0.7728875279426575,0.7760026454925537,0.5881387591362,2.009202480316162,0.3619389832019806,0.30877625942230225,1.5980281829833984,0.2730375826358795
332,0.0001,0.22119240276515484,0.9546337754052153,0.5462870308847139,0.8515076805536878,0.9187972622745643,11.056944847106934,0.2198659535497427,0.17541045043617487,0.14826272428035736,0.06856783339753747,0.2198659535497427,0.8659989982843399,0.28011511672626843,0.4920344858458548,0.16682939818411163,0.06712863312074632,0.28011511672626843,0.8287350553454775,0.9971410632133484,0.653534471988678,0.726693332195282,0.7063102722167969,0.7722951173782349,0.7764601707458496,0.5872974991798401,2.0088727474212646,0.3621385991573334,0.30867037177085876,1.5973193645477295,0.27303773164749146
333,0.0001,0.21628228854387999,0.955563327273772,0.5394982280153217,0.8548356833842635,0.9207486110446066,10.58087682723999,0.21591579914093018,0.1737102335318923,0.14693205524235964,0.06894779298454523,0.21591579914093018,0.8700799755752087,0.27988704045613605,0.4859703436042323,0.1629422144456343,0.06746924634684216,0.27988704045613605,0.8318540219104651,0.9972501993179321,0.6536533236503601,0.7272309064865112,0.7063157558441162,0.7721273899078369,0.7769790887832642,0.5869122743606567,2.008047580718994,0.3624056577682495,0.3083746135234833,1.5961636304855347,0.27299371361732483
334,0.0001,0.21955097187310457,0.9544921920880134,0.5451859958244093,0.853551770173196,0.9200133008256172,10.198336124420166,0.21963081043213606,0.17491487693041563,0.14840674679726362,0.06917847646400332,0.21963081043213606,0.8650189228355885,0.28072254766117444,0.4919544476451296,0.16687497767535123,0.06757578705296372,0.28072254766117444,0.834208405379093,0.9974643588066101,0.6538200378417969,0.7277959585189819,0.7063379287719727,0.7721732258796692,0.7774348855018616,0.5865738391876221,2.0077359676361084,0.3626933991909027,0.3079562783241272,1.5953819751739502,0.27309203147888184
335,0.0001,0.22083785757422447,0.9542926714612746,0.5525604811581698,0.8510589156745965,0.9184633054654789,9.90880012512207,0.2190255494788289,0.17651131004095078,0.14907777775079012,0.06894998531788588,0.2190255494788289,0.8660935163497925,0.28082798647158075,0.4978517871914488,0.1672483185927073,0.06763044801173788,0.28082798647158075,0.8335382866136956,0.9977596402168274,0.6540128588676453,0.7282370924949646,0.7065690755844116,0.7719758749008179,0.7778525948524475,0.5868739485740662,2.007438898086548,0.36292076110839844,0.3074924945831299,1.5941342115402222,0.2730618715286255
336,0.0001,0.2213559439405799,0.9545239093169936,0.5518293525233413,0.8500402304413224,0.9178975788771098,9.871393203735352,0.22340312972664833,0.1746385721489787,0.14913005288690329,0.06877034157514572,0.22340312972664833,0.8640260994434357,0.2812746654857289,0.4957732106700088,0.17026766773426172,0.06759881273363576,0.2812746654857289,0.829901599522793,0.9975600242614746,0.6540991067886353,0.7287265062332153,0.7062515616416931,0.7722496390342712,0.778304934501648,0.5872267484664917,2.0073444843292236,0.36307013034820557,0.3071560561656952,1.5935646295547485,0.27297431230545044
337,0.0001,0.21507439389824867,0.9568039307659643,0.5538134502642083,0.8501943394666595,0.9180746844685065,10.565073490142822,0.21919990051537752,0.16890700906515121,0.15145763475447893,0.0694792598951608,0.21919990051537752,0.8712488375604153,0.27908212488347833,0.5012716271660544,0.16460881449959494,0.06757514257774208,0.27908212488347833,0.8316317742521112,0.997665524482727,0.6539310216903687,0.7293527126312256,0.7059880495071411,0.7719090580940247,0.7787767052650452,0.5868749022483826,2.0064783096313477,0.3633020520210266,0.30707287788391113,1.5931472778320312,0.2729216516017914
338,0.0001,0.2213832512497902,0.9542072814635585,0.5351877754384821,0.8588096554699267,0.9230421563463155,10.045509815216064,0.22199776209890842,0.17667638417333364,0.15031461976468563,0.06889697490260005,0.22199776209890842,0.8615918569266796,0.2868314403476137,0.4826365727366823,0.16023885932835666,0.06801755161899509,0.2868314403476137,0.8295376066005591,0.9976906180381775,0.6541820764541626,0.7298485636711121,0.705685019493103,0.77176833152771,0.779270589351654,0.586388885974884,2.0068764686584473,0.36352846026420593,0.30691298842430115,1.592706322669983,0.2728669345378876
339,0.0001,0.2159102177247405,0.9568385669498958,0.5434767983176492,0.8536377296150345,0.9200774092719922,10.136540651321411,0.22177994903177023,0.17261922545731068,0.1482331668958068,0.06984792184084654,0.22177994903177023,0.8681693971157074,0.2839187564271869,0.4878946885918126,0.16634736548770557,0.06826012107458981,0.2839187564271869,0.8306511821168842,0.9978095889091492,0.6543998122215271,0.7303128242492676,0.7054958343505859,0.7714621424674988,0.7797607779502869,0.5860645771026611,2.006169557571411,0.3637087047100067,0.3065362274646759,1.5916250944137573,0.272792249917984
340,0.0001,0.21666143462061882,0.9556338454918278,0.5445846355322636,0.8537199383818025,0.9201340087994261,10.42197585105896,0.21986562944948673,0.17137776222079992,0.1493957480415702,0.06969635747373104,0.21986562944948673,0.8658910654485226,0.28082757285147003,0.4914226315238259,0.16471595475167938,0.06909453078652873,0.28082757285147003,0.833135704199473,0.9980818629264832,0.6546042561531067,0.7308699488639832,0.7055648565292358,0.7713099718093872,0.7802098989486694,0.5852932333946228,2.005878210067749,0.3639436960220337,0.30625805258750916,1.590528964996338,0.2727627158164978
341,0.0001,0.21633523516356945,0.9558317505993952,0.560124108285615,0.8477779723373116,0.9166195338218976,10.44177770614624,0.21789539232850075,0.17255498189479113,0.1493134591728449,0.07001116592437029,0.21789539232850075,0.8685301505029202,0.286490362701994,0.504096634460218,0.16357900879599832,0.06899734665498589,0.286490362701994,0.8240807255109152,0.9977110624313354,0.6549079418182373,0.7314304113388062,0.705627977848053,0.7710313200950623,0.7806224822998047,0.5846810340881348,2.0054614543914795,0.36410313844680786,0.30557799339294434,1.5896539688110352,0.2727140784263611
342,0.0001,0.2189878523349762,0.9552598152694839,0.5595025293754808,0.8485795645933764,0.9170945141202392,10.120844841003418,0.22348941303789616,0.17408716585487127,0.14863708149641752,0.07040320942178369,0.22348941303789616,0.8612285852432251,0.2822896097645615,0.5059545076254642,0.1631821384935668,0.0687133992711703,0.2822896097645615,0.8298403674905951,0.9978691339492798,0.6550320982933044,0.7319074273109436,0.7055836915969849,0.7713555693626404,0.7811003923416138,0.5849795937538147,2.0054988861083984,0.36438512802124023,0.30496883392333984,1.5905874967575073,0.2725903391838074
343,0.0001,0.22103525511920452,0.9545396217854241,0.5616702925075184,0.8474087678807614,0.9163346512652915,10.995229482650757,0.22275921050459146,0.1765954801812768,0.14834601152688265,0.0694163809530437,0.22275921050459146,0.8636364750564098,0.28478193644321326,0.5075492371212352,0.16390060114138055,0.06862730736082251,0.28478193644321326,0.8295443509564255,0.9976435899734497,0.6552405953407288,0.7323252558708191,0.7050938010215759,0.7715243697166443,0.781525194644928,0.5849151015281677,2.0052647590637207,0.36460447311401367,0.3045674264431,1.5897389650344849,0.2725677192211151
344,0.0001,0.2168152667582035,0.9557274700495711,0.5500321966229063,0.8521253336044147,0.919113240498191,10.18931269645691,0.22087826672941446,0.1726146014407277,0.14741510106250644,0.06969782058149576,0.22087826672941446,0.8643507026135921,0.2809255628874808,0.49748295003717596,0.1668043082410639,0.06799029773383429,0.2809255628874808,0.83062513849952,0.9974499344825745,0.6553444862365723,0.7327765822410583,0.7048538327217102,0.7709324359893799,0.7819523811340332,0.58404141664505,2.0054194927215576,0.3646702468395233,0.30418866872787476,1.588326334953308,0.2725420892238617
345,0.0001,0.21427783649414778,0.9563076509363386,0.5478690393043287,0.8513504039323796,0.918693729300139,10.177456855773926,0.2195145431905985,0.16851792950183153,0.1482585072517395,0.06876896182075143,0.2195145431905985,0.868526041507721,0.2806614348382661,0.49433790011839435,0.16667225324746335,0.06799881894028548,0.2806614348382661,0.8277416500178251,0.9978010654449463,0.655539870262146,0.733232319355011,0.7048707604408264,0.7709288597106934,0.7823463082313538,0.5840368866920471,2.0052075386047363,0.3648865222930908,0.303730845451355,1.5865777730941772,0.27249211072921753
346,0.0001,0.22570171393454075,0.9536266443495762,0.5455346468723181,0.8528090523687896,0.9195395336727056,9.778935194015503,0.22713958472013474,0.1812020968645811,0.1519797220826149,0.06942981667816639,0.22713958472013474,0.8616014122962952,0.28277964664228034,0.4919035615343036,0.16214215394222375,0.06879734947825923,0.28277964664228034,0.8270825761737246,0.9980701208114624,0.6554929614067078,0.7337196469306946,0.7048535943031311,0.7709710001945496,0.782768964767456,0.5839231610298157,2.0044612884521484,0.36511677503585815,0.3030397891998291,1.5862821340560913,0.27246931195259094
347,0.0001,0.2156894914805889,0.9558599796655488,0.5517053676374031,0.8516395728798313,0.9188965821800754,10.22438383102417,0.21722695883363485,0.1736602894961834,0.14709379151463509,0.07073402684181929,0.21722695883363485,0.8713223338127136,0.27673391139868536,0.5029062845490195,0.16232880227493518,0.06839880595604579,0.27673391139868536,0.8323082652958956,0.9981386661529541,0.6555877923965454,0.7341918349266052,0.7048823833465576,0.7706759572029114,0.783148467540741,0.583323061466217,2.003722667694092,0.3652193546295166,0.30255183577537537,1.5857924222946167,0.2725047171115875
348,0.0001,0.21625952422618866,0.9563468093372715,0.5440107764619769,0.8532857188785367,0.9198100750513474,10.235691547393799,0.2207006188109517,0.17121518682688475,0.14967295993119478,0.06874718563631177,0.2207006188109517,0.8682673014700413,0.2810805963747429,0.4903675498384418,0.16541694149826514,0.06826935697234038,0.2810805963747429,0.8285605004339507,0.9980290532112122,0.6556140184402466,0.7346502542495728,0.7045608758926392,0.7704534530639648,0.7835178375244141,0.5833129286766052,2.0036563873291016,0.36539724469184875,0.3022800385951996,1.5855543613433838,0.2725474536418915
349,0.0001,0.21834102645516396,0.9554054195897205,0.546867392279885,0.8516052507013034,0.918855453784042,11.026353597640991,0.2235765252262354,0.1716155898757279,0.14857013197615743,0.07006155513226986,0.2235765252262354,0.8640218451619148,0.2812370549548756,0.4914969169732296,0.16625139026930838,0.06786714607115948,0.2812370549548756,0.8325951153581793,0.9979382753372192,0.6556552648544312,0.7350505590438843,0.7043529748916626,0.7701835036277771,0.7839291095733643,0.5832976698875427,2.0035722255706787,0.36549055576324463,0.30237114429473877,1.5847914218902588,0.27245545387268066
350,0.0001,0.2166472291573882,0.9561775683970385,0.5462613069649899,0.8532829148400892,0.9198343523881309,10.674083948135376,0.22214835323393345,0.1718860249966383,0.15006089117377996,0.06918748049065471,0.22214835323393345,0.8625272065401077,0.2796118530360135,0.4955219770922805,0.16070051084865222,0.06793507086959752,0.2796118530360135,0.8329203779047186,0.9978461861610413,0.6556074619293213,0.7356157898902893,0.7042030692100525,0.7697601914405823,0.7843756675720215,0.5838316082954407,2.0033199787139893,0.36560142040252686,0.3019877076148987,1.5835953950881958,0.2724246680736542
351,0.0001,0.21496228408068419,0.9567867964535137,0.5448661717501554,0.8536101194791715,0.9200276832280997,10.181298971176147,0.22407826408743858,0.16890963446348906,0.14864421170204878,0.0688097714446485,0.22407826408743858,0.8645783327519894,0.28462905594796845,0.49193803288719873,0.16898719830946488,0.06900202121698495,0.28462905594796845,0.8313004302256035,0.9980118870735168,0.6557978987693787,0.7361626625061035,0.704314649105072,0.7695584893226624,0.7847777605056763,0.5832182765007019,2.0026180744171143,0.3658791780471802,0.3014310896396637,1.582002878189087,0.2724382281303406
352,0.0001,0.21869694907218218,0.9557108472818213,0.5569113240097509,0.8486413597004949,0.9170584181455727,10.25840163230896,0.2249004151672125,0.1732462951913476,0.1515426943078637,0.06907723564654589,0.2249004151672125,0.8633989356458187,0.2835175178267739,0.5039056828527739,0.16822513847640067,0.06863503395156427,0.2835175178267739,0.8279768300778938,0.9980916380882263,0.6557795405387878,0.7367497086524963,0.7041842937469482,0.7693669199943542,0.7852196097373962,0.5822727680206299,2.0020394325256348,0.3660986125469208,0.3011070191860199,1.580377459526062,0.2724345624446869
353,0.0001,0.2093299301341176,0.9580384335473439,0.5442237854003906,0.8532914598790431,0.9198009430036717,10.27254319190979,0.2163709942251444,0.16533655021339655,0.14688942162320018,0.06944911321625113,0.2163709942251444,0.8698332235217094,0.28097912578871753,0.4918783289013487,0.1682459097920042,0.06892588305653947,0.28097912578871753,0.8296312473037026,0.9981878995895386,0.6558842062950134,0.7371940016746521,0.7040509581565857,0.7690213322639465,0.7856160402297974,0.5819036960601807,2.001492977142334,0.36630240082740784,0.3010890781879425,1.5791491270065308,0.2724367678165436
354,0.0001,0.2106444826349616,0.9573116667616337,0.5440994753982081,0.8543721000968574,0.9204713269850711,10.154536724090576,0.2177739292383194,0.1670840703882277,0.14840649347752333,0.07026360416784883,0.2177739292383194,0.8693866282701492,0.2804840694774281,0.49225473403930664,0.1631392285679326,0.06847210160710594,0.2804840694774281,0.8325973333734454,0.9979893565177917,0.6560618281364441,0.7375952005386353,0.7038992643356323,0.7691824436187744,0.7860289216041565,0.5817767977714539,2.0009663105010986,0.36644622683525085,0.3011414408683777,1.5785863399505615,0.2724100947380066
355,0.0001,0.2129819355905056,0.9566814338834091,0.5454484513311675,0.853751181328493,0.9201001446917533,10.456148147583008,0.22006591223180294,0.16716417018324137,0.14725874550640583,0.06927385460585356,0.22006591223180294,0.8666866943240166,0.28650749813426624,0.49161949121590814,0.16894804167025018,0.06870967070713188,0.28650749813426624,0.8273551933693163,0.9981932640075684,0.6562042832374573,0.7380337715148926,0.7040379643440247,0.769507110118866,0.7864430546760559,0.581616222858429,2.000696897506714,0.36657601594924927,0.30088579654693604,1.577091932296753,0.2723943293094635
356,0.0001,0.21589198149740696,0.955997658069219,0.5624037475296946,0.8474985642520141,0.9164772209616024,10.321499824523926,0.22300621401518583,0.17028554435819387,0.15120279043912888,0.06840370735153556,0.22300621401518583,0.8640876859426498,0.28210052215691767,0.5107682076367465,0.16213034319155145,0.06789560875657832,0.28210052215691767,0.8293346455602935,0.9981935620307922,0.6561440229415894,0.7384974360466003,0.7039311528205872,0.7691693902015686,0.7868665456771851,0.5815120935440063,2.001129388809204,0.3667373061180115,0.30050718784332275,1.5749685764312744,0.27239659428596497
357,0.0001,0.21559795178472996,0.9563637437197012,0.5583629861022487,0.8479303372526589,0.9166494656038037,10.385095834732056,0.221977642737329,0.16847804468125105,0.1483667679131031,0.06966693559661508,0.221977642737329,0.8632236570119858,0.2845305655941819,0.5040450872796954,0.1652848557992415,0.06817906169277249,0.2845305655941819,0.8292965310992617,0.9983031749725342,0.6563903093338013,0.7390089631080627,0.7039539217948914,0.7689841985702515,0.787278950214386,0.5814416408538818,2.0011231899261475,0.36695224046707153,0.300292432308197,1.5742096900939941,0.27245333790779114
358,0.0001,0.2128112642094493,0.9578181521201549,0.5643485170422178,0.8469304771579061,0.9160998397884735,10.191672801971436,0.22461498156189919,0.16742255818098783,0.15030140988528728,0.0700466469861567,0.22461498156189919,0.8623699396848679,0.2849340077602502,0.5126582384109497,0.16391494238015378,0.06838582456111908,0.2849340077602502,0.8276349288044553,0.9987326860427856,0.6565492749214172,0.7395424246788025,0.7041028141975403,0.7688924670219421,0.7876916527748108,0.5811236500740051,2.0006654262542725,0.3671243488788605,0.30004721879959106,1.5734169483184814,0.27246010303497314
359,0.0001,0.21159043721854687,0.9581522637050913,0.565331903370944,0.8465698568045616,0.9159501674269156,10.36546516418457,0.2197800436988473,0.16431712917983532,0.15091484691947699,0.06890579080209136,0.2197800436988473,0.8657349683344364,0.28075779929305567,0.5144730625730572,0.1628819704055786,0.06842268946947473,0.28075779929305567,0.832900112325495,0.9989548325538635,0.6566310524940491,0.7400497198104858,0.7040756344795227,0.7690305113792419,0.7881176471710205,0.5809006690979004,2.0004634857177734,0.3672947287559509,0.29977455735206604,1.5726035833358765,0.27242594957351685
360,0.0001,0.20997682958841324,0.958029924753307,0.5594255310116392,0.8484124767322242,0.9170085727335072,10.492457389831543,0.21665597707033157,0.16576129663735628,0.14689329732209444,0.06964580994099379,0.21665597707033157,0.8701957948505878,0.28089856017719617,0.5080325043562687,0.1641632029504487,0.06841953313260367,0.28089856017719617,0.8323333570451448,0.9987406134605408,0.6567671895027161,0.7405176162719727,0.7037506103515625,0.7691605687141418,0.7884972095489502,0.5808521509170532,1.9999794960021973,0.3673899173736572,0.2995375394821167,1.5717387199401855,0.2724037170410156
361,0.0001,0.2034314889460802,0.9595639458002806,0.5480471849441528,0.8538352421796116,0.9201799218540789,10.200950145721436,0.21329160779714584,0.1596612366847694,0.14407776203006506,0.0699282861314714,0.21329160779714584,0.8743737414479256,0.2861625642487497,0.49542830387751263,0.17050786090619635,0.06811605743838078,0.2861625642487497,0.830016325820576,0.998923122882843,0.6568678021430969,0.7409651279449463,0.7038474082946777,0.7691601514816284,0.7888226509094238,0.5810230374336243,1.9988927841186523,0.3676043748855591,0.2991567850112915,1.5708909034729004,0.2724083960056305
362,0.0001,0.21404053550213575,0.9562763653793982,0.5549900784636989,0.850859304968379,0.9183893080217331,10.660860538482666,0.22098033223301172,0.1696887006983161,0.14971082704141736,0.07040987210348248,0.22098033223301172,0.8636706881225109,0.27971535017996124,0.5053566351081386,0.16362692009318958,0.06872342425313863,0.27971535017996124,0.8343725547646031,0.998917818069458,0.6569856405258179,0.7413899898529053,0.7037148475646973,0.7689180970191956,0.7892110347747803,0.5806424021720886,1.9988088607788086,0.3677634596824646,0.298807293176651,1.570468544960022,0.2723430097103119
363,0.0001,0.21214894019067287,0.9580136147958338,0.5642093311656605,0.8466478682425064,0.9158641316279924,10.69223666191101,0.22294073458760977,0.16682907659560442,0.15046893153339624,0.0709327319636941,0.22294073458760977,0.8655444271862507,0.2807288783969301,0.512561975103436,0.1651471961628307,0.068479882496776,0.2807288783969301,0.8320847478779879,0.9986836910247803,0.6572406888008118,0.7418155074119568,0.703743577003479,0.7688815593719482,0.7896280288696289,0.5797553062438965,1.9985021352767944,0.3679720461368561,0.2984951436519623,1.5696442127227783,0.27236708998680115
364,0.0001,0.2091163182631135,0.9578507026662199,0.5428806579474247,0.8552765225351643,0.9209804837529679,10.514317989349365,0.22174760606139898,0.16300474386662245,0.14961740048602223,0.07037134002894163,0.22174760606139898,0.8635901436209679,0.2881114302259503,0.4895259539286296,0.16479441433241873,0.0689835005411596,0.2881114302259503,0.8297624389330546,0.9987127780914307,0.6573007702827454,0.7422649264335632,0.7036266922950745,0.7689430713653564,0.7900922298431396,0.5793827176094055,1.9981869459152222,0.3681463897228241,0.29831159114837646,1.568647861480713,0.2723822593688965
365,0.0001,0.2115887263789773,0.9579698011934376,0.5580225532705133,0.8507914314464516,0.9184050397009531,10.613828897476196,0.2193130124360323,0.16744434274733067,0.14783135894685984,0.0698099504224956,0.2193130124360323,0.8687041141092777,0.2793894789435647,0.5102900212461298,0.16124458746476608,0.06871710966030757,0.2793894789435647,0.833512665647449,0.9984910488128662,0.6573532223701477,0.7427200675010681,0.7035056948661804,0.7687036991119385,0.7905017733573914,0.5792597532272339,1.9980103969573975,0.36834338307380676,0.2981202304363251,1.5680906772613525,0.2724243700504303
366,0.0001,0.20679791364818811,0.9588532095972027,0.5543222644112327,0.8517452725131986,0.9189419785812004,11.041710138320923,0.21889094915241003,0.1610237918794155,0.1481910850852728,0.07080819457769394,0.21889094915241003,0.8686869628727436,0.28176602269663953,0.504738040042646,0.16677196098096442,0.0687780717782902,0.28176602269663953,0.8319223866318212,0.998462438583374,0.6574384570121765,0.7431586980819702,0.7036351561546326,0.7687227129936218,0.7908925414085388,0.5790637135505676,1.997750997543335,0.36853283643722534,0.297913134098053,1.5676053762435913,0.2724589705467224
367,0.0001,0.21052843611687422,0.9583092554359789,0.5467191681717382,0.8540999350098071,0.9202320901562079,10.473446130752563,0.22052645683288574,0.16417210642248392,0.1488733123987913,0.06980575434863567,0.22052645683288574,0.865635771304369,0.28261105580763385,0.49585148782441113,0.16381489688699896,0.06797874143177812,0.28261105580763385,0.8320522127729474,0.9984971284866333,0.657524049282074,0.7435418963432312,0.7036214470863342,0.768448531627655,0.7912218570709229,0.5790080428123474,1.9974579811096191,0.3687393069267273,0.29764607548713684,1.5664024353027344,0.2724725604057312
368,0.0001,0.21584079694002867,0.9566945448176793,0.5457249374100657,0.8547614905545552,0.92068452260286,10.365167617797852,0.2297406941652298,0.16695848805829883,0.1517689311876893,0.06981972744688392,0.2297406941652298,0.8590077422559261,0.28160914146538935,0.49745276299389923,0.16477237777276474,0.06785897775129839,0.28160914146538935,0.8325696352756384,0.9985558390617371,0.6574978828430176,0.7439603209495544,0.7035782337188721,0.7679340243339539,0.7915255427360535,0.5785219073295593,1.9970136880874634,0.36887326836586,0.29746192693710327,1.5654231309890747,0.2724887728691101
369,0.0001,0.20386124029755592,0.9600337367818447,0.5468521334908225,0.8538453148492299,0.9201271623936648,10.478287935256958,0.2200071895495057,0.156661381945014,0.14602176193147898,0.07000385131686926,0.2200071895495057,0.8665809333324432,0.2802638357335871,0.497724200740005,0.1636008990533424,0.06753727624362166,0.2802638357335871,0.8346831744367426,0.9987363219261169,0.6575698852539062,0.7443642020225525,0.7033881545066833,0.7675006985664368,0.7918620705604553,0.578374981880188,1.9969114065170288,0.3690316081047058,0.2970898151397705,1.5649267435073853,0.27242550253868103
370,0.0001,0.207437664270401,0.9590095632346949,0.5511193745064012,0.8531814984979482,0.9197703053676545,10.420616865158081,0.22164189163595438,0.1608294239267707,0.1470835441723466,0.06919241463765502,0.22164189163595438,0.8639993369579315,0.27976475881807733,0.5029096440835432,0.1621394193533695,0.0677868788215247,0.27976475881807733,0.832937220732371,0.9989013075828552,0.6576790809631348,0.7448299527168274,0.7034225463867188,0.7672946453094482,0.7921860218048096,0.5786168575286865,1.9965378046035767,0.3692152500152588,0.296555757522583,1.5646162033081055,0.2723917067050934
371,0.0001,0.21111604291945696,0.9579556948859643,0.5591856241226196,0.8502119410075585,0.9180327731510535,10.325733423233032,0.2219938589259982,0.16623562294989824,0.14827461820095778,0.07002068310976028,0.2219938589259982,0.8676255643367767,0.2795891057361256,0.5111512939135233,0.16363424062728882,0.0683393297773419,0.2795891057361256,0.8329968091213342,0.9988881945610046,0.6578590273857117,0.7452601790428162,0.7033726572990417,0.767025887966156,0.7925514578819275,0.5785501599311829,1.996443271636963,0.36940404772758484,0.29619118571281433,1.5639458894729614,0.2723872661590576
372,0.0001,0.21486752852797508,0.9563324833372918,0.5528268525094697,0.8527964930323289,0.9196067657510619,10.713942527770996,0.22317824978381395,0.16715846210718155,0.14995354507118464,0.0684369804803282,0.22317824978381395,0.8601934313774109,0.27886090856609924,0.5053560282244827,0.1630211626038407,0.06875840032642538,0.27886090856609924,0.8339243820219329,0.999029278755188,0.6579392552375793,0.7456668019294739,0.7033944725990295,0.7668066620826721,0.7929370999336243,0.5778050422668457,1.9968881607055664,0.36954382061958313,0.2958207428455353,1.5632929801940918,0.27234509587287903
373,0.0001,0.20715718623250723,0.9593222235005926,0.5606415271759033,0.8491436413979199,0.9174372189563819,10.298480749130249,0.22306595742702484,0.15704652294516563,0.1514885937795043,0.06928295642137527,0.22306595742702484,0.8629791475832462,0.28080862218683417,0.5103708722374656,0.15958798654151685,0.06845258977828604,0.28080862218683417,0.8330667596874815,0.9990057945251465,0.6580725312232971,0.7460993528366089,0.7034956812858582,0.7669160962104797,0.7933238744735718,0.5777854323387146,1.9972302913665771,0.36971238255500793,0.29559126496315,1.5618633031845093,0.27231118083000183
374,0.0001,0.2077012937515974,0.958677890059794,0.5653412667187777,0.8475846177151277,0.9165395494713113,10.911399126052856,0.22184167616069317,0.16136807296425104,0.14799451641738415,0.06945689395070076,0.22184167616069317,0.8618756420910358,0.283416287465529,0.5144049633633007,0.1662763880960869,0.06793927615790656,0.283416287465529,0.8294643019184922,0.9992166757583618,0.6581665873527527,0.7465808987617493,0.7033908367156982,0.7668805122375488,0.7937225699424744,0.5780637264251709,1.9971115589141846,0.36985450983047485,0.29533857107162476,1.5613375902175903,0.27229341864585876
375,0.0001,0.20953910052776337,0.9583949830171469,0.5618072025703661,0.8496048011159193,0.9176973642490244,10.607460260391235,0.22097293380647898,0.16203408874571323,0.14823003020137548,0.06814942229539156,0.22097293380647898,0.8657900132238865,0.27956517537434894,0.5136844407428395,0.16131773049181158,0.06793371791189368,0.27956517537434894,0.8335728536952626,0.9992033839225769,0.6584144234657288,0.7469967007637024,0.7031927108764648,0.7667469382286072,0.7940831780433655,0.5778728127479553,1.9966933727264404,0.36996179819107056,0.2950974106788635,1.561066746711731,0.27231332659721375
376,0.0001,0.2113119177520275,0.9579088813515848,0.5578649549773245,0.8498504007540227,0.9178365904397541,10.204505920410156,0.22319847252219915,0.16540010599419475,0.14966526627540588,0.06945189740508795,0.22319847252219915,0.8633116483688354,0.28040802840030554,0.5094868233709624,0.16492052511735397,0.06776812277508504,0.28040802840030554,0.8315172719232964,0.9991187453269958,0.6584823727607727,0.7474618554115295,0.7030892968177795,0.7669005990028381,0.7945324182510376,0.5773323178291321,1.9961580038070679,0.3700762093067169,0.29488468170166016,1.5603526830673218,0.2723064422607422
377,0.0001,0.2118174284696579,0.9578114590630225,0.56444082476876,0.8474016899069253,0.9163404158651726,10.179978132247925,0.22484676633030176,0.16383087914437056,0.14861232787370682,0.06873869663104415,0.22484676633030176,0.8591084219515324,0.2808029163967479,0.5151329943628022,0.16471795782898413,0.0677737258374691,0.2808029163967479,0.8321984392223936,0.9992203712463379,0.6585696339607239,0.7479527592658997,0.7028380632400513,0.7669011950492859,0.794850766658783,0.5769590735435486,1.9956408739089966,0.3702290654182434,0.2948578894138336,1.559720516204834,0.272342711687088
378,0.0001,0.20397725515067577,0.9608443901823089,0.5662941679810033,0.8477339840816159,0.9166161827155311,10.40879201889038,0.2226896258071065,0.15495381923392415,0.149190966039896,0.06820140220224857,0.2226896258071065,0.8628090843558311,0.278953776215062,0.5184583501382307,0.16691037741574374,0.06770392055764343,0.278953776215062,0.8333257599310442,0.9993318319320679,0.6585328578948975,0.7484156489372253,0.7027539014816284,0.7666341662406921,0.7952151298522949,0.5767271518707275,1.9953064918518066,0.37041908502578735,0.2949712872505188,1.5589381456375122,0.2723759412765503
379,0.0001,0.21634602919220924,0.9561416510308081,0.569302190433849,0.847071229129918,0.9162002751187815,10.263968229293823,0.22983795311301947,0.16817208472639322,0.15252741798758507,0.06866455124691129,0.22983795311301947,0.8567255474627018,0.2806810899214311,0.5209396788568208,0.1644408982811552,0.06787062605673616,0.2806810899214311,0.8324568831559384,0.999387800693512,0.658481240272522,0.7488442063331604,0.7028093934059143,0.7665547132492065,0.795630156993866,0.5762637257575989,1.9953182935714722,0.37057065963745117,0.2949380576610565,1.5582389831542969,0.2723345458507538
380,0.0001,0.20725546777248383,0.9589196820655452,0.5566492730920966,0.8507686632255489,0.9183997104494512,9.995296478271484,0.22318021208047867,0.16037134546786547,0.15054113417863846,0.06907025445252657,0.22318021208047867,0.8647811934351921,0.28701385223504267,0.5038391731002114,0.16887289105039655,0.06801878830248659,0.28701385223504267,0.8300689928459398,0.9993297457695007,0.658495306968689,0.7492464780807495,0.7027330994606018,0.7667888402938843,0.795960545539856,0.5759124159812927,1.994667887687683,0.3707655668258667,0.29476726055145264,1.5578992366790771,0.2722989320755005
381,0.0001,0.20447896979749203,0.9599476664403507,0.5665690646027074,0.8483314100471728,0.9169661105340868,10.661313533782959,0.22014272958040237,0.15676003275439143,0.14813854824751616,0.06919365748763084,0.22014272958040237,0.867459125816822,0.27915918827056885,0.5200915643663118,0.16246256864432132,0.06789462686036572,0.27915918827056885,0.8323390483856201,0.9995030760765076,0.6587158441543579,0.7496802806854248,0.7026031017303467,0.7666152715682983,0.7963064312934875,0.5756754875183105,1.993984341621399,0.3709065020084381,0.2945121228694916,1.5569473505020142,0.27232491970062256
382,0.0001,0.20042123831808567,0.9610826134598136,0.5650680932131681,0.8479380811967809,0.9167504638275359,10.394472599029541,0.21530359983444214,0.154766162391752,0.1445189816877246,0.06845420738682151,0.21530359983444214,0.8692231103777885,0.2810657602367979,0.5153635053923635,0.16328503326936203,0.06765510175715793,0.2810657602367979,0.831460335037925,0.9995015263557434,0.6588583588600159,0.7500827312469482,0.7027772068977356,0.7665572166442871,0.7966942191123962,0.5751389265060425,1.9936275482177734,0.37107232213020325,0.29446685314178467,1.5566099882125854,0.2723347246646881
383,0.0001,0.20682499464601278,0.9591682653342954,0.5581414302190145,0.8518530283045088,0.9190464327237756,10.86863660812378,0.22291534394025803,0.160165055654943,0.14941725600510836,0.06918685464188457,0.22291534394025803,0.86361975222826,0.2860365094560565,0.5081237572612185,0.16560073016267834,0.06928898642460506,0.2860365094560565,0.829097279996583,0.9995825886726379,0.6588825583457947,0.7505472302436829,0.702637255191803,0.7664867639541626,0.797027051448822,0.5748883485794067,1.993170142173767,0.37122514843940735,0.29434970021247864,1.5561671257019043,0.2722744047641754
384,0.0001,0.20735703501850367,0.9587572146627724,0.5662892406637018,0.8483705738269741,0.9169180051654363,9.642326831817627,0.2199446614831686,0.1618685945868492,0.14846861828118563,0.06873856205493212,0.2199446614831686,0.8668540753424168,0.2834472276947715,0.5155645717274059,0.16565351955818408,0.06852812003908736,0.2834472276947715,0.8324286468101271,0.9994142055511475,0.6589611172676086,0.7508891820907593,0.7026095986366272,0.7662457823753357,0.7973416447639465,0.5747717022895813,1.9925336837768555,0.37135177850723267,0.294257789850235,1.5560052394866943,0.272184818983078
385,0.0001,0.20316091366112232,0.960348177913103,0.5653353423783274,0.8476802438671105,0.9166626507651329,10.197413206100464,0.21898839436471462,0.15696888603270054,0.14798303693532944,0.07014147052541375,0.21898839436471462,0.8660009652376175,0.28145129030401056,0.5114976239926887,0.16779455903804663,0.0685634675125281,0.28145129030401056,0.8309099511666731,0.9993080496788025,0.6589469313621521,0.7512912750244141,0.7023726105690002,0.7668273448944092,0.7976612448692322,0.5752824544906616,1.9912785291671753,0.3714945316314697,0.2943645119667053,1.5570908784866333,0.27214929461479187
386,0.0001,0.20520311314612627,0.9594176941323178,0.5725615241310813,0.8466263624680668,0.9159673699400471,10.374110460281372,0.2209993926808238,0.1595925074070692,0.14751933608204126,0.06955437129363418,0.2209993926808238,0.8665741607546806,0.2827626448689085,0.5231854590502653,0.1644805155017159,0.0688144802821405,0.2827626448689085,0.8269927862918738,0.9995469450950623,0.6590889692306519,0.7516685724258423,0.7022489905357361,0.7663487792015076,0.7979529500007629,0.5750128030776978,1.99101984500885,0.37165018916130066,0.2941606938838959,1.555993914604187,0.2721315920352936
387,0.0001,0.19976372830569744,0.9609509750836303,0.5673833182363799,0.8484478992315343,0.9170127477267997,10.551012754440308,0.21360675897449255,0.1559678646735847,0.14631477929651737,0.07022960344329476,0.21360675897449255,0.8715516068041325,0.27951576673623285,0.5200253869547988,0.16694344625328528,0.06871190678441164,0.27951576673623285,0.8335241115454471,0.9997199177742004,0.6592771410942078,0.7520167231559753,0.7022897005081177,0.7660878300666809,0.798189640045166,0.574996292591095,1.990139365196228,0.371816486120224,0.2940027415752411,1.5548295974731445,0.27210763096809387
388,0.0001,0.19890110287815332,0.9618030747850562,0.5574131878939542,0.851559433922936,0.9189120972320387,10.519019603729248,0.2173661207780242,0.15071629267185926,0.14817036502063274,0.07005021069198847,0.2173661207780242,0.8693428076803684,0.2797913840322783,0.509685193047379,0.16501007838682694,0.06882998606923854,0.2797913840322783,0.8325672763766665,0.9999570846557617,0.6593528985977173,0.7524673342704773,0.7022981643676758,0.7660226225852966,0.7985442280769348,0.5746644139289856,1.9898357391357422,0.3719515800476074,0.2936212122440338,1.553924322128296,0.27210113406181335
389,0.0001,0.19923612475395203,0.9619160870703715,0.5592595411069465,0.8514835336441825,0.9187847542652563,11.030657768249512,0.21592697594314814,0.15372669510543346,0.14500517677515745,0.06972153019160032,0.21592697594314814,0.8700724840164185,0.2804028211217938,0.5122461626023957,0.16135663426283633,0.06847415074254527,0.2804028211217938,0.8299319328683795,1.0000852346420288,0.6595648527145386,0.7529004812240601,0.7023025751113892,0.7656340599060059,0.798882246017456,0.57414710521698,1.9897958040237427,0.372048020362854,0.2931428551673889,1.5525869131088257,0.2720928192138672
390,0.0001,0.20399334747344255,0.9600112557633738,0.5648000818310361,0.8486761388321084,0.9171932187015518,10.370068311691284,0.22131933644413948,0.15777768474072218,0.14804684044793248,0.07086160313338041,0.22131933644413948,0.8669038414955139,0.28159686110236426,0.5147969776933844,0.1682432745442246,0.06816016702037869,0.28159686110236426,0.830822001804005,0.999867856502533,0.6596221327781677,0.7532645463943481,0.7024049758911133,0.7653696537017822,0.7992615699768066,0.5738340616226196,1.9899598360061646,0.3721315860748291,0.29301947355270386,1.5518443584442139,0.2720625102519989
391,0.0001,0.20912147592753172,0.9589799862872244,0.5603034062819048,0.8509984000995658,0.9185224111111018,10.769505739212036,0.2227335637435317,0.16249066963791847,0.14747640397399664,0.06857414683327079,0.2227335637435317,0.8630509488284588,0.2797277479460745,0.5129967024832061,0.1605230515653437,0.06833135968807971,0.2797277479460745,0.8344146591244321,1.000014066696167,0.6596077084541321,0.7536895275115967,0.702420711517334,0.7650935053825378,0.79958176612854,0.5735708475112915,1.9897676706314087,0.3722498416900635,0.2927594780921936,1.5511797666549683,0.2720261812210083
392,0.0001,0.19846426881849766,0.9611524745880498,0.5610035549510609,0.850671243193579,0.9183261803002758,10.6700439453125,0.21517476253211498,0.15533629013225436,0.14443431608378887,0.06987362029030919,0.21517476253211498,0.8714808337390423,0.2794270407069813,0.5126807798038829,0.16557575355876575,0.06886828645612254,0.2794270407069813,0.8343992594516638,1.0003437995910645,0.6597115397453308,0.7541007995605469,0.7023196220397949,0.7649349570274353,0.7998658418655396,0.5731056332588196,1.9890183210372925,0.37239935994148254,0.2925223708152771,1.550534725189209,0.2720550000667572
393,0.0001,0.20002015307545662,0.9605987060242512,0.5691949092980587,0.8483398939392451,0.9168787113594757,10.66478705406189,0.21520442888140678,0.15692832879722118,0.1462603649124503,0.06977436691522598,0.21520442888140678,0.8720233663916588,0.2834946531237978,0.5206098701014663,0.16568491133776578,0.06857380225802913,0.2834946531237978,0.830116918592742,1.000386357307434,0.659818708896637,0.754511833190918,0.7022367715835571,0.7649269700050354,0.8002475500106812,0.572993814945221,1.9882663488388062,0.3725489377975464,0.2923524081707001,1.549885630607605,0.27211132645606995
394,0.0001,0.2047017142176628,0.95942834570218,0.5635556560574155,0.8502435683545347,0.9180937471992375,10.62670612335205,0.21994503494352102,0.1596251749433577,0.1479116934351623,0.07007615361362696,0.21994503494352102,0.8675708957016468,0.28230207255392364,0.5147926157171075,0.16637687249617142,0.06917953050949356,0.28230207255392364,0.8321986866719795,1.0004132986068726,0.6598984599113464,0.7548867464065552,0.7021294832229614,0.7650421857833862,0.800663948059082,0.5726083517074585,1.9881887435913086,0.3726751208305359,0.2921980321407318,1.5490082502365112,0.2721009850502014
395,0.0001,0.2047111326828599,0.9593082084692927,0.5644313747232611,0.8506304277357123,0.9182762968982789,10.667234420776367,0.218574951402843,0.16236974485218525,0.14687585644423962,0.06906438851729035,0.218574951402843,0.8685609064996243,0.2807820276780562,0.5180912108132334,0.1656578237360174,0.06833888296828125,0.2807820276780562,0.832388643062476,1.000169038772583,0.6601071953773499,0.7552134394645691,0.7017905116081238,0.7652881145477295,0.8009527921676636,0.5724180936813354,1.9878489971160889,0.37280094623565674,0.2920014262199402,1.5482138395309448,0.2721203863620758
396,0.0001,0.20065859891474247,0.9611087061609253,0.5637688492283677,0.8502788046782455,0.9180563416768799,10.417160034179688,0.22026886325329542,0.15359869878739119,0.14775273948907852,0.0705098167527467,0.22026886325329542,0.8666963800787926,0.2845429145928585,0.5149016886046438,0.1638157530264421,0.06810961370215271,0.2845429145928585,0.8242791854973995,1.0002710819244385,0.66025710105896,0.7555938363075256,0.7018070220947266,0.7653659582138062,0.8013275265693665,0.5719708800315857,1.987837791442871,0.37291017174720764,0.2916364371776581,1.547318696975708,0.2721482813358307
397,0.0001,0.20399842504411936,0.9595194769952575,0.5585254683639064,0.8521028505925246,0.9191904963757218,10.779947757720947,0.2174904439598322,0.15923868864774704,0.14711577910929918,0.07054956490173936,0.2174904439598322,0.8696446865797043,0.27895292007561884,0.5108468658996351,0.1653332385149869,0.06835996969179674,0.27895292007561884,0.8353784897110679,1.0002460479736328,0.6602171063423157,0.7559691071510315,0.7017772197723389,0.7651527523994446,0.8017242550849915,0.5716649293899536,1.987513780593872,0.3730853497982025,0.2916138470172882,1.5467771291732788,0.27215340733528137
398,0.0001,0.20272544398903847,0.9605088894804382,0.5604445934295654,0.8513759446687266,0.9187293391906639,10.498563528060913,0.21739840228110552,0.1574010830372572,0.1477548824623227,0.06994358915835619,0.21739840228110552,0.8696982711553574,0.28005688840692694,0.5139968792597452,0.16304845069393967,0.06874149145953583,0.28005688840692694,0.8340978387630347,1.0002802610397339,0.660366415977478,0.7563802599906921,0.7015992403030396,0.7648088335990906,0.8020291924476624,0.5715994238853455,1.9868422746658325,0.3732651174068451,0.2913224995136261,1.5462753772735596,0.272215336561203
399,0.0001,0.2058734204620123,0.9597834289960832,0.5623098864699855,0.8509915332117253,0.9184855285227463,10.59683609008789,0.22240835055708885,0.1586332442238927,0.14956654235720634,0.0697450814768672,0.22240835055708885,0.8626864291727543,0.2781391703721249,0.5186262636473684,0.1604207663825064,0.06862929779471773,0.2781391703721249,0.8342648311094805,1.0002195835113525,0.6603853702545166,0.7567921280860901,0.7014325261116028,0.7648211717605591,0.8023495674133301,0.5711442232131958,1.9862176179885864,0.37337079644203186,0.2910481095314026,1.545716643333435,0.272208571434021
