epoch,lr,loss,iou,val_loss,val_iou,val_dice,epoch_sec,train_ctrl,train_foc,train_ma_mean,train_rho_std,train_ctrl_bce,train_cell_iou,val_ctrl,val_foc,val_ma_mean,val_rho_std,val_ctrl_bce,val_cell_iou,norm_route1_wc,norm_route1_wa,norm_route1_beta,norm_route2_wc,norm_route2_wa,norm_route2_beta,norm_route3_wc,norm_route3_wa,norm_route3_beta,norm_route4_wc,norm_route4_wa,norm_route4_beta
0,0.0001,1.5311810839921236,0.2815429856549432,1.5432618361253005,0.10606908966579601,0.18528780217783034,149.9081015586853,0.6710945433005691,0.5549544701352715,0.49477970972657204,0.0031719138219159504,0.6710945433005691,0.0,0.659490337738624,0.5295648703208337,0.49315210764224715,0.004080979998868245,0.659490337738624,0.0,0.07940157502889633,0.06415475904941559,0.03397639840841293,0.08810222148895264,0.08893901854753494,0.026918159797787666,0.12132593989372253,0.1876968890428543,0.01977819763123989,0.13429737091064453,0.17131060361862183,0.0187221672385931
1,0.0001,1.395464787259698,0.385506068713598,1.4118015472705547,0.34569319700187434,0.5073951737288596,40.695905923843384,0.6205437127500772,0.4696714938618243,0.47858478501439095,0.009339058444311377,0.6205437127500772,0.00015310259914258495,0.5978845632993258,0.48963316587301403,0.46738997422731837,0.010385603142472414,0.5978845632993258,0.0006614019449513693,0.14507649838924408,0.11462996155023575,0.06614046543836594,0.14051492512226105,0.1412336826324463,0.056393977254629135,0.17538660764694214,0.3284611403942108,0.03085753507912159,0.17744001746177673,0.2457946389913559,0.024966666474938393
2,0.0001,1.3284779973328114,0.4263624357694293,1.3275272351044876,0.45095377576932877,0.6157889873224103,54.38243317604065,0.5665952367708087,0.43277490278705955,0.4507110361009836,0.01407127024140209,0.5665952367708087,0.002330598936168826,0.5518636978589572,0.4294513564843398,0.4401540829585149,0.011953982567557921,0.5518636978589572,0.008728672657161951,0.2021743804216385,0.14865778386592865,0.09214327484369278,0.1822255402803421,0.1683172881603241,0.0776098221540451,0.21186736226081848,0.4236513078212738,0.04098914563655853,0.20772850513458252,0.3048440217971802,0.03287534788250923
3,0.0001,1.294836288318038,0.4219567397176805,1.3107084090893084,0.4121587861530359,0.5766988845688797,52.711562156677246,0.5148914139717817,0.41726831207051873,0.4177701720036566,0.018299449875485152,0.5148914139717817,0.012191813902973081,0.5018698087105384,0.44400270214447607,0.4071764927643996,0.016548035064568888,0.5018698087105384,0.03212699947090676,0.25349172949790955,0.17480675876140594,0.1136498674750328,0.21169205009937286,0.1991843581199646,0.09137123823165894,0.24024134874343872,0.5452361702919006,0.04835247993469238,0.22909854352474213,0.39737576246261597,0.04106829687952995
4,0.0001,1.2482005786150694,0.4660168635202623,1.3217744167034442,0.3900381201378858,0.5570078745865796,48.03187108039856,0.46709306072443724,0.39778047893196344,0.38471133494749665,0.022140040702652186,0.46709306072443724,0.030246174210333265,0.47880721413172206,0.47142919256136967,0.38964879512786865,0.01988893566796413,0.47880721413172206,0.07581411503398648,0.29787367582321167,0.19713176786899567,0.1313839703798294,0.23808833956718445,0.2232152819633484,0.10229156166315079,0.27123111486434937,0.6637372374534607,0.057466160506010056,0.2494485080242157,0.4617064595222473,0.0475555956363678
5,0.0001,1.2201952580362558,0.4744187961354127,1.3256801953682533,0.34281994426686113,0.5011437057127656,49.03905534744263,0.4267670148983598,0.3898309809155762,0.35247510951012373,0.026082510798005387,0.4267670148983598,0.06038339750011801,0.46576049327850344,0.47045517105322615,0.38118853844129125,0.023117813783196304,0.46576049327850344,0.12204139719788845,0.33814775943756104,0.2173120230436325,0.1468443125486374,0.26032504439353943,0.24918778240680695,0.11379765719175339,0.28399237990379333,0.735916018486023,0.06545458734035492,0.26471802592277527,0.5149451494216919,0.051395028829574585
6,0.0001,1.1915836594998837,0.5004041000694659,1.335847629033602,0.3356661791810461,0.4973282239410561,46.62185287475586,0.389839603099972,0.38091226667165756,0.3235592204146087,0.02849269803846255,0.389839603099972,0.08360052256466588,0.45208546840227565,0.4936390317403353,0.3700347162210024,0.026079908930338347,0.45208546840227565,0.19094323263718532,0.3772028982639313,0.2332855612039566,0.16134768724441528,0.2782239615917206,0.26549315452575684,0.12217841297388077,0.3080498278141022,0.8077517151832581,0.07360804080963135,0.27782878279685974,0.5713512301445007,0.05864749476313591
7,0.0001,1.1710334960371256,0.4907824709816578,1.3324902351085957,0.36466820781255754,0.5256761912701905,46.39828896522522,0.3600058127194643,0.37668171897530556,0.29621528275310993,0.0322750061750412,0.3600058127194643,0.11400669995055068,0.41310768402539766,0.5173280789301946,0.3297402487351344,0.02803336075292184,0.41310768402539766,0.1720537679699751,0.41286754608154297,0.249966099858284,0.1750718504190445,0.2974972128868103,0.27593329548835754,0.13171736896038055,0.3242279887199402,0.8453885912895203,0.08195587992668152,0.2887362539768219,0.5816282033920288,0.06459537893533707
8,0.0001,1.1450922209769487,0.5211528476405547,1.2224815295292781,0.44604980034003533,0.6082633039585507,45.87737226486206,0.335809504147619,0.3643629178404808,0.2715450129471719,0.033392893441487104,0.335809504147619,0.110934381140396,0.368538877597222,0.43369038838606616,0.30303882635556734,0.03142126171061626,0.368538877597222,0.19135708992297834,0.4504978358745575,0.2720016539096832,0.18960800766944885,0.3145454227924347,0.2900659441947937,0.13962498307228088,0.3398377001285553,0.9244158267974854,0.08948859572410583,0.2942136824131012,0.6317638158798218,0.07054656744003296
9,0.0001,1.1207430036738515,0.5279063273613659,1.3819278130164514,0.3145055890923829,0.47298392366973424,38.59310698509216,0.312374206725508,0.35543984919786453,0.2512058336287737,0.03765412361826748,0.312374206725508,0.15420431239181198,0.398409359730207,0.5871326020130745,0.32282045804537257,0.03692682316670051,0.398409359730207,0.22199303141007057,0.4894873797893524,0.2974908947944641,0.20404435694217682,0.3274834156036377,0.30632326006889343,0.1481698602437973,0.34475839138031006,1.0065521001815796,0.09557346254587173,0.29696327447891235,0.70989590883255,0.07852339744567871
10,0.0001,1.1078569246456027,0.5169111086011329,1.2562813630470864,0.4069918621714631,0.5717364241394695,31.879892110824585,0.29522596951574087,0.3533711568452418,0.23255851794965565,0.04086065187584609,0.29522596951574087,0.16204492771066725,0.4145614546078902,0.4589164940210489,0.3307889690765968,0.04052929442662459,0.4145614546078902,0.24739963022562173,0.5215417742729187,0.3224914073944092,0.21771787106990814,0.3412148058414459,0.31831836700439453,0.15520621836185455,0.3563966155052185,1.019344449043274,0.1053815707564354,0.29922500252723694,0.7492369413375854,0.08637011796236038
11,0.0001,1.0844926964491606,0.5216836268284476,1.143075755926279,0.4913160942736966,0.6513221476254532,31.290321826934814,0.28012092038989067,0.3302782066166401,0.21606488875113428,0.04500720894429833,0.28012092038989067,0.16358462217613123,0.3570446261992821,0.35780161023139956,0.2916669726371765,0.04256942277917495,0.3570446261992821,0.2759993085494408,0.5516810417175293,0.3446686565876007,0.23250038921833038,0.35089024901390076,0.33666980266571045,0.16412138938903809,0.37573501467704773,1.108721137046814,0.11420802772045135,0.3025999665260315,0.8000373840332031,0.09141378849744797
12,0.0001,1.0494554182514548,0.5512936341758192,1.1690285792717567,0.4345805279169183,0.6004080273510427,31.92502474784851,0.267585986526683,0.30192721309140325,0.2029547644779086,0.051857249753084034,0.267585986526683,0.1963684681104496,0.3479477758590992,0.4235555644218738,0.2767966142067542,0.0516331696166442,0.3479477758590992,0.2791413687742673,0.5813288688659668,0.37405139207839966,0.2456277459859848,0.3609594404697418,0.3505035638809204,0.1702573299407959,0.37415388226509094,1.1184649467468262,0.12083982676267624,0.3001803755760193,0.8062853217124939,0.09629517048597336
13,0.0001,1.0279718609526753,0.5475625080410906,1.096015345133268,0.5405581894101001,0.6936030958670429,31.68157720565796,0.2576903023291379,0.2875822975765914,0.1923206311184913,0.055435674847103655,0.2576903023291379,0.19029671057069208,0.3229228748725011,0.3494193714398604,0.2596029492524954,0.05168215620976228,0.3229228748725011,0.27464243861345145,0.6075562238693237,0.3982994258403778,0.2589530050754547,0.3689561188220978,0.35604238510131836,0.1782597154378891,0.3882870674133301,1.1530286073684692,0.13106417655944824,0.30152377486228943,0.8381317257881165,0.0992325097322464
14,0.0001,0.9991291230544448,0.5591163063459768,1.1599436026353103,0.36262443328266425,0.5253420602469591,31.03552746772766,0.24705415358766913,0.2628738775383681,0.18026091833598912,0.058494220313150436,0.24705415358766913,0.2033851350315672,0.29180164337158204,0.3970721831688514,0.22300411692032449,0.05315560205624654,0.29180164337158204,0.2380911735387949,0.6342074275016785,0.4226877987384796,0.27239805459976196,0.37813737988471985,0.36082249879837036,0.1846730262041092,0.38498514890670776,1.198021411895752,0.13733769953250885,0.2960720956325531,0.8562504649162292,0.10358143597841263
15,0.0001,0.9916977435350418,0.5567849243590482,1.0817059076749362,0.5319744736583806,0.6866381485869485,31.2591872215271,0.24106218316592276,0.25652714306488633,0.17161553539335728,0.060559196455869824,0.24106218316592276,0.20935953431762755,0.2896159309607286,0.3439115079549643,0.22422136412217067,0.060540457700307554,0.2896159309607286,0.29471091765623825,0.6571257710456848,0.45497673749923706,0.2857510447502136,0.3803272843360901,0.3707926273345947,0.19092236459255219,0.38699597120285034,1.27234947681427,0.14517946541309357,0.29141107201576233,0.8655551075935364,0.10671067982912064
16,0.0001,0.9703533733263612,0.5542953247204279,0.977118783730727,0.5437411589344361,0.69569256158203,31.57854676246643,0.23419579793699086,0.24628211604431272,0.1646254388615489,0.06512457260396332,0.23419579793699086,0.23234154179226607,0.2542571140023378,0.20526867772524174,0.12555979696603922,0.050456001838812464,0.2542571140023378,0.10155951793377216,0.6771593689918518,0.48050472140312195,0.2990575432777405,0.38472846150398254,0.3777698576450348,0.1980578899383545,0.39347660541534424,1.3505572080612183,0.15100529789924622,0.28622084856033325,0.902967631816864,0.11112403124570847
17,0.0001,0.9488171739503741,0.5677079318823319,1.1890710188792302,0.3814389802882656,0.5447050726922099,31.72355365753174,0.22963376785628498,0.22858739621005952,0.15569205093197525,0.06532503402559087,0.22963376785628498,0.2154176279436797,0.2795004833203096,0.47787112089303824,0.22014086819612064,0.06440033167600631,0.2795004833203096,0.3169112022106464,0.6991335153579712,0.5051743388175964,0.3126125633716583,0.38936200737953186,0.38646721839904785,0.20385107398033142,0.39921119809150696,1.414457082748413,0.15936677157878876,0.2737983167171478,0.9564555287361145,0.11630866676568985
18,0.0001,0.9259197441861033,0.5898906468376108,1.0543780198464028,0.49124289293528356,0.6495242351206381,31.759807348251343,0.22476968821138144,0.21766494633629918,0.1516136114951223,0.07010205299593508,0.22476968821138144,0.23208792915102094,0.2717149152205541,0.3581092504354624,0.2166410214625872,0.06778735088614317,0.2717149152205541,0.3252111535805922,0.7211112976074219,0.5349071621894836,0.3272891938686371,0.39085420966148376,0.3943169116973877,0.2096005082130432,0.41268324851989746,1.456602931022644,0.16617785394191742,0.2654421925544739,1.0061415433883667,0.12024761736392975
19,0.0001,0.9185242531821132,0.5812282828268135,1.0265488991370568,0.4860084258413834,0.6463931380400403,31.033289432525635,0.21764717623591423,0.21469090110622346,0.14467054256238043,0.07282792794285342,0.21764717623591423,0.2508599661523476,0.2762091196500338,0.3334202715983758,0.19530324041843414,0.06598223447799682,0.2762091196500338,0.2558511568949773,0.7394194006919861,0.5494043231010437,0.3411899209022522,0.3934762477874756,0.39574289321899414,0.21641112864017487,0.4164019525051117,1.494354486465454,0.17331022024154663,0.26190802454948425,1.0599491596221924,0.1259763389825821
20,0.0001,0.9085736554116011,0.5707429900971419,1.0341502831532405,0.45689938001872193,0.6206556111565027,39.48694038391113,0.2167838215827942,0.21359966835007071,0.14074392011389136,0.07542037242092192,0.2167838215827942,0.2626762759173289,0.24207387085144336,0.30665310690036185,0.16803143139068896,0.06677641049027443,0.24207387085144336,0.2701824976847722,0.7611887454986572,0.563504159450531,0.3541924059391022,0.3980647325515747,0.40847691893577576,0.2237839549779892,0.42705628275871277,1.5382626056671143,0.17959435284137726,0.2503092885017395,1.1005146503448486,0.13094085454940796
21,0.0001,0.8867194466292858,0.603865350822204,0.9782639320080097,0.555336774570001,0.7079427274484893,45.632638692855835,0.21108515094965696,0.2014474484603852,0.13810979202389717,0.07751365471631289,0.21108515094965696,0.25472395739052445,0.2443929782280555,0.28077870515676645,0.19241824127160587,0.07904403129449257,0.2443929782280555,0.3508904374562777,0.780968964099884,0.5861459970474243,0.3680783212184906,0.40254777669906616,0.41144174337387085,0.22876758873462677,0.44192370772361755,1.5566507577896118,0.1868780255317688,0.24421904981136322,1.1404333114624023,0.1359979510307312
22,0.0001,0.8752284068614244,0.5963815948864422,0.9162892451653114,0.5537156531360402,0.696733089849336,48.38238739967346,0.2121238806284964,0.19516532705165446,0.1330983138177544,0.07876898674294353,0.2121238806284964,0.25923624029383063,0.2248741505237726,0.19999976203991818,0.13308040981109326,0.06599494201632647,0.2248741505237726,0.1922447266486975,0.7954007983207703,0.5913182497024536,0.38136374950408936,0.4088188111782074,0.4213712215423584,0.2352094054222107,0.46815451979637146,1.6460633277893066,0.19262881577014923,0.23102612793445587,1.191758394241333,0.1381615698337555
23,0.0001,0.8670371742919087,0.5970203315672981,0.8706483758412875,0.5424771566124176,0.6958364338466648,51.60345435142517,0.20868613966740668,0.1964677032083273,0.1312525934772566,0.0819286413025111,0.20868613966740668,0.2784280334599316,0.21984401356715422,0.15698167578532146,0.09410218000411988,0.06616982313302847,0.21984401356715422,0.15437297929938024,0.8163198232650757,0.6075966358184814,0.3962058126926422,0.4106251895427704,0.43213358521461487,0.24346980452537537,0.4857642352581024,1.6604567766189575,0.19959816336631775,0.22237209975719452,1.2197880744934082,0.14348788559436798
24,0.0001,0.8450831035152078,0.6014011590587794,0.9235052053744977,0.5732496049807462,0.7213264367376622,54.194915533065796,0.20467711426317692,0.18528242129832506,0.12563660030718893,0.08244058140553534,0.20467711426317692,0.27402131957933307,0.25219734402803273,0.2560285792900966,0.19987023174762725,0.08353550926997111,0.25219734402803273,0.3702658378160917,0.828708291053772,0.6183004975318909,0.4099605977535248,0.41380783915519714,0.44011205434799194,0.25159752368927,0.4868243336677551,1.6897809505462646,0.2056143581867218,0.2154676467180252,1.2462904453277588,0.1466461569070816
25,0.0001,0.83529042173177,0.6137133883901511,0.8632267906115605,0.5914872765573841,0.7360897035306702,55.296411752700806,0.20315887802280486,0.18498251819983125,0.124034124892205,0.08524862886406481,0.20315887802280486,0.2739534566644579,0.20706422879145694,0.21132219456709347,0.13253312901808664,0.08079303468649204,0.20706422879145694,0.2722718834877014,0.8419002294540405,0.6299442648887634,0.42371127009391785,0.4225013554096222,0.4540489614009857,0.2610095143318176,0.5290754437446594,1.7221369743347168,0.211760476231575,0.21226641535758972,1.3114951848983765,0.15070302784442902
26,0.0001,0.8164223907515407,0.6255613051141892,0.8473157002375676,0.637065840596095,0.7694898568337586,52.707655906677246,0.20078875892795622,0.17885546060279012,0.1230599395930767,0.0867152763530612,0.20078875892795622,0.2882267324021086,0.20179528273068942,0.16925051556183743,0.11827842180545513,0.08003289986115236,0.20179528273068942,0.24874032002228957,0.8528315424919128,0.631744384765625,0.4373084604740143,0.42264610528945923,0.46856093406677246,0.2690518796443939,0.5613733530044556,1.745436668395996,0.21719086170196533,0.21497341990470886,1.3481872081756592,0.1553908884525299
27,0.0001,0.8072058279067278,0.616413115922126,0.8509444420154278,0.5722125572954546,0.7202351089632059,67.18454790115356,0.19891743431799114,0.1727611985988915,0.11827809130772948,0.0876549428794533,0.19891743431799114,0.294482727185823,0.20345493440444654,0.17959441244602203,0.10211896632726376,0.08615175038576126,0.20345493440444654,0.23698727259269128,0.8671839237213135,0.6408283114433289,0.45240670442581177,0.4305466413497925,0.48585471510887146,0.2760077118873596,0.570631206035614,1.7666643857955933,0.2232126146554947,0.2087392508983612,1.388970136642456,0.15937751531600952
28,0.0001,0.796077985316515,0.6160780475048737,0.8816256532302269,0.4868635099961228,0.6440651957745483,65.70258116722107,0.19815062650013715,0.17467262491118163,0.11790160974487662,0.0913457014830783,0.19815062650013715,0.29880117444554344,0.20201188234182504,0.2147191731402507,0.13270093156741217,0.08756137249561456,0.20201188234182504,0.31989099429203915,0.8809188604354858,0.6407278776168823,0.46635469794273376,0.437377005815506,0.4972476363182068,0.28294703364372253,0.5942680239677429,1.802772879600525,0.22728785872459412,0.20823068916797638,1.4528112411499023,0.16276611387729645
29,0.0001,0.7876977492123842,0.6219777199699277,0.8388673012073223,0.6208935792887076,0.7580252390124179,68.63073658943176,0.1954956203699112,0.16779401258099824,0.11387014132924378,0.09059081587474793,0.1954956203699112,0.29604479880072176,0.25048005626751824,0.2224938955444556,0.18303524416226608,0.0903165673980346,0.25048005626751824,0.3644702833432418,0.8939016461372375,0.6462665796279907,0.48012351989746094,0.4452034831047058,0.5146376490592957,0.28906604647636414,0.600658655166626,1.8444877862930298,0.23252832889556885,0.20472361147403717,1.5055344104766846,0.1661999523639679
30,0.0001,0.7712605334818363,0.6259860756234727,0.7912908920874963,0.6190156284386438,0.7535185140060019,66.33760190010071,0.19465754309203476,0.16845833288971335,0.11566867027431726,0.09255770407617092,0.19465754309203476,0.3138705382589251,0.20466099977493285,0.17212749857168932,0.12799255389433642,0.0947452126787259,0.20466099977493285,0.3173306685227614,0.9093032479286194,0.6522367000579834,0.49445778131484985,0.4471714496612549,0.5251248478889465,0.295019268989563,0.5898644328117371,1.8608307838439941,0.23694166541099548,0.20457345247268677,1.5701719522476196,0.17134876549243927
31,0.0001,0.7657610541209579,0.61487005599349,0.7682225649173443,0.5969590950408677,0.7373998709282559,63.03444981575012,0.1937953147571534,0.16605828481260687,0.11099226376973093,0.092456383863464,0.1937953147571534,0.3044448965229094,0.20052267129604634,0.16913207723544194,0.10620859677974995,0.08512784850138884,0.20052267129604634,0.2839518514963297,0.9243596792221069,0.6586104035377502,0.5083437561988831,0.4512735903263092,0.550960123538971,0.3016361892223358,0.6250838041305542,1.927266001701355,0.24401725828647614,0.2188396453857422,1.6125162839889526,0.17761091887950897
32,0.0001,0.7672179862856865,0.6013705590692813,0.7780684617849497,0.6196051324569237,0.75694563194762,66.31581163406372,0.1947085274150595,0.17537180369254202,0.11271965445484966,0.09423090610653162,0.1947085274150595,0.3159251606557518,0.19502616180823398,0.16893866245563213,0.11595715169723217,0.092613912660342,0.19502616180823398,0.32885700097450843,0.940024733543396,0.6708492040634155,0.5223880410194397,0.46820977330207825,0.5774574875831604,0.31143563985824585,0.690285861492157,2.0075504779815674,0.2510641813278198,0.22075015306472778,1.6465590000152588,0.18284013867378235
33,0.0001,0.7251742873340845,0.655502364807197,0.7949852411563579,0.559812692674151,0.7104498276182889,66.3017930984497,0.18999960203655064,0.15400941111147404,0.11054512998089194,0.09756717458367348,0.18999960203655064,0.3342221635975875,0.21016077811901385,0.2165686452618012,0.1370230752688188,0.09034441743905727,0.21016077811901385,0.3578952560058007,0.9528588652610779,0.6672235727310181,0.5375640392303467,0.47054439783096313,0.5966724753379822,0.3178725242614746,0.6915672421455383,1.998166561126709,0.254427045583725,0.23442572355270386,1.683770775794983,0.1865180879831314
34,0.0001,0.720792431384325,0.6418357047219784,0.7323767075171838,0.5934899879492888,0.7365637238445714,60.49731779098511,0.18941471225116402,0.15438127203378826,0.10602831759024411,0.09583219897467643,0.18941471225116402,0.3145813650917262,0.18839402554126886,0.15638737162718405,0.09868332136135835,0.09438208146737172,0.18839402554126886,0.31599224714132457,0.9645003080368042,0.6724780201911926,0.5525471568107605,0.4704301655292511,0.6141830086708069,0.32705798745155334,0.674881637096405,2.0320475101470947,0.2624031901359558,0.23681879043579102,1.7835557460784912,0.19073063135147095
35,0.0001,0.7132519790902734,0.6396206692422582,0.7083056294001066,0.6300312146327004,0.7630178084155853,64.79900240898132,0.19002064049709588,0.1560190343298018,0.10692448995541781,0.09805832628626376,0.19002064049709588,0.30630419310182333,0.1989476762712002,0.13476350032366238,0.07194520911345115,0.09355948773714212,0.1989476762712002,0.23294881994907674,0.9793924689292908,0.6726725697517395,0.5661020874977112,0.49038371443748474,0.6459649801254272,0.3339806795120239,0.709282636642456,2.0907342433929443,0.27003854513168335,0.2258724421262741,1.8369823694229126,0.19664780795574188
36,0.0001,0.6951369545422494,0.6428802529850393,0.8072427428685702,0.5075353322587558,0.6659444644065351,64.42340612411499,0.18755437224172056,0.15259968070313334,0.10545794910285622,0.09864253352861851,0.18755437224172056,0.31644462572876364,0.20273594420689803,0.2302137078000949,0.12266384718509821,0.09155137848395567,0.20273594420689803,0.328798626936399,0.9900269508361816,0.6781454086303711,0.579913318157196,0.4999535381793976,0.6715313196182251,0.3430919945240021,0.7329860925674438,2.1485209465026855,0.2741157114505768,0.2378750741481781,1.899292230606079,0.19946512579917908
37,0.0001,0.6767719876952469,0.6686552169124366,0.6993189839216379,0.6214925459054197,0.7577482836443643,66.27352571487427,0.18802330666221678,0.14768402196932584,0.10625390382483602,0.10222089185845107,0.18802330666221678,0.3371475877938792,0.19584576011850283,0.15370276934252336,0.09861774582129258,0.10282372373801012,0.19584576011850283,0.32817959785461426,0.9942302107810974,0.6814507842063904,0.5943788290023804,0.4974863827228546,0.690447211265564,0.3510967493057251,0.7177788615226746,2.1823549270629883,0.27872803807258606,0.22793495655059814,1.9386112689971924,0.20219182968139648
38,0.0001,0.6780782844871283,0.6576956876972471,0.6793327340712914,0.6104589560000467,0.7466868431470197,61.69666886329651,0.1874092980287969,0.1516168137313798,0.10577351064421237,0.1021240334957838,0.1874092980287969,0.3353718789294362,0.22586512256127136,0.12706075362288036,0.06203584390190931,0.10009898199484898,0.22586512256127136,0.20043904517705624,1.0093523263931274,0.6911928057670593,0.6096054315567017,0.5127865076065063,0.7218335270881653,0.35923823714256287,0.7639840245246887,2.208418130874634,0.2850137948989868,0.23987726867198944,2.0022804737091064,0.2062893956899643
39,0.0001,0.6711424961686134,0.647404788811493,0.7405326467293959,0.4857440788801231,0.6411992352115515,58.87290930747986,0.18835183244664222,0.1534569333307445,0.10606123961042613,0.10296104871667922,0.18835183244664222,0.31127251719590276,0.21060155074183756,0.1599164439508548,0.07786043378023001,0.09455451185886676,0.21060155074183756,0.23553960758906145,1.0188425779342651,0.6977986097335815,0.6236315965652466,0.5269292593002319,0.7421332001686096,0.3654167056083679,0.7754682898521423,2.249727964401245,0.28889763355255127,0.24536509811878204,2.0734903812408447,0.2108495682477951
40,0.0001,0.6590541219338775,0.6471770283004353,0.6862245467992929,0.6091538081050255,0.7489044618197068,63.131810903549194,0.1879062136868015,0.15009593509603292,0.10388704307843,0.1014681551605463,0.1879062136868015,0.3275555708678439,0.20615836181319677,0.14067508114071992,0.07715599135710643,0.0984525624376077,0.20615836181319677,0.25029366704133843,1.0300019979476929,0.7085265517234802,0.6399365663528442,0.5400103330612183,0.7678524851799011,0.37373143434524536,0.7807015180587769,2.2779688835144043,0.2966930568218231,0.24550879001617432,2.045398235321045,0.21513397991657257
41,0.0001,0.6425512949936092,0.6493875085423401,0.6885539384988638,0.6146441423252493,0.752453126839363,64.31913256645203,0.1842034999281168,0.14746685058344156,0.10357247362844646,0.10278973227832466,0.1842034999281168,0.34082469483837485,0.19317757624846238,0.18216959536075591,0.12703474828830133,0.09930686423411736,0.19317757624846238,0.39288417467704184,1.0334053039550781,0.7132732272148132,0.6542745232582092,0.5581021308898926,0.7901817560195923,0.38144451379776,0.828603208065033,2.311614990234375,0.30032265186309814,0.2565867006778717,2.10298490524292,0.22053176164627075
42,0.0001,0.6282256306149065,0.6683087474326678,0.6912072227551387,0.6177424682222138,0.7570588284777018,63.6565899848938,0.1848494673613459,0.1473869433393702,0.10508874664083123,0.10443135106470436,0.1848494673613459,0.35145322093740106,0.20919620211307818,0.18968257308006287,0.12446401348480811,0.1063667893409729,0.20919620211307818,0.3844806992090665,1.0421907901763916,0.7184197306632996,0.6706159710884094,0.5723379850387573,0.8149573802947998,0.38872137665748596,0.8577237129211426,2.3153610229492188,0.30495309829711914,0.25698035955429077,2.1253442764282227,0.2266143411397934
43,0.0001,0.6232167198322713,0.6653474240015945,0.6510002787296588,0.6566007063900771,0.7835244335674693,64.92293572425842,0.18485038517974317,0.14873992907814682,0.10158904164563864,0.10359195969067514,0.18485038517974317,0.32845407736022025,0.19030215740203857,0.169770362170843,0.1275157902103204,0.10970947880011339,0.19030215740203857,0.4060332050690284,1.0499825477600098,0.7324155569076538,0.6855457425117493,0.5855987071990967,0.8428892493247986,0.39740538597106934,0.8639755845069885,2.3490805625915527,0.3115072548389435,0.262350469827652,2.1553871631622314,0.23021568357944489
44,0.0001,0.6056359820067883,0.6773049986954115,0.8262176156044007,0.5228581760834716,0.677324341849473,60.41522169113159,0.18456736346706748,0.1418852632632479,0.10066554544027895,0.1065230832900852,0.18456736346706748,0.3336064440663904,0.25978548733087686,0.30918862063151137,0.19448573841498448,0.11011910220751396,0.25978548733087686,0.3838583584015186,1.055237889289856,0.7446940541267395,0.6999892592430115,0.6023387908935547,0.8627042770385742,0.40584447979927063,0.9253054261207581,2.38546085357666,0.3166985809803009,0.2588335871696472,2.169771671295166,0.23560650646686554
45,0.0001,0.5866343108937144,0.6857669517383708,0.6617908486953148,0.5935449952105273,0.7312652487719042,59.00575351715088,0.1812232321826741,0.13996912818402052,0.1003866707906127,0.10752536379732192,0.1812232321826741,0.35970857518259436,0.19697176389969312,0.14450652275521023,0.07467591069065607,0.10699343119676297,0.19697176389969312,0.29215830151851363,1.058351993560791,0.7572892904281616,0.7146191000938416,0.606928825378418,0.8645097613334656,0.41479745507240295,0.914995014667511,2.410386562347412,0.3214726150035858,0.25492429733276367,2.226262092590332,0.2367626428604126
46,0.0001,0.6029865541495383,0.6542305868727951,0.6487596993262951,0.6356860290162966,0.7676212699762378,58.36994767189026,0.18243291089311242,0.14754601463209838,0.10085807554423809,0.10862417868338525,0.18243291089311242,0.35454165493138134,0.1954237733895962,0.18514560495431606,0.11650515565505394,0.1062425509095192,0.1954237733895962,0.39581139637873725,1.0653212070465088,0.7726544737815857,0.7277417778968811,0.637455940246582,0.9009418487548828,0.42285409569740295,0.9456215500831604,2.439985990524292,0.3284147083759308,0.24450592696666718,2.234248161315918,0.2431526631116867
47,0.0001,0.5886025317013264,0.6730589642475397,0.6370901667154752,0.631447205036196,0.7640414488028401,65.48235583305359,0.18171435978729278,0.14638983696931973,0.10296511289197952,0.10854352137539536,0.18171435978729278,0.37539964576717466,0.18488540145067067,0.18659114791796758,0.1203702422288748,0.11063938186718868,0.18488540145067067,0.42020990940240716,1.071617841720581,0.7865744829177856,0.7409970164299011,0.655811071395874,0.9255406260490417,0.4314139485359192,0.9787712693214417,2.467050552368164,0.33310121297836304,0.24299634993076324,2.246757984161377,0.24574391543865204
48,0.0001,0.5631475974805653,0.6787900054694478,0.7241114533864534,0.5232272326949944,0.6777838532805502,65.58042764663696,0.180447663879022,0.13913810648955405,0.09846242750063539,0.10930694197304547,0.180447663879022,0.3636846069712192,0.2184420590217297,0.2629416360304906,0.15695776710143455,0.10626925103939497,0.2184420590217297,0.38925038209328283,1.0787004232406616,0.7995961904525757,0.7552289962768555,0.6678799390792847,0.9348632097244263,0.43904992938041687,0.990542471408844,2.509599447250366,0.3387939929962158,0.24749521911144257,2.277014970779419,0.24813920259475708
49,0.0001,0.5755731137469411,0.6653104714659152,0.5926661711472732,0.6234220982117541,0.7571065646777024,67.48889303207397,0.1793367819627747,0.14760384522378445,0.09969145874492824,0.11135268770158291,0.1793367819627747,0.3604928688146174,0.18303191512823105,0.15976102736133796,0.08707117575865525,0.11001289280561301,0.18303191512823105,0.34062234254983753,1.0860552787780762,0.8205881118774414,0.7692684531211853,0.6794922947883606,0.9610656499862671,0.4456106126308441,0.9880152344703674,2.561448335647583,0.3464309573173523,0.2508498430252075,2.266667127609253,0.2515266537666321
50,0.0001,0.5434923633001745,0.7039126682465668,0.5676216758214511,0.6253831732153838,0.7610009583181961,62.23688745498657,0.17858736112248152,0.1362860663793981,0.10013188945595175,0.11121541843749583,0.17858736112248152,0.3670568922534585,0.19515910354944377,0.14621092894902596,0.07705165056081918,0.11309112092623344,0.19515910354944377,0.31603678373190075,1.0937535762786865,0.8294298648834229,0.7833016514778137,0.7101489901542664,0.9758713841438293,0.4522027373313904,1.0193085670471191,2.5750925540924072,0.349637895822525,0.24978743493556976,2.286191940307617,0.2538009285926819
51,0.0001,0.5425650915130973,0.6791707167122318,0.7221909422140855,0.5359848070295425,0.6871296232962343,65.30678677558899,0.17977789044380188,0.14458225306589156,0.09822328819427639,0.11115692590828985,0.17977789044380188,0.3388946565683,0.2636710836337163,0.26160894609414614,0.19863973947671743,0.11631994740321086,0.2636710836337163,0.3726296291901515,1.0993984937667847,0.8429669737815857,0.7961476445198059,0.7322831153869629,0.9913981556892395,0.45852819085121155,1.0531060695648193,2.610848903656006,0.3527540862560272,0.245391383767128,2.3101847171783447,0.2571670114994049
52,0.0001,0.5220087906345725,0.6898143267550167,0.5946692411716168,0.6364574310764515,0.7684929957571062,64.07826375961304,0.17891359922941774,0.13875850662589073,0.10016457678284496,0.1159613550407812,0.17891359922941774,0.38522627181373537,0.19218993903352663,0.14621823722353347,0.07502880617976189,0.11140322433068202,0.19218993903352663,0.2881960112314958,1.1070637702941895,0.8579338788986206,0.8097501993179321,0.7559126615524292,1.0196293592453003,0.46462586522102356,1.088523030281067,2.641169309616089,0.36028116941452026,0.26911869645118713,2.328350305557251,0.2611169219017029
53,0.0001,0.5095143937505782,0.7111903118290375,1.0569410076508154,0.34147188775826515,0.5013098912717452,61.58410334587097,0.17723498528357595,0.13199218100635335,0.0961172814713791,0.11327184969559312,0.17723498528357595,0.3635265213670209,0.30775811672210696,0.5243203153977027,0.20079115010224857,0.12092395012195294,0.30775811672210696,0.28431660624650806,1.112390398979187,0.8751034140586853,0.8226123452186584,0.774937093257904,1.0326093435287476,0.47172117233276367,1.1007095575332642,2.688668727874756,0.36610308289527893,0.26652735471725464,2.323740243911743,0.2640366852283478
54,0.0001,0.5002066055312753,0.7147134589143882,0.6135938914922567,0.6012977628287256,0.7438707757342489,67.15874290466309,0.17416725389193743,0.13428410369670019,0.09828499727882445,0.11651583143975586,0.17416725389193743,0.386584252351895,0.1917860358953476,0.21410082016999904,0.1234745965554164,0.11778463514951559,0.1917860358953476,0.4371328234672546,1.1181378364562988,0.888634979724884,0.8350246548652649,0.8023730516433716,1.049823522567749,0.47883400321006775,1.0841989517211914,2.7068898677825928,0.3730664551258087,0.2924446761608124,2.302098512649536,0.26717042922973633
55,0.0001,0.5230862707830966,0.6725218943123129,0.5700670595352466,0.6030615030098088,0.7379182888470737,67.31168127059937,0.18067073763813823,0.1450614503119141,0.09498958301264793,0.11561302014160901,0.18067073763813823,0.3505909275263548,0.22134685929004963,0.14469334253898034,0.07644331879340685,0.1225960794549722,0.22134685929004963,0.30902538345410274,1.1268333196640015,0.9069432020187378,0.8472213745117188,0.8200685977935791,1.0693262815475464,0.48786112666130066,1.0823818445205688,2.751934766769409,0.3806460499763489,0.28491076827049255,2.3574705123901367,0.27063271403312683
56,0.0001,0.4914626469835639,0.7108940973670668,0.6235945105552674,0.5978159164168486,0.7400296238027214,65.284512758255,0.17793435067869723,0.13451480376534164,0.10086901183240116,0.119615632109344,0.17793435067869723,0.393861721502617,0.20480208098888397,0.20322344907774376,0.11847087672123542,0.11491929120742357,0.20480208098888397,0.3984744457098154,1.135825753211975,0.9187883138656616,0.8605962991714478,0.8522908091545105,1.0876660346984863,0.4938783347606659,1.0941555500030518,2.762847423553467,0.386715292930603,0.2901628911495209,2.3744001388549805,0.2753888666629791
57,0.0001,0.49774977611377835,0.6962521755957815,0.5638510470206921,0.6190489812579288,0.7542394790148073,65.12782979011536,0.1759497483726591,0.14125184377189726,0.0957814488792792,0.11743197438772768,0.1759497483726591,0.37340346327982843,0.20092426251906614,0.1862176661594556,0.1151451628941756,0.11996939182281494,0.20092426251906614,0.39793832210394053,1.1430418491363525,0.9332400560379028,0.872826337814331,0.8845719695091248,1.1154353618621826,0.5022357702255249,1.1542866230010986,2.793031930923462,0.3942461311817169,0.31052345037460327,2.374493360519409,0.27954214811325073
58,0.0001,0.5097648221999407,0.6749013524793286,0.5272218653788934,0.6400435200335608,0.7685910377114824,66.23209857940674,0.17840814590454102,0.14791961712762713,0.09598368417937309,0.11456987855490297,0.17840814590454102,0.36544940748717636,0.18748187153385235,0.15476228861281505,0.07766446081491617,0.1133986438696201,0.18748187153385235,0.3144762048354516,1.1483523845672607,0.9517847299575806,0.8852312564849854,0.9152083992958069,1.1287938356399536,0.508927047252655,1.1582313776016235,2.795363664627075,0.3998980224132538,0.3097075819969177,2.4261772632598877,0.2836720049381256
59,0.0001,0.48019691137596965,0.7024479440801072,0.5154441966460301,0.6585949647374048,0.7828068547649094,63.49972176551819,0.17639851535204798,0.13774050679057837,0.09458382788579911,0.11697694042231888,0.17639851535204798,0.3624184156069532,0.1836015149950981,0.172719942090603,0.08495830561106021,0.11670048019060722,0.1836015149950981,0.3564502303416912,1.1582043170928955,0.9664033055305481,0.8980442881584167,0.9498465657234192,1.1452239751815796,0.5154758095741272,1.1959065198898315,2.8561079502105713,0.40612906217575073,0.3321535587310791,2.46182918548584,0.28709569573402405
60,0.0001,0.4820997226051986,0.6897261062921646,0.5241101127404433,0.6398755310889902,0.7689277301662375,62.80692505836487,0.17323505354579538,0.14322943316074088,0.09413843089714646,0.1169326672097668,0.17323505354579538,0.3784436408895999,0.19134284876860105,0.17455719528863065,0.10597083522723272,0.12406721630921731,0.19134284876860105,0.3888755559921265,1.1648486852645874,0.9782359600067139,0.9099679589271545,0.976678192615509,1.1590054035186768,0.5234970450401306,1.2071797847747803,2.8833162784576416,0.4097105860710144,0.3534480333328247,2.4807872772216797,0.2902514636516571
61,0.0001,0.46471047634258866,0.7102027685440097,0.503518571303441,0.6637082034966848,0.7878974058388508,62.19424343109131,0.17580368428025395,0.14135341765359044,0.09954321244731545,0.12369569030124694,0.17580368428025395,0.413790593505837,0.1780414852958459,0.16699716368546852,0.09057937671358769,0.1216524654856095,0.1780414852958459,0.39477877891980684,1.167891025543213,0.9975546598434448,0.9214861392974854,0.9885294437408447,1.1842013597488403,0.5300100445747375,1.2084195613861084,2.8910858631134033,0.41389280557632446,0.34512755274772644,2.481703996658325,0.2928104102611542
62,0.0001,0.449245517142117,0.7153167986541171,0.513991077358906,0.6653933149929221,0.7883604536638147,62.601871490478516,0.17195011698640883,0.12936967937275767,0.09194622619543225,0.1178376708412543,0.17195011698640883,0.3671052921563387,0.1855033114552498,0.18136237868322777,0.12657879373201958,0.11853792713238642,0.1855033114552498,0.4563708562117357,1.1720269918441772,1.0104771852493286,0.9333184957504272,0.9985254406929016,1.1928539276123047,0.5362691879272461,1.1898777484893799,2.8846068382263184,0.41685694456100464,0.34887197613716125,2.4646856784820557,0.29672276973724365
63,0.0001,0.44497541803866625,0.7210879940317679,0.49728291355646576,0.6694741221438137,0.7920576938033321,61.34526753425598,0.1718028588220477,0.13393597828689963,0.0964158553397283,0.12049010780174285,0.1718028588220477,0.41741127730347216,0.18129611473817092,0.16500606084099181,0.09326593887347441,0.11657314472473584,0.18129611473817092,0.3834702069942768,1.1764544248580933,1.023088812828064,0.9450438022613525,1.018624186515808,1.2022829055786133,0.5427855849266052,1.1955101490020752,2.9110536575317383,0.41968846321105957,0.3524918854236603,2.495152235031128,0.29881829023361206
64,0.0001,0.45294560585170984,0.7090896112771694,0.4881722253102523,0.650705519214115,0.7791208557339707,60.281482219696045,0.1731136223534122,0.14051635842770338,0.09521007479634136,0.11839946231339127,0.1731136223534122,0.3862467196304351,0.20778325056800476,0.1449337550653861,0.05882551165727468,0.12106497047039179,0.20778325056800476,0.272319790491691,1.1855016946792603,1.0427448749542236,0.9572369456291199,1.0596424341201782,1.2221723794937134,0.5486389994621277,1.2011452913284302,2.9449636936187744,0.4251784384250641,0.36947599053382874,2.5211408138275146,0.3025010824203491
65,0.0001,0.43830405082553625,0.7146380034722319,0.6180183633015706,0.5665421540479164,0.7139083736905977,56.29771709442139,0.1782221506582573,0.13633375824429095,0.09695800626650453,0.12154398148413748,0.1782221506582573,0.3864562902599573,0.21860224856780125,0.2647182073730689,0.1613290678996306,0.11848557820686927,0.21860224856780125,0.44194373167478124,1.1920279264450073,1.0534828901290894,0.9671432971954346,1.0879162549972534,1.2324129343032837,0.5541754364967346,1.19577157497406,2.9588685035705566,0.4295686185359955,0.36591029167175293,2.515834331512451,0.3047840893268585
66,0.0001,0.42686292296275496,0.7286120369661369,0.8886888444423675,0.44177613120995524,0.6019397596565718,59.2200973033905,0.17130268132314086,0.1321004609344527,0.09331481857225299,0.12081786163616925,0.17130268132314086,0.38489783997647464,0.27774186478211327,0.45532110900833056,0.189410177560953,0.11922791955562738,0.27774186478211327,0.32805646336995636,1.1984041929244995,1.0641313791275024,0.9777640700340271,1.1064841747283936,1.2461705207824707,0.559615433216095,1.2011712789535522,2.984442949295044,0.43512389063835144,0.37063124775886536,2.5326485633850098,0.30591580271720886
67,0.0001,0.4135041576810181,0.7260502472831243,0.5164584480799161,0.6026756022498467,0.7403039615586722,57.42390966415405,0.17101339739747345,0.13392198365181684,0.09559736691880971,0.12269187206402421,0.17101339739747345,0.4054633886553347,0.19405719763957538,0.1720182872735537,0.06634009044903975,0.12075848029210018,0.19405719763957538,0.30065451906277585,1.204281210899353,1.0788661241531372,0.9881716966629028,1.1350047588348389,1.2657877206802368,0.5643714070320129,1.208368182182312,3.008681058883667,0.43749549984931946,0.37525302171707153,2.526909589767456,0.30784380435943604
68,0.0001,0.43008880876004696,0.7073441285667719,0.578525517307795,0.5712338735847033,0.7143197851825906,59.47312688827515,0.17583313374780118,0.14117148064542562,0.09474106272682548,0.11994597862940282,0.17583313374780118,0.3826278056949377,0.19274267273453566,0.22420155635246863,0.11426650858842409,0.1150491529932389,0.19274267273453566,0.3950007264430706,1.2112889289855957,1.0909907817840576,0.9996677041053772,1.1402159929275513,1.2705076932907104,0.5695748925209045,1.24021577835083,3.051988363265991,0.4421289563179016,0.38615745306015015,2.5307810306549072,0.31108811497688293
69,0.0001,0.42711019329726696,0.7193539898682249,0.5048101058373085,0.6429253483463506,0.7759796400658738,61.62033534049988,0.17456330254208297,0.13700362027157098,0.092846589977853,0.12050123594235629,0.17456330254208297,0.3853978564729914,0.1779821888758586,0.18377190607671554,0.10638511318426866,0.11432788051091708,0.1779821888758586,0.37960697870988114,1.2209657430648804,1.1006525754928589,1.009123682975769,1.174890398979187,1.2797367572784424,0.5764620900154114,1.2319494485855103,3.0610594749450684,0.44821256399154663,0.3812367618083954,2.530782699584961,0.31452885270118713
70,0.0001,0.42586939549073577,0.7051289620180582,0.595668867459664,0.5166068568557146,0.66859903869986,61.726075172424316,0.17357288498897105,0.14093588257674128,0.09494772891048342,0.12048664106987417,0.17357288498897105,0.39685187151189893,0.21247600139333653,0.22836453843002136,0.10234987609661543,0.11308057950093196,0.21247600139333653,0.3496122259360093,1.2306458950042725,1.1169242858886719,1.0185576677322388,1.1971091032028198,1.2997077703475952,0.5809913277626038,1.2554677724838257,3.0703933238983154,0.4500291347503662,0.3895648419857025,2.5661051273345947,0.31723031401634216
71,0.0001,0.3931144755333662,0.7407457423256393,0.4880404811639052,0.6247518820650354,0.7602779839231456,61.63350987434387,0.17259200813714415,0.12898702826350927,0.0909416388021782,0.12241324875503778,0.17259200813714415,0.3733560979599133,0.2185449515397732,0.14858340815855905,0.051329014622248134,0.12310324632204496,0.2185449515397732,0.2540928304195404,1.2377673387527466,1.1273056268692017,1.0287810564041138,1.2200632095336914,1.3128936290740967,0.5853360295295715,1.245295763015747,3.0917670726776123,0.4520610570907593,0.3899235725402832,2.6099061965942383,0.319710910320282
72,0.0001,0.3870253092609346,0.7413267477036861,0.5308876145344514,0.6109394442209556,0.7456744024545172,59.81939721107483,0.17024924140423536,0.1277968937647529,0.0948947638971731,0.12205099349375814,0.17024924140423536,0.3911366290412843,0.1859362840079344,0.21044595605478836,0.10899157352172412,0.11751200132645094,0.1859362840079344,0.41286428433198197,1.2422255277633667,1.1351076364517212,1.0381139516830444,1.2281544208526611,1.3222014904022217,0.590892493724823,1.2433336973190308,3.13360333442688,0.45624053478240967,0.39333364367485046,2.5944104194641113,0.32112225890159607
73,0.0001,0.3883471603039652,0.7346138279415784,0.7385297062305304,0.4743938849135041,0.6241524757250798,60.082544803619385,0.17038473300635815,0.1300785121275112,0.09403176791965961,0.12440992763731629,0.17038473300635815,0.40439215349033475,0.23096191860162296,0.36097415476464306,0.1557773992419243,0.12440734734902015,0.23096191860162296,0.37822411977327786,1.2459239959716797,1.1408494710922241,1.0478589534759521,1.2496334314346313,1.3382500410079956,0.5958780646324158,1.2570246458053589,3.1398379802703857,0.4587685465812683,0.3868858218193054,2.608755111694336,0.3233291506767273
74,0.0001,0.3736412348225713,0.7583310358534174,0.5152329316506019,0.6390903180520082,0.7707010879496831,62.03719520568848,0.16830937226768583,0.12485292664496228,0.09622388042043895,0.1263300945283845,0.16830937226768583,0.4235473300796002,0.18645126177714422,0.2144370926114229,0.11245625019073487,0.11675201654434204,0.18645126177714422,0.4313683555676387,1.2523034811019897,1.1516834497451782,1.057382345199585,1.2482694387435913,1.3496170043945312,0.5998836755752563,1.266786813735962,3.1530911922454834,0.4610462784767151,0.38834986090660095,2.610600233078003,0.3251611888408661
75,0.0001,0.3827371853403747,0.7428001211255337,0.4673123096044247,0.6686361104891178,0.7932112716992487,60.007084608078,0.16844623966608196,0.12892005988396704,0.0940805550199002,0.12405929283704609,0.16844623966608196,0.41259216773323715,0.19568421554106932,0.1481758524592106,0.060787543539817517,0.11729929745197296,0.19568421554106932,0.267861486856754,1.259488582611084,1.1530159711837769,1.0643059015274048,1.2741470336914062,1.354159951210022,0.605911910533905,1.2652745246887207,3.187209367752075,0.4643900990486145,0.3998718857765198,2.6168484687805176,0.3282754421234131
76,0.0001,0.357846403028816,0.7627918128907396,0.4701908746590981,0.6625593337093594,0.790666312487082,60.046815633773804,0.165732208522968,0.12287181202555075,0.09434842586051673,0.12371775938663632,0.165732208522968,0.4056856243405491,0.18965950688490502,0.16885796361244643,0.07908172710583761,0.12179116239914527,0.18965950688490502,0.361134226505573,1.2626755237579346,1.1566654443740845,1.07402503490448,1.287764072418213,1.3554526567459106,0.6111050844192505,1.2695927619934082,3.2100613117218018,0.4669817090034485,0.39232316613197327,2.6215057373046875,0.32976430654525757
77,0.0001,0.36582191148772836,0.7350075704361775,0.5940050468995021,0.5870675923371257,0.7295152603916328,52.20093393325806,0.16877147613558918,0.12664335209410638,0.09348988998681307,0.1270968858152628,0.16877147613558918,0.40990198915824294,0.22054918866891127,0.24414032571590863,0.15078579210318052,0.12143057389901235,0.22054918866891127,0.4234018976871784,1.268990159034729,1.1586557626724243,1.0824577808380127,1.3071004152297974,1.3542577028274536,0.6145087480545044,1.2761181592941284,3.2252540588378906,0.46825483441352844,0.3871799409389496,2.6233527660369873,0.33396926522254944
78,0.0001,0.3905866127461195,0.7296819710420929,0.5871427694192299,0.5599129199021371,0.7074164163440766,42.62498927116394,0.17333943455014378,0.134835155447945,0.09216674626804888,0.12427297735121101,0.17333943455014378,0.40419716853648424,0.19606351944116446,0.2312148379878356,0.1192527372103471,0.11310850897660622,0.19606351944116446,0.38940771818161013,1.2740916013717651,1.1657752990722656,1.0912059545516968,1.3103288412094116,1.3700194358825684,0.6195434331893921,1.262131929397583,3.267620086669922,0.47191035747528076,0.371165931224823,2.6608192920684814,0.3360680639743805
79,0.0001,0.3825973472557962,0.7371503940954671,0.8915155814244197,0.42299755247022797,0.5774470731080832,39.59521174430847,0.1715606531361118,0.1351821877178736,0.094640790252015,0.12523575115483254,0.1715606531361118,0.40670602791942656,0.25056637961130873,0.5087446360633924,0.15421384939780602,0.12026826085952612,0.25056637961130873,0.3415023987109844,1.2813267707824707,1.1740741729736328,1.0988322496414185,1.335931420326233,1.3724454641342163,0.6245466470718384,1.2714016437530518,3.2413289546966553,0.4751817286014557,0.397605836391449,2.675079584121704,0.3383554518222809
80,0.0001,0.38721079053357244,0.7223539661096073,0.4810576851551349,0.6348858029702333,0.7651276533079928,39.455278396606445,0.1722754092188552,0.1381657983874902,0.0913006222108379,0.12107257393654436,0.1722754092188552,0.37961405352689326,0.17482117185225854,0.20931067684522042,0.0902160339630567,0.12243849199551803,0.17482117185225854,0.4032774567604065,1.288446307182312,1.1865566968917847,1.10618257522583,1.3435053825378418,1.3816492557525635,0.6283323168754578,1.2781145572662354,3.246246576309204,0.47766873240470886,0.39638978242874146,2.6779658794403076,0.34352126717567444
81,0.0001,0.38028201716952026,0.7373484141102531,0.5251943051815033,0.6269067950712177,0.7562793952677977,39.33915829658508,0.16903229150921106,0.13671570597216487,0.09473977365996689,0.12493456620723009,0.16903229150921106,0.4134087373968214,0.21409434618858192,0.18018202082468912,0.05191863958652203,0.12369703512925367,0.21409434618858192,0.2549220039294316,1.292971134185791,1.1972110271453857,1.1132681369781494,1.3510706424713135,1.391789436340332,0.6340629458427429,1.2841215133666992,3.2586138248443604,0.4814079999923706,0.4106803238391876,2.695845127105713,0.3481888473033905
82,0.0001,0.3573819692246616,0.7572294787697149,0.4844847539296517,0.6575042778146211,0.7837850145241277,38.40841794013977,0.16611816256772727,0.1304561754805036,0.09270351973827928,0.12397788069210947,0.16611816256772727,0.4042399695608765,0.18584620219010572,0.19043217046329608,0.0787316789993873,0.12070349328793012,0.18584620219010572,0.3436300827906682,1.2982940673828125,1.2018353939056396,1.119877815246582,1.3718968629837036,1.3937817811965942,0.639176070690155,1.3116424083709717,3.26192569732666,0.4834897220134735,0.3961505591869354,2.7137913703918457,0.3495059013366699
83,0.0001,0.3500899465288967,0.7588193323295115,0.47995633551707634,0.648528306885505,0.7749575458467031,39.55426573753357,0.16489201260264963,0.12622088845819235,0.09270999557338655,0.12723232980351895,0.16489201260264963,0.4197066854685545,0.184125357063917,0.18844528765632557,0.08830410287930415,0.12629740822773713,0.184125357063917,0.41557032878582295,1.3036489486694336,1.205163598060608,1.1269949674606323,1.3861112594604492,1.396689534187317,0.642151951789856,1.314257264137268,3.276836633682251,0.487382173538208,0.3993811309337616,2.7287228107452393,0.3508390784263611
84,0.0001,0.3484514884185046,0.7583475477042816,0.5678374313391172,0.5621037303119604,0.7079807256217066,40.431296586990356,0.1674865165259689,0.1280260148923844,0.09267009433824569,0.12879473017528653,0.1674865165259689,0.4216940817423165,0.23610091037475145,0.25263835592911793,0.14748723071355085,0.1253911065367552,0.23610091037475145,0.3831061078951909,1.3072930574417114,1.2100001573562622,1.133886456489563,1.3949757814407349,1.4021087884902954,0.6455746293067932,1.3203864097595215,3.27669620513916,0.48913708329200745,0.39739102125167847,2.739579677581787,0.3540765643119812
85,0.0001,0.35998581792227924,0.7460947350777966,0.47859840645239904,0.6411601791486492,0.7735098180726847,40.194345235824585,0.17189681204035878,0.13356551341712475,0.09326875978149474,0.12805508729070425,0.17189681204035878,0.4121543918736279,0.17778247537521216,0.2045713351896176,0.09511561989784241,0.1290986391214224,0.17778247537521216,0.43008419275283816,1.3139737844467163,1.2162431478500366,1.1398577690124512,1.4152964353561401,1.4154599905014038,0.6510151624679565,1.345521330833435,3.304386854171753,0.49130359292030334,0.3991183638572693,2.724172353744507,0.35556453466415405
86,0.0001,0.33806860516779125,0.7621846846818123,0.4536841183900833,0.6507939490309709,0.7791115163493716,40.12204670906067,0.16622068791184574,0.12495740922167897,0.09626179002225399,0.12841457454487681,0.16622068791184574,0.4327207400929183,0.17246658853613414,0.18716835603117943,0.0920124722787967,0.12900727884127544,0.17246658853613414,0.450303826882289,1.3138799667358398,1.214400053024292,1.147625207901001,1.4258307218551636,1.4168287515640259,0.6546628475189209,1.350028395652771,3.3135735988616943,0.49294641613960266,0.39832279086112976,2.721552848815918,0.3554564118385315
87,0.0001,0.3511596324387938,0.7557814480454097,0.4534922670859557,0.6740973534104495,0.793990262345882,38.803194999694824,0.16797769372351468,0.1265472542727366,0.09258410357870162,0.13195274770259857,0.16797769372351468,0.43322619644459337,0.17623387242739016,0.18934635491325305,0.09471270235685202,0.13265840113162994,0.17623387242739016,0.44810530589177056,1.3178484439849854,1.2119477987289429,1.1543982028961182,1.4361284971237183,1.4183037281036377,0.6572557091712952,1.36371910572052,3.33386492729187,0.4955335557460785,0.39457228779792786,2.721627712249756,0.3580535054206848
88,0.0001,0.33731253910809755,0.7617071065095714,0.4412281148708784,0.6684227585826785,0.7937157504561082,39.39264225959778,0.16341307398397475,0.12527008855249733,0.09216014784760773,0.13302294467575848,0.16341307398397475,0.43456166610121727,0.18198497845576359,0.17183596778374452,0.0782435872233831,0.130988082748193,0.18198497845576359,0.3875378461984488,1.3236159086227417,1.2158994674682617,1.1601614952087402,1.4381552934646606,1.424235463142395,0.6594074964523315,1.3679282665252686,3.319636106491089,0.500482976436615,0.3818646967411041,2.723747968673706,0.35960647463798523
89,0.0001,0.3276001261547208,0.76933051650261,0.47107290912133,0.6469338766435213,0.7728562190681638,39.92963218688965,0.16190175584051758,0.12039401585934684,0.09254605625756085,0.13237934443168342,0.16190175584051758,0.44347627530805767,0.17344728943247062,0.2070696424692869,0.09407464242898501,0.12718406629103882,0.17344728943247062,0.44428376601292535,1.3308132886886597,1.2218987941741943,1.167318344116211,1.4379630088806152,1.4290968179702759,0.6639266610145569,1.3979995250701904,3.334054708480835,0.5042212009429932,0.38910484313964844,2.721428871154785,0.3611323833465576
90,0.0001,0.3283409341238439,0.765264890825497,0.5029843863386374,0.6481293132013781,0.7756814787946422,39.88878917694092,0.16790335974656045,0.1227252198732458,0.09201210271567106,0.13042880850844085,0.16790335974656045,0.4288971775677055,0.17826466113328934,0.22426544061073891,0.11667393216719994,0.12547172273580845,0.17826466113328934,0.47623095053892867,1.3312256336212158,1.2239333391189575,1.1733285188674927,1.4352487325668335,1.433773159980774,0.6668117642402649,1.3917357921600342,3.348421812057495,0.5068607926368713,0.3764108121395111,2.723788261413574,0.36218464374542236
91,0.0001,0.33945334958843887,0.7565833639692787,0.49389232993125914,0.6271873470359434,0.7609746680983358,39.086952209472656,0.1627093276474625,0.12871332908980548,0.0896444475511089,0.1278179050423205,0.1627093276474625,0.41113018337637186,0.1849527066716781,0.2128999960823701,0.10873121573374822,0.12029329985380173,0.1849527066716781,0.428443364913647,1.3361424207687378,1.2286577224731445,1.1777721643447876,1.4534075260162354,1.4435940980911255,0.6696191430091858,1.398857593536377,3.3771908283233643,0.5091726779937744,0.3797658383846283,2.7372474670410156,0.363693505525589
92,0.0001,0.3104681745171547,0.7801040594884673,0.45643235914982283,0.660866669794485,0.785959655102247,40.41769766807556,0.16342444985639304,0.11732274672249332,0.0909751916769892,0.12911745789460838,0.16342444985639304,0.4227467125747353,0.18021832016798167,0.19436725630209997,0.08067961243482737,0.1276001731936748,0.18021832016798167,0.3770037137545072,1.3382080793380737,1.2336162328720093,1.184279441833496,1.453747272491455,1.450356125831604,0.6705447435379028,1.3755804300308228,3.3724236488342285,0.5106510519981384,0.38110145926475525,2.7446792125701904,0.36515820026397705
93,0.0001,0.3348741843365133,0.7591686709799763,0.5753509853894894,0.5768878219067264,0.7226467144592819,40.198248863220215,0.16305580944754183,0.12979767913930118,0.09121295355726033,0.13102802110370249,0.16305580944754183,0.4243398248218,0.2184787032695917,0.27191200342315897,0.16339285912422033,0.12208386201124925,0.2184787032695917,0.42717780058200544,1.342897653579712,1.2338852882385254,1.1887553930282593,1.4774997234344482,1.460701823234558,0.6730008125305176,1.3715559244155884,3.3716421127319336,0.5127490162849426,0.37953847646713257,2.753736734390259,0.368169903755188
94,0.0001,0.32059647236019373,0.7752193456582784,0.46679990795942455,0.6596779652959601,0.7876013590783747,40.270962715148926,0.1639374914811924,0.12057233572704718,0.0899267791537568,0.131591638433747,0.1639374914811924,0.4383913311176002,0.21905717958624546,0.1592061670926901,0.05377220815190902,0.12667208657814907,0.21905717958624546,0.27015141661350545,1.3457070589065552,1.2404378652572632,1.1937429904937744,1.4826449155807495,1.4690873622894287,0.6757293939590454,1.3632779121398926,3.377584457397461,0.5154898762702942,0.37338003516197205,2.759887933731079,0.3707555830478668
95,0.0001,0.34999035322107375,0.7349464085697344,1.8849935164818397,0.2452621255424259,0.38891640463374105,40.16545391082764,0.1647065548459068,0.13686241285176948,0.09055740013718605,0.1279407738475129,0.1647065548459068,0.4135048883035779,0.3443257130109347,1.4426417919305654,0.2201255575968669,0.13298129920776075,0.3443257130109347,0.2651462364655275,1.3481241464614868,1.2453817129135132,1.1987543106079102,1.4932193756103516,1.4725531339645386,0.6801783442497253,1.3861219882965088,3.3869731426239014,0.5209179520606995,0.3746342360973358,2.8066048622131348,0.3733547627925873
96,0.0001,0.31402282672934234,0.7804825703433655,0.7558262758530103,0.4587325846519105,0.6190831248820168,40.48869228363037,0.16422517492901534,0.12005488655995578,0.09144173457752913,0.13107335951644927,0.16422517492901534,0.42977819649968296,0.2221948850613374,0.43754970010083455,0.16090683937072753,0.12273820501107435,0.2221948850613374,0.41189314677165106,1.3503749370574951,1.2474123239517212,1.204451322555542,1.5056122541427612,1.4842225313186646,0.6827651858329773,1.382523536682129,3.4052271842956543,0.5244794487953186,0.37081411480903625,2.8121087551116943,0.37454816699028015
97,0.0001,0.3271979237906635,0.7590657165119115,0.5790926066728739,0.5527447828497037,0.7013857502059153,40.05437207221985,0.16429413005243987,0.1309996780473739,0.09207391564268619,0.13197445962578058,0.16429413005243987,0.43974215304479003,0.2643972071317526,0.21973890369901292,0.08824969277932093,0.12161762783160576,0.2643972071317526,0.3056026687988868,1.3532254695892334,1.246698021888733,1.208957552909851,1.5039243698120117,1.4833450317382812,0.6837535500526428,1.3801225423812866,3.4154763221740723,0.525905191898346,0.3638150691986084,2.7911529541015625,0.37623265385627747
98,0.0001,0.33236297289840877,0.7587415772159257,0.4461398462836559,0.6580202165286706,0.7825053487163565,39.28834915161133,0.16868480457924306,0.1340208220644854,0.09471123979892582,0.13149479101411998,0.16868480457924306,0.42416761722415686,0.18969546321492928,0.18323895329466233,0.0683856005852039,0.13211591472992532,0.18969546321492928,0.3847527898274935,1.3544756174087524,1.2479417324066162,1.2144246101379395,1.5235025882720947,1.4896965026855469,0.6876009702682495,1.4006292819976807,3.4134740829467773,0.5314756035804749,0.3635192811489105,2.810913562774658,0.37943705916404724
99,0.0001,0.3232991504482925,0.761918481497365,0.46268995908590466,0.6595238202775004,0.7854995088658931,38.98559308052063,0.16344499844126403,0.12471213733078912,0.0919013877864927,0.13056020333897322,0.16344499844126403,0.42712912568822503,0.17355559582893665,0.20174427195810354,0.10568225590082315,0.12527457819535182,0.17355559582893665,0.4542554571078374,1.3548604249954224,1.2504955530166626,1.2204056978225708,1.536888837814331,1.4966846704483032,0.6893182396888733,1.3718665838241577,3.4154052734375,0.5308415293693542,0.3678280711174011,2.830484390258789,0.3819659948348999
100,0.0001,0.30627685063518584,0.7826613800798263,0.44667021540495067,0.6892623167506184,0.80645717130485,40.61429047584534,0.16277478204574436,0.11918662820244208,0.0904197096824646,0.1317297627683729,0.16277478204574436,0.43807156570255756,0.17807153440438783,0.20825204645785,0.11801687479019166,0.13079980130379015,0.17807153440438783,0.4938065849817716,1.356127142906189,1.2545781135559082,1.2248374223709106,1.5454000234603882,1.4968069791793823,0.6925290822982788,1.3734467029571533,3.438565254211426,0.5321004390716553,0.3642562925815582,2.8220348358154297,0.38264593482017517
101,0.0001,0.31430719792842865,0.764492007247709,0.4594776538702158,0.6533006699810421,0.7785957365969648,39.13385534286499,0.16409490711521357,0.12508339365012944,0.09451058483682573,0.13238639349583536,0.16409490711521357,0.4328847730066627,0.21330856933043554,0.1711239770054817,0.04908071538576713,0.13645598682073445,0.21330856933043554,0.31014688244232763,1.3564585447311401,1.2540266513824463,1.2292371988296509,1.5381172895431519,1.4966285228729248,0.6954806447029114,1.3698205947875977,3.4407920837402344,0.5363796353340149,0.36891376972198486,2.802347421646118,0.38304898142814636
102,0.0001,0.3060257760807872,0.7776919025867426,0.7573577743310195,0.4916001490008654,0.6470407020653918,39.41986846923828,0.1609506638487801,0.11958730622427538,0.09070806798990816,0.13237018522340804,0.1609506638487801,0.45165284047834575,0.23881442546844484,0.44342132571798104,0.1659301235125615,0.12105821577402262,0.23881442546844484,0.39976721085034883,1.3586971759796143,1.2555699348449707,1.2333705425262451,1.5386265516281128,1.496748924255371,0.6989380121231079,1.370596170425415,3.447504997253418,0.5370755195617676,0.3605959415435791,2.807474374771118,0.38483545184135437
103,0.0001,0.305941502796486,0.7777992827641236,0.47174401088402823,0.6384369607412252,0.7703871237011417,38.89307999610901,0.16274071170482785,0.11961468908702955,0.08891986578237265,0.13066578353755176,0.16274071170482785,0.42752119712531567,0.21892359176507362,0.16498774195519778,0.048567124284230746,0.1306587198605904,0.21892359176507362,0.288690120440263,1.3620072603225708,1.2622650861740112,1.2369141578674316,1.5378152132034302,1.4997056722640991,0.7013771533966064,1.3647632598876953,3.452343225479126,0.5396477580070496,0.37283065915107727,2.8421554565429688,0.38741087913513184
104,0.0001,0.32231587218120694,0.7662791484007966,0.5024006985701047,0.6249368877964077,0.7576915158243009,38.8545126914978,0.16315117897465825,0.1272643695701845,0.08828666992485523,0.13002103776670992,0.16315117897465825,0.4248264068737626,0.17160082849172445,0.24885227892261286,0.10985634005986727,0.12418491255778533,0.17160082849172445,0.47303920434071467,1.365585446357727,1.2630592584609985,1.2405612468719482,1.5478273630142212,1.5095857381820679,0.7040104866027832,1.3761982917785645,3.4599990844726562,0.5434057116508484,0.3680317997932434,2.8433101177215576,0.39068084955215454
105,0.0001,0.3096929138991982,0.7727176521675891,0.4485325643649468,0.667781707473214,0.7927421489062093,39.127787351608276,0.16238720843102783,0.12627720716409385,0.0910210283473134,0.13135544187389314,0.16238720843102783,0.43223415850661695,0.17926443522939314,0.19257257838661854,0.09018331640041792,0.12693772602539796,0.17926443522939314,0.41654475102057825,1.3673927783966064,1.2674462795257568,1.244194746017456,1.5454210042953491,1.5087841749191284,0.7051819562911987,1.3766844272613525,3.479456663131714,0.5457337498664856,0.37540069222450256,2.8402554988861084,0.39384230971336365
106,0.0001,0.2966279569081962,0.7877508930089804,0.47242072832125886,0.6338302754745799,0.7634375013543483,39.088268995285034,0.16350220481399447,0.11780383484438062,0.09415209118742496,0.1315125635592267,0.16350220481399447,0.45483577460981905,0.17503129175076118,0.22724979491187977,0.08502954462399849,0.12523282021284105,0.17503129175076118,0.39732982287040125,1.371607780456543,1.2731374502182007,1.2487046718597412,1.5394576787948608,1.513156533241272,0.7067241072654724,1.3635891675949097,3.4726200103759766,0.5460944771766663,0.37746214866638184,2.8413071632385254,0.39404600858688354
107,0.0001,0.2966172315645963,0.7862482958728682,0.5188940476912719,0.616094517795013,0.7467154681390492,38.66485786437988,0.1596249365247786,0.12079333350993693,0.091944181593135,0.13081887608859688,0.1596249365247786,0.4518006064463407,0.1735692977332152,0.25593207962810993,0.09932646866028126,0.12327769295527385,0.1735692977332152,0.426608971449045,1.3727658987045288,1.2710729837417603,1.2527223825454712,1.5457327365875244,1.5060250759124756,0.709248960018158,1.375895619392395,3.4503893852233887,0.5474024415016174,0.36433541774749756,2.8215293884277344,0.3937651813030243
108,0.0001,0.30033862218260765,0.7857167564076484,0.48121569431745087,0.6502768067383504,0.7799842309167041,39.388725996017456,0.16179952665697783,0.12615415902109817,0.0899386911187321,0.13349992269650102,0.16179952665697783,0.4585546888411045,0.1838749023584219,0.23581011696503712,0.12671349805134993,0.13227180964671648,0.1838749023584219,0.4798343722636883,1.3770631551742554,1.2720777988433838,1.2558027505874634,1.5561903715133667,1.5085492134094238,0.7126193046569824,1.3797475099563599,3.448613166809082,0.5496664047241211,0.3625763952732086,2.8340301513671875,0.3954126238822937
109,0.0001,0.30245068413205445,0.7871282375374664,0.43122718059099635,0.6751236595092345,0.7971048567890723,41.029369592666626,0.16289343917742372,0.12383166799554601,0.09298928617499769,0.1342762951971963,0.16289343917742372,0.4408251801505685,0.1678380692234406,0.20375782085152772,0.0966169352714832,0.1289419847039076,0.1678380692234406,0.4651904289539044,1.3802675008773804,1.272673487663269,1.2596863508224487,1.5592436790466309,1.515718936920166,0.7154957056045532,1.3858824968338013,3.4563148021698,0.552114725112915,0.34701791405677795,2.829357624053955,0.3990480303764343
110,0.0001,0.27399624953977764,0.8048564331885204,0.4564194937164967,0.669503412016498,0.7929987686523636,39.120672941207886,0.15920614125207067,0.11235207214485854,0.09216617443598807,0.13619458908215165,0.15920614125207067,0.4709768583998084,0.17838404476642608,0.2109721649151582,0.07592341143351335,0.13398341903319724,0.17838404476642608,0.3964813204912039,1.378269910812378,1.273315668106079,1.2633517980575562,1.559617280960083,1.5177363157272339,0.7163491249084473,1.383821725845337,3.4509925842285156,0.5536990761756897,0.342930406332016,2.8184382915496826,0.40064918994903564
111,0.0001,0.2791264280676842,0.8007547031503185,0.49735348442426097,0.6368590855087314,0.7647698911220306,39.99362754821777,0.15834310639183968,0.11353755387244746,0.090304103679955,0.13423961133230478,0.15834310639183968,0.4581058258190751,0.19034615594607132,0.24618897787653482,0.10976889591950637,0.1222967016009184,0.19034615594607132,0.4227490260050847,1.378747820854187,1.2755773067474365,1.2674963474273682,1.5488842725753784,1.5190744400024414,0.7182993292808533,1.383134365081787,3.4574596881866455,0.5552932620048523,0.346437931060791,2.812474012374878,0.40180128812789917
112,0.0001,0.284638237208128,0.7956815818395114,0.4696205943822861,0.6537599324939841,0.7805679628191438,40.390623569488525,0.15727922844234854,0.11845804896438494,0.09250382578466088,0.13327666476834565,0.15727922844234854,0.4769143802113831,0.17598796337842942,0.21537751999612037,0.08633106872439385,0.13185029098620782,0.17598796337842942,0.43426045637864336,1.380867600440979,1.2723748683929443,1.2717232704162598,1.5542305707931519,1.516457200050354,0.7196957468986511,1.3925683498382568,3.4573752880096436,0.5574226975440979,0.34687313437461853,2.7988674640655518,0.4018787145614624
113,0.0001,0.2828909819945693,0.7878237763208461,0.4182371130356422,0.6838835568932002,0.803175946610393,39.863285303115845,0.15871096559567377,0.1168606856954284,0.08750468899961561,0.13210544537287205,0.15871096559567377,0.4514794615097344,0.17937995057839615,0.17315019068236534,0.06654044550198775,0.13475801944732665,0.17937995057839615,0.4038653557117169,1.3831326961517334,1.271461009979248,1.27570641040802,1.567044734954834,1.5187690258026123,0.7226108908653259,1.4078724384307861,3.4447057247161865,0.5599408745765686,0.35725539922714233,2.810708999633789,0.4036790728569031
114,0.0001,0.2724018022418022,0.8015875733071093,0.4507151294213075,0.6750445942984126,0.7968031578668405,39.242669343948364,0.157929519074969,0.11349837691523135,0.08918888296466321,0.13232197461184114,0.157929519074969,0.46226388425566256,0.16692078113555908,0.20381600444133466,0.07610784264711233,0.13045752747700765,0.16692078113555908,0.4207845797905555,1.3814138174057007,1.2701447010040283,1.2801740169525146,1.5614583492279053,1.5188566446304321,0.7246251702308655,1.4164478778839111,3.45723032951355,0.5611806511878967,0.35421890020370483,2.82136869430542,0.40498167276382446
115,0.0001,0.2821533859241754,0.7947923016921689,0.4439679723519545,0.6812478363324582,0.8003721776731809,40.37115812301636,0.15830212261062115,0.1177972528967075,0.08939141756854951,0.13109815469942987,0.15830212261062115,0.46416903915815055,0.16574588532631213,0.21116362400352956,0.08246269128643549,0.1334903202377833,0.16574588532631213,0.455617198577294,1.3845540285110474,1.2729958295822144,1.284360408782959,1.55943763256073,1.5269206762313843,0.7273192405700684,1.4076452255249023,3.4704251289367676,0.564416766166687,0.35626861453056335,2.808544397354126,0.4058206081390381
116,0.0001,0.2696734198834747,0.8098579218917005,0.4750510309751217,0.6342830990260312,0.7665613517496775,40.128249168395996,0.15692192723508924,0.10972427990054712,0.08860839740373194,0.1333396250847727,0.15692192723508924,0.4728819951415062,0.1728485776254764,0.2207519736714088,0.0930336913237205,0.13043862111293353,0.1728485776254764,0.44427361121544473,1.3843231201171875,1.2699990272521973,1.2883638143539429,1.552012324333191,1.5238897800445557,0.728819727897644,1.4049996137619019,3.4854865074157715,0.5654709339141846,0.3508802354335785,2.824685573577881,0.40556806325912476
117,0.0001,0.29530185856856406,0.785396590320111,0.5511597461425342,0.6188738572076167,0.7537510753779715,40.03595232963562,0.15939721127506346,0.12496253562858328,0.08811123587656766,0.1319666849449277,0.15939721127506346,0.45327645633369684,0.19470739914820745,0.2991230445412489,0.13257619761503658,0.1235299607882133,0.19470739914820745,0.45899290763414824,1.3944159746170044,1.2719875574111938,1.2912691831588745,1.5839334726333618,1.5269948244094849,0.7308447957038879,1.4324655532836914,3.480815887451172,0.5669223666191101,0.3556981384754181,2.8279738426208496,0.4077441096305847
118,0.0001,0.31021224753931165,0.7734008930540237,0.47357764267004454,0.6251293019298243,0.7525434664054917,40.222790479660034,0.16177992394659668,0.13002503145253286,0.08831262879539281,0.13172012264840305,0.16177992394659668,0.4384079447481781,0.18115918051738006,0.22160649517407785,0.07909124585298391,0.13366270604041908,0.18115918051738006,0.42172688520871676,1.3958266973495483,1.274170160293579,1.2943869829177856,1.6002211570739746,1.5314593315124512,0.7329831719398499,1.4295117855072021,3.498791456222534,0.5685855150222778,0.34757909178733826,2.854900360107422,0.4090571701526642
119,0.0001,0.29732403438538313,0.7806676424353842,0.48350839431469256,0.6153008348497704,0.7539133391131346,39.30534243583679,0.16148865537252277,0.1256322285044007,0.08931534644216299,0.1322117478121072,0.16148865537252277,0.4344817374367267,0.17824802811329182,0.20041585917083116,0.07227906493040231,0.13156845443523846,0.17824802811329182,0.39650756212381216,1.3974632024765015,1.2757205963134766,1.296889066696167,1.5832844972610474,1.5277773141860962,0.7344875931739807,1.4261637926101685,3.5154192447662354,0.5701509714126587,0.35027313232421875,2.849336862564087,0.4105868339538574
120,0.0001,0.28925448982045054,0.7907287104604416,0.4536143078253819,0.6616162182383819,0.7878822677095734,39.91572046279907,0.15685968601610512,0.12553295394172892,0.0908820474287495,0.13263362855650485,0.15685968601610512,0.4626172170974314,0.20008045750168654,0.1825579875936875,0.05159087118047934,0.13633212951513438,0.20008045750168654,0.3460284526531513,1.402098298072815,1.2750859260559082,1.2994680404663086,1.5819319486618042,1.5315635204315186,0.7361149787902832,1.4174566268920898,3.5237762928009033,0.5723775029182434,0.34418603777885437,2.8418374061584473,0.411994606256485
121,0.0001,0.27783928462304175,0.7960680010315502,0.428406504713572,0.6874604081267461,0.8064633005264138,39.54788827896118,0.1580546045443043,0.11662940488895401,0.08945290872361511,0.13342555204872042,0.1580546045443043,0.46510176721494645,0.17297484691326434,0.1989267725784045,0.08053543779712458,0.13345257089688228,0.17297484691326434,0.4292000990647536,1.405806541442871,1.2766119241714478,1.3024051189422607,1.5820211172103882,1.529748797416687,0.7379112839698792,1.4182888269424438,3.5276401042938232,0.5736849904060364,0.34302690625190735,2.8582351207733154,0.41523683071136475
122,0.0001,0.27085919957607985,0.8048077192775942,0.4382631526543544,0.6889927641499018,0.8066424525753563,39.18545722961426,0.1565226202365011,0.11394682677928358,0.0929353036917746,0.13259972899686545,0.1565226202365011,0.47301945416256785,0.17515634367099175,0.2026297466113017,0.10361581077942482,0.12607956666212816,0.17515634367099175,0.46342812134669376,1.4081494808197021,1.2762409448623657,1.3058818578720093,1.5930428504943848,1.5284827947616577,0.7404206991195679,1.4066616296768188,3.526501178741455,0.5763344764709473,0.3374135494232178,2.858396530151367,0.4157513678073883
123,0.0001,0.272882818011567,0.8013684727415841,0.4449025796009944,0.6729676593331692,0.795906408886695,42.019264698028564,0.15354850178118795,0.11428695352515206,0.09258334769401699,0.13527825404889882,0.15354850178118795,0.48500363714993,0.17555660273020085,0.20604286890190382,0.09055898562073708,0.12660698764599287,0.17555660273020085,0.4469859948525062,1.4082260131835938,1.2751069068908691,1.3089262247085571,1.5893046855926514,1.5263108015060425,0.7419491410255432,1.3965266942977905,3.5116305351257324,0.5767630338668823,0.3366992771625519,2.8383617401123047,0.41481661796569824
124,0.0001,0.2798476181924343,0.7984945069982025,0.5788853763387753,0.5884232754050454,0.7305331665419884,39.55314350128174,0.15675389568787068,0.11711263342294842,0.0874926398973912,0.13422947109211236,0.15675389568787068,0.47121972125023603,0.21444361083782637,0.30716300535087404,0.1530697655219298,0.12533353395186939,0.21444361083782637,0.4410351478136503,1.4070210456848145,1.2782821655273438,1.3121672868728638,1.5785328149795532,1.5314152240753174,0.7440691590309143,1.3907653093338013,3.5185084342956543,0.5789958238601685,0.33543661236763,2.850219964981079,0.4169806241989136
125,0.0001,0.2645944254472852,0.7996642135594871,0.45666759747725266,0.6620243781182706,0.786660729512597,39.42127299308777,0.15635269682388753,0.1156721935258247,0.08888507541269064,0.13499167608097196,0.15635269682388753,0.4683524426072836,0.17547022367899234,0.22090329493467625,0.10559196391930947,0.12604714838358072,0.17547022367899234,0.47025683292975795,1.4103754758834839,1.2767102718353271,1.314368724822998,1.586651086807251,1.5361639261245728,0.7462702989578247,1.4093470573425293,3.5153648853302,0.5809615850448608,0.3335053324699402,2.829954147338867,0.4190177619457245
126,0.0001,0.2520872300956398,0.8211137514587191,0.4460434168577194,0.6866817869472926,0.80802100774339,40.07837176322937,0.15398436272516847,0.10465915146050975,0.08945686253719032,0.1344252029666677,0.15398436272516847,0.46874069585464895,0.16846114116219374,0.19963036987643976,0.07893220128921362,0.13231385338764926,0.16846114116219374,0.4503003395520724,1.4073116779327393,1.277268648147583,1.317959189414978,1.5826910734176636,1.5328214168548584,0.7475268840789795,1.3968263864517212,3.5116376876831055,0.5834532380104065,0.3342532813549042,2.827277660369873,0.4202682077884674
127,0.0001,0.26122596440836787,0.8096628745465906,0.5614621792848293,0.5735865907281401,0.7208843805600992,39.188271284103394,0.15377032209653407,0.11247741704573855,0.08963444479741156,0.1336587091209367,0.15377032209653407,0.47907546628266573,0.2083224152143185,0.30113777718864954,0.1423705715399522,0.12536512257961127,0.2083224152143185,0.43754687492664046,1.4098886251449585,1.2784978151321411,1.3206275701522827,1.5737580060958862,1.536472201347351,0.7497330904006958,1.3851921558380127,3.502936601638794,0.5839787125587463,0.3252533972263336,2.834190607070923,0.4211256504058838
128,0.0001,0.25759736611507833,0.8170851446282963,0.5467081589194445,0.6034977401655035,0.7418657745731717,39.30467510223389,0.15503709414042532,0.10795013408642262,0.08669343742076308,0.13385406089946628,0.15503709414042532,0.4726708456873894,0.19488674929508795,0.29338900558650494,0.11821897247662912,0.12542607268461814,0.19488674929508795,0.42907002430695756,1.4099175930023193,1.2781099081039429,1.3234639167785645,1.5688668489456177,1.5387847423553467,0.7505856156349182,1.3900854587554932,3.495436668395996,0.5842040777206421,0.33069127798080444,2.8455231189727783,0.42256566882133484
129,0.0001,0.2685567073058337,0.8024242386130883,0.47605610317908803,0.672135374105826,0.7927830023055419,40.316251039505005,0.15488585573621094,0.11293979646870866,0.08926072565373033,0.13244275748729706,0.15488585573621094,0.4631503482814878,0.18467138409614564,0.25635962755634234,0.1230045476785073,0.12975963491659898,0.18467138409614564,0.47959793439278237,1.413612723350525,1.2767032384872437,1.3261194229125977,1.578431248664856,1.5349335670471191,0.7540953159332275,1.4017845392227173,3.4877703189849854,0.5857076048851013,0.32319068908691406,2.847975492477417,0.42513203620910645
130,0.0001,0.26266245963051915,0.8110502418012075,0.43250349462032317,0.6835709248150049,0.8009240551657854,39.8597936630249,0.1569816858973354,0.1141224282910116,0.08917331276461482,0.13248523767106235,0.1569816858973354,0.48297749646008015,0.17360890542085355,0.19940484859622443,0.08022443703733957,0.12716970111315068,0.17360890542085355,0.4167099512540377,1.4155951738357544,1.2795453071594238,1.3292713165283203,1.5819090604782104,1.5384509563446045,0.755443811416626,1.4046125411987305,3.486260175704956,0.5884780883789062,0.3201361298561096,2.8534979820251465,0.4272630214691162
131,0.0001,0.2549374192021787,0.8200044936619413,0.5413111620224439,0.611478223742455,0.7431191173665557,38.976147174835205,0.15338005416560918,0.10931659996276721,0.08780496462713927,0.1339087274391204,0.15338005416560918,0.48228021641261876,0.24557756391855387,0.21969541643674556,0.03966724502925689,0.12565247210172506,0.24557756391855387,0.2706454882254967,1.4176619052886963,1.279346227645874,1.3318493366241455,1.5905290842056274,1.539163589477539,0.7568562030792236,1.4248995780944824,3.497418165206909,0.5923078656196594,0.31853845715522766,2.865401029586792,0.4283217489719391
132,0.0001,0.2546121096238494,0.8149543735451227,0.46575803687939277,0.6683831735935903,0.7912133053825449,39.14602065086365,0.15143708605319262,0.111735284619499,0.08914744993671775,0.13264554808847606,0.15143708605319262,0.48542800243012607,0.1822183975806603,0.22674105872328465,0.0986639661857715,0.12545064034370276,0.1822183975806603,0.4489655540539668,1.4167284965515137,1.2804110050201416,1.334407091140747,1.5762121677398682,1.5298938751220703,0.758463442325592,1.411141276359558,3.480794668197632,0.5944958925247192,0.31406575441360474,2.8639628887176514,0.42805802822113037
133,0.0001,0.2582231881096959,0.8099585868044127,0.5422790919358914,0.6050180624087118,0.7406285415378375,40.36015725135803,0.15533359115943313,0.11010099056875333,0.08714467333629727,0.13061100477352738,0.15533359115943313,0.4591516701038927,0.21121297088953164,0.27536773779071294,0.13716041869842088,0.12114394593697328,0.21121297088953164,0.4180179733496446,1.416412591934204,1.2778599262237549,1.3370217084884644,1.5746630430221558,1.5316671133041382,0.7602972984313965,1.4184776544570923,3.5019757747650146,0.595698356628418,0.31615540385246277,2.859912633895874,0.4281480312347412
134,0.0001,0.24241590010933578,0.8241878332773346,0.8155596265426048,0.45598386927695267,0.6156445015184981,41.05332684516907,0.15205278212670237,0.10489269741810858,0.08738094288855791,0.13025279354769737,0.15205278212670237,0.49574777530506253,0.241140516102314,0.49306898025365975,0.16306736515118525,0.1218236173574741,0.241140516102314,0.38488447482769306,1.415681004524231,1.2783325910568237,1.3400202989578247,1.5675979852676392,1.5292384624481201,0.762468695640564,1.4099740982055664,3.4975168704986572,0.5975953340530396,0.31574368476867676,2.855611562728882,0.4290856122970581
135,0.0001,0.25628072023391724,0.8194038384287958,0.46831109202825105,0.655300469683147,0.7809237033462033,40.128881216049194,0.15288620337378234,0.10854021745035425,0.08914203674066812,0.13227875402662903,0.15288620337378234,0.49350867280736566,0.167553770255584,0.23743256359146192,0.09073291575679412,0.12880987994945967,0.167553770255584,0.47111683442042424,1.4163028001785278,1.2777801752090454,1.3423807621002197,1.5694050788879395,1.5277099609375,0.7640492916107178,1.407727599143982,3.4851295948028564,0.5991666913032532,0.31651073694229126,2.863471508026123,0.43172749876976013
136,0.0001,0.2586495147552341,0.8106552602741138,0.4492341039272455,0.6660602248713737,0.7923999637670275,36.71295976638794,0.1568073172820732,0.11022355122258887,0.08709968032781035,0.13059011369477957,0.1568073172820732,0.4637675250414759,0.1811636153322,0.2079863197528399,0.07564448714256286,0.1289001412116564,0.1811636153322,0.4270955305833083,1.4151207208633423,1.2743381261825562,1.3451474905014038,1.5789198875427246,1.530709981918335,0.7662470936775208,1.4263780117034912,3.483297348022461,0.6030316948890686,0.3171670734882355,2.884510040283203,0.4316123425960541
137,0.0001,0.26174350548535585,0.8125195116362065,0.4440867031996067,0.6664507122791842,0.7887839384547882,40.01970720291138,0.1558767332462594,0.11278892710106447,0.08417193894274533,0.1285254448885098,0.1558767332462594,0.4466022227425128,0.17638227561345468,0.20895734131336213,0.08070048684111009,0.12705564819849455,0.17638227561345468,0.4351075942699726,1.417922019958496,1.2739002704620361,1.3471248149871826,1.5849977731704712,1.5365761518478394,0.767225980758667,1.4297130107879639,3.50823712348938,0.6024232506752014,0.3221306800842285,2.8913118839263916,0.43322357535362244
138,0.0001,0.2559990060981363,0.8128631153206899,0.4645131493990238,0.6601480942369614,0.7849153834211224,39.92294764518738,0.15615497331600636,0.10960317478748038,0.08812118670903146,0.13027914322447032,0.15615497331600636,0.4694517902098596,0.18095745020187817,0.2030485716003638,0.06201658151470698,0.1269441354733247,0.18095745020187817,0.39534105429282557,1.418698787689209,1.2730661630630493,1.3495622873306274,1.5904511213302612,1.539536952972412,0.7681249976158142,1.4293723106384277,3.5043132305145264,0.6049779057502747,0.3310348689556122,2.874760389328003,0.4347529411315918
139,0.0001,0.24187831347808242,0.8281935314903978,0.4753983872441145,0.6524479613517957,0.7761339259340891,39.74751567840576,0.15338639891706407,0.10329764749621972,0.08975803607609123,0.1318911041598767,0.15338639891706407,0.4824774016160518,0.16798068984196737,0.23349147284260163,0.07539054098037573,0.1255650757597043,0.16798068984196737,0.4486248970031738,1.4200139045715332,1.272969126701355,1.3522645235061646,1.5822668075561523,1.5372533798217773,0.7694813013076782,1.445270299911499,3.5147950649261475,0.6067796349525452,0.3305675983428955,2.8667938709259033,0.43542104959487915
140,0.0001,0.25215233443304896,0.814115788039227,0.5606010574560899,0.581373148843862,0.7239543586130083,37.633145332336426,0.15277288109064102,0.10892137419432402,0.08820662181824446,0.12897346715908498,0.15277288109064102,0.47907490795478225,0.18113244680257945,0.20759561718083344,0.07703987188064135,0.12700247019529343,0.18113244680257945,0.43283433455687303,1.4186713695526123,1.269974708557129,1.3547065258026123,1.5844333171844482,1.537104845046997,0.7709479928016663,1.4436126947402954,3.4988441467285156,0.6081146001815796,0.32237643003463745,2.865715980529785,0.4365944564342499
141,0.0001,0.24992071255110204,0.819726908715078,0.4494357076975016,0.6688454814012185,0.7929499264102321,39.57940912246704,0.15435014839749783,0.10756701091304421,0.08869923558086157,0.13121990801300853,0.15435014839749783,0.48841870832256973,0.16671677048389727,0.2285513115616945,0.09948963614610526,0.12788682671693655,0.16671677048389727,0.48521120823346653,1.4175227880477905,1.2694737911224365,1.3573518991470337,1.5840473175048828,1.5400816202163696,0.7720624208450317,1.4494342803955078,3.5132346153259277,0.6106767654418945,0.3275357186794281,2.8710904121398926,0.4360898435115814
142,0.0001,0.2490472737699747,0.8229623653589572,0.44562934258809456,0.6700590841744313,0.792532781418304,37.30195331573486,0.1549318698234856,0.10608040570514277,0.08962407091166824,0.13052618876099586,0.1549318698234856,0.48442871682345867,0.16673291938809248,0.21938028358496153,0.07447281686159281,0.13254345196944017,0.16673291938809248,0.45612400953586285,1.4149574041366577,1.269088625907898,1.3600126504898071,1.5802428722381592,1.5398367643356323,0.7727659940719604,1.4396644830703735,3.514089584350586,0.6111442446708679,0.3253189027309418,2.866267442703247,0.4377354085445404
143,0.0001,0.23913057520985603,0.8250103375098399,0.45898084044456483,0.6685100938519455,0.7889089655146775,39.55815100669861,0.15232787211425602,0.10473302163882181,0.08928055316209793,0.13178223639260978,0.15232787211425602,0.4989458122290671,0.16551495509651992,0.222326272382186,0.0871701948917829,0.12525564008034193,0.16551495509651992,0.4682614656595083,1.4142110347747803,1.2687512636184692,1.3626961708068848,1.5722510814666748,1.5345401763916016,0.7742511034011841,1.4210216999053955,3.51139235496521,0.6114887595176697,0.31958097219467163,2.8554580211639404,0.43825000524520874
144,0.0001,0.24479275126941502,0.8285136712230936,0.46514812386952914,0.6664157816086119,0.7876819473807609,39.49969458580017,0.15101978788152337,0.10435003746533766,0.08606734266504645,0.13167970534414053,0.15101978788152337,0.48935113032348454,0.17416156192238513,0.22886114100424143,0.07598154619336128,0.1302743517435514,0.17416156192238513,0.4261284708976746,1.4139221906661987,1.2680705785751343,1.36507248878479,1.5790473222732544,1.5289689302444458,0.7760134935379028,1.4216846227645874,3.518969774246216,0.6131390929222107,0.3205029368400574,2.8619415760040283,0.43881458044052124
145,0.0001,0.23251825128681958,0.8310591537044266,0.4643132283137395,0.6743883447644601,0.7974731049546728,41.11640477180481,0.149682663846761,0.10144308384042233,0.08915563917253166,0.13368142722174525,0.149682663846761,0.49716507922858,0.16102034375071525,0.23620686920789571,0.10096407068463473,0.12744292341745816,0.16102034375071525,0.5111503747793344,1.4146130084991455,1.2660248279571533,1.366890549659729,1.5813579559326172,1.5239006280899048,0.777630090713501,1.4462919235229492,3.4995946884155273,0.6160588264465332,0.3172464966773987,2.8460400104522705,0.43946170806884766
146,0.0001,0.23948181723244488,0.835274558326241,0.45874282740629635,0.6715082143950398,0.7954043985530193,39.70163607597351,0.1518449147697538,0.10211932944366708,0.08835375239141285,0.12934417324140668,0.1518449147697538,0.488209001487121,0.16579563331145505,0.22422164575411724,0.07608399379711885,0.12948032365395473,0.16579563331145505,0.44707876902360183,1.416106104850769,1.266695261001587,1.3680652379989624,1.5752654075622559,1.5343050956726074,0.7789271473884583,1.4354161024093628,3.494192123413086,0.6188986301422119,0.3212786018848419,2.8535914421081543,0.4419633746147156
147,0.0001,0.24043840845115483,0.825583623661221,0.45107272336116205,0.6719668535561848,0.794310207161264,39.42152142524719,0.15372968837618828,0.1050284099765122,0.08703860943205655,0.1319087267620489,0.15372968837618828,0.48777131852693856,0.16864628539635584,0.21022863674622316,0.06859813091846613,0.13006931520425358,0.16864628539635584,0.4319031357765198,1.4155784845352173,1.264879584312439,1.3701691627502441,1.5790386199951172,1.5373553037643433,0.7796542644500732,1.4417895078659058,3.4891111850738525,0.619963526725769,0.3169916868209839,2.86232590675354,0.44277191162109375
148,0.0001,0.23249840806238353,0.8297518084096998,0.48981850410883243,0.6385383088692245,0.7684951940705875,39.10668587684631,0.14951975841540843,0.1005228211870417,0.08598838106263429,0.12890847446396947,0.14951975841540843,0.4868160909973085,0.2155241685991104,0.2109425999224186,0.05098671580736454,0.13199216081545903,0.2155241685991104,0.34852234033437873,1.4190126657485962,1.2629432678222656,1.371721863746643,1.5799628496170044,1.5321751832962036,0.780705988407135,1.4470391273498535,3.5052640438079834,0.6201116442680359,0.31931087374687195,2.8618552684783936,0.44349926710128784
149,0.0001,0.2379636469995603,0.8283187930016495,0.4769137578514906,0.6638747836801241,0.786201903563745,39.05557298660278,0.1517184702679515,0.10411922127241269,0.08944992534816265,0.1312101937364787,0.1517184702679515,0.5061196780297905,0.2000608061368649,0.20483614005721532,0.05836346562092121,0.12634845421864435,0.2000608061368649,0.37254196405410767,1.4182404279708862,1.2626402378082275,1.3731846809387207,1.5843669176101685,1.528408169746399,0.7812055349349976,1.4421206712722778,3.5043609142303467,0.6206382513046265,0.3155555725097656,2.850942373275757,0.44450441002845764
150,0.0001,0.2536675385199487,0.819500584279974,0.49655116418233286,0.6689284656789402,0.7924201471749568,40.596184730529785,0.15343798242975026,0.1145223481580615,0.08849652879871428,0.13154797803144902,0.15343798242975026,0.4950873156776652,0.17295959975857,0.27079152413285695,0.11089488084499653,0.12683164614897507,0.17295959975857,0.5115287404793959,1.4222272634506226,1.2612128257751465,1.375017523765564,1.5926427841186523,1.5276777744293213,0.7835665941238403,1.4477665424346924,3.498675584793091,0.6224345564842224,0.32182231545448303,2.83270525932312,0.44391053915023804
151,0.0001,0.2502585172187537,0.8147903570492491,0.44749581515789033,0.6713966222211994,0.7948148752768486,41.1272611618042,0.15421381825581193,0.11074126994935796,0.08817672752775252,0.1278900207253173,0.15421381825581193,0.47891893866471946,0.16560645412940245,0.23452444867445874,0.09566722775881108,0.1256805317906233,0.16560645412940245,0.486039688036992,1.4228168725967407,1.2609822750091553,1.377406358718872,1.6049423217773438,1.5295878648757935,0.784578263759613,1.4674259424209595,3.4908177852630615,0.6228333711624146,0.322159081697464,2.8478426933288574,0.4463382959365845
152,0.0001,0.2402659086510539,0.8281315089288133,0.44505199858775507,0.6781128248535747,0.7968299076981707,37.74730587005615,0.152151420712471,0.10358229442499578,0.0877977047348395,0.1289546051993966,0.152151420712471,0.4930458564776927,0.17774441947157565,0.20384236130003747,0.06835662825749471,0.1290016749730477,0.17774441947157565,0.42393282651901243,1.4212721586227417,1.2596099376678467,1.3803945779800415,1.6033622026443481,1.536354899406433,0.785862386226654,1.4698253870010376,3.473592519760132,0.6237412095069885,0.3205690085887909,2.8466761112213135,0.4488692581653595
153,0.0001,0.23743196250870824,0.830634041876539,0.4359930663154675,0.6902322737686747,0.8093912587594829,40.918700218200684,0.1526547831017524,0.10594937327550724,0.08537292131222785,0.13070004561450332,0.1526547831017524,0.4827662801835686,0.17530668102777922,0.2145982989611534,0.09179376896757346,0.13304500854932344,0.17530668102777922,0.48430408239364625,1.4206498861312866,1.2607855796813965,1.382444143295288,1.6074671745300293,1.5414860248565674,0.7865104079246521,1.4621164798736572,3.476499080657959,0.6240195035934448,0.3213215172290802,2.840724229812622,0.44839921593666077
154,0.0001,0.2513757268898189,0.8104975358666735,0.44143477838772993,0.682870673374293,0.8021324096863383,39.93124961853027,0.1548272364307195,0.11558693699771538,0.0891992449760437,0.13021517428569496,0.1548272364307195,0.4848627371247858,0.1892177157677137,0.19760679912108642,0.06852111057020151,0.126489545748784,0.1892177157677137,0.371142944922814,1.422531008720398,1.259606122970581,1.3837790489196777,1.610060691833496,1.5354862213134766,0.7879828214645386,1.4502036571502686,3.4617490768432617,0.623931884765625,0.3173382878303528,2.8533170223236084,0.4491560459136963
155,0.0001,0.26221225247718394,0.8033308820063627,0.4704985735508112,0.6769134041484711,0.7979914415413563,38.89596605300903,0.16151139582507312,0.11305853491649032,0.0862316720886156,0.12699029955547303,0.16151139582507312,0.45176484528928995,0.1764689242037443,0.2263186555642348,0.07419249289310896,0.12970726925593157,0.1764689242037443,0.4285198505108173,1.4253339767456055,1.2623478174209595,1.3854514360427856,1.6071406602859497,1.5373976230621338,0.7899014949798584,1.444398283958435,3.4861161708831787,0.6257379651069641,0.3135197162628174,2.854379653930664,0.45131978392601013
156,0.0001,0.2431812002323568,0.8187264788003944,0.4690060915855261,0.660274236733372,0.7860679500323812,39.87905716896057,0.15553344401996583,0.10775011824443936,0.08913179580122232,0.12917485460639,0.15553344401996583,0.4800072500947863,0.19961681010631416,0.20782589534154305,0.053630072824083844,0.1242267370223999,0.19961681010631416,0.34859702128630415,1.4237221479415894,1.262205958366394,1.387374758720398,1.6060513257980347,1.5372477769851685,0.790428876876831,1.450729489326477,3.4882161617279053,0.6273071765899658,0.3118937909603119,2.8677968978881836,0.4526227116584778
157,0.0001,0.23780715954490006,0.8293107679616075,2.011484303841224,0.254667175209145,0.40269736889961044,40.11042594909668,0.15157441655173898,0.10438571410486475,0.08926045009866357,0.13055012724362314,0.15157441655173898,0.49722537072375417,0.4233316944195674,1.5689468182050266,0.20067286216295682,0.1229189551793612,0.4233316944195674,0.2146122081921651,1.4239368438720703,1.260624885559082,1.3893662691116333,1.6033447980880737,1.5399967432022095,0.7909673452377319,1.4466795921325684,3.49849009513855,0.6275716423988342,0.309973806142807,2.8600175380706787,0.45344796776771545
158,0.0001,0.25177801330573857,0.8100549917540326,0.448238027210419,0.6760300091808581,0.7963991184502712,38.90816831588745,0.1536416282178834,0.11211264843586832,0.08676520513836294,0.12969863251782954,0.1536416282178834,0.4718984381761402,0.17568338627998645,0.21636210175660942,0.06761198628407258,0.12871463023699248,0.17568338627998645,0.4249359708565932,1.4253318309783936,1.2627794742584229,1.3913706541061401,1.5977883338928223,1.5455896854400635,0.7920713424682617,1.4481375217437744,3.4977238178253174,0.6283276081085205,0.3046274483203888,2.871891736984253,0.4536970555782318
159,0.0001,0.22800828889012337,0.8273393967487126,0.4497278725871673,0.6805828758811198,0.800267068252104,38.19343972206116,0.15067146031651646,0.1022849204018712,0.08679875906091183,0.12876287754625082,0.15067146031651646,0.47096037631854415,0.1715809658742868,0.2167559152039198,0.07523647403487792,0.1261799381329463,0.1715809658742868,0.4383029314187857,1.4265795946121216,1.261767029762268,1.394281268119812,1.6025826930999756,1.5376769304275513,0.793472409248352,1.456864356994629,3.4958667755126953,0.6290320754051208,0.30051711201667786,2.884809970855713,0.4540081024169922
160,0.0001,0.2344840948935598,0.8308743834317525,0.5534182948561815,0.6159501156728484,0.7514534233498307,38.97986102104187,0.15231386269442737,0.10208983882330358,0.088402729423251,0.12912342010531574,0.15231386269442737,0.478493437403813,0.2134900831259214,0.2984679251336134,0.14119044519387758,0.12070219344817675,0.2134900831259214,0.4189974830700801,1.4242830276489258,1.2641468048095703,1.3955962657928467,1.5962802171707153,1.5424387454986572,0.7946593165397644,1.4468315839767456,3.498552083969116,0.6299960613250732,0.29048824310302734,2.8847830295562744,0.45322948694229126
161,0.0001,0.2470347248017788,0.8145610220945779,0.4619688843305294,0.6762174704556392,0.7999766966595081,40.36757683753967,0.1525868846802041,0.10908759949961677,0.08992439648136497,0.12988724000751972,0.1525868846802041,0.48216955992393196,0.1891839958154238,0.23871173560619355,0.12147074823196118,0.12114718074981982,0.1891839958154238,0.480435154071221,1.424872875213623,1.2618029117584229,1.397787094116211,1.5914220809936523,1.542057752609253,0.7963278889656067,1.4498423337936401,3.477867364883423,0.6311858296394348,0.28777462244033813,2.8593058586120605,0.4533114433288574
162,0.0001,0.2300428724847734,0.8376707249853605,0.5265160374916517,0.6236094000938109,0.7582454059829894,39.51505470275879,0.14853294123895466,0.0993168311251793,0.08623295661527663,0.12960865686181933,0.14853294123895466,0.5065411594696343,0.20602247669146612,0.27169858902119676,0.130591581761837,0.12016922063552417,0.20602247669146612,0.4356803894042969,1.4265679121017456,1.2610455751419067,1.4003313779830933,1.5984820127487183,1.5383771657943726,0.7972919940948486,1.4485260248184204,3.4666507244110107,0.6326471567153931,0.2877156436443329,2.8722472190856934,0.4537106454372406
163,0.0001,0.22613829700276256,0.8377598355753608,0.45385522475609413,0.670942456253842,0.7954517518552118,39.80190372467041,0.14828764379490167,0.09974939248058945,0.08567628997843713,0.12887322064489126,0.14828764379490167,0.49862582376226783,0.16665845410181926,0.22374739131102195,0.08113774290451636,0.12335783403653365,0.16665845410181926,0.46802926797133226,1.4277013540267944,1.2601470947265625,1.402888298034668,1.6015592813491821,1.5373663902282715,0.797780454158783,1.4508566856384277,3.4701719284057617,0.6325947046279907,0.2837999165058136,2.8755760192871094,0.45431971549987793
164,0.0001,0.22687451215460896,0.8351601562862044,0.45898627077157683,0.6636421014716267,0.7894348429952931,39.50029969215393,0.14867100643459707,0.1000615440425463,0.08655333274509758,0.12982712499797344,0.14867100643459707,0.5016557653434575,0.1700243414594577,0.22433158431488734,0.08955013270561511,0.12405741959810257,0.1700243414594577,0.48416797197782074,1.4270603656768799,1.2580535411834717,1.4044700860977173,1.5993380546569824,1.536668062210083,0.798728346824646,1.457177996635437,3.4599578380584717,0.6322939395904541,0.2791712284088135,2.866237163543701,0.4553210437297821
165,0.0001,0.2157173005398363,0.8458933089228783,0.43881046577141836,0.6837899550888314,0.8040647820501575,39.46470928192139,0.1452419349225238,0.0955307197291404,0.08731156529393047,0.13083739706780761,0.1452419349225238,0.5103946679737419,0.16422007593971033,0.21773346172502409,0.07930595645537743,0.1260033138669454,0.16422007593971033,0.49796007596529446,1.426268458366394,1.257055401802063,1.4057223796844482,1.5980312824249268,1.5271482467651367,0.7999333143234253,1.45211923122406,3.4548428058624268,0.6346153020858765,0.28396642208099365,2.8584866523742676,0.45616403222084045
166,0.0001,0.22321824450045824,0.8375098831917485,0.46191136424358076,0.6632138614252411,0.7862557002830809,38.96933674812317,0.1459890304831788,0.0983803832787089,0.08461633988190442,0.13257868750952184,0.1459890304831788,0.5172238313825801,0.17023312380680672,0.2380204145438396,0.07014909466871848,0.12733317544827094,0.17023312380680672,0.4514082697721628,1.425027847290039,1.2560052871704102,1.4083595275878906,1.5926361083984375,1.5246549844741821,0.8008601665496826,1.449442744255066,3.4538424015045166,0.6363110542297363,0.2797735035419464,2.8545005321502686,0.456818163394928
167,0.0001,0.2208390273153782,0.8382152173710663,0.45249996746961885,0.6723239716602235,0.7920591164667548,40.0900239944458,0.14737333392258734,0.10088450665352866,0.08513045706786215,0.1320530710509047,0.14737333392258734,0.5075905071571469,0.1767763702628704,0.21262524887346304,0.06491866575983854,0.1286131943647678,0.1767763702628704,0.43970372401751007,1.4254019260406494,1.253309726715088,1.4101027250289917,1.5898855924606323,1.5221744775772095,0.8017803430557251,1.4396452903747559,3.444016456604004,0.6368023753166199,0.27925270795822144,2.8407366275787354,0.4569791257381439
168,0.0001,0.21985033759847283,0.8442459704953557,0.4434310518778287,0.6775592655786816,0.7984771983100127,39.78183841705322,0.1448121772846207,0.097363842476625,0.08546754188137129,0.13146193709690124,0.1448121772846207,0.5088051659986377,0.1669794066594197,0.21817378774285318,0.07636687067838815,0.12743006245448038,0.1669794066594197,0.4596223290149982,1.425917148590088,1.253338098526001,1.4112855195999146,1.5914616584777832,1.528143286705017,0.802758514881134,1.4521175622940063,3.4450385570526123,0.638315737247467,0.2765360176563263,2.8414247035980225,0.45835113525390625
169,0.0001,0.21614894713275135,0.8460025254673705,0.47022376977480373,0.6647525594957546,0.7874858259139992,39.223029136657715,0.14523116050986573,0.09621142217656597,0.08429375116247684,0.13038306101225317,0.14523116050986573,0.5096487239934504,0.1678677424788475,0.2627797139378694,0.10022524537948461,0.12185127024467175,0.1678677424788475,0.49808174738517175,1.4263615608215332,1.2523740530014038,1.4125678539276123,1.5830103158950806,1.5284481048583984,0.8034447431564331,1.4203135967254639,3.4487476348876953,0.6408716440200806,0.2775980830192566,2.8494012355804443,0.46071675419807434
170,0.0001,0.22860160726122558,0.8388425331743753,0.4614625263672609,0.6606653538841899,0.7848808120932638,40.22252321243286,0.15035659109707922,0.09922182484297082,0.08514120115432888,0.12857140123378485,0.15035659109707922,0.4934433132875711,0.16962040427785655,0.22630385905504227,0.09453832868200082,0.12382989445557961,0.16962040427785655,0.4957674512496361,1.4250494241714478,1.2511194944381714,1.4136871099472046,1.582524299621582,1.5232415199279785,0.8036627769470215,1.4288272857666016,3.444826126098633,0.6410133242607117,0.27540871500968933,2.8504743576049805,0.4614216685295105
171,0.0001,0.22405892959795892,0.8373870780474624,0.4615137253816311,0.678972687529568,0.7992638676185462,39.549495220184326,0.1479815315688029,0.09941634692950174,0.08486382791306823,0.13129850651603192,0.1479815315688029,0.5029901012312621,0.19080567887196173,0.2106545261465586,0.055933895363257484,0.12632789749365586,0.19080567887196173,0.3857060588323153,1.4231680631637573,1.2498912811279297,1.4150512218475342,1.5773138999938965,1.5204181671142578,0.8045285940170288,1.4195502996444702,3.45514178276062,0.6419339179992676,0.2765037417411804,2.851093292236328,0.4617551267147064
172,0.0001,0.2085089737083763,0.8520891430882588,0.5129319928013362,0.6461144078728244,0.7745459095537202,39.97029757499695,0.142986491904594,0.09437523077940568,0.08649658167269081,0.13020625710487366,0.142986491904594,0.5082759065553546,0.17730301819168603,0.28977316967569866,0.10517720408164538,0.12183266843740757,0.17730301819168603,0.46994868975419263,1.4199646711349487,1.2497159242630005,1.4164553880691528,1.5717874765396118,1.5227130651474,0.8048598766326904,1.424910545349121,3.456087589263916,0.6421111226081848,0.27255725860595703,2.8418128490448,0.46222060918807983
173,0.0001,0.21405197540298104,0.8490907122407074,0.47677136338674103,0.6567045644502791,0.7834432561165511,40.19972229003906,0.14669017679989338,0.09467963624047115,0.08449219912290573,0.1327108321711421,0.14669017679989338,0.5005808875430375,0.1710946524945589,0.25215846850321844,0.10198586583137512,0.1258225319477228,0.1710946524945589,0.4915317590420063,1.4189016819000244,1.2500042915344238,1.4177764654159546,1.5670111179351807,1.5281434059143066,0.8050513863563538,1.4055848121643066,3.4557321071624756,0.642911970615387,0.2690017521381378,2.8251264095306396,0.46299684047698975
174,0.0001,0.20763807580806315,0.848778511297814,0.45054938747332646,0.6781220319253393,0.7997668426580582,40.17386507987976,0.14419565431308,0.09568534552818164,0.08692621090449393,0.1297786016948521,0.14419565431308,0.508671794552356,0.16259419264701697,0.23825415550516202,0.08247411938814017,0.12813212218192907,0.16259419264701697,0.48941536775002115,1.4197213649749756,1.2481340169906616,1.419647455215454,1.572485089302063,1.5298324823379517,0.8067463040351868,1.4187276363372803,3.4502432346343994,0.6431679129600525,0.2600410580635071,2.8067102432250977,0.46333929896354675
175,0.0001,0.21010173903778195,0.8486844346472736,0.4569804154909574,0.6670807265099331,0.7912303599316917,40.301814556121826,0.14538331946823746,0.09463016258087009,0.08441435568965971,0.13174910307861865,0.14538331946823746,0.5215102860238403,0.16327580087460003,0.23807530735547727,0.08320845176394169,0.12576548457145692,0.16327580087460003,0.5006321686964769,1.4203370809555054,1.2482115030288696,1.4212383031845093,1.5657413005828857,1.5269238948822021,0.8074323534965515,1.4103277921676636,3.4412596225738525,0.6433597207069397,0.2611318826675415,2.8041720390319824,0.46359068155288696
176,0.0001,0.21256904769688845,0.8441407142580672,0.46009804400113913,0.6844867715669481,0.8032962984574922,38.68021035194397,0.14608393784146756,0.09744051366578788,0.08292569627519697,0.132176709943451,0.14608393784146756,0.5079935104586184,0.1712035916172541,0.2543135898617598,0.10750344636348577,0.12173669143364979,0.1712035916172541,0.4941534271607032,1.4199719429016113,1.2486326694488525,1.4228934049606323,1.5733990669250488,1.5317366123199463,0.8087784647941589,1.4155794382095337,3.437375545501709,0.6442729830741882,0.2568119764328003,2.8053996562957764,0.46373501420021057
177,0.0001,0.21461169479880482,0.853076327338515,0.4563184983455218,0.6797190827895767,0.8006948712529333,39.48641753196716,0.14569618459790945,0.09483569630538113,0.08545736921951175,0.1310212176758796,0.14569618459790945,0.5296608316712081,0.16585650409643465,0.24045016415990317,0.07288214661754094,0.12671354814217642,0.16585650409643465,0.4676355939645034,1.4190603494644165,1.2460945844650269,1.4244076013565063,1.5672041177749634,1.5259929895401,0.8100131750106812,1.4123444557189941,3.427079916000366,0.6446084976196289,0.2523985505104065,2.7999255657196045,0.4642272889614105
178,0.0001,0.20071520004421473,0.860065170691694,0.5001214829775004,0.6531512713629912,0.7829054809641149,40.09916114807129,0.14574268797878176,0.09160105203045532,0.08326049381867051,0.1317899477435276,0.14574268797878176,0.5198925654403865,0.17920733546981446,0.2685243738958469,0.11285305991768838,0.11857676196556825,0.17920733546981446,0.4866169388477619,1.4168814420700073,1.244485855102539,1.4265965223312378,1.5547620058059692,1.5269944667816162,0.8109959959983826,1.4100947380065918,3.4253528118133545,0.6446446180343628,0.24698780477046967,2.7998008728027344,0.46560290455818176
179,0.0001,0.2132679489441216,0.8481499996718463,0.4698134842973489,0.6653040050809444,0.787884157843874,40.99438714981079,0.14590658713132143,0.09432546445168555,0.08371098118368536,0.13067563506774604,0.14590658713132143,0.508547293022275,0.1670954949580706,0.23822617708490446,0.07027697104674119,0.12688168780161785,0.1670954949580706,0.44870612988105185,1.419323444366455,1.2454763650894165,1.4283056259155273,1.5614889860153198,1.5309028625488281,0.8121970891952515,1.4142155647277832,3.4339075088500977,0.6459070444107056,0.24532529711723328,2.8125414848327637,0.4675337076187134
180,0.0001,0.2029975758632645,0.8587861382977836,0.47302805552115806,0.6648548094872345,0.7871137227110185,39.24482560157776,0.14316044643055648,0.09174478909699246,0.08194541407283396,0.13230550813023,0.14316044643055648,0.515205594478175,0.1623185888505899,0.26636044683937843,0.09954555069024747,0.12393178458397205,0.1623185888505899,0.5365079604662382,1.4171853065490723,1.2430201768875122,1.4295868873596191,1.552432894706726,1.5254157781600952,0.8122545480728149,1.414462685585022,3.435231924057007,0.6464791893959045,0.24028506875038147,2.814366579055786,0.46799027919769287
181,0.0001,0.21132136997766793,0.8495764802114237,0.46955157014039844,0.6724216100681233,0.794417071436575,40.223530292510986,0.14594468125142157,0.09464856958948076,0.08265863143606111,0.13190038339234889,0.14594468125142157,0.5064459168352187,0.16260224615152066,0.257101982488082,0.09344354099952258,0.12555439071013377,0.16260224615152066,0.5104813493215121,1.4189645051956177,1.2428418397903442,1.4312214851379395,1.5547890663146973,1.5313950777053833,0.8127121329307556,1.419715404510498,3.4378998279571533,0.6476023197174072,0.24000521004199982,2.8189873695373535,0.4693182110786438
182,0.0001,0.21298622991889715,0.8457163752002067,0.4667277847345059,0.6747919425800043,0.7962521292751784,39.75895643234253,0.14484714530408382,0.09581253601936623,0.08390247367788106,0.13069627399090677,0.14484714530408382,0.5047437900211662,0.16932671004189895,0.23667707056380236,0.07116875000871145,0.12898917645215988,0.16932671004189895,0.4544289524738605,1.4213392734527588,1.2423443794250488,1.4327363967895508,1.5542984008789062,1.5315426588058472,0.8131058216094971,1.413261890411377,3.4468445777893066,0.6475163102149963,0.24661803245544434,2.824540376663208,0.47003868222236633
183,0.0001,0.20853226608596742,0.8505421600343019,0.47257002133589526,0.6680783604233991,0.7887806869463563,40.48307418823242,0.14594778383616358,0.09349998575635254,0.08453617221675813,0.13075374730397016,0.14594778383616358,0.5011660801246762,0.17273845305809607,0.24036856290812675,0.07796038320431342,0.12569815860344813,0.17273845305809607,0.450232221530034,1.4201403856277466,1.239607334136963,1.4343194961547852,1.550503134727478,1.5245262384414673,0.814527690410614,1.4133347272872925,3.4439494609832764,0.6472600698471069,0.24355654418468475,2.826166868209839,0.47083646059036255
184,0.0001,0.21592549653723836,0.8427473288848957,0.45696930300730926,0.6772131484536685,0.798832912113359,39.077550411224365,0.1443617845652625,0.09679628891171888,0.0842486183391884,0.13320033776108176,0.1443617845652625,0.5143971680663526,0.1683280726751456,0.2270705233113124,0.061583955098803225,0.1288037066276257,0.1683280726751456,0.45308359402876636,1.4210546016693115,1.2394784688949585,1.4354602098464966,1.5503615140914917,1.5213868618011475,0.8157089352607727,1.4199285507202148,3.4459803104400635,0.6478337645530701,0.23646017909049988,2.819765567779541,0.47186151146888733
185,0.0001,0.21230533148627728,0.8424140547498126,0.46674569249153136,0.6791747061077295,0.7983600689681641,41.393097162246704,0.14436721755191684,0.09646081976825371,0.08372686745133251,0.13345833972562104,0.14436721755191684,0.5168979244772345,0.16814557250875692,0.2500025695333114,0.08163627202694233,0.12520418809010433,0.16814557250875692,0.49832641986700205,1.4192612171173096,1.2393016815185547,1.4365531206130981,1.5477012395858765,1.5221507549285889,0.816386342048645,1.4070324897766113,3.43404221534729,0.6484676599502563,0.24209114909172058,2.8058626651763916,0.47305405139923096
186,0.0001,0.24172807182185352,0.8179480308026811,0.47661721328130136,0.6645700500445475,0.7879895735006471,40.20766353607178,0.1535922773182392,0.10849994648015127,0.08174141787458211,0.1316687585785985,0.1535922773182392,0.4877428135368973,0.21353486931094756,0.20505196979412665,0.048255533839647584,0.12596279474405142,0.21353486931094756,0.3526308252261235,1.422468900680542,1.2388732433319092,1.4380066394805908,1.5476229190826416,1.521207332611084,0.8170689940452576,1.4181514978408813,3.4483225345611572,0.650069534778595,0.2441130429506302,2.8010878562927246,0.47556278109550476
187,0.0001,0.21643892291467637,0.8421620543805971,0.4962249919772148,0.6465524633584021,0.7729801298093278,43.90914845466614,0.14604026067536324,0.09658331848913804,0.08352189464494586,0.13218786637298763,0.14604026067536324,0.503207472153008,0.17736347317695617,0.2693626425300653,0.11560419843747066,0.11928334900966057,0.17736347317695617,0.4961663429553692,1.4217052459716797,1.2380729913711548,1.4405487775802612,1.5570260286331177,1.5255078077316284,0.8177217841148376,1.4296215772628784,3.4515230655670166,0.6507444381713867,0.2661180794239044,2.7924351692199707,0.4765967130661011
188,0.0001,0.2084633477497846,0.8548362845907632,0.5362497515403307,0.642465263253454,0.773518971570034,38.40786623954773,0.14511346479412168,0.09233219648012891,0.08361842425074428,0.13096591783687472,0.14511346479412168,0.4943309803493321,0.1893582346347662,0.32523062681922543,0.1339281995709126,0.1208677351474762,0.1893582346347662,0.4855573773384094,1.4210026264190674,1.2358702421188354,1.4423080682754517,1.561950445175171,1.5217708349227905,0.8184186816215515,1.4328711032867432,3.4628844261169434,0.6515263915061951,0.2671259343624115,2.8052139282226562,0.4777214229106903
189,0.0001,0.20890942914411426,0.8485434129554298,0.4531352901687989,0.6830554691489165,0.8043082988395721,39.92843055725098,0.14355615165550262,0.09600274945842102,0.08323794649913907,0.1313343980582431,0.14355615165550262,0.5145112106110901,0.18333433628655396,0.21196096123984226,0.057055048816479166,0.12737899858217974,0.18333433628655396,0.402134291942303,1.4208649396896362,1.2357844114303589,1.443664312362671,1.5679162740707397,1.5322524309158325,0.8194385170936584,1.4322762489318848,3.450169086456299,0.6539298892021179,0.27025485038757324,2.8153979778289795,0.47843852639198303
190,0.0001,0.2080720877274871,0.8530036163248599,0.6218813543136303,0.5624059081075206,0.7120779413547994,39.39921474456787,0.14604848285671324,0.09527841355884448,0.08659993438050151,0.1319074286147952,0.14604848285671324,0.5232636963482946,0.20113052427768707,0.360188332429299,0.12099619118066934,0.11645711786471881,0.20113052427768707,0.4295872303155752,1.419347882270813,1.2336605787277222,1.4453469514846802,1.559244155883789,1.5303682088851929,0.8194683194160461,1.4211714267730713,3.4616987705230713,0.6531907320022583,0.2579154074192047,2.803978681564331,0.4785791337490082
191,0.0001,0.2212193354498595,0.8494680074414174,0.47132233266647044,0.6708097398397692,0.7938176195258896,41.42447566986084,0.14501647232100368,0.09763886610744521,0.08668365981429815,0.1281381407752633,0.14501647232100368,0.5017545262817293,0.16399754520792229,0.25037338641973644,0.08611346861490836,0.11984429565759805,0.16399754520792229,0.49240558789326594,1.4200937747955322,1.2323397397994995,1.4464281797409058,1.5563225746154785,1.5294535160064697,0.8196300864219666,1.4088934659957886,3.454850673675537,0.6535739898681641,0.24635203182697296,2.7971994876861572,0.4787321090698242
192,0.0001,0.2092626877129078,0.8524081386038563,0.47452522562100335,0.6775532849660324,0.7990948445958411,40.22035789489746,0.14500904898159206,0.09359927981859073,0.08354439039248973,0.12931722716894,0.14500904898159206,0.5057111121714115,0.1611928327725484,0.26674142792247807,0.08608741118357732,0.1251805067062378,0.1611928327725484,0.49582642500217144,1.4207361936569214,1.231584072113037,1.4476993083953857,1.558390736579895,1.5278116464614868,0.8203230500221252,1.4098734855651855,3.4446868896484375,0.6541829705238342,0.24118296802043915,2.7873339653015137,0.4791163504123688
193,0.0001,0.20449086953885853,0.8550399215201051,0.49183219304451575,0.6667885325259665,0.7906790048933542,40.026381731033325,0.14247584098484367,0.09250264323782176,0.0832298545865342,0.12895287049468607,0.14247584098484367,0.5148079697974026,0.16600333257363392,0.2727313566379822,0.10060732794495729,0.11786272617486807,0.16600333257363392,0.5078611236352187,1.4202996492385864,1.2304052114486694,1.4487284421920776,1.5541963577270508,1.5220948457717896,0.821317732334137,1.410319447517395,3.437185764312744,0.6544501185417175,0.2464175671339035,2.796675682067871,0.4798683226108551
194,0.0001,0.20843682787381113,0.8527940621771267,0.48537904780644636,0.6638188776113059,0.7876846869499752,40.76661396026611,0.14471510204020888,0.09530380327487364,0.08506900619249791,0.13086647738236934,0.14471510204020888,0.5163361837621778,0.16807437478922882,0.2551540343234172,0.07261318512834035,0.12722361798469836,0.16807437478922882,0.4899904883824862,1.421415090560913,1.2298578023910522,1.4507620334625244,1.5560489892959595,1.5220427513122559,0.8226354718208313,1.4080086946487427,3.426621675491333,0.654778242111206,0.24062372744083405,2.7920737266540527,0.4799378514289856
195,0.0001,0.2003417683299631,0.8556469127573987,0.46532728580328137,0.6779582773391752,0.7979532781085825,39.11273956298828,0.14213272603228688,0.08973113773390651,0.08428654342424124,0.13008340855594724,0.14213272603228688,0.5162330009043217,0.17201176503529916,0.24936602840629907,0.09037586771524869,0.11687668435848676,0.17201176503529916,0.48019059529671304,1.4201422929763794,1.230506181716919,1.45216703414917,1.5516330003738403,1.519986867904663,0.8230739235877991,1.406277060508728,3.432512044906616,0.6549292802810669,0.2374384105205536,2.8074824810028076,0.4814172685146332
196,0.0001,0.18897810787893832,0.8689248240427738,0.4765044332696841,0.6654769196075724,0.7902581617451163,39.75296711921692,0.14112066791858524,0.08486246736720204,0.08562994783278555,0.1315915937302634,0.14112066791858524,0.5305847320705652,0.1711037876514288,0.25782038340201746,0.09625792583593955,0.12082781207102995,0.1711037876514288,0.5045097305224492,1.4177883863449097,1.2296667098999023,1.4538840055465698,1.5463675260543823,1.5179755687713623,0.8228875398635864,1.4039653539657593,3.419328451156616,0.6549464464187622,0.23391476273536682,2.7950632572174072,0.48152390122413635
197,0.0001,0.19245789665728807,0.8623621748445405,0.43904036891001924,0.6884166797216967,0.8069672541308477,39.87798023223877,0.14217889902647585,0.08808755705831572,0.08305899624247104,0.13145779445767403,0.14217889902647585,0.5225211626384407,0.17362408142250318,0.22022802256620846,0.06264118042129736,0.12482611445280221,0.17362408142250318,0.44400041103363036,1.416341781616211,1.230186939239502,1.4551098346710205,1.5446350574493408,1.5191702842712402,0.8234597444534302,1.4019197225570679,3.415604591369629,0.6556206345558167,0.23213034868240356,2.7949507236480713,0.4821941554546356
198,0.0001,0.1964364827144891,0.8585242512670259,0.4658400277678783,0.6731608326103401,0.7957821501477202,39.967525243759155,0.14064236846752465,0.09059894463280216,0.08336696471087635,0.12986333097796887,0.14064236846752465,0.5175445324275643,0.16324149060707827,0.25860794484615324,0.07368547349021985,0.12788759229274896,0.16324149060707827,0.48572956507022563,1.4158563613891602,1.2300347089767456,1.456416368484497,1.5356643199920654,1.5135139226913452,0.8236842155456543,1.3998185396194458,3.4224681854248047,0.6564971208572388,0.22661727666854858,2.807171106338501,0.48259875178337097
199,0.0001,0.20538962702266872,0.8536733740459927,0.46389477803156925,0.6787971317086453,0.8006347573053362,39.51344561576843,0.14362685766536742,0.09360454470152035,0.08137670007999986,0.1302064174087718,0.14362685766536742,0.5077412114478648,0.17905857431200833,0.22310419191534703,0.057591381525764096,0.12784060193942143,0.17905857431200833,0.43944969452344457,1.4165242910385132,1.2304021120071411,1.458188772201538,1.5383089780807495,1.5161572694778442,0.8239772319793701,1.399117350578308,3.4096033573150635,0.6546721458435059,0.22663317620754242,2.796037197113037,0.48285242915153503
200,0.0001,0.20198605419136584,0.8545839653022658,0.4594690636946605,0.6717203449173224,0.7954979607971088,38.541881799697876,0.14247294003143907,0.09036920944345184,0.08242951933061704,0.12966722657438368,0.14247294003143907,0.5293660438619554,0.16694428708690864,0.2388065966276022,0.07243669927120208,0.12651794610115197,0.16694428708690864,0.4661002901884226,1.4160691499710083,1.2316663265228271,1.4595037698745728,1.5420880317687988,1.5171988010406494,0.8244321942329407,1.4027258157730103,3.4080302715301514,0.6557013392448425,0.22551271319389343,2.7921364307403564,0.4835956394672394
201,0.0001,0.2059435211122036,0.8563401778668392,0.4865616181722054,0.6640743665865398,0.7898069965564828,39.649582862854004,0.14316132408566773,0.09435657516587526,0.08206846471875906,0.13072669424582273,0.14316132408566773,0.5201127086766064,0.16324251936032222,0.2817757331981109,0.09391455409618524,0.12409335581155924,0.16324251936032222,0.504794627886552,1.4136979579925537,1.2285869121551514,1.4604897499084473,1.5480927228927612,1.521884799003601,0.8256562948226929,1.391822099685669,3.415851354598999,0.6567341089248657,0.22230491042137146,2.7873713970184326,0.4850023686885834
202,0.0001,0.18810220155864954,0.8661425327703213,0.47965411922106377,0.6666544051628471,0.7903835635910221,38.851093769073486,0.14171501889359206,0.08626684441696852,0.08296497038099915,0.1310393875464797,0.14171501889359206,0.5164669416844845,0.16933914895814198,0.2488900918800097,0.06361969566115966,0.12551225469662594,0.16933914895814198,0.4472311670963581,1.4154680967330933,1.2280240058898926,1.461477518081665,1.5517698526382446,1.5203542709350586,0.8260188102722168,1.4009265899658203,3.4115636348724365,0.6574215888977051,0.22104738652706146,2.7816503047943115,0.485699862241745
203,0.0001,0.18857970496173948,0.8679069304760793,0.4789080929297667,0.6715104196319998,0.7944913402568425,39.163630962371826,0.13856574008241296,0.08578651555581018,0.08303751482162625,0.1316223714966327,0.13856574008241296,0.5348661753814667,0.16627921439134158,0.2528575122069854,0.0695544893351885,0.1293267438044915,0.16627921439134158,0.4690436995946444,1.4137881994247437,1.227807879447937,1.4629878997802734,1.5446871519088745,1.5220938920974731,0.826882541179657,1.3934874534606934,3.407402276992798,0.6583626866340637,0.21986795961856842,2.773930311203003,0.4865771532058716
204,0.0001,0.19868541893083602,0.859696578041811,0.47800653072503896,0.6721144911868029,0.7944639533289144,40.2068076133728,0.1403542411280796,0.09097348136128858,0.08159065491054207,0.13094504980836064,0.1403542411280796,0.522232532966882,0.1640864898952154,0.2647443163853425,0.0791684274490063,0.12800420018342826,0.1640864898952154,0.5081943411093491,1.4142717123031616,1.2275563478469849,1.4642542600631714,1.5412895679473877,1.5224311351776123,0.8280364871025085,1.3798242807388306,3.4062230587005615,0.6584842801094055,0.21476523578166962,2.76714825630188,0.48707371950149536
205,0.0001,0.19497687928378582,0.8626571531212979,0.5212685162058244,0.6324348145580845,0.7634359268669405,40.56276035308838,0.14413337933365256,0.08787469466915354,0.0833856244571507,0.13072992581874132,0.14413337933365256,0.5075299493037164,0.16924799589010386,0.2822704034929092,0.0752692977969463,0.12428784668445587,0.16924799589010386,0.4683669090270996,1.4140573740005493,1.227607011795044,1.465958833694458,1.541943073272705,1.5207762718200684,0.8286786675453186,1.3809189796447754,3.411500930786133,0.6585738658905029,0.21217070519924164,2.7803447246551514,0.48795846104621887
206,0.0001,0.19007793022319674,0.8641337941770721,0.4618742553087381,0.6714912402884514,0.7938665174887971,37.733867168426514,0.14311151893343776,0.08730113971978426,0.08084295527078211,0.1296888047363609,0.14311151893343776,0.49453841987997293,0.1718650835637863,0.2271736421264135,0.061973921668071016,0.12783545622458825,0.1718650835637863,0.4595052480697632,1.4101482629776,1.2264189720153809,1.4671828746795654,1.5398098230361938,1.5225117206573486,0.8297253251075745,1.3876302242279053,3.407033681869507,0.6603213548660278,0.212564155459404,2.776158332824707,0.4887925088405609
207,0.0001,0.19420623173937201,0.8660621700614604,0.5542406790531599,0.6339804659117486,0.7642591730512196,38.74200439453125,0.14010911108925939,0.08887169318040833,0.08550271124113351,0.1311890713404864,0.14010911108925939,0.5286511266604066,0.18963804399737946,0.3188709430109996,0.11438658334887945,0.11896787056556114,0.18963804399737946,0.4511591049341055,1.411609172821045,1.2245925664901733,1.4678218364715576,1.5378950834274292,1.5197820663452148,0.8303927779197693,1.3916226625442505,3.3884055614471436,0.6608778834342957,0.20774339139461517,2.7629945278167725,0.4890584647655487
208,0.0001,0.1957667265087366,0.8611654153164102,0.47349021698419863,0.6744150754518794,0.7975845878722976,39.369162797927856,0.14219271077308804,0.08996126340935007,0.08446785842534155,0.12999344791751355,0.14219271077308804,0.5269011482596397,0.16296604596651518,0.2591981230733486,0.07301421979298958,0.1268050810465446,0.16296604596651518,0.4800869107246399,1.4108127355575562,1.223193645477295,1.469224214553833,1.5352685451507568,1.5203906297683716,0.8308242559432983,1.3855787515640259,3.3770458698272705,0.6606865525245667,0.20450647175312042,2.7579681873321533,0.49041250348091125
209,0.0001,0.18835718545597047,0.8676007291130957,0.47557573914527895,0.6744294141553862,0.7978245319573759,39.311279296875,0.14004570548422635,0.08636501058936119,0.08151715621352196,0.13104182831011713,0.14004570548422635,0.5249903758522123,0.16894119542378647,0.24561525113307514,0.0645601121852031,0.12592074573040007,0.16894119542378647,0.4607654149715717,1.4095035791397095,1.2228150367736816,1.4704698324203491,1.5333681106567383,1.5210292339324951,0.8307822346687317,1.3815333843231201,3.3719229698181152,0.6602402925491333,0.20412485301494598,2.753666877746582,0.4905126392841339
210,0.0001,0.18483810615725815,0.8745928085260428,0.46788704532843367,0.6783845637505257,0.7999053347080743,40.109901428222656,0.13907141447998583,0.08433413365855813,0.08326461422257125,0.13203413132578135,0.13907141447998583,0.5399095914326608,0.1662057180244189,0.2516435789087644,0.06833531575707288,0.12730588431541737,0.1662057180244189,0.4672436457413893,1.404390811920166,1.2211294174194336,1.4715787172317505,1.5184195041656494,1.5202221870422363,0.8316318392753601,1.3708114624023438,3.366180419921875,0.6605163812637329,0.20060814917087555,2.7517077922821045,0.491047739982605
211,0.0001,0.19422765402123332,0.8625211046754693,0.4633072202022259,0.6760055016319618,0.7989503078655085,40.93831396102905,0.14195741899311543,0.0899173483485356,0.08230429468676448,0.13175561768002808,0.14195741899311543,0.5338109268341213,0.1634088586156185,0.2412603709846735,0.07891349053153625,0.12373127696605829,0.1634088586156185,0.48621484774809615,1.405380129814148,1.2202032804489136,1.4727253913879395,1.5225839614868164,1.5165590047836304,0.8322866559028625,1.3717814683914185,3.3679347038269043,0.6613060832023621,0.19619379937648773,2.751800060272217,0.49121519923210144
212,0.0001,0.19226043368689716,0.8647707958776408,0.47253618515454804,0.6675792000325534,0.7906803915808889,41.02694225311279,0.14070532994810492,0.08606057340512052,0.08167900377884507,0.1310802933294326,0.14070532994810492,0.521375450771302,0.16187367731562027,0.25755328547496065,0.07589846230470217,0.12630639592042336,0.16187367731562027,0.5003199852429904,1.4039742946624756,1.22064208984375,1.4741013050079346,1.5207550525665283,1.5157448053359985,0.8334242701530457,1.366891622543335,3.3662683963775635,0.6618196964263916,0.19555483758449554,2.744959592819214,0.4916025698184967
213,0.0001,0.18847311672288924,0.8676360733109267,0.4809585340894186,0.6543057550219505,0.7794678801247092,36.44502568244934,0.1418926720507443,0.08578287973068655,0.08262859424576163,0.1312832604162395,0.1418926720507443,0.5180652779527009,0.17474398306356026,0.25960239939964735,0.07848629836852734,0.12388024169665117,0.17474398306356026,0.47209823681758,1.401745080947876,1.2201007604599,1.4752084016799927,1.5172041654586792,1.51466703414917,0.8338422179222107,1.3685009479522705,3.3721134662628174,0.6628589630126953,0.19381362199783325,2.748095989227295,0.49172157049179077
214,0.0001,0.17879384267143905,0.8771658773303297,0.4740005317788858,0.6738722511756814,0.7957222046482354,35.29184937477112,0.13837281661108136,0.08251034072600305,0.08304367621894926,0.13083522289525717,0.13837281661108136,0.5301420488394797,0.16642350763655625,0.2532167330097694,0.06284642626459781,0.12591505864491828,0.16642350763655625,0.454993397455949,1.3996062278747559,1.2176085710525513,1.4762300252914429,1.5114203691482544,1.513731837272644,0.8343524932861328,1.3690956830978394,3.3652138710021973,0.6628603935241699,0.19265998899936676,2.7397139072418213,0.491707980632782
215,0.0001,0.1813762366073206,0.8781914162322906,2.251071262359619,0.22470773571006267,0.3637263400178653,38.325461864471436,0.13927031273487955,0.08168684074189514,0.08217479806626216,0.1309081952786073,0.13927031273487955,0.5382307046093047,0.4780294294540699,1.7221465954413782,0.214230988575862,0.12236740921552365,0.4780294294540699,0.2057888115827854,1.3997362852096558,1.2168500423431396,1.4776891469955444,1.5158562660217285,1.511272668838501,0.8351002931594849,1.366464614868164,3.359227418899536,0.663500189781189,0.19082501530647278,2.742734432220459,0.4919862151145935
216,0.0001,0.18734719383064657,0.8658103664604568,0.4924415893279589,0.6527029261173372,0.7812151358603793,38.92629599571228,0.14078936842270195,0.08690230158390477,0.0838283768389374,0.13052493100985885,0.14078936842270195,0.5289424234069884,0.17155359639571263,0.2649831470102072,0.09254915989362276,0.1157046322639172,0.17155359639571263,0.4905898039157574,1.3987243175506592,1.2159209251403809,1.4789772033691406,1.5142141580581665,1.5119333267211914,0.8365311026573181,1.3626048564910889,3.353140115737915,0.665885865688324,0.18948806822299957,2.743173599243164,0.49314090609550476
217,0.0001,0.18867807881906629,0.8678697619596151,0.5228815615177155,0.6431129705617059,0.7751975961606578,39.380871057510376,0.13979019143152982,0.08596242306521162,0.08161892800126225,0.1305947091896087,0.13979019143152982,0.5292344584595412,0.1818277841577163,0.2901058530005125,0.09947076680568548,0.11527867087951073,0.1818277841577163,0.4521936058998108,1.398368000984192,1.2157118320465088,1.480148196220398,1.523537039756775,1.511210560798645,0.837152361869812,1.3672147989273071,3.339428186416626,0.6667133569717407,0.19223518669605255,2.737631320953369,0.4932025969028473
218,0.0001,0.18018407898489386,0.8741564859899049,0.4872377881636986,0.6655222987575733,0.7896973411973099,41.736863136291504,0.13993431814014912,0.08164288068655878,0.08111694524995983,0.13027524447534233,0.13993431814014912,0.5250946143642068,0.17994214792091112,0.24610682711578333,0.06024096404703764,0.12303186723819146,0.17994214792091112,0.429488927584428,1.3967616558074951,1.2144312858581543,1.4812347888946533,1.5233553647994995,1.5122565031051636,0.8374232649803162,1.3703348636627197,3.3445663452148438,0.667630672454834,0.1919374167919159,2.7338342666625977,0.494023859500885
219,0.0001,0.18775894423015416,0.8688015524719384,0.5691563228001961,0.6215017309213491,0.7566009758502202,39.08901906013489,0.14107394771417603,0.08559471508488059,0.08054821961559355,0.1301667558727786,0.14107394771417603,0.5199550478719175,0.2063654288649559,0.34658074464935523,0.14163871132410488,0.11751516839632621,0.2063654288649559,0.4558697654650761,1.397170066833496,1.2139872312545776,1.4827526807785034,1.521842122077942,1.5090529918670654,0.8374152183532715,1.3749347925186157,3.347649097442627,0.6678704619407654,0.19475343823432922,2.740612745285034,0.4943276345729828
220,0.0001,0.1884267262648791,0.8677346042985405,0.5336626635147975,0.6539661452684641,0.7832145705928143,39.52251052856445,0.14194826956372708,0.08551788632757962,0.08335402770899236,0.12984494911506772,0.14194826956372708,0.5243359208106995,0.18838123839635115,0.31466471197513435,0.12352228978505501,0.11577121890508212,0.18838123839635115,0.4746088284712571,1.3944238424301147,1.2129722833633423,1.4837329387664795,1.5174487829208374,1.5018857717514038,0.8371434211730957,1.3714690208435059,3.3508358001708984,0.6669191718101501,0.19488631188869476,2.74411940574646,0.4944791793823242
221,0.0001,0.20027605490759015,0.8599036531229258,0.4895012183831288,0.6702946831870487,0.792830948165094,39.37293481826782,0.14096836221870035,0.09033494390314445,0.0817527569597587,0.1289969072677195,0.14096836221870035,0.5334036706481129,0.1740499882743909,0.27008517080774674,0.08782699503577672,0.1157004632628881,0.1740499882743909,0.4605023063146151,1.395172119140625,1.2121978998184204,1.4851384162902832,1.520133376121521,1.5045138597488403,0.8380997180938721,1.3707382678985596,3.355879306793213,0.6675693988800049,0.20194344222545624,2.743767023086548,0.49533596634864807
222,0.0001,0.19034706882666796,0.8683983112966793,0.4912780101482685,0.6643990144449398,0.7889530406313944,39.94654297828674,0.13939061964629218,0.08871914132032543,0.08251445490168408,0.12884085485711694,0.13939061964629218,0.5267602680251002,0.16357200254614537,0.27851168696696943,0.09220247824604695,0.11909452504836596,0.16357200254614537,0.5133988774739779,1.3947882652282715,1.21094810962677,1.486090898513794,1.5250192880630493,1.5099141597747803,0.8387951254844666,1.3707131147384644,3.3420581817626953,0.6689143180847168,0.20048463344573975,2.7397143840789795,0.49624913930892944
223,0.0001,0.18413267517462373,0.8689094078296405,0.4803559885575221,0.6702912220217812,0.7921411083890141,38.93439030647278,0.13940751389600337,0.08655107335653156,0.08207037666579708,0.13004402082879096,0.13940751389600337,0.5298303180607036,0.1622178549376818,0.2598562655540613,0.07514036739101777,0.12481711495381136,0.1622178549376818,0.49369296660790074,1.3943071365356445,1.209895133972168,1.4866565465927124,1.5232808589935303,1.508470058441162,0.8394670486450195,1.3696229457855225,3.342322587966919,0.6692239046096802,0.19760066270828247,2.735259771347046,0.4960193634033203
224,0.0001,0.185653124935925,0.8730547511479808,0.5527658847662119,0.6302424664821424,0.7622831254184522,39.11056423187256,0.13783592183608562,0.0843009960372001,0.08011721115326509,0.12902461481280625,0.13783592183608562,0.5282025481574237,0.20108799086167262,0.3158568547895321,0.1287113117483946,0.11463925620684257,0.20108799086167262,0.45711850844896756,1.3928941488265991,1.207806944847107,1.4874801635742188,1.522261381149292,1.5045619010925293,0.8402739763259888,1.357265591621399,3.336422920227051,0.6699447631835938,0.1954822540283203,2.7388546466827393,0.49598395824432373
225,0.0001,0.18816425395198166,0.8649000125924903,0.4882356059092742,0.6626215820255261,0.7871782861114657,39.558276891708374,0.1405016458593309,0.08609439025167376,0.08120387222152203,0.1299346520099789,0.1405016458593309,0.5372518717776984,0.1741049138399271,0.24205700709269598,0.05815952855807084,0.12406954925793867,0.1741049138399271,0.4394108057022095,1.394889235496521,1.206560492515564,1.4889394044876099,1.530598521232605,1.504372239112854,0.8406688570976257,1.3495657444000244,3.3381059169769287,0.6701496839523315,0.20082052052021027,2.7364768981933594,0.49634838104248047
226,0.0001,0.18229164788499475,0.8705544621108269,0.5055129463856037,0.6642913762927665,0.7900868759944359,39.951828718185425,0.13987099553924054,0.0836073039972689,0.08204957097768784,0.12631570419762284,0.13987099553924054,0.5136536597274244,0.1810403008873646,0.31042543953427904,0.13238403315727526,0.12190066896952116,0.1810403008873646,0.513563952079186,1.3955848217010498,1.2064759731292725,1.489790439605713,1.5254994630813599,1.4961061477661133,0.840922474861145,1.3479045629501343,3.3421897888183594,0.6704840660095215,0.19683876633644104,2.736531972885132,0.4964143931865692
227,0.0001,0.19256824778858572,0.8625795693589954,0.46243017602425357,0.6773885718146753,0.7976904811249306,39.65046143531799,0.14162699435837567,0.08798674080753699,0.08169231098145247,0.12480754486750811,0.14162699435837567,0.5254509022925049,0.1729902425637612,0.24419767014109173,0.06571441559264293,0.12267248045939666,0.1729902425637612,0.44340375203352705,1.3950202465057373,1.2053332328796387,1.4907681941986084,1.5177116394042969,1.4963537454605103,0.8408330678939819,1.3346620798110962,3.3331172466278076,0.6696807742118835,0.19607356190681458,2.7333829402923584,0.4962403178215027
228,0.0001,0.18485466158017516,0.8721433898275084,0.48121367142750665,0.6684436021743023,0.7936992085421807,38.6076545715332,0.14184360206127167,0.08413183336961083,0.0814666113583371,0.12689201708417386,0.14184360206127167,0.528463369468227,0.1650753224698397,0.25570547193861926,0.07890194109999217,0.11817971204335873,0.1650753224698397,0.4954637701694782,1.395121693611145,1.2032326459884644,1.491683840751648,1.5225011110305786,1.4964561462402344,0.8410068154335022,1.3397395610809326,3.322127342224121,0.6701682209968567,0.19230987131595612,2.7305190563201904,0.49653902649879456
229,0.0001,0.1757395789027214,0.8789557974579233,0.47464044850606185,0.6799757688199877,0.8020974602516394,39.25951600074768,0.137001424562186,0.08120309514924884,0.08257546427194029,0.12791988323442638,0.137001424562186,0.5422459088731557,0.18164685202332642,0.23255500191679368,0.05325968113656227,0.12336725821861853,0.18164685202332642,0.4105638604897719,1.3925082683563232,1.203342318534851,1.4924378395080566,1.5149635076522827,1.4950915575027466,0.8407288789749146,1.3318616151809692,3.3137431144714355,0.6702147722244263,0.1881517618894577,2.7220354080200195,0.496788889169693
230,0.0001,0.18499503063503653,0.8707316203828456,0.4743277790454718,0.6759005181991853,0.7977710022145234,39.706950426101685,0.14043874014168978,0.08508178411284462,0.0805526883341372,0.1276430485304445,0.14043874014168978,0.5203598160296679,0.17308311256078573,0.24419443911084762,0.06535742689783756,0.12429624669826948,0.17308311256078573,0.45775125485200147,1.3923739194869995,1.2019604444503784,1.4932013750076294,1.5095982551574707,1.4908077716827393,0.8411462903022766,1.325042486190796,3.324415445327759,0.6693232655525208,0.19030654430389404,2.717076063156128,0.49695345759391785
231,0.0001,0.174635459901765,0.8807391534290983,0.47765164100206814,0.6781983435508547,0.7984144058844069,39.59100031852722,0.1375800728565082,0.07903470628662035,0.0804090877645649,0.12741591013036668,0.1375800728565082,0.5351003457326442,0.1594145159022166,0.2660533961195212,0.07298350821320827,0.12417308378678102,0.1594145159022166,0.4955015989450308,1.3902230262756348,1.2015901803970337,1.4941986799240112,1.5096112489700317,1.488173484802246,0.8418728113174438,1.320978045463562,3.3216288089752197,0.669885516166687,0.18854789435863495,2.710554361343384,0.49695703387260437
232,0.0001,0.1802979785716161,0.8766944572312629,0.46842859318623176,0.687386893360843,0.8065093049818475,40.05930995941162,0.1410922174109146,0.08166810759576038,0.0807973025366664,0.12862626614514738,0.1410922174109146,0.5190160032361746,0.16107222569676546,0.2651279175797334,0.08246323580925281,0.1212351911343061,0.16107222569676546,0.5077983966240516,1.3881640434265137,1.2013214826583862,1.495043158531189,1.5085684061050415,1.4881889820098877,0.8421371579170227,1.3143019676208496,3.314785957336426,0.6705282926559448,0.1848812848329544,2.716905355453491,0.4968606233596802
233,0.0001,0.1803486084099859,0.8733874649515531,0.497216193492596,0.6735148466803956,0.7971987881350245,39.882121086120605,0.13862829795107245,0.08163644932210445,0.08221391635015607,0.127262975089252,0.13862829795107245,0.5363226747140288,0.16811293397958463,0.28458254279998635,0.10074281772741904,0.12000180895511921,0.16811293397958463,0.5107198935288649,1.387412667274475,1.2009512186050415,1.4957398176193237,1.5087816715240479,1.4883674383163452,0.8426300883293152,1.319547176361084,3.302234172821045,0.6704468131065369,0.18303418159484863,2.7233128547668457,0.4965876638889313
234,0.0001,0.17550704127643257,0.880241237984019,0.5066347103852492,0.6716684942099498,0.7956456082029086,39.3340630531311,0.13805605639936402,0.08083083550445735,0.08029635349521413,0.12832390097901225,0.13805605639936402,0.5378345055505633,0.16491083519963118,0.30769828231288837,0.10502513406368402,0.11880080344585273,0.16491083519963118,0.5306830873856178,1.3849295377731323,1.201012134552002,1.49692702293396,1.5060030221939087,1.488561749458313,0.8433074355125427,1.3168033361434937,3.2984955310821533,0.670484185218811,0.1812772899866104,2.720646619796753,0.4965890645980835
235,0.0001,0.1655969424173236,0.885957683736789,0.4903175834279794,0.6721403031656423,0.7946002721376195,41.32468271255493,0.13578255695756525,0.07637163012987003,0.08031713811215013,0.12764343584422022,0.13578255695756525,0.5349801571574062,0.16016159986074155,0.2837737591793904,0.0744867256627633,0.12069635563171827,0.16016159986074155,0.4851290867878841,1.3830621242523193,1.2011375427246094,1.4978177547454834,1.5000189542770386,1.4852200746536255,0.8441470861434937,1.3128547668457031,3.2973806858062744,0.6707016825675964,0.17726664245128632,2.7156057357788086,0.49706605076789856
236,0.0001,0.17145677702501416,0.8800259915656398,0.47927291026482216,0.6771665926566557,0.7992097948612678,40.304906129837036,0.13605900667607784,0.07951575599145144,0.07935133972205222,0.12710848823189735,0.13605900667607784,0.5273189372383058,0.17819865302970775,0.2513185786513182,0.05826298898229232,0.12384630349966196,0.17819865302970775,0.44418424184505756,1.3826396465301514,1.2008432149887085,1.498927354812622,1.5016940832138062,1.482385277748108,0.8447118401527405,1.3080531358718872,3.2918176651000977,0.67130446434021,0.17737896740436554,2.7216475009918213,0.49738895893096924
237,0.0001,0.17644190543796867,0.8797746576888602,0.4830477515092263,0.6738019164635347,0.7965412155858244,40.424137592315674,0.1380434485618025,0.08120757393771783,0.08025883458321914,0.12739524652715772,0.1380434485618025,0.5327932462096214,0.1640340903057502,0.26743309741409926,0.06930777676976645,0.12103761434555053,0.1640340903057502,0.49205813591296854,1.3798209428787231,1.2001694440841675,1.4999974966049194,1.499665379524231,1.4826871156692505,0.8456537127494812,1.3036136627197266,3.294491767883301,0.671927809715271,0.17430905997753143,2.7213618755340576,0.497324675321579
238,0.0001,0.18594845128245652,0.86472422890258,0.48861486705449914,0.6740213754466966,0.7972207267988534,40.18569326400757,0.13944774772971869,0.0853537407820113,0.0786367793334648,0.12412179086823016,0.13944774772971869,0.5043178587220609,0.1604895473099672,0.274926533893897,0.07431092113256454,0.12161495605340371,0.1604895473099672,0.49675808136279764,1.3804877996444702,1.1989200115203857,1.501128911972046,1.501511812210083,1.4864451885223389,0.8460584282875061,1.3167742490768433,3.301521062850952,0.6716184616088867,0.174330934882164,2.723667621612549,0.49815165996551514
239,0.0001,0.17580722784623504,0.8778167181733918,0.4764312723508248,0.687489409274234,0.8070362558005418,40.67597198486328,0.13829683454241604,0.08183332637418061,0.08151111705228686,0.12621450587175786,0.13829683454241604,0.5345789545681328,0.16910587589328105,0.25474145206121296,0.06434253671994576,0.12390945519392307,0.16910587589328105,0.458015972834367,1.3824659585952759,1.196850061416626,1.5022456645965576,1.5071032047271729,1.4835751056671143,0.8465922474861145,1.3155841827392578,3.300137996673584,0.6712400913238525,0.17222987115383148,2.7225897312164307,0.4986664354801178
240,0.0001,0.17259204282891005,0.8818795132507968,0.4889208643482282,0.6790688126603571,0.8013276140260728,39.048458099365234,0.13965795980766416,0.08044164767488837,0.0825363309122622,0.12631865765433758,0.13965795980766416,0.5331288147717714,0.16680269378882187,0.26208141738405594,0.0661648438240473,0.12003990274209242,0.16680269378882187,0.47242565888624927,1.380841851234436,1.1957776546478271,1.5031301975250244,1.502830147743225,1.4797589778900146,0.847310483455658,1.3133680820465088,3.293837785720825,0.6714058518409729,0.1702846735715866,2.713261604309082,0.49892958998680115
241,0.0001,0.1669465407030657,0.8878767175151507,0.47618521990684365,0.6783682514331109,0.8003145259973952,40.545682430267334,0.134229221730493,0.07668505859328434,0.08002540934830904,0.12856119428761303,0.134229221730493,0.5461749038659036,0.17738033008690063,0.2342573587137919,0.06034084890897457,0.11853556059874021,0.17738033008690063,0.4374645022245554,1.3787339925765991,1.1949418783187866,1.503788948059082,1.5009078979492188,1.478577733039856,0.8473845720291138,1.3120113611221313,3.2854509353637695,0.6719390153884888,0.1678656041622162,2.7124788761138916,0.49913549423217773
242,0.0001,0.17049598274752498,0.8854358063579102,0.48356875444834047,0.6837052976910042,0.802990749700483,40.16817545890808,0.13574364874511957,0.07933222746942192,0.07971779129002243,0.12820532429032028,0.13574364874511957,0.5378377351444215,0.1627579489006446,0.27032151703651136,0.07887478986611733,0.1225118141907912,0.1627579489006446,0.504952268417065,1.3749737739562988,1.1943068504333496,1.5045522451400757,1.4928561449050903,1.4790035486221313,0.8477569222450256,1.3103344440460205,3.2829432487487793,0.6721112728118896,0.1656297892332077,2.7075648307800293,0.49923163652420044
243,0.0001,0.18213090614881366,0.8683262252793285,0.48357137957444557,0.6689296195193722,0.791625534299072,37.973862171173096,0.13943803997244686,0.08732489601243287,0.07831587735563517,0.12759751128032804,0.13943803997244686,0.5252068114932626,0.1606755820604471,0.2699523503963764,0.0764741369164907,0.12123014124540182,0.1606755820604471,0.5009354756428646,1.3753541707992554,1.1936910152435303,1.5054748058319092,1.4939274787902832,1.4790652990341187,0.8486778736114502,1.3108361959457397,3.281648635864258,0.6718685030937195,0.1645653396844864,2.722567081451416,0.5004615783691406
244,0.0001,0.17788864253088832,0.8770204396487709,0.47795139390688673,0.6704418410272663,0.7928056001423756,39.28181052207947,0.13668610458262265,0.08160293113905936,0.0793862584978342,0.12903153814841062,0.13668610458262265,0.5380927328951657,0.1788600436769999,0.24273236703414183,0.05249216522161777,0.12369818664514101,0.1788600436769999,0.43760327742649957,1.3760770559310913,1.192521572113037,1.5062665939331055,1.4932135343551636,1.4780598878860474,0.8489556908607483,1.30294668674469,3.2842533588409424,0.6724851131439209,0.16447030007839203,2.7215163707733154,0.500557005405426
245,0.0001,0.17061889183241874,0.8855929342610978,0.46878672666274585,0.68194556144907,0.8030503671421888,39.67423057556152,0.1351107774535194,0.07839590916410089,0.08050945308059454,0.1294600279070437,0.1351107774535194,0.5486823588144034,0.17815421980160934,0.23567243674053595,0.054838550778535694,0.12542735086037562,0.17815421980160934,0.44090359669465284,1.3750779628753662,1.191104531288147,1.5067106485366821,1.4901525974273682,1.4748858213424683,0.8486002087593079,1.2975932359695435,3.27712345123291,0.6719459295272827,0.1628614217042923,2.717684745788574,0.5004218220710754
246,0.0001,0.1696308997925371,0.8838581621037495,0.4638445482804225,0.6848105859704146,0.8046361944080753,40.11296725273132,0.13748071831651032,0.07912756997393444,0.07915180979762226,0.12930903863161802,0.13748071831651032,0.5249391607940197,0.16804151569421474,0.24447892958728168,0.059842813186920606,0.12451325769607838,0.16804151569421474,0.46293304516718936,1.3748971223831177,1.1917096376419067,1.507220983505249,1.4865120649337769,1.4786721467971802,0.8489302396774292,1.2947566509246826,3.2758288383483887,0.6726840734481812,0.1624048948287964,2.7176172733306885,0.5006894469261169
247,0.0001,0.1658288654871285,0.8854121062875787,0.5053552486575567,0.6588761198914617,0.7858372291961728,41.0558557510376,0.1379223809344694,0.07645290982327424,0.08098656916990876,0.12854065443389118,0.1379223809344694,0.5263247485272586,0.1746700912140883,0.2792494642906464,0.09101651007166275,0.11706737841551121,0.1746700912140883,0.49655709725159863,1.3751320838928223,1.190675139427185,1.5080232620239258,1.4872366189956665,1.4770677089691162,0.8491377830505371,1.293630599975586,3.2723631858825684,0.6725812554359436,0.1607818305492401,2.7101593017578125,0.5007071495056152
248,0.0001,0.1692734241951257,0.8836881096113766,0.48693090299001107,0.6713125234334647,0.7940094779753841,40.437570095062256,0.13624926307238638,0.07836081873392686,0.08100104541517794,0.12908140057697892,0.13624926307238638,0.5490733752958477,0.17616983609130749,0.2569350882504995,0.059182552993297576,0.12280338039764992,0.17616983609130749,0.4317175012368422,1.3740326166152954,1.1896477937698364,1.5085784196853638,1.4842126369476318,1.472087025642395,0.8495640754699707,1.287563443183899,3.2672736644744873,0.6726790070533752,0.1596478968858719,2.696746826171875,0.5007537603378296
249,0.0001,0.16516967653296888,0.8887687920614512,0.46961405609662715,0.6872836128153441,0.8058395050735657,40.235273122787476,0.13319783040788025,0.07483165437588468,0.07971540582366288,0.12810842401813716,0.13319783040788025,0.5474438248202205,0.1682350610024654,0.24339249045229874,0.06427777741964047,0.12210567754048568,0.1682350610024654,0.4690504459234384,1.374470829963684,1.1883481740951538,1.5093356370925903,1.4888410568237305,1.4719246625900269,0.8495662808418274,1.2942098379135132,3.2646734714508057,0.6730880737304688,0.16221429407596588,2.698101758956909,0.5006169080734253
250,0.0001,0.1630840142024681,0.8899022372087283,0.46417541137108437,0.6862470684158757,0.8060737652707703,38.829564332962036,0.13414994056802243,0.07515560876345262,0.07904867129400373,0.1283093438250944,0.13414994056802243,0.5502275463659316,0.16299952211288304,0.24874566237513834,0.06961469968351033,0.12100522208672304,0.16299952211288304,0.4905749770311209,1.3733527660369873,1.1877065896987915,1.5101196765899658,1.4896529912948608,1.470127820968628,0.8495185375213623,1.2939735651016235,3.2674670219421387,0.6732039451599121,0.16038979589939117,2.6915369033813477,0.500952422618866
251,0.0001,0.16768595145549625,0.8816194420361938,0.4781566810149413,0.68565356682589,0.8051588838513192,39.131972551345825,0.1341387126594782,0.07804616563953459,0.07861882087308913,0.1272915970766917,0.1341387126594782,0.544313543010503,0.16206925946932574,0.2723268067034391,0.08837479112239985,0.11939115203343904,0.16206925946932574,0.519963643184075,1.3707714080810547,1.1870242357254028,1.5107172727584839,1.4878708124160767,1.4703261852264404,0.8500828742980957,1.2846680879592896,3.2569005489349365,0.6741510033607483,0.16026423871517181,2.7012674808502197,0.5015752911567688
252,0.0001,0.16889986139722168,0.8801179933292712,0.5273779409436079,0.6450350248167083,0.7744529314139126,39.74320602416992,0.13685228768736124,0.07897026080172509,0.0796957517741248,0.12797799485269934,0.13685228768736124,0.5341276836115867,0.1705281749367714,0.3005695045567476,0.09246871379705576,0.11506106429375135,0.1705281749367714,0.5017109357393705,1.369759440422058,1.1868765354156494,1.511693000793457,1.4907833337783813,1.4706617593765259,0.8504393100738525,1.2869126796722412,3.257171630859375,0.673316240310669,0.16102416813373566,2.709156036376953,0.5015888214111328
253,0.0001,0.16194588306825608,0.8902610018884898,0.48029800183497945,0.6756262170119531,0.7974797102381956,40.71338129043579,0.13420425984077156,0.07410618852009065,0.07833853689953685,0.12691406346857548,0.13420425984077156,0.5387900713831186,0.1585975869343831,0.26376675258462245,0.06839426850470212,0.12219507315984139,0.1585975869343831,0.49818356587336615,1.3661720752716064,1.1867185831069946,1.5124735832214355,1.4847217798233032,1.4723412990570068,0.8502570390701294,1.2904385328292847,3.253385066986084,0.6731297969818115,0.1599670946598053,2.7077088356018066,0.501279890537262
254,0.0001,0.16509389225393534,0.8892219459855507,0.48316621356285533,0.6762254860988479,0.7983586831300022,40.82720994949341,0.13651132467202842,0.07581560814287513,0.08212401764467359,0.12677166203502566,0.13651132467202842,0.5420905333012342,0.15702359991577955,0.27692683940896623,0.08036778546296633,0.12097927572635504,0.15702359991577955,0.5220909146162179,1.364128589630127,1.185958743095398,1.513596534729004,1.4819332361221313,1.4706408977508545,0.8501017689704895,1.2910765409469604,3.2488865852355957,0.6733161211013794,0.1576620489358902,2.701646089553833,0.501462996006012
255,0.0001,0.1673216773197055,0.8843935823708893,0.48014642275296726,0.6784216849264755,0.7992849521246339,38.61594557762146,0.13645002397242934,0.0771342976950109,0.07964049046859145,0.12901502195745707,0.13645002397242934,0.5456515434198081,0.1593651665517917,0.26600213836018854,0.06995033495701276,0.12227721283069024,0.1593651665517917,0.5024708665334261,1.3633811473846436,1.185412049293518,1.5148359537124634,1.480386734008789,1.4698185920715332,0.8504859805107117,1.2857362031936646,3.2468864917755127,0.6734049916267395,0.15709222853183746,2.69749116897583,0.5012180805206299
256,0.0001,0.16826951340772212,0.8843507440975933,0.4832954450295522,0.678098069067716,0.7991144566822513,39.460997581481934,0.13834639952983707,0.07718284125439823,0.08155460155103356,0.12730962736532092,0.13834639952983707,0.5275157964788377,0.16374333477937258,0.26415767853076644,0.06602978597466762,0.12183663134391491,0.16374333477937258,0.5016097371394818,1.3616306781768799,1.1829040050506592,1.5160199403762817,1.4833934307098389,1.4654693603515625,0.8515372276306152,1.293277621269226,3.239825487136841,0.6734042167663574,0.15415611863136292,2.6887240409851074,0.5012702345848083
257,0.0001,0.16152991517446935,0.8909953273321093,0.4929525139240118,0.6751946033716024,0.797459734576002,39.407251596450806,0.13184200134128332,0.07442714512581006,0.07892051863018423,0.1287816179683432,0.13184200134128332,0.5514744236133993,0.15460010847220054,0.2886727327337632,0.07991164802358701,0.11827576550153586,0.15460010847220054,0.5271887742556058,1.3601889610290527,1.1823819875717163,1.5166285037994385,1.4819082021713257,1.4658637046813965,0.851654589176178,1.2870075702667236,3.2330710887908936,0.673826277256012,0.1529008150100708,2.6782896518707275,0.5010387897491455
258,0.0001,0.16428702941630036,0.8893749392501297,0.4754467237454194,0.6731519783952599,0.7952163152936279,40.31224083900452,0.13627820066176355,0.07615906902356073,0.07842786220135167,0.1266630229074508,0.13627820066176355,0.5311585795134306,0.16348281210431687,0.2571755067087137,0.0662437399992576,0.12222530922064415,0.16348281210431687,0.4973455429077148,1.3589788675308228,1.1814134120941162,1.5174670219421387,1.481580138206482,1.4668262004852295,0.8521749973297119,1.2773756980895996,3.2218985557556152,0.6742499470710754,0.15119262039661407,2.6753101348876953,0.5009378790855408
259,0.0001,0.16399632685352117,0.8848890786357066,0.4989077056829746,0.6725864071631983,0.7963367240236152,40.010936975479126,0.13313503906829283,0.07669319488923065,0.07890919304918498,0.12832543172407895,0.13313503906829283,0.5538708521053195,0.16136752298245063,0.2916936451999041,0.09381819848830883,0.11804786507899945,0.16136752298245063,0.523642913194803,1.3584375381469727,1.1806057691574097,1.5181643962860107,1.4813334941864014,1.4647396802902222,0.8528088331222534,1.2783328294754028,3.2208492755889893,0.674517035484314,0.1484743356704712,2.670750856399536,0.5004558563232422
260,0.0001,0.1597713822266087,0.8915837686094044,0.5009872710475555,0.6718092737623272,0.7959500255057184,39.08700609207153,0.13328839011956006,0.07310828752815723,0.07822352391667664,0.12850901007186621,0.13328839011956006,0.5467352531850338,0.1581804035947873,0.2975726491556718,0.09089277615913978,0.11992190468769807,0.1581804035947873,0.5367783775696388,1.3561264276504517,1.1803197860717773,1.5186575651168823,1.479879379272461,1.4656788110733032,0.8531047105789185,1.2774053812026978,3.2212202548980713,0.674395740032196,0.1491757333278656,2.6692514419555664,0.5004425644874573
261,0.0001,0.15814535412937403,0.8936877509279042,0.48413873796279616,0.6833795222114963,0.80431037624958,39.64584279060364,0.13277123181615025,0.07301300053950399,0.078388960682787,0.12551907275337726,0.13277123181615025,0.5386106674559414,0.1588690517613521,0.28753027176627743,0.09148726469049087,0.1181475165944833,0.1588690517613521,0.5343318242293138,1.355717658996582,1.1800389289855957,1.519728183746338,1.482751488685608,1.4655752182006836,0.8538661003112793,1.2780214548110962,3.2196900844573975,0.6745556592941284,0.14854805171489716,2.6678028106689453,0.5006375908851624
262,0.0001,0.1544226809637621,0.8929585484497664,0.4794573336839676,0.6776029934520864,0.7997149597564294,39.5370147228241,0.130639104754664,0.07167221533018164,0.07769818766973913,0.12800689064897597,0.130639104754664,0.5587262818589807,0.16309713901808628,0.2616533698084263,0.07572780457826761,0.11948975164156694,0.16309713901808628,0.49235674601334795,1.3556650876998901,1.1794973611831665,1.5203074216842651,1.4837141036987305,1.4632400274276733,0.8543948531150818,1.2785719633102417,3.216492176055908,0.6744866967201233,0.14798109233379364,2.663022756576538,0.500795304775238
263,0.0001,0.1552666643401608,0.8968997344648814,0.5105296327517583,0.6697698034909101,0.7942289084141465,41.33531880378723,0.13311308226548135,0.07245804159902036,0.07810542406514287,0.1276354129659012,0.13311308226548135,0.5486773974262178,0.16067356748076586,0.30838533273110025,0.09924747565617928,0.1193897877748196,0.16067356748076586,0.5371350737718436,1.3540765047073364,1.1784217357635498,1.5210925340652466,1.480961561203003,1.4598621129989624,0.8548735976219177,1.2771689891815186,3.212775468826294,0.6743835806846619,0.14651910960674286,2.6615476608276367,0.5010167956352234
264,0.0001,0.16106141230557114,0.8910737428790753,0.47286746329986135,0.677199076875586,0.7970756850880503,40.22335958480835,0.13234336161985993,0.0743802628130652,0.07813261542469263,0.12707441300153732,0.13234336161985993,0.5420118244364858,0.1635038092159308,0.2567468271232568,0.06442200530033845,0.12384058684110641,0.1635038092159308,0.4876726123002859,1.351707935333252,1.178152322769165,1.521317481994629,1.4770253896713257,1.4571490287780762,0.855187714099884,1.2756856679916382,3.2166686058044434,0.6739704012870789,0.14408865571022034,2.662102699279785,0.5009397268295288
265,0.0001,0.1615419649751857,0.8917171348176998,0.5086294868817696,0.6664106599818932,0.7908758812578224,41.09626889228821,0.1301717539317906,0.0750367600703612,0.07835076784249395,0.12743326264899224,0.1301717539317906,0.5541361491195858,0.1639762398142081,0.303395819492065,0.09598799485426683,0.11762168820087726,0.1639762398142081,0.5140809664359459,1.3497792482376099,1.1778790950775146,1.522346019744873,1.4773298501968384,1.4578468799591064,0.8555030226707458,1.2789907455444336,3.2164974212646484,0.6739413142204285,0.1429896503686905,2.655421018600464,0.5010036826133728
266,0.0001,0.16222796752117574,0.8889465722000753,0.507447547522875,0.6557970760455261,0.7838586261499226,41.905779123306274,0.134586957807187,0.07574312450014986,0.07752655411604792,0.12908706499729306,0.134586957807187,0.5586337321437895,0.16053604655540907,0.29136009841011123,0.0866951612325815,0.11682098863216547,0.16053604655540907,0.5183575437619136,1.3484445810317993,1.1767042875289917,1.5233944654464722,1.4742951393127441,1.4564098119735718,0.8561469912528992,1.2769521474838257,3.203984498977661,0.6739215850830078,0.14233674108982086,2.6564416885375977,0.5011947751045227
267,0.0001,0.15816339512821287,0.8904590482280735,0.48522892181689925,0.6728707590229699,0.7950273605199567,40.36553359031677,0.1315263551659882,0.07362618495244533,0.07868101436179131,0.12980150163639337,0.1315263551659882,0.5619372073560953,0.16245439121356378,0.27564526590017174,0.07280046401115564,0.12207926867099908,0.16245439121356378,0.5029779590093173,1.3470803499221802,1.1755074262619019,1.5242444276809692,1.4724398851394653,1.4533352851867676,0.8565148115158081,1.2785615921020508,3.203321695327759,0.6741338968276978,0.14113685488700867,2.6517767906188965,0.5013827681541443
268,0.0001,0.16282454843167216,0.8886499311749604,0.48370674114960893,0.6753129766735486,0.7971633144429291,40.80897235870361,0.13527716521639377,0.07628661300987005,0.07767350872745737,0.12850652437191457,0.13527716521639377,0.547751426929608,0.16000829035272965,0.27378595436994846,0.06985596487155328,0.11941223385242315,0.16000829035272965,0.5135297371790959,1.3470624685287476,1.1748698949813843,1.5253523588180542,1.4709309339523315,1.450286865234375,0.8570720553398132,1.2709940671920776,3.1976616382598877,0.675163984298706,0.14052371680736542,2.649473190307617,0.5018680095672607
269,0.0001,0.1560297990217805,0.8967763169391426,0.4742111885776887,0.6716600515129771,0.7943680326075666,41.121474742889404,0.1315641652327031,0.07063030614517629,0.07842601573793218,0.1266792791429907,0.1315641652327031,0.5549775115214288,0.1762088846988403,0.24280257399838703,0.05708874825101632,0.12269690059698544,0.1762088846988403,0.44405891161698563,1.3461496829986572,1.1754498481750488,1.526231050491333,1.4719152450561523,1.4524942636489868,0.857643723487854,1.2745362520217896,3.1907999515533447,0.6758327484130859,0.14461223781108856,2.6484954357147217,0.5021034479141235
270,0.0001,0.15999129239935428,0.8941285179330322,0.5072110455769759,0.6720434566327724,0.7948686504756844,37.4876651763916,0.13387516082730144,0.07314456810127012,0.07918702915776521,0.12765986879821867,0.13387516082730144,0.5586940725333989,0.16554391922859046,0.3084849435262955,0.09802009159555802,0.1183073688011903,0.16554391922859046,0.526223387168004,1.344590663909912,1.1752538681030273,1.5273056030273438,1.4653908014297485,1.4482499361038208,0.858232319355011,1.2726994752883911,3.1824653148651123,0.6762430667877197,0.14742958545684814,2.6445345878601074,0.5025370121002197
271,0.0001,0.15373603452462703,0.8995243834287946,0.49354438208616697,0.6734227802918551,0.7958606494578981,39.621458768844604,0.13239029049873352,0.07063460611971095,0.07633557805093005,0.12650382914580405,0.13239029049873352,0.5547743178904057,0.15888394999962588,0.27994298671300594,0.07806308315350459,0.11939537295928368,0.15888394999962588,0.5100268382292528,1.3433514833450317,1.1755439043045044,1.5279613733291626,1.4613637924194336,1.4487391710281372,0.8584084510803223,1.2692368030548096,3.1859688758850098,0.674964189529419,0.1459280252456665,2.641012191772461,0.5025330781936646
272,0.0001,0.15935453958809376,0.8948566263799935,0.4989206709540807,0.6640779818648943,0.7887735136462142,40.525254011154175,0.13070209708530456,0.07324022374814376,0.0789094571955502,0.12627620482817292,0.13070209708530456,0.5638234480284154,0.16056831651009046,0.28059330373429336,0.0728796953192124,0.11936942350405913,0.16056831651009046,0.5127018561730018,1.341789960861206,1.175067663192749,1.5286567211151123,1.4573887586593628,1.4472659826278687,0.859196662902832,1.2702149152755737,3.180898904800415,0.6756870150566101,0.14334261417388916,2.6409647464752197,0.5029101371765137
273,0.0001,0.1565498731797561,0.8961805079974097,0.4906274798970956,0.6741107791390724,0.7967658933808243,38.52281856536865,0.13273101637605578,0.07199640304315835,0.07656136766308919,0.12869332160335034,0.13273101637605578,0.5520272171124816,0.16828079619086705,0.25685499545473317,0.06108931973576546,0.12105242839226356,0.16828079619086705,0.46495328774819006,1.3400177955627441,1.1742931604385376,1.5295710563659668,1.4559985399246216,1.4451416730880737,0.8593193292617798,1.267084002494812,3.178618907928467,0.6755451560020447,0.14244656264781952,2.641256332397461,0.5030705332756042
274,0.0001,0.15177073352970183,0.8982062170725845,0.48715890095784115,0.6738233484776164,0.7957682815222579,40.901926040649414,0.1314758276566863,0.07091664004838094,0.0777108549955301,0.12706073792651296,0.1314758276566863,0.5448810521047562,0.16521270217803807,0.26369721453923445,0.06477824816336998,0.12096085261840087,0.16521270217803807,0.4791795042844919,1.3394272327423096,1.1740792989730835,1.5302375555038452,1.455040454864502,1.4438285827636719,0.8593840003013611,1.264237642288208,3.172658920288086,0.6754660606384277,0.14185339212417603,2.6389923095703125,0.5032010674476624
275,0.0001,0.15233393618837,0.8985494234330541,0.4811581634558164,0.6790167973103594,0.7996209502401646,39.621169090270996,0.13111228321213275,0.07173154430347495,0.07789991499157622,0.12662552506662905,0.13111228321213275,0.5522354536224157,0.15944817243860318,0.2660879011051013,0.06640210664616181,0.11938026558894377,0.15944817243860318,0.5042064391649687,1.3378887176513672,1.172942042350769,1.5308855772018433,1.450032353401184,1.4428480863571167,0.8592785000801086,1.2622051239013672,3.1728599071502686,0.675457239151001,0.14098206162452698,2.6376218795776367,0.5034343600273132
276,0.0001,0.1519169001840055,0.8980260542887677,0.48990819557355003,0.6634004409531131,0.7888423506840642,39.73523759841919,0.1307019868399948,0.07007986211101525,0.07698536745738238,0.12755003874190152,0.1307019868399948,0.553507303353399,0.16527322473434303,0.2602411826356099,0.06534721920123467,0.11903894085150499,0.16527322473434303,0.4949442148208618,1.337314486503601,1.172156810760498,1.5318323373794556,1.4509789943695068,1.4411081075668335,0.8596951365470886,1.2560938596725464,3.1710782051086426,0.6754761934280396,0.13719286024570465,2.629584550857544,0.5036910772323608
277,0.0001,0.14988490345422179,0.9015873047748324,0.48185095546337275,0.6783083468751357,0.7999709433215081,39.813918352127075,0.13247341138776392,0.06884635199094191,0.07852797728264704,0.12707504129502922,0.13247341138776392,0.5537544707767665,0.1590801146454536,0.27415448934412917,0.06843267280894977,0.11931908554755724,0.1590801146454536,0.5062897553810707,1.3345555067062378,1.1715006828308105,1.53256094455719,1.450730800628662,1.4396604299545288,0.859724760055542,1.2506906986236572,3.168024778366089,0.6758328080177307,0.1364593207836151,2.623302698135376,0.5039724707603455
278,0.0001,0.1514098159968853,0.8992361553684807,0.492957592354371,0.6706409225478062,0.7943013246928924,40.19620323181152,0.1320245834067464,0.0700415720930323,0.0782154886983335,0.12751034053508192,0.1320245834067464,0.546570205129683,0.15770105375693394,0.280532851213446,0.07151085505118737,0.11947370859292837,0.15770105375693394,0.5063403551395123,1.3347800970077515,1.170924186706543,1.532852292060852,1.4483987092971802,1.438832402229309,0.8602054119110107,1.2468267679214478,3.160820960998535,0.6753003597259521,0.13645994663238525,2.6197617053985596,0.5044284462928772
279,0.0001,0.14944913052022457,0.8995023727257871,0.4865036368370056,0.6752954508129894,0.7975524404624987,39.722269773483276,0.12799544993322343,0.06997413793578744,0.07719596842071041,0.1273396958131343,0.12799544993322343,0.5563471945933998,0.1571658112681829,0.2745849150304611,0.06955266617811644,0.12036303614194577,0.1571658112681829,0.5097920381105863,1.3335700035095215,1.1709113121032715,1.533549427986145,1.4478740692138672,1.439672589302063,0.8602805733680725,1.2466330528259277,3.1597437858581543,0.674977719783783,0.13591738045215607,2.616405487060547,0.504332423210144
280,0.0001,0.15429974964354187,0.8986957286682714,0.4860712877832926,0.6708584957230895,0.7943531938458186,39.699256896972656,0.13111095008207485,0.07229968006140552,0.0766061486210674,0.12686006864532828,0.13111095008207485,0.552923088427633,0.19402879195717665,0.2341646062066922,0.047532724273892546,0.1202228511755283,0.19402879195717665,0.4114308320558988,1.3324391841888428,1.1702418327331543,1.5342975854873657,1.4461214542388916,1.4397432804107666,0.8607575297355652,1.2426974773406982,3.153555154800415,0.6750451326370239,0.1341206133365631,2.6162772178649902,0.5044353008270264
281,0.0001,0.15076303854584694,0.900616713689467,0.47654591787319917,0.679235013589798,0.80062783845974,39.85482120513916,0.1312161220703274,0.07032202440313995,0.07723169861128554,0.1278066133381799,0.1312161220703274,0.5571900508366525,0.1611453950405121,0.26476798301132826,0.06824918254636801,0.11962599284373797,0.1611453950405121,0.4932697021044218,1.3314857482910156,1.1697386503219604,1.5348297357559204,1.4465296268463135,1.4390597343444824,0.860822856426239,1.2428312301635742,3.1515614986419678,0.6749524474143982,0.13293063640594482,2.613396644592285,0.5043823719024658
282,0.0001,0.14576002431567758,0.9027873144790453,0.47599614010407376,0.6843138811935775,0.8045253144164181,39.501529932022095,0.12767223734408617,0.0676976187969558,0.07588098442647606,0.12911337532568723,0.12767223734408617,0.5612750863656402,0.16182705461978913,0.2566864312841342,0.06486493131289116,0.12031708772365864,0.16182705461978913,0.4866393804550171,1.328411340713501,1.168692946434021,1.5353585481643677,1.4412152767181396,1.4383407831192017,0.8609452843666077,1.2429325580596924,3.154144287109375,0.6747357845306396,0.13187716901302338,2.6064412593841553,0.5040467977523804
283,0.0001,0.14875757123809308,0.9050460631852811,0.4994473637296603,0.6733681019668624,0.7958255250234072,39.409504652023315,0.13067643891554326,0.0689203877991531,0.07848485349677503,0.12788880593143404,0.13067643891554326,0.5649967114441097,0.15838493492740852,0.3021091646873034,0.08586243860996687,0.11813089927801719,0.15838493492740852,0.5258045315742492,1.32668936252594,1.1682255268096924,1.5360205173492432,1.4395229816436768,1.4389328956604004,0.8612077832221985,1.2392653226852417,3.1496548652648926,0.6750772595405579,0.1314745992422104,2.6056551933288574,0.5044065117835999
284,0.0001,0.14722772617824376,0.9056171452099735,0.49352731429613556,0.6803307843476321,0.8011985203013031,40.4480504989624,0.13242994394386187,0.06758004822768271,0.07571297703543678,0.12757681496441364,0.13242994394386187,0.5524431657977402,0.1568891462798302,0.297364664880129,0.07936563812769376,0.1193050422347509,0.1568891462798302,0.5258760938277611,1.3245184421539307,1.167502760887146,1.5368657112121582,1.4372169971466064,1.4393837451934814,0.8616690039634705,1.2340296506881714,3.14874529838562,0.6749675869941711,0.12970927357673645,2.6059799194335938,0.5047349333763123
285,0.0001,0.15054504247382283,0.9005418397241798,0.5045564581568425,0.6619910259980536,0.7875133604005983,40.68127918243408,0.13157231861259788,0.0704598820884712,0.07756515732035041,0.12770659395027906,0.13157231861259788,0.5576824401505291,0.1639709975857001,0.2909808083795584,0.08358920205097932,0.11534140637287726,0.1639709975857001,0.5083037770711458,1.3230959177017212,1.1664230823516846,1.5375372171401978,1.4345107078552246,1.4389094114303589,0.8616515398025513,1.2324429750442505,3.149681806564331,0.6755580306053162,0.12974561750888824,2.6012990474700928,0.505147397518158
286,0.0001,0.1503659294685349,0.9012241449563745,0.4961016567853781,0.6724106127100561,0.7952467482166514,39.32357740402222,0.13023426372092217,0.06864073962788098,0.07737792027182877,0.1266881248448044,0.13023426372092217,0.5653158682398498,0.15722415905732376,0.29334843846467823,0.07785089015960693,0.11834083875784507,0.15722415905732376,0.5236102489324717,1.3208720684051514,1.1668323278427124,1.5382654666900635,1.429520606994629,1.4380931854248047,0.8622233271598816,1.2340171337127686,3.144437313079834,0.6769877672195435,0.1310572326183319,2.5988070964813232,0.5053951740264893
287,0.0001,0.14772439445368946,0.9004816033903905,0.490024375800903,0.6740754067366602,0.7971214459722396,40.438520431518555,0.13184894702862948,0.06953320687171072,0.07592480105813593,0.1282056481577456,0.13184894702862948,0.5556097484659404,0.15761374126260097,0.2810472044520653,0.07279715262926542,0.11757165984465526,0.15761374126260097,0.5161133637795081,1.3185871839523315,1.1662957668304443,1.539005160331726,1.4267791509628296,1.4382268190383911,0.8621144890785217,1.228793740272522,3.1407511234283447,0.6768219470977783,0.13009677827358246,2.593459129333496,0.5053806304931641
288,0.0001,0.1456668310565874,0.9062821164766273,0.5064960886652653,0.6722882144483315,0.7953903316110752,40.69189429283142,0.12919344432884827,0.06804673181613907,0.0766179320635274,0.12920729315374047,0.12919344432884827,0.5570907667279243,0.15648377635158026,0.3108456511337023,0.08851359486579895,0.11537178468245726,0.15648377635158026,0.5381720928045419,1.3169065713882446,1.1658225059509277,1.539698839187622,1.4245116710662842,1.4396443367004395,0.8626410365104675,1.2239755392074585,3.1384973526000977,0.6769464612007141,0.12937642633914948,2.588388442993164,0.5058784484863281
289,0.0001,0.14964193210471421,0.9008739199194263,0.465210026044112,0.6872824722980138,0.8069360911389332,39.00365948677063,0.12777922785608098,0.06982160924235359,0.07596071163425222,0.12923537753522396,0.12777922785608098,0.5606787377037108,0.16487254824202793,0.25531612921219604,0.0634538023517682,0.12020745139855604,0.16487254824202793,0.48017220222032986,1.31765878200531,1.1647975444793701,1.5403432846069336,1.424680233001709,1.4368486404418945,0.8630248308181763,1.2252826690673828,3.1360890865325928,0.677254855632782,0.12972088158130646,2.5863540172576904,0.5058581233024597
290,0.0001,0.14679401321336627,0.9023885872547156,0.48533578767226293,0.6806538283005658,0.8015384097953083,39.92654895782471,0.13192153483396396,0.06815277403802611,0.0770174281205982,0.12657403689809144,0.13192153483396396,0.5511489645577967,0.16032409685162397,0.2773775985034613,0.06269672673482161,0.11962608993053436,0.16032409685162397,0.4950822041584895,1.3161518573760986,1.1634013652801514,1.5409749746322632,1.4281983375549316,1.4361791610717773,0.8630021810531616,1.2294834852218628,3.1340904235839844,0.6772619485855103,0.12908968329429626,2.584354877471924,0.5056812167167664
291,0.0001,0.14451845618896186,0.9054328693469755,0.491911321076063,0.685805706075978,0.8064169323172816,40.34342932701111,0.13090952869970351,0.0677513851551339,0.07721034495625645,0.12941220693755895,0.13090952869970351,0.5631008199416101,0.1548794262111187,0.29812494593744093,0.0847027199772688,0.11661384117144805,0.1548794262111187,0.538344998543079,1.3156707286834717,1.1636338233947754,1.5415456295013428,1.4263079166412354,1.4359160661697388,0.863231360912323,1.2323076725006104,3.1282825469970703,0.6771928071975708,0.12726029753684998,2.5790722370147705,0.5055893063545227
292,0.0001,0.14930860209278762,0.9013238485370219,0.4850623926291099,0.6783662531756965,0.8001990662719465,41.0219452381134,0.12923076353035867,0.06956996535882354,0.07558152155252174,0.13013616215903312,0.12923076353035867,0.5630193506367505,0.15777633642921082,0.2746968500602704,0.06767852587195543,0.118530345421571,0.15777633642921082,0.5103190394548269,1.3140380382537842,1.1633652448654175,1.542380928993225,1.4218202829360962,1.4370429515838623,0.8638052344322205,1.2284104824066162,3.116830825805664,0.6777758598327637,0.1273365467786789,2.5738580226898193,0.5056933760643005
293,0.0001,0.15134832065086812,0.898532983542271,0.4891735991606346,0.687129301809219,0.8073811997713052,40.8528094291687,0.1303369621746242,0.07017824382637627,0.07666946214158088,0.12824158242437989,0.1303369621746242,0.5642740307375789,0.15665045575453684,0.28616335317492486,0.0765327047270078,0.11832789824559138,0.15665045575453684,0.5330901852020851,1.3145687580108643,1.1620243787765503,1.542923092842102,1.423368215560913,1.4383169412612915,0.8641451001167297,1.2261466979980469,3.114614963531494,0.6778061389923096,0.12536051869392395,2.5715866088867188,0.5060377717018127
294,0.0001,0.1434054010314867,0.9067970887195357,0.4867533159943727,0.6808787530281979,0.8025374499011413,40.097410678863525,0.13023387314751744,0.06555420279619284,0.07538562139961869,0.1290315721416846,0.13023387314751744,0.5637444197200239,0.16025255961486926,0.2749374805161586,0.06787922548559996,0.11843559501262811,0.16025255961486926,0.5112084608811599,1.3131139278411865,1.161195993423462,1.5435363054275513,1.4210067987442017,1.4364935159683228,0.8644585609436035,1.2191721200942993,3.1123478412628174,0.6775267124176025,0.1244271770119667,2.5715997219085693,0.5059750080108643
295,0.0001,0.14206734485924244,0.9053160563260124,0.48897273253936036,0.6802988915599038,0.8021021987603189,38.85527586936951,0.13015916815493256,0.06654407471069135,0.07659735868219286,0.1282447543926537,0.13015916815493256,0.5538147883489728,0.15507980963358511,0.29117107313986007,0.0785094399864857,0.11884479350768602,0.15507980963358511,0.5310562509756822,1.3129559755325317,1.1606734991073608,1.5440826416015625,1.4211082458496094,1.437522053718567,0.8648092150688171,1.2197858095169067,3.1140291690826416,0.6774266958236694,0.12378165870904922,2.5696494579315186,0.5065454840660095
296,0.0001,0.1486550159752369,0.89971006648517,0.49002323975929846,0.6797729627917933,0.8005462734014772,41.92471981048584,0.1311760462122038,0.07021016156068072,0.0783186110202223,0.1288277602288872,0.1311760462122038,0.5551973162218928,0.1643823464329426,0.27268185939353246,0.06268076122953342,0.12110912272563347,0.1643823464329426,0.4814959186774034,1.312354326248169,1.1600511074066162,1.5447674989700317,1.4213190078735352,1.435892939567566,0.8652639985084534,1.2214970588684082,3.1091840267181396,0.6773730516433716,0.122960165143013,2.5634467601776123,0.5065833926200867
297,0.0001,0.14560093684121966,0.9064205663331418,0.49003530752200347,0.6756941703853055,0.7984501331719631,41.80972743034363,0.13092855620197952,0.06816058728145435,0.0767017750767991,0.12944755982607603,0.13092855620197952,0.5601900108158588,0.15685451701283454,0.2804569733257477,0.07503240177264581,0.11846578396283663,0.15685451701283454,0.5211341885419992,1.3122680187225342,1.1589508056640625,1.5453850030899048,1.420569658279419,1.4339691400527954,0.8654195070266724,1.2201050519943237,3.104787826538086,0.6770383715629578,0.12206598371267319,2.5591933727264404,0.5068559646606445
298,0.0001,0.14276468090247363,0.9060907079298725,0.4861426731714836,0.680761749856811,0.801874022404788,39.580108642578125,0.13020564534235746,0.06588005961384624,0.07611752464435995,0.12916947132907808,0.13020564534235746,0.5526178879663348,0.1579977900362932,0.27558717982700237,0.06993099941084018,0.11718871662249931,0.1579977900362932,0.5157377894108112,1.3108140230178833,1.1584514379501343,1.545920491218567,1.4161181449890137,1.432633638381958,0.8656435608863831,1.2209049463272095,3.100795030593872,0.6773999929428101,0.12193326652050018,2.5571486949920654,0.5070504546165466
299,0.0001,0.14138928311876953,0.908431131463094,0.47768724285639247,0.6830592796622518,0.8037351673372591,40.21183371543884,0.12694184016436338,0.06508867850061506,0.0766323721036315,0.1291177439270541,0.12694184016436338,0.568648191401735,0.16696785487807714,0.26392007458668487,0.06140389459637495,0.12085286161074271,0.16696785487807714,0.47998270163169277,1.3097383975982666,1.157583236694336,1.5463193655014038,1.4151930809020996,1.4295316934585571,0.8658384084701538,1.2197524309158325,3.097734212875366,0.6771025061607361,0.12064693868160248,2.5548644065856934,0.5071290731430054
300,0.0001,0.13912396261002868,0.9090169759931336,0.48909835379857286,0.6792404917836989,0.7997001709734726,39.862478256225586,0.12889402388827875,0.06482080713612959,0.07440913282334805,0.12796414166223258,0.12889402388827875,0.5564614925533533,0.1594971057314139,0.28135336981369896,0.06531711533092535,0.11770690438839106,0.1594971057314139,0.4972703897036039,1.307417392730713,1.1574549674987793,1.546973466873169,1.4143702983856201,1.429805040359497,0.865969717502594,1.2197835445404053,3.0944392681121826,0.6771597862243652,0.11974742263555527,2.553556442260742,0.5072899460792542
301,0.0001,0.14152873656712472,0.90709909345827,0.5012367453712684,0.674122283982862,0.7979122509943546,40.65463304519653,0.12761080818017945,0.06663186068180948,0.07534547569230199,0.12895657634362578,0.12761080818017945,0.5630277884192765,0.1611654718334858,0.30089085188049536,0.08383278789428564,0.11909055354503485,0.1611654718334858,0.5107534298529992,1.305925726890564,1.156944990158081,1.5473910570144653,1.411380648612976,1.4298663139343262,0.8661295175552368,1.2174259424209595,3.0866076946258545,0.6769013404846191,0.11975773423910141,2.5503828525543213,0.5075530409812927
302,0.0001,0.14510361081920564,0.9073504765037435,0.49185598091437266,0.6754203054740199,0.7968502325453003,39.15225911140442,0.12932273093611002,0.06801750030717812,0.07672061386983842,0.12797215662430972,0.12932273093611002,0.569764029700309,0.15698423170699524,0.28535312901322657,0.06911422722041607,0.12037639789856397,0.15698423170699524,0.5283944991918711,1.3048757314682007,1.1563488245010376,1.5480166673660278,1.4098548889160156,1.427635669708252,0.8666271567344666,1.2137119770050049,3.0805118083953857,0.6764967441558838,0.11972001940011978,2.5465900897979736,0.5075531601905823
303,0.0001,0.147560078301467,0.9030218371756247,0.4958473903628496,0.6672966119765467,0.792654200667994,40.548009634017944,0.1300243663135916,0.06841882842127234,0.0762856783112511,0.1289596278220415,0.1300243663135916,0.5606230781413615,0.16104546988812776,0.2763332829165917,0.067425318262898,0.1179717398606814,0.16104546988812776,0.5151124990903414,1.3027139902114868,1.1559641361236572,1.548659086227417,1.4062250852584839,1.4267992973327637,0.8670318722724915,1.210806131362915,3.079742193222046,0.6764726638793945,0.11932598799467087,2.5432162284851074,0.5076390504837036
304,0.0001,0.14120267401449382,0.9103846547414752,0.4961242934832206,0.6741191367006202,0.796706339063041,37.68354082107544,0.12877070275135338,0.06480814781389199,0.0744391354965046,0.12639075936749578,0.12877070275135338,0.5564143918454647,0.16422997796191618,0.28103150324179577,0.06206320088643294,0.12053209210817631,0.16422997796191618,0.49453518390655515,1.302005648612976,1.1553682088851929,1.549277901649475,1.4068962335586548,1.4252392053604126,0.8674873113632202,1.2133532762527466,3.0755984783172607,0.6764971017837524,0.11916698515415192,2.539982557296753,0.5077986121177673
305,0.0001,0.14120278076734394,0.9091457001843348,0.5007802270925962,0.6709004615204064,0.7942010233870274,39.030879974365234,0.12960219965316355,0.06513073030509986,0.0764671957003884,0.12700261024292558,0.12960219965316355,0.5624621603637934,0.15801470262499956,0.2907366830569047,0.06918974378361152,0.1179907656632937,0.15801470262499956,0.5083999487069937,1.2997052669525146,1.1543582677841187,1.5499733686447144,1.4033201932907104,1.4250901937484741,0.8674380779266357,1.209173560142517,3.0732126235961914,0.6764580607414246,0.11850125342607498,2.5381557941436768,0.5079338550567627
306,0.0001,0.1406535095302388,0.9080165674808983,0.4952115756961016,0.6751284410736822,0.797156194798432,39.795000314712524,0.12737059278879315,0.06598813569871709,0.07616118574514985,0.1253553027054295,0.12737059278879315,0.5648401011712849,0.16493341103196144,0.2764277657637229,0.061539578495117334,0.11871470098312084,0.16493341103196144,0.4793413868317237,1.2990901470184326,1.153668999671936,1.5506012439727783,1.4030228853225708,1.4234291315078735,0.8675848841667175,1.2085912227630615,3.078488826751709,0.6760063767433167,0.11972015351057053,2.538177728652954,0.5079111456871033
307,0.0001,0.13780283369123936,0.9105119697284809,0.49664601821165816,0.6746278614165925,0.7966162595610515,39.530853033065796,0.12910986214410514,0.06467208091635257,0.07606704125646502,0.12594596832059324,0.12910986214410514,0.5585328182205558,0.1539384384567921,0.30545051905971304,0.07968485418420572,0.11648777688925083,0.1539384384567921,0.5317836752304664,1.2979681491851807,1.152725100517273,1.5511554479599,1.4016515016555786,1.4231219291687012,0.8679289817810059,1.2065871953964233,3.0768165588378906,0.6760475039482117,0.11900666356086731,2.537421703338623,0.5079562664031982
308,0.0001,0.14017516805324703,0.9103824499320851,0.49682380694609424,0.6763426835938906,0.7984961289325874,40.42966318130493,0.12760216579772532,0.06471465638605878,0.07532338105374947,0.12577893573325127,0.12760216579772532,0.5638500917702913,0.1609513671352313,0.2918924488700353,0.07190812929318502,0.11604214700368734,0.1609513671352313,0.5107817924939669,1.2974677085876465,1.1531251668930054,1.551711082458496,1.4001151323318481,1.4227789640426636,0.8681710958480835,1.2091476917266846,3.073671340942383,0.6760069727897644,0.11733842641115189,2.534494161605835,0.5077282190322876
309,0.0001,0.1381740807555616,0.9108903382066783,0.49833545100230436,0.6762357394584958,0.7988777224449755,38.932729721069336,0.1264944445574656,0.06461017351830378,0.07560248661320657,0.12673921848181635,0.1264944445574656,0.5583497453480959,0.157643812837509,0.30023112640931054,0.07720820445280809,0.11736447375554304,0.157643812837509,0.5301056054922251,1.2961394786834717,1.152903437614441,1.5522326231002808,1.3971798419952393,1.4212884902954102,0.8682874441146851,1.2034296989440918,3.0722975730895996,0.6756148934364319,0.11702930927276611,2.529780864715576,0.5077904462814331
310,0.0001,0.13313761015888304,0.9145698612276357,0.49861374015991505,0.6764054448243229,0.7989877329205922,38.072256088256836,0.12583022157195956,0.06275894879945554,0.07419601455330849,0.12704182730522007,0.12583022157195956,0.5607751659117639,0.15670396817418245,0.2976787121250079,0.06936720672708291,0.11723934813187672,0.15670396817418245,0.5150301493131197,1.2944458723068237,1.1524230241775513,1.552877426147461,1.3959161043167114,1.4217579364776611,0.8686845898628235,1.200212836265564,3.0686166286468506,0.6757393479347229,0.11584196239709854,2.527933359146118,0.507941722869873
311,0.0001,0.14405373309273273,0.9069916059122833,0.5028285661569009,0.6804700075375617,0.8018082272231539,40.04030179977417,0.13092370715457946,0.06605366454459727,0.07591176143614575,0.12687106733210385,0.13092370715457946,0.559691159054637,0.1571021383198408,0.3090209110425069,0.08197399291854639,0.11623922609365904,0.1571021383198408,0.5432655747120197,1.2925341129302979,1.1510870456695557,1.5533589124679565,1.3942607641220093,1.4195406436920166,0.8689818978309631,1.2013252973556519,3.063756227493286,0.6757612824440002,0.11535268276929855,2.5257866382598877,0.5082018375396729
312,0.0001,0.13909479323774576,0.9100909643074319,0.5073669768296756,0.6702111834314979,0.7921702377500914,39.7784698009491,0.1278661303804256,0.06463242374593392,0.07550137321231887,0.12644728808663785,0.1278661303804256,0.5697198377456516,0.18675922782948384,0.2592863666323515,0.044631998900037544,0.12212042831457579,0.18675922782948384,0.41821759664095365,1.291388988494873,1.150570034980774,1.5538727045059204,1.3924707174301147,1.4171010255813599,0.8693415522575378,1.1999175548553467,3.0569639205932617,0.6761348247528076,0.11460834741592407,2.525099277496338,0.5084141492843628
313,0.0001,0.13560658763162792,0.91097577269995,0.4901237388069813,0.6829684095408077,0.8029057502734198,40.12677812576294,0.12687853211537004,0.06338637619046494,0.07611848769010976,0.12777931080199778,0.12687853211537004,0.5707689551636577,0.156047102694328,0.29321965139645795,0.07577720295924406,0.11763525834450354,0.156047102694328,0.5337064266204834,1.290344476699829,1.1497437953948975,1.5544410943984985,1.3933944702148438,1.4179229736328125,0.8696848154067993,1.197431206703186,3.0525152683258057,0.6763345003128052,0.11412088572978973,2.520827054977417,0.5086311101913452
314,0.0001,0.13253219972830266,0.915368204180253,0.4908263560671073,0.6819035341637331,0.8023499059859158,39.740153312683105,0.12896325637120754,0.061241460585733876,0.07600144320167601,0.1265540923923254,0.12896325637120754,0.5539340111427009,0.16577711033706483,0.2707551539517366,0.055498459132818076,0.12206412909122613,0.16577711033706483,0.4908809909453759,1.2892643213272095,1.149692416191101,1.555047869682312,1.394065260887146,1.4175968170166016,0.8697971105575562,1.1974653005599976,3.051363945007324,0.6760977506637573,0.11354786902666092,2.5186257362365723,0.5083515048027039
315,0.0001,0.13819835660979152,0.910598300679213,0.5008376326698524,0.6789946112883353,0.8008083718640124,39.53623938560486,0.12697390327230096,0.06460135313682258,0.07529419584898278,0.12663485947996378,0.12697390327230096,0.5639612558297813,0.15491043776273727,0.3008329135294144,0.08190925774665979,0.11552299089156665,0.15491043776273727,0.5373278333590581,1.288265585899353,1.1488009691238403,1.5556566715240479,1.3926235437393188,1.4171725511550903,0.8704060316085815,1.196886658668518,3.0479936599731445,0.6760231852531433,0.11419545859098434,2.516735792160034,0.5083173513412476
316,0.0001,0.14127581985667348,0.9076138845335948,0.4949585830936065,0.6759567599831303,0.7984738373961381,39.99754285812378,0.13003757304977626,0.06575343242730014,0.07421388803049922,0.12543506268411875,0.13003757304977626,0.555669296067208,0.15812202961399005,0.28541835027818496,0.07061507415312987,0.1150776166182298,0.15812202961399005,0.5146131918980525,1.2864741086959839,1.1488794088363647,1.556051254272461,1.3924007415771484,1.4163472652435303,0.8704057335853577,1.1950156688690186,3.0444769859313965,0.6762163043022156,0.1124291867017746,2.5170891284942627,0.5082255601882935
317,0.0001,0.1390789255965501,0.9105217598282985,0.48373580895937407,0.6798342347797837,0.8012769274395458,41.01031756401062,0.13149587833322585,0.06388414252432995,0.07631328515708447,0.1261032340116799,0.13149587833322585,0.5596947888843715,0.16357349610099425,0.2644564595933144,0.060588620316523775,0.11844606284911816,0.16357349610099425,0.495343096439655,1.2844706773757935,1.1486204862594604,1.5565316677093506,1.3902029991149902,1.4169329404830933,0.8705335259437561,1.1972676515579224,3.043447494506836,0.675927460193634,0.11224208772182465,2.5133490562438965,0.5082739591598511
318,0.0001,0.1328927845461294,0.9158918275275122,0.48607462117305167,0.6833349588043979,0.8028949636289262,40.0548939704895,0.12576744297984987,0.061824996024370193,0.07415508478879929,0.1253579811891541,0.12576744297984987,0.5668826212640852,0.1607796534895897,0.27553037536832004,0.06337608924278847,0.11877098140808252,0.1607796534895897,0.5085441635205196,1.283225655555725,1.1482218503952026,1.556901454925537,1.3890621662139893,1.4163219928741455,0.8707122802734375,1.196252465248108,3.042224168777466,0.6760147213935852,0.11131090670824051,2.511920928955078,0.5083470940589905
319,0.0001,0.13385967072099447,0.9146626344209011,0.5039575569904767,0.6780633852725749,0.7995100500845108,39.372536420822144,0.12640138750430197,0.06240089423954487,0.07451160572236404,0.12613362830597907,0.12640138750430197,0.5669686459004879,0.15487727666130433,0.3053498088167264,0.07540704275553044,0.11671533469970409,0.15487727666130433,0.5335179328918457,1.2815368175506592,1.1471710205078125,1.5573298931121826,1.3872778415679932,1.4155192375183105,0.8706541657447815,1.1951314210891724,3.036799907684326,0.676059365272522,0.11027897149324417,2.5094852447509766,0.5086204409599304
320,0.0001,0.13075444963760674,0.9178575306341449,0.49547643352013365,0.6770875339517146,0.7993501178605736,40.09497332572937,0.12532118149101734,0.05991380178602412,0.076266203308478,0.1266539478674531,0.12532118149101734,0.5757678211666644,0.16244909190214596,0.2833715335680888,0.07104910698074561,0.11631323763957391,0.16244909190214596,0.5156776474072383,1.2801263332366943,1.146844506263733,1.5576249361038208,1.3847018480300903,1.4141401052474976,0.8709291219711304,1.1932519674301147,3.0360610485076904,0.6760064363479614,0.11047205328941345,2.507817268371582,0.5087376832962036
321,0.0001,0.13218594482168555,0.9127071678812065,0.5104188003219091,0.6684765434747252,0.7924528185442115,40.3952579498291,0.12498589477036148,0.06241605064133182,0.07379997643874958,0.1251231897622347,0.12498589477036148,0.5676374020986259,0.1777740751894621,0.27060694069816515,0.054521737763514884,0.12063567947882872,0.1777740751894621,0.45774171627484833,1.2788206338882446,1.1459870338439941,1.5580707788467407,1.381327748298645,1.413414478302002,0.8711123466491699,1.1915603876113892,3.0357792377471924,0.676170825958252,0.11099823564291,2.509033203125,0.5087407231330872
322,0.0001,0.13868846651166677,0.9092500779214828,0.4976841654915076,0.6750380851079528,0.7977169829381875,39.87186646461487,0.12710947473533452,0.06460625934414566,0.07445323053980246,0.12625740910880268,0.12710947473533452,0.5617190860211849,0.15743818460748746,0.28609806408102695,0.0679710663568515,0.11650020697942147,0.15743818460748746,0.5150887104181143,1.279007077217102,1.1449486017227173,1.5586665868759155,1.3808647394180298,1.413170576095581,0.8712135553359985,1.1921387910842896,3.0367586612701416,0.6765319108963013,0.1134079173207283,2.5101325511932373,0.5089101791381836
323,0.0001,0.1358774887630716,0.9136377647529632,0.49105149599222037,0.6804203288225473,0.8016678307851577,39.481783866882324,0.129323496716097,0.06285600794944912,0.07510488718980923,0.12471969670150429,0.129323496716097,0.5585523284971714,0.1667278950030987,0.2689151437809834,0.058567624653761204,0.11923164209494223,0.1667278950030987,0.48374553460341235,1.2787413597106934,1.1448432207107544,1.559045672416687,1.3803603649139404,1.4136168956756592,0.8711597323417664,1.1922130584716797,3.0351788997650146,0.6765615344047546,0.1145552322268486,2.509786605834961,0.5088781714439392
324,0.0001,0.13736921979580075,0.9106670260943855,0.49179463524084827,0.6742992922051472,0.7959305569480144,39.45665645599365,0.1251755163539201,0.06411009561270475,0.07456125877797604,0.12729182036127895,0.1251755163539201,0.5633159284479916,0.1614814609862291,0.28509942980913017,0.07340511312851539,0.11601112588093832,0.1614814609862291,0.5151010045638451,1.278175950050354,1.1451115608215332,1.5596561431884766,1.3795082569122314,1.4153366088867188,0.8716299533843994,1.1929161548614502,3.0326220989227295,0.6768991351127625,0.11395692080259323,2.5084121227264404,0.5088363885879517
325,0.0001,0.1339586777612567,0.9161154041312747,0.4951267052155275,0.6726225417162661,0.7952225671170275,42.10839629173279,0.12681671179598197,0.06181602901779115,0.07418683351716027,0.12778477335814387,0.12681671179598197,0.5802420908585191,0.16273777249913948,0.2824550348978776,0.06399650298632108,0.11877245937402432,0.16273777249913948,0.5048369481013372,1.2764525413513184,1.1444714069366455,1.5601531267166138,1.3764463663101196,1.4149779081344604,0.8716540932655334,1.1904146671295166,3.0295212268829346,0.677094578742981,0.11249606311321259,2.5063016414642334,0.5089249610900879
326,0.0001,0.14012713148258626,0.909355209616156,0.5021773861004756,0.6780763776606517,0.7987108790107786,40.14990782737732,0.12775909435003996,0.06521262103342451,0.07363164628623053,0.12783979368396103,0.12775909435003996,0.570493321865797,0.16287351967050478,0.27842944894845667,0.059738092239086445,0.11839144963484544,0.16287351967050478,0.4968427713100727,1.2757257223129272,1.1441293954849243,1.5606071949005127,1.373831033706665,1.4147320985794067,0.8718202114105225,1.188976526260376,3.0259451866149902,0.6770552396774292,0.11223918944597244,2.5044775009155273,0.5091780424118042
327,0.0001,0.13043834175914526,0.9152417040242086,0.4861487455092944,0.680678374580719,0.8011131133494346,41.311652421951294,0.12481716991169378,0.060942974290810525,0.07523123652208596,0.12542106851469725,0.12481716991169378,0.5673723230138421,0.15960403196513653,0.27785461149536644,0.06336851567029952,0.11948865961570006,0.15960403196513653,0.5086589446434608,1.27400803565979,1.1434487104415894,1.5611560344696045,1.3715838193893433,1.4142754077911377,0.8722249269485474,1.1873942613601685,3.0219719409942627,0.6771641969680786,0.11146533489227295,2.500767707824707,0.5091925859451294
328,0.0001,0.1291827503591776,0.9190945188021007,0.503627724143175,0.6743070612547296,0.7962362981082108,40.80441069602966,0.12457983067724854,0.05953722886624746,0.07468703610356897,0.1270707204239443,0.12457983067724854,0.5749958925880492,0.1569818105835181,0.3089747478182499,0.07961893184826924,0.11603562808953799,0.1569818105835181,0.5260369796019334,1.2737014293670654,1.1427892446517944,1.56155264377594,1.371189832687378,1.4123871326446533,0.8725162148475647,1.1865867376327515,3.019954204559326,0.6771420836448669,0.11008281260728836,2.4994618892669678,0.5091539621353149
329,0.0001,0.12874802004080266,0.9178954956228171,0.49841627616148726,0.672368989638679,0.7949210432178573,40.22891020774841,0.12427201773971319,0.060533317213412374,0.07316515600541607,0.12650423753075302,0.12427201773971319,0.5753341875970364,0.1634833527299074,0.2811171334523421,0.06234934808543095,0.1182427758207688,0.1634833527299074,0.4956152998484098,1.2727030515670776,1.1419885158538818,1.5620150566101074,1.3689886331558228,1.409230351448059,0.8726431131362915,1.1852965354919434,3.016348361968994,0.6768081188201904,0.10906869918107986,2.4962494373321533,0.5092725157737732
330,0.0001,0.13419890368822962,0.9164453698913797,0.5201149564522963,0.6666620224921116,0.7905753718500023,39.75012516975403,0.12841846165247262,0.06136086882906966,0.07435394386993721,0.12656546582002193,0.12841846165247262,0.5655772869940847,0.15784109590145257,0.3161594623556504,0.08073598547623707,0.11581779340138802,0.15784109590145257,0.5353280104123629,1.271785855293274,1.1416398286819458,1.5623996257781982,1.368572473526001,1.4082945585250854,0.8729116916656494,1.1860278844833374,3.012115716934204,0.676750123500824,0.1078958734869957,2.4951834678649902,0.5091753602027893
331,0.0001,0.1322377824690193,0.9168284653485511,0.5116301841460742,0.6724377476098259,0.7952276463298251,39.78119921684265,0.12759869877481833,0.06040066116838716,0.07445642218226567,0.12625131255481392,0.12759869877481833,0.58105941535905,0.15532267913222314,0.3102950074351751,0.07457042353657575,0.11665229705663828,0.15532267913222314,0.537371195279635,1.2706938982009888,1.140878677368164,1.5628397464752197,1.366147518157959,1.4073882102966309,0.8729798197746277,1.180539608001709,3.0094480514526367,0.6769292950630188,0.10656552761793137,2.4941701889038086,0.5092861652374268
332,0.0001,0.12586304440628737,0.9210897400203921,0.5095425569094144,0.6748691709819928,0.7965312187963447,39.606786251068115,0.12622836290393025,0.05796149047091603,0.07339997449889779,0.1261550160124898,0.12622836290393025,0.5717954183928668,0.16678267642855643,0.2802524370642809,0.056375727544610316,0.12125747776948488,0.16678267642855643,0.4795859786180349,1.2690396308898926,1.1408917903900146,1.563280701637268,1.3651055097579956,1.4075987339019775,0.8731914162635803,1.1797312498092651,3.008904457092285,0.6769707202911377,0.10591404139995575,2.4910967350006104,0.509371280670166
333,0.0001,0.12990763725247234,0.9176685014220639,0.5066457058374698,0.6749160682402138,0.7966251889089978,40.21635127067566,0.12430359976133332,0.060749521595425904,0.07490339531796053,0.12570386216975749,0.12430359976133332,0.5759176141582429,0.15906209263664026,0.29922311558173253,0.07206363460192314,0.11755743061120694,0.15906209263664026,0.5163007048460153,1.268237590789795,1.1406803131103516,1.5638805627822876,1.3628172874450684,1.4057906866073608,0.8734191060066223,1.1763612031936646,3.0052378177642822,0.6769846081733704,0.1056615486741066,2.488086700439453,0.509486973285675
334,0.0001,0.13344674149993807,0.9132491790428464,0.5099706854957801,0.6732210907925626,0.7955791338146565,41.10320258140564,0.1299902917817235,0.06354575156001374,0.07441775174811482,0.12529376859311014,0.1299902917817235,0.5592087064869702,0.15566854107265288,0.3006426886870311,0.06952779877644319,0.11716476105726682,0.15566854107265288,0.5216888290185194,1.2674843072891235,1.1408442258834839,1.5642741918563843,1.362452745437622,1.4066797494888306,0.8737977743148804,1.1733675003051758,3.0023293495178223,0.6770187020301819,0.10552150011062622,2.486851453781128,0.5096174478530884
335,0.0001,0.1305784737924114,0.9180375503162479,0.5161475550669891,0.6725798616566525,0.7944023933756239,40.795287132263184,0.12513861944898963,0.059978213015710935,0.07407123304437846,0.12594316632021219,0.12513861944898963,0.5845628741662949,0.15714649649766776,0.3146757491506063,0.07780855057331232,0.11585334768662085,0.15714649649766776,0.5228591561317444,1.2672383785247803,1.1401898860931396,1.5645803213119507,1.364013910293579,1.4058691263198853,0.8739292621612549,1.1739310026168823,3.0026936531066895,0.6769974827766418,0.1047353744506836,2.488596200942993,0.5095258951187134
336,0.0001,0.12523253937251866,0.9202398069465939,0.5216070107542552,0.6691519324183979,0.7924344726953106,39.42651033401489,0.12371928372886032,0.05767771147657186,0.07399281836114824,0.12529320211615413,0.12371928372886032,0.5777656808495522,0.15764748190458006,0.31600277102910557,0.07369468659162522,0.11635090055373999,0.15764748190458006,0.5190346176807697,1.2656757831573486,1.1396933794021606,1.5651850700378418,1.3633325099945068,1.4047425985336304,0.8742833137512207,1.1732085943222046,2.998340129852295,0.6772400140762329,0.10429812967777252,2.4835968017578125,0.5096575021743774
337,0.0001,0.12919775629416108,0.9178491497414115,0.5135767892003059,0.6746324523128769,0.7967580319491978,40.36404013633728,0.12477781600318849,0.059109795023687184,0.07440370501717553,0.12531050434336066,0.12477781600318849,0.5744293727912009,0.1570332317971266,0.3145956341463786,0.08037773955326814,0.11630159455996293,0.1570332317971266,0.5363370024240934,1.2650871276855469,1.1391154527664185,1.5655624866485596,1.3625818490982056,1.4029496908187866,0.8744439482688904,1.1756634712219238,2.9964540004730225,0.677621066570282,0.10408677160739899,2.4815399646759033,0.5096352100372314
338,0.0001,0.1293018173892051,0.9181615335881991,0.51038908717724,0.6723560239268983,0.7946297985318312,40.66192841529846,0.12695306458044797,0.06050241843331605,0.07336727593792602,0.12466419290285558,0.12695306458044797,0.5700641362927854,0.16357679977439918,0.291614281386137,0.06184452852377525,0.11884216219186783,0.16357679977439918,0.5050133219132057,1.2644580602645874,1.138475775718689,1.5659722089767456,1.3604404926300049,1.4023385047912598,0.8745415806770325,1.1723664999008179,2.991637706756592,0.6778083443641663,0.10367701202630997,2.4800631999969482,0.5097343921661377
339,0.0001,0.12879260128829628,0.9190747247529771,0.5224990856188995,0.6681344436540518,0.7918504095460411,38.966206550598145,0.1253535551368259,0.05909280406194739,0.07404089032206684,0.12564448558259755,0.1253535551368259,0.5842948174104095,0.158432491009052,0.3185483020085555,0.07812090412928507,0.11531810072752145,0.158432491009052,0.536660321859213,1.263360619544983,1.1381897926330566,1.5661566257476807,1.3602161407470703,1.4012755155563354,0.8746358156204224,1.172396183013916,2.9868757724761963,0.6777816414833069,0.10335803776979446,2.4759178161621094,0.5097678303718567
340,0.0001,0.1259202592773363,0.9216717468842027,0.514334871677252,0.6710199251671368,0.7936440772494839,40.66092491149902,0.12416868290165439,0.058162397413980216,0.0733388855587691,0.12662655371241271,0.12416868290165439,0.5805818606168032,0.15813635324056333,0.3097754091024399,0.06874636927476296,0.11754221721337392,0.15813635324056333,0.5222468046041635,1.2622275352478027,1.1376312971115112,1.566624402999878,1.3584321737289429,1.3998385667800903,0.8748031854629517,1.1671398878097534,2.9846532344818115,0.6778199076652527,0.10304141044616699,2.4736838340759277,0.5096905827522278
341,0.0001,0.12367442424874753,0.9222830693103446,0.5205260735291701,0.6704928160812321,0.7937882192200245,39.62108373641968,0.12322824099101126,0.0577596518851351,0.07387897680746391,0.12378415965940803,0.12322824099101126,0.5762698124162853,0.15844887477847247,0.31380895238656265,0.06954689381214288,0.11675738738133357,0.15844887477847247,0.5302226690145639,1.2612504959106445,1.1365982294082642,1.5670102834701538,1.3591068983078003,1.3980906009674072,0.8750711679458618,1.1673494577407837,2.9824090003967285,0.6773033738136292,0.10222330689430237,2.4717838764190674,0.5095040798187256
342,0.0001,0.12692941795103252,0.9198989834620325,0.5123496167934858,0.6733471773665237,0.7961049268175506,40.22006559371948,0.1272720085689798,0.05948318462469615,0.07362904073670506,0.12355942151043564,0.1272720085689798,0.563779906835407,0.1573183582092707,0.30349022940947457,0.06724015130446508,0.11698202295945241,0.1573183582092707,0.5264712920555702,1.2610085010528564,1.1362998485565186,1.567463994026184,1.35837984085083,1.3978558778762817,0.8753558993339539,1.1711986064910889,2.981397867202759,0.6774622797966003,0.10140296071767807,2.4691262245178223,0.5097911953926086
343,0.0001,0.12996419495902956,0.9174149254696892,0.5202947240609389,0.6713836027266133,0.79347315352821,39.98393630981445,0.1264480244135484,0.05988184185116552,0.07319024408934638,0.1258400077931583,0.1264480244135484,0.564007671084255,0.16010732043247958,0.31025028839134255,0.065579220194083,0.11660015766437237,0.16010732043247958,0.5142967563409072,1.2599903345108032,1.1359983682632446,1.5678287744522095,1.3573694229125977,1.3974629640579224,0.8754857778549194,1.1701586246490479,2.980133295059204,0.6775515079498291,0.10014849156141281,2.46931529045105,0.5099470019340515
344,0.0001,0.1267852229066193,0.9219665333208389,0.519143158197403,0.6698076423205512,0.7925362471170644,41.68487024307251,0.12259118590736762,0.05872351527796127,0.07335646427236497,0.12512767885345966,0.12259118590736762,0.5850373571738601,0.16379170082509517,0.2965593657814539,0.05911355769404998,0.11890117067557116,0.16379170082509517,0.49125743829287016,1.2594102621078491,1.135851263999939,1.5682775974273682,1.355771780014038,1.3976703882217407,0.8755879402160645,1.1683682203292847,2.9773428440093994,0.677510142326355,0.10006856918334961,2.4692859649658203,0.5100572109222412
345,0.0001,0.12399198091588914,0.9212488299856553,0.5193812049352206,0.6747857629720799,0.796864894485979,39.51213026046753,0.12443436600733548,0.05806156963808462,0.07326464244397357,0.12636468338314444,0.12443436600733548,0.5830354923382401,0.15500229528317086,0.32122258687248595,0.07786776744402372,0.11599373932068165,0.15500229528317086,0.5345505934495193,1.2584260702133179,1.1356425285339355,1.568619728088379,1.35520339012146,1.3984700441360474,0.8757214546203613,1.1660394668579102,2.9744160175323486,0.6774386167526245,0.09958559274673462,2.468975305557251,0.5098585486412048
346,0.0001,0.12718744040466845,0.9216281419853568,0.5304400090987865,0.6688462510397412,0.7930733255431772,39.306687355041504,0.1235127990366891,0.05857868128805421,0.07339071109890938,0.12571219285018742,0.1235127990366891,0.5798154505901039,0.15568865090608597,0.33957301068764467,0.08705959652478878,0.11449892624066427,0.15568865090608597,0.5429891907251798,1.2573480606079102,1.135589599609375,1.5690757036209106,1.3531640768051147,1.3974977731704712,0.8758319020271301,1.165032982826233,2.9721667766571045,0.6775506734848022,0.09946126490831375,2.468331813812256,0.5096756815910339
347,0.0001,0.12626525002997369,0.9206512522644599,0.5169565794559625,0.6704312043690406,0.7929614323398074,39.88876819610596,0.12542001507245004,0.05877871083794162,0.07385453640017658,0.12524844415020198,0.12542001507245004,0.5774421798996627,0.16006408161841906,0.3118779392196582,0.06827173061095751,0.11620765993228326,0.16006408161841906,0.5147917564098652,1.2569468021392822,1.1352009773254395,1.5693607330322266,1.3528012037277222,1.397003173828125,0.8760316371917725,1.1618882417678833,2.9722740650177,0.6777800917625427,0.09902624785900116,2.4652225971221924,0.509768545627594
348,0.0001,0.12336262105964124,0.9244906912300386,0.5102928092846504,0.6726230719483156,0.7955797796895011,39.00761127471924,0.12346617900766432,0.05683425784809515,0.07284101797267795,0.1246547510381788,0.12346617900766432,0.5787949129007757,0.1565990578669768,0.3101093884844046,0.07125917214613695,0.11677045283409265,0.1565990578669768,0.5239653275563166,1.255859375,1.1344600915908813,1.5696717500686646,1.3515995740890503,1.3972480297088623,0.8762282729148865,1.1603668928146362,2.9712822437286377,0.677497386932373,0.0988638773560524,2.4619557857513428,0.5097381472587585
349,0.0001,0.12709158344659954,0.918899073539201,0.5190117714496759,0.6670590034413053,0.79099118379435,38.639060974121094,0.12764780345605686,0.05905618498218246,0.07246263395063579,0.12547199265100062,0.12764780345605686,0.5631906250491738,0.17475829061407308,0.28010238569516405,0.0520044444845273,0.11899698881002573,0.17475829061407308,0.462345958673037,1.255285382270813,1.1339432001113892,1.5700396299362183,1.3514533042907715,1.3968417644500732,0.8763023614883423,1.1592515707015991,2.967806816101074,0.6774177551269531,0.09844984114170074,2.460707664489746,0.5097278952598572
350,0.0001,0.12431406730320305,0.9216206381306054,0.5192506166604849,0.6656607466907873,0.7898519544162838,40.2142698764801,0.12387776584364474,0.05799908979679458,0.07499697391176596,0.12655992712825537,0.12387776584364474,0.5869222152978182,0.1589031477100574,0.3060520211091408,0.06937928423285485,0.11596605261931052,0.1589031477100574,0.519646666600154,1.2541624307632446,1.1331028938293457,1.5704879760742188,1.3506724834442139,1.3961052894592285,0.8765508532524109,1.1584908962249756,2.9652512073516846,0.6773629784584045,0.09803318977355957,2.4593706130981445,0.5097351670265198
351,0.0001,0.11938729649409652,0.9269661627110756,0.5257888436317444,0.6638193238062952,0.7883435363329224,39.40967607498169,0.12287509837187827,0.054515251074917614,0.07369877235032618,0.1255450933240354,0.12287509837187827,0.5821593119762838,0.15728195699361655,0.32674918541541464,0.07978908247672595,0.11517666498055824,0.15728195699361655,0.5421281585326562,1.2535582780838013,1.1331303119659424,1.5709114074707031,1.349226951599121,1.3946119546890259,0.8767935037612915,1.1575077772140503,2.963348865509033,0.677365243434906,0.0978478267788887,2.455430030822754,0.509779155254364
352,0.0001,0.12301171501167119,0.9254040040042408,0.5238561025032631,0.6674935461011964,0.7917034048897952,39.91423845291138,0.12403611012268811,0.05585623552906327,0.07303719915216789,0.12472270242869854,0.12403611012268811,0.5713111141230911,0.15379111285393054,0.32039199388371065,0.07368799459475738,0.11590075699182657,0.15379111285393054,0.5398727893829346,1.252538800239563,1.132892370223999,1.5711572170257568,1.3475000858306885,1.3936481475830078,0.8769338130950928,1.1557559967041016,2.961977958679199,0.6773943305015564,0.09707595407962799,2.4520583152770996,0.5098281502723694
353,0.0001,0.1222211605636403,0.9237830713907523,0.5232271753824674,0.6751507765847075,0.7976480898177464,39.38570284843445,0.12447755027096719,0.05679872244945727,0.07249154505552724,0.12481737334746867,0.12447755027096719,0.5681927450932562,0.15472166251677733,0.3259507464674803,0.07596166357398033,0.11564923799954928,0.15472166251677733,0.5345694670310387,1.2512688636779785,1.132642388343811,1.5714927911758423,1.3457802534103394,1.3933260440826416,0.8770772814750671,1.154746174812317,2.9605658054351807,0.677431583404541,0.09673725068569183,2.45215106010437,0.5098681449890137
354,0.0001,0.12226357101462781,0.9260935791330941,0.5220961241767956,0.6755161110499435,0.7979444621996422,40.36143755912781,0.12323535105679184,0.05593100163969211,0.07207026227843016,0.12546319281682372,0.12323535105679184,0.5767442807555199,0.1562969995232729,0.31054499097741567,0.06524662684935789,0.11712624235795094,0.1562969995232729,0.5227262056790866,1.2500697374343872,1.132047176361084,1.5717905759811401,1.3450509309768677,1.39211106300354,0.8771381974220276,1.1548155546188354,2.9584264755249023,0.6773372292518616,0.09643156081438065,2.4498422145843506,0.5097419023513794
355,0.0001,0.12312947760801762,0.9211276142279017,0.5203014757770759,0.6715801872412022,0.7945980387937307,39.27861833572388,0.12280025240033865,0.056756194680929184,0.0730394420097582,0.12547468359116465,0.12280025240033865,0.5784012954682112,0.16148534692250766,0.30104898328964524,0.058047154144598885,0.11778988437010691,0.16148534692250766,0.5064300491259648,1.2493624687194824,1.1316251754760742,1.5722899436950684,1.3446577787399292,1.3914308547973633,0.8772943615913391,1.1529629230499268,2.9566643238067627,0.6773821711540222,0.09583043307065964,2.44879412651062,0.5097571015357971
356,0.0001,0.12248330458533019,0.92494241331646,0.5226966635538981,0.6689024217220539,0.7928089583219602,39.1638720035553,0.12595863791648299,0.05637058769934811,0.0729189477278851,0.12444839347153902,0.12595863791648299,0.5754104340448976,0.15765953270288613,0.3059177335638266,0.06488653111916322,0.11645714548917917,0.15765953270288613,0.5218406768945547,1.2484711408615112,1.1309906244277954,1.572489857673645,1.3435585498809814,1.3910815715789795,0.8774121403694153,1.1528589725494385,2.955859422683716,0.6770058870315552,0.09515392780303955,2.4481985569000244,0.5099035501480103
357,0.0001,0.12202507816255093,0.9244535029716107,0.5166190225344438,0.6722718130225089,0.795148070498664,40.19962215423584,0.12343550461810082,0.056253393267979845,0.0732875726534985,0.12555935012642294,0.12343550461810082,0.5703146546147764,0.15504034511171855,0.3141982805270415,0.07128990716659106,0.11723218388282336,0.15504034511171855,0.5371030312318068,1.2471771240234375,1.130627989768982,1.5728086233139038,1.3419220447540283,1.38979172706604,0.8774590492248535,1.1496649980545044,2.9531641006469727,0.6769047975540161,0.09462077170610428,2.4485108852386475,0.5097835063934326
358,0.0001,0.12222054845187813,0.9247849300323463,0.5159875857142302,0.6736299916841996,0.7969827008051128,39.68364906311035,0.1252573825768195,0.056131377757992595,0.07319135661236942,0.12624269316438586,0.1252573825768195,0.5857088486663997,0.1554802937576404,0.3105231227783056,0.07235899315430568,0.11632480025291443,0.1554802937576404,0.5314849495887757,1.2461445331573486,1.1301493644714355,1.5731360912322998,1.3416308164596558,1.3882472515106201,0.8775640726089478,1.1495141983032227,2.9511938095092773,0.6768813133239746,0.09432008862495422,2.4462804794311523,0.5097298622131348
359,0.0001,0.12125882878899574,0.925019700616804,0.5230121408517544,0.66575550038397,0.7899528877381761,40.134113073349,0.12231367023196071,0.05539340397808701,0.07249814557144418,0.12645685544703156,0.12231367023196071,0.5774459526874125,0.15937821011130626,0.3045106737086406,0.06350664186936159,0.1184103067104633,0.15937821011130626,0.5093198565336374,1.245514154434204,1.1299296617507935,1.5734264850616455,1.33902907371521,1.3883140087127686,0.8776999711990356,1.1487973928451538,2.949877977371216,0.6769943237304688,0.0935589000582695,2.4459774494171143,0.5096756219863892
360,0.0001,0.11845997907221317,0.9267274586232307,0.5204228912408535,0.6656941347537897,0.790014101381928,40.207748889923096,0.12414522923063487,0.05466376047115773,0.07413557620020583,0.12563369504641742,0.12414522923063487,0.5736063732765615,0.15849971304146143,0.30259580050523466,0.06198738503914613,0.11746434007699673,0.15849971304146143,0.5116008721865141,1.2445566654205322,1.129848599433899,1.5738404989242554,1.3373509645462036,1.3876873254776,0.8779357075691223,1.1466845273971558,2.9478936195373535,0.6771059036254883,0.09313037246465683,2.443096876144409,0.5099672675132751
361,0.0001,0.12106728472281247,0.925859914985664,0.5159557865216182,0.6723545326398519,0.795145780257996,40.602025508880615,0.12296258355490863,0.05579636016045697,0.07301150553394109,0.12581826327368617,0.12296258355490863,0.5777524947188795,0.15997441969811915,0.3051674649119377,0.0668343617939032,0.11748543874575541,0.15997441969811915,0.5126764966891362,1.2435963153839111,1.1293728351593018,1.5742653608322144,1.3356913328170776,1.3861095905303955,0.8780895471572876,1.14666748046875,2.943545341491699,0.6775014400482178,0.09262152761220932,2.4389564990997314,0.5100988745689392
362,0.0001,0.11928373121190816,0.9261343529871909,0.5204948625885524,0.6698294335159263,0.7931436421612079,39.83263111114502,0.12085268564987928,0.05528564751148224,0.07129938388243318,0.12671213981229812,0.12085268564987928,0.5855817748233676,0.15697190065223438,0.3078458679983249,0.06651812952298385,0.11631548014970926,0.15697190065223438,0.52267619738212,1.2430132627487183,1.129165530204773,1.5745325088500977,1.3355075120925903,1.3854411840438843,0.8781634569168091,1.144950032234192,2.9421145915985107,0.6773413419723511,0.09211641550064087,2.4370784759521484,0.5100919008255005
363,0.0001,0.11754187103360891,0.926897289290197,0.5136376770643087,0.6718264273541041,0.795312186213879,39.79793381690979,0.12107021803967655,0.05366004956886172,0.0719651616527699,0.12481107062194496,0.12107021803967655,0.5820388300344348,0.1570181705057621,0.3172120595207581,0.07808273497682351,0.11595160101468746,0.1570181705057621,0.5354606848496657,1.2422536611557007,1.1290132999420166,1.5748356580734253,1.3348430395126343,1.3852425813674927,0.8781713843345642,1.1437691450119019,2.9406380653381348,0.6773751378059387,0.09204602241516113,2.4353315830230713,0.5102179050445557
364,0.0001,0.1187644264427945,0.9267326458276848,0.5184678536195021,0.6793223541734453,0.800828003336532,41.17083191871643,0.12348157889209688,0.05470025638351217,0.07259424612857401,0.12492662039585412,0.12348157889209688,0.5807082308456302,0.15513599993517765,0.3112496993289544,0.06763329632007159,0.11717006002481167,0.15513599993517765,0.520398249075963,1.2410285472869873,1.128888726234436,1.5751423835754395,1.333380937576294,1.3847311735153198,0.8782833218574524,1.1422837972640991,2.939478874206543,0.6773337125778198,0.09201303124427795,2.435075044631958,0.5101545453071594
365,0.0001,0.1197815464111045,0.9266313467800414,0.5155616145867568,0.6740918645789841,0.796757249935817,40.6035270690918,0.12235446856357157,0.05472813581582159,0.07296278432477266,0.12586193985771388,0.12235446856357157,0.5717056738212705,0.16021434234885068,0.301293220772193,0.06497595040844037,0.11661895375985365,0.16021434234885068,0.5117494051273053,1.240444302558899,1.1285432577133179,1.5753848552703857,1.3320269584655762,1.3838051557540894,0.8784387707710266,1.1401489973068237,2.9403340816497803,0.6774239540100098,0.09225092083215714,2.4346208572387695,0.5101690888404846
366,0.0001,0.12523417500779033,0.9208014507851537,0.5058879297513228,0.6785218936743488,0.8003331158991362,40.2178258895874,0.12387640739325434,0.05837220064131543,0.07173677982063964,0.12673363462090492,0.12387640739325434,0.5779558154754341,0.15551814350944299,0.3000111314539726,0.06762096503606209,0.11671086526834047,0.15551814350944299,0.5304572774813725,1.2401336431503296,1.1277778148651123,1.5757601261138916,1.3302606344223022,1.3826097249984741,0.8784958720207214,1.1411160230636597,2.9376935958862305,0.6772527694702148,0.09138772636651993,2.43347430229187,0.5101474523544312
367,0.0001,0.1195389119675383,0.9269570035220623,0.5176800461915824,0.6771562743136109,0.7987120910173433,41.184406757354736,0.12141632003476843,0.05477152805542573,0.07133026159135625,0.1245269535575062,0.12141632003476843,0.5764234061352909,0.15674612820148467,0.31625995911084687,0.07027865934830446,0.11686330575209397,0.15674612820148467,0.5347705364227295,1.2395061254501343,1.1273839473724365,1.5761597156524658,1.3300577402114868,1.3818316459655762,0.8787094950675964,1.1401928663253784,2.9335556030273438,0.6773388981819153,0.09165946394205093,2.433504819869995,0.5102121829986572
368,0.0001,0.11823069816455245,0.92771757692778,0.5130070720727627,0.6765240688847747,0.7980311171205545,40.41494584083557,0.12383362220134586,0.054315163230057806,0.0720726358704269,0.12602680723648518,0.12383362220134586,0.5828900495544076,0.1582013773230406,0.30265652858293973,0.0633626515762164,0.11595237174859414,0.1582013773230406,0.519500063932859,1.23856782913208,1.127164602279663,1.5764191150665283,1.3308521509170532,1.3809208869934082,0.8787534236907959,1.141164779663086,2.9308598041534424,0.6772022247314453,0.0910995677113533,2.430955648422241,0.5103856325149536
369,0.0001,0.11865249171387404,0.9250063180042469,0.5110476012413319,0.674107669746548,0.7968233735180373,39.53939414024353,0.12286367104388773,0.054636439599562436,0.07222488080151379,0.12636989238671958,0.12286367104388773,0.5914577962830663,0.15690399843912858,0.30793196610533274,0.06845195373663536,0.11587585233725034,0.15690399843912858,0.534050425199362,1.237573504447937,1.1268051862716675,1.576700210571289,1.3288633823394775,1.379912257194519,0.8789729475975037,1.139329433441162,2.9293487071990967,0.6773183941841125,0.09101075679063797,2.4296648502349854,0.5104426741600037
370,0.0001,0.11989197449292988,0.9264158368452197,0.5102261738135264,0.6771083412132896,0.7989494894878744,39.89745259284973,0.12349065497983247,0.05526225359062664,0.07132048055063933,0.12534080038312823,0.12349065497983247,0.5826587397605181,0.15590347252213038,0.3055509454928912,0.0671639437858875,0.11614691351468746,0.15590347252213038,0.519356160897475,1.2367252111434937,1.1263009309768677,1.5770683288574219,1.327454924583435,1.3792840242385864,0.8790622353553772,1.136018991470337,2.9271650314331055,0.6772810220718384,0.09124796837568283,2.429720401763916,0.5104416608810425
371,0.0001,0.11879721865989268,0.9260698009170538,0.5080559324759704,0.6776771301120906,0.7986707416904762,39.95515537261963,0.12209491047542542,0.05547552608186379,0.07248841592809185,0.12480078882072121,0.12209491047542542,0.5892460751347244,0.1566148970562678,0.30357054334420425,0.06438914434267924,0.11825283055122082,0.1566148970562678,0.523717356645144,1.236060619354248,1.125626802444458,1.5773836374282837,1.3262639045715332,1.3785943984985352,0.8793303370475769,1.1347432136535645,2.9259119033813477,0.6773847937583923,0.09152344614267349,2.4278769493103027,0.5105654001235962
372,0.0001,0.11941797414328903,0.9261919222787391,0.5085210640843097,0.6804397207070517,0.8013549254720942,39.95225119590759,0.12371582724153996,0.05544069694587961,0.07231495622545481,0.12635979347396642,0.12371582724153996,0.5817808071151376,0.15877449028193952,0.29889643931618104,0.06451284965643515,0.1174103054862756,0.15877449028193952,0.5162220743986277,1.2347911596298218,1.1254385709762573,1.5777175426483154,1.3243201971054077,1.3771864175796509,0.8795320987701416,1.1314733028411865,2.9235851764678955,0.6774587631225586,0.09213503450155258,2.425485610961914,0.5104739665985107
373,0.0001,0.11907234508544207,0.9277341591929142,0.5165263383434369,0.6733054335970384,0.7952494183177662,38.516263484954834,0.12433320848504081,0.054322993877576664,0.07254005532013252,0.1257132749306038,0.12433320848504081,0.5849158549681306,0.15590043388880215,0.3189413469571334,0.07472523072591195,0.1153211819437834,0.15590043388880215,0.5376506172693692,1.2338533401489258,1.1252288818359375,1.5779635906219482,1.3231079578399658,1.3769149780273438,0.8796041011810303,1.130576491355896,2.922253370285034,0.6774632334709167,0.09230731427669525,2.4226505756378174,0.5106031894683838
374,0.0001,0.11643297411501408,0.9282244947885994,0.515735251055314,0.6789069951304115,0.8002559776065441,39.689337968826294,0.12251897586975247,0.05299374385504052,0.07308018434559926,0.12519317294936627,0.12251897586975247,0.57628751732409,0.15950234973659883,0.30090707706717346,0.060588140900318437,0.11697386216658812,0.15950234973659883,0.5156036221064054,1.2333348989486694,1.1248993873596191,1.5782314538955688,1.3223129510879517,1.3764630556106567,0.8798474669456482,1.1290369033813477,2.9215164184570312,0.677318811416626,0.09235858172178268,2.4198801517486572,0.5105363130569458
375,0.0001,0.11994883383158594,0.9273072696440335,0.514818363235547,0.6755798340822072,0.7978066578071116,41.45561170578003,0.12356371100759134,0.05513312228140421,0.07226931257173419,0.12613194796722382,0.12356371100759134,0.587461568415165,0.15477986381604122,0.31148586468054695,0.06947237287576381,0.1149530610212913,0.15477986381604122,0.5364832786413339,1.2326180934906006,1.1247390508651733,1.5784504413604736,1.322721242904663,1.3767497539520264,0.8800461888313293,1.129323959350586,2.9195446968078613,0.6773359179496765,0.09182325750589371,2.41898512840271,0.5105267763137817
376,0.0001,0.11971341783646494,0.9277611886274538,0.5128106150489588,0.6765442204744602,0.7989630657954748,42.26906871795654,0.12391155341174453,0.05403449115692638,0.07257693109568208,0.12624106998555362,0.12391155341174453,0.5796703998930752,0.15609459653496743,0.3143449753522873,0.0721542171560801,0.11514758880321796,0.15609459653496743,0.5317180844453665,1.2318358421325684,1.124258279800415,1.5787192583084106,1.3203200101852417,1.3754026889801025,0.8802266716957092,1.1269168853759766,2.9169504642486572,0.677329421043396,0.09101605415344238,2.4177396297454834,0.5104411840438843
377,0.0001,0.1146350537892431,0.9290904750186664,0.5187563797602287,0.6753089021015667,0.7976129812672733,39.326719522476196,0.11980040103662759,0.053388404223369434,0.07189053576439619,0.12506687210407108,0.11980040103662759,0.5785158919170499,0.1538954482628749,0.31406928105996207,0.06810107947542117,0.11687831213841071,0.1538954482628749,0.5374047517776489,1.2309281826019287,1.12407648563385,1.5791151523590088,1.3196732997894287,1.3751667737960815,0.8804433345794678,1.1247831583023071,2.9151859283447266,0.6771630048751831,0.09060391038656235,2.416790008544922,0.5104895830154419
378,0.0001,0.1211787925567478,0.9261745261401534,0.5132968981678669,0.6793295663985105,0.8003738965938194,39.375229835510254,0.12466171401320025,0.05623840863700025,0.07179178134538233,0.1251155062345788,0.12466171401320025,0.5779056528117508,0.16212002514646603,0.2944251387738265,0.05938062610534521,0.11897798616152544,0.16212002514646603,0.5111721726564261,1.2304811477661133,1.1237719058990479,1.5794936418533325,1.317995309829712,1.374943494796753,0.8805406093597412,1.123705267906189,2.914137840270996,0.6770855188369751,0.09017471224069595,2.414639472961426,0.5105995535850525
379,0.0001,0.11932554375380278,0.927130706900932,0.5139299768667954,0.677098909154204,0.7987504229001562,38.622668981552124,0.12213967251591384,0.054786209599114954,0.07161977712530643,0.1248731465311721,0.12213967251591384,0.581588298548013,0.162878708082896,0.2960075528575824,0.056457205231373125,0.11743797969359618,0.162878708082896,0.5045052519211403,1.229480266571045,1.1236765384674072,1.5798693895339966,1.3163353204727173,1.374757170677185,0.8807367086410522,1.1226612329483032,2.9155917167663574,0.6773172616958618,0.09003204107284546,2.412040948867798,0.510545015335083
380,0.0001,0.11582747346255928,0.9298869043639797,0.5156144543335988,0.679534888926999,0.8004906218741378,39.51940608024597,0.12258299655513838,0.05293878028169274,0.07223917194642127,0.1256438116542995,0.12258299655513838,0.5917384391650558,0.15614597530892263,0.3108892570894498,0.0698434108724961,0.11497372744175104,0.15614597530892263,0.5232370789234455,1.2289272546768188,1.1236073970794678,1.5801379680633545,1.3153656721115112,1.3743176460266113,0.8807219862937927,1.1220327615737915,2.916548252105713,0.6774755120277405,0.08951426297426224,2.4126429557800293,0.5105094909667969
381,0.0001,0.11463191371876746,0.9304565793109126,0.5108987396726241,0.6805072755011367,0.8019197092983994,40.02001762390137,0.12059464876074344,0.05235432484187186,0.07224729808513075,0.12598949042148888,0.12059464876074344,0.5890473206527531,0.1537656537615336,0.3169827449780244,0.07280626537708136,0.1146979856949586,0.1537656537615336,0.5379658598166246,1.228318214416504,1.1229273080825806,1.5803587436676025,1.3138638734817505,1.3726353645324707,0.8809045553207397,1.1227854490280151,2.914545774459839,0.6774981021881104,0.08942318707704544,2.4112448692321777,0.5105758309364319
382,0.0001,0.11639852821826935,0.9300739983233823,0.5191320441090144,0.6808867479945794,0.8021241727462695,40.734517097473145,0.12243190937442705,0.05354245810303837,0.07251430168980733,0.12467952456790954,0.12243190937442705,0.5842372309416533,0.15376057613354463,0.3278962894701041,0.07527002692222595,0.11482076392723964,0.15376057613354463,0.5399557737203745,1.2273027896881104,1.1227771043777466,1.5806034803390503,1.3117692470550537,1.3725007772445679,0.8809313178062439,1.120516061782837,2.913463592529297,0.6775040030479431,0.08891578763723373,2.4099371433258057,0.5106228590011597
383,0.0001,0.115572574082762,0.9296990381032668,0.5105236782477452,0.6799142826745107,0.8013863401825833,39.89333367347717,0.12216900708153844,0.05329962947871536,0.07163572759600356,0.1254912499571219,0.12216900708153844,0.5795421674847603,0.15403377912365473,0.3108860256580206,0.06946592846742043,0.1160852795610061,0.15403377912365473,0.5327808086688702,1.2266334295272827,1.122397780418396,1.5808855295181274,1.3107351064682007,1.3727552890777588,0.8810967206954956,1.1199235916137695,2.910900354385376,0.6775133609771729,0.08844571560621262,2.409372091293335,0.5106260776519775
384,0.0001,0.11772853322327137,0.9284724814144171,0.5164734989404678,0.677345894202975,0.7992124253535186,39.510178565979004,0.12357517192140222,0.05398188764229417,0.07177744526416063,0.1254775645211339,0.12357517192140222,0.5846400209702551,0.15551719080943327,0.31625845736035935,0.07152461822216327,0.11589507185495816,0.15551719080943327,0.5342368263464707,1.2259117364883423,1.122090458869934,1.5811123847961426,1.3094617128372192,1.3724192380905151,0.8812257647514343,1.1188225746154785,2.907015323638916,0.6776641011238098,0.088408924639225,2.408853769302368,0.5106813907623291
385,0.0001,0.11517058871686459,0.9310814931976387,0.5212075123420128,0.6773764003252947,0.7985284301001423,40.674150705337524,0.12259428552351892,0.05207844145479612,0.0707433886709623,0.12568326166365296,0.12259428552351892,0.5813701339066029,0.16329096203240065,0.2983367244784649,0.05759074865625455,0.11583811491727829,0.16329096203240065,0.5073592360203083,1.2254140377044678,1.1220444440841675,1.5813945531845093,1.309721827507019,1.3735860586166382,0.881269633769989,1.1179901361465454,2.9062676429748535,0.6776513457298279,0.08875566720962524,2.407898426055908,0.5106502771377563
386,0.0001,0.11211469362024218,0.9322172674945893,0.5192313859095941,0.6815593874105346,0.8020654673131572,40.478970766067505,0.12237632239703089,0.050473633280489594,0.07219823071500286,0.12623035558499396,0.12237632239703089,0.5864724614657462,0.1546407016997154,0.31860379628263985,0.0683812473828976,0.1168532221363141,0.1546407016997154,0.540135356096121,1.224301815032959,1.1217173337936401,1.5817642211914062,1.3083643913269043,1.3725296258926392,0.881367564201355,1.1151721477508545,2.904489517211914,0.6778672933578491,0.08890140056610107,2.4066545963287354,0.510810911655426
387,0.0001,0.11450015858281404,0.9301122691585864,0.5178989033286389,0.6780022826834767,0.7989855091147342,40.11434769630432,0.12126695702318102,0.05333295383024961,0.07184507173951715,0.12561612739227712,0.12126695702318102,0.5827760989777744,0.1558033927128865,0.31837644044023294,0.06817416067306813,0.11594981975280322,0.1558033927128865,0.5297433192913349,1.2231643199920654,1.121827483177185,1.5819884538650513,1.3084936141967773,1.3720000982284546,0.8815030455589294,1.1144551038742065,2.903762102127075,0.6778838038444519,0.088487409055233,2.405473470687866,0.5108210444450378
388,0.0001,0.11413147929124534,0.9311359151424266,0.5218005299568176,0.6763852880516789,0.7981396641244637,38.311156034469604,0.12339148134924471,0.05242271505994722,0.07116743287770078,0.12704890908207744,0.12339148134924471,0.5813055657781661,0.1550371595300161,0.32112773914749804,0.06954092434965647,0.11554203973366664,0.1550371595300161,0.5367230323644785,1.222962737083435,1.1217302083969116,1.5822818279266357,1.308167576789856,1.3728388547897339,0.881673276424408,1.1149001121520996,2.902294874191284,0.6778801083564758,0.08781292289495468,2.4040589332580566,0.5108652710914612
389,0.0001,0.11489274608902633,0.9307018584774296,0.5173779709981038,0.6746670303917607,0.797114426918494,40.12954831123352,0.11951207590755075,0.051717783440835774,0.07110390620073304,0.12688860576599836,0.11951207590755075,0.5971210184507072,0.15801673806630648,0.30796258552716327,0.06420657955683194,0.11546074770964108,0.15801673806630648,0.5216857561698327,1.2223377227783203,1.121285080909729,1.5824743509292603,1.3083457946777344,1.3720121383666992,0.8817823529243469,1.1133675575256348,2.9000608921051025,0.6779613494873047,0.08707956224679947,2.403573989868164,0.5110456347465515
390,0.0001,0.116030054516159,0.9286836072015454,0.5233054793798007,0.6741206422942694,0.7969760287934687,38.705626487731934,0.12176392425317317,0.05329610174521804,0.07231538777705282,0.12537363450974226,0.12176392425317317,0.5778498761355877,0.1540918010358627,0.3251420252598249,0.07348573574653039,0.11559144258499146,0.1540918010358627,0.5431198560274564,1.2215533256530762,1.1210089921951294,1.5827128887176514,1.306766152381897,1.3718132972717285,0.8818682432174683,1.1132210493087769,2.898043632507324,0.6780226230621338,0.08622691035270691,2.4010891914367676,0.5109999179840088
391,0.0001,0.11522255081217736,0.9311768380299497,0.5162712789498842,0.6777536332408031,0.7991464626839146,39.038469552993774,0.1229292182251811,0.05266277550254017,0.0706852413713932,0.12636914697941393,0.1229292182251811,0.5781824749428779,0.1605003909422801,0.2979555369569705,0.05871495656096018,0.11874002653818864,0.1605003909422801,0.5093093587802007,1.2211204767227173,1.1206681728363037,1.5829519033432007,1.3050271272659302,1.371267557144165,0.8819990754127502,1.112605333328247,2.896131992340088,0.6777769327163696,0.08587725460529327,2.398810625076294,0.5110041499137878
392,0.0001,0.11496177897788584,0.929344881766595,0.5112226251226205,0.6802279608876608,0.8002003058315189,40.39147186279297,0.12168510560877621,0.05309458769625053,0.07172934210393578,0.12422646523918957,0.12168510560877621,0.576282287016511,0.15855637995096353,0.30223537385463717,0.06082442497404722,0.11705448902570284,0.15855637995096353,0.519006949204665,1.2204604148864746,1.1202771663665771,1.5832033157348633,1.304531216621399,1.3711676597595215,0.8822411298751831,1.1106375455856323,2.8954601287841797,0.6778594851493835,0.08570515364408493,2.3975465297698975,0.5110105276107788
393,0.0001,0.11233934690244496,0.9334529964819979,0.5133085235953331,0.678636713495434,0.7995300785334565,40.59421992301941,0.1198886800557375,0.05109583033481613,0.07149738114094362,0.1264387050177902,0.1198886800557375,0.5932063474319875,0.16198772134689185,0.29486543536186216,0.0564947526042278,0.1177758378478197,0.16198772134689185,0.5091353939129756,1.219586730003357,1.1197714805603027,1.5834839344024658,1.30282723903656,1.3702956438064575,0.8824276924133301,1.1097135543823242,2.8933088779449463,0.6777121424674988,0.08522132784128189,2.39704966545105,0.510993480682373
394,0.0001,0.11249888257589191,0.9326275549461231,0.5192776920703741,0.6785617978669006,0.8001941200130657,38.696691274642944,0.11950710008386523,0.05175626525306143,0.07189906795974821,0.1256127062952146,0.11950710008386523,0.5910203014500439,0.15498621956660197,0.32183419288350984,0.0720597356557846,0.11375579960071124,0.15498621956660197,0.5360468112505399,1.2187409400939941,1.1196351051330566,1.5838470458984375,1.3026162385940552,1.370086908340454,0.8824969530105591,1.1094335317611694,2.8918888568878174,0.6775158643722534,0.08468177169561386,2.395673990249634,0.5110556483268738
395,0.0001,0.11297570657916367,0.930837074335247,0.5189843431115151,0.6745832780071334,0.7969993494979312,40.7846462726593,0.11943181598326191,0.05161044263513759,0.07121208205353469,0.12514237873256207,0.11943181598326191,0.5986325913108885,0.1563341662574273,0.3159478412224696,0.06637010800723846,0.11444484706108386,0.1563341662574273,0.5214734040773832,1.217660903930664,1.119362711906433,1.5840564966201782,1.3022727966308594,1.3694249391555786,0.8825712203979492,1.1088566780090332,2.8897080421447754,0.677635133266449,0.08474326133728027,2.3924410343170166,0.5111090540885925
396,0.0001,0.11543886153958738,0.9290446165492142,0.5150264102679033,0.6784052299296777,0.7999228050703842,39.2847466468811,0.12107662245398387,0.0523053236247506,0.07032017240999267,0.12702946190256625,0.12107662245398387,0.5926753622479737,0.1570011292799161,0.31608529010644326,0.06860943307670263,0.11673003205886254,0.1570011292799161,0.5217959403991699,1.2169945240020752,1.1192951202392578,1.5842595100402832,1.301414966583252,1.3688101768493652,0.8827467560768127,1.1081918478012085,2.888345718383789,0.6777822971343994,0.0844927728176117,2.3923985958099365,0.5109859704971313
397,0.0001,0.11183687951415777,0.933622729357482,0.5161154079895753,0.6764687224871746,0.7983374473237043,39.763166427612305,0.1188429476460442,0.05118200302240439,0.07028054865077138,0.12618044496048242,0.1188429476460442,0.5963145769201219,0.1554145176250201,0.32060428766103893,0.07306837691710545,0.1153612215931599,0.1554145176250201,0.5358843574157128,1.2162487506866455,1.1189234256744385,1.584542155265808,1.300498366355896,1.367982268333435,0.8828677535057068,1.1081324815750122,2.886125087738037,0.6778649091720581,0.08350460231304169,2.3906631469726562,0.5109462738037109
398,0.0001,0.11072317347861826,0.9342898488143853,0.5119831942594968,0.676645322762923,0.7987139358111011,41.45144963264465,0.12091173324733973,0.050124204775784165,0.07229016546625644,0.12517539761029184,0.12091173324733973,0.5868686977773905,0.1584458039357112,0.30679297000169753,0.06527781561017036,0.11563791254392038,0.1584458039357112,0.5154743634737455,1.2148332595825195,1.1186026334762573,1.5849000215530396,1.2981573343276978,1.3673230409622192,0.8828686475753784,1.1079163551330566,2.8844964504241943,0.6779002547264099,0.08349161595106125,2.389512538909912,0.5109118223190308
399,0.0001,0.1139637342421338,0.9310811771596843,0.5170688037688915,0.6776535442910692,0.799191246014692,38.72312068939209,0.12291760003427044,0.05179137043887749,0.07146640261635184,0.125988238141872,0.12291760003427044,0.5814332622103393,0.155062256868069,0.31055679951722803,0.06505109381217222,0.11554817477097878,0.155062256868069,0.529277961070721,1.214186668395996,1.118342638015747,1.5851449966430664,1.296563744544983,1.3667582273483276,0.8830281496047974,1.1072618961334229,2.8825738430023193,0.6779407262802124,0.08342953026294708,2.3871874809265137,0.5110247731208801
