epoch,lr,loss,iou,val_loss,val_iou,val_dice,epoch_sec,train_ctrl,train_ma_mean,train_rho_std,train_ctrl_bce,train_cell_iou,val_ctrl,val_ma_mean,val_rho_std,val_ctrl_bce,val_cell_iou
0,0.0001,0.9789818376302719,0.4478392657721538,1.0246055379058376,0.19731683770672406,0.3294764643820368,46.984171867370605,0.6930031627416611,0.49899083003401756,0.0,0.6930031627416611,0.04427784747167607,0.6931668375477646,0.4998596382863594,0.0,0.6931668375477646,0.0
1,0.0001,0.8872353211045265,0.6008151343620607,0.9897680463212909,0.5288874702733607,0.6898189041215689,10.617226362228394,0.6920238919556141,0.49808128736913204,0.0,0.6920238919556141,0.28458687476813793,0.6931632703000848,0.4997629794207486,0.0,0.6931632703000848,0.19663603694149942
2,0.0001,0.8337373286485672,0.6460158858175419,0.9679474541635225,0.5288890491943832,0.6898204305204998,10.569940090179443,0.6897851377725601,0.49632415547966957,0.0,0.6897851377725601,0.43842535838484764,0.6930201595479791,0.4984321594238281,0.0,0.6930201595479791,0.5249102070476069
3,0.0001,0.782121192663908,0.6909457837341851,0.9615745363813458,0.5288890491943832,0.6898204305204998,9.667961597442627,0.685777448117733,0.4930452685803175,0.0,0.685777448117733,0.4876314215362072,0.6928692514246161,0.49692372571338306,0.0,0.6928692514246161,0.5254799046299674
4,0.0001,0.7634551711380482,0.6947088276407204,0.9667103146061753,0.5288890491943832,0.6898204305204998,9.707512855529785,0.6800308264791965,0.48866147361695766,0.0,0.6800308264791965,0.52391098998487,0.6923912727471554,0.4938063332528779,0.0,0.6923912727471554,0.5259283374656331
5,0.0001,0.7340585254132748,0.7181259147077802,0.9323539408770475,0.5198403206604257,0.6814233026036024,9.791073322296143,0.6735571175813675,0.48293037340044975,0.0,0.6735571175813675,0.5448878668248653,0.6906733440630364,0.48745079744945874,0.0,0.6906733440630364,0.526460380265207
6,0.0001,0.7139994315803051,0.7333112370795537,0.8526049707875107,0.5679875787782097,0.722152219433634,9.790491580963135,0.665945939719677,0.4769234377890825,0.0,0.665945939719677,0.5570043418556452,0.6865203777949015,0.4818270802497864,0.0,0.6865203777949015,0.5294627176992821
7,0.0001,0.6962481215596199,0.7430601564373132,0.829664409160614,0.6030724511515122,0.7494903070182769,10.963314056396484,0.6565167494118214,0.4705662839114666,0.0,0.6565167494118214,0.583524614572525,0.6819109284516537,0.47456947601202765,0.0,0.6819109284516537,0.5372812341560017
8,0.0001,0.6750741750001907,0.7614411061778726,0.9021141348463116,0.48748429005779004,0.653697612191303,9.880009651184082,0.6470742672681808,0.4625498726963997,0.0,0.6470742672681808,0.5841073077172041,0.678018999822212,0.4717529325774222,0.0,0.678018999822212,0.5460985348080144
9,0.0001,0.680136863142252,0.7360567183592253,0.776572534532258,0.643251778716516,0.7818654176200891,11.469785690307617,0.6369914449751377,0.45556676387786865,0.0,0.6369914449751377,0.6008438318967819,0.671648357853745,0.46564762249137415,0.0,0.671648357853745,0.5556752636577144
10,0.0001,0.6545652337372303,0.7637320746896984,0.7635605642289827,0.6604301261451513,0.7923931546878638,9.666931390762329,0.6251399964094162,0.448161106556654,0.0,0.6251399964094162,0.6238961853086948,0.667310478109302,0.4574518176642331,0.0,0.667310478109302,0.555140862862269
11,0.0001,0.6358313336968422,0.7833195687744292,0.7773738991130482,0.6412759259756275,0.7793745030556039,10.26853346824646,0.6136401332914829,0.43778398260474205,0.0,0.6136401332914829,0.6178597696125507,0.6690284176306291,0.4590127088806846,0.0,0.6690284176306291,0.5560915713960474
12,0.0001,0.63235779479146,0.7760311081274228,0.7855977939836907,0.6296756245942309,0.7704710848220526,9.943416118621826,0.6033414639532566,0.43032523803412914,0.0,0.6033414639532566,0.635203406214714,0.6680920449170199,0.4441005732073928,0.0,0.6680920449170199,0.5414119850505482
13,0.0001,0.6152625195682049,0.7858319330778943,0.748644799897165,0.6712608191646517,0.7998104882110042,9.879414081573486,0.5927527397871017,0.4212671909481287,0.0,0.5927527397871017,0.6430861577391624,0.6595356970122366,0.4440508322282271,0.0,0.6595356970122366,0.5614509428992416
14,0.0001,0.6047215536236763,0.7919689654187917,0.7703549247799497,0.6276086787118952,0.766003918331814,9.635941743850708,0.5798046439886093,0.41331206262111664,0.0,0.5798046439886093,0.6532708033919334,0.6468186992587466,0.446039515914339,0.0,0.6468186992587466,0.5919433136781057
15,0.0001,0.6026787459850311,0.7836939160086838,0.7011273882605813,0.700527495084839,0.8213863768655969,9.322837829589844,0.5747200176119804,0.4060128331184387,0.0,0.5747200176119804,0.6598567087203264,0.6419219934579098,0.43562074682929297,0.0,0.6419219934579098,0.5890517135461172
16,0.0001,0.5786009021103382,0.8095217892016922,0.7095475413582542,0.691883013631335,0.814472056421289,9.327557802200317,0.5600848980247974,0.3961528576910496,0.0,0.5600848980247974,0.6655469015240669,0.6499731143315634,0.42451737143776636,0.0,0.6499731143315634,0.5588075897910378
17,0.0001,0.5725986957550049,0.8079160054218739,0.7371078657381462,0.6670909759029624,0.79707860680369,9.458685874938965,0.5496482104063034,0.38599307276308537,0.0,0.5496482104063034,0.6791759617626667,0.6333789807377439,0.43033056277217285,0.0,0.6333789807377439,0.597306616378553
18,0.0001,0.5597996823489666,0.8192124843099534,0.7382500099413323,0.6419896066889539,0.7776681859075392,9.84159255027771,0.5409232154488564,0.38042838126420975,0.0,0.5409232154488564,0.6782143414020538,0.6370045416282885,0.42098902211044775,0.0,0.6370045416282885,0.5800988972187042
19,0.0001,0.5535803623497486,0.8161763060375701,0.7910036932338368,0.5778539029189049,0.7295244200605328,9.432590246200562,0.5329826138913631,0.37165462225675583,0.0,0.5329826138913631,0.6852156147360802,0.6419016195066047,0.4266884263717767,0.0,0.6419016195066047,0.5827839627410426
20,0.0001,0.5521757155656815,0.8100624022701796,0.7906728007576682,0.6232191673646877,0.7635119805272185,9.500905275344849,0.5235007274895906,0.366074463352561,0.0,0.5235007274895906,0.6934469863772392,0.6543163295948144,0.40178700468756934,0.0,0.6543163295948144,0.5474388590364745
21,0.0001,0.5453103613108397,0.8145655564279191,0.7615295106714423,0.6415150256779166,0.7792791072807181,9.252816677093506,0.5128508377820253,0.3568891640752554,0.0,0.5128508377820253,0.6908671446144581,0.6466419498125712,0.39971593654516974,0.0,0.6466419498125712,0.5620485210057461
22,0.0001,0.5460939556360245,0.8088231722713184,0.7033254630637892,0.6866889840592797,0.8108613921317973,9.026484489440918,0.5080311950296164,0.35246510058641434,0.0,0.5080311950296164,0.6955911256372929,0.6356180942419803,0.3950367136435075,0.0,0.6356180942419803,0.5717783985715924
23,0.0001,0.532528854906559,0.8170061080107286,0.7507652116544319,0.6124596516905173,0.7591742585414976,8.990970373153687,0.4995561819523573,0.34339344687759876,0.0,0.4995561819523573,0.6922601498663425,0.6215976187677095,0.42667667161334644,0.0,0.6215976187677095,0.6150283235492129
24,0.0001,0.5298984441906214,0.8126353749438938,0.7171920899188879,0.6822852610279656,0.8083205388097436,9.055843591690063,0.49109734781086445,0.34046080708503723,0.0,0.49109734781086445,0.7092750407755375,0.6468939022584395,0.3569187287128333,0.0,0.6468939022584395,0.5531756299914736
25,0.0001,0.5135290808975697,0.8272363149577037,0.7023853894435999,0.6716210832360426,0.79974946564512,10.172091245651245,0.48303210735321045,0.32981114834547043,0.0,0.48303210735321045,0.70541612803936,0.6108379689129916,0.3882909128160188,0.0,0.6108379689129916,0.6049405426690073
26,0.0001,0.5050749350339174,0.8302173118057355,0.6618770920869076,0.7139548391718659,0.8319477389871678,9.507319450378418,0.4728848934173584,0.32585793547332287,0.0,0.4728848934173584,0.7181165218353271,0.5911048524307482,0.38450031569509796,0.0,0.5911048524307482,0.6317007622935555
27,0.0001,0.5059044975787401,0.8235366689102993,0.6540783137986155,0.7131629289210393,0.8299330141595004,9.301061391830444,0.4686177186667919,0.31930308416485786,0.0,0.4686177186667919,0.7169238738715649,0.6051198316342903,0.3682268460591634,0.0,0.6051198316342903,0.6026673804629933
28,0.0001,0.48455109260976315,0.8472798976348617,0.6805797779198849,0.6693193606546394,0.799351852791542,9.848516702651978,0.45596365071833134,0.3099450096487999,0.0,0.45596365071833134,0.7334857434034348,0.6009148160616556,0.36276311043537024,0.0,0.6009148160616556,0.6043216080376597
29,0.0001,0.4719861038029194,0.8509799276203402,0.7388828631603357,0.6136413479972544,0.757170196153505,9.530731201171875,0.44742278195917606,0.3060960602015257,0.0,0.44742278195917606,0.7387960031628609,0.5970664042415041,0.3692975026188475,0.0,0.5970664042415041,0.6132268688895486
30,0.0001,0.4769231453537941,0.8423034289444878,0.7420492208365238,0.6371198199713455,0.7728575706696837,9.7282235622406,0.4456370212137699,0.30142510682344437,0.0,0.4456370212137699,0.7346594259142876,0.6377483895330718,0.32757786096948566,0.0,0.6377483895330718,0.5567460999344335
31,0.0001,0.4859864693135023,0.8247871900592865,0.7075030839804447,0.6578535792692799,0.7898036660802684,10.37138819694519,0.44616014137864113,0.2968185059726238,0.0,0.44616014137864113,0.7234963737428188,0.6074084693735297,0.32641629829551233,0.0,0.6074084693735297,0.5820319047479918
32,0.0001,0.4800531454384327,0.8290617848524608,0.6655488321275422,0.6867020859192687,0.8099261964870624,10.006222009658813,0.43208353966474533,0.28886061161756516,0.0,0.43208353966474533,0.739963173866272,0.6279330596779332,0.3200305032007622,0.0,0.6279330596779332,0.5644834980820165
33,0.0001,0.4642148055136204,0.844339656785297,0.7031457604783954,0.6593828226694638,0.7907217492167605,9.459108352661133,0.4338334184139967,0.28576796501874924,0.0,0.4338334184139967,0.7381088212132454,0.5845450596375898,0.3198765967831467,0.0,0.5845450596375898,0.6066380495374853
34,0.0001,0.45754751935601234,0.8461360891021225,0.6639352531144114,0.6924296170937847,0.8144289733552986,10.223205804824829,0.43090186826884747,0.2804749831557274,0.0,0.43090186826884747,0.7319383174180984,0.5975686998078318,0.3351842219179327,0.0,0.5975686998078318,0.5947139010284886
35,0.0001,0.44443073868751526,0.8511553718367305,0.7065766074440696,0.6566040443206108,0.7876723340942801,12.798585176467896,0.414425415918231,0.27525461092591286,0.0,0.414425415918231,0.7531076706945896,0.5955348123203624,0.3144804329583139,0.0,0.5955348123203624,0.5948158990253102
36,0.0001,0.43924403190612793,0.8567437181704798,0.6730055194912534,0.6891339649816977,0.8127497566506344,11.91646671295166,0.4095113594084978,0.2705447692424059,0.0,0.4095113594084978,0.7504150941967964,0.6385742010492267,0.2900801996390025,0.0,0.6385742010492267,0.5613828138871626
37,0.0001,0.4527418203651905,0.8417372798622956,0.7462894446922071,0.637367500026241,0.7731697251703962,11.950244188308716,0.41974817030131817,0.2672349475324154,0.0,0.41974817030131817,0.7341664582490921,0.6551258979421674,0.2926073200774915,0.0,0.6551258979421674,0.5591413315498468
38,0.0001,0.4539580289274454,0.833400884143647,0.6824184294902917,0.6719219488260788,0.7997151136727537,12.162169218063354,0.4152100123465061,0.26881756633520126,0.0,0.4152100123465061,0.7381443381309509,0.6391577431649873,0.2612237993514899,0.0,0.6391577431649873,0.5669238422856187
39,0.0001,0.4485928397625685,0.8354357983931843,0.6941075361136234,0.6550310689163926,0.7867063846569478,12.273605346679688,0.4090458396822214,0.25668145809322596,0.0,0.4090458396822214,0.7402224950492382,0.5591556610483112,0.3252234422799313,0.0,0.5591556610483112,0.626930010138136
40,0.0001,0.4280184153467417,0.8538212030084135,0.7808270219600562,0.547726327768961,0.7060625769155306,12.68218207359314,0.3974030166864395,0.2566722808405757,0.0,0.3974030166864395,0.755084041506052,0.5728903755997167,0.326057928981203,0.0,0.5728903755997167,0.6188283011768804
41,0.0001,0.41947924345731735,0.8596367602895876,0.7404052777723833,0.6115170602635742,0.7537478440790363,13.023742914199829,0.3924140390008688,0.24918290227651596,0.0,0.3924140390008688,0.7524490766227245,0.5789574348565304,0.2945075649203676,0.0,0.5789574348565304,0.5976571792905981
42,0.0001,0.4358332194387913,0.8399940157556521,0.6312737934517137,0.7022290450149216,0.822320379467217,15.01807713508606,0.4030970651656389,0.254348523914814,0.0,0.4030970651656389,0.7452478893101215,0.5822520219918453,0.2571686894604654,0.0,0.5822520219918453,0.6029334194732435
43,0.0001,0.4158230796456337,0.8538985694736649,0.5922229904117007,0.7284138461691544,0.8392685702062278,12.107855319976807,0.3839918989688158,0.2456811685115099,0.0,0.3839918989688158,0.7650957405567169,0.539788589333043,0.3050104740894202,0.0,0.539788589333043,0.6413278182347616
44,0.0001,0.4194739982485771,0.8488782746570409,0.627862420949069,0.7055959151306366,0.8249524835247453,10.914922952651978,0.3821832351386547,0.24158058501780033,0.0,0.3821832351386547,0.7602915242314339,0.5520343256719185,0.3096156391230496,0.0,0.5520343256719185,0.6332776672912367
45,0.0001,0.4235776774585247,0.8465074564675016,0.7067531311150753,0.631687940802191,0.7707808938727454,10.782090425491333,0.3929139282554388,0.24063822627067566,0.0,0.3929139282554388,0.7504281587898731,0.5509916218844327,0.2978278398513794,0.0,0.5509916218844327,0.6283830684242826
46,0.0001,0.40427871607244015,0.8586009173877188,0.6072829456040354,0.7257452959772271,0.8372950565516741,11.457343578338623,0.3755560517311096,0.23658131808042526,0.0,0.3755560517311096,0.7653620503842831,0.5883490461291689,0.2537663804762291,0.0,0.5883490461291689,0.6046719533024412
47,0.0001,0.40723589435219765,0.8551630600748017,0.588245917450298,0.7469875967984084,0.8532376409384348,12.124002695083618,0.37782001681625843,0.23379063326865435,0.0,0.37782001681625843,0.7619653791189194,0.5670269980575099,0.27050311863422394,0.0,0.5670269980575099,0.6165369469108004
48,0.0001,0.41643058881163597,0.8409229528110991,0.6636289755503336,0.6908502302879675,0.8149034122457819,12.699896097183228,0.3737905900925398,0.23048828076571226,0.0,0.3737905900925398,0.764436062425375,0.6140919996030403,0.27373902183590515,0.0,0.6140919996030403,0.5899038125168193
49,0.0001,0.39788974449038506,0.8571336886536217,0.7938200813351255,0.6131963367260911,0.7578991667027215,11.860434532165527,0.3678413163870573,0.2275754613801837,0.0,0.3678413163870573,0.7665389776229858,0.7318862279256185,0.21631719036535782,0.0,0.7318862279256185,0.5439473426703251
50,0.0001,0.38775391690433025,0.8641114477577336,0.6262914339701334,0.7087171390728876,0.8261783450961824,11.229222297668457,0.3610083945095539,0.22416902333498,0.0,0.3610083945095539,0.7764236070215702,0.5736154064987645,0.26382921500639483,0.0,0.5736154064987645,0.6098251315680417
51,0.0001,0.37612891383469105,0.8745651187378984,0.6112788753076033,0.7208680468007538,0.83448039002247,12.470403909683228,0.35446217469871044,0.22003228683024645,0.0,0.35446217469871044,0.7835832498967648,0.5890892491196141,0.25091254575686023,0.0,0.5890892491196141,0.600130072145751
52,0.0001,0.37783119082450867,0.8668965120955038,0.6222228931658196,0.6968890798376535,0.8166236424862026,12.863158702850342,0.3532587382942438,0.21610222570598125,0.0,0.3532587382942438,0.7734047658741474,0.5399955402721058,0.26429624449123035,0.0,0.5399955402721058,0.636905621398579
53,0.0001,0.37557890824973583,0.8690459262962134,0.5764056751222322,0.7354032669135098,0.8443032598804431,14.200197696685791,0.361139303073287,0.21731751412153244,0.0,0.361139303073287,0.7677132822573185,0.5427023208502567,0.262570321559906,0.0,0.5427023208502567,0.6303911886431954
54,0.0001,0.38148898631334305,0.8623906732759381,0.5673913305455988,0.7374776025406771,0.8459096778502706,11.987094402313232,0.35723658464848995,0.2157743088901043,0.0,0.35723658464848995,0.7752981334924698,0.4907096985614661,0.26145411802060675,0.0,0.4907096985614661,0.6684616415789633
55,0.0001,0.36700141429901123,0.8704481279929381,0.55662001804872,0.7405558501281603,0.8482112832610342,11.671558618545532,0.34815765358507633,0.2100619664415717,0.0,0.34815765358507633,0.7797761335968971,0.5055740529840643,0.25877780173764087,0.0,0.5055740529840643,0.6542416829051394
56,0.0001,0.37360917404294014,0.8645444991012515,0.7042083451242158,0.6222933368467289,0.7610788149734372,11.621169328689575,0.35136581771075726,0.20914740301668644,0.0,0.35136581771075726,0.7780591063201427,0.5389580365383264,0.26496382734992285,0.0,0.5389580365383264,0.6350376452460433
57,0.0001,0.3879730124026537,0.8565555206465024,0.6097942175287189,0.7060845403502761,0.8233536238943663,12.291998863220215,0.3575659655034542,0.2077798843383789,0.0,0.3575659655034542,0.7723793759942055,0.5419314991344105,0.2422824903871074,0.0,0.5419314991344105,0.635083586880655
58,0.0001,0.36291962303221226,0.8677154915618916,0.5518982085314664,0.7413078291424139,0.8486170758113117,11.387942552566528,0.34582870453596115,0.2063673511147499,0.0,0.34582870453596115,0.7798486687242985,0.5008205464391997,0.2526127298672994,0.0,0.5008205464391997,0.6597985245964744
59,0.0001,0.3625366073101759,0.8700543190822209,0.6073926055070126,0.708968894029064,0.8258381527464932,12.129916906356812,0.34781951643526554,0.20527855586260557,0.0,0.34781951643526554,0.7754429094493389,0.5708630789409984,0.2313161329789595,0.0,0.5708630789409984,0.6113137160286759
60,0.0001,0.35794163681566715,0.8722126818375299,0.494552366661303,0.7844087459069338,0.8775273880748075,12.008903980255127,0.3439140301197767,0.20316889602690935,0.0,0.3439140301197767,0.7784701026976109,0.47519136197639233,0.2497694194316864,0.0,0.47519136197639233,0.6833626158309706
61,0.0001,0.34913696348667145,0.878564410925421,0.561808401888067,0.7307395018637944,0.8415306370978785,13.290345907211304,0.34118833392858505,0.20119752921164036,0.0,0.34118833392858505,0.7838539890944958,0.5040150772441517,0.2467083637461518,0.0,0.5040150772441517,0.6559258265928789
62,0.0001,0.33850565738976,0.8853002269750695,0.5422956546147665,0.7431190693824644,0.8498320085991873,13.078577995300293,0.32996146380901337,0.19791663996875286,0.0,0.32996146380901337,0.7941194698214531,0.4935644973408092,0.23982314720298303,0.0,0.4935644973408092,0.6638114127245817
63,0.0001,0.3443000428378582,0.8763529404015649,0.5323058728015784,0.7519895804071928,0.8561691091085653,12.666181325912476,0.32842898555099964,0.1938335094600916,0.0,0.32842898555099964,0.7947083041071892,0.49961827740524756,0.2516131446217046,0.0,0.49961827740524756,0.6632059424212484
64,0.0001,0.3318702522665262,0.8846230575630325,0.5276350360928159,0.7510323980470957,0.8553847607013805,12.41629695892334,0.32346065528690815,0.19098929408937693,0.0,0.32346065528690815,0.7949806787073612,0.4980790308027556,0.23949991663297018,0.0,0.4980790308027556,0.6594487816998453
65,0.0001,0.33404689468443394,0.8838207228898998,0.5047706004345056,0.7663372734543625,0.8655074059004146,11.51559042930603,0.33043075166642666,0.19393120519816875,0.0,0.33043075166642666,0.789139524102211,0.5003511508305868,0.2153662826978799,0.0,0.5003511508305868,0.6571805088809042
66,0.0001,0.3347032945603132,0.8798799393875107,0.5512122349305586,0.7229771464751606,0.8374725503399969,12.647404909133911,0.32532052509486675,0.187388826161623,0.0,0.32532052509486675,0.7929894030094147,0.4626628052104603,0.23952811911250604,0.0,0.4626628052104603,0.6914559918822665
67,0.0001,0.3317670561373234,0.8815646662775205,0.5666520342682347,0.7395622933841477,0.8463454785098148,11.20279335975647,0.32123250141739845,0.18540032487362623,0.0,0.32123250141739845,0.7934438176453114,0.5463681437752463,0.22832545638084412,0.0,0.5463681437752463,0.6283197375861082
68,0.0001,0.3206355292350054,0.8868715160013146,0.542907947843725,0.7419730301868973,0.848546600783738,11.209552526473999,0.3190945852547884,0.1859413804486394,0.0,0.3190945852547884,0.795210886746645,0.5097440228317723,0.21915073467023444,0.0,0.5097440228317723,0.6500758519678405
69,0.0001,0.3347811698913574,0.8730229248082643,0.5843521320458614,0.7237941102036654,0.8365229746444929,11.040647506713867,0.32420231215655804,0.18458904046565294,0.0,0.32420231215655804,0.7901735715568066,0.5786765163595026,0.21027159781167,0.0,0.5786765163595026,0.6162807128646157
70,0.0001,0.3308360055088997,0.8778746022637349,0.5398469711794998,0.7466576251631062,0.8528004510244928,12.709146499633789,0.3266401942819357,0.1829845393076539,0.0,0.3266401942819357,0.7910536229610443,0.512765747128111,0.24686956812034955,0.0,0.512765747128111,0.655816960515398
71,0.0001,0.32885969802737236,0.8763886113372156,0.6099379062652588,0.7239619049561143,0.8370969453072825,11.31886911392212,0.32108693197369576,0.18329699616879225,0.0,0.32108693197369576,0.7953591495752335,0.6608410893064557,0.18056518065206933,0.0,0.6608410893064557,0.5871429786537633
72,0.0001,0.3223532121628523,0.8787835389882616,0.5264236674164281,0.7591175157195519,0.860731099290681,11.022479772567749,0.3182991836220026,0.1807355424389243,0.0,0.3182991836220026,0.7972018048167229,0.5384657635833278,0.1955888451951923,0.0,0.5384657635833278,0.641640333515225
73,0.0001,0.3216118589043617,0.8807018850588365,0.560182744806463,0.7392619958638643,0.8471429327892249,11.350368976593018,0.32163611240684986,0.17909952159971,0.0,0.32163611240684986,0.7909370437264442,0.5767529263640895,0.21252591953133093,0.0,0.5767529263640895,0.6139072775840759
74,0.0001,0.31522231735289097,0.8835080195859015,0.5488272670543555,0.743199410186745,0.8505508650272966,11.396144151687622,0.3118391800671816,0.176892451941967,0.0,0.3118391800671816,0.8022904805839062,0.5564599597092831,0.2013134482232007,0.0,0.5564599597092831,0.6283260520660516
75,0.0001,0.3126288093626499,0.8868703736406464,0.5041109973734076,0.7510566702857463,0.8557557999114885,11.118623971939087,0.3159545846283436,0.17470408603549004,0.0,0.3159545846283436,0.7957271113991737,0.42475456902475067,0.2218520325241667,0.0,0.42475456902475067,0.7220591089942239
76,0.0001,0.3176006954163313,0.882448808418055,0.48338161273436114,0.7869456052980043,0.8798147648469601,13.910163164138794,0.3235047459602356,0.17989348899573088,0.0,0.3235047459602356,0.7904673106968403,0.5333046985395027,0.19170889935710214,0.0,0.5333046985395027,0.6411110244014047
77,0.0001,0.3147989436984062,0.8812814921505749,0.4967946103124907,0.7663057754191032,0.8665722132957154,12.31330132484436,0.3128599729388952,0.17548703774809837,0.0,0.3128599729388952,0.7985779941082001,0.4536987037369699,0.21995247132850415,0.0,0.4536987037369699,0.6982089308175173
78,0.0001,0.3088478669524193,0.8869405677495187,0.41213988174091687,0.8153112538674119,0.8969552920700856,11.901117324829102,0.3135715965181589,0.174205188639462,0.0,0.3135715965181589,0.7989654615521431,0.3981460188374375,0.18953234002445685,0.0,0.3981460188374375,0.747568712090001
79,0.0001,0.29097644053399563,0.8996966691364731,0.47024980097106006,0.7850500619630165,0.8780605629187572,12.31325888633728,0.30227676406502724,0.16846651304513216,0.0,0.30227676406502724,0.8056439198553562,0.46060377540010394,0.20818623358553107,0.0,0.46060377540010394,0.6847315647385337
80,0.0001,0.3017558101564646,0.8889778319568336,0.42755312088764075,0.8081780818167513,0.8925695074180565,13.325363397598267,0.3125966666266322,0.17000632733106613,0.0,0.3125966666266322,0.7959257327020168,0.413010936794859,0.20978909821221323,0.0,0.413010936794859,0.7312399853359569
81,0.0001,0.30069987289607525,0.8887106993628575,0.4502856839786876,0.7865544821009706,0.8786376684616904,12.869070291519165,0.307671083137393,0.17085615638643503,0.0,0.307671083137393,0.8028154894709587,0.41805970307552454,0.19212745446147342,0.0,0.41805970307552454,0.7232899945793729
82,0.0001,0.2952410392463207,0.8914365702860015,0.5225158062848178,0.7504683076101627,0.8546112973404302,13.638328790664673,0.30380832590162754,0.1684339689090848,0.0,0.30380832590162754,0.804530069231987,0.48106168978142017,0.20593823989232382,0.0,0.48106168978142017,0.6718899246418115
83,0.0001,0.30608655139803886,0.8824879002196707,0.5035069530660455,0.7672432776746603,0.8665749349468284,12.752303838729858,0.3084102123975754,0.1671024076640606,0.0,0.3084102123975754,0.8004620261490345,0.5274292736342459,0.19712469433293198,0.0,0.5274292736342459,0.6455124869491115
84,0.0001,0.29636710695922375,0.8904631473187223,0.48525538408395014,0.7824128266290413,0.8753349232298633,10.84743595123291,0.3059715311974287,0.16837998293340206,0.0,0.3059715311974287,0.8033946864306927,0.5267003594022809,0.17275080039645685,0.0,0.5267003594022809,0.6537240228869698
85,0.0001,0.31147096678614616,0.8759836858739019,0.48225329500256164,0.7586559392989077,0.8602751454484702,10.957553386688232,0.3196587394922972,0.16709812823683023,0.0,0.3196587394922972,0.7901049368083477,0.4207336830370354,0.19500269176382007,0.0,0.4207336830370354,0.7203052667054263
86,0.0001,0.31499858014285564,0.8724137954598339,0.47849731373064447,0.7712522110415262,0.8694296674606858,13.257035732269287,0.3127452367916703,0.1673697317019105,0.0,0.3127452367916703,0.7960290312767029,0.4627155896389123,0.17622537865783228,0.0,0.4627155896389123,0.6954362726572788
87,0.0001,0.3059966620057821,0.8789825321529928,0.471919753334739,0.769549322496025,0.8676772800926805,11.923741102218628,0.3103226460516453,0.16307414136826992,0.0,0.3103226460516453,0.7987745888531208,0.4253313649784435,0.1843066829623598,0.0,0.4253313649784435,0.7110523843404019
88,0.0001,0.2786056622862816,0.8989366863492491,0.5368546012676123,0.7339768495302237,0.8440245445203759,13.277343273162842,0.2975606080144644,0.16179353278130293,0.0,0.2975606080144644,0.8066051639616489,0.4781584378444787,0.20016317069530487,0.0,0.4781584378444787,0.6778754366166664
89,0.0001,0.29197937343269587,0.8890213919085834,0.4886161811424024,0.7587150128913177,0.8605384074705124,11.355753183364868,0.30409495532512665,0.16232604067772627,0.0,0.30409495532512665,0.8022123984992504,0.4193627978816177,0.18115499976909522,0.0,0.4193627978816177,0.7211440639062361
90,0.0001,0.28517952002584934,0.8914317707031201,0.47802217440171674,0.775395307631481,0.8717184324790873,12.223626375198364,0.29914839565753937,0.1614228840917349,0.0,0.29914839565753937,0.80599669739604,0.4635492382627545,0.1947178068486127,0.0,0.4635492382627545,0.687783439954122
91,0.0001,0.2713117515668273,0.9031171512576095,0.49060002782128076,0.7684586641214921,0.8653576041503115,11.975250244140625,0.2970694676041603,0.1594559634104371,0.0,0.2970694676041603,0.8113876432180405,0.4713760162844802,0.17521323760350546,0.0,0.4713760162844802,0.6825752547292998
92,0.0001,0.2721700957044959,0.9009017720498138,0.5170767126661359,0.7525103764304977,0.8554503817120804,11.786620855331421,0.2937687337398529,0.15734089352190495,0.0,0.2937687337398529,0.8112788945436478,0.4843610200014981,0.18456941617257666,0.0,0.4843610200014981,0.6729252446781505
93,0.0001,0.2767528723925352,0.8964384566548743,0.46173966111558856,0.782745758516482,0.8752389257958207,11.419018030166626,0.2977101132273674,0.15733676124364138,0.0,0.2977101132273674,0.8018056713044643,0.44665611151492957,0.1875050961971283,0.0,0.44665611151492957,0.700086258577578
94,0.0001,0.2730653751641512,0.8962542882789559,0.4409464651888067,0.7948394373365014,0.883638188656076,11.456716537475586,0.28999385610222816,0.1552304606884718,0.0,0.28999385610222816,0.811600536108017,0.42914100126786664,0.18593240055170926,0.0,0.42914100126786664,0.7140994234518572
95,0.0001,0.27263604011386633,0.8958933781599115,0.46543699502944946,0.7775921254970781,0.8730857189737841,11.43431544303894,0.2922901902347803,0.15609487425535917,0.0,0.2922901902347803,0.8087783046066761,0.44482838023792615,0.19354166316263605,0.0,0.44482838023792615,0.7046186725298563
96,0.0001,0.2638011546805501,0.9048993571892614,0.4564715623855591,0.7799828434374138,0.8745508931727992,12.06022024154663,0.28996287006884813,0.15588718559592962,0.0,0.28996287006884813,0.8175074756145477,0.4056146668665337,0.2018845325166529,0.0,0.4056146668665337,0.7395503231973359
97,0.0001,0.2740880334749818,0.8956687978666128,0.463153600692749,0.7983619732017312,0.8854884340844563,11.753670930862427,0.29913010634481907,0.1567438393831253,0.0,0.29913010634481907,0.8054131753742695,0.5274247545184512,0.16509867346648013,0.0,0.5274247545184512,0.6598026978247093
98,0.0001,0.2697848426178098,0.8993109026131464,0.38525956146644824,0.8172122967131398,0.8983681362428979,11.575831174850464,0.28938210755586624,0.1545754363760352,0.0,0.28938210755586624,0.818363606929779,0.3431515169866157,0.1806986088102514,0.0,0.3431515169866157,0.7911871057568174
99,0.0001,0.2900819852948189,0.8864099288591022,0.46848007585063123,0.777083521754776,0.8723829707890092,11.531361103057861,0.3026978000998497,0.15392233338207006,0.0,0.3026978000998497,0.8022473156452179,0.46280710805546155,0.17490360547195782,0.0,0.46280710805546155,0.6964456583514358
100,0.0001,0.2917602797970176,0.8777216036945467,0.3816893895467122,0.8188914402438386,0.898966169085752,11.628990888595581,0.30177142564207315,0.1565032508224249,0.0,0.30177142564207315,0.8009771667420864,0.3494259227405895,0.16323052301551355,0.0,0.3494259227405895,0.7821451913226735
101,0.0001,0.27346421871334314,0.8938415265434551,0.4212143908847462,0.8010620228842781,0.8879296050145832,12.205710172653198,0.29246021062135696,0.15443672612309456,0.0,0.29246021062135696,0.811555165797472,0.41925407900954736,0.19811167500235818,0.0,0.41925407900954736,0.7186712947758761
102,0.0001,0.2538113845512271,0.9064839339911891,0.41925816102461383,0.7994486840359567,0.8871763329640495,12.264569520950317,0.28066337667405605,0.14935709722340107,0.0,0.28066337667405605,0.8205775320529938,0.4009297869422219,0.1893101664203586,0.0,0.4009297869422219,0.7345542221358328
103,0.0001,0.2661872645840049,0.8964281004162036,0.4078014420740532,0.804565521371207,0.8901078830641669,13.032644033432007,0.2869834993034601,0.14853832125663757,0.0,0.2869834993034601,0.8160568289458752,0.38811430605975067,0.18076908498099356,0.0,0.38811430605975067,0.7478160713658188
104,0.0001,0.25931594520807266,0.9014736861300199,0.4413190140868678,0.7977950024797482,0.8856125830331146,13.606828212738037,0.2874098541215062,0.15153318736702204,0.0,0.2874098541215062,0.8131940811872482,0.46515902605923737,0.17745163133650116,0.0,0.46515902605923737,0.6852116070010446
105,0.0001,0.2672830317169428,0.8940869192314912,0.4552682638168335,0.7837120363930105,0.8766299685751299,13.610312223434448,0.290439210832119,0.15117791946977377,0.0,0.290439210832119,0.8069244436919689,0.4661049445470174,0.16536398954463727,0.0,0.4661049445470174,0.6953117007558997
106,0.0001,0.25883372221142054,0.9004061789491294,0.4501991452592792,0.7826764827835189,0.8755086054767388,12.85447907447815,0.28621418587863445,0.14950567949563265,0.0,0.28621418587863445,0.8137613199651241,0.4216303120959889,0.17829895290461453,0.0,0.4216303120959889,0.718125500462272
107,0.0001,0.2583064576610923,0.9012124477044815,0.45931420904217346,0.7728198464595238,0.8690851087440654,11.933625221252441,0.28578121960163116,0.14585802610963583,0.0,0.28578121960163116,0.8159827627241611,0.43031583229700726,0.17370224360263709,0.0,0.43031583229700726,0.7162540320194128
108,0.0001,0.25617188680917025,0.9029323768220734,0.3818865003007831,0.8143516700540587,0.89610545823749,12.167346000671387,0.28785085771232843,0.15105644427239895,0.0,0.28785085771232843,0.8145050369203091,0.33713426373221655,0.16269553610772797,0.0,0.33713426373221655,0.7881824518695022
109,0.0001,0.24817364010959864,0.9062129157886546,0.4240366220474243,0.7992601473041635,0.8864917309914728,11.190879821777344,0.28062807209789753,0.1442226804792881,0.0,0.28062807209789753,0.8191034235060215,0.4254925214883053,0.16127510459134073,0.0,0.4254925214883053,0.7224488881501284
110,0.0001,0.26455347426235676,0.8975718931024876,0.43737410776542895,0.7885935806924282,0.8798721424823812,11.83952283859253,0.2829118948429823,0.1437790933996439,0.0,0.2829118948429823,0.8184522986412048,0.417839861277378,0.15988130867481232,0.0,0.417839861277378,0.7241943857886575
111,0.0001,0.2538499319925904,0.9009811289659572,0.39685265945665765,0.8121541940111466,0.8946511517166229,11.914198398590088,0.2805092856287956,0.14434584509581327,0.0,0.2805092856287956,0.8197177015244961,0.3843280058918577,0.1676931128357396,0.0,0.3843280058918577,0.7489540414376692
112,0.0001,0.24921371787786484,0.902162842016741,0.3953907580086679,0.8119715029051845,0.8931898202436775,11.421430349349976,0.27563969604671,0.14307501539587975,0.0,0.27563969604671,0.8227297179400921,0.35902862837820343,0.1704572457255739,0.0,0.35902862837820343,0.771173403118596
113,0.0001,0.2447276534512639,0.9047420727041392,0.44751452857797797,0.799819401070141,0.8861343506777717,12.77680253982544,0.2739805057644844,0.14311044197529554,0.0,0.2739805057644844,0.8261980824172497,0.4955858823024865,0.15982738814570688,0.0,0.4955858823024865,0.6794661726012374
114,0.0001,0.2646423941478133,0.8951235286443757,0.4282800248174956,0.7878322315522492,0.8789371930290212,11.519863605499268,0.2965288609266281,0.14711878262460232,0.0,0.2965288609266281,0.812950924038887,0.35953458872708405,0.1813046968344486,0.0,0.35953458872708405,0.777198213519472
115,0.0001,0.2533145984634757,0.8986622490210765,0.5127531904162783,0.7571903679559989,0.8588428652470741,12.34120774269104,0.28331748861819506,0.1430139308795333,0.0,0.28331748861819506,0.8151151724159718,0.506879777619333,0.16778135389992685,0.0,0.506879777619333,0.6686272548906731
116,0.0001,0.25983582716435194,0.8928260696221746,0.4780668887225064,0.7655895427375516,0.8641001869277974,11.339929103851318,0.28725787065923214,0.145856361836195,0.0,0.28725787065923214,0.8137618377804756,0.45964841770403314,0.17393096107425113,0.0,0.45964841770403314,0.6951154018893386
117,0.0001,0.2423820085823536,0.9053066192182182,0.4333612015753081,0.7824142996789232,0.8749047222011778,11.635373830795288,0.2721974952146411,0.1406745035201311,0.0,0.2721974952146411,0.8249919973313808,0.39263832569122314,0.1688429523598064,0.0,0.39263832569122314,0.7414648261937228
118,0.0001,0.25963170267641544,0.8957602231811949,0.3744751720717459,0.8128264916170548,0.8945413581141294,12.586634635925293,0.2938045272603631,0.1430460400879383,0.0,0.2938045272603631,0.8078756555914879,0.3331330490834785,0.16097686552640164,0.0,0.3331330490834785,0.7811510346152566
119,0.0001,0.23573904391378164,0.908004343199718,0.37009375203739514,0.8204314883889184,0.8991917686774252,14.119467735290527,0.2707686871290207,0.14160328544676304,0.0,0.2707686871290207,0.8269028998911381,0.342810616348729,0.17193194591637814,0.0,0.342810616348729,0.7850715752803918
120,0.0001,0.23526509944349527,0.908469400486229,0.40978100986191723,0.799517301308539,0.886270115593954,11.722037076950073,0.2725450284779072,0.13913239259272814,0.0,0.2725450284779072,0.8270876184105873,0.3789387616244229,0.16272912151885754,0.0,0.3789387616244229,0.7487279854037545
121,0.0001,0.2305087922140956,0.9132959443713901,0.37763599193457403,0.8210694678262577,0.9000668203528649,10.897102355957031,0.26832778565585613,0.13992786034941673,0.0,0.26832778565585613,0.8291750736534595,0.3672456380092736,0.16345400250319278,0.0,0.3672456380092736,0.7618598161321698
122,0.0001,0.2305607609450817,0.9124442112326961,0.3905026569510951,0.8178797973514648,0.8976376443159013,13.198075771331787,0.2741717780008912,0.1381180272437632,0.0,0.2741717780008912,0.8271605595946312,0.381272503823945,0.16160390684098908,0.0,0.381272503823945,0.7540270017855095
123,0.0001,0.22597922943532467,0.9145185727480695,0.39160261551539105,0.8167768218698992,0.8967109871688073,11.43781042098999,0.26682074181735516,0.13857628405094147,0.0,0.26682074181735516,0.8295870795845985,0.3943488290815642,0.16052865440195258,0.0,0.3943488290815642,0.7374359062223723
124,0.0001,0.22883333079516888,0.9117234250739743,0.3911686304843787,0.8118072298226372,0.8942596007817498,10.906125545501709,0.268246928229928,0.1356206340715289,0.0,0.268246928229928,0.8270408473908901,0.36300681937824597,0.1728716790676117,0.0,0.36300681937824597,0.7661226409854311
125,0.0001,0.2257450744509697,0.9137144313403761,0.4007463473262209,0.8111395218972046,0.8935719853150953,11.27731204032898,0.27058100886642933,0.13967203348875046,0.0,0.27058100886642933,0.8266320042312145,0.4019703142570727,0.15641362739331793,0.0,0.4019703142570727,0.7407365098144069
126,0.0001,0.23266542423516512,0.9100211109977274,0.3853310454975475,0.8106377573362056,0.8936673578259376,11.560302495956421,0.2723461324349046,0.1364269284531474,0.0,0.2723461324349046,0.8242848478257656,0.36504167318344116,0.16223431220560364,0.0,0.36504167318344116,0.7626456889239225
127,0.0001,0.22614395804703236,0.9121438169041631,0.37929830406651355,0.8207122454342411,0.8992320652401578,11.196307897567749,0.2654503369703889,0.13580623967573047,0.0,0.2654503369703889,0.8301907703280449,0.37104652144692163,0.16124176979064941,0.0,0.37104652144692163,0.75938265432011
128,0.0001,0.22731904964894056,0.9114270542970079,0.36332444349924725,0.8213465778197859,0.9002547978718813,11.656595945358276,0.26757663022726774,0.13642322970554233,0.0,0.26757663022726774,0.8302004858851433,0.3327746337110346,0.1690621403130618,0.0,0.3327746337110346,0.7926326502453197
129,0.0001,0.2207512641325593,0.9164812405617726,0.3866483478835135,0.821731525679452,0.9003666450213298,10.95908808708191,0.26517245825380087,0.13374029053375125,0.0,0.26517245825380087,0.830348301678896,0.41419009187004785,0.159857326836297,0.0,0.41419009187004785,0.7254048685232798
130,0.0001,0.2282118909060955,0.9102430656102152,0.36763947118412366,0.8241113230395973,0.9015959926828141,11.254047632217407,0.26852297224104404,0.13651214074343443,0.0,0.26852297224104404,0.8261404521763325,0.3523352019714587,0.15510897835095724,0.0,0.3523352019714587,0.772457115577929
131,0.0001,0.22298608347773552,0.9132916342771124,0.38118136290347937,0.8171661210471262,0.8979466857135958,12.046021461486816,0.2655747840180993,0.13490091869607568,0.0,0.2655747840180993,0.8290612138807774,0.36216186754631274,0.15970602767034012,0.0,0.36216186754631274,0.7658048868179321
132,0.0001,0.23673168011009693,0.9070911836731839,0.3712461970069192,0.8166267100257169,0.8978627169587444,13.236172199249268,0.2784483144059777,0.13791496213525534,0.0,0.2784483144059777,0.8218844756484032,0.36106336839271314,0.14900770422184106,0.0,0.36106336839271314,0.7684437343568513
133,0.0001,0.22358981147408485,0.9134510026528919,0.3872539617798545,0.8174718894734524,0.8984995804734325,13.015332221984863,0.26854709908366203,0.13481677137315273,0.0,0.26854709908366203,0.8289638087153435,0.3916099721735174,0.159753090504444,0.0,0.3916099721735174,0.7453289339036653
134,0.0001,0.22282381355762482,0.9132024137368413,0.3807035034353083,0.8115948478812249,0.8937889655944886,12.534826755523682,0.2667983453720808,0.13369520287960768,0.0,0.2667983453720808,0.8313860222697258,0.34197154912081634,0.15945053777911447,0.0,0.34197154912081634,0.7819617119702426
135,0.0001,0.21866919100284576,0.9149585869675406,0.39976510495850537,0.8117453299077633,0.8943739595915787,11.776076078414917,0.2657745759934187,0.13187140133231878,0.0,0.2657745759934187,0.829824436455965,0.43344655181422376,0.15698474645614624,0.0,0.43344655181422376,0.718341687411973
136,0.0001,0.22358440048992634,0.9129323788924372,0.3617752230528629,0.8276058687367178,0.9045094953651325,11.038020372390747,0.27440681494772434,0.13656560378149152,0.0,0.27440681494772434,0.8211917877197266,0.3574927629846515,0.15399345033096545,0.0,0.3574927629846515,0.7671884063518408
137,0.0001,0.21935392916202545,0.9150143409668587,0.3479615666649558,0.8336531796188722,0.9078958606925998,11.34070897102356,0.2698592310771346,0.13407995412126184,0.0,0.2698592310771346,0.8265828713774681,0.34454855051907624,0.15832038314053506,0.0,0.34454855051907624,0.7799363280787612
138,0.0001,0.2217985987663269,0.9117727976292644,0.3890932852571661,0.8172333437724869,0.8984961209636552,11.66232442855835,0.2668077563866973,0.13358207466080785,0.0,0.2668077563866973,0.8274253495037556,0.4010818293600371,0.16478480624430109,0.0,0.4010818293600371,0.7364918029669559
139,0.0001,0.22085066232830286,0.9118365736441986,0.35457742936683423,0.8278861481868227,0.90437910175136,12.694711208343506,0.2674564588814974,0.13173472974449396,0.0,0.2674564588814974,0.8270928300917149,0.34521834416822955,0.14720947272849805,0.0,0.34521834416822955,0.7817909139575381
140,0.0001,0.22644945699721575,0.907435953827704,0.35071458238543884,0.8234301207155346,0.9014429476286298,12.313683032989502,0.270372848957777,0.1325415363535285,0.0,0.270372848957777,0.825329378247261,0.3112963419972044,0.1434318215558023,0.0,0.3112963419972044,0.8047736449675127
141,0.0001,0.22713533323258162,0.9068315519008409,0.34351446773066663,0.8264440579931904,0.9031260307656057,11.707085371017456,0.26853646989911795,0.13324688514694571,0.0,0.26853646989911795,0.8279340416193008,0.3081638343406446,0.15120387032176508,0.0,0.3081638343406446,0.8150198116446986
142,0.0001,0.21839242242276669,0.9145274481494529,0.3465119744792129,0.8349667469575048,0.9091393248263122,11.71028757095337,0.26914671435952187,0.13225605757907033,0.0,0.26914671435952187,0.8305828720331192,0.3389336575161327,0.1584902938568231,0.0,0.3389336575161327,0.7914426868612116
143,0.0001,0.2209248896688223,0.9110592205263267,0.3437214656309648,0.832670366938418,0.9071868106305101,11.834184646606445,0.26749533135443926,0.13215269381180406,0.0,0.26749533135443926,0.826524443924427,0.3099255381208478,0.14187478070909326,0.0,0.3099255381208478,0.8088455976861896
144,0.0001,0.21610372234135866,0.9129132695596873,0.35564169016751374,0.8305237518548481,0.9061195034134943,11.967795610427856,0.26675389893352985,0.131006914190948,0.0,0.26675389893352985,0.8321506045758724,0.36521647554455383,0.15471526844934982,0.0,0.36521647554455383,0.7693276567892595
145,0.0001,0.21869874373078346,0.9136333002139334,0.3505011544083104,0.8263990491466482,0.9035495501769886,11.822248935699463,0.26393472496420145,0.13238888373598456,0.0,0.26393472496420145,0.833945631980896,0.3325045524221478,0.15678022530945865,0.0,0.3325045524221478,0.7872607653791254
146,0.0001,0.21327492501586676,0.9157682046952739,0.3611449256087794,0.8203153793872383,0.8997711376093445,12.476843118667603,0.26560133416205645,0.1284036641009152,0.0,0.26560133416205645,0.8292909897863865,0.3290114059592738,0.15893432859218481,0.0,0.3290114059592738,0.8021731322461908
147,0.0001,0.21595816407352686,0.9153552458383342,0.39603156212604407,0.8129479012345204,0.8953630775674336,11.537426948547363,0.2668643333017826,0.1289467173628509,0.0,0.2668643333017826,0.8297765590250492,0.4157571919036634,0.159662818366831,0.0,0.4157571919036634,0.7285722403815298
148,0.0001,0.21983892656862736,0.9108553439920265,0.3528018882780364,0.8337894701511185,0.9082211119034975,10.986490964889526,0.26468241866678,0.1288932696916163,0.0,0.26468241866678,0.8288541696965694,0.3448467453320821,0.15316386295087409,0.0,0.3448467453320821,0.7847063523350339
149,0.0001,0.21507056057453156,0.9158502221167941,0.3924618056326201,0.8112710142821854,0.8947483818754205,11.396893739700317,0.26768484339118004,0.1293359105475247,0.0,0.26768484339118004,0.8275545910000801,0.3709410519310922,0.1645831470236634,0.0,0.3709410519310922,0.7634398485675002
150,0.0001,0.2163065392524004,0.9114173957161479,0.33927353945645417,0.831908003989709,0.9067160423276999,11.615011930465698,0.2626175358891487,0.12968793278560042,0.0,0.2626175358891487,0.8352122455835342,0.3190489610036214,0.1599047283331553,0.0,0.3190489610036214,0.80542269078168
151,0.0001,0.2085987627506256,0.9172396719951432,0.34214643637339276,0.830313146015867,0.9058618954473613,12.614543199539185,0.2588928723707795,0.12975148065015674,0.0,0.2588928723707795,0.8361388221383095,0.30650685411511047,0.1522858991767421,0.0,0.30650685411511047,0.8081090558658947
152,0.0001,0.2100992752239108,0.9175500680788652,0.34559510693405615,0.8303962997577217,0.9061744012055222,13.35364294052124,0.26521422900259495,0.1292437594383955,0.0,0.26521422900259495,0.829894170165062,0.3392432313976866,0.15307683610554898,0.0,0.3392432313976866,0.7885075356021072
153,0.0001,0.20552130695432425,0.9174295602818368,0.33239693172050244,0.8349528700822662,0.9089457341193189,12.944274663925171,0.2580659566447139,0.12858629086986184,0.0,0.2580659566447139,0.8370986394584179,0.3023485920645974,0.1399079683152112,0.0,0.3023485920645974,0.8057030367128777
154,0.0001,0.2299806596711278,0.9031291563860675,0.37233973813779425,0.8165930302265892,0.8979267801860747,13.312882423400879,0.26655879989266396,0.13035308383405209,0.0,0.26655879989266396,0.8301934190094471,0.33077339150688867,0.13502198864113202,0.0,0.33077339150688867,0.7951464905883326
155,0.0001,0.21753493696451187,0.909312530442662,0.3666607611107104,0.8202410260852443,0.8993032284181585,12.48156189918518,0.26827436219900846,0.13024378521367908,0.0,0.26827436219900846,0.825979869812727,0.3275190736308242,0.15677734125744214,0.0,0.3275190736308242,0.7941370010375977
156,0.0001,0.2070996267721057,0.9160086511474896,0.3564278320832686,0.8275382458508481,0.9038826741902193,13.333320617675781,0.25810753740370274,0.12904987717047334,0.0,0.25810753740370274,0.8368382528424263,0.34980663747498486,0.15522541241212326,0.0,0.34980663747498486,0.7747345620935614
157,0.0001,0.19934973027557135,0.9221377146850902,0.3594970630876946,0.8183478036698115,0.8979726729335393,11.933020830154419,0.255827397108078,0.12634790455922484,0.0,0.255827397108078,0.83618089184165,0.31171715620792273,0.14916768670082092,0.0,0.31171715620792273,0.801728221503171
158,0.0001,0.20222560968250036,0.9189157604647417,0.3706094225247701,0.8168393586576477,0.897498037201142,11.85833740234375,0.25316441617906094,0.12605893099680543,0.0,0.25316441617906094,0.8397435657680035,0.3414036143909801,0.1525561637950666,0.0,0.3414036143909801,0.7829771348924348
159,0.0001,0.20169292110949755,0.9190857553110082,0.3781386920900056,0.8082483096126017,0.8922095772676629,12.265385866165161,0.2543434603139758,0.128518124576658,0.0,0.2543434603139758,0.8366042785346508,0.33289498271364154,0.15709048915993085,0.0,0.33289498271364154,0.7920322833639203
160,0.0001,0.19812611397355795,0.9206230606668115,0.36268902908671985,0.8173383901124666,0.8979030623603735,34.71702814102173,0.249798902310431,0.12455613259226084,0.0,0.249798902310431,0.8401336185634136,0.3297082312179334,0.1552615545012734,0.0,0.3297082312179334,0.7961358644745566
161,0.0001,0.20177217945456505,0.9203226775116881,0.3464790871649077,0.8306147763253289,0.9058919415904884,67.99678802490234,0.257102994248271,0.12696836655959487,0.0,0.257102994248271,0.835824579000473,0.33058911381345807,0.15031492619803458,0.0,0.33058911381345807,0.7948871525851163
162,0.0001,0.20247993525117636,0.9195316999020735,0.3474078449335965,0.8241213625382837,0.902024694727427,43.07560157775879,0.25699536968022585,0.12528522685170174,0.0,0.25699536968022585,0.8384361490607262,0.3049675966754104,0.14544989304109054,0.0,0.3049675966754104,0.8086462671106512
163,0.0001,0.19567144755274057,0.922649753941916,0.34561361869176227,0.8314218360058584,0.906698923867379,11.712422370910645,0.25203399918973446,0.12511872220784426,0.0,0.25203399918973446,0.8405506461858749,0.3137271332018303,0.1396330197652181,0.0,0.3137271332018303,0.8053362315351312
164,0.0001,0.20297137461602688,0.918659414400913,0.35727474183747265,0.8217759112629981,0.9005944785595044,12.54333209991455,0.258821870200336,0.12655235081911087,0.0,0.258821870200336,0.8330934904515743,0.31319003755396063,0.1403869494344249,0.0,0.31319003755396063,0.8061034083366394
165,0.0001,0.2026940993964672,0.9152448787402825,0.3670887856772452,0.8149334521018078,0.8966972465072123,12.312809467315674,0.25428239814937115,0.12431914173066616,0.0,0.25428239814937115,0.8385346457362175,0.32854842417167895,0.15058364109559494,0.0,0.32854842417167895,0.7978475689888
166,0.0001,0.2030831566080451,0.9182647509394823,0.3510139494231253,0.821595329444284,0.9004773065015843,12.125242948532104,0.2583786463364959,0.12553198309615254,0.0,0.2583786463364959,0.8341348506510258,0.31268239201921405,0.15458720109679483,0.0,0.31268239201921405,0.8088093183257363
167,0.0001,0.20214674901217222,0.9192379467644485,0.36593230926629267,0.8125568301914654,0.8951258199077909,12.6987144947052,0.2556289676576853,0.12396948598325253,0.0,0.2556289676576853,0.8356298692524433,0.32448802572308166,0.1529059482343269,0.0,0.32448802572308166,0.7879877216888197
168,0.0001,0.20445804297924042,0.9161174543751268,0.3482136672193354,0.825783639803637,0.9028763450376541,12.560654878616333,0.25668764021247625,0.12742770463228226,0.0,0.25668764021247625,0.8377011492848396,0.3333815245917349,0.1483057737350464,0.0,0.3333815245917349,0.7778145670890808
169,0.0001,0.19068409502506256,0.9243365351299273,0.34988221074595593,0.8264253853684593,0.903206843243237,12.364237308502197,0.2482571192085743,0.12189290951937437,0.0,0.2482571192085743,0.8405864164233208,0.3195033163735361,0.14439538979169095,0.0,0.3195033163735361,0.7933674364378958
170,0.0001,0.19488984066992998,0.922394927929899,0.3487713463378675,0.8228816769881098,0.9007715573919984,18.45274043083191,0.2541611474007368,0.12445538025349379,0.0,0.2541611474007368,0.837907686829567,0.3001831390640952,0.14181134646589105,0.0,0.3001831390640952,0.8131808548262625
171,0.0001,0.19697189703583717,0.919851508820488,0.338199440276984,0.8346776737444466,0.9083015196977273,36.674925327301025,0.25149455200880766,0.12423246167600155,0.0,0.25149455200880766,0.8403628394007683,0.30617528611963446,0.12912513947848117,0.0,0.30617528611963446,0.8114779988924662
172,0.0001,0.19569948688149452,0.9230951139568846,0.31728834455663507,0.8465594335090891,0.9154198904537918,56.495559215545654,0.25728078559041023,0.12406166223809123,0.0,0.25728078559041023,0.8394981324672699,0.2985353614344741,0.1370274338758353,0.0,0.2985353614344741,0.8195502721902096
173,0.0001,0.1962131429463625,0.9221327630068932,0.3318924073017005,0.8340284369724777,0.9080691382136435,51.894352197647095,0.25586516596376896,0.12382356869056821,0.0,0.25586516596376896,0.8399244770407677,0.2917309385357481,0.13447353063207684,0.0,0.2917309385357481,0.8239726117162993
174,0.0001,0.2010479187592864,0.9192870769904209,0.32434776876911975,0.8403194998378165,0.9123741639861034,46.602057218551636,0.2591048637405038,0.12547620106488466,0.0,0.2591048637405038,0.8328431211411953,0.29963869578910596,0.14339664939678076,0.0,0.29963869578910596,0.8190312746799353
175,0.0001,0.2000097669661045,0.918392104472282,0.32698427908348315,0.8458272271116203,0.9155805501003567,47.18310356140137,0.2573444079607725,0.12393477838486433,0.0,0.2573444079607725,0.8354410082101822,0.3431275396636038,0.1507390872998671,0.0,0.3431275396636038,0.7834270650690253
176,0.0001,0.19292896427214146,0.9217654637664332,0.3293433424198266,0.8354734511420318,0.9091134760788687,49.31293606758118,0.2510963398963213,0.12189532862976193,0.0,0.2510963398963213,0.8413998894393444,0.2972277962800228,0.1459295844489878,0.0,0.2972277962800228,0.8218334371393378
177,0.0001,0.18765548057854176,0.9256678369483923,0.32994847947900946,0.8337983189515549,0.9079997653461196,14.835554599761963,0.24618167895823717,0.12140719825401902,0.0,0.24618167895823717,0.8459441065788269,0.2951873540878296,0.13436512513594193,0.0,0.2951873540878296,0.82153018135013
178,0.0001,0.188402752391994,0.9256418797665739,0.31887069615450775,0.843836529833462,0.9141063976324635,42.910765409469604,0.24560730997473001,0.1217255680821836,0.0,0.24560730997473001,0.8501360192894936,0.3077872594197591,0.12966783705985907,0.0,0.3077872594197591,0.8118240616538308
179,0.0001,0.18795397970825434,0.924833478773015,0.3200429172226877,0.8419427606579254,0.9128603905324532,12.064115047454834,0.24634903762489557,0.11840008944272995,0.0,0.24634903762489557,0.8465801812708378,0.29791432799714984,0.1384389359842647,0.0,0.29791432799714984,0.8140161976669774
180,0.0001,0.18387580290436745,0.9265578062580061,0.31493049679380475,0.845258151621866,0.9146622193019227,14.777260065078735,0.24163975846022367,0.1181588158942759,0.0,0.24163975846022367,0.8475265502929688,0.2913522214600534,0.13178908463680383,0.0,0.2913522214600534,0.8193711024342161
181,0.0001,0.18694848380982876,0.9265704244232678,0.3296544064174999,0.8366291753811135,0.9095056820947317,18.787485122680664,0.2505191918462515,0.12189515633508563,0.0,0.2505191918462515,0.8413053639233112,0.29985081788265344,0.1341874346588597,0.0,0.29985081788265344,0.8110188426393451
182,0.0001,0.18264375161379576,0.9274276429857514,0.3184927521329938,0.8421776579564121,0.9129378144620831,13.206567525863647,0.24043543729931116,0.11839031241834164,0.0,0.24043543729931116,0.8500520922243595,0.29960401852925617,0.14155692765207,0.0,0.29960401852925617,0.8160897926850752
183,0.0001,0.20882846601307392,0.9120189114187043,0.37111959312901355,0.822507450161061,0.9017184186607421,38.885653495788574,0.2657422376796603,0.1261841910891235,0.0,0.2657422376796603,0.8232632763683796,0.3750750115423491,0.13602391562678598,0.0,0.3750750115423491,0.7607907634792905
184,0.0001,0.19575130939483643,0.917707935196288,0.3601180748506026,0.8166250962915178,0.8973595129558213,58.075899839401245,0.2463229652494192,0.11980578443035483,0.0,0.2463229652494192,0.8455667719244957,0.31678256844029284,0.1375640599113522,0.0,0.31678256844029284,0.797179847052603
185,0.0001,0.1931561902165413,0.9206680310304385,0.37188891750393493,0.8064927274916746,0.890974406999519,23.409193992614746,0.2528278948739171,0.12315256055444479,0.0,0.2528278948739171,0.8442253433167934,0.3051666761889602,0.13369835913181305,0.0,0.3051666761889602,0.8057930650133075
186,0.0001,0.1867579286918044,0.9238060380639204,0.3349906693805348,0.8334483635135698,0.9078834232856887,10.816059827804565,0.24763738363981247,0.1215332429856062,0.0,0.24763738363981247,0.8439696133136749,0.31271048567511817,0.13694102746067624,0.0,0.31271048567511817,0.8034979104995728
187,0.0001,0.19008976873010397,0.9225329159485116,0.31963496858423407,0.8405176283159924,0.9121460564136219,62.529656410217285,0.24944309145212173,0.1185974576510489,0.0,0.24944309145212173,0.8415306024253368,0.30010831717288855,0.13842889485937176,0.0,0.30010831717288855,0.8163362380230066
188,0.0001,0.1842882614582777,0.9258453678826096,0.3094386512582952,0.8459112499643155,0.9154023112049025,67.78962969779968,0.24678517132997513,0.12053727451711893,0.0,0.24678517132997513,0.8480976186692715,0.29721043687878235,0.1260823684208321,0.0,0.29721043687878235,0.8211973743005232
189,0.0001,0.18681997805833817,0.9221556663932368,0.32154648051117407,0.8406106777650796,0.9123808916505124,21.09470558166504,0.24384359642863274,0.11802942352369428,0.0,0.24384359642863274,0.8462913781404495,0.30714386882204,0.14386417784474112,0.0,0.30714386882204,0.8138313528263208
190,0.0001,0.18031473085284233,0.927025833393841,0.30816853046417236,0.8485063729101607,0.9170047808338487,23.164491415023804,0.23838358093053102,0.11744940420612693,0.0,0.23838358093053102,0.8527326509356499,0.2980477773781979,0.13312865432464716,0.0,0.2980477773781979,0.8198711330240424
191,0.0001,0.1833407785743475,0.926720691638082,0.31287126830129913,0.8439043746646153,0.9141432623446265,23.09180235862732,0.2468781042844057,0.11705198232084513,0.0,0.2468781042844057,0.8439488224685192,0.29209817178321607,0.13220214572819797,0.0,0.29209817178321607,0.8272010033780878
192,0.0001,0.19134376756846905,0.9247513166841035,0.3174086700786244,0.8423216153529401,0.9131006329652113,22.891650915145874,0.2529526576399803,0.11947860661894083,0.0,0.2529526576399803,0.8379926458001137,0.2974865870042281,0.13611659317305594,0.0,0.2974865870042281,0.8035354776815935
193,0.0001,0.18500765226781368,0.9244506174411247,0.3383873773343635,0.8340592630296811,0.9077737075454999,21.484140634536743,0.24281267914921045,0.11935604037716985,0.0,0.24281267914921045,0.8484751358628273,0.3251085425868179,0.13307610605702255,0.0,0.3251085425868179,0.7836776691855807
194,0.0001,0.18439756892621517,0.9238553201578243,0.3128256183682066,0.8470169126971786,0.9160237220165738,26.20228409767151,0.24611357413232327,0.1207695733755827,0.0,0.24611357413232327,0.8461926989257336,0.30561758893908875,0.1363196869691213,0.0,0.30561758893908875,0.8099137598817999
195,0.0001,0.17571912705898285,0.9298718068730181,0.3088371988498803,0.8480364310469779,0.916688225990674,47.40562677383423,0.23534750379621983,0.11511890031397343,0.0,0.23534750379621983,0.8537263423204422,0.289836377808542,0.13827587754437418,0.0,0.289836377808542,0.825262705485026
196,0.0001,0.17391868215054274,0.9310506058514654,0.3109735900705511,0.8458038606601873,0.9153922311944769,50.49410700798035,0.23711667582392693,0.11749742366373539,0.0,0.23711667582392693,0.8561621755361557,0.2890634608991218,0.1241472986611453,0.0,0.2890634608991218,0.8233913002592145
197,0.0001,0.17306952737271786,0.931527889568165,0.30244862130194,0.8511540971453739,0.9184841282598815,56.990734338760376,0.23601088859140873,0.11586942290887237,0.0,0.23601088859140873,0.856553316116333,0.2829875946044922,0.12364954117572668,0.0,0.2829875946044922,0.8315393129984537
198,0.0001,0.18283965718001127,0.9261667755690476,0.3182500925931064,0.8398134112901315,0.9117044358371796,52.99741172790527,0.24736311379820108,0.11841181572526693,0.0,0.24736311379820108,0.8442248590290546,0.28604656457901,0.130125261165879,0.0,0.28604656457901,0.8281170761946476
199,0.0001,0.17332107108086348,0.930147718736362,0.32612629731496173,0.8488026584909063,0.9172453183703687,42.798152685165405,0.2377683548256755,0.11639335891231894,0.0,0.2377683548256755,0.8517397381365299,0.34637164347099536,0.13243722554409143,0.0,0.34637164347099536,0.7853791334412314
200,0.0001,0.17486839089542627,0.9287112395170043,0.31982668421485205,0.8479603686205515,0.9169378509365761,11.151348352432251,0.23670528456568718,0.11632193578407168,0.0,0.23670528456568718,0.8528363406658173,0.31185302589878894,0.13473444725527908,0.0,0.31185302589878894,0.80817783240116
201,0.0001,0.1779313739389181,0.9277560853188228,0.3149591395349214,0.8437777352297492,0.914068909776674,46.155113697052,0.2432127706706524,0.11577499425038695,0.0,0.2432127706706524,0.8473341725766659,0.2875171285687071,0.1290480223569003,0.0,0.2875171285687071,0.8225923451510343
202,0.0001,0.1805061250925064,0.927529730198313,0.32812906034065015,0.8396652817652441,0.9113408488066355,73.5920205116272,0.24826658330857754,0.1191534586250782,0.0,0.24826658330857754,0.8435867577791214,0.3145464839357318,0.12846450914036145,0.0,0.3145464839357318,0.8076430017297919
203,0.0001,0.17485269252210855,0.9300010311262054,0.3192297473098292,0.8412192695015417,0.9125915107689232,56.60285663604736,0.23936036881059408,0.11541830701753497,0.0,0.23936036881059408,0.8499060608446598,0.29407958189646405,0.13307450395641904,0.0,0.29407958189646405,0.8225417426138213
204,0.0001,0.1844215402379632,0.9242974575910684,0.32187073519735626,0.8454352043328343,0.9151047501998214,58.09219288825989,0.24669141601771116,0.11817840812727809,0.0,0.24669141601771116,0.8440767079591751,0.3325761809493556,0.13431393513173767,0.0,0.3325761809493556,0.7950784527894222
205,0.0001,0.1810424830764532,0.9267821364551454,0.33011658986409503,0.8413406397660453,0.9125800499039628,65.1036479473114,0.24709866847842932,0.11745349504053593,0.0,0.24709866847842932,0.8446266613900661,0.33015858404564136,0.13340795356215854,0.0,0.33015858404564136,0.7977275162032156
206,0.0001,0.17715126741677523,0.9285922400124748,0.3095090660181912,0.8464334491163594,0.9158300111344754,32.65423512458801,0.24096715450286865,0.11695422371849418,0.0,0.24096715450286865,0.8496654033660889,0.2904290629155708,0.12538813506111954,0.0,0.2904290629155708,0.8269013274799694
207,0.0001,0.1689333962276578,0.932943176502288,0.33144389138077246,0.8376447431339507,0.9099597135875119,12.647758722305298,0.23494898714125156,0.11386434966698289,0.0,0.23494898714125156,0.8549388125538826,0.31458444667584967,0.1381146718155254,0.0,0.31458444667584967,0.8061417268984246
208,0.0001,0.17456587590277195,0.9301258342840085,0.324758945089398,0.8379130384016527,0.9102225125487341,15.795702934265137,0.23975688870996237,0.11530573200434446,0.0,0.23975688870996237,0.850127749145031,0.29000794887542725,0.13925076027711233,0.0,0.29000794887542725,0.8289040146452008
209,0.0001,0.1736834580078721,0.9300011206203974,0.3189766587633075,0.8414871757545637,0.9123933495908161,35.76435613632202,0.2368589136749506,0.11729219323024154,0.0,0.2368589136749506,0.8541487343609333,0.3052097269983003,0.12945581611358759,0.0,0.3052097269983003,0.8162581559383508
210,0.0001,0.1745533924549818,0.9296523007813317,0.32347660353689484,0.8384353005009697,0.9103026323171887,29.533873796463013,0.2393266400322318,0.1144347577355802,0.0,0.2393266400322318,0.8477249443531036,0.2950717355265762,0.12965021621097217,0.0,0.2950717355265762,0.8214654886361324
211,0.0001,0.17015644907951355,0.9308745556382639,0.3141643043720361,0.8416145777454467,0.9127335426619934,30.72626781463623,0.23273685295134783,0.11365023301914334,0.0,0.23273685295134783,0.8561649173498154,0.2797822518782182,0.12381936745210127,0.0,0.2797822518782182,0.8349154212258079
212,0.0001,0.17893572058528662,0.9274910039395475,0.31007672439921985,0.8455749019859217,0.9149282962734204,34.59285354614258,0.24819459579885006,0.1158107127994299,0.0,0.24819459579885006,0.843367837369442,0.288160092902906,0.12420078931432782,0.0,0.288160092902906,0.8298573150779261
213,0.0001,0.17007664125412703,0.9315153660985318,0.3127314466418642,0.8441397046220737,0.9141068803107228,37.420950412750244,0.23591303545981646,0.1139765027910471,0.0,0.23591303545981646,0.8528345823287964,0.294579722664573,0.13099281625314194,0.0,0.294579722664573,0.8218251466751099
214,0.0001,0.17016383819282055,0.9320256140953741,0.30987967324979376,0.8452356018050887,0.9146696362799114,11.660229444503784,0.23685531970113516,0.11505823070183396,0.0,0.23685531970113516,0.8534624241292477,0.28747464671279443,0.12028718220465111,0.0,0.28747464671279443,0.8292514537319993
215,0.0001,0.1772361434996128,0.9285036279146542,0.3041626467849269,0.8507472185374283,0.9183356146307902,46.19991636276245,0.24268891382962465,0.11398681625723839,0.0,0.24268891382962465,0.8488245867192745,0.289097988244259,0.12076825084108295,0.0,0.289097988244259,0.826702564051657
216,0.0001,0.17163041979074478,0.9302660328193699,0.310605090675932,0.8440714875967862,0.9144579955094556,75.90123534202576,0.23803431820124388,0.11486890073865652,0.0,0.23803431820124388,0.8539317399263382,0.2826695062897422,0.12426802425673514,0.0,0.2826695062897422,0.8317203304984353
217,0.0001,0.17093963269144297,0.9287292771686977,0.30534122568188293,0.8520991184583754,0.9189867451217125,54.19723844528198,0.23374055046588182,0.11313153523951769,0.0,0.23374055046588182,0.8535591587424278,0.3058034326090957,0.13172321473107193,0.0,0.3058034326090957,0.811632103992231
218,0.0001,0.1715013775974512,0.9329988879423291,0.30261115594343707,0.8503921792515574,0.9180850751317173,59.90633964538574,0.2430837145075202,0.11401150189340115,0.0,0.2430837145075202,0.8480109460651875,0.28363392931042297,0.12400161316900542,0.0,0.28363392931042297,0.8343563531384324
219,0.0001,0.16997550427913666,0.9301219457048497,0.3065131866570675,0.8461478197744915,0.9153724428098287,57.00144982337952,0.237270119599998,0.11377075454220176,0.0,0.237270119599998,0.8509361259639263,0.2834320610219782,0.12422948624148514,0.0,0.2834320610219782,0.8323112256599196
220,0.0001,0.1680796341970563,0.9320566472058998,0.31574120304801245,0.8428978880528207,0.9133951076564772,32.738844871520996,0.23625302221626043,0.11257570004090667,0.0,0.23625302221626043,0.8536062240600586,0.2971574447371743,0.13188996640118686,0.0,0.2971574447371743,0.8154944199504275
221,0.0001,0.17473781015723944,0.9299660268334851,0.30991306449427747,0.8445700162359417,0.9146545120057252,12.238496541976929,0.2436672057956457,0.11509083397686481,0.0,0.2436672057956457,0.8508655987679958,0.2866028872403232,0.1246526652213299,0.0,0.2866028872403232,0.8281446406335542
222,0.0001,0.17506903130561113,0.9274811124029066,0.34202207579757227,0.8243806027108723,0.9020219120304367,12.44031548500061,0.2371278265491128,0.11479947343468666,0.0,0.2371278265491128,0.8531747497618198,0.28035836508779816,0.12546060753591132,0.0,0.28035836508779816,0.8313962130835562
223,0.0001,0.17347663454711437,0.9293297857606108,0.31537570014144434,0.8443751421527379,0.9144541306647582,10.678892374038696,0.24375717993825674,0.11468707770109177,0.0,0.24375717993825674,0.843364279717207,0.29125232046300714,0.11818296800960194,0.0,0.29125232046300714,0.8280703335097341
224,0.0001,0.16816202364861965,0.9321450368913387,0.31454484029249713,0.8466882432804795,0.9157896707337458,10.678465604782104,0.23719551134854555,0.11512019159272313,0.0,0.23719551134854555,0.8520821034908295,0.2924877676096829,0.11826272986151955,0.0,0.2924877676096829,0.8260914195667614
225,0.0001,0.1689878460019827,0.9311035768678765,0.31227898597717285,0.8460277433743888,0.9152139258698875,11.706351280212402,0.23881317768245935,0.11227449355646968,0.0,0.23881317768245935,0.8499919958412647,0.293512969306021,0.13389042742324597,0.0,0.293512969306021,0.828464889165127
226,0.0001,0.16211407724767923,0.9350287686653771,0.3088619763200933,0.8448315142884585,0.9146452356765831,12.322942733764648,0.23000891227275133,0.11151058180257678,0.0,0.23000891227275133,0.8587087392807007,0.28361271728168835,0.12323055484078148,0.0,0.28361271728168835,0.8319290081659952
227,0.0001,0.17248769663274288,0.9298883491740633,0.3162214701825922,0.8385989029956348,0.9112245681792885,13.290238618850708,0.24366544280201197,0.11571347108110785,0.0,0.24366544280201197,0.8468201495707035,0.2822193485317808,0.12381414527242834,0.0,0.2822193485317808,0.8241994976997375
228,0.0001,0.17142007360234857,0.9295343500577953,0.3169829122947924,0.8400116033432482,0.9118269212453909,18.51509141921997,0.2387687498703599,0.11027292674407363,0.0,0.2387687498703599,0.8511641919612885,0.29011515776316327,0.13377140778483768,0.0,0.29011515776316327,0.8137839906143419
229,0.0001,0.1595503417775035,0.9358429997862232,0.3176126480102539,0.8394011117311924,0.9112847018261055,29.755911588668823,0.2270093560218811,0.11292845197021961,0.0,0.2270093560218811,0.8634425848722458,0.2838907494689479,0.12219009074297818,0.0,0.2838907494689479,0.8261609330321803
230,0.0001,0.1686193384230137,0.9313253827814728,0.3122782129229921,0.8428110855929073,0.9134156680237078,52.48998403549194,0.23664811812341213,0.11384593695402145,0.0,0.23664811812341213,0.8522989638149738,0.2825883012829405,0.12242426113648848,0.0,0.2825883012829405,0.8272388089786876
231,0.0001,0.1671938057988882,0.9332387672695731,0.3131497646823074,0.843860825872758,0.9138174071666771,52.38519310951233,0.238413468003273,0.11247577238827944,0.0,0.238413468003273,0.847737692296505,0.2826434789281903,0.13180076669562946,0.0,0.2826434789281903,0.8302182139772357
232,0.0001,0.16381557378917933,0.934326579224986,0.3086081526496194,0.8443900517187362,0.9144319705283618,35.910531997680664,0.2332537304610014,0.11294045532122254,0.0,0.2332537304610014,0.8531750552356243,0.28300688844738586,0.12827121443820722,0.0,0.28300688844738586,0.8311076868664135
233,0.0001,0.17031855136156082,0.9310681958694862,0.3028798428448764,0.84873253121513,0.9172331622977705,11.307958364486694,0.24191213119775057,0.11364113911986351,0.0,0.24191213119775057,0.8485078774392605,0.284860043814688,0.11197876207756274,0.0,0.284860043814688,0.8351526693864302
234,0.0001,0.1629283558577299,0.9348134878574833,0.3002172527891217,0.8494851883536058,0.9176314984100998,50.99096345901489,0.2334765698760748,0.11004106840118766,0.0,0.2334765698760748,0.8529370911419392,0.28091051361777564,0.1239818637118195,0.0,0.28091051361777564,0.8356725392919598
235,0.0001,0.16628459189087152,0.9331877732250966,0.2979113893075423,0.8520264683010974,0.9190839433981911,73.40137577056885,0.2372556086629629,0.1128347278572619,0.0,0.2372556086629629,0.851446807384491,0.27945146235552704,0.11594553743347977,0.0,0.27945146235552704,0.8337372667861708
236,0.0001,0.16485728323459625,0.9337041722777316,0.30800794471393933,0.8453162119271838,0.9149452375292432,33.29513192176819,0.23621442262083292,0.11147516081109643,0.0,0.23621442262083292,0.8535359613597393,0.28087957338853314,0.12238607713670442,0.0,0.28087957338853314,0.8311403935605829
237,0.0001,0.16129688080400229,0.9341530207585931,0.30535633636243414,0.8482181047086771,0.916513089239329,58.2917845249176,0.2288753865286708,0.1122545269317925,0.0,0.2288753865286708,0.8567627556622028,0.28289468721909955,0.1198484455094193,0.0,0.28289468721909955,0.8340412288001089
238,0.0001,0.16020192205905914,0.9363286977042736,0.30722450668161566,0.8450807430762108,0.9147808473162804,54.68124771118164,0.2319544367492199,0.11210724012926221,0.0,0.2319544367492199,0.85617396235466,0.2796393127152414,0.12597254912058511,0.0,0.2796393127152414,0.8335696874242841
239,0.0001,0.16286244057118893,0.9363027838831983,0.3105905597860163,0.8429413893840252,0.9135039248848863,54.601359605789185,0.23671769630163908,0.11317931953817606,0.0,0.23671769630163908,0.8497080244123936,0.2839357690377669,0.12726058427131537,0.0,0.2839357690377669,0.8293540640310808
240,0.0001,0.16116226743906736,0.9352105266450287,0.30114017110882385,0.8510643019185831,0.9184443961213805,18.710509777069092,0.23165950644761324,0.11200604261830449,0.0,0.23165950644761324,0.85969353094697,0.2805565685936899,0.12269692439021486,0.0,0.2805565685936899,0.8364771803220113
241,0.0001,0.16242025885730982,0.9363438635504399,0.30719176386341907,0.8479048546305851,0.9165373918114531,30.2231023311615,0.2360541671514511,0.11259715352207422,0.0,0.2360541671514511,0.8529514074325562,0.28511426665566186,0.1235917815656373,0.0,0.28511426665566186,0.830285780357592
242,0.0001,0.16089257411658764,0.9351632316481521,0.3096854000380545,0.8428473097778643,0.913529670528495,49.096988677978516,0.2329239146783948,0.1120396819896996,0.0,0.2329239146783948,0.854906190186739,0.280556989438606,0.11845553914705913,0.0,0.280556989438606,0.8320452588977236
243,0.0001,0.16633369214832783,0.9323975902069103,0.3129132191340129,0.843368283537371,0.9137767577266007,66.69647860527039,0.23979536816477776,0.11334717692807317,0.0,0.23979536816477776,0.8477855697274208,0.29283522656469635,0.12419455701654608,0.0,0.29283522656469635,0.8188970648881161
244,0.0001,0.1592591553926468,0.9365702775117034,0.3046055454196352,0.8495130042449209,0.9174755328013323,37.32658648490906,0.22887111734598875,0.11051517724990845,0.0,0.22887111734598875,0.8616922833025455,0.28654049382065283,0.11901201352928624,0.0,0.28654049382065283,0.8245401635314479
245,0.0001,0.15634050779044628,0.9368212611361872,0.2978212598598365,0.8540181869984865,0.9203198366178593,11.63648009300232,0.2256812397390604,0.10820562532171607,0.0,0.2256812397390604,0.8624184280633926,0.28368560653744324,0.12182387619307547,0.0,0.28368560653744324,0.8306795792146162
246,0.0001,0.15875839069485664,0.9372225232812665,0.2975015640258789,0.8547031491505207,0.9207305881423067,47.7330801486969,0.2304610339924693,0.11114672850817442,0.0,0.2304610339924693,0.8588317856192589,0.28039554393652716,0.12409680630221512,0.0,0.28039554393652716,0.8343223622350981
247,0.0001,0.15572279039770365,0.9366080014324937,0.30644272312973486,0.8495173351734452,0.9176815955067692,68.1983060836792,0.22642024885863066,0.10815791366621852,0.0,0.22642024885863066,0.8617822267115116,0.29082109530766803,0.1211831858663848,0.0,0.29082109530766803,0.8269945906870293
248,0.0001,0.15877405554056168,0.9366146024152694,0.30555997653440997,0.8475354815298819,0.9163599892926408,32.81863474845886,0.229165299795568,0.11033586831763387,0.0,0.229165299795568,0.8613827489316463,0.2821432550748189,0.12170689575599902,0.0,0.2821432550748189,0.8259791460904208
249,0.0001,0.1517916852608323,0.9388771041934026,0.3013907923842921,0.8496259248795971,0.9176191887690134,52.592416286468506,0.2195177674293518,0.10618591168895364,0.0,0.2195177674293518,0.8661631792783737,0.2777970704165372,0.12149451086015413,0.0,0.2777970704165372,0.8364950996456724
250,0.0001,0.15238093957304955,0.9386066682904829,0.30549701957991626,0.8466837855743728,0.9158357395902841,63.38910722732544,0.22233946807682514,0.10729046259075403,0.0,0.22233946807682514,0.8664374276995659,0.27875836690266925,0.127992592977755,0.0,0.27875836690266925,0.8333332628914805
251,0.0001,0.15483749471604824,0.9385362897477987,0.31504772287426575,0.8411486931190334,0.9123700816100759,58.01150870323181,0.22845481988042593,0.10860188910737634,0.0,0.22845481988042593,0.8590171635150909,0.2777943719517101,0.12586695542841247,0.0,0.2777943719517101,0.8303676970077284
252,0.0001,0.15577260684221983,0.9368744941509005,0.30549548972736706,0.8453449229104484,0.9150023436304752,18.19416856765747,0.22561125457286835,0.10806754231452942,0.0,0.22561125457286835,0.8601946346461773,0.2762826681137085,0.11645532196218317,0.0,0.2762826681137085,0.8368315768964363
253,0.0001,0.15820070635527372,0.935593499971143,0.3011206930333918,0.8525549995098951,0.9194534472024217,17.71480131149292,0.23079618625342846,0.10960139334201813,0.0,0.23079618625342846,0.859010711312294,0.2933916214740638,0.12437231703238054,0.0,0.2933916214740638,0.8246629924485178
254,0.0001,0.1571917561814189,0.9363937705061749,0.3054240038900664,0.8478855960811179,0.9167250781695988,17.72479820251465,0.2283935071900487,0.1069155908189714,0.0,0.2283935071900487,0.859643530100584,0.2806220632610899,0.11643580866582466,0.0,0.2806220632610899,0.8332735047195897
255,0.0001,0.15850001201033592,0.9351882972931064,0.316501801664179,0.8400355484351887,0.9118793734537135,17.792691707611084,0.23053191881626844,0.11010217992588878,0.0,0.23053191881626844,0.8581784479320049,0.28530448133295233,0.11515198783441023,0.0,0.28530448133295233,0.8310515988956798
256,0.0001,0.1603901358321309,0.9361660160909931,0.30313417044552887,0.8487260209756368,0.9172032037915913,16.511759996414185,0.2360953837633133,0.11032520141452551,0.0,0.2360953837633133,0.8525978662073612,0.285651318954699,0.12073884588299376,0.0,0.285651318954699,0.8281794768391233
257,0.0001,0.1520494418218732,0.9380063188407144,0.3088293256181659,0.8453758085591009,0.9151228121940447,24.60512614250183,0.22215143777430058,0.10686373058706522,0.0,0.22215143777430058,0.8667615577578545,0.2866728125196515,0.12260123455163205,0.0,0.2866728125196515,0.8235148931994583
258,0.0001,0.1560176583006978,0.936930061612817,0.29420816175865405,0.8523081336467159,0.9193836669022964,42.1978075504303,0.22882721107453108,0.10913961892947555,0.0,0.22882721107453108,0.857632152736187,0.2741792382615985,0.11896360552672183,0.0,0.2741792382615985,0.8374626618443113
259,0.0001,0.1480965418741107,0.9403037431428751,0.3006432851155599,0.8481953964007398,0.9168178858738648,49.05327892303467,0.2170880762860179,0.10599376820027828,0.0,0.2170880762860179,0.8687454462051392,0.2757145870815624,0.11674889335126588,0.0,0.2757145870815624,0.834465433250774
260,0.0001,0.15551931876689196,0.9378812052510727,0.2969672390908906,0.8532501744561516,0.9197919695903808,12.705503463745117,0.22921163029968739,0.10910770762711763,0.0,0.22921163029968739,0.8586726263165474,0.27583267472007056,0.12458613921295512,0.0,0.27583267472007056,0.8347966454245828
261,0.0001,0.15432054921984673,0.9373646505787984,0.3064582727172158,0.8474065840464822,0.9164114105027213,57.2169725894928,0.22566574811935425,0.10710307629778981,0.0,0.22566574811935425,0.8610466569662094,0.2811451825228604,0.11293163173126453,0.0,0.2811451825228604,0.8318157846277411
262,0.0001,0.15503532206639647,0.9373445836370468,0.3014160286296498,0.8506298572292575,0.9182213307338153,66.20254254341125,0.23081419337540865,0.10846973117440939,0.0,0.23081419337540865,0.8577300384640694,0.285914294647448,0.1278624986157273,0.0,0.285914294647448,0.8255265499606277
263,0.0001,0.15620597917586565,0.938081967714195,0.2954119769009677,0.8545992123258098,0.9206130310284077,24.641143798828125,0.23132357466965914,0.11002358049154282,0.0,0.23132357466965914,0.8576732985675335,0.2745411865638964,0.11783142613642143,0.0,0.2745411865638964,0.8373417222138607
264,0.0001,0.15502746310085058,0.938049270113877,0.30587396838448266,0.8448123752465746,0.9145196962913251,11.593693256378174,0.22815484181046486,0.10909658297896385,0.0,0.22815484181046486,0.8590049371123314,0.27919962911894824,0.12163679256583705,0.0,0.27919962911894824,0.8323705864675117
265,0.0001,0.14965633302927017,0.9404172998233847,0.30022111625382397,0.8510565013366207,0.9185700866590271,13.028786182403564,0.2235912587493658,0.10707694524899125,0.0,0.2235912587493658,0.8646269142627716,0.2835868922146884,0.12119629482428233,0.0,0.2835868922146884,0.8323571970968535
266,0.0001,0.14942143484950066,0.9410023677324808,0.3080870093721332,0.8513057403718055,0.9188794376547189,18.00945782661438,0.2213207809254527,0.10738609544932842,0.0,0.2213207809254527,0.8663064390420914,0.2956355990785541,0.12678731752164435,0.0,0.2956355990785541,0.8208816683653629
267,0.0001,0.15772449411451817,0.937491543025052,0.29826567389748315,0.854442332195709,0.9207105064317274,33.588961601257324,0.23449924122542143,0.11015104362741113,0.0,0.23449924122542143,0.8519252687692642,0.2791892904223818,0.11594596640630202,0.0,0.2791892904223818,0.8344022794203325
268,0.0001,0.15388984698802233,0.9373145975070618,0.3101598656538761,0.8438227908009336,0.914160568705161,58.275288343429565,0.22344620991498232,0.10768434125930071,0.0,0.22344620991498232,0.8640670999884605,0.2736389474435286,0.11598134673002994,0.0,0.2736389474435286,0.8339164853096008
269,0.0001,0.15566533152014017,0.9380491099705066,0.31206045186880865,0.843446128821116,0.9138720882501752,58.69632816314697,0.22970864083617926,0.10770385898649693,0.0,0.22970864083617926,0.8602817617356777,0.27664228641625604,0.11204425403566072,0.0,0.27664228641625604,0.8353495399157206
270,0.0001,0.15914344135671854,0.9371505865314652,0.30143427487575647,0.849222093196818,0.9175580298256829,22.756624460220337,0.23548868671059608,0.1114853685721755,0.0,0.23548868671059608,0.8536867313086987,0.2775199774539832,0.11152577445362553,0.0,0.2775199774539832,0.8368575681339611
271,0.0001,0.151789803057909,0.9390057570258611,0.2982439741943822,0.8501004338703096,0.9180141588946905,11.602348566055298,0.22379020787775517,0.10908521106466651,0.0,0.22379020787775517,0.865700401365757,0.28081050424864795,0.12211060659451918,0.0,0.28081050424864795,0.8318545168096368
272,0.0001,0.15209737326949835,0.938220360801428,0.2997585209933194,0.849350104141836,0.9175660771171693,12.585298538208008,0.2251759134232998,0.10729399276897311,0.0,0.2251759134232998,0.858646709471941,0.2771228515740597,0.11573899288972218,0.0,0.2771228515740597,0.8369004437417695
273,0.0001,0.1523175435140729,0.9389659645964457,0.3029744625091553,0.8483093567230937,0.9170239523288058,10.352268934249878,0.22561282757669687,0.10731030581519008,0.0,0.22561282757669687,0.862862091511488,0.2801368001735572,0.11944435988411758,0.0,0.2801368001735572,0.8338691556092465
274,0.0001,0.1552272904664278,0.9390619162276547,0.3176794648170471,0.8399776140546986,0.9121170177829334,11.516754865646362,0.23237200733274221,0.10993007477372885,0.0,0.23237200733274221,0.8545320369303226,0.2901136983524669,0.12299030928900748,0.0,0.2901136983524669,0.8251678997820074
275,0.0001,0.1506968829780817,0.9402691650246529,0.3049406951124018,0.8470095577136941,0.9161081605119815,11.72534704208374,0.22632473707199097,0.10927409818395972,0.0,0.22632473707199097,0.8618871048092842,0.2807358142101403,0.11647259015025514,0.0,0.2807358142101403,0.8357245922088623
276,0.0001,0.1553798420354724,0.9382912747827181,0.3025699004982457,0.8495826856512442,0.9177632940328886,14.915637016296387,0.23362882900983095,0.10913363518193364,0.0,0.23362882900983095,0.8568105399608612,0.28431255347800977,0.12653735370346994,0.0,0.28431255347800977,0.8277135527495182
277,0.0001,0.15017656236886978,0.9402761934046211,0.30131705782630225,0.8477634726298894,0.9164835979810826,25.97917675971985,0.22454481199383736,0.1068225628696382,0.0,0.22454481199383736,0.8640669211745262,0.2731705994317026,0.11855296655134721,0.0,0.2731705994317026,0.8365307269674359
278,0.0001,0.15046846261247993,0.9396536027185293,0.3037243232582555,0.846809960745033,0.9158895815236897,38.31227993965149,0.2230476224794984,0.10626632999628782,0.0,0.2230476224794984,0.8643781393766403,0.27562972090461035,0.11925831211335731,0.0,0.27562972090461035,0.8363124637892752
279,0.0001,0.14545975858345628,0.9424656144693746,0.3093243458054282,0.8420084684437678,0.9131293111717654,50.79526090621948,0.2216629469767213,0.10735752573236823,0.0,0.2216629469767213,0.8679228499531746,0.27403994040055707,0.11884501350648476,0.0,0.27403994040055707,0.8323911302017443
280,0.0001,0.14815396536141634,0.9403120783307967,0.3058544325106072,0.8449329358602579,0.9150128967273219,52.40402173995972,0.2211460331454873,0.10487167211249471,0.0,0.2211460331454873,0.8642298206686974,0.2731984131263964,0.11992328772039125,0.0,0.2731984131263964,0.8380437782316497
281,0.0001,0.15019816812127829,0.9395123853611026,0.3117356300354004,0.842874733870304,0.9134816543008661,12.620590448379517,0.2235962813720107,0.105231246445328,0.0,0.2235962813720107,0.8630795553326607,0.2765342430634932,0.1196453029459173,0.0,0.2765342430634932,0.8317200667930372
282,0.0001,0.150426821783185,0.9398438258259812,0.32273076700441766,0.8348615041689367,0.9086618613632552,30.5832839012146,0.22657469473779202,0.10724640684202313,0.0,0.22657469473779202,0.8603945560753345,0.27737396052389435,0.12071420162013083,0.0,0.27737396052389435,0.8280744606798346
283,0.0001,0.14464582223445177,0.9427444406704488,0.30282553578868054,0.8469834519214232,0.9161949195895485,70.70043921470642,0.21885950304567814,0.10656054271385074,0.0,0.21885950304567814,0.8695696368813515,0.2708349119533192,0.11431686083475749,0.0,0.2708349119533192,0.8383094487768231
284,0.0001,0.15345366299152374,0.938666865940411,0.3130855018442327,0.8418630129323298,0.91288702618245,47.825424909591675,0.23294320795685053,0.10752919316291809,0.0,0.23294320795685053,0.8519948460161686,0.279254674911499,0.11571474960356047,0.0,0.279254674911499,0.8248321684924039
285,0.0001,0.14901094883680344,0.9420288168062383,0.29643666021751636,0.8516303406095717,0.9189006731549776,50.089327812194824,0.22685949131846428,0.10646797204390168,0.0,0.22685949131846428,0.8620717562735081,0.27170656124750775,0.11850191697929845,0.0,0.27170656124750775,0.8371557051485236
286,0.0001,0.14489621948450804,0.9441448212327395,0.3007101868138169,0.848399032770045,0.9169234930385176,56.492798805236816,0.22142894752323627,0.10595332272350788,0.0,0.22142894752323627,0.8650101833045483,0.27091819951028534,0.11617312873854782,0.0,0.27091819951028534,0.8360046202486212
287,0.0001,0.14264265494421124,0.9436379841607754,0.3068028038198298,0.8443006406503294,0.914506553333454,56.304614543914795,0.21620689984411,0.10437757847830653,0.0,0.21620689984411,0.8694204688072205,0.27193509087418066,0.11637989996057568,0.0,0.27193509087418066,0.8360463940736019
288,0.0001,0.15074665192514658,0.9400214791857788,0.2984698974724972,0.852149285627136,0.9193797417269371,32.01628923416138,0.22921996843069792,0.1081498353742063,0.0,0.22921996843069792,0.8597346469759941,0.2766362193858985,0.11325920440933922,0.0,0.2766362193858985,0.8342335151903557
289,0.0001,0.15278519177809358,0.9405402123421679,0.31182364622751874,0.8430904418273568,0.9137554854248795,26.07417607307434,0.23329012095928192,0.11080734664574265,0.0,0.23329012095928192,0.854961596429348,0.2870164748394128,0.11081596847736475,0.0,0.2870164748394128,0.8216041868383234
290,0.0001,0.14982076827436686,0.9390873233729983,0.3049128597432917,0.8458681218504706,0.9155176245531622,47.778393268585205,0.22650644555687904,0.1062779943458736,0.0,0.22650644555687904,0.8582286350429058,0.27913000366904517,0.11837299213264928,0.0,0.27913000366904517,0.8303446860024424
291,0.0001,0.1482807071879506,0.941707242597405,0.2992063146648985,0.8518686252199178,0.919011424187754,59.48732089996338,0.22716793697327375,0.10633443901315331,0.0,0.22716793697327375,0.8602712266147137,0.2822153423771714,0.12477864279891505,0.0,0.2822153423771714,0.8301976250879692
292,0.0001,0.14753596391528845,0.9396718744280331,0.30202195861122827,0.8487375264258117,0.9171650092134781,44.15065550804138,0.22263707872480154,0.10563187627121806,0.0,0.22263707872480154,0.8665954805910587,0.2746396841424884,0.12217962967626976,0.0,0.2746396841424884,0.8348160079031279
293,0.0001,0.14401476457715034,0.9428699669303672,0.3016800844308102,0.8520920674227095,0.9192493403381238,11.041265726089478,0.22111801523715258,0.10488663986325264,0.0,0.22111801523715258,0.8654438145458698,0.2886915315281261,0.11922355718684918,0.0,0.2886915315281261,0.8276499347253279
294,0.0001,0.15093858633190393,0.9413535583427606,0.3091476812507167,0.8445693417052168,0.9147165069781359,42.06070137023926,0.22899200674146414,0.1075582429766655,0.0,0.22899200674146414,0.8599698841571808,0.27753813700242475,0.11390778783595923,0.0,0.27753813700242475,0.8354609843456384
295,0.0001,0.1454367581754923,0.9427563346937339,0.2995041807492574,0.8502366080460403,0.9181513071849582,69.90153121948242,0.22216555010527372,0.10700987512245774,0.0,0.22216555010527372,0.8651743642985821,0.2728521462642785,0.11900383595264319,0.0,0.2728521462642785,0.8364047895778309
296,0.0001,0.14632306899875402,0.9421056238322852,0.3014934099081791,0.8523318324601243,0.9193335811506711,46.707749128341675,0.22292584739625454,0.10639401338994503,0.0,0.22292584739625454,0.8608344346284866,0.28534781752210675,0.11666620816245224,0.0,0.28534781752210675,0.8286903229626742
297,0.0001,0.14160550525411963,0.9448518362565403,0.3048613360433867,0.8472435430828418,0.9163324675314548,32.67918276786804,0.22068350668996572,0.10503699630498886,0.0,0.22068350668996572,0.866697147488594,0.2730000741554029,0.11428896134549921,0.0,0.2730000741554029,0.8382204789103884
298,0.0001,0.1401679036207497,0.9451455519514115,0.3105960361885302,0.8426890889212191,0.9134499937991832,31.268492460250854,0.21768193040043116,0.10360220167785883,0.0,0.21768193040043116,0.8700769990682602,0.2730181072697495,0.11870024556463415,0.0,0.2730181072697495,0.8374120882063201
299,0.0001,0.1417359309270978,0.9434798454547428,0.3083443172050245,0.8447265074990876,0.91465847180468,33.99226260185242,0.21602740325033665,0.1052017412148416,0.0,0.21602740325033665,0.8710922077298164,0.276730042515379,0.11936619155334705,0.0,0.276730042515379,0.8352375229199728
300,0.0001,0.14690509904175997,0.9428292099041133,0.3036354726011103,0.8478875214119905,0.9166769836246875,43.37969088554382,0.22714028228074312,0.10686148144304752,0.0,0.22714028228074312,0.8608986325562,0.27308530337882764,0.11743377374880241,0.0,0.27308530337882764,0.8360773740392743
301,0.0001,0.14380650129169226,0.9433810877184017,0.3051552844770027,0.8459345274413322,0.9154362568854519,44.19054055213928,0.2206527078524232,0.10531899007037282,0.0,0.2206527078524232,0.8665468841791153,0.2716337659142234,0.11600384748343265,0.0,0.2716337659142234,0.8387809576410236
302,0.0001,0.1473789494484663,0.9419179224658162,0.30270236549955426,0.8483596187149974,0.9170598501216813,60.70491623878479,0.2276893239468336,0.10677500162273645,0.0,0.2276893239468336,0.8596821241080761,0.2770304427002416,0.12339038243799498,0.0,0.2770304427002416,0.8305825753645464
303,0.0001,0.14613146521151066,0.9417239998332563,0.3012506835388415,0.849527819836706,0.9177669108994637,62.39116024971008,0.22460109274834394,0.10608227364718914,0.0,0.22460109274834394,0.8610523007810116,0.2729879003582579,0.11161077383792761,0.0,0.2729879003582579,0.8381916609677401
304,0.0001,0.14401044696569443,0.9428772363008735,0.31418316292040277,0.8402603119691385,0.9122075997709141,44.167909383773804,0.21997933741658926,0.10431242315098643,0.0,0.21997933741658926,0.8649352714419365,0.2752174969875451,0.1133531155911359,0.0,0.2752174969875451,0.8349389162930575
305,0.0001,0.14296195562928915,0.9420715115971938,0.3141409664443045,0.8408586150073606,0.9125026356943345,11.29948616027832,0.2170537058264017,0.10370629373937845,0.0,0.2170537058264017,0.8684377260506153,0.274030681812402,0.11220669701243892,0.0,0.274030681812402,0.8383082043040883
306,0.0001,0.14074316387996078,0.9442540068888992,0.31045525724237616,0.8419917043265528,0.9131735664359262,44.41495084762573,0.21529035456478596,0.10445490712299943,0.0,0.21529035456478596,0.8715087920427322,0.2749396309708104,0.11700917464314085,0.0,0.2749396309708104,0.8360139908212604
307,0.0001,0.1421673959121108,0.9433479510795207,0.3120687929066745,0.840889311274078,0.9125005757018387,67.88485622406006,0.2166276890784502,0.10458485735580325,0.0,0.2166276890784502,0.867722325026989,0.27516257040428393,0.11697973310947418,0.0,0.27516257040428393,0.83759774944999
308,0.0001,0.1491132164373994,0.9419616077336518,0.30238396109956683,0.8474657707537155,0.9164420191268281,49.91257047653198,0.23198848962783813,0.10646615596488118,0.0,0.23198848962783813,0.8559708818793297,0.27185293038686115,0.11551064659248698,0.0,0.27185293038686115,0.8403552644180529
309,0.0001,0.14678122103214264,0.9416030038450185,0.3058185830260768,0.8456682525462451,0.9155492113294248,39.18692326545715,0.22495057340711355,0.10609624441713095,0.0,0.22495057340711355,0.8644048981368542,0.2732003529866536,0.11655572779250867,0.0,0.2732003529866536,0.8386482939575658
310,0.0001,0.13931645452976227,0.9442787612240711,0.3030008944598111,0.8489315898671727,0.9173633337675227,42.108460426330566,0.21346895769238472,0.10323137510567904,0.0,0.21346895769238472,0.8714364841580391,0.27567978158141626,0.11346871383262402,0.0,0.27567978158141626,0.8396764433745182
311,0.0001,0.14945872547104955,0.9416743746783698,0.3153308666113651,0.8406237182517595,0.9123724468574272,40.38651633262634,0.2294844714924693,0.1060534855350852,0.0,0.2294844714924693,0.858164869248867,0.28015357797796075,0.11642611026763916,0.0,0.28015357797796075,0.8336469187881007
312,0.0001,0.14456805912777781,0.9434250066090404,0.30510697039690887,0.8471190854533799,0.9161380916133205,45.29114747047424,0.22335322946310043,0.10593150509521365,0.0,0.22335322946310043,0.8632632456719875,0.27645444869995117,0.11552717514110333,0.0,0.27645444869995117,0.8386312957965967
313,0.0001,0.14209010731428862,0.9441637824953297,0.30730808864940296,0.845309302828078,0.914857709713581,20.593284130096436,0.22023730352520943,0.10404449747875333,0.0,0.22023730352520943,0.8699706308543682,0.27651290821306634,0.11733933289845784,0.0,0.27651290821306634,0.8348788745475538
314,0.0001,0.14052844233810902,0.9447521586878886,0.30279815196990967,0.8481544214301813,0.9166991492776195,35.00926899909973,0.21574436035007238,0.10470945434644818,0.0,0.21574436035007238,0.8726842068135738,0.27501577138900757,0.11713076089367722,0.0,0.27501577138900757,0.8395438934817459
315,0.0001,0.14131181733682752,0.9442774797901585,0.31091495354970294,0.8426394501900688,0.9134080245886134,46.99513816833496,0.21913834009319544,0.10430587129667401,0.0,0.21913834009319544,0.8669065348803997,0.2752971558859854,0.12056581766316385,0.0,0.2752971558859854,0.8350496472734393
316,0.0001,0.14013828756287694,0.9459180009140876,0.307264784971873,0.8450005690519599,0.9149452499472129,53.47392749786377,0.22085451893508434,0.1041658422909677,0.0,0.22085451893508434,0.8677793741226196,0.27417555361083057,0.1115749708630822,0.0,0.27417555361083057,0.8390612168745561
317,0.0001,0.1416234578937292,0.9439132737193094,0.30394254128138226,0.8473840897545135,0.9163423237707078,23.96278190612793,0.2189419511705637,0.10258186655119061,0.0,0.2189419511705637,0.8652854412794113,0.27459220452742145,0.11367035453969782,0.0,0.27459220452742145,0.8379566398533908
318,0.0001,0.14236690802499652,0.9449447036005011,0.30605635137268994,0.8465767378896805,0.9159077646007899,19.316387176513672,0.22327722050249577,0.10598772717639804,0.0,0.22327722050249577,0.8635429888963699,0.27972687193841644,0.11870386835300561,0.0,0.27972687193841644,0.8333699757402594
319,0.0001,0.14473326271399856,0.9442224853256226,0.3042768384471084,0.847525091589688,0.9164251702429209,60.90110898017883,0.22970758005976677,0.1068817819468677,0.0,0.22970758005976677,0.8580394797027111,0.2741981166781801,0.112776877302112,0.0,0.2741981166781801,0.8378162058916959
320,0.0001,0.1365485447458923,0.9471086870933516,0.30515515262430365,0.8464540354777872,0.9158274716255314,57.23236107826233,0.2144018840044737,0.10342502407729626,0.0,0.2144018840044737,0.8719842694699764,0.2758198850082629,0.11833638088269667,0.0,0.2758198850082629,0.8345877726872762
321,0.0001,0.14164308086037636,0.9451279304371578,0.307216333620476,0.8463847432238862,0.9157579355669168,10.652268171310425,0.2238979833200574,0.10465387953445315,0.0,0.2238979833200574,0.8619244694709778,0.281041732340148,0.11518257766058951,0.0,0.281041732340148,0.8283954082113324
322,0.0001,0.13840634375810623,0.9459441402602665,0.3065747817357381,0.8451813002834448,0.9150641472720311,12.693243026733398,0.21856490336358547,0.10323945060372353,0.0,0.21856490336358547,0.8691975325345993,0.2721946149161368,0.11376973806005536,0.0,0.2721946149161368,0.8389987475944288
323,0.0001,0.13705822871997952,0.947378749451883,0.303808053334554,0.8478131469274839,0.9166089964095727,17.406100034713745,0.21548649203032255,0.10434318473562598,0.0,0.21548649203032255,0.8719922006130219,0.2739192283514774,0.11471550753622343,0.0,0.2739192283514774,0.8380269480474067
324,0.0001,0.13788117887452245,0.9461520050890789,0.30994044289444433,0.8438362405929584,0.9142948176083047,28.491899967193604,0.21692695934325457,0.10309164226055145,0.0,0.21692695934325457,0.8707153610885143,0.2705577449365096,0.11365935296723337,0.0,0.2705577449365096,0.8399803078535831
325,0.0001,0.13887706119567156,0.9467469100349973,0.3107326373909459,0.8439543626983143,0.9144011235600179,61.90374231338501,0.2221287665888667,0.10440619941800833,0.0,0.2221287665888667,0.8626232258975506,0.2774506409962972,0.11616495341965646,0.0,0.2774506409962972,0.8359724102598248
326,0.0001,0.1397009533829987,0.9471333923215848,0.300964406042388,0.8516625984616389,0.9189729060966904,83.7993860244751,0.22145498543977737,0.10502209374681115,0.0,0.22145498543977737,0.8643160834908485,0.278121166157,0.11278658653750565,0.0,0.278121166157,0.8344529018257604
327,0.0001,0.13567612692713737,0.9469088393513224,0.3090569756247781,0.84440283546566,0.9146120485399412,44.19726920127869,0.21327810548245907,0.10436646547168493,0.0,0.21327810548245907,0.8740355372428894,0.2742943113500422,0.11656432711716855,0.0,0.2742943113500422,0.837347975282958
328,0.0001,0.14258161978796124,0.9449922805669209,0.3109964367115136,0.8434817475669916,0.9140956713816761,32.40937256813049,0.2236932720988989,0.1041874885559082,0.0,0.2236932720988989,0.8602593913674355,0.27287252382798627,0.11219195344231346,0.0,0.27287252382798627,0.8363093029369008
329,0.0001,0.13489119661971927,0.948441759683123,0.3066609537962711,0.8461229895946912,0.9157020064803094,48.993640661239624,0.2169166961684823,0.10229220753535628,0.0,0.2169166961684823,0.8709036633372307,0.27521976196404657,0.11777130311185663,0.0,0.27521976196404657,0.835082623091611
330,0.0001,0.14196405047550797,0.9459207023754327,0.30038097049250745,0.8478777452428827,0.9167033599317234,61.20528769493103,0.22646992560476065,0.10627536056563258,0.0,0.22646992560476065,0.8616181164979935,0.2664774006063288,0.11318426150264162,0.0,0.2664774006063288,0.8402837894179604
331,0.0001,0.13651678711175919,0.9475439423451479,0.30217101357199927,0.8484946911545396,0.9169593657235205,40.02583980560303,0.2170835118740797,0.10331217059865594,0.0,0.2170835118740797,0.8674993850290775,0.27218687895572546,0.1128529834024834,0.0,0.27218687895572546,0.8379506215904698
332,0.0001,0.1356951603665948,0.9466765901650058,0.3009242596048297,0.8497367345170972,0.9177546168032217,80.00101351737976,0.21573965717107058,0.10228905035182834,0.0,0.21573965717107058,0.8703974075615406,0.2736824263225902,0.11661232330582359,0.0,0.2736824263225902,0.835459772384528
333,0.0001,0.1355243227444589,0.9490212852756652,0.30548839496843744,0.8468891583018398,0.916073525995054,120.49353170394897,0.21762180421501398,0.10269464692100883,0.0,0.21762180421501398,0.8706470839679241,0.2724636431896325,0.11414184579343507,0.0,0.2724636431896325,0.8374473235823892
334,0.0001,0.13351359777152538,0.9484012478919586,0.30797352935328626,0.8450187939897755,0.915008824579831,82.48524117469788,0.20945105887949467,0.10231917770579457,0.0,0.20945105887949467,0.8768927678465843,0.2727451360586918,0.11180975671970483,0.0,0.2727451360586918,0.8387200525312712
335,0.0001,0.13484175968915224,0.9489192905118558,0.30280438336459076,0.8486133603051813,0.9171189048348793,57.211618185043335,0.21733840461820364,0.10216092970222235,0.0,0.21733840461820364,0.8669996969401836,0.27083165537227283,0.11267512946417838,0.0,0.27083165537227283,0.8370579914613203
336,0.0001,0.13826581230387092,0.9463462861095201,0.30508989276308,0.8476706985882403,0.9165831007310138,60.39981508255005,0.21997424867004156,0.1050011720508337,0.0,0.21997424867004156,0.8657348789274693,0.26927415529886883,0.1101256265784755,0.0,0.26927415529886883,0.8394620057308313
337,0.0001,0.1368835628964007,0.9479654734288017,0.3025299653862462,0.8493426121695136,0.917542502086937,42.53822445869446,0.2181277209892869,0.10540791973471642,0.0,0.2181277209892869,0.8681073449552059,0.27238928187977185,0.11613421774271762,0.0,0.27238928187977185,0.8374172575546034
338,0.0001,0.13505250215530396,0.9478763039379278,0.3114362015868678,0.8441258320063234,0.9143904194040081,12.814258575439453,0.21488709468394518,0.1025241743773222,0.0,0.21488709468394518,0.86989925801754,0.2724420139283845,0.11395590504010518,0.0,0.2724420139283845,0.8373491330580278
339,0.0001,0.13275451073423028,0.9499335865510046,0.3064767230640758,0.8475644509613527,0.916480913441565,11.767635822296143,0.212738080881536,0.10118930600583553,0.0,0.212738080881536,0.8721811175346375,0.2732114177761656,0.11428640737678065,0.0,0.2732114177761656,0.8374026688662443
340,0.0001,0.1374437208287418,0.9478488163277408,0.3052211945707148,0.8467012638995045,0.9159359512847337,10.823932409286499,0.2189343050122261,0.10330042568966746,0.0,0.2189343050122261,0.8688673637807369,0.26874519116950757,0.11298004515243298,0.0,0.26874519116950757,0.8403474525971846
341,0.0001,0.13122520223259926,0.9498051019507854,0.30886548576932965,0.8449155480451487,0.9148722047756046,12.72066354751587,0.21146002039313316,0.1030748700723052,0.0,0.21146002039313316,0.8745593279600143,0.27093425844654895,0.11458917052456827,0.0,0.27093425844654895,0.8391164125818195
342,0.0001,0.1339954612776637,0.9481579947440182,0.30770591894785565,0.8458955231482423,0.9153745453265293,12.480640172958374,0.2149335741996765,0.10252221394330263,0.0,0.2149335741996765,0.8697723001241684,0.27112582416245434,0.11595892951343999,0.0,0.27112582416245434,0.8376041560462026
343,0.0001,0.1408727834932506,0.946255084136444,0.3092495636506514,0.8453552409460752,0.9151498608988028,13.264265537261963,0.22468142956495285,0.10575268883258104,0.0,0.22468142956495285,0.8624335303902626,0.2713529792698947,0.11259914754015027,0.0,0.2713529792698947,0.8376609050866329
344,0.0001,0.1321836025454104,0.9489497884757482,0.3113807331431996,0.8425434142356897,0.9134388360736249,18.850452661514282,0.21224324963986874,0.10209083836525679,0.0,0.21224324963986874,0.8721490055322647,0.2714985193628253,0.11537084434971664,0.0,0.2714985193628253,0.838111830480171
345,0.0001,0.1324411304667592,0.949498801442593,0.312399427096049,0.8414544870296554,0.9127644439930018,28.104105472564697,0.21390458848327398,0.10199523158371449,0.0,0.21390458848327398,0.8729664497077465,0.27156452879761206,0.1154109596303015,0.0,0.27156452879761206,0.8377964153434291
346,0.0001,0.1378331957384944,0.9463459577349873,0.3081753434556903,0.8444923277209615,0.9146660833120879,45.19597506523132,0.22007092367857695,0.10331440297886729,0.0,0.22007092367857695,0.8651271499693394,0.2720995924689553,0.11259234854669282,0.0,0.2720995924689553,0.8379058151534109
347,0.0001,0.13406239170581102,0.9487802159174277,0.30996996706182306,0.84320664099261,0.9139070152520719,54.80571985244751,0.21807462070137262,0.10214267112314701,0.0,0.21807462070137262,0.8695925660431385,0.273847551056833,0.11442168102119908,0.0,0.273847551056833,0.838176732713526
348,0.0001,0.13346162484958768,0.9494068821479944,0.30729463967410003,0.8459124407141596,0.9154808695724735,43.76226019859314,0.21564785111695528,0.10174446273595095,0.0,0.21564785111695528,0.8721186630427837,0.2715097828344865,0.1136126175071254,0.0,0.2715097828344865,0.8394271623004567
349,0.0001,0.13465494429692626,0.9480881797576896,0.3047906557718913,0.8477453003178228,0.9166040112696172,12.11427903175354,0.21685509756207466,0.10226908279582858,0.0,0.21685509756207466,0.8673469573259354,0.2696650696523262,0.11555733102740663,0.0,0.2696650696523262,0.8394245884635232
350,0.0001,0.13169072102755308,0.9500615352364391,0.30756715572241583,0.8456943079548063,0.9153938498056506,12.21354055404663,0.2133210701867938,0.10267945472151041,0.0,0.2133210701867938,0.8717460408806801,0.2701073559847745,0.11238566221612872,0.0,0.2701073559847745,0.8402994997573622
351,0.0001,0.13596655428409576,0.9478231063949514,0.30668863563826587,0.8469400371903428,0.9161200406764198,12.463218450546265,0.21962385158985853,0.1034609037451446,0.0,0.21962385158985853,0.8662975877523422,0.2726429881471576,0.11283729473749797,0.0,0.2726429881471576,0.8396371711384166
352,0.0001,0.13505650451406837,0.9479769045146931,0.31186070586695813,0.8429975188139618,0.9138271077243251,11.89967131614685,0.2172012086957693,0.10501142870634794,0.0,0.2172012086957693,0.8670264258980751,0.27347475109678326,0.11192529038949446,0.0,0.27347475109678326,0.8381601210796472
353,0.0001,0.1329755987972021,0.9489151994762506,0.31090757160475757,0.8446083813618043,0.914681162050103,11.410778284072876,0.21497744880616665,0.1021292433142662,0.0,0.21497744880616665,0.8723284304141998,0.2754764195644494,0.11355497168772148,0.0,0.2754764195644494,0.8367614276481398
354,0.0001,0.13433136232197285,0.9501890715957745,0.30429022962396796,0.8485350112528016,0.9171814834833416,12.0177161693573,0.22003662027418613,0.103640619199723,0.0,0.22003662027418613,0.8663356117904186,0.2714987920992302,0.11393141159505556,0.0,0.2714987920992302,0.837557644555063
355,0.0001,0.13216847460716963,0.9498172453505129,0.3081536329153812,0.8466197786347698,0.9160579322964664,11.546770572662354,0.2132475171238184,0.10147282620891929,0.0,0.2132475171238184,0.8715700134634972,0.2735945094715465,0.11415315487168053,0.0,0.2735945094715465,0.837564002383839
356,0.0001,0.13184962421655655,0.9507155545971429,0.303565086740436,0.849271039748797,0.917550482039179,11.11992859840393,0.2130616484209895,0.10325624933466315,0.0,0.2130616484209895,0.8753650225698948,0.2707577727057717,0.11121544151595145,0.0,0.2707577727057717,0.8401753053520665
357,0.0001,0.131632627453655,0.9492513810441959,0.30148785583900684,0.8514258328270488,0.9188665283351197,12.70397686958313,0.21452732663601637,0.10218442603945732,0.0,0.21452732663601637,0.8684266060590744,0.2715029716491699,0.11072634747534087,0.0,0.2715029716491699,0.839425878091292
358,0.0001,0.13139002211391926,0.9499918060222579,0.30664715441790497,0.8472740774562906,0.9164023651803958,12.27627968788147,0.21396268717944622,0.10007722163572907,0.0,0.21396268717944622,0.8707857020199299,0.2715493133573821,0.11376316168091515,0.0,0.2715493133573821,0.8390612710605968
359,0.0001,0.12921569123864174,0.9504479170362176,0.30989875757333,0.845638474049279,0.9154091826645707,12.005494832992554,0.21041138656437397,0.10079301195219159,0.0,0.21041138656437397,0.8726376257836819,0.274441300016461,0.11321876581871149,0.0,0.274441300016461,0.8373173240459326
360,0.0001,0.1299095912836492,0.9511982072495112,0.3113648439898635,0.8448950831607773,0.914911163482479,12.1098153591156,0.21196625102311373,0.10111166257411242,0.0,0.21196625102311373,0.8746599592268467,0.2732766071955363,0.11337350354050145,0.0,0.2732766071955363,0.8393905126687252
361,0.0001,0.1289096837863326,0.9521724242907299,0.3070569887305751,0.8471663813360026,0.9162861854430003,14.457756280899048,0.21237787976861,0.10193355707451701,0.0,0.21237787976861,0.8734201975166798,0.27099312435496936,0.11407891954436447,0.0,0.27099312435496936,0.8403425469542994
362,0.0001,0.128995593637228,0.9505586502103288,0.30766573638627026,0.8470862586195125,0.9162996585153903,11.664568185806274,0.20882715564221144,0.09996349271386862,0.0,0.20882715564221144,0.8747182302176952,0.27118358286944305,0.1130370886036844,0.0,0.27118358286944305,0.8394879608443289
363,0.0001,0.13336361991241574,0.9503344825380248,0.31103455659114954,0.8459793010358343,0.9156936558186918,12.70066785812378,0.21741364058107138,0.1022585155442357,0.0,0.21741364058107138,0.8698363676667213,0.27590321772026294,0.11135351206317093,0.0,0.27590321772026294,0.8379754135102937
364,0.0001,0.13016231078654528,0.9514553595404834,0.307746303803993,0.847144789059745,0.9163649019640902,75.05278253555298,0.2145107127726078,0.10230601858347654,0.0,0.2145107127726078,0.8704306967556477,0.2730567184361545,0.11021483034798593,0.0,0.2730567184361545,0.841778202490373
365,0.0001,0.1318741012364626,0.949920764799528,0.3058505943327239,0.8475098148621651,0.9165946432927136,58.59485650062561,0.21498793922364712,0.1017471426166594,0.0,0.21498793922364712,0.8681239001452923,0.27028991417451337,0.11162291963895161,0.0,0.27028991417451337,0.8386852434187224
366,0.0001,0.13223934220150113,0.9501994331034989,0.3037179166620428,0.8496552040135448,0.9178022746923067,18.92917251586914,0.2168159792199731,0.10319548333063722,0.0,0.2168159792199731,0.8693035170435905,0.2725107164093942,0.11083932311245889,0.0,0.2725107164093942,0.8374389807383219
367,0.0001,0.13188811670988798,0.9516107904927726,0.30721635168248956,0.8463183828352953,0.9158543355396807,30.918720722198486,0.22101643308997154,0.10136216832324862,0.0,0.22101643308997154,0.8653884939849377,0.2709221225796324,0.11265572905540466,0.0,0.2709221225796324,0.8394477674455354
368,0.0001,0.13251969730481505,0.9498272202494394,0.3057222149588845,0.8479173504621306,0.9167977387502062,54.20909118652344,0.21596024371683598,0.10188637860119343,0.0,0.21596024371683598,0.8715423159301281,0.2695528034007911,0.11361773989417336,0.0,0.2695528034007911,0.8398282112497272
369,0.0001,0.12695821654051542,0.9519945282087796,0.30415563330505835,0.8481182167434738,0.9168651553984557,57.993664503097534,0.20882187224924564,0.10078745801001787,0.0,0.20882187224924564,0.8750092424452305,0.2675641179084778,0.11169214501525417,0.0,0.2675641179084778,0.8399996053088795
370,0.0001,0.12951984303072095,0.9522330583703397,0.30703831802714954,0.8465153950052907,0.9158977594990659,37.09723496437073,0.21545866504311562,0.10138946725055575,0.0,0.21545866504311562,0.8693115301430225,0.2689786499196833,0.11360923945903778,0.0,0.2689786499196833,0.8411745140046785
371,0.0001,0.13229590700939298,0.9505303560160461,0.3078527667305686,0.8462157538665939,0.9157543898449308,52.7935836315155,0.21786142233759165,0.10170237207785249,0.0,0.21786142233759165,0.8669438511133194,0.2684358177763043,0.11097355322404341,0.0,0.2684358177763043,0.8412546389030687
372,0.0001,0.13169472105801105,0.950022824246067,0.3097677266958988,0.8463591313883938,0.9157929445217939,54.79588437080383,0.21612761728465557,0.10165581060573459,0.0,0.21612761728465557,0.8680063560605049,0.27405166987216834,0.11449647672248608,0.0,0.27405166987216834,0.8386290994557467
373,0.0001,0.1277036969549954,0.9527584458430954,0.3110101186867916,0.8452106392740065,0.9151795760257249,61.40285849571228,0.21271299570798874,0.10079812398180366,0.0,0.21271299570798874,0.8737699650228024,0.27255242882352887,0.11354564536701549,0.0,0.27255242882352887,0.8398122588793436
374,0.0001,0.1272731674835086,0.9525576129833946,0.3127389477960991,0.8433855458227386,0.9140823505384749,13.72654390335083,0.21349813789129257,0.10105341114103794,0.0,0.21349813789129257,0.872930932790041,0.27306879650462756,0.1135022622166258,0.0,0.27306879650462756,0.8378448070901813
375,0.0001,0.12808470288291574,0.9518607719433368,0.3067760413343256,0.8474445794810916,0.9165182466412536,10.718380689620972,0.21243150252848864,0.10081448080018163,0.0,0.21243150252848864,0.8726587072014809,0.2721114953358968,0.11347575621171431,0.0,0.2721114953358968,0.8382011019822323
376,0.0001,0.13034916203469038,0.9515962557401213,0.3099849187966549,0.8456454574341712,0.9154324857887082,11.99100923538208,0.21695334278047085,0.10198235884308815,0.0,0.21695334278047085,0.8674028813838959,0.27216129953211005,0.11038878469756155,0.0,0.27216129953211005,0.8403685652848446
377,0.0001,0.13114311592653394,0.951879160502537,0.31509810505491315,0.8426301649659056,0.9135659318542136,11.549943685531616,0.22130391094833612,0.1039075255393982,0.0,0.22130391094833612,0.8652952611446381,0.2752647074786099,0.1102863685651259,0.0,0.2752647074786099,0.8356823108413003
378,0.0001,0.1295737326145172,0.9528223132703553,0.30813173814253375,0.8486362223162435,0.9171811548581147,10.990449905395508,0.21750689670443535,0.1007611844688654,0.0,0.21750689670443535,0.8661546446382999,0.27911786057732324,0.11292679382093025,0.0,0.27911786057732324,0.834031899770101
379,0.0001,0.13205090630799532,0.9505611101151735,0.31313267621127044,0.8438103554088442,0.914379621746561,11.356004238128662,0.22015550639480352,0.10390863055363297,0.0,0.22015550639480352,0.868856992572546,0.27629511284105707,0.10984010091333678,0.0,0.27629511284105707,0.8377421823414889
380,0.0001,0.1300941244699061,0.9532230991876169,0.30816553216992004,0.8460492019238569,0.9156829133231518,11.61618947982788,0.21665548533201218,0.1020734766498208,0.0,0.21665548533201218,0.8676262386143208,0.2735930952158841,0.11504250087521294,0.0,0.2735930952158841,0.8379641861626597
381,0.0001,0.1304780994541943,0.9521610655851799,0.3093564745151635,0.846798232278387,0.916087318304228,12.230425834655762,0.21913778316229582,0.10407612938433886,0.0,0.21913778316229582,0.8668726533651352,0.2746499975522359,0.11457074320677554,0.0,0.2746499975522359,0.8380498037193761
382,0.0001,0.12974409479647875,0.9534789755406339,0.3126590107426499,0.8429524932787889,0.9137870764354045,12.64074969291687,0.21864739526063204,0.10200025653466582,0.0,0.21864739526063204,0.8659101761877537,0.2730093544179743,0.11087798394940117,0.0,0.2730093544179743,0.8396299987128286
383,0.0001,0.12479161052033305,0.9537856273643633,0.3126815810348048,0.8433966345996887,0.914071938017132,11.066869497299194,0.20855530723929405,0.09866023762151599,0.0,0.20855530723929405,0.8775738999247551,0.2741259517091693,0.11414882811633023,0.0,0.2741259517091693,0.8378117337371364
384,0.0001,0.1304292599670589,0.9521399013345274,0.3060987013759035,0.8483374198956455,0.9170262001536291,10.952407598495483,0.2184154624119401,0.10346707468852401,0.0,0.2184154624119401,0.8692653216421604,0.2719846692952243,0.11235037129936797,0.0,0.2719846692952243,0.8385902101343329
385,0.0001,0.127212377730757,0.9537059408544692,0.30349603746876574,0.8486191998570999,0.9171408500147507,10.814318895339966,0.21389799378812313,0.10173033038154244,0.0,0.21389799378812313,0.8727358691394329,0.2710122122909083,0.11319436087752834,0.0,0.2710122122909083,0.8386964238051212
386,0.0001,0.12356570456176996,0.9550860525363818,0.3078733574260365,0.8460061748531172,0.9156574412097975,13.650017499923706,0.21064531803131104,0.09956707339733839,0.0,0.21064531803131104,0.8713993914425373,0.2686736746267839,0.1125453511873881,0.0,0.2686736746267839,0.8395239187009407
387,0.0001,0.12587579246610403,0.9544446619996557,0.30924229549639154,0.8453373657665104,0.9152293597332091,11.125453472137451,0.2127199126407504,0.10099442256614566,0.0,0.2127199126407504,0.8738073743879795,0.26977257295088336,0.11285491152243181,0.0,0.26977257295088336,0.8386624003901626
388,0.0001,0.12525377422571182,0.9544617714947865,0.3053660663691434,0.8486657440509947,0.917218600874277,11.685243606567383,0.20991911739110947,0.10089546302333474,0.0,0.20991911739110947,0.8773910701274872,0.2695489832849214,0.10805414120356242,0.0,0.2695489832849214,0.8419033054149512
389,0.0001,0.12789725698530674,0.9532336721740802,0.30896181951869617,0.8473299457721596,0.9164397725824922,11.785879850387573,0.21613159123808146,0.10112618142738938,0.0,0.21613159123808146,0.8692608401179314,0.2742608388264974,0.11195911512230382,0.0,0.2742608388264974,0.8385648962223169
390,0.0001,0.12259910628199577,0.9546106289813068,0.3116158969474561,0.844476206749082,0.914708047352663,11.526834726333618,0.2062895307317376,0.09983906196430326,0.0,0.2062895307317376,0.8800396881997585,0.2713090976079305,0.11011040210723877,0.0,0.2713090976079305,0.8405114195563577
391,0.0001,0.12532299757003784,0.9539070363543876,0.3132422458041798,0.8437105351645069,0.9142173373062058,11.709546327590942,0.21034398768097162,0.09885058039799333,0.0,0.21034398768097162,0.8731362633407116,0.27182266928932886,0.11073239463748354,0.0,0.27182266928932886,0.8390740950902303
392,0.0001,0.12111064000055194,0.9565001484306835,0.30732496579488117,0.8471127315540453,0.916268406888629,12.387348175048828,0.20624522026628256,0.09861980099231005,0.0,0.20624522026628256,0.8792035803198814,0.27319528117324365,0.11262791355450948,0.0,0.27319528117324365,0.8381394093686884
393,0.0001,0.12719330983236432,0.9532293443816444,0.3084670395562143,0.8460022148545282,0.91562912142775,10.451084852218628,0.21255291067063808,0.10144011490046978,0.0,0.21255291067063808,0.8740062713623047,0.26919089483492303,0.11049201091130574,0.0,0.26919089483492303,0.8404619314453818
394,0.0001,0.12661789171397686,0.9536784687129389,0.30752047625454987,0.8460179064059203,0.9156693352562707,11.236175537109375,0.2157801752910018,0.10042895469814539,0.0,0.2157801752910018,0.8714712932705879,0.2690364754561222,0.11192083178144513,0.0,0.2690364754561222,0.839658184485002
395,0.0001,0.1267787255346775,0.9525980949833629,0.3120390393517234,0.8438871052148614,0.9144284480783462,11.50996732711792,0.2133372500538826,0.10126048838719726,0.0,0.2133372500538826,0.8695658557116985,0.2706623835997148,0.11061392272963669,0.0,0.2706623835997148,0.8413543050939386
396,0.0001,0.12692779954522848,0.954187299358567,0.30883877205126214,0.8455499326236794,0.915447842183915,10.601745367050171,0.2144657764583826,0.0994653319939971,0.0,0.2144657764583826,0.8682865388691425,0.27126111406268494,0.11420695980389912,0.0,0.27126111406268494,0.8385300726601572
397,0.0001,0.12402574345469475,0.9540924784779291,0.3148129221164819,0.8425368936411016,0.913585420019659,12.195214986801147,0.20934774074703455,0.10007277829572558,0.0,0.20934774074703455,0.8768957033753395,0.2716070088473233,0.11044722660021349,0.0,0.2716070088473233,0.8377721905708313
398,0.0001,0.12579542631283402,0.9533226188709364,0.31024721716389514,0.8451797229023926,0.9151368154901274,11.601110935211182,0.2119296183809638,0.09985510818660259,0.0,0.2119296183809638,0.8736269287765026,0.2702813708420956,0.11209560569488641,0.0,0.2702813708420956,0.8401421742005781
399,0.0001,0.12816502898931503,0.9535066006656179,0.3104787631468339,0.8443748817214539,0.914684311277177,12.189419269561768,0.21657328959554434,0.10231863427907228,0.0,0.21657328959554434,0.8707406856119633,0.2705605391300086,0.11132343971368039,0.0,0.2705605391300086,0.8389525630257346
