epoch,lr,loss,iou,val_loss,val_iou,val_dice,epoch_sec,train_ctrl,train_foc,train_ma_mean,train_rho_std,train_ctrl_bce,train_cell_iou,val_ctrl,val_foc,val_ma_mean,val_rho_std,val_ctrl_bce,val_cell_iou,norm_route1_wc,norm_route1_wa,norm_route1_beta,norm_route2_wc,norm_route2_wa,norm_route2_beta,norm_route3_wc,norm_route3_wa,norm_route3_beta,norm_route4_wc,norm_route4_wa,norm_route4_beta
0,0.0001,1.2095347717404366,0.4534332395144571,1.2647612925731775,0.48416474298747386,0.6508076258658141,70.64148306846619,0.6929798945784569,0.47441354021430016,0.0,0.0,0.6929798945784569,0.2579806577414274,0.6931378913648201,0.49265822768211365,0.0,0.0,0.6931378913648201,0.5262488162878788,0.02575060725212097,0.0,0.007280651479959488,0.0411183126270771,0.0,0.008219744078814983,0.07551730424165726,0.0,0.009739095345139503,0.07817353308200836,0.0,0.008248107507824898
1,0.0001,1.104532927274704,0.5990558576290372,1.2807119831894382,0.3550080882240301,0.5239054953519218,10.015501499176025,0.6918241009116173,0.437346488237381,0.0,0.0,0.6918241009116173,0.46924183517694473,0.6930537422498068,0.5026101018443252,0.0,0.0,0.6930537422498068,0.5262488162878788,0.048788607120513916,0.0,0.01597786135971546,0.06946256011724472,0.0,0.016053639352321625,0.11569687724113464,0.0,0.01463428046554327,0.10598623752593994,0.0,0.011570320464670658
2,0.0001,1.0391361713409424,0.6495362889742434,1.379136663494688,0.2487443492488537,0.39779300950445473,9.456831216812134,0.6892825216054916,0.4192151315510273,0.0,0.0,0.6892825216054916,0.5262058395892382,0.6927442604845221,0.5370169354207588,0.0,0.0,0.6927442604845221,0.5262488162878788,0.06850177049636841,0.0,0.02409622073173523,0.09275049716234207,0.0,0.02279011718928814,0.1431068331003189,0.0,0.01836933195590973,0.12501585483551025,0.0,0.014145872555673122
3,0.0001,0.9991236850619316,0.6674201032722036,1.2718385060628254,0.3227732908105498,0.4871709487080049,9.424489736557007,0.6853097528219223,0.4048824142664671,0.0,0.0,0.6853097528219223,0.5534134116023779,0.6925523208849358,0.5016877470594464,0.0,0.0,0.6925523208849358,0.5262488162878788,0.0859357938170433,0.0,0.03139861300587654,0.11426160484552383,0.0,0.02910609357059002,0.16843074560165405,0.0,0.021418290212750435,0.14286178350448608,0.0,0.017067208886146545
4,0.0001,0.9490489661693573,0.7135049238018546,1.2125697569413618,0.5280531316789661,0.6890733649260667,9.596805334091187,0.6790003180503845,0.38879742845892906,0.0,0.0,0.6790003180503845,0.5720472410321236,0.691884868072741,0.5156564748648441,0.0,0.0,0.691884868072741,0.5262488162878788,0.10239710658788681,0.0,0.038484591990709305,0.13491955399513245,0.0,0.03567090258002281,0.18651165068149567,0.0,0.024373728781938553,0.15991832315921783,0.0,0.020627932623028755
5,0.0001,0.9376654177904129,0.6965238531271997,1.1687786615256108,0.516711321844007,0.6796050929861536,9.760921478271484,0.6721894256770611,0.3831360060721636,0.0,0.0,0.6721894256770611,0.5865200720727444,0.6898460893919973,0.4856251875559489,0.0,0.0,0.6898460893919973,0.5265740192297733,0.11676699668169022,0.0,0.04460185021162033,0.15370197594165802,0.0,0.041512973606586456,0.20781360566616058,0.0,0.027862010523676872,0.1777166873216629,0.0,0.024527383968234062
6,0.0001,0.9063373394310474,0.7304177980367978,1.033613580645937,0.628154184065438,0.7692670733176457,9.402245044708252,0.6638780906796455,0.37665713764727116,0.0,0.0,0.6638780906796455,0.5871639661490917,0.6833137201540398,0.43547211993824353,0.0,0.0,0.6833137201540398,0.5309109326564905,0.13014569878578186,0.0,0.0500178188085556,0.17132316529750824,0.0,0.04725392907857895,0.22514554858207703,0.0,0.030891312286257744,0.1940927356481552,0.0,0.02833906002342701
7,0.0001,0.8787621892988682,0.7458596273583389,1.0261648495992024,0.6236846020246877,0.7668722300787418,9.818485736846924,0.6543078348040581,0.36315399780869484,0.0,0.0,0.6543078348040581,0.6159120388329029,0.6765618667458043,0.4324794592279376,0.0,0.0,0.6765618667458043,0.5501293540000916,0.14283789694309235,0.0,0.05525096133351326,0.18578852713108063,0.0,0.05290840193629265,0.23527361452579498,0.0,0.0336555540561676,0.2083563655614853,0.0,0.03150903061032295
8,0.0001,0.8644080832600594,0.7526257997989348,0.9529951016108195,0.6660701547015492,0.7964477930832825,9.079414129257202,0.6436267420649529,0.3653678856790066,0.0,0.0,0.6436267420649529,0.6174853593111038,0.6688993211948511,0.39817299806710443,0.0,0.0,0.6688993211948511,0.5694482642592806,0.15515798330307007,0.0,0.06026957184076309,0.20076294243335724,0.0,0.058631476014852524,0.24810783565044403,0.0,0.03639086335897446,0.22349753975868225,0.0,0.03590283915400505
9,0.0001,0.8462952747941017,0.7667687523786169,0.9712052489771987,0.6519531469425045,0.7849296199934344,9.273959636688232,0.6325541324913502,0.3631880469620228,0.0,0.0,0.6325541324913502,0.6365784369409084,0.6634329557418823,0.41907471960241144,0.0,0.0,0.6634329557418823,0.577446227723902,0.16719196736812592,0.0,0.0651371106505394,0.2122652679681778,0.0,0.06413338333368301,0.2606406807899475,0.0,0.03948703780770302,0.2348170429468155,0.0,0.038274288177490234
10,0.0001,0.8332048654556274,0.7691088470976573,0.9297655459606287,0.6901586801564984,0.8140762149803762,9.406994104385376,0.6207363232970238,0.35550589486956596,0.0,0.0,0.6207363232970238,0.6445756033062935,0.6571398160674355,0.39840650739091815,0.0,0.0,0.6571398160674355,0.5836603957595248,0.17836791276931763,0.0,0.06966955959796906,0.22403116524219513,0.0,0.06957961618900299,0.2747075855731964,0.0,0.043116245418787,0.2462456226348877,0.0,0.04040871933102608
11,0.0001,0.8098665960133076,0.7883082619536161,0.9859662489457564,0.6279061389834584,0.7698876594456874,9.94581937789917,0.6077093258500099,0.35223329812288284,0.0,0.0,0.6077093258500099,0.6577978283166885,0.6560169928001635,0.4171955260363492,0.0,0.0,0.6560169928001635,0.5869705406102267,0.1891668140888214,0.0,0.07408416271209717,0.2356497049331665,0.0,0.07544341683387756,0.2830313742160797,0.0,0.04561430960893631,0.2560504674911499,0.0,0.04259493947029114
12,0.0001,0.7992317751049995,0.7865686680775713,0.9612503232377948,0.6555442595524691,0.7906766569822906,9.326616287231445,0.5963331609964371,0.3479964006692171,0.0,0.0,0.5963331609964371,0.6664142198860645,0.6460312677152229,0.40942139155936963,0.0,0.0,0.6460312677152229,0.58565866856864,0.20020446181297302,0.0,0.07862026244401932,0.24599701166152954,0.0,0.08080169558525085,0.2905178964138031,0.0,0.04707041010260582,0.2663160562515259,0.0,0.0459667406976223
13,0.0001,0.7761974111199379,0.8060216496988014,0.9909923076629639,0.637084146680979,0.7760376583377004,9.476737022399902,0.5834567621350288,0.3422276396304369,0.0,0.0,0.5834567621350288,0.6689449921250343,0.6489783995079271,0.4057983295484023,0.0,0.0,0.6489783995079271,0.5859821619409503,0.2112441509962082,0.0,0.08299631625413895,0.25525006651878357,0.0,0.08641430735588074,0.2992507517337799,0.0,0.049678534269332886,0.2763245105743408,0.0,0.048574261367321014
14,0.0001,0.7810198590159416,0.7950239392920018,0.9311567833929351,0.6880865560889721,0.8121947529786697,9.736144065856934,0.575764462351799,0.3412236403673887,0.0,0.0,0.575764462351799,0.6720646619796753,0.64912431529074,0.39449793100357056,0.0,0.0,0.64912431529074,0.5623615510535963,0.22200067341327667,0.0,0.0871916264295578,0.2665761411190033,0.0,0.09151466190814972,0.30770644545555115,0.0,0.05237622559070587,0.28622496128082275,0.0,0.051536694169044495
15,0.0001,0.7692947275936604,0.79764858091963,0.9410138202436042,0.664147919487621,0.7966069908849375,9.313018798828125,0.5657588317990303,0.3413851922377944,0.0,0.0,0.5657588317990303,0.6752758286893368,0.6312911438219475,0.3893362283706665,0.0,0.0,0.6312911438219475,0.5968964632713434,0.2323734611272812,0.0,0.09111892431974411,0.27563363313674927,0.0,0.09589346498250961,0.31835708022117615,0.0,0.0546211339533329,0.2938622236251831,0.0,0.053658902645111084
16,0.0001,0.7518591061234474,0.814299886363199,0.9246017607775602,0.6735639507289354,0.8021365584486888,9.466126203536987,0.5557485297322273,0.3381116781383753,0.0,0.0,0.5557485297322273,0.6740438267588615,0.6228152549628055,0.3872335815068447,0.0,0.0,0.6228152549628055,0.615148124369708,0.2426277995109558,0.0,0.09490658342838287,0.2856770157814026,0.0,0.1003340557217598,0.32698771357536316,0.0,0.05620807409286499,0.30215898156166077,0.0,0.0554257333278656
17,0.0001,0.7325198091566563,0.8230292345773904,0.937546376026038,0.6476373306692792,0.7839978799782454,9.593766927719116,0.5412188731133938,0.33238337468355894,0.0,0.0,0.5412188731133938,0.6939383298158646,0.6313130241451841,0.3793085939956434,0.0,0.0,0.6313130241451841,0.5771972437699636,0.2530464828014374,0.0,0.09883376955986023,0.2932819128036499,0.0,0.10548834502696991,0.3333998918533325,0.0,0.057923823595047,0.3104300796985626,0.0,0.05738547816872597
18,0.0001,0.7316315993666649,0.8143281727641606,0.9006812644727302,0.6901252594865342,0.8145757067829851,9.484461545944214,0.5367240458726883,0.3297433592379093,0.0,0.0,0.5367240458726883,0.687849760055542,0.6251907818245165,0.3893127062103965,0.0,0.0,0.6251907818245165,0.5883999105655786,0.2629365622997284,0.0,0.10261720418930054,0.30243808031082153,0.0,0.11039276421070099,0.3412438929080963,0.0,0.059389129281044006,0.32003873586654663,0.0,0.060147177428007126
19,0.0001,0.7123069576919079,0.8280219448683336,0.9371238079938021,0.6565910614484013,0.7898031950323865,9.719744682312012,0.5185419637709856,0.32728190813213587,0.0,0.0,0.5185419637709856,0.7028549313545227,0.6185018077041163,0.39437631766001385,0.0,0.0,0.6185018077041163,0.5993088781833649,0.2726443111896515,0.0,0.10647626966238022,0.3091753423213959,0.0,0.11565429717302322,0.34780383110046387,0.0,0.061304159462451935,0.3297053277492523,0.0,0.06250137090682983
20,0.0001,0.716932725161314,0.8214302477756519,0.9809487154989531,0.577467088039885,0.7313850931386607,9.993214130401611,0.5124395042657852,0.33513092156499624,0.0,0.0,0.5124395042657852,0.7038672231137753,0.6086090712836294,0.40994338736389624,0.0,0.0,0.6086090712836294,0.6394414088942788,0.2823233902454376,0.0,0.11016719788312912,0.3175771236419678,0.0,0.1201057881116867,0.3543056845664978,0.0,0.06289011240005493,0.33826136589050293,0.0,0.06420554965734482
21,0.0001,0.7089136131107807,0.8189647524109283,0.9008153496366559,0.6928249320791448,0.8142775033041937,10.895677089691162,0.5057517513632774,0.33050815388560295,0.0,0.0,0.5057517513632774,0.7048336751759052,0.6263847892934625,0.3956880379806865,0.0,0.0,0.6263847892934625,0.5718693399068081,0.2917712926864624,0.0,0.11359074711799622,0.32537198066711426,0.0,0.12362117320299149,0.362471342086792,0.0,0.06573169678449631,0.3448152542114258,0.0,0.06596551835536957
22,0.0001,0.6914314031600952,0.8331172541927518,0.9824162541013776,0.6437663345322364,0.7801535693571239,9.798987865447998,0.4955060128122568,0.32905165664851665,0.0,0.0,0.4955060128122568,0.7170519568026066,0.6223855090863777,0.41000032966787164,0.0,0.0,0.6223855090863777,0.5935410062472025,0.30169814825057983,0.0,0.11724318563938141,0.3329392075538635,0.0,0.1277717500925064,0.3686213195323944,0.0,0.06774483621120453,0.3524834215641022,0.0,0.0679561048746109
23,0.0001,0.6758120059967041,0.8464271560325678,0.9272981304110903,0.629396031040304,0.7703124709887864,9.539679288864136,0.4851995687931776,0.32731823436915874,0.0,0.0,0.4851995687931776,0.721530444920063,0.6126177690245889,0.3913186526659763,0.0,0.0,0.6126177690245889,0.5907495437246381,0.3111545443534851,0.0,0.12074059993028641,0.34383323788642883,0.0,0.13309505581855774,0.3752983510494232,0.0,0.06964809447526932,0.35877540707588196,0.0,0.06985174864530563
24,0.0001,0.6756649203598499,0.8341263273686651,1.0197707306254993,0.5224660664266169,0.6849898857970601,9.266047477722168,0.4770426042377949,0.3211762513965368,0.0,0.0,0.4770426042377949,0.7183139696717262,0.6143669576355906,0.42409624836661597,0.0,0.0,0.6143669576355906,0.58014146306298,0.3203626871109009,0.0,0.12428862601518631,0.3502541184425354,0.0,0.13794197142124176,0.38033729791641235,0.0,0.07080116122961044,0.3631279468536377,0.0,0.07194435596466064
25,0.0001,0.6792936399579048,0.8255272333230592,0.8162253191976836,0.7312515424177971,0.8422893882909955,9.249784231185913,0.4697598498314619,0.33036448433995247,0.0,0.0,0.4697598498314619,0.7234266921877861,0.5806951161586877,0.3546822829680009,0.0,0.0,0.5806951161586877,0.6364661897673751,0.3300703465938568,0.0,0.12756845355033875,0.35771310329437256,0.0,0.1417175531387329,0.38670772314071655,0.0,0.07221543043851852,0.3708314597606659,0.0,0.07475769519805908
26,0.0001,0.6701458916068077,0.8256374043198549,0.9373765027884281,0.6449723583034613,0.7808166591074478,10.515633344650269,0.4664437845349312,0.31847968976944685,0.0,0.0,0.4664437845349312,0.7172956541180611,0.6210751280640111,0.37917003667715826,0.0,0.0,0.6210751280640111,0.5676988426483038,0.33868545293807983,0.0,0.1306433528661728,0.36576569080352783,0.0,0.1455911099910736,0.39287737011909485,0.0,0.07414905726909637,0.3778243958950043,0.0,0.07663164287805557
27,0.0001,0.6482471339404583,0.8462799222101162,0.8497962482047804,0.712842504259478,0.8284240393044205,15.20102071762085,0.453946890309453,0.32155580446124077,0.0,0.0,0.453946890309453,0.7378696352243423,0.6015306747320927,0.3714951060035012,0.0,0.0,0.6015306747320927,0.5911035880897985,0.34676429629325867,0.0,0.13392695784568787,0.37253251671791077,0.0,0.1494576781988144,0.3984256386756897,0.0,0.0759073793888092,0.38463252782821655,0.0,0.07860599458217621
28,0.0001,0.6393173150718212,0.8523341267004456,0.7846185041196418,0.7612842798339918,0.8634781799556189,14.331586837768555,0.4449136257171631,0.3173812311142683,0.0,0.0,0.4449136257171631,0.7422803044319153,0.5549020767211914,0.36794093070608197,0.0,0.0,0.5549020767211914,0.6552500092622006,0.35516905784606934,0.0,0.13722360134124756,0.37858763337135315,0.0,0.15430738031864166,0.40384766459465027,0.0,0.077834852039814,0.3895803987979889,0.0,0.08032158017158508
29,0.0001,0.6490318290889263,0.8403149032157884,0.8419755047017877,0.6952914559139128,0.8191390019205198,15.350333452224731,0.4477054588496685,0.32726058177649975,0.0,0.0,0.4477054588496685,0.7313683368265629,0.5746534340309374,0.37178517200730066,0.0,0.0,0.5746534340309374,0.6329876419269678,0.36428704857826233,0.0,0.1405400186777115,0.3875197470188141,0.0,0.15792502462863922,0.4088498055934906,0.0,0.07946956157684326,0.3970058560371399,0.0,0.08295530080795288
30,0.0001,0.6460191048681736,0.835706781149695,0.8127847909927368,0.7365058659683682,0.8456665891648447,14.931801557540894,0.43775102496147156,0.31646643206477165,0.0,0.0,0.43775102496147156,0.733054343611002,0.6101697484652201,0.36721582394657715,0.0,0.0,0.6101697484652201,0.574694422158328,0.3727424442768097,0.0,0.1432892233133316,0.39573246240615845,0.0,0.16072119772434235,0.4132159948348999,0.0,0.08152242749929428,0.40346869826316833,0.0,0.08527907729148865
31,0.0001,0.633662186563015,0.8405968482373605,0.8159911849282004,0.7312499623778174,0.841863576516627,14.712239265441895,0.43371585197746754,0.3178973086178303,0.0,0.0,0.43371585197746754,0.7402635626494884,0.5786431160840121,0.37516813025330054,0.0,0.0,0.5786431160840121,0.6131644167683341,0.38066044449806213,0.0,0.1463659554719925,0.40256962180137634,0.0,0.16405686736106873,0.41811874508857727,0.0,0.08266579359769821,0.40955138206481934,0.0,0.0879603922367096
32,0.0001,0.6318468488752842,0.8376530278707351,0.7613844438032671,0.7560278022381214,0.8592942388623117,15.603691816329956,0.4296517129987478,0.31645243521779776,0.0,0.0,0.4296517129987478,0.7394317351281643,0.567566681991924,0.3478102015726494,0.0,0.0,0.567566681991924,0.6125856150280345,0.38931605219841003,0.0,0.14956381916999817,0.40910452604293823,0.0,0.1681523472070694,0.42218974232673645,0.0,0.0846838727593422,0.41391393542289734,0.0,0.08960384875535965
33,0.0001,0.6174016483128071,0.8494902634870255,0.8106519200585105,0.7432687282338225,0.8493504530007115,16.33332848548889,0.4259138200432062,0.3049470838159323,0.0,0.0,0.4259138200432062,0.7371806763112545,0.5798981153603756,0.35994124593156757,0.0,0.0,0.5798981153603756,0.6055072320230079,0.3980783224105835,0.0,0.15263812243938446,0.41581276059150696,0.0,0.17218860983848572,0.4252554178237915,0.0,0.08618108183145523,0.41887158155441284,0.0,0.09096094965934753
34,0.0001,0.6146091744303703,0.8494994356922676,0.844468066186616,0.6838330675415804,0.809248622181006,14.809129238128662,0.41704796627163887,0.31114637665450573,0.0,0.0,0.41704796627163887,0.7500582598149776,0.5435079805778734,0.37644917314702814,0.0,0.0,0.5435079805778734,0.6485699939005303,0.4058138132095337,0.0,0.15560439229011536,0.42183756828308105,0.0,0.1762036830186844,0.43027135729789734,0.0,0.08793486654758453,0.42606252431869507,0.0,0.0925545021891594
35,0.0001,0.6047520935535431,0.8524203538992611,0.7841334848692922,0.7359319394882448,0.8454400199414847,15.5338716506958,0.4066175576299429,0.3109832610934973,0.0,0.0,0.4066175576299429,0.7555800154805183,0.5512122349305586,0.3551332544196736,0.0,0.0,0.5512122349305586,0.6393136038924708,0.41426774859428406,0.0,0.1586405336856842,0.4292294979095459,0.0,0.1801287829875946,0.43718579411506653,0.0,0.08969347178936005,0.43162867426872253,0.0,0.09481963515281677
36,0.0001,0.6170404739677906,0.8400289475503164,0.8227700356281165,0.7145013509295572,0.830977606858375,14.998501300811768,0.41349010169506073,0.3162678638473153,0.0,0.0,0.41349010169506073,0.7511596046388149,0.5900923519423513,0.40293981812217017,0.0,0.0,0.5900923519423513,0.6001369718349341,0.4216901957988739,0.0,0.16159875690937042,0.4345548450946808,0.0,0.18299131095409393,0.4417199492454529,0.0,0.09105699509382248,0.43870118260383606,0.0,0.09702079743146896
37,0.0001,0.5941784754395485,0.8539940434668766,0.8056421821767633,0.7246189838541648,0.8377798287172522,15.532154321670532,0.4002282880246639,0.3054644474759698,0.0,0.0,0.4002282880246639,0.7586229331791401,0.5977898185903375,0.35349576220367895,0.0,0.0,0.5977898185903375,0.5832754102620211,0.42929700016975403,0.0,0.16402573883533478,0.4415736496448517,0.0,0.18630428612232208,0.44565549492836,0.0,0.09279435873031616,0.4415781497955322,0.0,0.09810534119606018
38,0.0001,0.5807322133332491,0.8636552718585915,0.7784084171959849,0.7325983605257805,0.8422114635137241,15.528593301773071,0.39278153888881207,0.3051765002310276,0.0,0.0,0.39278153888881207,0.7624937035143375,0.5515382705312787,0.3509725070360935,0.0,0.0,0.5515382705312787,0.6269336541493734,0.43732932209968567,0.0,0.16708636283874512,0.445909321308136,0.0,0.19078506529331207,0.44810590147972107,0.0,0.09484773874282837,0.44483712315559387,0.0,0.09941677749156952
39,0.0001,0.5721062570810318,0.8661577400011464,0.8910605112711588,0.6605743564207546,0.7906157363226973,15.626342296600342,0.38120463863015175,0.3011844623833895,0.0,0.0,0.38120463863015175,0.7736220508813858,0.6045345212474014,0.3747832188100526,0.0,0.0,0.6045345212474014,0.584147906664646,0.4449171721935272,0.0,0.1701211929321289,0.4523395001888275,0.0,0.19505497813224792,0.45192134380340576,0.0,0.09687786549329758,0.4469660222530365,0.0,0.10094320774078369
40,0.0001,0.5799595192074776,0.8566700530729452,0.772661364439762,0.7516041016722039,0.8572387890734604,15.117025375366211,0.38641022332012653,0.3034184370189905,0.0,0.0,0.38641022332012653,0.7607809565961361,0.5674192562247767,0.3718003233273824,0.0,0.0,0.5674192562247767,0.6095396144823595,0.4525420367717743,0.0,0.17312990128993988,0.4590948820114136,0.0,0.1992097795009613,0.45506399869918823,0.0,0.09825194627046585,0.45077353715896606,0.0,0.10234763473272324
41,0.0001,0.5787359587848186,0.857548163090035,0.7705459414106427,0.754627586397811,0.8584788824531963,15.628820657730103,0.3920862302184105,0.30456530675292015,0.0,0.0,0.3920862302184105,0.7573734037578106,0.5806242968096877,0.3854368527730306,0.0,0.0,0.5806242968096877,0.6023915653878992,0.46087828278541565,0.0,0.17622877657413483,0.4644797146320343,0.0,0.20338086783885956,0.4582067131996155,0.0,0.09991868585348129,0.4540744423866272,0.0,0.10393510013818741
42,0.0001,0.5663868151605129,0.8649585299589113,0.727802291060939,0.7599976885791507,0.8614393243967919,15.528255462646484,0.3844019044190645,0.3047066256403923,0.0,0.0,0.3844019044190645,0.7600936442613602,0.5227655063975941,0.33801777615691675,0.0,0.0,0.5227655063975941,0.6457056610873251,0.4691412150859833,0.0,0.17895489931106567,0.4708927273750305,0.0,0.2065863311290741,0.46301501989364624,0.0,0.10262273997068405,0.45937803387641907,0.0,0.10519016534090042
43,0.0001,0.5638734474778175,0.8643696238716844,0.7609839511640144,0.7208856985363206,0.834874839977375,15.588689088821411,0.37873302213847637,0.3023714888840914,0.0,0.0,0.37873302213847637,0.7628098279237747,0.5235967365178195,0.34203727678819135,0.0,0.0,0.5235967365178195,0.6439370792923551,0.4757358431816101,0.0,0.18172526359558105,0.4763314127922058,0.0,0.2107912302017212,0.46710601449012756,0.0,0.10456071048974991,0.4612424075603485,0.0,0.10662227123975754
44,0.0001,0.5520103480666876,0.8709587431992691,0.7653329589150168,0.7237480453203146,0.8368381146716108,15.423192024230957,0.3740881495177746,0.3006146186962724,0.0,0.0,0.3740881495177746,0.7695168703794479,0.48074307947447803,0.3668030933900313,0.0,0.0,0.48074307947447803,0.6932966149214542,0.4821949601173401,0.0,0.18463464081287384,0.48063015937805176,0.0,0.21485622227191925,0.46926525235176086,0.0,0.10696563869714737,0.4604324996471405,0.0,0.10696357488632202
45,0.0001,0.5433282405138016,0.8749391158641958,0.7638393279277917,0.7206909287413062,0.8336932422756912,15.98036241531372,0.36859457567334175,0.2949710562825203,0.0,0.0,0.36859457567334175,0.7729802168905735,0.5024185541904334,0.3538268298813791,0.0,0.0,0.5024185541904334,0.6636287091356335,0.4903300106525421,0.0,0.18756446242332458,0.48572906851768494,0.0,0.2189026176929474,0.47141921520233154,0.0,0.10866127163171768,0.463299423456192,0.0,0.10826731473207474
46,0.0001,0.5540320947766304,0.8633966633472034,0.7321815924210981,0.7474303587320387,0.8527784758272079,15.718989610671997,0.3702291939407587,0.2987140119075775,0.0,0.0,0.3702291939407587,0.7667524255812168,0.5017888871106234,0.344445293599909,0.0,0.0,0.5017888871106234,0.6604028208689257,0.49693089723587036,0.0,0.19035455584526062,0.48987799882888794,0.0,0.22297179698944092,0.4747813045978546,0.0,0.11021902412176132,0.46198979020118713,0.0,0.10820621997117996
47,0.0001,0.5425050687044859,0.868837551454113,0.7695248488223914,0.7352109780684167,0.8434313252228279,14.399747371673584,0.36709837801754475,0.2927337847650051,0.0,0.0,0.36709837801754475,0.7706680782139301,0.5623595064336603,0.3654096812912912,0.0,0.0,0.5623595064336603,0.6167070829507076,0.5042141675949097,0.0,0.193459615111351,0.49355536699295044,0.0,0.22676722705364227,0.47790536284446716,0.0,0.11201416701078415,0.4656507670879364,0.0,0.11046281456947327
48,0.0001,0.5375975910574198,0.8732013570699665,0.8131889574455492,0.7124199109064633,0.829559878485804,15.47733449935913,0.36519925110042095,0.2961293328553438,0.0,0.0,0.36519925110042095,0.7695877104997635,0.5833190896294334,0.3740792048699928,0.0,0.0,0.5833190896294334,0.6006671488285065,0.5112919211387634,0.0,0.19602301716804504,0.498073548078537,0.0,0.2302955538034439,0.480101078748703,0.0,0.11447251588106155,0.4679516851902008,0.0,0.11108896881341934
49,0.0001,0.5356204658746719,0.8704869007501165,0.8117208914323286,0.6949720770119983,0.8168457646756541,15.625112771987915,0.35927571542561054,0.29529645293951035,0.0,0.0,0.35927571542561054,0.7757927104830742,0.5266320506731669,0.3609989014538852,0.0,0.0,0.5266320506731669,0.6448204923759807,0.5177581906318665,0.0,0.19880414009094238,0.5023698806762695,0.0,0.23359137773513794,0.48254820704460144,0.0,0.11664750427007675,0.4697161614894867,0.0,0.1117185726761818
50,0.0001,0.5232216063886881,0.8753611993621333,0.790813760323958,0.7198622240335901,0.8333383696623251,15.394154787063599,0.35004720091819763,0.2892204262316227,0.0,0.0,0.35004720091819763,0.7842325605452061,0.5880451274640632,0.3630259560816216,0.0,0.0,0.5880451274640632,0.5982235652027708,0.5246197581291199,0.0,0.20158202946186066,0.5066226124763489,0.0,0.23743973672389984,0.48499688506126404,0.0,0.11854875832796097,0.47169676423072815,0.0,0.11299726366996765
51,0.0001,0.5276601109653711,0.8758061876262413,0.7737391825878259,0.7396501435949805,0.8477209839335423,14.848665952682495,0.35662400908768177,0.29836027044802904,0.0,0.0,0.35662400908768177,0.7772889547049999,0.5786615104386301,0.37941473812767956,0.0,0.0,0.5786615104386301,0.5985338669834714,0.5315037965774536,0.0,0.20414850115776062,0.5108667016029358,0.0,0.24038848280906677,0.4876602292060852,0.0,0.12112175673246384,0.4714467227458954,0.0,0.11491113156080246
52,0.0001,0.523587929084897,0.8712582217314392,0.776496121377656,0.7003830305433477,0.8210539199698136,14.796667575836182,0.35066641867160797,0.29167333245277405,0.0,0.0,0.35066641867160797,0.7743774652481079,0.5086046619848772,0.3479570583863692,0.0,0.0,0.5086046619848772,0.653655716867158,0.5378807783126831,0.0,0.20699599385261536,0.5154179930686951,0.0,0.24448025226593018,0.4899906814098358,0.0,0.12281981855630875,0.47319793701171875,0.0,0.11585917323827744
53,0.0001,0.5246021710336208,0.8689861649553292,0.8270604393698953,0.712292879058263,0.8290087246007166,15.214816808700562,0.34834195859730244,0.2946687610819936,0.0,0.0,0.34834195859730244,0.7816016711294651,0.634074886639913,0.4063179140741175,0.0,0.0,0.634074886639913,0.5881400966283047,0.5453851222991943,0.0,0.2097068876028061,0.519943356513977,0.0,0.2477417141199112,0.49403151869773865,0.0,0.1252027302980423,0.4734218418598175,0.0,0.11643504351377487
54,0.0001,0.5258427113294601,0.8711561211838715,0.7057268186049028,0.7645230066670946,0.8643616893715766,14.425057649612427,0.3518740814179182,0.29709680937230587,0.0,0.0,0.3518740814179182,0.773932695388794,0.4878735361677228,0.34849872733607434,0.0,0.0,0.4878735361677228,0.6734521948929989,0.5514369010925293,0.0,0.21219231188297272,0.5253391265869141,0.0,0.25031179189682007,0.4981254041194916,0.0,0.12753751873970032,0.4758206009864807,0.0,0.11871214210987091
55,0.0001,0.5169575959444046,0.8739458098161074,0.7531618204983798,0.7310251436866233,0.8412265599831509,15.32177209854126,0.34667845629155636,0.2956421887502074,0.0,0.0,0.34667845629155636,0.7826198078691959,0.5363954757199143,0.3606284161408742,0.0,0.0,0.5363954757199143,0.6291998146158276,0.5569606423377991,0.0,0.21467791497707367,0.5299773812294006,0.0,0.2533733546733856,0.5007258653640747,0.0,0.1289943903684616,0.4775909185409546,0.0,0.11992013454437256
56,0.0001,0.5244433078914881,0.8634592645922863,0.6887374285495642,0.7662166161753948,0.8662005018219857,16.372204780578613,0.348769836127758,0.29603469278663397,0.0,0.0,0.348769836127758,0.7747164815664291,0.49426609097105084,0.34047351822708594,0.0,0.0,0.49426609097105084,0.6736189172123418,0.5628758072853088,0.0,0.2167578786611557,0.5364100933074951,0.0,0.2550584077835083,0.5025350451469421,0.0,0.13048088550567627,0.4803867042064667,0.0,0.1220317929983139
57,0.0001,0.511555852368474,0.8754577709806266,0.6675638032682014,0.7843298859014279,0.8767492619937972,15.180200815200806,0.34549033641815186,0.2932758331298828,0.0,0.0,0.34549033641815186,0.7807575911283493,0.4764561039028746,0.333081838759509,0.0,0.0,0.4764561039028746,0.6793516928499396,0.5698222517967224,0.0,0.21923676133155823,0.5413480997085571,0.0,0.2581384479999542,0.5055866241455078,0.0,0.13190823793411255,0.48109233379364014,0.0,0.1238451674580574
58,0.0001,0.489598186686635,0.890456556976748,0.7687190915599014,0.741259765957973,0.8483687943824033,15.70984959602356,0.33220839872956276,0.2883494421839714,0.0,0.0,0.33220839872956276,0.79310093075037,0.574041339484128,0.36638340173345624,0.0,0.0,0.574041339484128,0.6034071788643346,0.5762985348701477,0.0,0.2216830849647522,0.5450640916824341,0.0,0.26159578561782837,0.5078623294830322,0.0,0.13416430354118347,0.48070597648620605,0.0,0.12478087842464447
59,0.0001,0.5065642241388559,0.8739351261884019,0.6626107295354208,0.7788041574321894,0.8735939310964014,15.424253463745117,0.3387817572802305,0.2900950415059924,0.0,0.0,0.3387817572802305,0.7886819019913673,0.45319437619411584,0.3393179521416173,0.0,0.0,0.45319437619411584,0.6965456550771539,0.5805573463439941,0.0,0.22390790283679962,0.5487100481987,0.0,0.2640514671802521,0.5096796154975891,0.0,0.135619655251503,0.4794631898403168,0.0,0.1258980929851532
60,0.0001,0.4963536877185106,0.8807835887096779,0.6764284191709576,0.7642873880574331,0.8644498951667697,14.953169822692871,0.3393023293465376,0.28929271548986435,0.0,0.0,0.3393023293465376,0.7839471958577633,0.4822385022134492,0.33793092677087494,0.0,0.0,0.4822385022134492,0.6729772777268381,0.5866256356239319,0.0,0.22641898691654205,0.5544390082359314,0.0,0.2669045627117157,0.5107329487800598,0.0,0.1377672404050827,0.476491779088974,0.0,0.12681087851524353
61,0.0001,0.48851135931909084,0.8842201128271675,0.7034122004653468,0.7756660206727105,0.8710813574840501,14.993119478225708,0.33387023024261,0.2856608107686043,0.0,0.0,0.33387023024261,0.7885191179811954,0.5726474270676122,0.33420085726362286,0.0,0.0,0.5726474270676122,0.6152858941844015,0.5938813090324402,0.0,0.22895841300487518,0.5567512512207031,0.0,0.27028751373291016,0.5126132369041443,0.0,0.14018438756465912,0.47594985365867615,0.0,0.1273549199104309
62,0.0001,0.47635167837142944,0.8912743421531336,0.7239180153066461,0.7463969573889386,0.8517922831291167,14.87253212928772,0.32906522415578365,0.2803481826558709,0.0,0.0,0.32906522415578365,0.7931386530399323,0.5230725353414362,0.33026956247560907,0.0,0.0,0.5230725353414362,0.6503609698830228,0.5998997092247009,0.0,0.23161032795906067,0.5607852935791016,0.0,0.27413901686668396,0.5140821933746338,0.0,0.14203940331935883,0.4770878553390503,0.0,0.12842799723148346
63,0.0001,0.4830188564956188,0.8867189773346464,0.717174110990582,0.7494902862176077,0.8548390077485146,15.759947061538696,0.33271040953695774,0.28614467941224575,0.0,0.0,0.33271040953695774,0.7842296995222569,0.5202880718491294,0.33259493112564087,0.0,0.0,0.5202880718491294,0.6431235102089968,0.6057855486869812,0.0,0.23405881226062775,0.5644997358322144,0.0,0.27716314792633057,0.514380156993866,0.0,0.1434737592935562,0.4794011414051056,0.0,0.1296524703502655
64,0.0001,0.4778172913938761,0.8840017855431093,0.7263077027869947,0.7384390959458871,0.84647125050212,15.120524168014526,0.32690259627997875,0.28160195983946323,0.0,0.0,0.32690259627997875,0.7915601283311844,0.5160891305316578,0.34828015529748163,0.0,0.0,0.5160891305316578,0.6423614395387245,0.60948646068573,0.0,0.23632675409317017,0.5682591199874878,0.0,0.28001388907432556,0.516994833946228,0.0,0.1453455090522766,0.47603490948677063,0.0,0.13026712834835052
65,0.0001,0.5042125955224037,0.8671767084817708,0.6821594455025413,0.7438789512609492,0.8508972134903589,15.211435317993164,0.3338536024093628,0.29305092711001635,0.0,0.0,0.3338536024093628,0.7806145511567593,0.4309742252031962,0.32545515353029425,0.0,0.0,0.4309742252031962,0.7187907713832278,0.6137521266937256,0.0,0.238363116979599,0.5717639327049255,0.0,0.28230589628219604,0.5195704102516174,0.0,0.14640916883945465,0.47569432854652405,0.0,0.1312595009803772
66,0.0001,0.47626200318336487,0.8833638758269599,0.6438975984399969,0.778723956732815,0.8734426905249412,15.232847452163696,0.3247232045978308,0.2792169516906142,0.0,0.0,0.3247232045978308,0.7891944423317909,0.42922258015834924,0.3285184556787664,0.0,0.0,0.42922258015834924,0.7263209864948735,0.6192954182624817,0.0,0.24047183990478516,0.5748690962791443,0.0,0.28571441769599915,0.521557629108429,0.0,0.14835700392723083,0.47655656933784485,0.0,0.13217395544052124
67,0.0001,0.47053877636790276,0.8860349080621595,0.6475657784577572,0.786879775055933,0.8789283595274678,14.523226737976074,0.31555021461099386,0.2849393989890814,0.0,0.0,0.31555021461099386,0.8019703328609467,0.46299052599704626,0.33000975937554333,0.0,0.0,0.46299052599704626,0.6901268606836145,0.6234044432640076,0.0,0.2427033931016922,0.5788924098014832,0.0,0.2878005802631378,0.5218724608421326,0.0,0.15041933953762054,0.47450897097587585,0.0,0.13294309377670288
68,0.0001,0.45732133463025093,0.8946043604551377,0.6533227129416033,0.7822938914164664,0.8761194727693931,15.247905731201172,0.31583163514733315,0.2757411412894726,0.0,0.0,0.31583163514733315,0.7950701154768467,0.45715866666851623,0.3386228346463406,0.0,0.0,0.45715866666851623,0.6928814812140032,0.6291050314903259,0.0,0.24529127776622772,0.5818600058555603,0.0,0.29082196950912476,0.5247641801834106,0.0,0.15237604081630707,0.474956214427948,0.0,0.1342412829399109
69,0.0001,0.4671131931245327,0.8879328456374292,0.7005777232574694,0.7541759059492775,0.857731997103607,15.44651746749878,0.3229862805455923,0.2826199643313885,0.0,0.0,0.3229862805455923,0.7914765663444996,0.4945460630185676,0.3703109387195472,0.0,0.0,0.4945460630185676,0.6636994029536392,0.6333224177360535,0.0,0.2476678192615509,0.5860257148742676,0.0,0.2934621274471283,0.5251201391220093,0.0,0.15449866652488708,0.4715484082698822,0.0,0.1346612274646759
70,0.0001,0.4572941716760397,0.8914356512495978,0.6900548031835845,0.7584166996329885,0.8597272491965837,15.373799085617065,0.3127355985343456,0.2804430229589343,0.0,0.0,0.3127355985343456,0.8013873621821404,0.4547625527237401,0.35150458776589594,0.0,0.0,0.4547625527237401,0.6934436397119002,0.6377218961715698,0.0,0.2497498244047165,0.5896849632263184,0.0,0.2967914044857025,0.5260599255561829,0.0,0.15674109756946564,0.47015389800071716,0.0,0.13482801616191864
71,0.0001,0.45437223464250565,0.8947711971192228,0.6450918768391465,0.7770973457553597,0.8723227191626836,14.68249249458313,0.3156007584184408,0.27470771223306656,0.0,0.0,0.3156007584184408,0.7991953752934933,0.44294826912157464,0.33663121768922516,0.0,0.0,0.44294826912157464,0.7076830015037999,0.6416320204734802,0.0,0.25233253836631775,0.590887188911438,0.0,0.3003626763820648,0.5275574922561646,0.0,0.15878787636756897,0.4702332019805908,0.0,0.13555455207824707
72,0.0001,0.4483639821410179,0.8973637756213125,0.6232290990424879,0.7914800638494236,0.8819237776890719,14.912144660949707,0.3096626289188862,0.27734688576310873,0.0,0.0,0.3096626289188862,0.800903458148241,0.4211136825156934,0.340412078481732,0.0,0.0,0.4211136825156934,0.7245156647581042,0.6481017470359802,0.0,0.2547568380832672,0.5936655402183533,0.0,0.3032633066177368,0.5286132097244263,0.0,0.1609705537557602,0.46986421942710876,0.0,0.13649682700634003
73,0.0001,0.4407719820737839,0.903445510572941,0.5762742342370929,0.8123725150259684,0.8946345617607742,15.535289525985718,0.30992944724857807,0.27552871499210596,0.0,0.0,0.30992944724857807,0.8005688786506653,0.3894709258368521,0.3097004276333433,0.0,0.0,0.3894709258368521,0.7604175517053315,0.6534315347671509,0.0,0.2568511664867401,0.5982811450958252,0.0,0.3062950074672699,0.5303946733474731,0.0,0.16264750063419342,0.46941789984703064,0.0,0.13756737112998962
74,0.0001,0.4466761592775583,0.8963259177479764,0.6261161168416342,0.789655908423833,0.8803499207748079,15.094683408737183,0.31139400228857994,0.27827910892665386,0.0,0.0,0.31139400228857994,0.7996021658182144,0.44201190002036816,0.3207277637539488,0.0,0.0,0.44201190002036816,0.7084962283120011,0.6581564545631409,0.0,0.25942111015319824,0.600989818572998,0.0,0.30920037627220154,0.5323524475097656,0.0,0.16458803415298462,0.46706831455230713,0.0,0.138075590133667
75,0.0001,0.45260115154087543,0.8924903749173212,0.6185968644691237,0.794315099819621,0.8830370527671141,14.908863306045532,0.31300937198102474,0.2796111460775137,0.0,0.0,0.31300937198102474,0.7989963702857494,0.4309555436625625,0.329971272837032,0.0,0.0,0.4309555436625625,0.7114899637121143,0.6624270081520081,0.0,0.26169872283935547,0.6044161915779114,0.0,0.3120940029621124,0.5339740514755249,0.0,0.16632159054279327,0.46497416496276855,0.0,0.13867057859897614
76,0.0001,0.43429788760840893,0.9024221613198866,0.6466851993040605,0.7730000470433812,0.8694582061445911,16.05451464653015,0.30422837659716606,0.2708921302109957,0.0,0.0,0.30422837659716606,0.8038625977933407,0.42897886218446674,0.331131196383274,0.0,0.0,0.42897886218446674,0.7151809108979774,0.6667158603668213,0.0,0.26420557498931885,0.6063379049301147,0.0,0.3151516616344452,0.5357748866081238,0.0,0.1682620495557785,0.46166539192199707,0.0,0.13871899247169495
77,0.0001,0.42821972630918026,0.9041724173326596,0.6182476318243778,0.8046998173786094,0.889685999982826,15.8237886428833,0.3028169311583042,0.27423671819269657,0.0,0.0,0.3028169311583042,0.8064060062170029,0.472397323810693,0.32398483428088104,0.0,0.0,0.472397323810693,0.6788219385074846,0.6704118251800537,0.0,0.2665140628814697,0.6091566681861877,0.0,0.3183782696723938,0.5368630290031433,0.0,0.1699637770652771,0.4584245979785919,0.0,0.13848692178726196
78,0.0001,0.43067543394863605,0.9005779655313934,0.5780206954840458,0.8152323799419737,0.8964644685036038,14.661523818969727,0.2995460219681263,0.2695286199450493,0.0,0.0,0.2995460219681263,0.808148767799139,0.3776414647246852,0.32965394222375116,0.0,0.0,0.3776414647246852,0.7604165989341158,0.674497127532959,0.0,0.26854512095451355,0.6121588349342346,0.0,0.3211310803890228,0.5388083457946777,0.0,0.17174892127513885,0.45663127303123474,0.0,0.13920094072818756
79,0.0001,0.434290312230587,0.8986529652241201,0.6253350937005245,0.7859818068640008,0.8792851752224403,16.31796956062317,0.29841984808444977,0.2771695451810956,0.0,0.0,0.29841984808444977,0.8089644536376,0.4341383341586951,0.3252808451652527,0.0,0.0,0.4341383341586951,0.7109477845105258,0.6785620450973511,0.0,0.2705898880958557,0.6163127422332764,0.0,0.32345229387283325,0.5398276448249817,0.0,0.1731288731098175,0.4571141004562378,0.0,0.14069458842277527
80,0.0001,0.4274546131491661,0.9006771139258328,0.6654831676772146,0.7722352618691906,0.8688847553593143,15.68257451057434,0.3000711966305971,0.2696962673217058,0.0,0.0,0.3000711966305971,0.8035538755357265,0.4983730496782245,0.34613221883773804,0.0,0.0,0.4983730496782245,0.667531309705792,0.6836397051811218,0.0,0.2730315625667572,0.6185809969902039,0.0,0.32664772868156433,0.5408207774162292,0.0,0.17493009567260742,0.45722654461860657,0.0,0.14149455726146698
81,0.0001,0.4336785040795803,0.8966707792387851,0.5959335999055342,0.8053813897982863,0.8902635832693897,15.503100633621216,0.3034825138747692,0.27342540211975574,0.0,0.0,0.3034825138747692,0.8022399805486202,0.4235761526859168,0.3237780179038192,0.0,0.0,0.4235761526859168,0.7220452924569448,0.6875936985015869,0.0,0.2753713130950928,0.6217822432518005,0.0,0.3295886516571045,0.5405133962631226,0.0,0.177265927195549,0.4563407599925995,0.0,0.141999751329422
82,0.0001,0.42802309803664684,0.8988145776647193,0.6378294699119799,0.7914780539716901,0.8814043214122986,15.770649671554565,0.3078885171562433,0.26890312787145376,0.0,0.0,0.3078885171562433,0.7974816709756851,0.5087364189552538,0.32857338948683307,0.0,0.0,0.5087364189552538,0.6566687388853594,0.6906480193138123,0.0,0.27748656272888184,0.6247180104255676,0.0,0.33225616812705994,0.541744589805603,0.0,0.179086372256279,0.4554081857204437,0.0,0.14199694991111755
83,0.0001,0.40861326828598976,0.9121979343935724,0.5891147003029332,0.7991714781942705,0.886757774653794,15.478409767150879,0.2921777069568634,0.2677728747949004,0.0,0.0,0.2921777069568634,0.8150594234466553,0.38077489173773565,0.3224133171818473,0.0,0.0,0.38077489173773565,0.760305789383975,0.6949650645256042,0.0,0.2799597680568695,0.6263909339904785,0.0,0.33547699451446533,0.5432049632072449,0.0,0.18060283362865448,0.4545082747936249,0.0,0.1432993859052658
84,0.0001,0.42410528659820557,0.8958301820442706,0.5665259722507361,0.8207430361682839,0.9003753842705742,15.981997966766357,0.29500943794846535,0.27042738534510136,0.0,0.0,0.29500943794846535,0.8082479871809483,0.37341216838721075,0.3217163501363812,0.0,0.0,0.37341216838721075,0.7682825471415664,0.6983891129493713,0.0,0.28210708498954773,0.6298650503158569,0.0,0.33783799409866333,0.5430468916893005,0.0,0.1828157901763916,0.45189905166625977,0.0,0.1438721865415573
85,0.0001,0.42342690378427505,0.8990474120063807,0.6429762117790453,0.7803532110289251,0.8740291310930409,15.506810426712036,0.2970279883593321,0.2709265435114503,0.0,0.0,0.2970279883593321,0.8054537959396839,0.463038090503577,0.34186342448899243,0.0,0.0,0.463038090503577,0.6840747965104652,0.7029971480369568,0.0,0.28407415747642517,0.6331942677497864,0.0,0.3404208719730377,0.5447452664375305,0.0,0.18473394215106964,0.4489569365978241,0.0,0.14481234550476074
86,0.0001,0.415691502392292,0.9053131059135034,0.6134077382810188,0.7968238218267469,0.8844859736351983,15.713983297348022,0.2951086675748229,0.2694673417136073,0.0,0.0,0.2951086675748229,0.8104890845716,0.4639240756179347,0.3245511461387981,0.0,0.0,0.4639240756179347,0.6875979087569497,0.7073480486869812,0.0,0.2861630916595459,0.635107159614563,0.0,0.34278541803359985,0.5455662608146667,0.0,0.18712323904037476,0.44812077283859253,0.0,0.1453389972448349
87,0.0001,0.4178800042718649,0.9020742624908802,0.5982860579635157,0.7936578445913828,0.8829326652107934,14.795469284057617,0.29567163810133934,0.2700285827741027,0.0,0.0,0.29567163810133934,0.8102755211293697,0.4119240190043594,0.32105369369188946,0.0,0.0,0.4119240190043594,0.7294043438001112,0.7111181020736694,0.0,0.28818655014038086,0.6378574967384338,0.0,0.3453987240791321,0.5469517111778259,0.0,0.1885131597518921,0.44517749547958374,0.0,0.14625981450080872
88,0.0001,0.402737395837903,0.910750180306085,0.6226164788910837,0.7844846712913719,0.87699596893076,16.07001495361328,0.2903832392767072,0.26317847706377506,0.0,0.0,0.2903832392767072,0.8133993409574032,0.4290369496201024,0.3291220213427688,0.0,0.0,0.4290369496201024,0.7110161582628886,0.7142700552940369,0.0,0.2901518642902374,0.6402989029884338,0.0,0.3475925922393799,0.5468425750732422,0.0,0.19009800255298615,0.44319790601730347,0.0,0.14698293805122375
89,0.0001,0.4268483966588974,0.8910228064407124,0.6401296348282786,0.7666989363452335,0.8645257637168076,15.197362184524536,0.3016372621059418,0.2725647920742631,0.0,0.0,0.3016372621059418,0.8020623400807381,0.43163455977584375,0.32866426399259857,0.0,0.0,0.43163455977584375,0.7141869781595288,0.7176872491836548,0.0,0.29242610931396484,0.6421998143196106,0.0,0.3501039445400238,0.5480197668075562,0.0,0.19192060828208923,0.4422256350517273,0.0,0.14807038009166718
90,0.0001,0.4405470620840788,0.8851633426111946,0.6405701854012229,0.7601754519016208,0.8613746567395593,15.200095176696777,0.3086347933858633,0.2784610530361533,0.0,0.0,0.3086347933858633,0.7976210936903954,0.4162016673521562,0.3258122711470633,0.0,0.0,0.4162016673521562,0.7263264267733602,0.7211135625839233,0.0,0.2941563129425049,0.6456419825553894,0.0,0.3525700867176056,0.5500020980834961,0.0,0.1942286491394043,0.4428327679634094,0.0,0.14975771307945251
91,0.0001,0.4135802276432514,0.9001587779680964,0.5496347420143358,0.81436567930245,0.8961389186325815,15.354589700698853,0.2961698556318879,0.2695916425436735,0.0,0.0,0.2961698556318879,0.809697724878788,0.364895249858047,0.32017682447577966,0.0,0.0,0.364895249858047,0.7722442258488048,0.7237409353256226,0.0,0.29595744609832764,0.6490101218223572,0.0,0.3551870584487915,0.5517081618309021,0.0,0.19545960426330566,0.44252631068229675,0.0,0.1508568823337555
92,0.0001,0.43299770168960094,0.883293204849201,0.6434224591110692,0.7634978885815872,0.8639663562231127,16.103498935699463,0.29790271539241076,0.26992106437683105,0.0,0.0,0.29790271539241076,0.8097295798361301,0.4070942257389878,0.3276582242864551,0.0,0.0,0.4070942257389878,0.7298863927523295,0.7267026305198669,0.0,0.2981041371822357,0.6512793898582458,0.0,0.35722389817237854,0.5538536310195923,0.0,0.1977182775735855,0.4427231550216675,0.0,0.15241138637065887
93,0.0001,0.4243166148662567,0.8883426156723002,0.6196794654383804,0.7959910515105226,0.8847889709912592,14.974996089935303,0.29368888679891825,0.27321896329522133,0.0,0.0,0.29368888679891825,0.8068212494254112,0.4777525555003773,0.34763474536664557,0.0,0.0,0.4777525555003773,0.6798391044139862,0.7300463318824768,0.0,0.29989320039749146,0.6537926197052002,0.0,0.3589334785938263,0.5562892556190491,0.0,0.200709268450737,0.4426368474960327,0.0,0.15476930141448975
94,0.0001,0.4064302798360586,0.9014692902884822,0.5962671511101,0.8021485538439531,0.8876230992241033,15.49149775505066,0.2910735532641411,0.2637822786346078,0.0,0.0,0.2910735532641411,0.813541341573,0.3941080371538798,0.34729390704270563,0.0,0.0,0.3941080371538798,0.7450583450721971,0.7340538501739502,0.0,0.30214598774909973,0.6552085876464844,0.0,0.3618611693382263,0.5601401925086975,0.0,0.2028040736913681,0.4451438784599304,0.0,0.1575596034526825
95,0.0001,0.4200573656708002,0.8932354474319545,0.6218001842498779,0.7885966209662901,0.879639649458483,15.31237006187439,0.29799780435860157,0.2727057384327054,0.0,0.0,0.29799780435860157,0.8010705374181271,0.5042227073149248,0.3318403254855763,0.0,0.0,0.5042227073149248,0.6597174740198887,0.7379623055458069,0.0,0.303927481174469,0.6592280268669128,0.0,0.36399707198143005,0.5622001886367798,0.0,0.20434165000915527,0.4479602575302124,0.0,0.1591142863035202
96,0.0001,0.39052537828683853,0.9114655083648161,0.5794486529899366,0.8031400323072397,0.8888263231839589,15.952289342880249,0.28154299780726433,0.2631641663610935,0.0,0.0,0.28154299780726433,0.8202025182545185,0.4192453586693966,0.31265631679332617,0.0,0.0,0.4192453586693966,0.7208819398374269,0.742013692855835,0.0,0.30585426092147827,0.6621599793434143,0.0,0.3661443591117859,0.5656973123550415,0.0,0.20600374042987823,0.4468386471271515,0.0,0.16031639277935028
97,0.0001,0.3922387771308422,0.9109913201956222,0.5496739781264103,0.8110503428916104,0.8941100394875826,15.433863639831543,0.28368077240884304,0.26545943319797516,0.0,0.0,0.28368077240884304,0.8179419226944447,0.3576038425618952,0.30457401636875037,0.0,0.0,0.3576038425618952,0.7721376581625505,0.7447130084037781,0.0,0.30790260434150696,0.6649003624916077,0.0,0.36871975660324097,0.566358745098114,0.0,0.20759481191635132,0.4440459609031677,0.0,0.1613195240497589
98,0.0001,0.39443546906113625,0.9086949204859084,0.5659658692099832,0.8044183992057128,0.8897792030388404,14.481325626373291,0.2905636988580227,0.2655628798529506,0.0,0.0,0.2905636988580227,0.8125676773488522,0.38950147050799744,0.3172646255204172,0.0,0.0,0.38950147050799744,0.750209466977553,0.7468004822731018,0.0,0.3097558915615082,0.6666960716247559,0.0,0.3714958429336548,0.5670316815376282,0.0,0.20912691950798035,0.44082504510879517,0.0,0.16147074103355408
99,0.0001,0.408273059874773,0.8977846487076279,0.5736027739264749,0.7980628514516822,0.8853395518197511,14.720852136611938,0.2936840085312724,0.26877313666045666,0.0,0.0,0.2936840085312724,0.8124109692871571,0.35583399281357275,0.31443827802484686,0.0,0.0,0.35583399281357275,0.779044118794528,0.7495914697647095,0.0,0.3115030825138092,0.6689152121543884,0.0,0.37359288334846497,0.5661811232566833,0.0,0.2105550616979599,0.44049862027168274,0.0,0.16195638477802277
100,0.0001,0.39387354254722595,0.906286601100853,0.5422311479395087,0.8169194959311922,0.8977412958286974,15.978612661361694,0.28587841615080833,0.2633529705926776,0.0,0.0,0.28587841615080833,0.8130504712462425,0.37187236005609686,0.3135155403252804,0.0,0.0,0.37187236005609686,0.7611978433348916,0.7537329196929932,0.0,0.31333059072494507,0.6720069646835327,0.0,0.37630695104599,0.5680469870567322,0.0,0.21198387444019318,0.4397519528865814,0.0,0.16256928443908691
101,0.0001,0.38966413028538227,0.9119061384332582,0.6146042383078373,0.7810263801055379,0.8744324392671955,15.755264520645142,0.2868589134886861,0.2630328480154276,0.0,0.0,0.2868589134886861,0.8132431358098984,0.4031401511394616,0.33568211125605035,0.0,0.0,0.4031401511394616,0.7339512660647883,0.7564541697502136,0.0,0.3153778910636902,0.6742575168609619,0.0,0.37847885489463806,0.5673255324363708,0.0,0.21352845430374146,0.43818187713623047,0.0,0.16397087275981903
102,0.0001,0.39269360341131687,0.9093767865530381,0.5812813657702822,0.7902887222332622,0.8808937624746277,15.66340184211731,0.2907713493332267,0.2618856932967901,0.0,0.0,0.2907713493332267,0.8104883246123791,0.3600859551718741,0.32323464119073114,0.0,0.0,0.3600859551718741,0.7632527206883286,0.7588703632354736,0.0,0.3174787759780884,0.6750403642654419,0.0,0.3809766173362732,0.5678741931915283,0.0,0.21535418927669525,0.43773555755615234,0.0,0.1652018129825592
103,0.0001,0.3866798337548971,0.9086960875842354,0.5388000282374296,0.8166188920039004,0.8967929415219645,15.612796783447266,0.27948617190122604,0.2655646912753582,0.0,0.0,0.27948617190122604,0.8208037316799164,0.3214793024641095,0.32800206632325146,0.0,0.0,0.3214793024641095,0.8055777098193313,0.7616373300552368,0.0,0.3195900619029999,0.6771179437637329,0.0,0.3834773600101471,0.5694711208343506,0.0,0.21704450249671936,0.4347785711288452,0.0,0.16569504141807556
104,0.0001,0.3863622136414051,0.9086002981341158,0.5594570636749268,0.8035480134515232,0.8887753890300386,14.994040250778198,0.2806499460712075,0.2612332571297884,0.0,0.0,0.2806499460712075,0.8200384229421616,0.3583425319556034,0.32090789982766815,0.0,0.0,0.3583425319556034,0.771589336973248,0.763803243637085,0.0,0.3214345872402191,0.67835533618927,0.0,0.3860763907432556,0.57045978307724,0.0,0.2185003012418747,0.4329036772251129,0.0,0.1663466989994049
105,0.0001,0.3842935133725405,0.9094365150967794,0.5247513886654016,0.8255270966860397,0.9024544542725662,14.751147985458374,0.2865720884874463,0.25953775364905596,0.0,0.0,0.2865720884874463,0.8151713348925114,0.3308269670515349,0.3235414913206389,0.0,0.0,0.3308269670515349,0.7955131151459434,0.765085756778717,0.0,0.32308194041252136,0.680262565612793,0.0,0.3884035646915436,0.5709952116012573,0.0,0.21970200538635254,0.43019717931747437,0.0,0.16705234348773956
106,0.0001,0.3802244495600462,0.9118515815374226,0.5508841673533121,0.8199715259349886,0.8996244790576066,14.721616506576538,0.27984121441841125,0.2599243763834238,0.0,0.0,0.27984121441841125,0.8188118748366833,0.3801317233027834,0.3180941541989644,0.0,0.0,0.3801317233027834,0.7532793120904402,0.7673818469047546,0.0,0.32500478625297546,0.6818697452545166,0.0,0.3910199999809265,0.571760356426239,0.0,0.22121739387512207,0.4282429814338684,0.0,0.16709867119789124
107,0.0001,0.385521087795496,0.9093190822831,0.6038065173409202,0.7871181229807117,0.8785657622341296,16.0861337184906,0.2862329911440611,0.2657183688133955,0.0,0.0,0.2862329911440611,0.812123566865921,0.43605534958116937,0.3297667747194117,0.0,0.0,0.43605534958116937,0.7070504688855374,0.770328938961029,0.0,0.32686248421669006,0.6830211877822876,0.0,0.39308661222457886,0.5737125873565674,0.0,0.22255900502204895,0.426836222410202,0.0,0.16750943660736084
108,0.0001,0.37383654713630676,0.914028231897868,0.5304906422441656,0.8294581746211436,0.9054894597655387,15.663638353347778,0.2731326352804899,0.25971912033855915,0.0,0.0,0.2731326352804899,0.8270779624581337,0.36841336524847784,0.31449717012318695,0.0,0.0,0.36841336524847784,0.7679890141342626,0.7719281911849976,0.0,0.32841941714286804,0.6847354173660278,0.0,0.3950921893119812,0.57469242811203,0.0,0.22416982054710388,0.4260094165802002,0.0,0.16812987625598907
109,0.0001,0.3801270928233862,0.9102455836976923,0.5438147747155392,0.8092636063237034,0.8924741159803057,15.18819546699524,0.27780261635780334,0.26072314474731684,0.0,0.0,0.27780261635780334,0.8210479095578194,0.33168431484338007,0.31863123539722327,0.0,0.0,0.33168431484338007,0.7852406863010291,0.7740820050239563,0.0,0.330497145652771,0.6863126754760742,0.0,0.3972131311893463,0.5749601125717163,0.0,0.2252647876739502,0.42146870493888855,0.0,0.16788072884082794
110,0.0001,0.3624854478985071,0.915899693188566,0.5710399042476307,0.813985915236868,0.8961782919258867,15.541527509689331,0.2665755255147815,0.2495218301191926,0.0,0.0,0.2665755255147815,0.8297956362366676,0.4536920316291578,0.31742969968102197,0.0,0.0,0.4536920316291578,0.6971112489700317,0.7774677872657776,0.0,0.33237895369529724,0.6889133453369141,0.0,0.39931702613830566,0.5752168297767639,0.0,0.22666272521018982,0.41991734504699707,0.0,0.1689128875732422
111,0.0001,0.3817028421908617,0.9101016842317041,0.565395611705202,0.8026903268400004,0.8884284540215502,16.45803427696228,0.2817930756136775,0.26717280223965645,0.0,0.0,0.2817930756136775,0.8168232478201389,0.4014096007202611,0.3164766385699763,0.0,0.0,0.4014096007202611,0.7352005234270385,0.7789815664291382,0.0,0.33448848128318787,0.6902070641517639,0.0,0.4015919864177704,0.5757676362991333,0.0,0.22825759649276733,0.418765127658844,0.0,0.16996599733829498
112,0.0001,0.3723561502993107,0.9130951134886761,0.5399713227243135,0.8157659258279575,0.8967603248996942,15.623305797576904,0.27704442758113146,0.25789483916014433,0.0,0.0,0.27704442758113146,0.8228803761303425,0.36500751249717944,0.3170680457895452,0.0,0.0,0.36500751249717944,0.7690055298082756,0.781014084815979,0.0,0.3360246419906616,0.6920788884162903,0.0,0.4038177728652954,0.5761728882789612,0.0,0.2296321988105774,0.41778045892715454,0.0,0.17004795372486115
113,0.0001,0.361807057633996,0.9181239718258241,0.5708391413544164,0.8202233575623498,0.8994171141963047,15.526636362075806,0.26935726031661034,0.25334012415260077,0.0,0.0,0.26935726031661034,0.8300887122750282,0.47771711060495087,0.3249250090483463,0.0,0.0,0.47771711060495087,0.6852355436845259,0.7829870581626892,0.0,0.3380620777606964,0.6924805641174316,0.0,0.40632277727127075,0.5763872861862183,0.0,0.23121847212314606,0.4141758680343628,0.0,0.17036424577236176
114,0.0001,0.36521900817751884,0.9160197564746307,0.5355972521232836,0.824029093558087,0.9020544420257861,15.355223178863525,0.2752420660108328,0.2530231960117817,0.0,0.0,0.2752420660108328,0.8257865123450756,0.38070391163681494,0.32416876518365106,0.0,0.0,0.38070391163681494,0.7507781449592474,0.7851555347442627,0.0,0.33994919061660767,0.694335401058197,0.0,0.40867531299591064,0.5756182074546814,0.0,0.2331017106771469,0.4117432236671448,0.0,0.17040063440799713
115,0.0001,0.36297100968658924,0.9168779510543789,0.5624080968625618,0.8104728736893817,0.8939083194122102,16.23762559890747,0.27504190243780613,0.2544833039864898,0.0,0.0,0.27504190243780613,0.8219730481505394,0.4095597538081082,0.31765161951382953,0.0,0.0,0.4095597538081082,0.7329602927872629,0.7880957126617432,0.0,0.34195777773857117,0.6948760151863098,0.0,0.4105112552642822,0.5765266418457031,0.0,0.23515768349170685,0.41068175435066223,0.0,0.17059366405010223
116,0.0001,0.3531991560012102,0.9206167918765579,0.5579890789407672,0.8130445014422664,0.8951914001975637,15.628751993179321,0.26822115667164326,0.2506604827940464,0.0,0.0,0.26822115667164326,0.8265087902545929,0.4147913528211189,0.319758827939178,0.0,0.0,0.4147913528211189,0.7241083672552397,0.7904980778694153,0.0,0.34410127997398376,0.69505375623703,0.0,0.4133688807487488,0.5783278346061707,0.0,0.23655405640602112,0.4073561429977417,0.0,0.17054003477096558
117,0.0001,0.35264017805457115,0.9219220219019001,0.5323066494681619,0.8181026808711284,0.8986759177579181,15.489291667938232,0.26909331418573856,0.25167129654437304,0.0,0.0,0.26909331418573856,0.8291333727538586,0.3543013623266509,0.31392506938992126,0.0,0.0,0.3543013623266509,0.7783046292536187,0.7922580242156982,0.0,0.34601786732673645,0.6963935494422913,0.0,0.4154178202152252,0.5769274234771729,0.0,0.2379135638475418,0.4047427177429199,0.0,0.171208918094635
118,0.0001,0.35763464495539665,0.9186002656434129,0.5208585659662882,0.8277318845009135,0.9043324436617187,16.361929178237915,0.269136980175972,0.25524700712412596,0.0,0.0,0.269136980175972,0.8265021443367004,0.3598071535428365,0.31292748993093317,0.0,0.0,0.3598071535428365,0.7738057826504563,0.7939556241035461,0.0,0.34759172797203064,0.69838547706604,0.0,0.4172264635562897,0.5775208473205566,0.0,0.2393370270729065,0.4024040699005127,0.0,0.17176175117492676
119,0.0001,0.35151168517768383,0.9225948729344392,0.523765043778853,0.8298228001640805,0.9055937640038338,15.073082447052002,0.27173356618732214,0.24897801782935858,0.0,0.0,0.27173356618732214,0.8265602178871632,0.3747531861969919,0.310909320007671,0.0,0.0,0.3747531861969919,0.7592402750795538,0.7967795729637146,0.0,0.3494667708873749,0.6993643641471863,0.0,0.41954246163368225,0.5779855251312256,0.0,0.24047908186912537,0.39862582087516785,0.0,0.17168062925338745
120,0.0001,0.3516252487897873,0.9223891735231401,0.5084850065635912,0.8334145312274478,0.9077377724036826,15.474185943603516,0.2701017092913389,0.25102727208286524,0.0,0.0,0.2701017092913389,0.8283092305064201,0.3251226074767835,0.32282277490153455,0.0,0.0,0.3251226074767835,0.8013469775517782,0.7983293533325195,0.0,0.35157886147499084,0.7003156542778015,0.0,0.42204129695892334,0.5783558487892151,0.0,0.2415926158428192,0.3957505524158478,0.0,0.17118015885353088
121,0.0001,0.35184391029179096,0.9210098997191953,0.5655136722506899,0.802263861525672,0.88793617470846,15.320924758911133,0.2693132646381855,0.25274087861180305,0.0,0.0,0.2693132646381855,0.8257720470428467,0.39405321352409595,0.3253402231317578,0.0,0.0,0.39405321352409595,0.7343535793550087,0.7987579107284546,0.0,0.35342952609062195,0.7009279131889343,0.0,0.42431116104125977,0.5789958834648132,0.0,0.24263949692249298,0.39102527499198914,0.0,0.17127713561058044
122,0.0001,0.35524582490324974,0.9176462603962979,0.5372517000545155,0.8174866985691497,0.8979937773461626,15.7501699924469,0.27158292662352324,0.25159039348363876,0.0,0.0,0.27158292662352324,0.8204097710549831,0.3584126631418864,0.3198585726998069,0.0,0.0,0.3584126631418864,0.7671779773452065,0.800315260887146,0.0,0.35530441999435425,0.7024226188659668,0.0,0.42629504203796387,0.5792154669761658,0.0,0.24402692914009094,0.3895617723464966,0.0,0.17211690545082092
123,0.0001,0.348007395863533,0.9227312670762268,0.49327322208520136,0.8392293569937216,0.9111424869009358,15.299766302108765,0.27005910966545343,0.24748577922582626,0.0,0.0,0.27005910966545343,0.8306111171841621,0.31408184947389545,0.3157567056742581,0.0,0.0,0.31408184947389545,0.7962598385232867,0.8026682734489441,0.0,0.357347697019577,0.7042239904403687,0.0,0.4280944764614105,0.5807998776435852,0.0,0.2456747591495514,0.3893035352230072,0.0,0.17244461178779602
124,0.0001,0.34857816621661186,0.9203185141429819,0.5127280968608279,0.8288187069417452,0.9048448890467555,15.735390663146973,0.266217946074903,0.2507211286574602,0.0,0.0,0.266217946074903,0.8338181227445602,0.3185338233456467,0.3229439403071548,0.0,0.0,0.3185338233456467,0.7983055999784758,0.805202841758728,0.0,0.35930830240249634,0.704943060874939,0.0,0.4304344356060028,0.5821785926818848,0.0,0.24750031530857086,0.387622594833374,0.0,0.17301031947135925
125,0.0001,0.3530777655541897,0.9178247289228284,0.5323912736141321,0.8195566917570627,0.8992975244220681,15.548437118530273,0.27050351072102785,0.2522041844204068,0.0,0.0,0.27050351072102785,0.8248247168958187,0.35409356969775574,0.32428142247777997,0.0,0.0,0.35409356969775574,0.7681316588864182,0.8073386549949646,0.0,0.3607407510280609,0.7060695886611938,0.0,0.43232229351997375,0.5836885571479797,0.0,0.2495989054441452,0.385851114988327,0.0,0.17374221980571747
126,0.0001,0.3572446033358574,0.9149009530613904,0.5003317919644442,0.8331189513506847,0.9078779969964745,14.830312013626099,0.2728239390999079,0.25086199678480625,0.0,0.0,0.2728239390999079,0.82408457249403,0.3378074349779071,0.3188312469106732,0.0,0.0,0.3378074349779071,0.792047993703322,0.8092057108879089,0.0,0.3623043894767761,0.7080159187316895,0.0,0.43417075276374817,0.583417534828186,0.0,0.250977486371994,0.38533154129981995,0.0,0.1744421273469925
127,0.0001,0.34151018038392067,0.9237217445586817,0.524184317299814,0.8278080314558588,0.9046152498097061,15.909435749053955,0.2630926100537181,0.24770750105381012,0.0,0.0,0.2630926100537181,0.831837572157383,0.3593138781460849,0.3309575373476202,0.0,0.0,0.3593138781460849,0.7751176989439762,0.8099977970123291,0.0,0.3640340268611908,0.7098434567451477,0.0,0.436489462852478,0.5834542512893677,0.0,0.25249138474464417,0.38256385922431946,0.0,0.17432545125484467
128,0.0001,0.3388399314135313,0.9235254585080218,0.5333440339926517,0.823035082106184,0.901089269411967,15.109956741333008,0.26313444320112467,0.24591232184320688,0.0,0.0,0.26313444320112467,0.8298399187624454,0.3647725184758504,0.3260054172891559,0.0,0.0,0.3647725184758504,0.7708905917225461,0.8110010623931885,0.0,0.36553722620010376,0.71080082654953,0.0,0.4385090470314026,0.584259033203125,0.0,0.2538030743598938,0.3824712932109833,0.0,0.17479956150054932
129,0.0001,0.3363022059202194,0.9263776168459963,0.5162048014727506,0.8243085836789208,0.9023160792378228,14.718830585479736,0.2651021992787719,0.2432931000366807,0.0,0.0,0.2651021992787719,0.8294957838952541,0.32188249537439056,0.3185033057675217,0.0,0.0,0.32188249537439056,0.8044285864541025,0.8121516704559326,0.0,0.3673534095287323,0.7114800810813904,0.0,0.4411008656024933,0.5837802886962891,0.0,0.2554091513156891,0.3800549805164337,0.0,0.17500893771648407
130,0.0001,0.34228603541851044,0.9227774671165879,0.5464430361083059,0.8063970148828382,0.8908208486156117,15.661513566970825,0.2647270979359746,0.24727554619312286,0.0,0.0,0.2647270979359746,0.8321267850697041,0.3521687821908431,0.32431934819077,0.0,0.0,0.3521687821908431,0.7773391008377075,0.8141739964485168,0.0,0.36908647418022156,0.7132494449615479,0.0,0.4432414472103119,0.5839851498603821,0.0,0.256395161151886,0.3767957091331482,0.0,0.17531098425388336
131,0.0001,0.3466544449329376,0.9201589859902035,0.5775505557204738,0.8001621453713129,0.8864834720223396,16.398179292678833,0.2706991173326969,0.2509770365431905,0.0,0.0,0.2706991173326969,0.8236253336071968,0.4153841986800685,0.3336948933023395,0.0,0.0,0.4153841986800685,0.7267812246626074,0.816604495048523,0.0,0.37046825885772705,0.7148393392562866,0.0,0.444807231426239,0.5845106244087219,0.0,0.25789931416511536,0.3750324547290802,0.0,0.1751769632101059
132,0.0001,0.3451587576419115,0.9219973016934883,0.512348492940267,0.836967840677185,0.9103406800045244,15.32908296585083,0.2687971480190754,0.250966327264905,0.0,0.0,0.2687971480190754,0.8284596279263496,0.3622570272647973,0.31916096896836255,0.0,0.0,0.3622570272647973,0.7700563488584576,0.818317711353302,0.0,0.37207621335983276,0.7169400453567505,0.0,0.4466248154640198,0.5848291516304016,0.0,0.25905147194862366,0.3751209080219269,0.0,0.17545606195926666
133,0.0001,0.3385171424597502,0.9214074894728641,0.5257341464360555,0.819587891343978,0.8995068295030257,15.244504928588867,0.2624300951138139,0.24473178759217262,0.0,0.0,0.2624300951138139,0.8301195353269577,0.32939717625126697,0.3155509685025071,0.0,0.0,0.32939717625126697,0.7956835934610078,0.820683479309082,0.0,0.3737029433250427,0.7174620628356934,0.0,0.4486170709133148,0.5852327942848206,0.0,0.2604868710041046,0.3742275536060333,0.0,0.17608317732810974
134,0.0001,0.338922344148159,0.9222821371594405,0.5342866760311704,0.8298969177177756,0.9051837327802034,15.877731323242188,0.26190001238137484,0.24692783784121275,0.0,0.0,0.26190001238137484,0.8329664468765259,0.4085243145624797,0.3209873555284558,0.0,0.0,0.4085243145624797,0.734636080084425,0.8224017024040222,0.0,0.3758299648761749,0.7175531387329102,0.0,0.450715571641922,0.5852111577987671,0.0,0.26166367530822754,0.37366026639938354,0.0,0.17652301490306854
135,0.0001,0.34149174578487873,0.9229208237327792,0.536301623691212,0.83266246196232,0.9074596197766432,14.668261528015137,0.26716440357267857,0.24655969627201557,0.0,0.0,0.26716440357267857,0.8309174291789532,0.40228311582045123,0.33841141606822156,0.0,0.0,0.40228311582045123,0.7401537940357671,0.8236822485923767,0.0,0.37762126326560974,0.7165113091468811,0.0,0.4531066119670868,0.5877509713172913,0.0,0.2630206048488617,0.3712945580482483,0.0,0.1770298331975937
136,0.0001,0.33459078148007393,0.9217308620063773,0.5127920237454501,0.8313311557797948,0.9062545865469096,15.946645498275757,0.2532691080123186,0.2484549107030034,0.0,0.0,0.2532691080123186,0.8395451344549656,0.3427060553521821,0.32474839416417206,0.0,0.0,0.3427060553521821,0.786974726301251,0.8243017196655273,0.0,0.37915387749671936,0.7178735136985779,0.0,0.45470374822616577,0.5889638066291809,0.0,0.2642975151538849,0.36997759342193604,0.0,0.17763777077198029
137,0.0001,0.34215110167860985,0.9211168892983338,0.48703643769928906,0.8389467860805038,0.9113052516026117,15.373369455337524,0.26649050787091255,0.24827254936099052,0.0,0.0,0.26649050787091255,0.8282154761254787,0.30699643221768463,0.31022258057738794,0.0,0.0,0.30699643221768463,0.8108923272653059,0.8258395195007324,0.0,0.3806399703025818,0.7194344401359558,0.0,0.45639926195144653,0.5897262096405029,0.0,0.26590338349342346,0.36752331256866455,0.0,0.17795652151107788
138,0.0001,0.3300786539912224,0.9263224518393567,0.5082665645714962,0.8341627934232413,0.9082542867516842,15.476333618164062,0.26048435643315315,0.2428171243518591,0.0,0.0,0.26048435643315315,0.8315582163631916,0.3497458551869248,0.3191409941875573,0.0,0.0,0.3497458551869248,0.7793903928814512,0.8274317979812622,0.0,0.38236477971076965,0.7202470898628235,0.0,0.45802414417266846,0.589612603187561,0.0,0.26707929372787476,0.36536705493927,0.0,0.17825722694396973
139,0.0001,0.3282637242227793,0.9262995049537519,0.4916635173739809,0.8432825857308893,0.9135489942130701,15.48908019065857,0.2582610724493861,0.24215980432927608,0.0,0.0,0.2582610724493861,0.8355217911303043,0.3377846696160056,0.32003220644864167,0.0,0.0,0.3377846696160056,0.7935274225292783,0.8292688727378845,0.0,0.38397642970085144,0.7210527658462524,0.0,0.4598935544490814,0.590641975402832,0.0,0.2685888111591339,0.3615465462207794,0.0,0.17842648923397064
140,0.0001,0.3277966286987066,0.9277912614633315,0.4926086555827748,0.8396280571694248,0.9116150531860736,15.390011310577393,0.2587057836353779,0.2419647416099906,0.0,0.0,0.2587057836353779,0.8355407007038593,0.3060981306162747,0.33433612819873926,0.0,0.0,0.3060981306162747,0.8163015734065663,0.8303318023681641,0.0,0.3859174847602844,0.7202450633049011,0.0,0.4616655707359314,0.5918551683425903,0.0,0.2697010338306427,0.3583507537841797,0.0,0.17850449681282043
141,0.0001,0.332024946808815,0.9253429243886363,0.501619122245095,0.8356013121796276,0.9092421338726075,15.473507642745972,0.2603891044855118,0.24631664250046015,0.0,0.0,0.2603891044855118,0.8360456824302673,0.32442889430306177,0.3274198896957166,0.0,0.0,0.32442889430306177,0.7993075793439691,0.8305616974830627,0.0,0.38720157742500305,0.721116840839386,0.0,0.4630005359649658,0.5916026830673218,0.0,0.27126261591911316,0.3579001724720001,0.0,0.17872211337089539
142,0.0001,0.32304677926003933,0.92899156616367,0.49064328453757544,0.8414296236122072,0.9126912426084611,15.612691402435303,0.2575215995311737,0.238460392691195,0.0,0.0,0.2575215995311737,0.8334549814462662,0.35420414895722363,0.30567382682453503,0.0,0.0,0.35420414895722363,0.7772299340277007,0.8309928178787231,0.0,0.38883909583091736,0.7213910222053528,0.0,0.4652077853679657,0.5919029712677002,0.0,0.272441565990448,0.3549696207046509,0.0,0.17886292934417725
143,0.0001,0.32865110039711,0.9265121700669532,0.4772345441760439,0.8444612608218466,0.9143305796069268,15.418870449066162,0.26073511224240065,0.2411912428215146,0.0,0.0,0.26073511224240065,0.8322832137346268,0.3022700475923943,0.31527281349355524,0.0,0.0,0.3022700475923943,0.8172691283803998,0.8316968679428101,0.0,0.3907119035720825,0.7219734191894531,0.0,0.46741050481796265,0.5915460586547852,0.0,0.2734215557575226,0.35219308733940125,0.0,0.17863433063030243
144,0.0001,0.3267179448157549,0.926151522803337,0.5120066621086814,0.8311375459601776,0.9067573955328835,14.30871844291687,0.25644716154783964,0.24278739374130964,0.0,0.0,0.25644716154783964,0.8373830989003181,0.33062797965425433,0.3283174688165838,0.0,0.0,0.33062797965425433,0.7956326802571615,0.8348751068115234,0.0,0.39232057332992554,0.7228198647499084,0.0,0.46907004714012146,0.5918502807617188,0.0,0.27440908551216125,0.34839069843292236,0.0,0.17881055176258087
145,0.0001,0.3243602402508259,0.9262978031240143,0.5364816730672662,0.8208928340986237,0.8997995094979683,14.747070074081421,0.25726265273988247,0.24105137586593628,0.0,0.0,0.25726265273988247,0.8360178060829639,0.3817266081318711,0.32449451901695947,0.0,0.0,0.3817266081318711,0.7501906860958446,0.8370084762573242,0.0,0.3940161466598511,0.7237374186515808,0.0,0.47079652547836304,0.5936869978904724,0.0,0.2757178843021393,0.3487165868282318,0.0,0.1789582520723343
146,0.0001,0.33265095949172974,0.9220480253303242,0.4995565847917037,0.8293398650074455,0.9045776320513883,16.16493821144104,0.26113803405314684,0.24523380491882563,0.0,0.0,0.26113803405314684,0.8365568406879902,0.3118976896459406,0.3165842177289905,0.0,0.0,0.3118976896459406,0.81117254856861,0.8383616805076599,0.0,0.3954888582229614,0.7250710725784302,0.0,0.4728207290172577,0.5929760932922363,0.0,0.2775844931602478,0.34876948595046997,0.0,0.17960114777088165
147,0.0001,0.3371357712894678,0.920545022234937,0.530210686452461,0.818336533632152,0.8982686405856947,16.594966888427734,0.26731127966195345,0.2477997997775674,0.0,0.0,0.26731127966195345,0.8249985836446285,0.3751249819090872,0.3207800406398195,0.0,0.0,0.3751249819090872,0.7632300745357167,0.8397679328918457,0.0,0.39710476994514465,0.7265875339508057,0.0,0.4744577407836914,0.5929306745529175,0.0,0.2790733873844147,0.34801560640335083,0.0,0.18011999130249023
148,0.0001,0.3362782169133425,0.9218517511503508,0.5470585786935055,0.8193373731355024,0.8991852682996766,15.340049982070923,0.2674288731068373,0.24666734971106052,0.0,0.0,0.2674288731068373,0.8244048058986664,0.4095696246985233,0.33426841190367035,0.0,0.0,0.4095696246985233,0.7348664204279581,0.8402760028839111,0.0,0.3985544443130493,0.7268206477165222,0.0,0.47657957673072815,0.5932483077049255,0.0,0.28029823303222656,0.3458513915538788,0.0,0.18066588044166565
149,0.0001,0.31798933260142803,0.9301924805986427,0.5098238569317441,0.8270210686951767,0.9037775164997544,15.033136129379272,0.25776637718081474,0.23680524248629808,0.0,0.0,0.25776637718081474,0.8380542881786823,0.31797808228117047,0.3248873434283517,0.0,0.0,0.31797808228117047,0.8065736600846956,0.8422233462333679,0.0,0.4003514349460602,0.7275896072387695,0.0,0.4787335693836212,0.5938711762428284,0.0,0.281211256980896,0.343174546957016,0.0,0.18095524609088898
150,0.0001,0.3143852837383747,0.9298672998996262,0.5181532700856527,0.8385710467765288,0.9109809335168517,15.95814061164856,0.25079181883484125,0.23328384663909674,0.0,0.0,0.25079181883484125,0.8429475277662277,0.3946344635703347,0.3285071578892795,0.0,0.0,0.3946344635703347,0.7503349401734092,0.843512237071991,0.0,0.4019388258457184,0.7278372049331665,0.0,0.4802442789077759,0.594596266746521,0.0,0.28237324953079224,0.34084656834602356,0.0,0.18103331327438354
151,0.0001,0.31531883776187897,0.9298959827184629,0.509636691122344,0.8318310274319718,0.9065078760392995,15.311805963516235,0.25722179748117924,0.2347901938483119,0.0,0.0,0.25722179748117924,0.8363503739237785,0.32753697669867315,0.33209768479520624,0.0,0.0,0.32753697669867315,0.7971327684142373,0.8447756767272949,0.0,0.40396082401275635,0.7283057570457458,0.0,0.4823428988456726,0.5961125493049622,0.0,0.28380152583122253,0.33870065212249756,0.0,0.18121829628944397
152,0.0001,0.31335744448006153,0.9319197563968413,0.4901777505874634,0.8359709592377715,0.9089617492379,15.504510164260864,0.256464215926826,0.23488549422472715,0.0,0.0,0.256464215926826,0.8367866799235344,0.3060090722459735,0.3181060787403222,0.0,0.0,0.3060090722459735,0.8120475592035236,0.84596848487854,0.0,0.40587878227233887,0.7290590405464172,0.0,0.48452240228652954,0.596656858921051,0.0,0.28464752435684204,0.3374585807323456,0.0,0.18122969567775726
153,0.0001,0.3120161443948746,0.9318164778324474,0.5126336451732751,0.8212374148307128,0.9000053255720911,15.98954176902771,0.25397577695548534,0.23206469975411892,0.0,0.0,0.25397577695548534,0.8396822884678841,0.31801700592041016,0.32011828729600617,0.0,0.0,0.31801700592041016,0.8028265418428363,0.8467589020729065,0.0,0.4075763523578644,0.7302981615066528,0.0,0.48609501123428345,0.5961577892303467,0.0,0.28527340292930603,0.33572718501091003,0.0,0.18113912642002106
154,0.0001,0.30834794975817204,0.9311243409127505,0.5017686468182188,0.8379691531469823,0.9100949220552749,15.361879587173462,0.2500536981970072,0.22882896941155195,0.0,0.0,0.2500536981970072,0.8412503935396671,0.3436307870980465,0.32408379605322174,0.0,0.0,0.3436307870980465,0.7908820636344679,0.8486076593399048,0.0,0.40963977575302124,0.7307947278022766,0.0,0.4883609414100647,0.5975854992866516,0.0,0.28618407249450684,0.3332400619983673,0.0,0.18145981431007385
155,0.0001,0.30890371836721897,0.9304186988222808,0.48913758090048126,0.8423772345246461,0.9129707280502976,15.579816341400146,0.24720809422433376,0.23265415616333485,0.0,0.0,0.24720809422433376,0.843317337334156,0.30218423135352857,0.33015040195349493,0.0,0.0,0.30218423135352857,0.8191547682791045,0.8496943116188049,0.0,0.4112430810928345,0.7312859296798706,0.0,0.4900381565093994,0.5977084636688232,0.0,0.2872787117958069,0.33229002356529236,0.0,0.1824142038822174
156,0.0001,0.3120333179831505,0.9287029261474882,0.5107359055316809,0.8248395499539913,0.901878239293236,15.26680588722229,0.25256237480789423,0.23124649748206139,0.0,0.0,0.25256237480789423,0.8395637609064579,0.3019903898239136,0.33429860617175244,0.0,0.0,0.3019903898239136,0.8136714299519857,0.850511372089386,0.0,0.41270288825035095,0.7312192916870117,0.0,0.4916059672832489,0.5992161631584167,0.0,0.2885149121284485,0.33182626962661743,0.0,0.18293578922748566
157,0.0001,0.30320744775235653,0.9330506205356621,0.5197587410608927,0.818672732180005,0.8983015485562464,15.896397590637207,0.24589910823851824,0.2298974385485053,0.0,0.0,0.24589910823851824,0.8466441966593266,0.32320810628659796,0.3245726769620722,0.0,0.0,0.32320810628659796,0.7990974260099006,0.8518253564834595,0.0,0.414564847946167,0.7312859892845154,0.0,0.49346521496772766,0.5984618663787842,0.0,0.28944137692451477,0.32980209589004517,0.0,0.18308469653129578
158,0.0001,0.31005202420055866,0.9305675428871594,0.48591224894379126,0.8420858221851215,0.9131424759594847,15.397717714309692,0.2506202943623066,0.23401903733611107,0.0,0.0,0.2506202943623066,0.8406727910041809,0.3044033176971204,0.3290660959301573,0.0,0.0,0.3044033176971204,0.8227189508351412,0.8533251881599426,0.0,0.41605010628700256,0.7320448160171509,0.0,0.49524495005607605,0.5995806455612183,0.0,0.2907339036464691,0.3276836574077606,0.0,0.1827918440103531
159,0.0001,0.32450709491968155,0.9246297774301409,0.49298050548091077,0.8428492374248371,0.9134342587265045,15.093966722488403,0.26182588655501604,0.24118506629019976,0.0,0.0,0.26182588655501604,0.832535870373249,0.32867106705000904,0.33270296364119556,0.0,0.0,0.32867106705000904,0.7976854118433866,0.8550106287002563,0.0,0.4177166819572449,0.7329044938087463,0.0,0.49690714478492737,0.6024160385131836,0.0,0.29243993759155273,0.3269760012626648,0.0,0.18235963582992554
160,0.0001,0.31133080646395683,0.9312223735767392,0.5005588531494141,0.8314600891277346,0.9067082733837382,15.857520341873169,0.25611787009984255,0.2370795151218772,0.0,0.0,0.25611787009984255,0.8376251757144928,0.32325751131231134,0.3201555573579037,0.0,0.0,0.32325751131231134,0.8035326130462416,0.8557146191596985,0.0,0.4195011556148529,0.7336876392364502,0.0,0.49875155091285706,0.6028686761856079,0.0,0.29341474175453186,0.324617862701416,0.0,0.18187597393989563
161,0.0001,0.3108224980533123,0.9298931336232665,0.4809287533615575,0.844109505375685,0.9139498299753515,15.312647581100464,0.25252698361873627,0.23672600835561752,0.0,0.0,0.25252698361873627,0.8408049419522285,0.30465449528260663,0.31981911081256287,0.0,0.0,0.30465449528260663,0.8167122999827067,0.8570310473442078,0.0,0.4212261736392975,0.734413743019104,0.0,0.500299870967865,0.6031252145767212,0.0,0.2945503890514374,0.32406219840049744,0.0,0.18205639719963074
162,0.0001,0.3125736638903618,0.9277458418711437,0.47874520764206396,0.8451990309062369,0.9147909061455682,15.698979377746582,0.2503763157874346,0.23602533712983131,0.0,0.0,0.2503763157874346,0.8405732847750187,0.3061852509325201,0.3250020904974504,0.0,0.0,0.3061852509325201,0.8171183015360977,0.8571742177009583,0.0,0.4228750765323639,0.7339715957641602,0.0,0.5022175908088684,0.6038784384727478,0.0,0.29593223333358765,0.3210322856903076,0.0,0.18181703984737396
163,0.0001,0.31796782091259956,0.9267460060266426,0.5212267203764482,0.8177694329239874,0.8980981188600593,16.537869453430176,0.2552978666499257,0.2393646202981472,0.0,0.0,0.2552978666499257,0.8394869901239872,0.31921171058307996,0.3252599663806684,0.0,0.0,0.31921171058307996,0.7877522291559161,0.8578806519508362,0.0,0.4244246184825897,0.7351140975952148,0.0,0.5039426684379578,0.6033899784088135,0.0,0.29690220952033997,0.3192729949951172,0.0,0.18215547502040863
164,0.0001,0.30198470782488585,0.9331455627717145,0.47289436874967633,0.8477011043044752,0.9165034847073991,15.611843585968018,0.2447872832417488,0.23155676946043968,0.0,0.0,0.2447872832417488,0.8491111174225807,0.2977044004382509,0.3226921179077842,0.0,0.0,0.2977044004382509,0.8222407933437463,0.8586221933364868,0.0,0.4261414706707001,0.7343483567237854,0.0,0.5057555437088013,0.6045839190483093,0.0,0.29776352643966675,0.3180050551891327,0.0,0.18239836394786835
165,0.0001,0.2974922116845846,0.9356483336590413,0.48321459510109643,0.8405657301291847,0.9118026039945545,15.809067726135254,0.24522929545491934,0.227680042386055,0.0,0.0,0.24522929545491934,0.8467851541936398,0.30656667911645136,0.3175657174803994,0.0,0.0,0.30656667911645136,0.8135661645369097,0.8600122928619385,0.0,0.4275296926498413,0.7358760833740234,0.0,0.5074194073677063,0.6044750809669495,0.0,0.29878661036491394,0.3160398602485657,0.0,0.18282616138458252
166,0.0001,0.291269239038229,0.937414470601962,0.4947040044900143,0.8339327854816758,0.9082131132567217,15.083656549453735,0.24010696448385715,0.22394926939159632,0.0,0.0,0.24010696448385715,0.8504412919282913,0.30360395619363495,0.32836010781201447,0.0,0.0,0.30360395619363495,0.8158425760991646,0.8604266047477722,0.0,0.42929407954216003,0.7367837429046631,0.0,0.509221613407135,0.6043382287025452,0.0,0.2994348108768463,0.3158968389034271,0.0,0.18325041234493256
167,0.0001,0.3059290871024132,0.930963886935649,0.5041961200309523,0.8320769405315126,0.9069473681919262,15.73414921760559,0.25469357892870903,0.23134014941751957,0.0,0.0,0.25469357892870903,0.8370647095143795,0.30344779924912885,0.3404638478250215,0.0,0.0,0.30344779924912885,0.8171495434009668,0.8604344725608826,0.0,0.43081045150756836,0.7373936772346497,0.0,0.5107025504112244,0.6026123762130737,0.0,0.3003917634487152,0.3157588541507721,0.0,0.18339385092258453
168,0.0001,0.29442067444324493,0.9357903356579054,0.4906563831098152,0.8332653757008134,0.9077806822685334,15.02985143661499,0.24589178711175919,0.22592974733561277,0.0,0.0,0.24589178711175919,0.8463652245700359,0.3004728736299457,0.3202264074123267,0.0,0.0,0.3004728736299457,0.8235847516493364,0.8607232570648193,0.0,0.4321262836456299,0.7375810146331787,0.0,0.5122809410095215,0.6014325618743896,0.0,0.3011869490146637,0.3153637647628784,0.0,0.1836196929216385
169,0.0001,0.3027310576289892,0.9326013093410378,0.5321816783962827,0.8223324837991033,0.9006422880668756,14.56287169456482,0.25116932205855846,0.22997763101011515,0.0,0.0,0.25116932205855846,0.8416406325995922,0.38847368413751776,0.3320489995407336,0.0,0.0,0.38847368413751776,0.7545371001416986,0.8622025847434998,0.0,0.4337020516395569,0.7381848692893982,0.0,0.5141822099685669,0.6027982234954834,0.0,0.3023233115673065,0.3136339485645294,0.0,0.18419981002807617
170,0.0001,0.2987081538885832,0.934232050552382,0.49706767544601904,0.8318386862802675,0.9068067362975982,15.77798843383789,0.2535627409815788,0.22686940804123878,0.0,0.0,0.2535627409815788,0.8413014449179173,0.3035008293209654,0.3332602490078319,0.0,0.0,0.3035008293209654,0.8111707658478708,0.8639860153198242,0.0,0.4350024163722992,0.7387679815292358,0.0,0.5158373117446899,0.6038890480995178,0.0,0.30341967940330505,0.3106077015399933,0.0,0.18465116620063782
171,0.0001,0.29694244265556335,0.9347138042250803,0.4730540911356608,0.8436218897117009,0.9138358327335995,14.795947790145874,0.246235397644341,0.22701573371887207,0.0,0.0,0.246235397644341,0.8451501689851284,0.289683051181562,0.3202935005679275,0.0,0.0,0.289683051181562,0.822350263595581,0.8654124736785889,0.0,0.4362914264202118,0.7397539615631104,0.0,0.5172795653343201,0.6050959825515747,0.0,0.30436399579048157,0.30930042266845703,0.0,0.1846650391817093
172,0.0001,0.2961584907025099,0.9349547349235507,0.5105270689184015,0.8218722825668281,0.9003349972653182,15.556638717651367,0.2468657921999693,0.22657158505171537,0.0,0.0,0.2468657921999693,0.8433855846524239,0.3122825965736852,0.32848997368957056,0.0,0.0,0.3122825965736852,0.8056668043136597,0.8667402267456055,0.0,0.4379032254219055,0.7395904660224915,0.0,0.5191623568534851,0.6045904159545898,0.0,0.3052479326725006,0.3077511787414551,0.0,0.18464295566082
173,0.0001,0.29393595084547997,0.9359725222219396,0.5124202280333547,0.8277667127355667,0.9036820352854371,15.417893171310425,0.2462556203827262,0.22730679158121347,0.0,0.0,0.2462556203827262,0.8444272577762604,0.34921093601169007,0.32466577941721136,0.0,0.0,0.34921093601169007,0.7768168304905747,0.868056058883667,0.0,0.4395275115966797,0.7393395900726318,0.0,0.5207853317260742,0.6051207780838013,0.0,0.3060179054737091,0.3059145212173462,0.0,0.1848365068435669
174,0.0001,0.3062339164316654,0.93245708983721,0.5050915949272387,0.8311390684592576,0.9065371419878858,14.902071237564087,0.2562553808093071,0.2313838852569461,0.0,0.0,0.2562553808093071,0.8343696221709251,0.3301343953970707,0.33512708273800934,0.0,0.0,0.3301343953970707,0.8001610383842931,0.8688254952430725,0.0,0.44112977385520935,0.7404909729957581,0.0,0.5224575400352478,0.6071630716323853,0.0,0.3073321282863617,0.3044014871120453,0.0,0.1845889389514923
175,0.0001,0.29552703723311424,0.9339097058754879,0.4946122747479063,0.8435551642974868,0.9137224664697802,15.437040090560913,0.24433107487857342,0.22481427248567343,0.0,0.0,0.24433107487857342,0.8461275547742844,0.340728015610666,0.33095644278959796,0.0,0.0,0.340728015610666,0.7880837718645731,0.8693311214447021,0.0,0.44282427430152893,0.740853488445282,0.0,0.5242246389389038,0.6085391640663147,0.0,0.3086012005805969,0.3020499348640442,0.0,0.18462562561035156
176,0.0001,0.2958215903490782,0.9332486009075953,0.48454147216045496,0.8434870551529917,0.9139119763790583,15.496286630630493,0.24503068439662457,0.22912084590643644,0.0,0.0,0.24503068439662457,0.8428180404007435,0.29509979847705725,0.3347618110252149,0.0,0.0,0.29509979847705725,0.8224273883935177,0.8699803352355957,0.0,0.4444725513458252,0.7413353323936462,0.0,0.5259795784950256,0.6090779900550842,0.0,0.3095443546772003,0.30028438568115234,0.0,0.18456228077411652
177,0.0001,0.3056672737002373,0.92944324370958,0.4946152892979709,0.8320743702228997,0.9069341942573831,15.718360662460327,0.255011779256165,0.22831007279455662,0.0,0.0,0.255011779256165,0.8376103341579437,0.3005589752486258,0.3290578334620505,0.0,0.0,0.3005589752486258,0.817662826090148,0.8707442879676819,0.0,0.4460851848125458,0.7420003414154053,0.0,0.5274528861045837,0.6089566946029663,0.0,0.3105940818786621,0.2993617355823517,0.0,0.18448658287525177
178,0.0001,0.29919554479420185,0.9332830942657315,0.4906870018352162,0.8378908448084402,0.9104283859956827,15.771437406539917,0.2511331858113408,0.22758676949888468,0.0,0.0,0.2511331858113408,0.8397084139287472,0.3260639165387009,0.3223199862422365,0.0,0.0,0.3260639165387009,0.7941052227309255,0.8714476227760315,0.0,0.4474058747291565,0.7423206567764282,0.0,0.5289766192436218,0.609500527381897,0.0,0.31159737706184387,0.2995717525482178,0.0,0.18463866412639618
179,0.0001,0.30127426236867905,0.9292945631297369,0.506350394451257,0.8242447711591699,0.9019115270539374,16.281001567840576,0.24987748730927706,0.22790698613971472,0.0,0.0,0.24987748730927706,0.8423875011503696,0.29481717311974726,0.3368272844589118,0.0,0.0,0.29481717311974726,0.825912022229397,0.8720599412918091,0.0,0.4491562247276306,0.7425824403762817,0.0,0.5305953621864319,0.6106833219528198,0.0,0.312512069940567,0.2982630729675293,0.0,0.18470269441604614
180,0.0001,0.2931062849238515,0.935749556666011,0.4942906408598929,0.8350235543248107,0.9086398276283998,14.187757730484009,0.24889040645211935,0.222927775233984,0.0,0.0,0.24889040645211935,0.8414652645587921,0.3104223482536547,0.331938823967269,0.0,0.0,0.3104223482536547,0.8079632195559415,0.8733671307563782,0.0,0.45062312483787537,0.7431157827377319,0.0,0.5324384570121765,0.6103997826576233,0.0,0.313711017370224,0.2983338236808777,0.0,0.1848992109298706
181,0.0001,0.29062960483133793,0.9340730767725708,0.4619337970560247,0.8567589720124843,0.9220019855212239,15.435734510421753,0.24262138549238443,0.22143305744975805,0.0,0.0,0.24262138549238443,0.8480506725609303,0.296791799140699,0.32254152677275916,0.0,0.0,0.296791799140699,0.8202346093726881,0.8752486705780029,0.0,0.45227599143981934,0.7437434196472168,0.0,0.5339773893356323,0.6110721230506897,0.0,0.3145773708820343,0.2981710731983185,0.0,0.18443521857261658
182,0.0001,0.2909707296639681,0.9357745011463917,0.4916005531946818,0.8395102175175388,0.9112644360996848,15.521613121032715,0.24516692850738764,0.22293036989867687,0.0,0.0,0.24516692850738764,0.8463943004608154,0.32479651407762006,0.33079009886943933,0.0,0.0,0.32479651407762006,0.8015908526651787,0.8762556314468384,0.0,0.4539145529270172,0.743893563747406,0.0,0.535698413848877,0.6108646988868713,0.0,0.31576818227767944,0.297658234834671,0.0,0.18488453328609467
183,0.0001,0.2877527130767703,0.9368262668176952,0.47761509635231714,0.8464039601104787,0.9155203745485077,15.406702280044556,0.24554530251771212,0.22274739760905504,0.0,0.0,0.24554530251771212,0.8498026691377163,0.30354529799837054,0.3258882923559709,0.0,0.0,0.30354529799837054,0.819672248580239,0.8769604563713074,0.0,0.45519572496414185,0.7440698146820068,0.0,0.5373635292053223,0.6107338666915894,0.0,0.3168453574180603,0.2985999286174774,0.0,0.18521448969841003
184,0.0001,0.2911506537348032,0.9373496339428788,0.4965385433399316,0.8341390282150433,0.9083065526840314,14.78309440612793,0.2511820588260889,0.21978400368243456,0.0,0.0,0.2511820588260889,0.8444643877446651,0.29761851917613635,0.33934817530892114,0.0,0.0,0.29761851917613635,0.8244628581133756,0.8774654269218445,0.0,0.4569252133369446,0.7440063953399658,0.0,0.5392686128616333,0.6110787391662598,0.0,0.318030446767807,0.29758864641189575,0.0,0.1852399706840515
185,0.0001,0.28021820820868015,0.940714355471541,0.4855495239749099,0.8403826533888621,0.912089054210444,15.54955005645752,0.24408642575144768,0.21483096200972795,0.0,0.0,0.24408642575144768,0.8472548015415668,0.30356532154661237,0.33599879163684265,0.0,0.0,0.30356532154661237,0.8189864628242723,0.8784539103507996,0.0,0.45870840549468994,0.744579553604126,0.0,0.5413702726364136,0.6111016273498535,0.0,0.31920111179351807,0.2964619994163513,0.0,0.1854197084903717
186,0.0001,0.2872841553762555,0.9374901321220015,0.4966700402173129,0.8354144668581419,0.9091412935547845,14.890997648239136,0.24980197194963694,0.22247523348778486,0.0,0.0,0.24980197194963694,0.8408234976232052,0.297293585358244,0.3459423780441284,0.0,0.0,0.297293585358244,0.8245254863392223,0.8777815103530884,0.0,0.4601520299911499,0.7443690896034241,0.0,0.5428690314292908,0.6102953553199768,0.0,0.32021191716194153,0.29436519742012024,0.0,0.1853102296590805
187,0.0001,0.2753544570878148,0.9404706409284347,0.4771504293788563,0.8498006014218386,0.9175934735644998,15.142496824264526,0.237221822142601,0.21325791627168655,0.0,0.0,0.237221822142601,0.8532767631113529,0.3087511496110396,0.3329146685022296,0.0,0.0,0.3087511496110396,0.81607898979476,0.8785524368286133,0.0,0.46157756447792053,0.7451146245002747,0.0,0.5444513559341431,0.6095649600028992,0.0,0.32105064392089844,0.29233554005622864,0.0,0.185430645942688
188,0.0001,0.28413265012204647,0.9376354422036709,0.48909375884316186,0.839675753054895,0.9117331350181914,15.495877027511597,0.24076595716178417,0.220426834654063,0.0,0.0,0.24076595716178417,0.847792498767376,0.2941116455829505,0.34495643955288513,0.0,0.0,0.2941116455829505,0.8233452818610452,0.8796538710594177,0.0,0.4632638990879059,0.7459663152694702,0.0,0.545952320098877,0.609932005405426,0.0,0.3218829929828644,0.291586697101593,0.0,0.18544292449951172
189,0.0001,0.2812644653022289,0.9370991908934974,0.4850996804959846,0.8448417389646194,0.9148550694454191,15.42717695236206,0.23693259060382843,0.2202575458213687,0.0,0.0,0.23693259060382843,0.8512955382466316,0.3000069423155351,0.34284401481801813,0.0,0.0,0.3000069423155351,0.8194248170563669,0.8800858855247498,0.0,0.4645651578903198,0.746917724609375,0.0,0.5471169352531433,0.610467791557312,0.0,0.32283055782318115,0.2898271083831787,0.0,0.18569639325141907
190,0.0001,0.28538564313203096,0.9358745386848456,0.5139622543797349,0.8318293160845809,0.9068305009111474,16.12295436859131,0.23879499174654484,0.22508148290216923,0.0,0.0,0.23879499174654484,0.8504140935838223,0.3383589116009799,0.3436694325822772,0.0,0.0,0.3383589116009799,0.7924315224994313,0.8808801770210266,0.0,0.46585285663604736,0.7480852603912354,0.0,0.5484504699707031,0.6100175380706787,0.0,0.32335948944091797,0.2878357172012329,0.0,0.1857355237007141
191,0.0001,0.2876745890825987,0.9364010669845834,0.5105817679202918,0.8282357806979724,0.9047202873676433,15.27068543434143,0.24404513835906982,0.22420076187700033,0.0,0.0,0.24404513835906982,0.8480273485183716,0.3069922960165775,0.3426092736648791,0.0,0.0,0.3069922960165775,0.8124426711689342,0.8819384574890137,0.0,0.4672296345233917,0.7482721209526062,0.0,0.549876868724823,0.6098698377609253,0.0,0.32404834032058716,0.2879543602466583,0.0,0.1857580542564392
192,0.0001,0.27889984752982855,0.9395577022740654,0.49413379755887116,0.8459703914850156,0.9152815530213656,14.979570388793945,0.2422174271196127,0.21527533326297998,0.0,0.0,0.2422174271196127,0.846241157501936,0.37038730852531665,0.3263491861747973,0.0,0.0,0.37038730852531665,0.7689232537240693,0.8825846910476685,0.0,0.4685851037502289,0.748448371887207,0.0,0.5512481927871704,0.6111305356025696,0.0,0.32533928751945496,0.28868722915649414,0.0,0.18575800955295563
193,0.0001,0.2682831333950162,0.9433570313758374,0.4814363248420484,0.8455939121952368,0.9147322378659182,15.357613801956177,0.23134162835776806,0.2083690334111452,0.0,0.0,0.23134162835776806,0.8561100363731384,0.314260052912163,0.3309193253517151,0.0,0.0,0.314260052912163,0.8112752130537322,0.8837922811508179,0.0,0.46998700499534607,0.7486699819564819,0.0,0.5526354312896729,0.6123160719871521,0.0,0.32602789998054504,0.28807780146598816,0.0,0.18611232936382294
194,0.0001,0.2741563720628619,0.9418544303947207,0.48181458675500116,0.8442202256333289,0.9139875938411149,14.827496528625488,0.23924252670258284,0.21176514402031898,0.0,0.0,0.23924252670258284,0.8525115922093391,0.2996305624643962,0.3363784443248402,0.0,0.0,0.2996305624643962,0.8213679338946487,0.8840256333351135,0.0,0.4713449478149414,0.7486772537231445,0.0,0.5541041493415833,0.6120719909667969,0.0,0.3266901969909668,0.28657013177871704,0.0,0.18650473654270172
195,0.0001,0.2698617149144411,0.9423937641621664,0.4838258280898585,0.8378149858035355,0.9104958271181578,15.78117561340332,0.23267211578786373,0.21040078811347485,0.0,0.0,0.23267211578786373,0.857401929795742,0.29952154376290063,0.3268009162310398,0.0,0.0,0.29952154376290063,0.8130752624887408,0.8849917054176331,0.0,0.4728829860687256,0.7489599585533142,0.0,0.555608332157135,0.6120796799659729,0.0,0.3274345397949219,0.28372877836227417,0.0,0.18643693625926971
196,0.0001,0.2717707483097911,0.9404272893514601,0.5108275630257346,0.8255102711230649,0.9018761204435153,16.091739654541016,0.23757039289921522,0.21116145886480808,0.0,0.0,0.23757039289921522,0.8534845858812332,0.2967783339095838,0.34332667697559704,0.0,0.0,0.2967783339095838,0.8175674857515277,0.8866181969642639,0.0,0.47449496388435364,0.7490844130516052,0.0,0.5569774508476257,0.613015353679657,0.0,0.3283011019229889,0.28289157152175903,0.0,0.1865435540676117
197,0.0001,0.26822168193757534,0.9422578547665701,0.526448520747098,0.8232781176198969,0.9012878538653547,15.842032432556152,0.23108293674886227,0.21170305833220482,0.0,0.0,0.23108293674886227,0.8581001982092857,0.30947731480453955,0.3644040832013795,0.0,0.0,0.30947731480453955,0.7945414059089891,0.8873627185821533,0.0,0.47576239705085754,0.7486876845359802,0.0,0.5582578778266907,0.6125993728637695,0.0,0.32896721363067627,0.28306156396865845,0.0,0.1865132600069046
198,0.0001,0.27688379492610693,0.9392935694575072,0.4923307173179858,0.8358390061634313,0.9093687934527958,15.659438133239746,0.23894194792956114,0.2190996753051877,0.0,0.0,0.23894194792956114,0.84886609390378,0.3003821318799799,0.3360471562905745,0.0,0.0,0.3003821318799799,0.8196704423788822,0.888770580291748,0.0,0.4768134355545044,0.7494848966598511,0.0,0.5593676567077637,0.6121821403503418,0.0,0.3294433355331421,0.2830233871936798,0.0,0.18627217411994934
199,0.0001,0.2671217918395996,0.9436929460133919,0.49426019191741943,0.8384199388278505,0.9105912372517778,15.511532306671143,0.24026726465672255,0.20822018291801214,0.0,0.0,0.24026726465672255,0.8488719388842583,0.32620105237671826,0.33078517335833924,0.0,0.0,0.32620105237671826,0.8033986687660217,0.8892496228218079,0.0,0.4780638515949249,0.7494801878929138,0.0,0.5604586601257324,0.611717939376831,0.0,0.3301093578338623,0.28142455220222473,0.0,0.18640995025634766
200,0.0001,0.28012803196907043,0.9354868953909027,0.50830995314049,0.8343104343016392,0.9077306391260189,15.555341958999634,0.23944110330194235,0.21549985837191343,0.0,0.0,0.23944110330194235,0.851901363581419,0.2955091216347434,0.35026174422466394,0.0,0.0,0.2955091216347434,0.8200399749206774,0.8899832367897034,0.0,0.47927531599998474,0.749800980091095,0.0,0.5620355606079102,0.6126093864440918,0.0,0.331152081489563,0.2809567153453827,0.0,0.18624885380268097
201,0.0001,0.27998222317546606,0.9377489514158013,0.5363111532095707,0.8168033557059913,0.8974908614792422,15.69279408454895,0.2406060677021742,0.21618831902742386,0.0,0.0,0.2406060677021742,0.8504234552383423,0.30841723355379974,0.3614149211031018,0.0,0.0,0.30841723355379974,0.812020399353721,0.8908383846282959,0.0,0.48080694675445557,0.7495018243789673,0.0,0.5634422302246094,0.6135140061378479,0.0,0.3318807780742645,0.281124472618103,0.0,0.1863769292831421
202,0.0001,0.2862185351550579,0.9357982387529364,0.5286991054361517,0.8199368874719059,0.8993785719817117,15.530984878540039,0.2470566499978304,0.22263501212000847,0.0,0.0,0.2470566499978304,0.8415500894188881,0.3162596912095041,0.3610983834122167,0.0,0.0,0.3162596912095041,0.8003080198259065,0.8907819986343384,0.0,0.4819636046886444,0.7501460313796997,0.0,0.5644527077674866,0.6131022572517395,0.0,0.332882285118103,0.2810090184211731,0.0,0.18683117628097534
203,0.0001,0.2695459173992276,0.9422997226861979,0.48401628118572815,0.8427683179753177,0.9135280907516196,15.517183303833008,0.23401911091059446,0.2147777322679758,0.0,0.0,0.23401911091059446,0.8566788099706173,0.3015473322434859,0.337817314899329,0.0,0.0,0.3015473322434859,0.8145766962658275,0.8915155529975891,0.0,0.48328015208244324,0.7507713437080383,0.0,0.5657732486724854,0.6114847660064697,0.0,0.333609014749527,0.27959978580474854,0.0,0.18695272505283356
204,0.0001,0.27367972303181887,0.9403009857579022,0.4923431873321533,0.8361202097874515,0.9092939347571648,15.274404764175415,0.23618021793663502,0.21655766665935516,0.0,0.0,0.23618021793663502,0.8520792312920094,0.3038235469297929,0.3345721210494186,0.0,0.0,0.3038235469297929,0.8144164970426848,0.8923884034156799,0.0,0.4845990240573883,0.7503962516784668,0.0,0.5670387744903564,0.6120295524597168,0.0,0.33450666069984436,0.27751243114471436,0.0,0.18695200979709625
205,0.0001,0.2719089211896062,0.9406335463730805,0.49162899364124646,0.8361476229346635,0.909444406507516,15.166903018951416,0.2354296501725912,0.21376664005219936,0.0,0.0,0.2354296501725912,0.8520882092416286,0.3086163437727726,0.33539628982543945,0.0,0.0,0.3086163437727726,0.8100814602591775,0.8928107023239136,0.0,0.48578277230262756,0.7507602572441101,0.0,0.5682969689369202,0.612332284450531,0.0,0.3355616629123688,0.27685338258743286,0.0,0.18689194321632385
206,0.0001,0.2766676601022482,0.9388626316980758,0.4906574343190049,0.8397951645313605,0.9115917912407562,15.491504192352295,0.2426470099017024,0.21452281065285206,0.0,0.0,0.2426470099017024,0.8482871353626251,0.2931855935038942,0.3457592825094859,0.0,0.0,0.2931855935038942,0.8232965216492162,0.8932253122329712,0.0,0.4871777594089508,0.7505719065666199,0.0,0.569877564907074,0.6115400791168213,0.0,0.3365604281425476,0.2766689360141754,0.0,0.18684270977973938
207,0.0001,0.27636337745934725,0.9358101218378185,0.4965585939811938,0.8312053847367132,0.9064830402922662,14.956104278564453,0.23683203477412462,0.21352266240864992,0.0,0.0,0.23683203477412462,0.8529239110648632,0.2949155966440837,0.33738510265494837,0.0,0.0,0.2949155966440837,0.8169473554148818,0.8944728970527649,0.0,0.4883515536785126,0.7511188983917236,0.0,0.5711216330528259,0.6109409928321838,0.0,0.3374868333339691,0.2747052311897278,0.0,0.18706652522087097
208,0.0001,0.27038900554180145,0.9407956283034157,0.49661214423902106,0.8311208718561395,0.9062574749552826,15.302217960357666,0.24265530612319708,0.20917657017707825,0.0,0.0,0.24265530612319708,0.8458655960857868,0.29644210772080853,0.33534443017208215,0.0,0.0,0.29644210772080853,0.8173211253050602,0.89571213722229,0.0,0.4896891117095947,0.7508428692817688,0.0,0.5723615288734436,0.6120127439498901,0.0,0.3383749723434448,0.27243250608444214,0.0,0.18697011470794678
209,0.0001,0.27503966726362705,0.9402376579646243,0.4928660717877475,0.8379599105262509,0.9105005384703396,15.716667890548706,0.24378372076898813,0.21562971826642752,0.0,0.0,0.24378372076898813,0.8447537459433079,0.3024439739458489,0.3408043646451199,0.0,0.0,0.3024439739458489,0.8117156769290115,0.8960068821907043,0.0,0.49112504720687866,0.7503879070281982,0.0,0.5736335515975952,0.6113933324813843,0.0,0.33900904655456543,0.2722984552383423,0.0,0.1871825009584427
210,0.0001,0.2707511009648442,0.9418071026785746,0.47438188032670453,0.8468330377889602,0.9156027253675156,15.219995975494385,0.2421642141416669,0.2104312451556325,0.0,0.0,0.2421642141416669,0.8488985113799572,0.29060113430023193,0.33236938985911285,0.0,0.0,0.29060113430023193,0.8282323371280323,0.8967610597610474,0.0,0.4922114312648773,0.7506514191627502,0.0,0.5748421549797058,0.6115291118621826,0.0,0.33949771523475647,0.2711477279663086,0.0,0.1872648447751999
211,0.0001,0.25991958659142256,0.9443535152368449,0.48541822939208057,0.8407975805080675,0.9120864544766686,15.335738182067871,0.22700602002441883,0.2064096126705408,0.0,0.0,0.22700602002441883,0.8616886287927628,0.2970665765531135,0.33747743837761157,0.0,0.0,0.2970665765531135,0.8171881780479894,0.8966491222381592,0.0,0.4935078024864197,0.7509720921516418,0.0,0.5762821435928345,0.6114165782928467,0.0,0.3400208353996277,0.2701526880264282,0.0,0.18752537667751312
212,0.0001,0.2622368149459362,0.9438695911485717,0.4744301022905292,0.848453507744923,0.9165895704072303,15.906806945800781,0.23217449616640806,0.20688671246170998,0.0,0.0,0.23217449616640806,0.8581736758351326,0.29023513649449206,0.34047667727325903,0.0,0.0,0.29023513649449206,0.8293441407608263,0.8965279459953308,0.0,0.494736909866333,0.7505456805229187,0.0,0.5774921774864197,0.6112494468688965,0.0,0.3406049609184265,0.26882070302963257,0.0,0.18765345215797424
213,0.0001,0.2691798275336623,0.9431228095281049,0.4918796004671039,0.8392842099740814,0.9111907367470163,15.429676055908203,0.245563973672688,0.2087831785902381,0.0,0.0,0.245563973672688,0.8482067510485649,0.31493136377045605,0.34111001636042737,0.0,0.0,0.31493136377045605,0.8109861449761824,0.897042453289032,0.0,0.49568796157836914,0.7508087754249573,0.0,0.578628659248352,0.6109064817428589,0.0,0.3411181569099426,0.2665993273258209,0.0,0.1875580996274948
214,0.0001,0.25275326799601316,0.9470910617673132,0.49109781510902173,0.8391747928793285,0.9112102077471779,15.137948274612427,0.22930179722607136,0.19709399808198214,0.0,0.0,0.22930179722607136,0.8605890162289143,0.29534292582309607,0.34570933742956683,0.0,0.0,0.29534292582309607,0.8217470049858093,0.8974577784538269,0.0,0.49725541472435,0.750479519367218,0.0,0.5798133015632629,0.6103160381317139,0.0,0.3417668342590332,0.2648468613624573,0.0,0.18756209313869476
215,0.0001,0.2687891898676753,0.9423359231784568,0.4696778817610307,0.8521190542438332,0.9190675212148718,16.11816716194153,0.24144876468926668,0.21336628962308168,0.0,0.0,0.24144876468926668,0.8484839759767056,0.2825959668014989,0.33803280917080963,0.0,0.0,0.2825959668014989,0.8322747205242966,0.8976376056671143,0.0,0.49839189648628235,0.7509595155715942,0.0,0.5809152722358704,0.6105057597160339,0.0,0.34244850277900696,0.2628129720687866,0.0,0.18773333728313446
216,0.0001,0.2644430324435234,0.9443231010633466,0.4810063260974306,0.8487663660741609,0.9170790737506976,15.711504936218262,0.2389184981584549,0.20616471115499735,0.0,0.0,0.2389184981584549,0.850740022957325,0.31066982673876214,0.3435793157779809,0.0,0.0,0.31066982673876214,0.8139418959617615,0.8983082175254822,0.0,0.4995798170566559,0.7516344785690308,0.0,0.582146167755127,0.6098309755325317,0.0,0.3432084023952484,0.26106205582618713,0.0,0.18792332708835602
217,0.0001,0.2723249001428485,0.940285694699219,0.5226631489667025,0.8277975791593053,0.9044050568905568,16.087616205215454,0.2406062539666891,0.21048738528043032,0.0,0.0,0.2406062539666891,0.8473289236426353,0.30956059874910297,0.3644602650945837,0.0,0.0,0.30956059874910297,0.7977959025989879,0.8988087773323059,0.0,0.5009732246398926,0.7518976926803589,0.0,0.5832846164703369,0.6101803183555603,0.0,0.3440438508987427,0.2589341402053833,0.0,0.188110813498497
218,0.0001,0.2656996361911297,0.942431667431303,0.48791058858235675,0.8407144669332604,0.9119647265998821,15.715232610702515,0.23331676609814167,0.20963568054139614,0.0,0.0,0.23331676609814167,0.8583095856010914,0.28913422606208106,0.34570934013886884,0.0,0.0,0.28913422606208106,0.8319916959964868,0.8999409675598145,0.0,0.5020847320556641,0.7516911029815674,0.0,0.5843471884727478,0.610088050365448,0.0,0.34467068314552307,0.2576257288455963,0.0,0.188134104013443
219,0.0001,0.2558582490310073,0.9455112144522031,0.4946209228400028,0.8414992720556916,0.912493181633773,15.137625694274902,0.22792338579893112,0.2049192702397704,0.0,0.0,0.22792338579893112,0.8600138425827026,0.29868546399203216,0.35404079791271326,0.0,0.0,0.29868546399203216,0.8213297526041666,0.9010240435600281,0.0,0.5032212734222412,0.7514668107032776,0.0,0.5853515267372131,0.6096721291542053,0.0,0.34508317708969116,0.256143182516098,0.0,0.18790781497955322
220,0.0001,0.2593107344582677,0.9443331107526951,0.47983318025415594,0.8441191768754468,0.9140590908429439,15.500166654586792,0.23345850221812725,0.205353869125247,0.0,0.0,0.23345850221812725,0.8551171086728573,0.2960222327347958,0.3367160829630765,0.0,0.0,0.2960222327347958,0.8205416852777655,0.901578962802887,0.0,0.5041949152946472,0.7514486908912659,0.0,0.5864889621734619,0.6098992228507996,0.0,0.34559065103530884,0.2537443935871124,0.0,0.1877465695142746
221,0.0001,0.262501479126513,0.943101333151988,0.47309972661914246,0.8490949958223678,0.9172116199763515,14.705561876296997,0.235531909391284,0.20580538362264633,0.0,0.0,0.235531909391284,0.8526177294552326,0.28860752871542267,0.34350197062347876,0.0,0.0,0.28860752871542267,0.8286355336507162,0.9025221467018127,0.0,0.5054420828819275,0.751291811466217,0.0,0.5876173377037048,0.6102901101112366,0.0,0.3462600111961365,0.2527979910373688,0.0,0.1879858821630478
222,0.0001,0.26369121205061674,0.9435387181345244,0.48391364559982764,0.8407385143563598,0.9120940202351654,15.665222406387329,0.23965613450855017,0.20591198652982712,0.0,0.0,0.23965613450855017,0.8508567921817303,0.28977047313343396,0.3408667400027766,0.0,0.0,0.28977047313343396,0.8270901134519866,0.9028668999671936,0.0,0.5068318247795105,0.7513076066970825,0.0,0.5889226198196411,0.6107699871063232,0.0,0.3470836579799652,0.25278398394584656,0.0,0.1881725788116455
223,0.0001,0.260487069375813,0.9433838276382258,0.491147366437045,0.8354901350633235,0.9088966769374557,15.37385869026184,0.23103297781199217,0.21015615668147802,0.0,0.0,0.23103297781199217,0.8562245108187199,0.2975332953713157,0.3401601558381861,0.0,0.0,0.2975332953713157,0.8246332425059695,0.9029436707496643,0.0,0.5080175399780273,0.7516643404960632,0.0,0.5899805426597595,0.6094025373458862,0.0,0.34756964445114136,0.25234752893447876,0.0,0.1883128136396408
224,0.0001,0.2494628867134452,0.9465641393554761,0.48765974695032294,0.8424475620744182,0.9132857954811399,15.384048223495483,0.22088324185460806,0.19886437710374594,0.0,0.0,0.22088324185460806,0.8665154501795769,0.2960337328188347,0.3463197720773292,0.0,0.0,0.2960337328188347,0.8230438340793956,0.9032127261161804,0.0,0.5091519951820374,0.7510573267936707,0.0,0.5908644199371338,0.6095558404922485,0.0,0.34814679622650146,0.2513705790042877,0.0,0.18836265802383423
225,0.0001,0.2559816222637892,0.9452270988589719,0.48742999813773413,0.8457321719610553,0.9152589461794952,15.455940008163452,0.23313879780471325,0.20210978016257286,0.0,0.0,0.23313879780471325,0.8562556020915508,0.2897389567259586,0.356860129219113,0.0,0.0,0.2897389567259586,0.8293811064777952,0.903878390789032,0.0,0.5104358196258545,0.751361608505249,0.0,0.5920614004135132,0.6086839437484741,0.0,0.34852513670921326,0.24974054098129272,0.0,0.18842585384845734
226,0.0001,0.2468381216749549,0.9482824256729517,0.4874580845688329,0.8455531409431349,0.915159566831569,14.59381914138794,0.22713107708841562,0.19386295042932034,0.0,0.0,0.22713107708841562,0.8585322611033916,0.2916894049355478,0.3530972627076236,0.0,0.0,0.2916894049355478,0.8228521979216373,0.9041611552238464,0.0,0.511720597743988,0.75162672996521,0.0,0.5931798815727234,0.6086352467536926,0.0,0.3491165339946747,0.24931596219539642,0.0,0.1882939338684082
227,0.0001,0.25249607767909765,0.9463849936473953,0.48461644938497833,0.8470529132009179,0.9160358573612735,15.480948686599731,0.2334807412698865,0.19746279530227184,0.0,0.0,0.2334807412698865,0.8524757511913776,0.2906737508195819,0.35347295258984424,0.0,0.0,0.2906737508195819,0.8263399655168707,0.9053778052330017,0.0,0.5128911137580872,0.751443088054657,0.0,0.5942984223365784,0.6079511642456055,0.0,0.34948861598968506,0.24996434152126312,0.0,0.18807029724121094
228,0.0001,0.2570163467898965,0.9454148719120207,0.5050850420287161,0.8339899966214412,0.9080193489353205,15.620889902114868,0.23672571871429682,0.19966673757880926,0.0,0.0,0.23672571871429682,0.8504727184772491,0.2914133360891631,0.35764402331727924,0.0,0.0,0.2914133360891631,0.8218624194463094,0.9058336615562439,0.0,0.5141693353652954,0.7515852451324463,0.0,0.5953253507614136,0.6059804558753967,0.0,0.3501356840133667,0.24928538501262665,0.0,0.18798178434371948
229,0.0001,0.25239323265850544,0.9467979426852167,0.49205485257235443,0.8395410177539092,0.911340331703687,15.016592025756836,0.234163586050272,0.1988295540213585,0.0,0.0,0.234163586050272,0.8553002178668976,0.29056202642845386,0.3517370829076478,0.0,0.0,0.29056202642845386,0.8219158577196526,0.9065842032432556,0.0,0.5155682563781738,0.7512997984886169,0.0,0.5964629054069519,0.6062012314796448,0.0,0.3508162200450897,0.2489243894815445,0.0,0.18810436129570007
230,0.0001,0.2545726979151368,0.9460705872710397,0.48905172492518567,0.8451569412916999,0.9150787473823049,15.910609006881714,0.23182234819978476,0.2012317217886448,0.0,0.0,0.23182234819978476,0.8583435863256454,0.2895180239821925,0.35205156604448956,0.0,0.0,0.2895180239821925,0.8281362905646815,0.9076225161552429,0.0,0.5167675018310547,0.7517697811126709,0.0,0.5977634191513062,0.6061580181121826,0.0,0.35131749510765076,0.24928641319274902,0.0,0.18823255598545074
231,0.0001,0.25215722527354956,0.946499768334188,0.4958985068581321,0.842838131201899,0.9134199940751295,15.193235874176025,0.2289050193503499,0.19785736687481403,0.0,0.0,0.2289050193503499,0.8588877618312836,0.3004191084341569,0.3587022333434134,0.0,0.0,0.3004191084341569,0.8203810832717202,0.9077821969985962,0.0,0.518073558807373,0.7522969841957092,0.0,0.5990619659423828,0.606196403503418,0.0,0.35199180245399475,0.24819810688495636,0.0,0.18836341798305511
232,0.0001,0.25061521399766207,0.9466747527002399,0.47665288592829846,0.8481650931452261,0.9169615781811777,15.36365008354187,0.22960994113236666,0.19888570439070463,0.0,0.0,0.22960994113236666,0.8589667081832886,0.2886348565419515,0.34120373111782654,0.0,0.0,0.2886348565419515,0.8305466825311835,0.9080139398574829,0.0,0.5192470550537109,0.7522892355918884,0.0,0.6002418994903564,0.6054542064666748,0.0,0.35233598947525024,0.24725241959095,0.0,0.1884300708770752
233,0.0001,0.24438589345663786,0.9490338798491488,0.4896265123829697,0.8421324912720739,0.9131107553458203,15.373977661132812,0.22492200415581465,0.19223987963050604,0.0,0.0,0.22492200415581465,0.8666031509637833,0.29031640110593854,0.35140321290854254,0.0,0.0,0.29031640110593854,0.8273251110857184,0.9086745977401733,0.0,0.5203568339347839,0.7527941465377808,0.0,0.6012691855430603,0.6056152582168579,0.0,0.35290247201919556,0.24577274918556213,0.0,0.18853384256362915
234,0.0001,0.24776916205883026,0.9483243895929871,0.4888781670368079,0.8435558215738929,0.9139060832352583,15.532407999038696,0.2315291902050376,0.1959745129570365,0.0,0.0,0.2315291902050376,0.8574038706719875,0.29794364445137256,0.3474655422297391,0.0,0.0,0.29794364445137256,0.8218299276901014,0.9083084464073181,0.0,0.5214642286300659,0.752687394618988,0.0,0.6023812294006348,0.6036142706871033,0.0,0.3535892069339752,0.24424919486045837,0.0,0.188604474067688
235,0.0001,0.25504494830965996,0.9463425431991188,0.5041736617232814,0.8322246827733711,0.9071102946022649,15.684346199035645,0.23713246546685696,0.20070546958595514,0.0,0.0,0.23713246546685696,0.8559328764677048,0.2936124350085403,0.3486567970478173,0.0,0.0,0.2936124350085403,0.824221797061689,0.9092324376106262,0.0,0.5225181579589844,0.7528449892997742,0.0,0.6033093929290771,0.602577269077301,0.0,0.35426953434944153,0.24293264746665955,0.0,0.18862292170524597
236,0.0001,0.24884644243866205,0.9472458275090847,0.4896074136098226,0.8443941984449087,0.9144153888802831,15.633092164993286,0.2279827082529664,0.19492684863507748,0.0,0.0,0.2279827082529664,0.8586098812520504,0.3080858353412513,0.3504107025536624,0.0,0.0,0.3080858353412513,0.8163806904445995,0.9095540046691895,0.0,0.5234994888305664,0.7523335814476013,0.0,0.6041082739830017,0.6030290722846985,0.0,0.35481536388397217,0.24210111796855927,0.0,0.18878567218780518
237,0.0001,0.25009303353726864,0.9475029382340179,0.48772858128403174,0.845692821486182,0.9151709771538544,15.420493841171265,0.23078835103660822,0.19716638326644897,0.0,0.0,0.23078835103660822,0.8588486611843109,0.2876280907428626,0.35760438803470496,0.0,0.0,0.2876280907428626,0.8287466656077992,0.910352885723114,0.0,0.5247551798820496,0.7521228194236755,0.0,0.605087161064148,0.6041589379310608,0.0,0.35547277331352234,0.24160082638263702,0.0,0.18888206779956818
238,0.0001,0.24569781124591827,0.9486997632231354,0.4948079658277107,0.8424262088054137,0.9131863422208046,15.896081686019897,0.23094897530972958,0.1910720132291317,0.0,0.0,0.23094897530972958,0.8591331094503403,0.2891666094462077,0.36163162462639087,0.0,0.0,0.2891666094462077,0.8262328523578066,0.9113789200782776,0.0,0.5260980129241943,0.752330482006073,0.0,0.6062426567077637,0.6039580702781677,0.0,0.3560435473918915,0.24120685458183289,0.0,0.18908464908599854
239,0.0001,0.24035397171974182,0.9504662725852592,0.5026008143569484,0.8343194237911974,0.9080883801101927,15.25950312614441,0.22744925413280725,0.18969786167144775,0.0,0.0,0.22744925413280725,0.8602390438318253,0.28611315380443225,0.36000647689356946,0.0,0.0,0.28611315380443225,0.8302875486287203,0.9118706583976746,0.0,0.5273582339286804,0.7525897026062012,0.0,0.607426106929779,0.6030182242393494,0.0,0.3564085364341736,0.24012045562267303,0.0,0.18917058408260345
240,0.0001,0.23547847755253315,0.9512781970119686,0.5153879758083459,0.8286628869607888,0.9046311814875682,15.213780641555786,0.2196739250794053,0.18707340955734253,0.0,0.0,0.2196739250794053,0.8689589276909828,0.2875702272761952,0.3690567919702241,0.0,0.0,0.2875702272761952,0.8284014824664954,0.911797821521759,0.0,0.5284314155578613,0.7526883482933044,0.0,0.6083604693412781,0.6023188233375549,0.0,0.3568773865699768,0.23920953273773193,0.0,0.1892504245042801
241,0.0001,0.2446912257000804,0.948501410546312,0.5115602486061327,0.8326361075366632,0.9069857050847498,15.734387874603271,0.2280026525259018,0.19264617003500462,0.0,0.0,0.2280026525259018,0.8570527955889702,0.29579116720141785,0.368795504172643,0.0,0.0,0.29579116720141785,0.8183193224849123,0.9116977453231812,0.0,0.529570996761322,0.7527790665626526,0.0,0.6093748211860657,0.6015937924385071,0.0,0.3573479652404785,0.23832455277442932,0.0,0.1892782747745514
242,0.0001,0.24658908136188984,0.9474378808844975,0.4895364118344856,0.8432848349114906,0.9136526606053038,15.9310622215271,0.2280525965616107,0.19518589414656162,0.0,0.0,0.2280525965616107,0.8605918772518635,0.2871757547060649,0.355481946107113,0.0,0.0,0.2871757547060649,0.8303890860441959,0.9117266535758972,0.0,0.5307461619377136,0.7529622912406921,0.0,0.6103485822677612,0.6015061736106873,0.0,0.35789141058921814,0.23716238141059875,0.0,0.18933138251304626
243,0.0001,0.24999134801328182,0.9465174106026139,0.4873019348491322,0.850343109172707,0.9177714421160881,15.202575445175171,0.23521966487169266,0.1960242884233594,0.0,0.0,0.23521966487169266,0.8526529744267464,0.32911898511828797,0.34982860630208795,0.0,0.0,0.32911898511828797,0.8041142315575571,0.9129005670547485,0.0,0.5319064259529114,0.7531785368919373,0.0,0.6115186214447021,0.6023947596549988,0.0,0.35856160521507263,0.2363080084323883,0.0,0.18957345187664032
244,0.0001,0.2467807736247778,0.9486166133463487,0.49119783531535754,0.8436788108811424,0.9136842164311968,15.235528707504272,0.232472475618124,0.1943165441043675,0.0,0.0,0.232472475618124,0.8579238913953304,0.2884162592165398,0.3591067429744836,0.0,0.0,0.2884162592165398,0.8278508836572821,0.9135182499885559,0.0,0.5329147577285767,0.7533106207847595,0.0,0.6125803589820862,0.6026462316513062,0.0,0.35931694507598877,0.23581719398498535,0.0,0.1896429806947708
245,0.0001,0.24018760863691568,0.9486999104277096,0.4860631263617313,0.8455047014852115,0.914948490496254,14.501378536224365,0.21980619337409735,0.19319128710776567,0.0,0.0,0.21980619337409735,0.8680049665272236,0.28435108878395776,0.35809977939634613,0.0,0.0,0.28435108878395776,0.8329684210546089,0.9139946699142456,0.0,0.5338714718818665,0.7532349228858948,0.0,0.613337516784668,0.6021503210067749,0.0,0.3599283695220947,0.2346763014793396,0.0,0.18952783942222595
246,0.0001,0.24284554459154606,0.9481392993827888,0.4894811167861476,0.8444158916350701,0.9143133644359718,15.54354190826416,0.22503907326608896,0.19286069739609957,0.0,0.0,0.22503907326608896,0.8627281188964844,0.2872678908434781,0.3555785950386163,0.0,0.0,0.2872678908434781,0.8284284255721353,0.9140948057174683,0.0,0.5347482562065125,0.7529613375663757,0.0,0.614122211933136,0.6018401384353638,0.0,0.3602501451969147,0.2346525490283966,0.0,0.18944908678531647
247,0.0001,0.24900639336556196,0.9466342397369447,0.49933229431961523,0.8346501764602002,0.9084290039179562,15.699661016464233,0.22882420849055052,0.19760564155876637,0.0,0.0,0.22882420849055052,0.8580708801746368,0.2856716242703525,0.35568617510073114,0.0,0.0,0.2856716242703525,0.8307044379638903,0.9140720367431641,0.0,0.5358116030693054,0.7528519630432129,0.0,0.614905834197998,0.6014496088027954,0.0,0.36095818877220154,0.2334267646074295,0.0,0.18961088359355927
248,0.0001,0.24609756283462048,0.9480910439996597,0.5029805465178057,0.8368909542321208,0.9097974887545788,15.640215873718262,0.22941478341817856,0.19423787761479616,0.0,0.0,0.22941478341817856,0.8581102825701237,0.29080506165822345,0.36501108877586597,0.0,0.0,0.29080506165822345,0.8256161321293224,0.9141690135002136,0.0,0.5368313789367676,0.7532622218132019,0.0,0.6159533262252808,0.6010004878044128,0.0,0.3614973723888397,0.2331494688987732,0.0,0.18982817232608795
249,0.0001,0.24479685444384813,0.9474454971824439,0.5046513875325521,0.8375678886789737,0.9104583074526188,14.521692514419556,0.22910757269710302,0.19454887975007296,0.0,0.0,0.22910757269710302,0.8595950752496719,0.2983858079621286,0.35972189180778735,0.0,0.0,0.2983858079621286,0.8213474172534365,0.9144065976142883,0.0,0.5375865697860718,0.7532056570053101,0.0,0.6170194149017334,0.6005595326423645,0.0,0.36192095279693604,0.2323502153158188,0.0,0.18978287279605865
250,0.0001,0.24128958769142628,0.9491364555155645,0.49023463148059265,0.8455768119142313,0.9151247627831953,16.125152349472046,0.22564313933253288,0.1925011072307825,0.0,0.0,0.22564313933253288,0.861226037144661,0.28894990501981793,0.36113348512938526,0.0,0.0,0.28894990501981793,0.8263413129430829,0.9148514270782471,0.0,0.5385676622390747,0.7532064914703369,0.0,0.6180261373519897,0.6004546284675598,0.0,0.3623586893081665,0.23158259689807892,0.0,0.18993103504180908
251,0.0001,0.23431313876062632,0.9509945708625858,0.4895063132950754,0.8465017465775073,0.9155520300464945,15.547146558761597,0.221152076497674,0.1853673430159688,0.0,0.0,0.221152076497674,0.8642956838011742,0.28513423240546026,0.36348659522605664,0.0,0.0,0.28513423240546026,0.8323297807664582,0.9153708815574646,0.0,0.5398615002632141,0.7530291080474854,0.0,0.6188991665840149,0.59986412525177,0.0,0.3628551959991455,0.23116827011108398,0.0,0.19008111953735352
252,0.0001,0.23365883063524961,0.9511215654798049,0.4931553096482248,0.8444447521165063,0.9142609715115811,15.692016124725342,0.22016070131212473,0.18730276636779308,0.0,0.0,0.22016070131212473,0.8659660257399082,0.28496350664080994,0.36663610104358557,0.0,0.0,0.28496350664080994,0.830279675397006,0.9160846471786499,0.0,0.5408616662025452,0.7531678676605225,0.0,0.6197481751441956,0.600145161151886,0.0,0.36338427662849426,0.23051071166992188,0.0,0.19015735387802124
253,0.0001,0.235817383043468,0.9500295481081038,0.49239234852068353,0.8442258899763521,0.9141225729633402,14.646948337554932,0.22175204940140247,0.1864931732416153,0.0,0.0,0.22175204940140247,0.8616727590560913,0.28459022261879663,0.3628908567356341,0.0,0.0,0.28459022261879663,0.8323886051322474,0.9165907502174377,0.0,0.5419465899467468,0.7530991435050964,0.0,0.6205908060073853,0.5994163751602173,0.0,0.3636782467365265,0.22946283221244812,0.0,0.1902259737253189
254,0.0001,0.23763213027268648,0.9500484966426588,0.4891781626325665,0.8457490515755027,0.9150824892160501,15.831870317459106,0.22303770296275616,0.1889658598229289,0.0,0.0,0.22303770296275616,0.865145318210125,0.28769057989120483,0.35936722881866223,0.0,0.0,0.28769057989120483,0.8299817677700159,0.9166755676269531,0.0,0.5429912805557251,0.7529893517494202,0.0,0.6216059923171997,0.5993552803993225,0.0,0.3641514778137207,0.2291421741247177,0.0,0.19031284749507904
255,0.0001,0.24540988076478243,0.9484055828124522,0.4809619296680797,0.8500485418458121,0.9177239654282684,14.793864011764526,0.23051966354250908,0.19498114753514528,0.0,0.0,0.23051966354250908,0.860771082341671,0.2840827920220115,0.359887061697064,0.0,0.0,0.2840827920220115,0.8273904106833718,0.9168246388435364,0.0,0.5438267588615417,0.7532367706298828,0.0,0.6224105358123779,0.5990822315216064,0.0,0.3646453022956848,0.2282211035490036,0.0,0.19040372967720032
256,0.0001,0.23836087714880705,0.9493982561725217,0.4848624251105569,0.8469230999560149,0.9158352445925805,15.479841947555542,0.2246886333450675,0.18943131621927023,0.0,0.0,0.2246886333450675,0.8625919371843338,0.2815704887563532,0.3593176711689342,0.0,0.0,0.2815704887563532,0.8314676627968297,0.9171653985977173,0.0,0.54470294713974,0.753071665763855,0.0,0.6231799125671387,0.5991323590278625,0.0,0.3650476634502411,0.22741356492042542,0.0,0.1903306096792221
257,0.0001,0.22928607929497957,0.9519857451799978,0.4889124704129768,0.8445873829297484,0.9145202669098015,15.399322271347046,0.21677510999143124,0.18232584279030561,0.0,0.0,0.21677510999143124,0.8688232898712158,0.2906809142141631,0.35509004827701685,0.0,0.0,0.2906809142141631,0.8249982107769359,0.9173423051834106,0.0,0.5454813838005066,0.7530981302261353,0.0,0.6239683628082275,0.5980781316757202,0.0,0.3656063973903656,0.22659745812416077,0.0,0.19043511152267456
258,0.0001,0.24825769569724798,0.9462807829827792,0.5037167072296143,0.8384694016833883,0.9109129103362703,15.372939586639404,0.23293136153370142,0.19606276787817478,0.0,0.0,0.23293136153370142,0.8529323153197765,0.2934947194475116,0.36254173246296967,0.0,0.0,0.2934947194475116,0.8249610355406096,0.9177314043045044,0.0,0.546553909778595,0.7533745765686035,0.0,0.6248907446861267,0.5983362793922424,0.0,0.36598992347717285,0.22587959468364716,0.0,0.19054192304611206
259,0.0001,0.23354299925267696,0.9519372064175488,0.5026269103541519,0.8383130525976636,0.910470838795146,15.363558530807495,0.22339844424277544,0.1839182274416089,0.0,0.0,0.22339844424277544,0.8645170442759991,0.29118529955546063,0.3651628422014641,0.0,0.0,0.29118529955546063,0.8278261278614854,0.9181586503982544,0.0,0.5475869178771973,0.7534083724021912,0.0,0.6258374452590942,0.597906231880188,0.0,0.3664510250091553,0.22555075585842133,0.0,0.19080333411693573
260,0.0001,0.23154600802809,0.9516533477406025,0.4992835449449944,0.8393157648250273,0.9111259081213497,14.98766016960144,0.22154766507446766,0.18333903793245554,0.0,0.0,0.22154766507446766,0.8661106936633587,0.2863640171108824,0.36318145015022973,0.0,0.0,0.2863640171108824,0.8293116742914374,0.9179378151893616,0.0,0.5484569668769836,0.7531686425209045,0.0,0.6265939474105835,0.5965260863304138,0.0,0.36679306626319885,0.22537395358085632,0.0,0.19086067378520966
261,0.0001,0.24515359476208687,0.9483429483443366,0.5024155775705973,0.8410243444667942,0.9123652565999003,15.928262948989868,0.23237619455903769,0.19442339520901442,0.0,0.0,0.23237619455903769,0.8539195135235786,0.29048457290187024,0.3744543068336718,0.0,0.0,0.29048457290187024,0.8243581833261432,0.9188450574874878,0.0,0.5494601726531982,0.7528449892997742,0.0,0.6275404691696167,0.5972591042518616,0.0,0.36727288365364075,0.2246037870645523,0.0,0.1908930093050003
262,0.0001,0.23795733787119389,0.9497432512141867,0.5102558569474653,0.8333478503424521,0.9075573742960638,14.817497253417969,0.2250837991014123,0.19013040885329247,0.0,0.0,0.2250837991014123,0.862283494323492,0.2927626461693735,0.365382635232174,0.0,0.0,0.2927626461693735,0.8176898161570231,0.9188942909240723,0.0,0.5503513216972351,0.7529895901679993,0.0,0.6282264590263367,0.5973588824272156,0.0,0.367719829082489,0.22417905926704407,0.0,0.19089294970035553
263,0.0001,0.22780202608555555,0.9522620703398156,0.4874091220624519,0.8451494703927385,0.9146977489295994,14.447532653808594,0.21554680820554495,0.179570353589952,0.0,0.0,0.21554680820554495,0.8700117655098438,0.2847895658377445,0.3600402492465395,0.0,0.0,0.2847895658377445,0.8298251881743922,0.9193136692047119,0.0,0.5512799024581909,0.7529818415641785,0.0,0.6290349364280701,0.5965858697891235,0.0,0.36822447180747986,0.22367702424526215,0.0,0.19098612666130066
264,0.0001,0.23159144073724747,0.9518785543056426,0.48339049021402997,0.8497314056387696,0.917642891608584,15.358715057373047,0.2233426831662655,0.1819716840982437,0.0,0.0,0.2233426831662655,0.8629334233701229,0.28612120404387964,0.363631905931415,0.0,0.0,0.28612120404387964,0.8342619375749067,0.9198679327964783,0.0,0.5524119734764099,0.7529404759407043,0.0,0.6299331188201904,0.5961892604827881,0.0,0.36849963665008545,0.22324702143669128,0.0,0.19091759622097015
265,0.0001,0.2297005308791995,0.9524948075817286,0.49299908045566443,0.8440645440378391,0.9141656363865964,15.316217422485352,0.21834178734570742,0.18209821358323097,0.0,0.0,0.21834178734570742,0.8665950559079647,0.28160244768316095,0.37003655144662567,0.0,0.0,0.28160244768316095,0.8328043926845897,0.9201469421386719,0.0,0.553444504737854,0.752889096736908,0.0,0.6306754946708679,0.5955641865730286,0.0,0.3688116669654846,0.22248470783233643,0.0,0.1908915638923645
266,0.0001,0.2267302991822362,0.9529462605039316,0.4992389570582997,0.8428029677031101,0.913309625202006,15.034220695495605,0.21780923195183277,0.18122429959475994,0.0,0.0,0.21780923195183277,0.8703749366104603,0.2876169338370814,0.36976006175532483,0.0,0.0,0.2876169338370814,0.8299520756259109,0.9204962849617004,0.0,0.5543636083602905,0.7528879642486572,0.0,0.6315075755119324,0.5953829288482666,0.0,0.3692794442176819,0.22210592031478882,0.0,0.1910427361726761
267,0.0001,0.2299052681773901,0.9525854092306505,0.49114137707334576,0.843937293766027,0.9140327670605483,15.158838510513306,0.22170042153447866,0.18090361542999744,0.0,0.0,0.22170042153447866,0.864998746663332,0.2852060054287766,0.36311835953683563,0.0,0.0,0.2852060054287766,0.8291619383927548,0.9206538200378418,0.0,0.5552068948745728,0.7529488205909729,0.0,0.6322683095932007,0.595326840877533,0.0,0.3697341978549957,0.22158804535865784,0.0,0.1911519318819046
268,0.0001,0.23576525039970875,0.9507082196455899,0.4990560177600745,0.8421745883666781,0.9129740220254281,15.659050703048706,0.22609528992325068,0.18858752120286226,0.0,0.0,0.22609528992325068,0.8606743030250072,0.288839755636273,0.37154622421120154,0.0,0.0,0.288839755636273,0.8236769004301592,0.9210290312767029,0.0,0.5561829805374146,0.752976655960083,0.0,0.6329048275947571,0.5948598384857178,0.0,0.3701775372028351,0.22077912092208862,0.0,0.1913691759109497
269,0.0001,0.23036987986415625,0.9515943986549236,0.5035260518391927,0.8396042064045037,0.9113396840302493,15.368407487869263,0.22664364241063595,0.17889984417706728,0.0,0.0,0.22664364241063595,0.857643760740757,0.2851132190588749,0.37117015863909864,0.0,0.0,0.2851132190588749,0.8319921294848124,0.9213910102844238,0.0,0.5571563243865967,0.7530383467674255,0.0,0.6336104869842529,0.5939120054244995,0.0,0.3706347644329071,0.2205493152141571,0.0,0.19146692752838135
270,0.0001,0.22967021632939577,0.9520870253180829,0.5033504276564627,0.8406259805857016,0.9118821831343246,15.194291830062866,0.22067800257354975,0.18159927986562252,0.0,0.0,0.22067800257354975,0.8672402799129486,0.286868899157553,0.3750115524638783,0.0,0.0,0.286868899157553,0.827674049319643,0.9217708110809326,0.0,0.5579304695129395,0.7531439661979675,0.0,0.6344436407089233,0.5940191149711609,0.0,0.3711158037185669,0.2194223552942276,0.0,0.19172902405261993
271,0.0001,0.22282930184155703,0.9546805207318895,0.49752771493160364,0.8417544328530401,0.912583775173944,15.250682353973389,0.21758570056408644,0.17552855052053928,0.0,0.0,0.21758570056408644,0.8697898872196674,0.28971975138693146,0.3657414262945002,0.0,0.0,0.28971975138693146,0.8280797131133802,0.9223994016647339,0.0,0.5587453842163086,0.7532029747962952,0.0,0.6351792812347412,0.5937554240226746,0.0,0.37156054377555847,0.21835850179195404,0.0,0.19188115000724792
272,0.0001,0.22485141828656197,0.953613021098621,0.49185174161737616,0.8475429614378838,0.9161182176680459,15.879645347595215,0.2182310577481985,0.17729295045137405,0.0,0.0,0.2182310577481985,0.8672321438789368,0.285568811676719,0.3718398448192712,0.0,0.0,0.285568811676719,0.8337094657348864,0.9225134253501892,0.0,0.5596127510070801,0.7529361248016357,0.0,0.6358395218849182,0.5936319828033447,0.0,0.37180641293525696,0.21749170124530792,0.0,0.1919468194246292
273,0.0001,0.2306247940286994,0.9514960888774352,0.49499542785413336,0.8443628979475287,0.9141788433790365,15.1848304271698,0.22053113020956516,0.18616657424718142,0.0,0.0,0.22053113020956516,0.8686278015375137,0.285910655151714,0.36980154478188715,0.0,0.0,0.285910655151714,0.8286076567389749,0.9224236607551575,0.0,0.5603169798851013,0.7530978918075562,0.0,0.6364219188690186,0.5933497548103333,0.0,0.37197384238243103,0.21710304915905,0.0,0.19191035628318787
274,0.0001,0.2330038407817483,0.9517935452923127,0.49283533024065423,0.8448463449727606,0.9146102558661204,15.663932800292969,0.22516153194010258,0.18409099522978067,0.0,0.0,0.22516153194010258,0.8616666719317436,0.28942573793006665,0.3627657438769485,0.0,0.0,0.28942573793006665,0.8261279445705991,0.9222305417060852,0.0,0.5610315203666687,0.7531233429908752,0.0,0.6370444297790527,0.5930805206298828,0.0,0.37242966890335083,0.2172379195690155,0.0,0.19187594950199127
275,0.0001,0.23349980730563402,0.9505516462056415,0.4981140512408632,0.8422770097585025,0.9129092396220383,15.289972305297852,0.2218551142141223,0.18264611577615142,0.0,0.0,0.2218551142141223,0.866059560328722,0.2901680054086627,0.3715452587965763,0.0,0.0,0.2901680054086627,0.8275215029716492,0.9227895140647888,0.0,0.5618962645530701,0.7531423568725586,0.0,0.637744128704071,0.5927507877349854,0.0,0.3729901909828186,0.2166895866394043,0.0,0.19178271293640137
276,0.0001,0.23359827604144812,0.9505320315011381,0.49785886388836487,0.838268996791211,0.9107062616074222,15.159313201904297,0.22672079410403967,0.18399168457835913,0.0,0.0,0.22672079410403967,0.8578331097960472,0.2826968955271172,0.370723590706334,0.0,0.0,0.2826968955271172,0.8313358317721974,0.9229685068130493,0.0,0.5627275705337524,0.7537593245506287,0.0,0.638542115688324,0.5925761461257935,0.0,0.3735157549381256,0.2164110392332077,0.0,0.19150803983211517
277,0.0001,0.24213556200265884,0.9486985533957555,0.4890854105804906,0.845050939516356,0.9147463162845503,15.604351043701172,0.23095777351409197,0.18954203557223082,0.0,0.0,0.23095777351409197,0.8534747436642647,0.28316822377118195,0.36540365038496075,0.0,0.0,0.28316822377118195,0.8325299891558561,0.9232473969459534,0.0,0.5634931325912476,0.7538838386535645,0.0,0.6390836238861084,0.5920355319976807,0.0,0.37392929196357727,0.21622022986412048,0.0,0.19148242473602295
278,0.0001,0.24029268696904182,0.9504700698185767,0.49922578262560297,0.8440244187841902,0.9140802300349367,15.090109586715698,0.2332540974020958,0.18883243948221207,0.0,0.0,0.2332540974020958,0.8565750606358051,0.31244476997491083,0.36535886742851953,0.0,0.0,0.31244476997491083,0.8082771680571816,0.9238505959510803,0.0,0.5642033815383911,0.7540217638015747,0.0,0.6396896243095398,0.5912647247314453,0.0,0.37438899278640747,0.2160956710577011,0.0,0.1915837675333023
279,0.0001,0.22624626196920872,0.953063329934997,0.49293244246280554,0.8430495312706469,0.9134954079038506,15.466309785842896,0.21978859696537256,0.18098074849694967,0.0,0.0,0.21978859696537256,0.8660258427262306,0.28598467147711554,0.36861509987802216,0.0,0.0,0.28598467147711554,0.8288974870334972,0.9235487580299377,0.0,0.5650739073753357,0.7539609670639038,0.0,0.6403123736381531,0.5915057063102722,0.0,0.3747103214263916,0.21538811922073364,0.0,0.1915414035320282
280,0.0001,0.23258891608566046,0.950634601368181,0.4823274106690378,0.8496401174846049,0.9174666097597445,15.369368553161621,0.2206337647512555,0.18661096785217524,0.0,0.0,0.2206337647512555,0.8667667768895626,0.27886471965096216,0.3667184927246787,0.0,0.0,0.27886471965096216,0.8350429263981906,0.9236935973167419,0.0,0.5658729672431946,0.7539024949073792,0.0,0.6409956812858582,0.5916582345962524,0.0,0.37506818771362305,0.21487736701965332,0.0,0.19167518615722656
281,0.0001,0.2291861642152071,0.952903339695203,0.5017724217790546,0.8410261455788063,0.9121730354630245,15.838438987731934,0.22930577863007784,0.18017822038382292,0.0,0.0,0.22930577863007784,0.8588210456073284,0.2901677471218687,0.37620777614188916,0.0,0.0,0.2901677471218687,0.8278741150191335,0.9240445494651794,0.0,0.5666656494140625,0.75401771068573,0.0,0.6417407393455505,0.5911504626274109,0.0,0.37541699409484863,0.21444463729858398,0.0,0.1918031871318817
282,0.0001,0.2224109973758459,0.9541950897844566,0.4884214798609416,0.848485777923515,0.9166508957176682,15.558837652206421,0.21743520721793175,0.17700917460024357,0.0,0.0,0.21743520721793175,0.8698137030005455,0.2895389614683209,0.36758278355453955,0.0,0.0,0.2895389614683209,0.8290657039844629,0.9244741201400757,0.0,0.5674795508384705,0.754140317440033,0.0,0.6423223614692688,0.5910465121269226,0.0,0.3757506012916565,0.21386989951133728,0.0,0.191883385181427
283,0.0001,0.2249681605026126,0.9532052253079126,0.49234500075831555,0.8462028654371837,0.9154559161372603,15.040829181671143,0.21998934168368578,0.1777994865551591,0.0,0.0,0.21998934168368578,0.8649287074804306,0.2892378604773319,0.3685898184776306,0.0,0.0,0.2892378604773319,0.8275390899542606,0.9247035384178162,0.0,0.5681706070899963,0.754280686378479,0.0,0.6429142951965332,0.5904509425163269,0.0,0.3761923015117645,0.21393533051013947,0.0,0.1918857991695404
284,0.0001,0.22842920944094658,0.9517282952565085,0.5004274520007047,0.8414322624364146,0.912376399670331,14.666520357131958,0.21823643054813147,0.18481888063251972,0.0,0.0,0.21823643054813147,0.8676755204796791,0.28887956792658026,0.37428037867401587,0.0,0.0,0.28887956792658026,0.8284886732245936,0.9249885082244873,0.0,0.5688522458076477,0.7542598247528076,0.0,0.6434458494186401,0.5897282958030701,0.0,0.37644392251968384,0.21322102844715118,0.0,0.1919633150100708
285,0.0001,0.2221936136484146,0.9551754696590524,0.5001147082357695,0.8399413545151652,0.9113014111170439,15.418745279312134,0.22000680770725012,0.1759615088813007,0.0,0.0,0.22000680770725012,0.8663985915482044,0.28504262548504455,0.36953684055443964,0.0,0.0,0.28504262548504455,0.8289120648846482,0.9251273274421692,0.0,0.569547712802887,0.7538485527038574,0.0,0.6440171003341675,0.5883355140686035,0.0,0.37666967511177063,0.2122802585363388,0.0,0.19204890727996826
286,0.0001,0.21557513810694218,0.9575324679926268,0.5006578438209764,0.8409490700490144,0.9118660411433568,15.69178032875061,0.21941839437931776,0.16679936740547419,0.0,0.0,0.21941839437931776,0.866025485098362,0.2907955754886974,0.37093829295851966,0.0,0.0,0.2907955754886974,0.8275808294614156,0.925794243812561,0.0,0.5703961253166199,0.7534646987915039,0.0,0.6446986198425293,0.5873907208442688,0.0,0.3770110309123993,0.21179606020450592,0.0,0.19206596910953522
287,0.0001,0.22306805662810802,0.9537009744907086,0.4860466682549679,0.8486562809880178,0.9165817270233432,15.231073141098022,0.22153824381530285,0.17314581479877234,0.0,0.0,0.22153824381530285,0.8678208887577057,0.2809648694414081,0.36718553485292377,0.0,0.0,0.2809648694414081,0.8341556101134329,0.9263308048248291,0.0,0.5712569355964661,0.7534728646278381,0.0,0.6454038023948669,0.5879235863685608,0.0,0.37744519114494324,0.21128560602664948,0.0,0.19216419756412506
288,0.0001,0.2242381377145648,0.9541621083164294,0.4952073891957601,0.8459633248596514,0.9150479852694102,15.62025761604309,0.22059886623173952,0.17837750911712646,0.0,0.0,0.22059886623173952,0.8643101267516613,0.28792469068007037,0.3710242853020177,0.0,0.0,0.28792469068007037,0.8302200924266468,0.9262707829475403,0.0,0.572066605091095,0.753318727016449,0.0,0.6461259126663208,0.5876311659812927,0.0,0.37787118554115295,0.21044759452342987,0.0,0.19222566485404968
289,0.0001,0.22073100320994854,0.9548588085631079,0.49908282178820984,0.844470738084466,0.9141099330828206,15.434545516967773,0.21946584433317184,0.1740724816918373,0.0,0.0,0.21946584433317184,0.8642619289457798,0.2879764311241381,0.37889171188527887,0.0,0.0,0.2879764311241381,0.8230621074185227,0.926666796207428,0.0,0.5727776885032654,0.7533086538314819,0.0,0.6467980146408081,0.5870490074157715,0.0,0.37808069586753845,0.21005359292030334,0.0,0.19225557148456573
290,0.0001,0.22409890219569206,0.9534442795242078,0.5063488555677009,0.839142403493305,0.9108073494036765,15.62064504623413,0.2194088837131858,0.17897473741322756,0.0,0.0,0.2194088837131858,0.8670756444334984,0.283246352817073,0.3784807270223444,0.0,0.0,0.283246352817073,0.8312061663829919,0.9268785715103149,0.0,0.573400616645813,0.7532974481582642,0.0,0.6473421454429626,0.5863000750541687,0.0,0.3783363103866577,0.20908108353614807,0.0,0.19234153628349304
291,0.0001,0.22797195054590702,0.9522450610795088,0.4945497657313491,0.8468268670870136,0.9155337477644887,15.964025020599365,0.2231017556041479,0.18087554536759853,0.0,0.0,0.2231017556041479,0.8637030683457851,0.2867529428366459,0.37348737680550775,0.0,0.0,0.2867529428366459,0.8298996090888977,0.926885724067688,0.0,0.5740535855293274,0.7534855008125305,0.0,0.6478092074394226,0.5851090550422668,0.0,0.37865620851516724,0.20819005370140076,0.0,0.1923176646232605
292,0.0001,0.22383153811097145,0.9531934113072954,0.4909739422075676,0.8457604577045017,0.9149379843758743,15.952730894088745,0.22062092367559671,0.1795795951038599,0.0,0.0,0.22062092367559671,0.8658476173877716,0.282187591899525,0.3681691415382154,0.0,0.0,0.282187591899525,0.8336269711003159,0.9273375868797302,0.0,0.5748289227485657,0.7535499334335327,0.0,0.6484227180480957,0.5856624841690063,0.0,0.3789898455142975,0.20744533836841583,0.0,0.19226457178592682
293,0.0001,0.21609274204820395,0.9561143297456253,0.49626271652452875,0.8443591917331255,0.9140365286778237,15.484164953231812,0.2153452942147851,0.17003809474408627,0.0,0.0,0.2153452942147851,0.8705329112708569,0.2824173226501002,0.37412266297773883,0.0,0.0,0.2824173226501002,0.8342499805219246,0.9275045990943909,0.0,0.57549649477005,0.7535872459411621,0.0,0.6490954756736755,0.5850550532341003,0.0,0.379324346780777,0.20723560452461243,0.0,0.19232799112796783
294,0.0001,0.2242172984406352,0.953036738453345,0.4986552903146455,0.8445640625475573,0.9142034409774904,14.927825212478638,0.22149099502712488,0.17649915721267462,0.0,0.0,0.22149099502712488,0.8632566146552563,0.2821980570301865,0.3779343204064803,0.0,0.0,0.2821980570301865,0.833679634513277,0.9276516437530518,0.0,0.5761902928352356,0.7535466551780701,0.0,0.6498101949691772,0.5854251384735107,0.0,0.3796944320201874,0.20700465142726898,0.0,0.19257394969463348
295,0.0001,0.22324571944773197,0.954400633507934,0.48912771542867023,0.8482653179805753,0.9164469221135244,15.673813819885254,0.22119776997715235,0.17910017631947994,0.0,0.0,0.22119776997715235,0.8671126440167427,0.2816815665273955,0.37123072869849927,0.0,0.0,0.2816815665273955,0.8352086291168676,0.9280477166175842,0.0,0.5768035650253296,0.753847062587738,0.0,0.6504341959953308,0.5847675800323486,0.0,0.3800625503063202,0.20665808022022247,0.0,0.19269539415836334
296,0.0001,0.23232227843254805,0.9519158950447744,0.5039890137585726,0.8402899830164018,0.9115988376150057,15.464279651641846,0.22906157281249762,0.18045433657243848,0.0,0.0,0.22906157281249762,0.8572248704731464,0.28867049289472174,0.37494043689785583,0.0,0.0,0.28867049289472174,0.8300489945845171,0.9280047416687012,0.0,0.5775537490844727,0.7538912296295166,0.0,0.6510368585586548,0.5850827693939209,0.0,0.3804973363876343,0.20597410202026367,0.0,0.19266259670257568
297,0.0001,0.2159992717206478,0.9563989641671499,0.5195661385854086,0.8336017615199705,0.907666350567929,14.829917907714844,0.21800683345645666,0.17038755491375923,0.0,0.0,0.21800683345645666,0.8683651052415371,0.29345109607234143,0.3877531344240362,0.0,0.0,0.29345109607234143,0.8174285852547848,0.9284331798553467,0.0,0.5783897638320923,0.7541516423225403,0.0,0.6516596674919128,0.5845211744308472,0.0,0.38082823157310486,0.20530207455158234,0.0,0.19262580573558807
298,0.0001,0.2156306616961956,0.9556478768611175,0.5042453787543557,0.8385992716725562,0.9106832405979302,15.211176633834839,0.21307933516800404,0.16989276558160782,0.0,0.0,0.21307933516800404,0.8706092089414597,0.2889279741229433,0.37220655968694977,0.0,0.0,0.2889279741229433,0.8270314281637018,0.9283710718154907,0.0,0.5791100263595581,0.754156768321991,0.0,0.6521458029747009,0.5839927196502686,0.0,0.3811792731285095,0.20504479110240936,0.0,0.19262787699699402
299,0.0001,0.21418188232928514,0.9569981615188089,0.5056864420572916,0.8407228663122754,0.9119134297070054,15.31580924987793,0.21665552631020546,0.16755010932683945,0.0,0.0,0.21665552631020546,0.869139801710844,0.2904323628454497,0.37937132517496747,0.0,0.0,0.2904323628454497,0.8238127032915751,0.9287016987800598,0.0,0.579878032207489,0.7539533972740173,0.0,0.6527547240257263,0.5837900638580322,0.0,0.38138508796691895,0.20469900965690613,0.0,0.19261008501052856
300,0.0001,0.22117890138179064,0.9556445180518175,0.5068263429583926,0.8399737717853228,0.9115847960944025,16.045010089874268,0.22362641245126724,0.17107677459716797,0.0,0.0,0.22362641245126724,0.8615169040858746,0.28213719707546814,0.38194966677463416,0.0,0.0,0.28213719707546814,0.8329291325626951,0.9290303587913513,0.0,0.5806571245193481,0.754093587398529,0.0,0.6534108519554138,0.5839400291442871,0.0,0.38165712356567383,0.2042669802904129,0.0,0.19265082478523254
301,0.0001,0.2172416988760233,0.9560659909084411,0.5023643320257013,0.8414830876533351,0.91245349986742,16.159305095672607,0.219793108291924,0.1713742008432746,0.0,0.0,0.219793108291924,0.8666448667645454,0.28265155987306073,0.3791206226204381,0.0,0.0,0.28265155987306073,0.8330001614310525,0.9292061924934387,0.0,0.5813062787055969,0.7541363835334778,0.0,0.6539533138275146,0.583415150642395,0.0,0.3820224106311798,0.20387977361679077,0.0,0.19266144931316376
302,0.0001,0.21647890377789736,0.9565208828158229,0.5037037350914695,0.8403000538772518,0.91172822472633,15.997992753982544,0.21937000378966331,0.16951507702469826,0.0,0.0,0.21937000378966331,0.8663736805319786,0.2846164522749005,0.3783068855603536,0.0,0.0,0.2846164522749005,0.8270485130223361,0.92955082654953,0.0,0.5819950699806213,0.7541308403015137,0.0,0.6544524431228638,0.5827793478965759,0.0,0.3822821378707886,0.20360428094863892,0.0,0.1926366239786148
303,0.0001,0.2177003612741828,0.9560677985657692,0.5040291005914862,0.8398108425719024,0.911416073281922,15.614421367645264,0.22222246322780848,0.17160287080332637,0.0,0.0,0.22222246322780848,0.8643385618925095,0.27770384875210846,0.38357468265475647,0.0,0.0,0.27770384875210846,0.8320756283673373,0.9299914240837097,0.0,0.5827355980873108,0.7538713812828064,0.0,0.655082643032074,0.5822822451591492,0.0,0.3825439214706421,0.2030825912952423,0.0,0.19264787435531616
304,0.0001,0.2208338351920247,0.9546950822593673,0.5101286245114875,0.8344171084430858,0.9081437941832196,15.623242855072021,0.2230930384248495,0.17248984286561608,0.0,0.0,0.2230930384248495,0.8629086017608643,0.279383634075974,0.37970157915895636,0.0,0.0,0.279383634075974,0.8320202881639654,0.9305217266082764,0.0,0.5834057331085205,0.7539240121841431,0.0,0.6557039022445679,0.581737756729126,0.0,0.38286787271499634,0.2026176154613495,0.0,0.19279275834560394
305,0.0001,0.2131899120286107,0.9563289213612042,0.5182988065661807,0.8312358617961179,0.9063353376234569,15.112631559371948,0.2131381742656231,0.17037619091570377,0.0,0.0,0.2131381742656231,0.8743003122508526,0.28331894585580536,0.3851978092482596,0.0,0.0,0.28331894585580536,0.8260115890791921,0.9307171106338501,0.0,0.5840314030647278,0.753973662853241,0.0,0.6562728881835938,0.5818711519241333,0.0,0.3830842971801758,0.20236149430274963,0.0,0.19278639554977417
306,0.0001,0.21866625174880028,0.9551400897037932,0.5086307236642549,0.8359280680503077,0.909057277069236,15.363303899765015,0.2195156253874302,0.17304299492388964,0.0,0.0,0.2195156253874302,0.865556787699461,0.28271025599855365,0.37838190974611224,0.0,0.0,0.28271025599855365,0.8307334816817081,0.9314409494400024,0.0,0.5846938490867615,0.7543509006500244,0.0,0.6567394733428955,0.5813636779785156,0.0,0.3833748996257782,0.20175103843212128,0.0,0.19284401834011078
307,0.0001,0.20937879756093025,0.9581201199954538,0.5035422245661417,0.8425041795349414,0.9128902469037735,15.639915704727173,0.21413378417491913,0.1637207716703415,0.0,0.0,0.21413378417491913,0.8711597099900246,0.293438044461337,0.38000851598652924,0.0,0.0,0.293438044461337,0.8260190450783932,0.9315524697303772,0.0,0.5854101777076721,0.7543356418609619,0.0,0.6571986079216003,0.5801841020584106,0.0,0.3835723102092743,0.2011997401714325,0.0,0.1928781121969223
308,0.0001,0.20984849147498608,0.957712341154624,0.49911283362995496,0.8423159564274633,0.9128750961233175,15.221498012542725,0.21672919485718012,0.1635352298617363,0.0,0.0,0.21672919485718012,0.867134477943182,0.27889762141487817,0.37535909631035547,0.0,0.0,0.27889762141487817,0.8330339988072714,0.9318220019340515,0.0,0.5861526131629944,0.7542778849601746,0.0,0.6577407121658325,0.5798665881156921,0.0,0.3837643265724182,0.20061129331588745,0.0,0.1929115355014801
309,0.0001,0.21647120919078588,0.9560077505419214,0.5182883486603246,0.8354507575782123,0.9086917178002996,14.972411394119263,0.22504356410354376,0.16780961398035288,0.0,0.0,0.22504356410354376,0.8635577410459518,0.2821844960703994,0.39172168030883325,0.0,0.0,0.2821844960703994,0.8322838364225446,0.9321812391281128,0.0,0.586829423904419,0.7540157437324524,0.0,0.6582207679748535,0.579315185546875,0.0,0.38407549262046814,0.2001815289258957,0.0,0.1929108053445816
310,0.0001,0.21296932641416788,0.956981693136194,0.5051948482340033,0.8411819382357278,0.9121944283975771,15.216891288757324,0.21748572029173374,0.16622885689139366,0.0,0.0,0.21748572029173374,0.8678686991333961,0.2841876817472053,0.38319168488184613,0.0,0.0,0.2841876817472053,0.830140314318917,0.9320170879364014,0.0,0.5874148011207581,0.7536073327064514,0.0,0.6588576436042786,0.578717052936554,0.0,0.3843044340610504,0.19946366548538208,0.0,0.19298624992370605
311,0.0001,0.21718899719417095,0.9568334806233759,0.5127650968956224,0.8375975335554507,0.910009405711672,14.740842580795288,0.22896964848041534,0.16647307109087706,0.0,0.0,0.22896964848041534,0.8594258166849613,0.2835662599765893,0.3902426840681018,0.0,0.0,0.2835662599765893,0.8242127985665293,0.9322323203086853,0.0,0.5880696773529053,0.7537531852722168,0.0,0.6594496965408325,0.5786409378051758,0.0,0.384665846824646,0.19891728460788727,0.0,0.19301602244377136
312,0.0001,0.2175684254616499,0.9559843638391613,0.5147767175327648,0.8378410111089103,0.9101672893543782,15.461714506149292,0.22391059435904026,0.16966273356229067,0.0,0.0,0.22391059435904026,0.8645018301904202,0.2840398224917325,0.391677456371712,0.0,0.0,0.2840398224917325,0.8279878713867881,0.9322165846824646,0.0,0.588756799697876,0.7540323734283447,0.0,0.6599276661872864,0.5783818960189819,0.0,0.38494056463241577,0.19854581356048584,0.0,0.19299808144569397
313,0.0001,0.22278921864926815,0.9543720671284283,0.5206445744543364,0.8350998319275496,0.9087059152906163,15.073639869689941,0.23107132781296968,0.16704277088865638,0.0,0.0,0.23107132781296968,0.8567475490272045,0.28027180830637616,0.3965351870565703,0.0,0.0,0.28027180830637616,0.8338525782931935,0.9325262904167175,0.0,0.5894642472267151,0.7541449666023254,0.0,0.6604723930358887,0.5785415768623352,0.0,0.38531845808029175,0.19760549068450928,0.0,0.1930396556854248
314,0.0001,0.21293965727090836,0.95775787731717,0.5034793145728834,0.8431424664958035,0.9135719417294657,14.935508966445923,0.2208861391991377,0.16366153303533792,0.0,0.0,0.2208861391991377,0.8647603429853916,0.2817920825698159,0.3846690329638394,0.0,0.0,0.2817920825698159,0.8299423131075773,0.9324345588684082,0.0,0.5900511145591736,0.754182755947113,0.0,0.6610342264175415,0.5783417820930481,0.0,0.38564223051071167,0.19742651283740997,0.0,0.193135067820549
315,0.0001,0.20949196070432663,0.9582131125682278,0.5038203904123018,0.8425229237320218,0.9130906981556982,15.354450941085815,0.2169784540310502,0.16304421797394753,0.0,0.0,0.2169784540310502,0.868475653231144,0.2808532480037574,0.3838019280722647,0.0,0.0,0.2808532480037574,0.8343281167926211,0.9331703186035156,0.0,0.5907490849494934,0.7542002201080322,0.0,0.6615225076675415,0.5777565240859985,0.0,0.3858755826950073,0.19707736372947693,0.0,0.19312959909439087
316,0.0001,0.20626021083444357,0.9587073928386874,0.5024492668383049,0.8419562126165886,0.9127375037511224,16.006725788116455,0.21294441260397434,0.16041949158534408,0.0,0.0,0.21294441260397434,0.8713250085711479,0.28187793493270874,0.3797201423934012,0.0,0.0,0.28187793493270874,0.829714505961447,0.9333301782608032,0.0,0.591313898563385,0.7542062401771545,0.0,0.6619839072227478,0.5774019956588745,0.0,0.3861331045627594,0.19633331894874573,0.0,0.19319677352905273
317,0.0001,0.2098103640601039,0.9581496860505245,0.5022570834015355,0.8423026029572965,0.912851414758543,14.823339462280273,0.21720206458121538,0.16359229711815715,0.0,0.0,0.21720206458121538,0.869646456092596,0.28038908315427374,0.38009900215900305,0.0,0.0,0.28038908315427374,0.8340085437803557,0.9335433840751648,0.0,0.5918629169464111,0.7539284825325012,0.0,0.6624406576156616,0.5769335627555847,0.0,0.3864508271217346,0.19588953256607056,0.0,0.19328728318214417
318,0.0001,0.20810658298432827,0.9576319673360333,0.516250931855404,0.8378795912632891,0.9102619133329989,14.28907585144043,0.21231158263981342,0.16511519253253937,0.0,0.0,0.21231158263981342,0.8733926005661488,0.28032752058722754,0.392264931490927,0.0,0.0,0.28032752058722754,0.8310776316758358,0.9336676597595215,0.0,0.5924700498580933,0.7539710998535156,0.0,0.6628735661506653,0.5767316818237305,0.0,0.38659459352493286,0.19531318545341492,0.0,0.19326485693454742
319,0.0001,0.21445652283728123,0.9563538316808976,0.5061172391429092,0.8423783168596032,0.9129716247199574,16.075536012649536,0.21890457719564438,0.16915831808000803,0.0,0.0,0.21890457719564438,0.8669257275760174,0.28153461398500385,0.38849029577139654,0.0,0.0,0.28153461398500385,0.8310733563972242,0.933919370174408,0.0,0.5930718183517456,0.7537903189659119,0.0,0.6632481217384338,0.576446533203125,0.0,0.3868258595466614,0.19493922591209412,0.0,0.19323965907096863
320,0.0001,0.21470912173390388,0.9566941141514196,0.5023376688812718,0.8443059861805134,0.9140791763538251,14.969975471496582,0.22166479006409645,0.1665168209001422,0.0,0.0,0.22166479006409645,0.8651219792664051,0.28028183272390655,0.3843834535642104,0.0,0.0,0.28028183272390655,0.8346259088227244,0.9340707659721375,0.0,0.5935477614402771,0.7538616061210632,0.0,0.6637209057807922,0.5757871270179749,0.0,0.38714921474456787,0.19483131170272827,0.0,0.19324171543121338
321,0.0001,0.21568035800009966,0.9559420265909014,0.5206702441880198,0.8360526887748616,0.9089916542412784,15.338043212890625,0.22452683746814728,0.1647581709548831,0.0,0.0,0.22452683746814728,0.8621345162391663,0.28665362163023517,0.3931223786238468,0.0,0.0,0.28665362163023517,0.8279234839208198,0.9340472221374512,0.0,0.5940903425216675,0.7539712190628052,0.0,0.6642014980316162,0.575718343257904,0.0,0.387403666973114,0.19452401995658875,0.0,0.1932026892900467
322,0.0001,0.20989686530083418,0.9571710151858975,0.5144331708098903,0.8395481839185853,0.9111522667752068,15.545814990997314,0.21573495026677847,0.16537235025316477,0.0,0.0,0.21573495026677847,0.8688031584024429,0.28631384444959235,0.3910873568419254,0.0,0.0,0.28631384444959235,0.8323908484343326,0.93426114320755,0.0,0.594673752784729,0.7540343403816223,0.0,0.6646208167076111,0.575191080570221,0.0,0.38761258125305176,0.1942879855632782,0.0,0.19320441782474518
323,0.0001,0.2080475902184844,0.958552317111057,0.5048832387635203,0.8433162086185484,0.9136200053768463,16.14812207221985,0.21678792405873537,0.16218510083854198,0.0,0.0,0.21678792405873537,0.8691625371575356,0.27822151509198273,0.3890450316848177,0.0,0.0,0.27822151509198273,0.8332205884384386,0.9342266321182251,0.0,0.5952116847038269,0.7539887428283691,0.0,0.6651157736778259,0.5749495029449463,0.0,0.38789573311805725,0.19401861727237701,0.0,0.19326862692832947
324,0.0001,0.207579898647964,0.9582987453268852,0.5040392767299305,0.8439969436774782,0.913974817497339,14.608147859573364,0.21616584714502096,0.1625491175800562,0.0,0.0,0.21616584714502096,0.8685469515621662,0.2791776819662614,0.38712164398395654,0.0,0.0,0.2791776819662614,0.8347011443340417,0.9342909455299377,0.0,0.595766544342041,0.7539716958999634,0.0,0.6655460596084595,0.5742990970611572,0.0,0.3881056010723114,0.1936246007680893,0.0,0.19331975281238556
325,0.0001,0.2140756342560053,0.9565491606187494,0.5158622878970522,0.8394248361146001,0.9112214127965429,14.970935821533203,0.22053964622318745,0.16750178579241037,0.0,0.0,0.22053964622318745,0.8668370693922043,0.28428780671321985,0.3923187463572531,0.0,0.0,0.28428780671321985,0.833635359099417,0.934508740901947,0.0,0.5963476300239563,0.7539439797401428,0.0,0.6659771203994751,0.5734607577323914,0.0,0.38837555050849915,0.19330377876758575,0.0,0.19335786998271942
326,0.0001,0.20172406360507011,0.9597590057921195,0.5144330660502116,0.8393105657330142,0.911119402130218,15.361649990081787,0.21157131996005774,0.1569515634328127,0.0,0.0,0.21157131996005774,0.8744652904570103,0.2804100802450469,0.3952845344037721,0.0,0.0,0.2804100802450469,0.8344304579677004,0.9348974823951721,0.0,0.5969024896621704,0.7540309429168701,0.0,0.666425883769989,0.5733008980751038,0.0,0.3885708749294281,0.19281412661075592,0.0,0.19336849451065063
327,0.0001,0.20531249884516,0.9585493808263204,0.5033276189457286,0.8454427338769275,0.9148516280781851,15.991386651992798,0.21220956277102232,0.1624799738638103,0.0,0.0,0.21220956277102232,0.8710332661867142,0.27914685733390576,0.39252525929248694,0.0,0.0,0.27914685733390576,0.8321383812210776,0.9350671768188477,0.0,0.5974332690238953,0.7539536356925964,0.0,0.666827917098999,0.5731373429298401,0.0,0.3888426721096039,0.19269488751888275,0.0,0.19337327778339386
328,0.0001,0.2197808027267456,0.954861279687881,0.5225339549960513,0.8365148491348272,0.9094468093472714,15.665135145187378,0.226654383353889,0.1680251150391996,0.0,0.0,0.226654383353889,0.8589350655674934,0.2826120311563665,0.40041798172575055,0.0,0.0,0.2826120311563665,0.8288676865173109,0.9352048635482788,0.0,0.5980226397514343,0.7541176080703735,0.0,0.6672935485839844,0.5736585259437561,0.0,0.3892022669315338,0.1922270804643631,0.0,0.19339121878147125
329,0.0001,0.20433082059025764,0.9590365070798105,0.5208211450865774,0.8373255838026611,0.909843821487672,16.07453465461731,0.2139714378863573,0.15938738780096173,0.0,0.0,0.2139714378863573,0.8717341162264347,0.28326690196990967,0.3993242690057466,0.0,0.0,0.28326690196990967,0.8291897882114757,0.935408353805542,0.0,0.598567008972168,0.7539982199668884,0.0,0.6676886677742004,0.5733232498168945,0.0,0.38937461376190186,0.19212262332439423,0.0,0.19334140419960022
330,0.0001,0.2069647377356887,0.9590255690444639,0.5137023022680571,0.8400821821786069,0.9114532982753422,15.351740598678589,0.21862967032939196,0.160073128528893,0.0,0.0,0.21862967032939196,0.86793227866292,0.2825106779734294,0.3914218743642171,0.0,0.0,0.2825106779734294,0.8337230429504857,0.9353036880493164,0.0,0.599066436290741,0.7539560198783875,0.0,0.6681824922561646,0.5723464488983154,0.0,0.3897245228290558,0.19205701351165771,0.0,0.19331729412078857
331,0.0001,0.20649240631610155,0.9586760211124389,0.5116599111845999,0.8411938403955135,0.91225134339977,15.38791012763977,0.21695538517087698,0.16051223035901785,0.0,0.0,0.21695538517087698,0.8691670186817646,0.2797258153106227,0.39249691818699695,0.0,0.0,0.2797258153106227,0.8354737162590027,0.9353947043418884,0.0,0.5995995998382568,0.7538657188415527,0.0,0.6686358451843262,0.5715147852897644,0.0,0.38996395468711853,0.19175155460834503,0.0,0.19332605600357056
332,0.0001,0.20896375458687544,0.9585587587844678,0.5171982953042695,0.8407600158713961,0.9118986804233188,15.334391832351685,0.2180616883561015,0.16257063765078783,0.0,0.0,0.2180616883561015,0.8686746172606945,0.2864010081146703,0.3991845701680039,0.0,0.0,0.2864010081146703,0.8272334897156918,0.93568354845047,0.0,0.6002102494239807,0.753655731678009,0.0,0.669051468372345,0.5711187720298767,0.0,0.3901565968990326,0.19142289459705353,0.0,0.1932866871356964
333,0.0001,0.2041953206062317,0.9591039776167932,0.5086643334591028,0.8435383869546069,0.9135346870617636,14.860985279083252,0.21441838052123785,0.16000744700431824,0.0,0.0,0.21441838052123785,0.8726398944854736,0.2791648741924401,0.3940463896953698,0.0,0.0,0.2791648741924401,0.8327541766744672,0.9358025193214417,0.0,0.600666880607605,0.7537742853164673,0.0,0.6694315671920776,0.5712699890136719,0.0,0.3903084397315979,0.1911243349313736,0.0,0.19326581060886383
334,0.0001,0.20587676297873259,0.9590250981184106,0.5067153265981963,0.844449580342111,0.9141439761632534,15.657766103744507,0.21607767045497894,0.15895087365061045,0.0,0.0,0.21607767045497894,0.867143027484417,0.2811935309207801,0.3931100783926068,0.0,0.0,0.2811935309207801,0.8286155119086757,0.9357184171676636,0.0,0.6011186838150024,0.7540175318717957,0.0,0.6698416471481323,0.5709105134010315,0.0,0.39057043194770813,0.19065511226654053,0.0,0.19325575232505798
335,0.0001,0.2030837619677186,0.9599327439692502,0.5073183305335768,0.8438748284059553,0.9137965054279467,15.512419939041138,0.21500251721590757,0.1577902566641569,0.0,0.0,0.21500251721590757,0.8705724664032459,0.280843304865288,0.39173846714424365,0.0,0.0,0.280843304865288,0.832702945579182,0.93570876121521,0.0,0.601626455783844,0.7539182901382446,0.0,0.6702039837837219,0.5701239109039307,0.0,0.3908179998397827,0.19010795652866364,0.0,0.1932295709848404
336,0.0001,0.2111661108210683,0.9572907133891823,0.5174905784202345,0.8387910406083843,0.9107282399266683,15.106245040893555,0.22400978580117226,0.16271656705066562,0.0,0.0,0.22400978580117226,0.8607185184955597,0.2809648694414081,0.3974168020667452,0.0,0.0,0.2809648694414081,0.8299367933562307,0.9359905123710632,0.0,0.6021603941917419,0.7537828087806702,0.0,0.6706072688102722,0.5695779323577881,0.0,0.3911212384700775,0.18979458510875702,0.0,0.19323351979255676
337,0.0001,0.2011977331712842,0.9600663521261618,0.5062873363494873,0.8435826096527181,0.9136053932835494,13.685845613479614,0.2110757390037179,0.15840061381459236,0.0,0.0,0.2110757390037179,0.8725822828710079,0.28105664614475134,0.3888549226703066,0.0,0.0,0.28105664614475134,0.8327775669820381,0.9361647367477417,0.0,0.6026381254196167,0.7538659572601318,0.0,0.67100590467453,0.5689741373062134,0.0,0.391366183757782,0.1896565556526184,0.0,0.19327352941036224
338,0.0001,0.20205023884773254,0.959539324050945,0.5072635267720078,0.8441028271681493,0.9139125075903546,15.169274806976318,0.21289009414613247,0.15767088998109102,0.0,0.0,0.21289009414613247,0.8711691237986088,0.281016595435865,0.3917651293855725,0.0,0.0,0.281016595435865,0.8334687478614576,0.9361098408699036,0.0,0.6031286716461182,0.7539146542549133,0.0,0.6713802814483643,0.5684241056442261,0.0,0.3915840983390808,0.18951469659805298,0.0,0.19337216019630432
339,0.0001,0.20035793911665678,0.9613278457435885,0.5145776055075906,0.8411752908234978,0.912203895598492,15.623863697052002,0.2171868234872818,0.15402265638113022,0.0,0.0,0.2171868234872818,0.8687694817781448,0.281678243116899,0.3986819332296198,0.0,0.0,0.281678243116899,0.8294230500857035,0.9362121224403381,0.0,0.6035616993904114,0.7538579106330872,0.0,0.6717438697814941,0.5680909156799316,0.0,0.3917679786682129,0.1893116682767868,0.0,0.19338014721870422
340,0.0001,0.2056671567261219,0.9587514865771279,0.5139596317753647,0.8417607497521749,0.9125373964600796,15.835871696472168,0.2146892612800002,0.16144551103934646,0.0,0.0,0.2146892612800002,0.8709677346050739,0.2828645706176758,0.39781700119827734,0.0,0.0,0.2828645706176758,0.8302809722495802,0.9361611604690552,0.0,0.604030966758728,0.753817617893219,0.0,0.6720887422561646,0.5681194067001343,0.0,0.3919770419597626,0.1890992522239685,0.0,0.19341179728507996
341,0.0001,0.2062432738021016,0.9599731851104685,0.5157610755978208,0.83986052390589,0.9113350937274237,14.71693730354309,0.21841217949986458,0.15819890657439828,0.0,0.0,0.21841217949986458,0.8691675439476967,0.2823581225944288,0.3952667595762195,0.0,0.0,0.2823581225944288,0.8351477691621492,0.9363196492195129,0.0,0.6045060157775879,0.7539776563644409,0.0,0.6725690364837646,0.5680022835731506,0.0,0.39231666922569275,0.18883760273456573,0.0,0.19346508383750916
342,0.0001,0.2017785906791687,0.9605136952103933,0.5122827869473081,0.8420935265042235,0.912656653136364,15.172972917556763,0.21494162175804377,0.15616491623222828,0.0,0.0,0.21494162175804377,0.8703799955546856,0.280420082988161,0.39419235514872003,0.0,0.0,0.280420082988161,0.8326085191784482,0.9363318085670471,0.0,0.60499507188797,0.7540639042854309,0.0,0.6728780269622803,0.5676113963127136,0.0,0.3925520181655884,0.18849429488182068,0.0,0.19354170560836792
343,0.0001,0.19838079530745745,0.9618561359765994,0.5106043237628359,0.8433870439332584,0.913504413200003,15.486061096191406,0.21111518424004316,0.15430702175945044,0.0,0.0,0.21111518424004316,0.8756347373127937,0.2814909906098337,0.39529360063148267,0.0,0.0,0.2814909906098337,0.8338641379818772,0.936309814453125,0.0,0.6054152846336365,0.7540373802185059,0.0,0.6731858849525452,0.5672220587730408,0.0,0.3926815390586853,0.1881999969482422,0.0,0.1935262829065323
344,0.0001,0.20450371969491243,0.959923229278606,0.5043806090499415,0.8457276641577343,0.9148200432084067,16.149211883544922,0.21650683507323265,0.15845009218901396,0.0,0.0,0.21650683507323265,0.8701714649796486,0.2802656094233195,0.3905032313231266,0.0,0.0,0.2802656094233195,0.8357308597275706,0.9363596439361572,0.0,0.605805516242981,0.7540046572685242,0.0,0.6735163927078247,0.5669082403182983,0.0,0.3929100036621094,0.18797087669372559,0.0,0.19358573853969574
345,0.0001,0.19911282882094383,0.9607660845074447,0.5122174024581909,0.8425011652739405,0.9128936259537327,15.47112512588501,0.2100923489779234,0.15415791748091578,0.0,0.0,0.2100923489779234,0.8737177774310112,0.2864058180288835,0.3934641986182242,0.0,0.0,0.2864058180288835,0.8316907593698213,0.9364396929740906,0.0,0.6062917113304138,0.7539736032485962,0.0,0.6738659143447876,0.5663155317306519,0.0,0.39308807253837585,0.18775250017642975,0.0,0.19354909658432007
346,0.0001,0.20493359863758087,0.9592669504725039,0.5228615348989313,0.838162746504103,0.9103404759003257,14.364574670791626,0.2153531489893794,0.16062492737546563,0.0,0.0,0.2153531489893794,0.8707943074405193,0.2816253593473723,0.4048852035493562,0.0,0.0,0.2816253593473723,0.8316107139442906,0.9366604089736938,0.0,0.6067527532577515,0.7538103461265564,0.0,0.6742376089096069,0.5660626292228699,0.0,0.3932760953903198,0.18768496811389923,0.0,0.1935194581747055
347,0.0001,0.1937026297673583,0.9622204087908227,0.5122990427595197,0.8431299698775436,0.9132917199099443,13.902317762374878,0.20848109386861324,0.1495865168981254,0.0,0.0,0.20848109386861324,0.8764854893088341,0.282518542174137,0.3982352487968676,0.0,0.0,0.282518542174137,0.832108736038208,0.9368048310279846,0.0,0.6071351170539856,0.7538376450538635,0.0,0.6745530962944031,0.565451979637146,0.0,0.3934590816497803,0.1874765008687973,0.0,0.19353947043418884
348,0.0001,0.19798471685498953,0.9614135479170774,0.5142554767204054,0.8419788073778101,0.9126557230920797,13.890928745269775,0.2152932770550251,0.15207400918006897,0.0,0.0,0.2152932770550251,0.8693398162722588,0.2802877968007868,0.39795119112188165,0.0,0.0,0.2802877968007868,0.832588027824055,0.9369538426399231,0.0,0.607589066028595,0.7537347674369812,0.0,0.6749083399772644,0.5652564764022827,0.0,0.39361464977264404,0.18723639845848083,0.0,0.1936197131872177
349,0.0001,0.20192207116633654,0.9605863143572878,0.5182963429075299,0.840943951148847,0.9120960884737142,14.328448057174683,0.21642336528748274,0.15757753467187285,0.0,0.0,0.21642336528748274,0.8707278817892075,0.2845947995330348,0.40181436683192395,0.0,0.0,0.2845947995330348,0.8291104995843136,0.9370129108428955,0.0,0.6080193519592285,0.7535823583602905,0.0,0.6752429008483887,0.5649394989013672,0.0,0.39375054836273193,0.18690121173858643,0.0,0.19360733032226562
350,0.0001,0.20088258385658264,0.9605915883174646,0.5091867338527333,0.84467000605784,0.9143335501465248,14.009013891220093,0.21534781996160746,0.1553357937373221,0.0,0.0,0.21534781996160746,0.8686945177614689,0.27983224391937256,0.3976499149293611,0.0,0.0,0.27983224391937256,0.8349351431384231,0.9371344447135925,0.0,0.6084914803504944,0.7536750435829163,0.0,0.6755759119987488,0.5646717548370361,0.0,0.3939284682273865,0.18644405901432037,0.0,0.1936275213956833
351,0.0001,0.19772190414369106,0.9619286271754465,0.5192742239345204,0.8404065762558124,0.9117136639064801,15.489248037338257,0.21502773463726044,0.15200683800503612,0.0,0.0,0.21502773463726044,0.8695191331207752,0.2812747666330049,0.40252215031421545,0.0,0.0,0.2812747666330049,0.8333182894822323,0.9372279644012451,0.0,0.608920156955719,0.753660261631012,0.0,0.6759440302848816,0.5642979741096497,0.0,0.39410078525543213,0.1861272007226944,0.0,0.19366735219955444
352,0.0001,0.20293595176190138,0.960150367584311,0.5152439818237767,0.8413528049735159,0.9122987255688512,15.696579456329346,0.21653577871620655,0.1574559435248375,0.0,0.0,0.21653577871620655,0.8697010017931461,0.27891504403316614,0.3993025909770619,0.0,0.0,0.27891504403316614,0.8354967019774697,0.9374231100082397,0.0,0.6093304753303528,0.7536051869392395,0.0,0.6762558221817017,0.5640665888786316,0.0,0.39426133036613464,0.1859321892261505,0.0,0.1937662661075592
353,0.0001,0.19834439177066088,0.9617830681275396,0.5217785185033624,0.8399545348517606,0.9113888710088653,15.72350788116455,0.21663567796349525,0.15098213404417038,0.0,0.0,0.21663567796349525,0.8692318126559258,0.284943396394903,0.4051238171982043,0.0,0.0,0.284943396394903,0.828923250689651,0.9376491904258728,0.0,0.6097817420959473,0.7537235021591187,0.0,0.6766124963760376,0.5638582706451416,0.0,0.3944797217845917,0.1858673393726349,0.0,0.19376240670681
354,0.0001,0.19416126422584057,0.9622133656569413,0.5093313491705692,0.8458567509546336,0.9149258240397476,14.948507308959961,0.20950374845415354,0.15064461808651686,0.0,0.0,0.20950374845415354,0.8740610145032406,0.28124037655917083,0.400530864795049,0.0,0.0,0.28124037655917083,0.8334989764473655,0.9376986622810364,0.0,0.6101722121238708,0.7538756728172302,0.0,0.6769752502441406,0.5639032125473022,0.0,0.39469069242477417,0.1856265515089035,0.0,0.1937633901834488
355,0.0001,0.19699712563306093,0.9610369171434298,0.5127151084668709,0.842777458084882,0.9130275246751187,16.14238429069519,0.21110421605408192,0.15218928083777428,0.0,0.0,0.21110421605408192,0.8724024444818497,0.279413721778176,0.39835392254771607,0.0,0.0,0.279413721778176,0.8350874330058242,0.9376814365386963,0.0,0.6105607151985168,0.7536914944648743,0.0,0.6772614121437073,0.5637851357460022,0.0,0.394925594329834,0.18518559634685516,0.0,0.19379431009292603
356,0.0001,0.198706878349185,0.9614525844704731,0.5142270940722842,0.8413987488604229,0.9122553975804835,14.970885038375854,0.21729409880936146,0.15259178448468447,0.0,0.0,0.21729409880936146,0.8689638935029507,0.2802147756923329,0.3976866855765834,0.0,0.0,0.2802147756923329,0.834373829942761,0.9379337430000305,0.0,0.6110211610794067,0.7537128329277039,0.0,0.67763352394104,0.5634570717811584,0.0,0.3951398730278015,0.184819296002388,0.0,0.1938239187002182
357,0.0001,0.19445144850760698,0.9625807141476527,0.5140666383685488,0.843677830475055,0.9135722349214805,15.044677019119263,0.21518617495894432,0.14803324919193983,0.0,0.0,0.21518617495894432,0.8702817596495152,0.28150976065433386,0.4031777129028783,0.0,0.0,0.28150976065433386,0.8301596966656771,0.9380577206611633,0.0,0.6115103960037231,0.7537873983383179,0.0,0.6779661774635315,0.5630181431770325,0.0,0.3953274190425873,0.1844133585691452,0.0,0.19382581114768982
358,0.0001,0.20239883940666914,0.9601853788125996,0.5108269633668842,0.8446716204153868,0.9142590821808296,16.129533529281616,0.22024845890700817,0.154757141135633,0.0,0.0,0.22024845890700817,0.8643607087433338,0.27741320927937824,0.40271129301100067,0.0,0.0,0.27741320927937824,0.8337842207966428,0.9381802082061768,0.0,0.6119686365127563,0.7538333535194397,0.0,0.6783612370491028,0.5628253817558289,0.0,0.3955119848251343,0.18407870829105377,0.0,0.19382373988628387
359,0.0001,0.19826921354979277,0.9612829000289245,0.5125880711006395,0.8435543606858938,0.9135835999547568,16.03575587272644,0.21510395873337984,0.15374695230275393,0.0,0.0,0.21510395873337984,0.8688604794442654,0.27823068517627136,0.4016197721163432,0.0,0.0,0.27823068517627136,0.834658373485912,0.9380492568016052,0.0,0.612372636795044,0.7537409663200378,0.0,0.6787229180335999,0.562515139579773,0.0,0.39565861225128174,0.18360574543476105,0.0,0.19382864236831665
360,0.0001,0.19662070460617542,0.9621980024384198,0.5171567057118271,0.8423579353888466,0.9128868315244374,15.066232204437256,0.2144569717347622,0.1505084061063826,0.0,0.0,0.2144569717347622,0.8728905916213989,0.27908821178205084,0.40626724019195093,0.0,0.0,0.27908821178205084,0.8315718643593065,0.938163161277771,0.0,0.6127970218658447,0.7536906003952026,0.0,0.6789878010749817,0.5621359944343567,0.0,0.3958011269569397,0.18337394297122955,0.0,0.19383016228675842
361,0.0001,0.19381328206509352,0.9625436993416118,0.5205645163853964,0.8418894996989762,0.9125348867658125,14.597567081451416,0.2125375410541892,0.14715398009866476,0.0,0.0,0.2125375410541892,0.8728507570922375,0.2804316553202542,0.4107558194435004,0.0,0.0,0.2804316553202542,0.8319860588420521,0.9383155703544617,0.0,0.6132421493530273,0.7537587285041809,0.0,0.6793304085731506,0.5615866184234619,0.0,0.39597058296203613,0.18310073018074036,0.0,0.19386787712574005
362,0.0001,0.19630048796534538,0.9615567983866882,0.5238370028409091,0.8386553916334932,0.9105359970804874,15.537355422973633,0.21172326896339655,0.1511009237729013,0.0,0.0,0.21172326896339655,0.8741197325289249,0.27917139277313696,0.40660245490796637,0.0,0.0,0.27917139277313696,0.8339404210899816,0.9385024905204773,0.0,0.6136661171913147,0.7539329528808594,0.0,0.6796568036079407,0.5610438585281372,0.0,0.39617565274238586,0.1828368455171585,0.0,0.1939755529165268
363,0.0001,0.2042166916653514,0.9602051827022057,0.5133035905433424,0.8415464563624897,0.9123007681041047,14.5533447265625,0.22281580977141857,0.15359961241483688,0.0,0.0,0.22281580977141857,0.8627427816390991,0.27907826683738013,0.39784971511725226,0.0,0.0,0.27907826683738013,0.8335686813701283,0.9386282563209534,0.0,0.6140739917755127,0.7537440061569214,0.0,0.6800926923751831,0.5606587529182434,0.0,0.39638495445251465,0.18272115290164948,0.0,0.1939779818058014
364,0.0001,0.19470576383173466,0.9623494171523886,0.522286613782247,0.8376732988774043,0.9099748859382331,15.21383547782898,0.2142649106681347,0.14827075321227312,0.0,0.0,0.2142649106681347,0.8714197278022766,0.27956565943631256,0.4046383500099182,0.0,0.0,0.27956565943631256,0.8339519825848666,0.9388700723648071,0.0,0.6145728230476379,0.753811776638031,0.0,0.6804425716400146,0.560382068157196,0.0,0.3965728282928467,0.18251237273216248,0.0,0.19397273659706116
365,0.0001,0.20134719647467136,0.9611442252809477,0.522662487897006,0.8383624653601893,0.9104125796147515,15.851008653640747,0.2223524320870638,0.1535308789461851,0.0,0.0,0.2223524320870638,0.8646272085607052,0.279521436402292,0.4058982865376906,0.0,0.0,0.279521436402292,0.8324107943159161,0.9389985799789429,0.0,0.6150066256523132,0.753838062286377,0.0,0.6807674169540405,0.5599484443664551,0.0,0.39676544070243835,0.18235912919044495,0.0,0.19401220977306366
366,0.0001,0.19276460260152817,0.9629935935150671,0.5189221555536444,0.8407254956360772,0.9117829144105389,14.945383787155151,0.2139449678361416,0.14797119051218033,0.0,0.0,0.2139449678361416,0.8711102306842804,0.2799981218395811,0.40440757888736145,0.0,0.0,0.2799981218395811,0.8343783508647572,0.9390407800674438,0.0,0.6154534220695496,0.753972589969635,0.0,0.6811017394065857,0.5596967935562134,0.0,0.3970034420490265,0.18231932818889618,0.0,0.19402983784675598
367,0.0001,0.1933545647189021,0.9621109159014347,0.5199171918811221,0.8410685928003843,0.9120233485059003,15.16417145729065,0.2086624214425683,0.14980342565104365,0.0,0.0,0.2086624214425683,0.8762659914791584,0.28145318320303253,0.40805696086450055,0.0,0.0,0.28145318320303253,0.8306701598745404,0.9393437504768372,0.0,0.6158654689788818,0.7539951205253601,0.0,0.6814098954200745,0.5592257380485535,0.0,0.39712053537368774,0.1820089966058731,0.0,0.19404123723506927
368,0.0001,0.19570124335587025,0.9615874115342856,0.5219820195978339,0.8397502823688194,0.9112260645256821,15.20440411567688,0.21124151721596718,0.15140813402831554,0.0,0.0,0.21124151721596718,0.8724027685821056,0.2829393238732309,0.40598925225662463,0.0,0.0,0.2829393238732309,0.828252602707256,0.9393340945243835,0.0,0.6162105798721313,0.7539365887641907,0.0,0.681654155254364,0.558868408203125,0.0,0.39722388982772827,0.18167774379253387,0.0,0.19405578076839447
369,0.0001,0.18887201510369778,0.9639377436504448,0.5138618079098788,0.8434970827345639,0.9134824534007134,14.97476840019226,0.20962429698556662,0.14400150906294584,0.0,0.0,0.20962429698556662,0.8748019449412823,0.2776503364245097,0.40405967199441156,0.0,0.0,0.2776503364245097,0.8348489548220779,0.9395045638084412,0.0,0.6166013479232788,0.7539432644844055,0.0,0.6819353103637695,0.5584893822669983,0.0,0.3974023461341858,0.1813441812992096,0.0,0.19404897093772888
370,0.0001,0.19327007792890072,0.9628133551257406,0.5191771478363962,0.8407149959177556,0.9117677837851058,15.646672248840332,0.21271981205791235,0.14702646061778069,0.0,0.0,0.21271981205791235,0.8716748729348183,0.27759113998124096,0.40486024726520886,0.0,0.0,0.27759113998124096,0.8327275641036757,0.9394655823707581,0.0,0.6170357465744019,0.7539770603179932,0.0,0.6822766065597534,0.5581544041633606,0.0,0.3975924551486969,0.18111026287078857,0.0,0.19406239688396454
371,0.0001,0.19516774732619524,0.96218375972039,0.5203127572030732,0.8412019619968948,0.9120424382721494,15.207650423049927,0.2160002402961254,0.14947770163416862,0.0,0.0,0.2160002402961254,0.8692132718861103,0.27951976927843963,0.40821869174639386,0.0,0.0,0.27951976927843963,0.8308802969527967,0.9397933483123779,0.0,0.6174824237823486,0.753993570804596,0.0,0.6826344132423401,0.5577920079231262,0.0,0.39776718616485596,0.18094122409820557,0.0,0.19405749440193176
372,0.0001,0.195632497780025,0.9618218982659571,0.5171368519465128,0.8429242099860367,0.9131104249904086,15.521679401397705,0.21379802748560905,0.15149859338998795,0.0,0.0,0.21379802748560905,0.8705034255981445,0.2787400447961056,0.40634678800900775,0.0,0.0,0.2787400447961056,0.8345353802045187,0.9399845600128174,0.0,0.6178604960441589,0.7540627717971802,0.0,0.6829162240028381,0.557614803314209,0.0,0.3979586660861969,0.1806265115737915,0.0,0.19405534863471985
373,0.0001,0.18616193067282438,0.9644679941871331,0.5165071017814405,0.8423119525774586,0.9127945061891893,14.631899356842041,0.20665663853287697,0.14104653522372246,0.0,0.0,0.20665663853287697,0.87716019526124,0.2788408633434411,0.4051831635561856,0.0,0.0,0.2788408633434411,0.8355578220251835,0.9399877786636353,0.0,0.6182305216789246,0.7540085315704346,0.0,0.6831980347633362,0.557140588760376,0.0,0.39810168743133545,0.1805073618888855,0.0,0.19410932064056396
374,0.0001,0.18911244627088308,0.9636217110568297,0.5200394753253821,0.8392676849954777,0.9109115146541163,15.448860883712769,0.20885155722498894,0.1454496313817799,0.0,0.0,0.20885155722498894,0.8746266849339008,0.27684033278262976,0.4055099433118647,0.0,0.0,0.27684033278262976,0.8353016918355768,0.9401388764381409,0.0,0.6185948252677917,0.7539639472961426,0.0,0.683449923992157,0.5567587614059448,0.0,0.39821112155914307,0.1803121417760849,0.0,0.1941145807504654
375,0.0001,0.1903817607089877,0.9633333924155192,0.5168345263510039,0.8412621609241152,0.912089419151287,15.673901557922363,0.2126923454925418,0.1444908920675516,0.0,0.0,0.2126923454925418,0.8708268851041794,0.2787211699919267,0.4027437043912483,0.0,0.0,0.2787211699919267,0.8334827784335974,0.9402998685836792,0.0,0.6189942955970764,0.753973662853241,0.0,0.6837158799171448,0.5564872622489929,0.0,0.3983423411846161,0.1802389770746231,0.0,0.1941024363040924
376,0.0001,0.1923821223899722,0.9636811710046953,0.526566667990251,0.8377297578088284,0.9099841106029344,14.857345581054688,0.2167585724964738,0.145235491450876,0.0,0.0,0.2167585724964738,0.8698369041085243,0.28408859354076965,0.4079300399982568,0.0,0.0,0.28408859354076965,0.8288056904619391,0.9402600526809692,0.0,0.6193538308143616,0.7539247274398804,0.0,0.6839855909347534,0.556269645690918,0.0,0.398590087890625,0.17989608645439148,0.0,0.19409726560115814
377,0.0001,0.18519368022680283,0.9645153653821189,0.5175392338723848,0.8419526663255082,0.9125247542100835,14.871793031692505,0.20681143645197153,0.1412009159103036,0.0,0.0,0.20681143645197153,0.8771828375756741,0.280406653881073,0.404416487975554,0.0,0.0,0.280406653881073,0.8350246079040297,0.9403040409088135,0.0,0.6196900010108948,0.753842294216156,0.0,0.6842583417892456,0.555490255355835,0.0,0.3987412452697754,0.17966315150260925,0.0,0.1941128373146057
378,0.0001,0.1893370794132352,0.9638222957217915,0.5212397864370635,0.8402256793595004,0.9114886189571466,15.476519346237183,0.21121487207710743,0.1443820516578853,0.0,0.0,0.21121487207710743,0.8731909953057766,0.28007536945921,0.40850083484794153,0.0,0.0,0.28007536945921,0.8338108532356493,0.9403305053710938,0.0,0.6200445890426636,0.7536730766296387,0.0,0.6845160722732544,0.5551472902297974,0.0,0.39889124035835266,0.17931175231933594,0.0,0.1940755546092987
379,0.0001,0.19600013084709644,0.9620070672971293,0.525609370433923,0.8394723234567805,0.9109981861289294,14.999264001846313,0.21848126221448183,0.15013215504586697,0.0,0.0,0.21848126221448183,0.8694824539124966,0.2832814725962552,0.4105751839551059,0.0,0.0,0.2832814725962552,0.826792507460623,0.9404447674751282,0.0,0.6203970313072205,0.7536700367927551,0.0,0.6847512125968933,0.5549657940864563,0.0,0.3990840017795563,0.17914466559886932,0.0,0.19406726956367493
380,0.0001,0.1917520873248577,0.9633206299775048,0.5185204419222745,0.841979111060702,0.9125407514426096,15.11040186882019,0.2130050240084529,0.14583877846598625,0.0,0.0,0.2130050240084529,0.8725211471319199,0.279127066785639,0.4071920450889703,0.0,0.0,0.279127066785639,0.8333798177314528,0.9406337738037109,0.0,0.6207611560821533,0.7536534667015076,0.0,0.6850588321685791,0.5549324154853821,0.0,0.39925670623779297,0.17896400392055511,0.0,0.1940925419330597
381,0.0001,0.19580788537859917,0.9627575089710075,0.5210040627103864,0.8407196962905595,0.9118251015683809,14.80260968208313,0.21973903104662895,0.1485678139142692,0.0,0.0,0.21973903104662895,0.8670164532959461,0.2785895755796721,0.4077469634287285,0.0,0.0,0.2785895755796721,0.8338587934320624,0.9408838748931885,0.0,0.6211467981338501,0.753733217716217,0.0,0.6853737831115723,0.5547252297401428,0.0,0.39943912625312805,0.17857785522937775,0.0,0.194118931889534
382,0.0001,0.18663867097347975,0.9644891419879943,0.5222285480210276,0.8408296987067867,0.9118695223026663,15.43211841583252,0.2091002045199275,0.14212655741721392,0.0,0.0,0.2091002045199275,0.8763764463365078,0.28057886614943994,0.40938063823815546,0.0,0.0,0.28057886614943994,0.832762902433222,0.9410046935081482,0.0,0.6215329766273499,0.7537128329277039,0.0,0.685699462890625,0.5544545650482178,0.0,0.3996667265892029,0.1782452017068863,0.0,0.19411469995975494
383,0.0001,0.19491437543183565,0.961685363787903,0.5236007300290194,0.839866342451795,0.9113125000573035,15.187902927398682,0.21665731724351645,0.14951078593730927,0.0,0.0,0.21665731724351645,0.8690693564713001,0.2826208977988272,0.40838555494944256,0.0,0.0,0.2826208977988272,0.8313344030669241,0.9409432411193848,0.0,0.6219371557235718,0.7537316083908081,0.0,0.6859875321388245,0.553978443145752,0.0,0.39987045526504517,0.17792260646820068,0.0,0.19412024319171906
384,0.0001,0.19767751917243004,0.9611539738180964,0.5156454498117621,0.845306727491349,0.9146890746979025,16.19841241836548,0.22058856021612883,0.1454736515879631,0.0,0.0,0.22058856021612883,0.8610768280923367,0.2815858649485039,0.4079232414563497,0.0,0.0,0.2815858649485039,0.8330688946174852,0.9412316679954529,0.0,0.622333824634552,0.7537424564361572,0.0,0.6863299012184143,0.5538597702980042,0.0,0.40002599358558655,0.17759057879447937,0.0,0.19415806233882904
385,0.0001,0.1886308714747429,0.9647004783462221,0.5227509664766716,0.839254619995965,0.9108882318856873,15.624874353408813,0.2123954687267542,0.14235580246895552,0.0,0.0,0.2123954687267542,0.8732248619198799,0.27887688261089905,0.4075184934067004,0.0,0.0,0.27887688261089905,0.8328624692830172,0.9413783550262451,0.0,0.6227420568466187,0.7538366913795471,0.0,0.6866134405136108,0.5538298487663269,0.0,0.4002056121826172,0.17723515629768372,0.0,0.19416019320487976
386,0.0001,0.18816912919282913,0.9643086457847643,0.5232925378915035,0.8390388705772579,0.9107298882098354,15.260144233703613,0.21165159530937672,0.1413265373557806,0.0,0.0,0.21165159530937672,0.8712598532438278,0.2798931020678896,0.4095759762055946,0.0,0.0,0.2798931020678896,0.8328142202261722,0.9414517879486084,0.0,0.6231285333633423,0.7538713216781616,0.0,0.6869354248046875,0.5538093447685242,0.0,0.4003414511680603,0.17692974209785461,0.0,0.19414947926998138
387,0.0001,0.18916360661387444,0.9642832962662269,0.5255325815894387,0.8389161743909456,0.9105568872711709,14.908870220184326,0.21280239801853895,0.14273032173514366,0.0,0.0,0.21280239801853895,0.8723031878471375,0.27902706283511536,0.41207462910449866,0.0,0.0,0.27902706283511536,0.8311896233847647,0.9416570067405701,0.0,0.6235402822494507,0.7539079785346985,0.0,0.6872289776802063,0.5534622669219971,0.0,0.40052637457847595,0.1767413169145584,0.0,0.19409283995628357
388,0.0001,0.18714800849556923,0.9651597254964255,0.5207539832953251,0.8407885285741509,0.9117946364431143,15.146100997924805,0.21389823965728283,0.13928882218897343,0.0,0.0,0.21389823965728283,0.8699932359158993,0.27746586546753393,0.40922652049498126,0.0,0.0,0.27746586546753393,0.8335176038019585,0.9416781663894653,0.0,0.6239101886749268,0.7539209723472595,0.0,0.6875627636909485,0.5530751347541809,0.0,0.4006439447402954,0.1763625144958496,0.0,0.19408534467220306
389,0.0001,0.19031072966754436,0.9638696300229992,0.5277719064192339,0.8374037177714778,0.9097212802625716,15.350152015686035,0.2157365344464779,0.14438620442524552,0.0,0.0,0.2157365344464779,0.8705895505845547,0.280396277254278,0.41267962166757294,0.0,0.0,0.280396277254278,0.8332925041516622,0.9417701363563538,0.0,0.6242471933364868,0.7539228796958923,0.0,0.6878283619880676,0.5526851415634155,0.0,0.40082842111587524,0.17617632448673248,0.0,0.19404593110084534
390,0.0001,0.18609375599771738,0.9644465514357037,0.5287614771814058,0.8377217599988491,0.9099162414203255,15.779813289642334,0.21050963271409273,0.14182306872680783,0.0,0.0,0.21050963271409273,0.8742192089557648,0.27920563293225836,0.4143368827574181,0.0,0.0,0.27920563293225836,0.8322189179333773,0.9418588280677795,0.0,0.6246189475059509,0.753853976726532,0.0,0.6881447434425354,0.5521937608718872,0.0,0.4010477364063263,0.17592433094978333,0.0,0.19405794143676758
391,0.0001,0.18938360083848238,0.9630180171135833,0.5204751491546631,0.8419662457434888,0.9125645141501959,16.410842657089233,0.21035113465040922,0.14675845066085458,0.0,0.0,0.21035113465040922,0.8735644929111004,0.2761093323880976,0.41046354897094495,0.0,0.0,0.2761093323880976,0.8362015702507712,0.9418697357177734,0.0,0.6249764561653137,0.7537777423858643,0.0,0.6884369254112244,0.5516940355300903,0.0,0.4012071192264557,0.1757114678621292,0.0,0.1940823495388031
392,0.0001,0.18867192510515451,0.9638424116426413,0.5143372037193992,0.84409623620738,0.9138311598958405,16.582521438598633,0.2107403352856636,0.1427672286517918,0.0,0.0,0.2107403352856636,0.8743760734796524,0.27721523877346155,0.4058552077322295,0.0,0.0,0.27721523877346155,0.8352498628876426,0.9418938755989075,0.0,0.6253196597099304,0.7538336515426636,0.0,0.68867427110672,0.5514514446258545,0.0,0.40138906240463257,0.17546266317367554,0.0,0.19410371780395508
393,0.0001,0.19049990735948086,0.9634033533769572,0.5224399891766635,0.8411305078567043,0.9120475870873856,15.368033647537231,0.21367166377604008,0.14332606177777052,0.0,0.0,0.21367166377604008,0.8724907226860523,0.2795820886438543,0.40995752450191614,0.0,0.0,0.2795820886438543,0.8332662979761759,0.9419326782226562,0.0,0.6256905794143677,0.7538180947303772,0.0,0.688978374004364,0.5510966777801514,0.0,0.40151798725128174,0.17518587410449982,0.0,0.1941605508327484
394,0.0001,0.19064984284341335,0.96264524423115,0.5280226143923673,0.8387456935232704,0.9106009062656023,15.373783111572266,0.21211935114115477,0.14573092572391033,0.0,0.0,0.21211935114115477,0.8704645149409771,0.2820384574658943,0.41511463035236706,0.0,0.0,0.2820384574658943,0.8317131544604446,0.9420970678329468,0.0,0.6260652542114258,0.753811240196228,0.0,0.6892605423927307,0.5508759617805481,0.0,0.40165477991104126,0.17492082715034485,0.0,0.19415287673473358
395,0.0001,0.1901408340781927,0.9626469922285054,0.5250822883663755,0.8395728390821241,0.9110736322135619,15.362542629241943,0.21142175141721964,0.14635698962956667,0.0,0.0,0.21142175141721964,0.8726361133158207,0.27808956305185956,0.412023638233994,0.0,0.0,0.27808956305185956,0.834740420182546,0.9421395063400269,0.0,0.6263927817344666,0.7536988258361816,0.0,0.6894893646240234,0.5506705045700073,0.0,0.40183302760124207,0.17470857501029968,0.0,0.1941079944372177
396,0.0001,0.18381394539028406,0.9652401467088779,0.5212393673983488,0.8405937428294145,0.9117176111157891,15.197904109954834,0.21011050324887037,0.13721419172361493,0.0,0.0,0.21011050324887037,0.8739409223198891,0.2781952438932477,0.4096731110052629,0.0,0.0,0.2781952438932477,0.8343625953703215,0.9420162439346313,0.0,0.6267362236976624,0.7536860108375549,0.0,0.6897644996643066,0.5504544973373413,0.0,0.40197834372520447,0.1743338406085968,0.0,0.19407334923744202
397,0.0001,0.18755376059561968,0.9649677015166742,0.5210256973902384,0.8414047182789879,0.9122402958456816,15.393967390060425,0.2140128454193473,0.1402457496151328,0.0,0.0,0.2140128454193473,0.8709000274538994,0.280882943760265,0.4095657431718075,0.0,0.0,0.280882943760265,0.8322660236647634,0.9421790242195129,0.0,0.6271045207977295,0.7535958886146545,0.0,0.6900606155395508,0.549947202205658,0.0,0.4021434485912323,0.17414088547229767,0.0,0.1940905898809433
398,0.0001,0.18710049707442522,0.9649845290082604,0.527438835664229,0.8394119005817393,0.911054566286661,15.474812984466553,0.21228740829974413,0.14129363419488072,0.0,0.0,0.21228740829974413,0.8745518289506435,0.2828847711736506,0.41328296968431183,0.0,0.0,0.2828847711736506,0.8309270974361536,0.9422657489776611,0.0,0.6274889707565308,0.7535799145698547,0.0,0.6903673410415649,0.5497268438339233,0.0,0.4023202061653137,0.17363260686397552,0.0,0.1941007822751999
399,0.0001,0.1975798886269331,0.961669396772686,0.5221787582744252,0.842462158234469,0.9128470933314428,15.96451997756958,0.2215117122977972,0.14889259776100516,0.0,0.0,0.2215117122977972,0.8622809275984764,0.2810465440605626,0.4132686094804244,0.0,0.0,0.2810465440605626,0.8341991793025624,0.9423417448997498,0.0,0.6278231143951416,0.7534213066101074,0.0,0.6906811594963074,0.5494469404220581,0.0,0.402508020401001,0.17340674996376038,0.0,0.19411374628543854
