epoch,lr,loss,iou,val_loss,val_iou,val_dice,epoch_sec,train_ctrl,train_foc,train_ma_mean,train_rho_std,train_ctrl_bce,train_cell_iou,val_ctrl,val_foc,val_ma_mean,val_rho_std,val_ctrl_bce,val_cell_iou,norm_route1_wc,norm_route1_wa,norm_route1_beta,norm_route2_wc,norm_route2_wa,norm_route2_beta,norm_route3_wc,norm_route3_wa,norm_route3_beta,norm_route4_wc,norm_route4_wa,norm_route4_beta
0,0.0001,1.5410523811976116,0.24479971061986813,1.5078747037981377,2.0158713097436095e-10,4.0317426185793127e-10,83.8021969795227,0.671516814827919,0.5646090144912402,0.4943646510442098,0.0026037541205975383,0.671516814827919,0.001566449519790088,0.6390512126391051,0.49777838832042254,0.4753808056721922,0.00213333247153119,0.6390512126391051,0.0,0.0729413628578186,0.05879009887576103,0.030231472104787827,0.08209367841482162,0.08034835755825043,0.025243468582630157,0.13481365144252777,0.13726189732551575,0.01938513293862343,0.13531219959259033,0.1385914832353592,0.018943412229418755
1,0.0001,1.3978440662225087,0.3805767568366379,1.374706045525973,0.3045518329346889,0.4583538270951117,27.813342094421387,0.6192321638266246,0.4794118081529935,0.47254669417937595,0.007193240717363854,0.6192321638266246,0.08203064889336625,0.5761925587888623,0.4497540109470242,0.4455000274494046,0.007554169408366328,0.5761925587888623,0.012578758777531444,0.125370591878891,0.10137460380792618,0.05698181316256523,0.12914639711380005,0.13157041370868683,0.042461227625608444,0.21366523206233978,0.24061907827854156,0.035438451915979385,0.1920047402381897,0.19074928760528564,0.02940530888736248
2,0.0001,1.3209945480028789,0.45888475015179275,1.355050341027682,0.3050650251897734,0.4586613951320997,23.0363347530365,0.56526218354702,0.44057860871156057,0.4409239615003268,0.008229297081318995,0.56526218354702,0.20886040789385638,0.5170615891941258,0.4529459945491103,0.4014354973542886,0.0073855015464493485,0.5170615891941258,0.019302644301205873,0.16687344014644623,0.13317696750164032,0.07769255340099335,0.16116654872894287,0.16029183566570282,0.05423923581838608,0.2750397324562073,0.3288334608078003,0.05227537825703621,0.22938114404678345,0.23170581459999084,0.038924768567085266
3,0.0001,1.272411972284317,0.48590290702940897,1.3142183667323628,0.2848230464588191,0.43521451950859835,21.61628556251526,0.5148419762651125,0.41686516503492993,0.4086729014913241,0.009236098453402519,0.5148419762651125,0.25621100117762885,0.47423565436582094,0.4296478458115312,0.3687142788386736,0.008002984810803757,0.47423565436582094,0.03462607420400762,0.2026691436767578,0.16480156779289246,0.09651020914316177,0.18854424357414246,0.19507968425750732,0.06551960110664368,0.3171018362045288,0.41312041878700256,0.07016866654157639,0.2563156187534332,0.27798205614089966,0.04800405725836754
4,0.0001,1.2294406990210216,0.5189232482287338,1.2765997765494175,0.3439712105325873,0.5035307164009408,20.723992109298706,0.4681115617354711,0.3987479577461878,0.377789365251859,0.01021892650363346,0.4681115617354711,0.2797897085547447,0.44164259365347563,0.4113368367562529,0.343227887251338,0.00877292806923878,0.44164259365347563,0.04160249476000422,0.23566709458827972,0.19380870461463928,0.1151544600725174,0.21670466661453247,0.21801722049713135,0.07513304054737091,0.3421093821525574,0.4693826138973236,0.08597040176391602,0.27561983466148376,0.32230082154273987,0.05506739765405655
5,0.0001,1.190760060151418,0.5463427096891188,1.2126195606638173,0.44465855510286056,0.6087351698355139,20.617995977401733,0.42721902976433435,0.38312572439511616,0.3487768694758415,0.011224050881961982,0.42721902976433435,0.28552131665249664,0.3943248650089639,0.39155724449235885,0.2995734058442663,0.009806812298102457,0.3943248650089639,0.03925730653687334,0.26868951320648193,0.2207765281200409,0.13125786185264587,0.2405308336019516,0.24015210568904877,0.08526025712490082,0.3673244118690491,0.540839433670044,0.10201293975114822,0.2916198670864105,0.36263343691825867,0.06103434041142464
6,0.0001,1.159037361542384,0.5670676015793232,1.252901782754992,0.3595533031064492,0.5179018309050715,20.64362859725952,0.39150904268026354,0.3732132504383723,0.32162237564722695,0.012850108525405328,0.39150904268026354,0.2802158873528242,0.3852241185844922,0.41293923532376525,0.28800649818826896,0.010820345586684883,0.3852241185844922,0.025118669147649018,0.30114662647247314,0.24918042123317719,0.14683127403259277,0.2615768611431122,0.26633021235466003,0.09495880454778671,0.3935493230819702,0.6097349524497986,0.11241420358419418,0.30753955245018005,0.4149700105190277,0.06762796640396118
7,0.0001,1.1359439770380655,0.5658483563662379,1.185292652395905,0.4879304404268294,0.6516220077700906,20.529802799224854,0.3587216193477313,0.3681379069884618,0.2959744627277056,0.015010372688993811,0.3587216193477313,0.27409853860735894,0.35446551881852695,0.4054297184357878,0.2679080411058957,0.013291321908597086,0.35446551881852695,0.07307913803235917,0.3320581912994385,0.2812129557132721,0.1620054543018341,0.2853897213935852,0.29625603556632996,0.10486847162246704,0.4118137061595917,0.661413848400116,0.12427064776420593,0.32317885756492615,0.4570949971675873,0.07483281195163727
8,0.0001,1.1065525611241658,0.5863141117303657,1.2196964826740202,0.3490966605860758,0.5056103527463255,20.495311498641968,0.3314254661401113,0.3577559933066368,0.2742492720484734,0.01831638564666112,0.3314254661401113,0.27941455667217574,0.34152603247126595,0.3905376660042122,0.23814075598951245,0.016018055623672048,0.34152603247126595,0.02655940183026136,0.36208751797676086,0.3059554100036621,0.17639409005641937,0.30956393480300903,0.3195877969264984,0.11362036317586899,0.42883387207984924,0.7269096970558167,0.13524466753005981,0.3364703953266144,0.5094854235649109,0.08315321803092957
9,0.0001,1.083481169740359,0.6075699399024184,1.1590183660632274,0.4530373890327891,0.6129605817617332,19.583920001983643,0.3069010034203529,0.34968120604753494,0.25371639132499696,0.02203695566082994,0.3069010034203529,0.29295594468712804,0.3382545440900521,0.3712787579317562,0.2416051088786516,0.01876112992768405,0.3382545440900521,0.04515605742020196,0.3910430669784546,0.33075132966041565,0.1901886761188507,0.32524922490119934,0.34081360697746277,0.12280914932489395,0.45201870799064636,0.7662797570228577,0.14739049971103668,0.3446817100048065,0.5590953230857849,0.08957009762525558
10,0.0001,1.0515851388374964,0.6277236588835303,1.0973905002484556,0.5442939392987738,0.7000092580287502,19.26757049560547,0.2848470921317736,0.3338239928086599,0.2357358214755853,0.026309127950419984,0.2848470921317736,0.3069489561021328,0.304933070647912,0.3407273097116439,0.20958910662619795,0.02454228006059029,0.304933070647912,0.07535518510419814,0.41927197575569153,0.3586757183074951,0.20365653932094574,0.3447767198085785,0.3603982627391815,0.13125109672546387,0.4653104841709137,0.8163063526153564,0.15641960501670837,0.3489963114261627,0.6034095883369446,0.09387215971946716
11,0.0001,1.0320713430643083,0.6191548483288823,1.1294683296172345,0.4025545538647763,0.5651823157472083,20.599207401275635,0.26942639822761216,0.3179087315996488,0.2200316570699215,0.03018847762917479,0.26942639822761216,0.29981028170635304,0.30393145905166374,0.3306287419600565,0.19515728364225293,0.020841451819802893,0.30393145905166374,0.03063184598109639,0.44414862990379333,0.3875003457069397,0.21606695652008057,0.37260785698890686,0.3830248713493347,0.1392144411802292,0.48474207520484924,0.8610394597053528,0.16518603265285492,0.36124134063720703,0.6573238372802734,0.10163445770740509
12,0.0001,1.0007226477066675,0.6353698136245721,1.0777955563341985,0.4713913648645345,0.631379455963587,19.78721523284912,0.25236876532435415,0.2914908279975255,0.20500856960813205,0.03240968609849612,0.25236876532435415,0.31105378419160845,0.2932951802113017,0.2972963882274315,0.18735267392924573,0.024110482211728564,0.2932951802113017,0.03817172931720976,0.4662973880767822,0.41673576831817627,0.22879502177238464,0.38467931747436523,0.4056572914123535,0.14682792127132416,0.49988463521003723,0.8805592060089111,0.17419448494911194,0.36468344926834106,0.6942688226699829,0.10665129125118256
13,0.0001,0.9748246828715007,0.6445482579427091,1.0585047377914678,0.4711798296922799,0.6348544283701696,19.651214122772217,0.23983892848094304,0.27092693919936817,0.19246397117773692,0.03580522779375315,0.23983892848094304,0.30317083100477854,0.2817367579116196,0.3026317963834669,0.16942500628408838,0.028296725610729125,0.2817367579116196,0.06893820906454912,0.4859086275100708,0.4434663951396942,0.2406640201807022,0.39753082394599915,0.4330660402774811,0.15527917444705963,0.5199020504951477,0.9295111298561096,0.1828780472278595,0.36756497621536255,0.7498779296875,0.1139722466468811
14,0.0001,0.945446640253067,0.6586447634692362,1.0424229864214287,0.4911865250555868,0.6558471621011467,20.53782296180725,0.23027387410402297,0.2509405059119066,0.1819301277399063,0.03926123616596063,0.23027387410402297,0.30738344850639504,0.27763656612302434,0.2670977457624967,0.14787470756984147,0.029383893750730108,0.27763656612302434,0.014893789424515162,0.5043695569038391,0.47309553623199463,0.25308483839035034,0.41599926352500916,0.459249347448349,0.1647965908050537,0.5332106351852417,0.9694998860359192,0.19008886814117432,0.3706606328487396,0.8175875544548035,0.11997770518064499
15,0.0001,0.9268467505772908,0.6621059978567625,0.9367907789886974,0.6114785137486352,0.754676542025322,21.052014350891113,0.21725163385272026,0.23803188651800156,0.17179139455159506,0.043618584237992766,0.21725163385272026,0.33081582536300025,0.26737031389455324,0.20740746279231836,0.12398601262295833,0.0322110790942536,0.26737031389455324,0.028249138080682912,0.5233123302459717,0.4921192228794098,0.26511815190315247,0.43198806047439575,0.4737764000892639,0.17397353053092957,0.5509517192840576,0.9917072653770447,0.19772663712501526,0.36763983964920044,0.867266833782196,0.12549740076065063
16,0.0001,0.9041549921035766,0.6718363890881273,0.9855380996328885,0.521729357720931,0.6815897296033826,20.6827654838562,0.21170644958813986,0.22516705989837646,0.1624282216032346,0.04623881783336401,0.21170644958813986,0.3244677908718586,0.25967388856606405,0.27861386342126815,0.14713188517289083,0.03321695859070684,0.25967388856606405,0.062139832884164865,0.5427809953689575,0.5083144307136536,0.27728545665740967,0.4491242468357086,0.48426076769828796,0.18115128576755524,0.5630399584770203,1.0476239919662476,0.20403648912906647,0.3654521703720093,0.9276328682899475,0.1293306052684784
17,0.0001,0.887022273739179,0.6737420582341389,0.9368889273190107,0.5963639041214276,0.742345355341359,20.803513765335083,0.2047441430389881,0.2150709718465805,0.15553926875193913,0.04805930033326149,0.2047441430389881,0.3299142944316069,0.25899888159798795,0.22994991697248865,0.14470023405356486,0.03939176674504749,0.25899888159798795,0.07515642508009418,0.5590369701385498,0.5309271812438965,0.2875605523586273,0.45727020502090454,0.501360297203064,0.18802571296691895,0.5858152508735657,1.1004067659378052,0.2114071100950241,0.368041455745697,0.9864181876182556,0.13503071665763855
18,0.0001,0.8705709129571915,0.6810161213573701,0.9326622261375678,0.5959438924949103,0.7430196222263493,20.573718547821045,0.19890402555465697,0.20695988660057385,0.14969463720917703,0.05250420967737834,0.19890402555465697,0.34122434159119924,0.24910922714921294,0.22494218290829268,0.12517099693173267,0.04285783051955895,0.24910922714921294,0.11440991097297824,0.5744551420211792,0.5543454885482788,0.29866817593574524,0.4701598882675171,0.5271345973014832,0.19594691693782806,0.6144331097602844,1.15397310256958,0.21702222526073456,0.3659154772758484,1.0464844703674316,0.13895542919635773
19,0.0001,0.8439510534207026,0.6957701434043498,0.8731480475331916,0.6625580210198956,0.7943158467624836,20.56450080871582,0.19148475925127664,0.19025632763902348,0.14163431425889333,0.055005549204846224,0.19148475925127664,0.3470562342554331,0.2270246548730819,0.1864635919938322,0.11724953695398863,0.04607544008825646,0.2270246548730819,0.15190603388626067,0.5862698554992676,0.5720766186714172,0.3085228204727173,0.4809037744998932,0.5368202328681946,0.20326508581638336,0.6181811094284058,1.170397400856018,0.22388197481632233,0.3595936596393585,1.0867654085159302,0.1442033350467682
20,0.0001,0.8448774715264639,0.6660996252545531,0.8557520088602285,0.6570601534941378,0.7873348738402953,20.7890727519989,0.18902299130956332,0.1963351547718048,0.13678704127669333,0.05726333316415548,0.18902299130956332,0.3449609534194072,0.22605137697985914,0.17526316593904964,0.10867135739717328,0.04571716774438248,0.22605137697985914,0.13844711614436792,0.5963215827941895,0.5886523127555847,0.3178485929965973,0.4984416663646698,0.5620943307876587,0.20978188514709473,0.6444633603096008,1.2548296451568604,0.2329598367214203,0.3637038469314575,1.1491976976394653,0.15169964730739594
21,0.0001,0.8152559260527293,0.694217043087803,0.8571824665929451,0.6389728958241013,0.7751126891506016,20.465635538101196,0.18386621500054995,0.17947372868657113,0.1329386637856563,0.060749407733480136,0.18386621500054995,0.3541495365401109,0.23826679343082866,0.16409889865116994,0.10081626719138662,0.044420323472042555,0.23826679343082866,0.06158937235958264,0.6056583523750305,0.592755913734436,0.3289570212364197,0.5047953128814697,0.5673829317092896,0.21588429808616638,0.65450519323349,1.2899497747421265,0.23889845609664917,0.36552438139915466,1.2035170793533325,0.15674881637096405
22,0.0001,0.8035624196132024,0.6982689089141557,0.8467926891123663,0.6238924002015599,0.7642843822359228,20.41207265853882,0.17839169576764108,0.1742671974003315,0.12760867190857728,0.06388803931574026,0.17839169576764108,0.37333004946509996,0.23003934641353418,0.17723551710120966,0.10866241743330096,0.05047995707050699,0.23003934641353418,0.131503734798705,0.615631103515625,0.6068645715713501,0.33895254135131836,0.5229463577270508,0.5835416913032532,0.22297751903533936,0.6770095229148865,1.3017833232879639,0.24692712724208832,0.3640144169330597,1.2557202577590942,0.16325479745864868
23,0.0001,0.7820513804753622,0.7149758801192647,0.8361458944492652,0.6138086637385011,0.7570415911236307,20.60642099380493,0.17715771247943243,0.16459647888938586,0.12406904560824235,0.06596556268632411,0.17715771247943243,0.36190459243953227,0.23084897633458748,0.1662501350778048,0.0933397351229777,0.051053110571181184,0.23084897633458748,0.10038237292014185,0.623973548412323,0.6095165610313416,0.3479803800582886,0.5291621088981628,0.58882737159729,0.22798442840576172,0.684388279914856,1.3241504430770874,0.2516286373138428,0.3618171811103821,1.3087912797927856,0.17036204040050507
24,0.0001,0.7709103773037592,0.710165444779582,0.8600181917675206,0.5917249268382919,0.7377523382031681,20.409316539764404,0.17490370521942775,0.1614421127984921,0.11912823518117269,0.06758711008975903,0.17490370521942775,0.3759346940865119,0.2313797388409005,0.17938507531510026,0.09934776117567157,0.053481030293175434,0.2313797388409005,0.10874454948104552,0.6320876479148865,0.6195494532585144,0.3576972186565399,0.5372364521026611,0.6078514456748962,0.23330886662006378,0.700687050819397,1.4076768159866333,0.25711187720298767,0.3611406087875366,1.3690547943115234,0.17676694691181183
25,0.0001,0.7649783750375112,0.6979210487972345,0.812095579553823,0.654563075516931,0.7854726750240467,20.45314049720764,0.1718741923570633,0.16085006246964137,0.11747392527759075,0.07119458485394717,0.1718741923570633,0.3739303870747487,0.21786660859819318,0.17154082851331742,0.10828428141406325,0.06175002870989627,0.21786660859819318,0.19554116906689817,0.6377384662628174,0.6331210136413574,0.3673182725906372,0.5563136339187622,0.6266043782234192,0.24078960716724396,0.71946781873703,1.4514435529708862,0.26260870695114136,0.36008647084236145,1.4236782789230347,0.18266725540161133
26,0.0001,0.7416327665249507,0.7212985653319955,0.8130671821656774,0.6158499785753746,0.7573910406471681,20.604363918304443,0.1665030088275671,0.15209925323724746,0.11404360110561053,0.0726165543620785,0.1665030088275671,0.39093793208400407,0.20685824702997677,0.19292380624130123,0.11210188758177836,0.06424330297063609,0.20685824702997677,0.2677958539274872,0.6427642703056335,0.6368674039840698,0.3773680031299591,0.5608305931091309,0.6396694779396057,0.2463248074054718,0.7424807548522949,1.4943727254867554,0.2696003019809723,0.36491522192955017,1.458487629890442,0.18875692784786224
27,0.0001,0.7346686075131098,0.7070524884178973,0.7718994109356989,0.6586391445680964,0.7896773273300501,20.57791805267334,0.16460189061860245,0.15441852423051994,0.11116690586010615,0.07487948375443618,0.16460189061860245,0.39653533324599266,0.22419407866040214,0.14530971597452633,0.08045313287465299,0.06012907379963359,0.22419407866040214,0.10721977116143117,0.6479437947273254,0.6330520510673523,0.38616031408309937,0.5760379433631897,0.6441563367843628,0.2514738142490387,0.7541787028312683,1.5169652700424194,0.27396711707115173,0.37842705845832825,1.494643211364746,0.19210022687911987
28,0.0001,0.7102527012427647,0.734922973073932,0.7470085308200023,0.6787631301324594,0.8060839861984509,21.32039475440979,0.16263698389132816,0.1446742614110311,0.10934677061935266,0.078607225480179,0.16263698389132816,0.3921715204914411,0.1989524281415783,0.17165108831202397,0.11119846828648301,0.07698325446394623,0.1989524281415783,0.3083258759780008,0.6530601382255554,0.629353940486908,0.3951432704925537,0.5780343413352966,0.6495058536529541,0.25682035088539124,0.7655008435249329,1.548828125,0.27892062067985535,0.3662582039833069,1.5177342891693115,0.1983555406332016
29,0.0001,0.6959563215573629,0.7390591426444065,0.7199421270948941,0.6921847153081964,0.8161563818276403,21.451973915100098,0.16133423559367657,0.13909289389848709,0.10544747039675713,0.08104860795040926,0.16133423559367657,0.3917726069688797,0.19951388923848262,0.16916208653176418,0.11319411142927702,0.08189170074756028,0.19951388923848262,0.35330385849124096,0.6579647064208984,0.6308134198188782,0.40401944518089294,0.5914320349693298,0.6587967276573181,0.26210227608680725,0.7878586649894714,1.6203663349151611,0.2851077616214752,0.36032289266586304,1.574023723602295,0.20311985909938812
30,0.0001,0.6831862439711889,0.7464973613368779,0.7152241018951916,0.6884446140995427,0.812897191756204,20.429754495620728,0.16070628066857656,0.13754552304744722,0.10563576022783915,0.08245016584793727,0.16070628066857656,0.3968668838342031,0.2089894350434913,0.14737228536214986,0.09035640735118115,0.07336948921934502,0.2089894350434913,0.1818542040762354,0.6655825972557068,0.627156138420105,0.41499558091163635,0.5998760461807251,0.6679840683937073,0.2668216824531555,0.7994990348815918,1.6152870655059814,0.29032471776008606,0.3683096170425415,1.6115827560424805,0.20858190953731537
31,0.0001,0.6738265862067541,0.7389785341866789,0.7282922414482617,0.6684953271804963,0.7967820850259836,20.550492525100708,0.15934950386484464,0.13537269197404384,0.10272485204041004,0.0862102015564839,0.15934950386484464,0.41367039854327836,0.19387243565965873,0.17684350003961657,0.106885912476993,0.08068885519856313,0.19387243565965873,0.3236469030380249,0.6691967248916626,0.6212774515151978,0.42374441027641296,0.6151689887046814,0.673913300037384,0.27035483717918396,0.8162264823913574,1.6772292852401733,0.29800570011138916,0.3514612913131714,1.6758602857589722,0.21228137612342834
32,0.0001,0.6539247890313467,0.7538088826678153,0.6911878214507806,0.7019163911481087,0.8221086844420691,20.53335165977478,0.15300412711997827,0.12888588172694046,0.0980349333335956,0.0876078965763251,0.15300412711997827,0.4148718734582265,0.1925367908399613,0.15558726255033836,0.1067400266889666,0.07988650363976837,0.1925367908399613,0.30523987431995203,0.6740065217018127,0.6206468343734741,0.43253085017204285,0.6225422620773315,0.6817265748977661,0.2752656042575836,0.8273073434829712,1.6961853504180908,0.30283233523368835,0.34767410159111023,1.719796061515808,0.21782764792442322
33,0.0001,0.6589257011810938,0.7234480746091868,0.6836700117001768,0.6896927401699589,0.813060931969817,20.42289400100708,0.15855355486273764,0.13760334427158039,0.1010965303828319,0.0887574315071106,0.15855355486273764,0.41830417700111866,0.20155834736394102,0.14659038894489163,0.0915537730592196,0.07199902722581489,0.20155834736394102,0.24287171051150463,0.6757609248161316,0.6195042729377747,0.4412388503551483,0.6369602084159851,0.6941859722137451,0.27896809577941895,0.8455244898796082,1.7404160499572754,0.30951353907585144,0.35982081294059753,1.7731550931930542,0.22499941289424896
34,0.0001,0.6313917299111684,0.758872625317111,0.7054825278579212,0.6870240614087195,0.810231799407166,20.406726121902466,0.15245079671343167,0.12554932919641335,0.09675517131884893,0.08941317796707153,0.15245079671343167,0.41418748113016285,0.19979755458284598,0.16665117589176678,0.09866160740617846,0.09066432751104479,0.19979755458284598,0.34406280761859453,0.6807119846343994,0.614285409450531,0.4510442316532135,0.661220371723175,0.7074857950210571,0.28427639603614807,0.8750767707824707,1.7676795721054077,0.3132675290107727,0.35508930683135986,1.8099292516708374,0.23289035260677338
35,0.0001,0.6134245917201042,0.7718998968245752,0.7011093292079988,0.6673863374558248,0.7976375581229949,20.886820077896118,0.15192661347488562,0.12110948798557122,0.09763569881518681,0.09151163250207901,0.15192661347488562,0.4335986480116844,0.20422703174294018,0.16789987927577535,0.11763266535078892,0.07308946452179893,0.20422703174294018,0.26501048832643226,0.6832330822944641,0.6059290170669556,0.4604512155056,0.6632760167121887,0.705258846282959,0.2896375060081482,0.8855790495872498,1.774329423904419,0.31760215759277344,0.35754093527793884,1.8295927047729492,0.23783384263515472
36,0.0001,0.6049200172225634,0.7632176350946337,0.6500031967632106,0.7222100718219107,0.8370736407096866,20.78435707092285,0.14929785716036956,0.11908038556575776,0.09254170035322508,0.08965697294722001,0.14929785716036956,0.43075050885478655,0.1862286092316518,0.1548110669265028,0.100252807262491,0.08690228142210694,0.1862286092316518,0.37206876766486247,0.6851630210876465,0.6059402823448181,0.46910640597343445,0.6708125472068787,0.7200044393539429,0.2938346564769745,0.8949335813522339,1.8051780462265015,0.3236743211746216,0.35721829533576965,1.8736993074417114,0.2446066439151764
37,0.0001,0.6023573016126951,0.7460632553672184,0.6619481590927624,0.6760756620956675,0.8043851243988297,20.765789031982422,0.15023327767848968,0.12380651732285818,0.09242491920789082,0.09269210783143839,0.15023327767848968,0.43044334575533866,0.18871199498411084,0.1603833466279702,0.0944501276387543,0.0876482000849286,0.18871199498411084,0.36009369717269646,0.6866452693939209,0.6071561574935913,0.47722306847572327,0.7013347744941711,0.7404297590255737,0.29767587780952454,0.9144012928009033,1.8618035316467285,0.326887845993042,0.3573603928089142,1.9456318616867065,0.25067660212516785
38,0.0001,0.5813343226909637,0.7671432126242014,0.6692428471612148,0.6885287310379582,0.8106030910408386,20.98193907737732,0.15023062688608965,0.11680573783814907,0.09287808438142141,0.09365990720689296,0.15023062688608965,0.43336550096670784,0.2172034118996292,0.15064213998982165,0.07994143078561688,0.07857462885926982,0.2172034118996292,0.1785286889701593,0.6870895624160767,0.6020198464393616,0.4854677617549896,0.714235246181488,0.7549984455108643,0.30259889364242554,0.9319400191307068,1.875709056854248,0.3324741721153259,0.3445783853530884,1.9672505855560303,0.2563842833042145
39,0.0001,0.5693569506208102,0.776389485663039,0.5909321884639928,0.7407863167235269,0.8490182054828439,20.59235191345215,0.14667555317282677,0.11454226722319921,0.08950846480826537,0.09563377412656943,0.14667555317282677,0.44845243568221727,0.1940198179151191,0.11699230065111255,0.0741752526554905,0.08656106767107229,0.1940198179151191,0.268195955968294,0.6896640658378601,0.60001140832901,0.4945581555366516,0.7217207551002502,0.7603224515914917,0.3074813187122345,0.9411166906356812,1.8929916620254517,0.33868634700775146,0.33662649989128113,1.9983959197998047,0.26335036754608154
40,0.0001,0.5517201925317446,0.7878231861426944,0.5676426428263305,0.7677763611720041,0.866449117751071,20.739949703216553,0.14302773401141167,0.10939723414679368,0.08957747258245945,0.09546170582373938,0.14302773401141167,0.45974892924229305,0.18302885113192385,0.1273971957261445,0.08158624257709159,0.10178841528345327,0.18302885113192385,0.3833512644298741,0.6884090900421143,0.5978718400001526,0.5042242407798767,0.7362353801727295,0.7734869122505188,0.3131771385669708,0.9579554200172424,1.948185920715332,0.3432392477989197,0.3350144624710083,2.0037615299224854,0.2678317427635193
41,0.0001,0.5464005688826243,0.7778708199541995,0.5691356160601632,0.7476725775850842,0.8534818418096458,20.881694316864014,0.14375741506616274,0.11134124559660753,0.0870399405558904,0.0977054987102747,0.14375741506616274,0.45740406786402066,0.19053199789563163,0.12261413306486411,0.07386508950444519,0.08965235447785894,0.19053199789563163,0.26952705129248195,0.6903512477874756,0.5937051177024841,0.5132295489311218,0.758543848991394,0.7872021198272705,0.31834083795547485,0.9796286225318909,1.9790693521499634,0.3465539813041687,0.3387736678123474,2.0535240173339844,0.2724471986293793
42,0.0001,0.5307825128237407,0.7849904075221397,0.6481796024275608,0.6560030061295117,0.7874042053346879,21.222527265548706,0.14290825314819813,0.11017839685082435,0.08755285553634166,0.0970412015914917,0.14290825314819813,0.45276530683040617,0.19322231900496561,0.17190549119574125,0.07590393172424348,0.08970481157302856,0.19322231900496561,0.28546185571639265,0.6866839528083801,0.5888491868972778,0.5216757655143738,0.7758175134658813,0.7909175157546997,0.32274365425109863,0.9975305199623108,1.97357177734375,0.34890294075012207,0.3461480736732483,2.054194688796997,0.2786885201931
43,0.0001,0.5197030444939931,0.7935788793531056,0.5642055062974085,0.7417740519143053,0.8486914813114561,21.270386457443237,0.14211355646451315,0.10865863710641861,0.08707556538283825,0.09740671701729298,0.14211355646451315,0.45252269729971883,0.19771816129567193,0.1277247344861265,0.0685098715981499,0.09699012571182407,0.19771816129567193,0.2956096363849327,0.6859326958656311,0.5807026028633118,0.5307284593582153,0.7875806093215942,0.8036414384841919,0.32788413763046265,1.0305776596069336,1.9960005283355713,0.3535902798175812,0.3376792371273041,2.084347724914551,0.2843872308731079
44,0.0001,0.5262518698970476,0.7732491519628373,0.5694129100588502,0.7355877355989339,0.8456373180078343,20.652061939239502,0.1421920514355103,0.11577381789684296,0.0869460266083479,0.09789684948821863,0.1421920514355103,0.460784695794185,0.18250882869861165,0.13463047733072375,0.0804567070769482,0.09140697060549846,0.18250882869861165,0.32191360778495914,0.6844581365585327,0.5820735692977905,0.5387744903564453,0.7873209714889526,0.815818190574646,0.3332664966583252,1.0597894191741943,2.0377118587493896,0.359512597322464,0.3334703743457794,2.1174707412719727,0.29245898127555847
45,0.0001,0.5030948077638944,0.7894639843116678,0.5339474081993103,0.7631414326887357,0.8647202700095704,20.830517530441284,0.1409374805788199,0.10867278625567754,0.08564308633406957,0.09663904209931691,0.1409374805788199,0.4607137637833754,0.1753538597802647,0.13697662241146213,0.09250379488116404,0.10109718962282431,0.1753538597802647,0.45491791162334505,0.681978702545166,0.581108033657074,0.5475780367851257,0.8160564303398132,0.8301682472229004,0.3370298743247986,1.061619520187378,2.030323028564453,0.3630015552043915,0.32979923486709595,2.1828293800354004,0.29797789454460144
46,0.0001,0.4980498984456062,0.7879868783560865,0.5150740576572106,0.7644408649094896,0.8653171100997745,20.789644718170166,0.14180807657539846,0.10636604502797127,0.08270690577725569,0.09764740504324436,0.14180807657539846,0.4615199625492096,0.17611240998643343,0.12720812539585302,0.07758020023342038,0.101546440945297,0.17611240998643343,0.39049874661398715,0.6838414669036865,0.583129346370697,0.5587604641914368,0.8500576615333557,0.852680504322052,0.3414817452430725,1.090725302696228,2.0847301483154297,0.3658534586429596,0.35282137989997864,2.213059902191162,0.3053048551082611
47,0.0001,0.49343011031548184,0.7824031526503173,0.5132191156754728,0.769622084588015,0.8683078309699066,20.79484486579895,0.1415119893848896,0.10908339992165565,0.08280560250083606,0.0979974776506424,0.1415119893848896,0.4626981650789579,0.1652062906593573,0.14129291083969053,0.09328291858317422,0.10143652472828256,0.1652062906593573,0.45361134263335684,0.6835609078407288,0.581179678440094,0.566692590713501,0.8455842137336731,0.8651057481765747,0.3450740575790405,1.1008890867233276,2.1192781925201416,0.3705243468284607,0.3441270589828491,2.2209670543670654,0.3081056475639343
48,0.0001,0.48316921244064964,0.7792282222469965,0.533720674573398,0.7506741685174994,0.8558085648394538,20.69252610206604,0.13944758127133053,0.10845364642639956,0.08425570664306482,0.1018807182709376,0.13944758127133053,0.48532142539819084,0.17887155907075913,0.13360947590382372,0.08021594046569261,0.09282749121794935,0.17887155907075913,0.3703033034918738,0.6846368312835693,0.5782322883605957,0.5757821202278137,0.8689912557601929,0.8649949431419373,0.3482375741004944,1.1189589500427246,2.1296439170837402,0.375676691532135,0.3262183666229248,2.2285399436950684,0.31060609221458435
49,0.0001,0.45509168058633803,0.8091281270301796,0.5226516230184524,0.7390760708322649,0.8461164676298324,20.847257137298584,0.1371314367900292,0.10001826398074627,0.08150682188570499,0.09946082072953383,0.1371314367900292,0.47830039585630096,0.19629866373343546,0.13543698802346088,0.07049288185404949,0.0926777759536368,0.19629866373343546,0.2920652505804281,0.6864227652549744,0.5760259032249451,0.5842990875244141,0.8942912817001343,0.8720607161521912,0.3524792790412903,1.13637375831604,2.14312481880188,0.37759721279144287,0.32045483589172363,2.2377400398254395,0.3149365186691284
50,0.0001,0.44648070484399793,0.8102842677031998,0.5821473500767692,0.6998132678272855,0.8219972669482529,20.806502103805542,0.13497491230567296,0.10009102908273539,0.08025412820279598,0.10112059352298577,0.13497491230567296,0.4887924507260323,0.18655879917691964,0.19197367546988314,0.11460207378278013,0.1016925545256646,0.18655879917691964,0.4671136629386026,0.6856908202171326,0.5759112238883972,0.5912781953811646,0.8995727896690369,0.8816003203392029,0.35503432154655457,1.1458264589309692,2.158400535583496,0.3805745542049408,0.31835898756980896,2.247285842895508,0.31982913613319397
51,0.0001,0.43678612212340034,0.8112516726712138,0.49581146240234375,0.7587932960815947,0.8584668813407693,20.804338455200195,0.13397778732081253,0.09913774064431588,0.08046511424084504,0.1007645374784867,0.13397778732081253,0.4861210751036803,0.17189730972540182,0.12671296054222544,0.06639174164318648,0.09883325033989108,0.17189730972540182,0.3456457130244521,0.6878083944320679,0.5753670930862427,0.5996977090835571,0.923751950263977,0.8889086842536926,0.3591585159301758,1.1659984588623047,2.1837501525878906,0.3855535387992859,0.31580713391304016,2.261219024658203,0.3252022862434387
52,0.0001,0.44150981605052947,0.7965309266088838,0.5238312727115193,0.7125289920592267,0.8300896539349477,20.839792251586914,0.13662739470601082,0.1036264809469382,0.07940234070022902,0.10105916932225227,0.13662739470601082,0.4848763940234979,0.17750014926566451,0.15160321016780665,0.08772366579438819,0.09889107197523117,0.17750014926566451,0.42063600118042993,0.6900637745857239,0.5810468196868896,0.6102414727210999,0.9450343251228333,0.9083253145217896,0.36249712109565735,1.1783097982406616,2.2148208618164062,0.38902050256729126,0.31026512384414673,2.309044122695923,0.3294772207736969
53,0.0001,0.4251568367083867,0.8067644301042923,0.4460860300259512,0.7969235345506107,0.8856859226808884,20.672869443893433,0.13657272880276045,0.10068898051977157,0.08055941226581732,0.10074697223802408,0.13657272880276045,0.4916215941309929,0.1693516070725488,0.10980770394938891,0.0699069303323011,0.10282087191695073,0.1693516070725488,0.4122649978418819,0.6931775212287903,0.5804376602172852,0.6197448372840881,0.9582310914993286,0.9233494400978088,0.3665063679218292,1.185519814491272,2.2202486991882324,0.3933839797973633,0.3173758089542389,2.3153676986694336,0.3358682692050934
54,0.0001,0.4138649687170982,0.8149925022589014,0.48749016249766114,0.7328775329571975,0.843997865701172,20.646620750427246,0.13438103273510932,0.0995276960854729,0.07915860811869303,0.10318276869753996,0.13438103273510932,0.4882542525728544,0.22716548941174491,0.12250326500564325,0.0551077095700092,0.09600969929187024,0.22716548941174491,0.24189443861851928,0.692371129989624,0.5824371576309204,0.6287742853164673,0.9646791815757751,0.9357588887214661,0.36952921748161316,1.1955312490463257,2.236750364303589,0.3963607847690582,0.31509774923324585,2.323713779449463,0.3434293866157532
55,0.0001,0.41064799527327217,0.8074520014808062,0.5107749016558538,0.7152716653001392,0.8315548973115165,20.844818592071533,0.13667227625846862,0.10055948626250029,0.07901853155344725,0.10125029037396113,0.13667227625846862,0.47695471718907356,0.17227117033278355,0.1395951187024351,0.07637859880924225,0.09734435245150426,0.17227117033278355,0.37230503852250146,0.68935626745224,0.5802585482597351,0.6366125345230103,0.9761937856674194,0.952093780040741,0.37086430191993713,1.1967359781265259,2.2447350025177,0.39951515197753906,0.31663843989372253,2.3226945400238037,0.34629541635513306
56,0.0001,0.41215531577666603,0.8007472468865757,0.6021534243568045,0.6526636651562152,0.7875273021953457,21.032265663146973,0.1362638307114442,0.10354108593116204,0.07713750513891379,0.10101995145281156,0.1362638307114442,0.48188621550798416,0.19346245195044845,0.25241694684888494,0.13288557285168132,0.10519728540885644,0.19346245195044845,0.4997362426069916,0.688909649848938,0.5831215977668762,0.6456270813941956,1.0060522556304932,0.967461347579956,0.3763861358165741,1.2030366659164429,2.2643582820892334,0.40087294578552246,0.30687466263771057,2.3364810943603516,0.35429129004478455
57,0.0001,0.40174107203880943,0.8016650339586603,0.4706921494397961,0.7754803314445333,0.8725273271809908,20.56570291519165,0.13556963639954725,0.10271629908432563,0.07893126433094343,0.10059057200948397,0.13556963639954725,0.4900936300555865,0.19632025405031736,0.13550203330204136,0.11885679842995815,0.09587700200862571,0.19632025405031736,0.4556185534743012,0.6891757845878601,0.5840281844139099,0.6533665060997009,1.0178146362304688,0.9899842143058777,0.3790692985057831,1.226746678352356,2.2945237159729004,0.40392014384269714,0.30931317806243896,2.362363338470459,0.3604160249233246
58,0.0001,0.38916087746620176,0.8133395784552427,0.41584118663287556,0.7914317572303531,0.8822985359476453,20.800508499145508,0.13564779212077457,0.09757299690196912,0.07752924623588721,0.10308846558133761,0.13564779212077457,0.4953771971166134,0.17049409839950624,0.11296358081649562,0.06647484590772723,0.10268390862668147,0.17049409839950624,0.3491789239351867,0.6879897713661194,0.5885576009750366,0.6635105609893799,1.0419217348098755,1.0147228240966797,0.3847341239452362,1.2330777645111084,2.2939252853393555,0.4067986011505127,0.3213306665420532,2.3621342182159424,0.36858969926834106
59,0.0001,0.3676366219917933,0.8333314827600806,0.48069248091979105,0.7279465510257195,0.8375479445063098,20.76521110534668,0.13092880869905155,0.09048209817459187,0.07533103786408901,0.10323072001338005,0.13092880869905155,0.4932842055956523,0.20686980788824988,0.14126841406353186,0.07150133064047234,0.09007534995430806,0.20686980788824988,0.26610211368466985,0.6867852210998535,0.5859571695327759,0.6729165315628052,1.0439589023590088,1.0233163833618164,0.3903079926967621,1.224713921546936,2.297287940979004,0.408383846282959,0.32672563195228577,2.3787646293640137,0.3712412714958191
60,0.0001,0.36900764107704165,0.8232013015056429,0.42575163430854923,0.7833963706966978,0.8769900833154575,20.753262996673584,0.12842978412906328,0.09784414619207382,0.07577371882895628,0.10278329538802305,0.12842978412906328,0.5185933962464333,0.1626116704256808,0.12497350549111601,0.07844478233915861,0.10173768049380819,0.1626116704256808,0.42867651044345295,0.6858583688735962,0.5911246538162231,0.6818126440048218,1.0480175018310547,1.0440152883529663,0.3937264084815979,1.2501274347305298,2.3092200756073,0.41129446029663086,0.31975340843200684,2.391951560974121,0.37281373143196106
61,0.0001,0.3586892753839493,0.8277724633447353,0.4740474976477076,0.7365132035781778,0.8459191486416873,20.991008520126343,0.1295273990680774,0.09471112874646982,0.07493725083768368,0.10221084443231424,0.1295273990680774,0.5041168890893459,0.17714709751918667,0.14903925969952442,0.07648524336638998,0.10034366745929249,0.17714709751918667,0.4410940105797815,0.6848800778388977,0.5949267148971558,0.69029700756073,1.0583833456039429,1.0630817413330078,0.39602747559547424,1.2729830741882324,2.3292548656463623,0.4129299223423004,0.3080109655857086,2.4134769439697266,0.37500911951065063
62,0.0001,0.3521107519666354,0.8218562574932285,0.5768573987679403,0.6506565305084621,0.7850668890715877,20.729293823242188,0.12694420566161474,0.09517300054430962,0.07500736117362976,0.10341800128420194,0.12694420566161474,0.5128801348308722,0.18621014376155665,0.20786683530103964,0.09239095302878833,0.0885169368054046,0.18621014376155665,0.3659663649856067,0.68155837059021,0.6018310785293579,0.6991443634033203,1.0679429769515991,1.0690022706985474,0.3978724181652069,1.2899507284164429,2.3581104278564453,0.41515737771987915,0.31199756264686584,2.413975477218628,0.37869566679000854
63,0.0001,0.34846814622481664,0.8210371715648843,0.483992443710077,0.7133712934787263,0.8295256197586977,20.994049787521362,0.12632770352065564,0.09692438809822003,0.07508693256725868,0.10237863001724085,0.12632770352065564,0.5299138297637304,0.17248948138268266,0.1731706657370583,0.09307109479044305,0.10425164355117766,0.17248948138268266,0.4811730531395459,0.6808581352233887,0.604154646396637,0.7082332968711853,1.0650378465652466,1.0856209993362427,0.40277746319770813,1.306915283203125,2.371802568435669,0.4189125597476959,0.3078984022140503,2.449718713760376,0.3841874301433563
64,0.0001,0.33286857828497884,0.8337081699668484,0.48576274953904697,0.726850529695307,0.8393980151861475,20.687751054763794,0.12765300286312897,0.09117212432126204,0.0747109204530716,0.1040618655582269,0.12765300286312897,0.5114448296527068,0.17571358407130006,0.165075100347644,0.09444292451514573,0.1120900994197267,0.17571358407130006,0.4703182118837951,0.6813139319419861,0.6089773774147034,0.7177703380584717,1.0686848163604736,1.107334017753601,0.4076436758041382,1.3015388250350952,2.386955738067627,0.422367125749588,0.31170618534088135,2.4597151279449463,0.38783469796180725
65,0.0001,0.34490131462613743,0.8220721813528304,0.4253742030409516,0.7591640666630592,0.8601337188351075,20.70105504989624,0.13338610207041104,0.09542147070169449,0.07327680985132853,0.10573357132573923,0.13338610207041104,0.48948691884676615,0.16698137560828788,0.13287971669533213,0.07813061541709744,0.10330235115328773,0.16698137560828788,0.40378010956967464,0.6843492984771729,0.6187337040901184,0.7278449535369873,1.097322940826416,1.137273907661438,0.4111934006214142,1.3256393671035767,2.4148828983306885,0.42709895968437195,0.33074527978897095,2.4928746223449707,0.39565974473953247
66,0.0001,0.3414427670339743,0.8203544484782216,0.44570159276977916,0.7465413496025274,0.8505532075828183,20.883490085601807,0.12835023862620196,0.10036647828916709,0.07501466708878676,0.10529831958313783,0.12835023862620196,0.49724806944529215,0.1693560117092289,0.15827703585878747,0.10510796430658122,0.10401401045869609,0.1693560117092289,0.511407980176269,0.6843116879463196,0.6285271644592285,0.7357319593429565,1.11006760597229,1.15837562084198,0.414360374212265,1.343352198600769,2.4333019256591797,0.43044909834861755,0.3124052584171295,2.4971745014190674,0.3980972170829773
67,0.0001,0.32296084662278496,0.8268053558042221,0.4547086573037945,0.7422642101171556,0.8501398545966574,20.705646514892578,0.1262804555396239,0.09465032710383335,0.07278937380760908,0.10468499610821407,0.1262804555396239,0.5069019508858522,0.17850495190894017,0.15369041752619822,0.11349666680468888,0.10295166502721974,0.17850495190894017,0.5193038338520488,0.6842826008796692,0.6326524019241333,0.7443221211433411,1.111392855644226,1.1805888414382935,0.417144775390625,1.3368943929672241,2.4700474739074707,0.429817795753479,0.3026394248008728,2.510685682296753,0.4009172022342682
68,0.0001,0.3274848404030005,0.8256898505098722,0.4321297700287866,0.7527180811419046,0.8552097593641877,20.60893487930298,0.127719384804368,0.09622342319538196,0.07315825050075848,0.10520593710243702,0.127719384804368,0.5100219200054804,0.18114960779909228,0.12878685395737163,0.05634012354201958,0.10791916412408234,0.18114960779909228,0.375900571463538,0.6860019564628601,0.6382156014442444,0.7526708245277405,1.1182341575622559,1.1926476955413818,0.42077481746673584,1.3579635620117188,2.4853498935699463,0.4342198073863983,0.31050363183021545,2.5208933353424072,0.40648314356803894
69,0.0001,0.3134616754949093,0.8349149786816059,0.3692994249648735,0.7966362079245642,0.8856541573111645,20.786697387695312,0.1251762514313062,0.09121143023173015,0.07353349893043439,0.10182322189211845,0.1251762514313062,0.5154011398553848,0.15245187380274788,0.1268060803413391,0.08392185925460252,0.10205464541423516,0.15245187380274788,0.5078660230167577,0.6870434284210205,0.6428334712982178,0.760764479637146,1.103286862373352,1.2125813961029053,0.4244958162307739,1.3548768758773804,2.4920854568481445,0.43620285391807556,0.3214777410030365,2.524111032485962,0.4093592166900635
70,0.0001,0.31453617960214614,0.8308228209531021,0.3917989628236802,0.7942582359583413,0.88370758696222,20.876758813858032,0.12490751321117083,0.09486439271519581,0.07167018043498198,0.10386738230784734,0.12490751321117083,0.5287979920705159,0.16363388886217212,0.13050682525165747,0.09682135662583054,0.1076051820008481,0.16363388886217212,0.5286448119116611,0.6860893368721008,0.6500109434127808,0.7689411044120789,1.1243672370910645,1.237697958946228,0.42665794491767883,1.3626285791397095,2.5005202293395996,0.44127923250198364,0.31908223032951355,2.538918972015381,0.41313156485557556
71,0.0001,0.30560107876857123,0.8344138697155521,0.34183108366903714,0.8146228503246279,0.8967296819747449,20.937842845916748,0.12517879841228327,0.09453646416465442,0.07614600838472446,0.10588972096641859,0.12517879841228327,0.5372226727505525,0.1478049129736228,0.11585526950046664,0.07397309092224622,0.10690224195112948,0.1478049129736228,0.5014338327235863,0.687283456325531,0.6539367437362671,0.776215672492981,1.1461211442947388,1.2563683986663818,0.4312637150287628,1.3775255680084229,2.500171661376953,0.4444139301776886,0.3328038454055786,2.5643961429595947,0.4167487323284149
72,0.0001,0.2979087265829245,0.8400742029381164,0.40279692851129123,0.7854893968022474,0.8789774906539936,20.776273488998413,0.12378271420796712,0.09155704826116562,0.0716156084711353,0.10491558437546095,0.12378271420796712,0.5312340791026752,0.15614030839966947,0.1393419367368104,0.09307280793541768,0.10589245596870048,0.15614030839966947,0.5564716712373202,0.6876403093338013,0.6563141942024231,0.7848371863365173,1.1536365747451782,1.2670148611068726,0.4358982443809509,1.3949668407440186,2.518889904022217,0.4459860324859619,0.3357090651988983,2.595456838607788,0.42208293080329895
73,0.0001,0.2932059663037459,0.8421691295183752,0.44538722150638455,0.7446138071960249,0.8501281107471086,20.70511746406555,0.12268240538736185,0.08908802016327778,0.06986416994283597,0.10634841347734134,0.12268240538736185,0.5337873061498006,0.1648440580876147,0.14615734043668527,0.07124564491334509,0.10160812588988757,0.1648440580876147,0.44934853667118513,0.684500515460968,0.6607521772384644,0.7917579412460327,1.1588776111602783,1.2707535028457642,0.4381106495857239,1.4155558347702026,2.5394115447998047,0.4483201205730438,0.32813018560409546,2.5959155559539795,0.42439180612564087
74,0.0001,0.2792695345977942,0.8525471158485298,0.34543151787069976,0.8235330714545046,0.9027103724018466,20.64992642402649,0.12310729821523031,0.08685639587541422,0.07172773623218139,0.1053761658569177,0.12310729821523031,0.5399550189574559,0.14753780697212845,0.11660220608359477,0.08285201756192036,0.10459528081729765,0.14753780697212845,0.5501916164257488,0.6821749806404114,0.6622468829154968,0.7993260025978088,1.1689882278442383,1.2759337425231934,0.44250375032424927,1.424885869026184,2.560565710067749,0.45271384716033936,0.3222412168979645,2.589153289794922,0.4256495237350464
75,0.0001,0.2962175195415815,0.8221866390160525,0.40859850605980297,0.7570733505683077,0.8575511730251125,20.746214389801025,0.12292089027663072,0.0956734956552585,0.07062076243261496,0.10724593090514342,0.12292089027663072,0.5250415906310082,0.15107219727312932,0.15318427564667875,0.06910766661167145,0.10948184218074454,0.15107219727312932,0.5094711917345641,0.6805676221847534,0.6701964139938354,0.8065366744995117,1.1850839853286743,1.2909033298492432,0.44534391164779663,1.4137624502182007,2.571974754333496,0.45397305488586426,0.3338994085788727,2.568211317062378,0.4286559224128723
76,0.0001,0.2795941777527332,0.8421930598454317,0.3278819757406829,0.8139097490741445,0.8959799075007837,20.66523051261902,0.12185320605834325,0.09023206320901712,0.0677893557275335,0.1097020401308934,0.12185320605834325,0.5378043433030446,0.15356468690223382,0.10922363034037293,0.06420071435267807,0.10663784942666038,0.15356468690223382,0.46132758015491926,0.6797672510147095,0.6764295697212219,0.8129899501800537,1.193961501121521,1.3170177936553955,0.4490815997123718,1.4126555919647217,2.597682476043701,0.45562422275543213,0.33681803941726685,2.5627288818359375,0.4346042275428772
77,0.0001,0.28452314287424085,0.8352372225562558,0.3605494548062809,0.7953391206920168,0.8851710769290745,20.595149755477905,0.12398890654246013,0.09324768278747797,0.07201512598743041,0.10692611622313658,0.12398890654246013,0.5320822909474373,0.15769886872807487,0.13174703277525354,0.09786298077126018,0.10865368461999737,0.15769886872807487,0.5266889519378787,0.6796669363975525,0.6791215538978577,0.820207417011261,1.1983147859573364,1.3340263366699219,0.4521324634552002,1.4202475547790527,2.6027395725250244,0.45919036865234375,0.3410954475402832,2.5871691703796387,0.4430089294910431
78,0.0001,0.2702043535808722,0.8504110953676933,0.34915912102480406,0.798917935334955,0.8850364243068348,20.776912689208984,0.11986606108645598,0.08651002974559864,0.06948133079955975,0.10747861129542192,0.11986606108645598,0.5445250459015369,0.14825178169813313,0.12336499427185683,0.08271929756051204,0.10781432908089435,0.14825178169813313,0.5276884905627517,0.6797012686729431,0.683586835861206,0.8276867866516113,1.2100181579589844,1.3400797843933105,0.4545075595378876,1.425466775894165,2.6207709312438965,0.4625681936740875,0.3309547007083893,2.6058897972106934,0.44367507100105286
79,0.0001,0.26997146929303806,0.8433975777322404,0.39586419257961336,0.7420691358094038,0.8475769067561141,20.57372260093689,0.12209409736096859,0.08819029089063406,0.0696315063163638,0.10939459937314193,0.12209409736096859,0.5525526533524195,0.1691433872844352,0.15367194790332045,0.09696380598623244,0.11217904726012809,0.1691433872844352,0.5431279852742055,0.6805910468101501,0.6866796016693115,0.8350088596343994,1.2245433330535889,1.3536754846572876,0.4582922160625458,1.448891282081604,2.637394905090332,0.46716782450675964,0.32702216506004333,2.6162004470825195,0.44916126132011414
80,0.0001,0.26492751662929853,0.8481447194265015,0.6443536848318382,0.5783111139070763,0.7250755177930673,20.5622718334198,0.11957609442373117,0.08570785149931907,0.07095532702902953,0.10830863676965237,0.11957609442373117,0.562657373646895,0.19502424509798894,0.2406844711694561,0.06510112825475756,0.10471738826055996,0.19502424509798894,0.36354973667957746,0.6814804673194885,0.6932770013809204,0.8422134518623352,1.230825424194336,1.369259238243103,0.46116262674331665,1.4493438005447388,2.6296913623809814,0.46918174624443054,0.33233320713043213,2.610036611557007,0.4538417458534241
81,0.0001,0.2711388496061166,0.8424093013329487,0.345221999238749,0.7993408525033732,0.8854944488791817,20.667264938354492,0.11970483250916004,0.0904257103179892,0.06622090954333544,0.10975009240210057,0.11970483250916004,0.5378974596659343,0.1500893044667166,0.1276413499087584,0.08123570778330819,0.10798504863117563,0.1500893044667166,0.5344950947605196,0.6808183193206787,0.701686441898346,0.8500178456306458,1.2462048530578613,1.3854873180389404,0.464022696018219,1.460033893585205,2.650550127029419,0.4719066917896271,0.3235892653465271,2.657801389694214,0.45688530802726746
82,0.0001,0.26782236446936925,0.839881914786648,0.3607424458519357,0.7829340745368877,0.8755289299923826,20.581464290618896,0.12288073226809501,0.0889958729967475,0.0705298891911904,0.10808738035460314,0.12288073226809501,0.54095332523187,0.14723826236412174,0.14108857170480196,0.07976254796395536,0.10469314651411088,0.14723826236412174,0.5317788944869745,0.6825869083404541,0.707180380821228,0.8564288020133972,1.2676295042037964,1.3979169130325317,0.4673733711242676,1.452649474143982,2.65448260307312,0.4749566614627838,0.3232094645500183,2.6604719161987305,0.46163830161094666
83,0.0001,0.24565312589208285,0.8577439501842216,0.3139627434191157,0.8204589347921243,0.9005355871973211,20.60067844390869,0.11451399438083172,0.08258136666069428,0.06619183464596669,0.1084873424222072,0.11451399438083172,0.5603299523393314,0.14568047103334647,0.11643670914603062,0.07984666208751866,0.10789539115350755,0.14568047103334647,0.5390317527974238,0.6812820434570312,0.7125254273414612,0.8630274534225464,1.2590571641921997,1.4060719013214111,0.47117307782173157,1.4645274877548218,2.668450117111206,0.47781136631965637,0.3158624768257141,2.6622536182403564,0.46291232109069824
84,0.0001,0.24475547596812247,0.8563394394299596,0.3030752165884268,0.8341852120802801,0.9084684443926461,20.93311882019043,0.11680046990513801,0.08512535418073336,0.06673373393714428,0.11148353603978951,0.11680046990513801,0.5673373897870382,0.1474883016504225,0.10964898325380731,0.06164945710877903,0.11140929846490016,0.1474883016504225,0.4702636472514418,0.6802691221237183,0.7135227918624878,0.8710613250732422,1.2588002681732178,1.4113414287567139,0.47431573271751404,1.4707591533660889,2.6766114234924316,0.4802432060241699,0.3029237687587738,2.683185577392578,0.4660812318325043
85,0.0001,0.25993757918477056,0.8432350858322554,0.31617383634457824,0.8265644984416815,0.9045150758221919,20.84858989715576,0.11596215640505154,0.09045895133167506,0.06707840686043104,0.1093367412686348,0.11596215640505154,0.5641043687860171,0.15600195893498717,0.11128646746033528,0.06232157838149149,0.10867443167772449,0.15600195893498717,0.460462215493937,0.6833770871162415,0.7211191058158875,0.8781853318214417,1.26149320602417,1.4375778436660767,0.477652370929718,1.4874341487884521,2.6906957626342773,0.48451584577560425,0.3028508722782135,2.709465503692627,0.4709995687007904
86,0.0001,0.2546818052728971,0.8440570727253097,0.3523510203498309,0.8120945002523581,0.8954554542472605,20.763900995254517,0.11718502889076869,0.09198780885587136,0.06623514958967765,0.11200192831456661,0.11718502889076869,0.5572496250271797,0.15004611259601155,0.12379213324824317,0.06487911793052173,0.11172115363058496,0.15004611259601155,0.4847835400065438,0.6864006519317627,0.7277238368988037,0.8848233222961426,1.2763103246688843,1.456807255744934,0.48003917932510376,1.4956599473953247,2.722545862197876,0.48960381746292114,0.2953932285308838,2.7188239097595215,0.4760145843029022
87,0.0001,0.2371876582503319,0.8632385271545232,0.4130875795591073,0.7555284274474169,0.8594325794205369,20.560617923736572,0.11457232038180033,0.08239935773114364,0.06751037475963434,0.11175411269068718,0.11457232038180033,0.5742570107181867,0.17244975048987593,0.1308909532476644,0.07600322683326534,0.09992904167194835,0.17244975048987593,0.46616032182193196,0.6889089941978455,0.7308838963508606,0.8899778127670288,1.2801263332366943,1.4710702896118164,0.48108944296836853,1.4948960542678833,2.742164373397827,0.4923224449157715,0.294578492641449,2.72173810005188,0.47994521260261536
88,0.0001,0.2377750612795353,0.8547589226300796,0.29719667649659953,0.8239417118689907,0.9026205606254123,20.636738300323486,0.1123249748100837,0.08360942086825768,0.06702251819272836,0.11256722745796045,0.1123249748100837,0.5761724452177683,0.13667441489266569,0.1145597229726979,0.07643355746738247,0.11204706645402752,0.13667441489266569,0.5651882427637694,0.6920340061187744,0.734235405921936,0.8973425030708313,1.284623384475708,1.488072395324707,0.48385360836982727,1.4947031736373901,2.753178834915161,0.4943419098854065,0.2871677279472351,2.7356410026550293,0.48136448860168457
89,0.0001,0.2591879814863205,0.8368115143722027,0.3547147441594327,0.789300991219465,0.8802521873050966,20.77294111251831,0.11878556236624718,0.09548223869254192,0.06570034585893154,0.1123250295718511,0.11878556236624718,0.5574862753351529,0.16601850825255035,0.14103427211769293,0.056720226148112875,0.11295854459043408,0.16601850825255035,0.4027731037530743,0.6921085119247437,0.7355837225914001,0.9019768238067627,1.2897869348526,1.501798391342163,0.48705604672431946,1.4871318340301514,2.7629880905151367,0.4957430064678192,0.2913009822368622,2.726483106613159,0.4869280457496643
90,0.0001,0.265134114275376,0.8350555835631673,0.3118857125766942,0.8078667544810605,0.8907602940293433,20.62022113800049,0.11861405149102211,0.09737588688731194,0.06785554078718027,0.11188627320031325,0.11861405149102211,0.5672067701816559,0.14755033713872315,0.11712001337379706,0.0675789366980068,0.11113194193019242,0.14755033713872315,0.49974385539039234,0.6977599263191223,0.7453725934028625,0.9074129462242126,1.3052716255187988,1.519863247871399,0.4903664290904999,1.5045619010925293,2.778062343597412,0.4990698993206024,0.29641059041023254,2.748277187347412,0.4922175407409668
91,0.0001,0.22676887934406598,0.870513565794244,0.3204045816034567,0.8133039361384117,0.8958607214411499,20.599599838256836,0.11413727340598902,0.08098430714259545,0.06713187949111064,0.1117918154845635,0.11413727340598902,0.583287795384725,0.15013106997872963,0.13184752657276685,0.06863049857440542,0.11443928787942792,0.15013106997872963,0.46718800263326676,0.6978716850280762,0.7439614534378052,0.9133220314979553,1.3076115846633911,1.5112320184707642,0.4937112629413605,1.5072228908538818,2.7814583778381348,0.5009470582008362,0.2980264723300934,2.7487287521362305,0.4927280843257904
92,0.0001,0.23047155986229578,0.8631974822785424,0.28690130568918637,0.8293961772667131,0.9058335949007092,20.729321002960205,0.11226995699107647,0.0856612910827001,0.06726331363121668,0.11217981353402137,0.11226995699107647,0.5894667054216067,0.12813085171042896,0.11983370487807227,0.07470433389554258,0.11035559411908759,0.12813085171042896,0.5988341657841791,0.6996589303016663,0.7468838691711426,0.9187606573104858,1.3054258823394775,1.5205944776535034,0.4962421953678131,1.5082194805145264,2.788248300552368,0.5026111006736755,0.29248562455177307,2.7384774684906006,0.4974230229854584
93,0.0001,0.21896825606624284,0.873132966171076,0.41365637544725764,0.7624955508299492,0.8629913990169441,20.55415177345276,0.11089441689352195,0.08083340103427569,0.06528027355670929,0.11146742465595404,0.11089441689352195,0.5863957732915879,0.18473172725224105,0.13685379751393054,0.049729768736440624,0.11243915533433195,0.18473172725224105,0.3940611970229227,0.7017723917961121,0.7495593428611755,0.9243653416633606,1.3035532236099243,1.5219593048095703,0.4990350604057312,1.513634204864502,2.793325662612915,0.5063847303390503,0.28909194469451904,2.743492603302002,0.5028672814369202
94,0.0001,0.22365751266479492,0.864509733904664,0.32679891635159974,0.8079130741158101,0.8920384742038939,20.50981903076172,0.10960654951632023,0.08685632745424907,0.06493384471784035,0.11079933693011602,0.10960654951632023,0.5939095492164294,0.16614180363592554,0.12294582338606724,0.050572377980732525,0.10898783094570284,0.16614180363592554,0.40182397209230014,0.7051709294319153,0.753702700138092,0.9289044141769409,1.3020033836364746,1.5351282358169556,0.5021082162857056,1.5114154815673828,2.797553777694702,0.5089876055717468,0.29103296995162964,2.7598259449005127,0.5030695796012878
95,0.0001,0.21700649360815685,0.8628325318137925,0.2957138792901743,0.82539091610869,0.9028705650321194,20.738418102264404,0.11124988744656245,0.08269752878695727,0.06488709126909574,0.10970305241644382,0.11124988744656245,0.583026751379172,0.14968747376907068,0.10994943390127088,0.07638928147613025,0.10839134674580371,0.14968747376907068,0.5258310564228745,0.7038988471031189,0.756170928478241,0.9339306354522705,1.3134362697601318,1.54258131980896,0.5050079822540283,1.5185132026672363,2.7933504581451416,0.5113534331321716,0.28607359528541565,2.7521934509277344,0.5047783255577087
96,0.0001,0.2207532299061616,0.8635461158043554,0.39505427684940275,0.7608410103100686,0.8622705840458827,20.57918667793274,0.11075938642024993,0.081465120986104,0.06505157053470612,0.11140064038336277,0.11075938642024993,0.5949043795466423,0.1680082610396088,0.14556526026276292,0.056299240129892944,0.1115796822504919,0.1680082610396088,0.4289588205149916,0.7083173990249634,0.7579274773597717,0.9385766983032227,1.3177454471588135,1.5616693496704102,0.5062262415885925,1.5192700624465942,2.808529853820801,0.5131595134735107,0.28386232256889343,2.7655670642852783,0.5065226554870605
97,0.0001,0.21721352338790895,0.8657189163788254,0.27855266068802503,0.8341888346202304,0.9081295214833215,20.533809423446655,0.11256202260653178,0.08266145382076502,0.0643189529577891,0.11438570419947307,0.11256202260653178,0.5813482075929641,0.13472571065191363,0.10744806782144015,0.07609969011095703,0.11265365877112404,0.13472571065191363,0.593104567684111,0.7102379202842712,0.7616017460823059,0.9442382454872131,1.3228425979614258,1.5763380527496338,0.5091254115104675,1.507930874824524,2.8214046955108643,0.5146990418434143,0.27039435505867004,2.7776403427124023,0.5102323293685913
98,0.0001,0.21012154445052147,0.873508847570609,0.31546319703586767,0.7895632180413859,0.8795319906149467,20.749353885650635,0.10846522425611814,0.07988918020079533,0.06506054612497489,0.11346448386708895,0.10846522425611814,0.5981490761041641,0.14397295417844272,0.13028900081016978,0.061003873582746164,0.10669796388657367,0.14397295417844272,0.5137188844993467,0.7132024765014648,0.7644350528717041,0.9502115249633789,1.3167102336883545,1.5788922309875488,0.5124974846839905,1.5258183479309082,2.82151460647583,0.5175041556358337,0.261333167552948,2.7735157012939453,0.5136508345603943
99,0.0001,0.2153544140358766,0.8652156693909328,0.280183345812266,0.8517911476490627,0.9193231185439409,20.59375524520874,0.11056369903186956,0.08304551920543114,0.06226693900922934,0.11721330471336841,0.11056369903186956,0.5939542959133784,0.13142995658468026,0.10988414959340799,0.07837129689630914,0.11762648772020809,0.13142995658468026,0.5892912647763237,0.716476559638977,0.7698410749435425,0.9556870460510254,1.3310620784759521,1.5847172737121582,0.5151944160461426,1.5181958675384521,2.8338170051574707,0.5201404094696045,0.2574332356452942,2.7681634426116943,0.5161001682281494
100,0.0001,0.20331873695055644,0.8775907430971407,0.3291154523364833,0.8022521803210354,0.8854996585491782,20.977744102478027,0.10882655295232932,0.07679618888845047,0.06308554572363695,0.11399535474677881,0.10882655295232932,0.5963838035861652,0.166148485707455,0.13438604014818786,0.05105736485270203,0.11723326708449693,0.166148485707455,0.4119456449493033,0.7174349427223206,0.7703359127044678,0.9601556062698364,1.3267862796783447,1.5872834920883179,0.5179862380027771,1.513857364654541,2.8505184650421143,0.5215722322463989,0.25573769211769104,2.773402690887451,0.5190467834472656
101,0.0001,0.2149518703420957,0.8645894721519228,0.32359704668404626,0.7905500105634952,0.880969476469266,21.003123998641968,0.10821107526620229,0.08748766444623471,0.06463886213799318,0.1142866921921571,0.10821107526620229,0.6027709325154622,0.1574012954704097,0.13550840000637243,0.07125450035587685,0.11113929565324158,0.1574012954704097,0.4827429495873998,0.7148782014846802,0.7739443182945251,0.9637668132781982,1.326050043106079,1.5907241106033325,0.5199398398399353,1.511322259902954,2.8517346382141113,0.524238109588623,0.25089916586875916,2.7442338466644287,0.5254098773002625
102,0.0001,0.2040797380109628,0.8720381447453533,0.29076644924820444,0.8226460163004572,0.9000998769753372,20.69106960296631,0.10817632774511973,0.08076564750323693,0.0638230612501502,0.11232356391847134,0.10817632774511973,0.614335214595,0.13748509351347313,0.12238268688565394,0.07853097395330179,0.11207556150487212,0.13748509351347313,0.584776409336778,0.7185368537902832,0.7824305891990662,0.9679071307182312,1.335573673248291,1.6016299724578857,0.5231302380561829,1.526237964630127,2.8493473529815674,0.5265198945999146,0.2482852339744568,2.7382938861846924,0.5293335318565369
103,0.0001,0.202960754185915,0.8718350415499219,0.3125702064545428,0.8098487633477004,0.8935562330598823,20.66879177093506,0.10753469231228034,0.07687508457650741,0.06284683980047703,0.11182569017012914,0.10753469231228034,0.6148170654972395,0.13239927956315337,0.12917317254621474,0.06279055664285285,0.11269893240733225,0.13239927956315337,0.5552063085993783,0.7190997004508972,0.7861307859420776,0.9717174768447876,1.3435325622558594,1.6045863628387451,0.5269889235496521,1.5184134244918823,2.854644775390625,0.5279452800750732,0.2408607453107834,2.7177557945251465,0.5296876430511475
104,0.0001,0.2031190523256858,0.871635428316376,0.2616450483681726,0.844893391721791,0.9151168841010787,21.024662017822266,0.10673008157561223,0.0805796617642045,0.06080699705829223,0.11343780333797136,0.10673008157561223,0.6034199828902881,0.13755099255530562,0.10943694021858152,0.08663848702047693,0.10920179281078402,0.13755099255530562,0.6122082100539911,0.7221673130989075,0.7911737561225891,0.9761886596679688,1.36689293384552,1.6122180223464966,0.5281251668930054,1.542144775390625,2.870655059814453,0.5314730405807495,0.24831891059875488,2.7404983043670654,0.5316999554634094
105,0.0001,0.19694853723049163,0.8743509600630907,0.255652947992575,0.8474590380980436,0.9169826571899372,20.6389000415802,0.10607993255058924,0.07919439865897099,0.06131781240304311,0.11660632652541002,0.10607993255058924,0.6076448028286298,0.12992808027345626,0.11086914468495572,0.09067466488627136,0.11319573602226914,0.12992808027345626,0.6479300475511395,0.7207092046737671,0.7935070395469666,0.9796311855316162,1.3641295433044434,1.6206945180892944,0.5311901569366455,1.5405515432357788,2.8728816509246826,0.5337454080581665,0.24083419144153595,2.7454874515533447,0.5326653122901917
106,0.0001,0.20959521755576133,0.865654349543489,0.24935675595627457,0.8620251093690402,0.9253329197793011,20.611780881881714,0.10710890231033167,0.08343961133311192,0.06433281743278106,0.11518361295262973,0.10710890231033167,0.6181157742937405,0.13050496456075888,0.09751492702081556,0.06990960411361007,0.11679291603018026,0.13050496456075888,0.6051893693501832,0.7241175770759583,0.794042706489563,0.9831258058547974,1.358073115348816,1.6222574710845947,0.53370201587677,1.5381675958633423,2.878169059753418,0.5369297862052917,0.24433398246765137,2.756458044052124,0.5340484976768494
107,0.0001,0.2052156885464986,0.8658615761990677,0.3147663522939213,0.80345789429486,0.8885050391756593,21.217358589172363,0.11243554924925168,0.08106550592929125,0.061873677124579744,0.11162661996980508,0.11243554924925168,0.5886724621057511,0.15233583333062345,0.11673997880005446,0.07324067918492146,0.10791562424331415,0.15233583333062345,0.5440865295832275,0.7251563668251038,0.8010199666023254,0.9869861602783203,1.352601408958435,1.6420392990112305,0.535385012626648,1.5317890644073486,2.892897129058838,0.5386467576026917,0.24966448545455933,2.7794060707092285,0.5343863368034363
108,0.0001,0.18773842255274456,0.8844473827894297,0.28212133440815035,0.8236746948905489,0.9022833188467959,20.880000829696655,0.10522939190268517,0.07456290448705355,0.06143747425327698,0.11527347055574258,0.10522939190268517,0.6128189032276471,0.1297245760921572,0.12455181716406932,0.07336753924361995,0.11925309627759652,0.1297245760921572,0.5984048501389926,0.7252092957496643,0.8037439584732056,0.9906096458435059,1.3490313291549683,1.6480638980865479,0.538031280040741,1.537419080734253,2.896167278289795,0.540840744972229,0.24704378843307495,2.770555019378662,0.5364274382591248
109,0.0001,0.2147323081890742,0.8559617573093935,0.32264410765444645,0.7918266127156841,0.8812625750892372,21.17234492301941,0.11128741068144639,0.0876995583375295,0.06289694427202146,0.11150816082954407,0.11128741068144639,0.6015380268295606,0.15870443181913407,0.13190750851005803,0.05536212943127898,0.10847402596082843,0.15870443181913407,0.4413763186970695,0.7237846851348877,0.8076015114784241,0.9940564632415771,1.3535478115081787,1.6621263027191162,0.5402011275291443,1.5416508913040161,2.907911539077759,0.5428167581558228,0.2451745718717575,2.7794947624206543,0.5393952131271362
110,0.0001,0.19594256480534872,0.8724488257571609,0.29188590753273885,0.8150991004598398,0.8940017135877804,20.89838171005249,0.10660179499536752,0.07700263044486443,0.061377763748168945,0.11442911413808664,0.10660179499536752,0.6069363266229629,0.14358972965693864,0.12207479603955003,0.0789435475331838,0.10681977232948678,0.14358972965693864,0.5693667579869754,0.7212122082710266,0.8087882399559021,0.9982359409332275,1.3585585355758667,1.6683709621429443,0.5444774031639099,1.5369739532470703,2.9250144958496094,0.5443352460861206,0.2455863207578659,2.7811975479125977,0.5410596132278442
111,0.0001,0.1875167243182659,0.8827230525594587,0.33566514048420015,0.7964917205265805,0.8846607929386877,20.938814640045166,0.10456298602124055,0.07511458452790976,0.06143800423791011,0.1136609756698211,0.10456298602124055,0.6199974765380224,0.14627406733934997,0.1459581470880352,0.07918579827566616,0.11441619962942405,0.14627406733934997,0.5073153796743174,0.7222515344619751,0.8101367354393005,1.001910924911499,1.3545223474502563,1.6709917783737183,0.545495867729187,1.5379774570465088,2.9243767261505127,0.5470192432403564,0.24652661383152008,2.7745187282562256,0.5445136427879333
112,0.0001,0.19070763885974884,0.876578643860851,0.27460748983211203,0.8284017448788451,0.9050008617204399,20.90112018585205,0.103050572052598,0.07908522027234237,0.06033706044157346,0.11448695361614228,0.103050572052598,0.6209234063824017,0.1323534365071625,0.12067459963384222,0.05882039031044382,0.11918436943507585,0.1323534365071625,0.5162170431653007,0.7261254191398621,0.8138375878334045,1.0058892965316772,1.3631160259246826,1.6764960289001465,0.5482854843139648,1.5414350032806396,2.916351556777954,0.5494246482849121,0.24627304077148438,2.7779762744903564,0.5480853319168091
113,0.0001,0.18287983151773612,0.8811411910979711,0.28241510664830444,0.833235506757391,0.9080739822357569,20.92096471786499,0.09863106546302637,0.07467198030402263,0.058909894339740275,0.11676873477796713,0.09863106546302637,0.6360573947429657,0.15130118097438186,0.12251675263291499,0.09677318031670618,0.10547472817487404,0.15130118097438186,0.5965311556565956,0.7268368601799011,0.8164841532707214,1.0076695680618286,1.3721141815185547,1.6841509342193604,0.5503625273704529,1.5520223379135132,2.9275460243225098,0.5520344972610474,0.23772278428077698,2.786804437637329,0.5488068461418152
114,0.0001,0.1845069069415331,0.8798619067037049,0.26212060036229307,0.8374803982359035,0.9099553398779989,21.073522567749023,0.10105083187421163,0.07701731777439515,0.05849530299504598,0.11242262634138266,0.10105083187421163,0.6367181758085887,0.12647083206254928,0.12588060464038223,0.060332282644803406,0.11819211283668143,0.12647083206254928,0.5676865567926501,0.7277461886405945,0.8162412047386169,1.0114985704421997,1.3720413446426392,1.6846563816070557,0.5526341199874878,1.540618658065796,2.9297704696655273,0.5534780025482178,0.2334650158882141,2.773512840270996,0.5496366024017334
115,0.0001,0.18945092385013898,0.8808046265236961,0.2972295421068786,0.8374067921007019,0.9102163940813957,21.03310537338257,0.10287897021820148,0.07667197755848368,0.05954512481888135,0.11796143638590971,0.10287897021820148,0.6272259722153346,0.1353624016046524,0.11677693270268988,0.06823588358085664,0.11647151251796817,0.1353624016046524,0.5819542906323417,0.7211965918540955,0.8161501884460449,1.0139570236206055,1.3615832328796387,1.692539095878601,0.5537809729576111,1.545351266860962,2.9370102882385254,0.5548312664031982,0.23734676837921143,2.7921578884124756,0.5533627271652222
116,0.0001,0.18662085384130478,0.8809706500397709,0.34762101241799653,0.7868724128266659,0.8792743133607439,20.875234365463257,0.10130447049935659,0.07680241713921229,0.05948256514966488,0.11756482534110546,0.10130447049935659,0.6296335905790329,0.154277539644085,0.14142611598382232,0.0537245368859807,0.11565249914028605,0.154277539644085,0.5065994956454293,0.7251623868942261,0.8215156197547913,1.0171087980270386,1.3602427244186401,1.6976412534713745,0.5570714473724365,1.551764726638794,2.939455986022949,0.5573644638061523,0.2486141473054886,2.809028148651123,0.5576702952384949
117,0.0001,0.1922180913388729,0.8711074061294031,0.3147273173586267,0.7853509283175909,0.8772792106400926,20.913853406906128,0.10293800551444292,0.07688150697698196,0.05999894421547651,0.11980413558582464,0.10293800551444292,0.6320277333259583,0.14921832597646556,0.1368659650448893,0.062025123199478525,0.12149984939176528,0.14921832597646556,0.4946439305289847,0.7259342670440674,0.8226447701454163,1.0191723108291626,1.3574832677841187,1.7112019062042236,0.5590426921844482,1.5522581338882446,2.9520316123962402,0.5599482655525208,0.25824758410453796,2.801793336868286,0.5613784790039062
118,0.0001,0.19510234743356705,0.8677473169519618,0.2433780451289943,0.8544483148566927,0.9202713924187811,20.879862070083618,0.10204774178564549,0.08321333366135757,0.05993768268575271,0.11432280242443085,0.10204774178564549,0.6362608527143796,0.12284274301568016,0.10339652600347018,0.058760280980438485,0.11665826803836667,0.12284274301568016,0.6170736394944738,0.7229306697845459,0.8267242312431335,1.022903561592102,1.3580232858657837,1.713975191116333,0.5610711574554443,1.5678298473358154,2.9541285037994385,0.5636892914772034,0.26074841618537903,2.8124539852142334,0.5637490749359131
119,0.0001,0.1844049733132124,0.8803275289522061,0.2719170842014375,0.832488390595334,0.9069640084945129,20.762185096740723,0.09957213296244542,0.07841540649533271,0.059633933504422504,0.11740459389984607,0.09957213296244542,0.6431035031874974,0.12689563754152078,0.11252383399205129,0.058665287054953025,0.11575168468913094,0.12689563754152078,0.5854995758807073,0.7234821319580078,0.8294310569763184,1.0258747339248657,1.3683160543441772,1.7125269174575806,0.5632230043411255,1.5752016305923462,2.964665174484253,0.5659953951835632,0.2545740008354187,2.828972339630127,0.5648795366287231
120,0.0001,0.16903460584580898,0.8942746024779601,0.25878571682289,0.8552777165056894,0.9209803325535957,20.552677631378174,0.09771217393378416,0.07154081960519156,0.05751523350675901,0.11624129575987657,0.09771217393378416,0.6471770311395327,0.12684678298528076,0.11013338458342631,0.06162206388887812,0.12295932017388891,0.12684678298528076,0.5768831792424937,0.7221550941467285,0.8305725455284119,1.029114007949829,1.3660485744476318,1.709955096244812,0.5674644112586975,1.5788544416427612,2.9590296745300293,0.5672426223754883,0.25068333745002747,2.816720485687256,0.5667431354522705
121,0.0001,0.16366439660390217,0.8988549739302711,0.25565885520372233,0.8622347133704922,0.925498192503486,20.741398811340332,0.09790578366567691,0.06892869311074416,0.05884032876541217,0.11815257233877977,0.09790578366567691,0.6456355415284634,0.12421238972026794,0.1046426919151525,0.05414117091014737,0.11721271190975534,0.12421238972026794,0.6041864137180516,0.7226319909095764,0.8286455869674683,1.0326248407363892,1.3728008270263672,1.7136847972869873,0.5692777633666992,1.5822621583938599,2.9630167484283447,0.5685985088348389,0.24258793890476227,2.8120691776275635,0.5664489269256592
122,0.0001,0.1632695022970438,0.8965561856474699,0.24931831438033308,0.8561184523085145,0.9216056230185595,20.79678964614868,0.09779385700821877,0.0702948992451032,0.05760730144878228,0.11577341953913371,0.09779385700821877,0.6538479348023732,0.12475938960665563,0.10344561531406934,0.06260318553350011,0.11638523735960976,0.12475938960665563,0.6079970422338267,0.7184366583824158,0.829331636428833,1.0359450578689575,1.353019118309021,1.7167819738388062,0.5703872442245483,1.5692232847213745,2.9619157314300537,0.5689533948898315,0.23404711484909058,2.8008368015289307,0.5665588974952698
123,0.0001,0.16403904867668948,0.8970508284119851,0.26698660557387305,0.8462931322414806,0.9157630642386813,20.63655161857605,0.09748076690981786,0.07075272860626379,0.05875805045167605,0.11416469365358353,0.09748076690981786,0.6558404952287674,0.13821526006108426,0.10900404389764441,0.07465141926143991,0.11157061929096941,0.13821526006108426,0.6120529546112311,0.7190017104148865,0.8307392597198486,1.0386370420455933,1.3577412366867065,1.7202025651931763,0.5722376108169556,1.5645434856414795,2.9652090072631836,0.5706380605697632,0.22913123667240143,2.8024699687957764,0.5673923492431641
124,0.0001,0.16222318150103093,0.8981985563262511,0.25943752341583126,0.8566717975277015,0.9219702009194605,21.152624130249023,0.09607105255126953,0.06909421589225531,0.05612568433086077,0.11607645526528358,0.09607105255126953,0.6526952962080638,0.12757623049079395,0.11456751115009432,0.05344976545845876,0.11680687231118561,0.12757623049079395,0.5701687482536816,0.7215145230293274,0.8285496830940247,1.0412178039550781,1.3529361486434937,1.7153692245483398,0.5762888193130493,1.5637086629867554,2.9709725379943848,0.5714417099952698,0.2221643626689911,2.7994771003723145,0.5667315125465393
125,0.0001,0.17057432023187477,0.8906575065654161,0.24888095894797904,0.8605877740471842,0.9243106917531088,20.804535627365112,0.09558037457366785,0.07076431761185328,0.05688212439417839,0.11468180331091087,0.09558037457366785,0.6503187999129295,0.12593016382612165,0.11264551027876432,0.06800691783428192,0.10623954431932481,0.12593016382612165,0.6128429213508231,0.7252294421195984,0.8331095576286316,1.0458041429519653,1.3552138805389404,1.7200043201446533,0.5782721638679504,1.5827133655548096,2.981346845626831,0.5733482837677002,0.2192876785993576,2.7967519760131836,0.569253146648407
126,0.0001,0.17737642688055832,0.8851474847680337,0.33456143663554894,0.785299996699489,0.877286882701388,20.598052501678467,0.09851737543940545,0.0767961498349905,0.05741678439080715,0.11463051040967305,0.09851737543940545,0.6443805530667305,0.15350927278155185,0.15933382010362188,0.08130847516118503,0.10743762308456858,0.15350927278155185,0.5238147270484049,0.7267075777053833,0.8345562219619751,1.0486881732940674,1.3542633056640625,1.7317428588867188,0.5819315314292908,1.5826162099838257,2.9890897274017334,0.5750935077667236,0.21129006147384644,2.8081696033477783,0.5720390677452087
127,0.0001,0.18002137169241905,0.8761215060042032,0.3099388167506359,0.7934454414451773,0.8820329589605026,20.810187101364136,0.10352947724362214,0.0778799361238877,0.05889214469740788,0.11195564704636733,0.10352947724362214,0.6247049296895663,0.13069628740920394,0.13287755969117898,0.06267043777176591,0.11268560466219167,0.13069628740920394,0.5694799159393936,0.7292128801345825,0.843166172504425,1.050512433052063,1.3608940839767456,1.7433334589004517,0.5847557187080383,1.587079644203186,3.0076968669891357,0.578606903553009,0.20635388791561127,2.84985089302063,0.574358344078064
128,0.0001,0.1731291043261687,0.885667039959815,0.2431386882653002,0.8585462792152637,0.9231387599125768,20.865647077560425,0.0996449204782645,0.0748534427334865,0.05931301272163789,0.11142439680794874,0.0996449204782645,0.6412685145934423,0.11637725790993111,0.10685913924311029,0.0611200040725411,0.11215709797183021,0.11637725790993111,0.628056420654547,0.7340188026428223,0.8439955115318298,1.053304672241211,1.3561564683914185,1.7519012689590454,0.5858061909675598,1.5902239084243774,3.005958318710327,0.5802567005157471,0.19966544210910797,2.8554883003234863,0.5785096287727356
129,0.0001,0.1706711654861768,0.8875564443276424,0.3129793640042915,0.7972631589206022,0.8841354278134311,20.917774438858032,0.09761516464253267,0.07372183271994194,0.05848041959106922,0.11467163314421971,0.09761516464253267,0.651696698864301,0.15406955057968857,0.1367417514079907,0.07370276907916928,0.1013207067964507,0.15406955057968857,0.5310858781220483,0.7334594130516052,0.8421632051467896,1.0558022260665894,1.35309636592865,1.760279655456543,0.5878754258155823,1.5868420600891113,3.0170838832855225,0.5807924270629883,0.19307954609394073,2.8382647037506104,0.578461229801178
130,0.0001,0.1651877572139104,0.8907527384547538,0.2947209692392193,0.8071485084280945,0.8916941127475599,20.691226720809937,0.09755106456577778,0.07140542355676492,0.05813842192292214,0.11133448133865992,0.09755106456577778,0.6552238116661707,0.13539453656947026,0.12772722456787453,0.05635015226778437,0.11621868976804077,0.13539453656947026,0.5639516203129877,0.7353032231330872,0.8419046998023987,1.0591099262237549,1.3540339469909668,1.7609009742736816,0.5901205539703369,1.572835922241211,3.019341230392456,0.5819156169891357,0.18754278123378754,2.844766616821289,0.5796279311180115
131,0.0001,0.16633819229900837,0.8906990984734747,0.33230497138422044,0.8072488523372702,0.8918741292359323,20.859747171401978,0.09764560734232267,0.07252226667478681,0.05803056980172793,0.11274224941929181,0.09764560734232267,0.6412154937783877,0.17177495702368314,0.1343443894484004,0.041162692804317,0.10807704351475982,0.17177495702368314,0.4438023332689629,0.7378712296485901,0.8428471088409424,1.062095284461975,1.3610934019088745,1.7610650062561035,0.5915846824645996,1.5756728649139404,3.016312837600708,0.5840286612510681,0.18110337853431702,2.8267323970794678,0.5808443427085876
132,0.0001,0.16205788540343444,0.8944925929873945,0.24672216421268026,0.8478957561408256,0.9168333661288961,20.93304967880249,0.09552537302176158,0.07051412214835485,0.05428668732444445,0.1134065551062425,0.09552537302176158,0.6578439528743426,0.11692322888335244,0.10974539071321487,0.06410985195734462,0.11777451438981978,0.11692322888335244,0.6519042077611704,0.7377408742904663,0.8433668613433838,1.065021276473999,1.356675624847412,1.7656867504119873,0.5930981040000916,1.588624119758606,3.015029191970825,0.5871557593345642,0.1756734549999237,2.8247451782226562,0.5814730525016785
133,0.0001,0.1625014368444681,0.8900728674023,0.25465144241442444,0.8490046954781191,0.91763951121016,20.773888111114502,0.09437746064116558,0.07182278453061978,0.05658118848999341,0.1108719648172458,0.09437746064116558,0.6631216456492742,0.11913303664473236,0.11486219675814519,0.06776608306853497,0.1060713462409426,0.11913303664473236,0.6560064876665834,0.7439461350440979,0.8498073816299438,1.0672028064727783,1.3694194555282593,1.761284589767456,0.5945857763290405,1.5983279943466187,3.012791633605957,0.5885059237480164,0.17103426158428192,2.827049970626831,0.5842810869216919
134,0.0001,0.1560035633544127,0.898503618184573,0.26311512902134754,0.8446258728120638,0.9149108133220725,20.737537622451782,0.09413238540291786,0.06942873982091745,0.05547904310127099,0.11081297459701697,0.09413238540291786,0.652606267730395,0.11815521365306417,0.11621030126927329,0.07804010271048936,0.10732159165085339,0.11815521365306417,0.6720989561471783,0.7416713833808899,0.8496351838111877,1.0698530673980713,1.3673474788665771,1.76645028591156,0.5962558388710022,1.5951875448226929,3.0154213905334473,0.5910478234291077,0.16468577086925507,2.8311710357666016,0.5848453640937805
135,0.0001,0.15807115013400713,0.8949325471409381,0.24538341604295325,0.8577505141715532,0.922983900296811,20.89384388923645,0.09575940010448297,0.07129247927417358,0.05705809736003478,0.11341880969703197,0.09575940010448297,0.6591136147578557,0.11115404096294622,0.1094302283447297,0.05868172230290585,0.11861037768301416,0.11115404096294622,0.640149040300338,0.745567262172699,0.8520345091819763,1.0723705291748047,1.3680838346481323,1.7700090408325195,0.5978816747665405,1.5857949256896973,3.0203232765197754,0.5925686359405518,0.16235223412513733,2.820725917816162,0.5855226516723633
136,0.0001,0.1610022467871507,0.8982649441194226,0.33209444289324713,0.7984915748597943,0.8870409731213461,20.70933485031128,0.09311284273862838,0.07107005200038354,0.05501626196006934,0.11216339468955994,0.09311284273862838,0.6631094649434089,0.13712819091609266,0.14736646963436095,0.058429520271840646,0.10446996864725332,0.13712819091609266,0.5581201696005024,0.7484593987464905,0.853812575340271,1.0757211446762085,1.3762321472167969,1.7751134634017944,0.5996249914169312,1.5865463018417358,3.0222389698028564,0.5946248769760132,0.1638118326663971,2.820472240447998,0.5888775587081909
137,0.0001,0.1556425220022599,0.8998678768088969,0.26980756394198685,0.8369641603453002,0.9099002171453393,20.648099660873413,0.09207384989907344,0.06970417828609546,0.055259746002654236,0.11362188868224621,0.09207384989907344,0.6579213226834933,0.13848281871588503,0.11068168209224451,0.04260501094528886,0.10748008528693778,0.13848281871588503,0.5115294788704544,0.7467225790023804,0.8552676439285278,1.0786738395690918,1.378356695175171,1.7815600633621216,0.6012150049209595,1.5853781700134277,3.02622652053833,0.5951140522956848,0.15897446870803833,2.811877727508545,0.5898299813270569
138,0.0001,0.157651595150431,0.8958940009067787,0.36497587063273446,0.7411062464165954,0.8452442373197853,21.012105703353882,0.09236987885087729,0.06937765988210837,0.05543830301612616,0.11274820826947689,0.09236987885087729,0.6797048057119052,0.13713694962321735,0.1906673282873435,0.06225139635508178,0.11026330902928212,0.13713694962321735,0.5834428120831974,0.7438269853591919,0.857305645942688,1.0810655355453491,1.370974063873291,1.787775993347168,0.6026111841201782,1.5658942461013794,3.026973009109497,0.5971105694770813,0.15695863962173462,2.8093838691711426,0.5890650153160095
139,0.0001,0.15089887666205565,0.90317819501407,0.24564966070847433,0.861846502694462,0.925101487687902,20.74905037879944,0.09101442272464434,0.0672186080366373,0.05534233283251524,0.11342436174551646,0.09101442272464434,0.6762087658047676,0.1199713378656106,0.10934845223778585,0.057947769028241516,0.11685195186587631,0.1199713378656106,0.6294565112864385,0.7497048377990723,0.8611342906951904,1.0837711095809937,1.3808958530426025,1.7849820852279663,0.6041691899299622,1.5660922527313232,3.0343177318573,0.5997194647789001,0.15448644757270813,2.816317081451416,0.589594304561615
140,0.0001,0.15076233384509882,0.902487029724788,0.27097694062795796,0.8506820514315705,0.9186542972994489,20.56885290145874,0.08996380691727003,0.06710670640071233,0.054031099379062655,0.11237515347699324,0.08996380691727003,0.6705064405997594,0.11622565630518022,0.11647370262224166,0.057123376209227764,0.10656325323659865,0.11622565630518022,0.6170135922119265,0.7519043684005737,0.8603546023368835,1.086257815361023,1.3835750818252563,1.7911958694458008,0.6050414443016052,1.5728329420089722,3.034064292907715,0.6010839343070984,0.15278014540672302,2.8195507526397705,0.5913480520248413
141,0.0001,0.18335691628356773,0.8689330464691066,0.35116211019578525,0.7724880746559142,0.868245086686085,20.834044933319092,0.10340560662249725,0.08508578855544328,0.060550514111916226,0.10481270228823027,0.10340560662249725,0.6348802655935287,0.1393544392996147,0.16137721621599355,0.05615920903252774,0.10676943107706602,0.1393544392996147,0.5428496345144803,0.7593234181404114,0.8606792092323303,1.0885565280914307,1.3831944465637207,1.799649715423584,0.6057725548744202,1.579964280128479,3.04219913482666,0.6045072078704834,0.15469220280647278,2.7938122749328613,0.593508243560791
142,0.0001,0.16016952718297642,0.8897419401139798,0.30607868584453085,0.8191259344929718,0.8997292162423156,20.711467266082764,0.09545695794125399,0.07213320961842934,0.05526824487994115,0.10712668274839719,0.09545695794125399,0.6476780091722806,0.141510863528877,0.14067068549453235,0.05348894842823998,0.10538938250698027,0.141510863528877,0.5358008390567341,0.7601393461227417,0.8621323704719543,1.0907117128372192,1.372510313987732,1.8017051219940186,0.607467532157898,1.573057770729065,3.0464839935302734,0.6059554219245911,0.14726300537586212,2.798301935195923,0.5962295532226562
143,0.0001,0.15553770698606967,0.8954205623380627,0.2800795196509752,0.8230799231230623,0.8995530253816842,20.79966378211975,0.09341591068853934,0.06819258381923039,0.05368223072340091,0.1090074581404527,0.09341591068853934,0.6687591219941775,0.13234559458787323,0.13521388173103333,0.051354323132116284,0.11288380781646634,0.13234559458787323,0.5688250357987451,0.7631968855857849,0.8625377416610718,1.0933537483215332,1.367549180984497,1.8052314519882202,0.6091265082359314,1.5810911655426025,3.0479514598846436,0.6078506112098694,0.14332416653633118,2.809037923812866,0.5981569886207581
144,0.0001,0.14839362166821957,0.9019176894611499,0.2583729136185568,0.8412981531415883,0.9127472818405673,20.806987285614014,0.09220851082354783,0.06667460259050131,0.05351476781070232,0.11098713700970014,0.09220851082354783,0.6617735827962558,0.12455373978028532,0.1160279673631074,0.05200582186951012,0.11005642655931536,0.12455373978028532,0.5917360919420837,0.7605195045471191,0.8630822896957397,1.0957880020141602,1.35873544216156,1.821966290473938,0.6106342077255249,1.592061161994934,3.053286552429199,0.6094982028007507,0.14184023439884186,2.820279359817505,0.5996161103248596
145,0.0001,0.17572610502441724,0.8825714485489248,0.23482998375032768,0.8590840243910881,0.9238157424983163,20.7267746925354,0.09491940209021171,0.07798363318045934,0.05500178448855877,0.10948098500569661,0.09491940209021171,0.6668515453735987,0.11484977749527478,0.10751082296254205,0.05750973168455186,0.10839822692949264,0.11484977749527478,0.6464651979383875,0.7645061016082764,0.8631661534309387,1.0995193719863892,1.3491594791412354,1.8241510391235352,0.6131263375282288,1.5923409461975098,3.05348801612854,0.6112310886383057,0.15069855749607086,2.806278944015503,0.5992832183837891
146,0.0001,0.14883656973640125,0.9045438884010775,0.22006083853909228,0.8731638952389994,0.9319974926889153,20.624063730239868,0.08892553330709536,0.0666318142786622,0.0531426132346193,0.11363319791853428,0.08892553330709536,0.6849242866039276,0.11223931097593463,0.09862906546866307,0.056241659600226604,0.11333769657572762,0.11223931097593463,0.6479935382233292,0.7624394297599792,0.865260124206543,1.1015479564666748,1.3484556674957275,1.820908546447754,0.6149647831916809,1.601859450340271,3.0535967350006104,0.6128385066986084,0.14481952786445618,2.7975804805755615,0.6005282998085022
147,0.0001,0.14871230944991112,0.9073998676756337,0.25150640406569497,0.8273469204296188,0.9023652827020479,21.002949714660645,0.09026012749721607,0.06596730863675475,0.05337771326303482,0.11346357924242814,0.09026012749721607,0.6871068770686786,0.1154967934870329,0.12354523358774967,0.05038573415797265,0.11023007137853591,0.1154967934870329,0.6243113592022755,0.7624998688697815,0.866141140460968,1.1029783487319946,1.340796709060669,1.8263330459594727,0.6161757707595825,1.5992367267608643,3.060041666030884,0.6136627197265625,0.13977044820785522,2.801147937774658,0.6017180681228638
148,0.0001,0.15673362823824089,0.895428048734358,0.2312283603871455,0.8625961734583649,0.9256008728242321,20.742188930511475,0.09144556255390247,0.07028528929998477,0.05284695557008187,0.1138471256941557,0.09144556255390247,0.6710283522804578,0.12076701858981712,0.10396646476182782,0.06418941133334989,0.1130104937025758,0.12076701858981712,0.6495934705265233,0.7604906558990479,0.8696574568748474,1.1052192449569702,1.3414194583892822,1.8293421268463135,0.6179097294807434,1.5926897525787354,3.0656352043151855,0.6151976585388184,0.14908981323242188,2.80145001411438,0.6046556234359741
149,0.0001,0.14609649094442526,0.9019000205376848,0.2595873054910879,0.8440074260313289,0.914068514908751,20.8267560005188,0.08922786178688208,0.06728189643472433,0.053005914638439816,0.1144886943201224,0.08922786178688208,0.6899124647180239,0.1392893389355941,0.119051102243486,0.07611466015948624,0.11005953687136291,0.1392893389355941,0.5984415753943021,0.7619499564170837,0.8731239438056946,1.1079432964324951,1.3487801551818848,1.8291360139846802,0.6193184852600098,1.5887106657028198,3.0590860843658447,0.6170323491096497,0.1501232534646988,2.79823637008667,0.606242835521698
150,0.0001,0.14430281383295854,0.9057194359843439,0.24140397471482636,0.8465476815898835,0.9145847369410354,20.705623388290405,0.08813119406501452,0.06578400762130816,0.05295715884615978,0.11277337471644083,0.08813119406501452,0.6794080903132756,0.11894470111268465,0.1063211838730046,0.05386034405378044,0.11730927351068278,0.11894470111268465,0.6240918206386878,0.7615653872489929,0.875801682472229,1.1102060079574585,1.3448245525360107,1.827352523803711,0.6204501986503601,1.5935019254684448,3.0565285682678223,0.6176031827926636,0.16615356504917145,2.7990803718566895,0.6073647737503052
151,0.0001,0.14531510410209497,0.9041444640403509,0.21387449737455025,0.8811452625064372,0.9364403410988947,20.60840892791748,0.08750985978792111,0.06583852327118317,0.052308904752135274,0.11204088777303696,0.08750985978792111,0.6876017366846402,0.10445831300782375,0.09569371503884674,0.0552173446192116,0.11344473845646029,0.10445831300782375,0.6640861532727226,0.7617274522781372,0.8761438727378845,1.1124646663665771,1.353973627090454,1.8330976963043213,0.6217057704925537,1.6037160158157349,3.054678440093994,0.6191108226776123,0.1666835993528366,2.7914774417877197,0.6094885468482971
152,0.0001,0.14602626127501328,0.902412837973476,0.23754915253060763,0.8687238595202045,0.9289474053290324,20.847357988357544,0.08918269481509924,0.06702276039868593,0.05240550575157007,0.1130225093414386,0.08918269481509924,0.6847966204086939,0.1156453870114733,0.1056318863249216,0.06102747873204653,0.1123630447221584,0.1156453870114733,0.6629069662484967,0.7627188563346863,0.8750230669975281,1.1146433353424072,1.3539842367172241,1.8273696899414062,0.6230482459068298,1.6042250394821167,3.0528604984283447,0.6204615831375122,0.1715254932641983,2.793914794921875,0.6095018982887268
153,0.0001,0.15451143185297647,0.8955805346353536,0.34598626367381363,0.777063673329235,0.8707081903629325,20.57593560218811,0.09561185507724683,0.07167129882921776,0.054723597193757696,0.11202941673497359,0.09561185507724683,0.6708674003680547,0.13516623819949197,0.17005419755568268,0.06732234432071936,0.10803223950941054,0.13516623819949197,0.6146710456394758,0.7631654143333435,0.8774881362915039,1.1170709133148193,1.3626410961151123,1.8317525386810303,0.624829888343811,1.6024357080459595,3.060591220855713,0.6217421293258667,0.17717069387435913,2.7878541946411133,0.6117926836013794
154,0.0001,0.15124165490269662,0.8999144915421958,0.26005190781882553,0.8423583920072959,0.9138273506152259,20.716170072555542,0.08994867249081533,0.06869794602195421,0.053700466019411884,0.1112481268743674,0.08994867249081533,0.6796100159486135,0.11992392517992707,0.12508995843226792,0.06899585477152809,0.11092082655332128,0.11992392517992707,0.6501140594482422,0.7638351917266846,0.8782572150230408,1.1184667348861694,1.3644778728485107,1.8339594602584839,0.6263841986656189,1.608746886253357,3.056666612625122,0.6235507726669312,0.180743008852005,2.7854015827178955,0.6151456236839294
155,0.0001,0.13937884755432606,0.9092822110039732,0.25529819580375174,0.841220920300928,0.9117093238207379,20.873311519622803,0.0852326884244879,0.0652906655644377,0.05226954345901807,0.11424658522009849,0.0852326884244879,0.7062363376220068,0.12916329258778056,0.11335785491544692,0.06090943173306887,0.10295235365629196,0.12916329258778056,0.6026718528544317,0.7705835103988647,0.8780876398086548,1.1202808618545532,1.3666019439697266,1.8266078233718872,0.6281639337539673,1.606225609779358,3.0555408000946045,0.6243981719017029,0.1686950922012329,2.781096935272217,0.6155511140823364
156,0.0001,0.1379354113092025,0.9069287361824183,0.29105881491645436,0.8196870458089525,0.8999841964933043,20.64713716506958,0.08592072539031506,0.06355022390683492,0.05187278694162766,0.11060522273182868,0.08592072539031506,0.6922631556789081,0.11871288032805333,0.1339940116053722,0.07470134438061324,0.10689799927297186,0.11871288032805333,0.6745040416717529,0.7673537731170654,0.8766397833824158,1.1218039989471436,1.3520278930664062,1.827131986618042,0.6296430230140686,1.6074501276016235,3.0516626834869385,0.6256566643714905,0.1610337197780609,2.7694993019104004,0.6164189577102661
157,0.0001,0.1488658354928096,0.8959951311010271,0.2878785494898186,0.8216775993454674,0.9000344000793253,22.56341862678528,0.0881560795630018,0.0691568644096454,0.05178106588621934,0.10713873940209548,0.0881560795630018,0.6939441174268722,0.1615543873583684,0.12203261622639953,0.04038902237767079,0.1087802243037302,0.1615543873583684,0.49664740679694,0.7656123042106628,0.8785560727119446,1.1244031190872192,1.3480814695358276,1.8261336088180542,0.6312403082847595,1.5965371131896973,3.0469160079956055,0.6281484365463257,0.16445252299308777,2.7906999588012695,0.6214331984519958
158,0.0001,0.14315245859324932,0.9061002463846346,0.2621065148564636,0.8431276334593725,0.9141260319978143,24.23962163925171,0.08742153247197469,0.06506077349185943,0.051518372260034084,0.10997752584517002,0.08742153247197469,0.6915750468770663,0.11932402116353394,0.1248631236738846,0.04455019496991986,0.11451357712999718,0.11932402116353394,0.5804412237933425,0.7631924748420715,0.8764078617095947,1.1261897087097168,1.3477122783660889,1.8323631286621094,0.6329856514930725,1.607486367225647,3.0563979148864746,0.6297277808189392,0.15720844268798828,2.7878193855285645,0.6232742071151733
159,0.0001,0.1338868444164594,0.9108413058571168,0.2215761278496414,0.8790591400989052,0.9352452011949526,24.592584371566772,0.08300661773731312,0.06304547556986412,0.0519164474060138,0.11230125290652117,0.08300661773731312,0.7045837769905726,0.10579408607521995,0.10263747269990015,0.05463469004044767,0.10755966982392014,0.10579408607521995,0.668298177054671,0.7661691308021545,0.8804051280021667,1.1272190809249878,1.3508641719818115,1.8408143520355225,0.6348481178283691,1.6097831726074219,3.057379722595215,0.6313772201538086,0.15563072264194489,2.7982325553894043,0.6264634132385254
160,0.0001,0.1375883501023054,0.9088775077714114,0.22734589215184822,0.8586092617623251,0.9224237371185287,24.817018270492554,0.08486202756563822,0.06453609534849723,0.05049834052721659,0.10910357385873795,0.08486202756563822,0.7029823536674181,0.11085727578792416,0.10827791153407487,0.05209558267818123,0.10773243730674024,0.11085727578792416,0.646018536364446,0.7670823335647583,0.8785557150840759,1.1292072534561157,1.3506466150283813,1.8433928489685059,0.6359897255897522,1.6126800775527954,3.061885118484497,0.6329678893089294,0.15090057253837585,2.7991254329681396,0.627213716506958
161,0.0001,0.13468249465028445,0.9104865672898892,0.2646973467752582,0.8413337852161944,0.9123451537850569,24.124825477600098,0.08515745041271051,0.06277648011843363,0.051622759612898035,0.11064638917644819,0.08515745041271051,0.7060639212528864,0.12811651899189244,0.12208399799514989,0.05569538987073742,0.11627331424932011,0.12811651899189244,0.5625648957784058,0.7660621404647827,0.8806638717651367,1.1313103437423706,1.343111515045166,1.8365567922592163,0.6375703811645508,1.6027218103408813,3.058893918991089,0.634367823600769,0.14322732388973236,2.795919418334961,0.6282516717910767
162,0.0001,0.13625396800537903,0.9113415038367347,0.23260469978950063,0.8553877684149918,0.9202420890270522,23.737420320510864,0.08629252761602402,0.063336217092971,0.049814732590069376,0.10940423471232255,0.08629252761602402,0.7004891003171603,0.10504725599875216,0.11464163367865515,0.05161227261433836,0.10594563686945399,0.10504725599875216,0.6751872613781789,0.7672916650772095,0.877931535243988,1.1332030296325684,1.3328306674957275,1.8368642330169678,0.6394366025924683,1.614945650100708,3.05407977104187,0.634518027305603,0.14066500961780548,2.7910187244415283,0.6292145252227783
163,0.0001,0.13011619585255782,0.9149392346019953,0.23354602715031045,0.8602929884195579,0.9238435838355826,24.41131615638733,0.08303248528391123,0.05970191409190496,0.05046660775939624,0.11003315870960553,0.08303248528391123,0.7048732593655587,0.11317973901502422,0.10857646851266017,0.04841267873273521,0.1131919238899575,0.11317973901502422,0.6413634517153756,0.7664950489997864,0.8792807459831238,1.1354824304580688,1.3318270444869995,1.8348759412765503,0.6410651206970215,1.6148232221603394,3.0468831062316895,0.6350395083427429,0.1306324303150177,2.789637327194214,0.6301910281181335
164,0.0001,0.14130780411263308,0.9048360217179854,0.3068930367465879,0.8123528068529381,0.8932890513500701,23.339345693588257,0.08641713267813127,0.06677307259912292,0.05028952918946743,0.10977848296364148,0.08641713267813127,0.6884078428149223,0.13594747408003102,0.15383015060033955,0.05769631107811068,0.11169072106236318,0.13594747408003102,0.5886112480867104,0.7671443819999695,0.8827641010284424,1.1372791528701782,1.338793158531189,1.8409370183944702,0.6437656283378601,1.6200087070465088,3.050736665725708,0.6361589431762695,0.12205566465854645,2.7943906784057617,0.6304969191551208
165,0.0001,0.1617354191839695,0.8834116729868994,0.3457821048185474,0.7687406644306038,0.8656338315594577,25.451290607452393,0.09205152336508035,0.0766495384896795,0.052930330174664655,0.1099381022155285,0.09205152336508035,0.6731556221842766,0.15310574542792116,0.1681143509559944,0.08471776911469757,0.09435476839053826,0.15310574542792116,0.5908949336067575,0.7716323137283325,0.8860902190208435,1.1386828422546387,1.3446600437164307,1.8387846946716309,0.6449406743049622,1.6232620477676392,3.0561482906341553,0.638801097869873,0.1188584640622139,2.8027870655059814,0.6327860355377197
166,0.0001,0.1422251880168915,0.9047832045748607,0.22204720827399707,0.8653346367920017,0.9266849688204531,24.33235502243042,0.08769046198576688,0.06682583202297489,0.051166686974465844,0.1133594108124574,0.08769046198576688,0.6847862874468168,0.10879438126184901,0.10687825779934398,0.05733548752108558,0.11196939891479055,0.10879438126184901,0.6753454139975251,0.7719568014144897,0.8855382800102234,1.1403979063034058,1.3513033390045166,1.835551381111145,0.6467263698577881,1.626250982284546,3.0597667694091797,0.6412532329559326,0.1151973083615303,2.8011252880096436,0.6330791711807251
167,0.0001,0.13397445616622766,0.9113211298457967,0.23198863302097947,0.8588180515768997,0.9232487766896745,24.259135246276855,0.08537347596138715,0.06219733686496814,0.05126112469782432,0.1126189178476731,0.08537347596138715,0.6989203616976738,0.10909682011506597,0.10858918995153709,0.058231100562165995,0.10578564994159292,0.10909682011506597,0.6660847194859238,0.7741661667823792,0.8853697776794434,1.1415168046951294,1.3505806922912598,1.8379179239273071,0.6471965909004211,1.6241475343704224,3.0576016902923584,0.6413374543190002,0.1126934215426445,2.8041791915893555,0.63453608751297
168,0.0001,0.1244193971157074,0.9189041048942774,0.22043879330158234,0.8673027526055439,0.9280309314691596,24.288737297058105,0.0824132351204753,0.058622788079082964,0.05053006652742624,0.11261011188228925,0.0824132351204753,0.7092284366488457,0.10426402568328576,0.10757126219448496,0.054088097187827845,0.11106237744698759,0.10426402568328576,0.6731915219885404,0.7787072658538818,0.8854910731315613,1.1435003280639648,1.3540313243865967,1.8401808738708496,0.6480346322059631,1.6216729879379272,3.0583105087280273,0.6408147811889648,0.10610318928956985,2.792989492416382,0.6351595520973206
169,0.0001,0.13429048731923104,0.910175585563437,0.25039051009006186,0.8398381003410981,0.9104994228368943,24.989792823791504,0.08245333395898342,0.06312533617019653,0.050353275053203105,0.11004995790620645,0.08245333395898342,0.7134986837704976,0.12365489636288314,0.12032928049075799,0.04695060849189758,0.10322436165125644,0.12365489636288314,0.5943151839443894,0.7749414443969727,0.885536789894104,1.1452178955078125,1.3466317653656006,1.8430589437484741,0.6489719748497009,1.605613350868225,3.0602939128875732,0.6414301991462708,0.10243266820907593,2.7815663814544678,0.6352641582489014
170,0.0001,0.1314799476414919,0.9130343854710453,0.280079008125868,0.8256171020623393,0.9031023275732935,24.119179725646973,0.0831436363980174,0.06252215796460708,0.04945839357872804,0.1094399889310201,0.0831436363980174,0.7087650984525681,0.1378078922385075,0.14801102534669344,0.09454229327498889,0.10593720818640756,0.1378078922385075,0.6334646324642369,0.7777731418609619,0.8853972554206848,1.1466563940048218,1.3466863632202148,1.8406834602355957,0.6498288512229919,1.6038589477539062,3.0527048110961914,0.6433240175247192,0.1055867075920105,2.7775447368621826,0.6359665393829346
171,0.0001,0.13904800154268743,0.9076499387492886,0.257138836090682,0.8464079036956892,0.9160445024306639,23.626717567443848,0.08380088377743959,0.06434091081221899,0.04959477769831817,0.10992991762856642,0.08380088377743959,0.7043453772862752,0.12873870427491235,0.11744910991582715,0.049272062714959756,0.10583099087730782,0.12873870427491235,0.5763963412065976,0.7736921310424805,0.8856996893882751,1.1482925415039062,1.348439335823059,1.840542197227478,0.6498451828956604,1.5938136577606201,3.0487051010131836,0.6454328298568726,0.1046207919716835,2.781721830368042,0.6373612880706787
172,0.0001,0.13136502963801225,0.9136105762389295,0.32546305949570703,0.7778002367423341,0.8726456261808537,24.253448486328125,0.07940654251724481,0.061462848881880444,0.04934661866476139,0.10755622076491515,0.07940654251724481,0.7251055071751277,0.1327957430335342,0.1691340579361212,0.07277599392367191,0.09999969357349833,0.1327957430335342,0.6209586555840539,0.7809994220733643,0.8837494254112244,1.1489111185073853,1.3434562683105469,1.8388831615447998,0.6517366170883179,1.595717191696167,3.0540730953216553,0.6465222239494324,0.10460469871759415,2.785633087158203,0.6381373405456543
173,0.0001,0.138163531695803,0.905729217583765,0.2293994617266733,0.8701105727378251,0.9300980388134453,23.82352900505066,0.08207171888401112,0.06558565019319455,0.04768585121879975,0.1075804740190506,0.08207171888401112,0.7057680199543636,0.10149052030727511,0.10708596386381837,0.05429783750508652,0.10913966596126556,0.10149052030727511,0.6822298335247352,0.7845796942710876,0.8869972229003906,1.1508076190948486,1.365235686302185,1.8454759120941162,0.6532214879989624,1.6110188961029053,3.056227445602417,0.6490358710289001,0.12115940451622009,2.7855610847473145,0.6401699781417847
174,0.0001,0.13905751431981722,0.9085709722361573,0.30424169096790377,0.7959409263362184,0.8838844434611165,23.90139150619507,0.0824612374107043,0.0658223895356059,0.04916750732809305,0.11064465244611105,0.0824612374107043,0.710009119908015,0.11438238229907927,0.17592873021227415,0.06281783663835681,0.10807636355767485,0.11438238229907927,0.6591513664996038,0.7842568755149841,0.8875759840011597,1.1522459983825684,1.366726279258728,1.8513530492782593,0.6545392870903015,1.6142255067825317,3.049006938934326,0.6509701609611511,0.16327369213104248,2.788195848464966,0.6435834765434265
175,0.0001,0.12917219549417497,0.9139482594231434,0.227785873608511,0.8523774818780707,0.9171541681047545,23.935673713684082,0.08172921873629094,0.0615378770356377,0.049330736696720126,0.10893949965635935,0.08172921873629094,0.7060535083214442,0.10109988074810779,0.12131298687614378,0.04915524249682661,0.10971858144783583,0.10109988074810779,0.6755465640396369,0.7850308418273926,0.8890504837036133,1.1539607048034668,1.3673644065856934,1.850475788116455,0.6554655432701111,1.6207985877990723,3.046433925628662,0.653628408908844,0.16139234602451324,2.7805707454681396,0.6441333293914795
176,0.0001,0.12860335769752662,0.9133936493218825,0.2220119848603108,0.8725250306682222,0.9316344313570147,24.211649179458618,0.08101244866847992,0.06102739702910185,0.048549301673968634,0.10980253890156746,0.08101244866847992,0.70672361155351,0.10856643062634547,0.10318539291620255,0.04772338240605886,0.10970262621269851,0.10856643062634547,0.6271702432241596,0.7868227958679199,0.8858409523963928,1.1551843881607056,1.3664764165878296,1.851212978363037,0.6565523147583008,1.6166051626205444,3.054586410522461,0.6537949442863464,0.15352782607078552,2.779658794403076,0.6447123885154724
177,0.0001,0.12764035860697429,0.9150697943916566,0.24913961208257518,0.8590294572135491,0.9236257818676256,23.773366928100586,0.08112371476987998,0.06032914978762468,0.048226792241136233,0.10874826771517594,0.08112371476987998,0.7117924481630326,0.12298930521871222,0.11825495579692184,0.04590554046826285,0.11478589304157945,0.12298930521871222,0.5900125669651344,0.7889208793640137,0.8846809267997742,1.156484842300415,1.3606444597244263,1.8522061109542847,0.6579732298851013,1.6142407655715942,3.055201530456543,0.6551408767700195,0.14770162105560303,2.7752835750579834,0.6461003422737122
178,0.0001,0.12844111571709316,0.9151027492743569,0.23686998056583716,0.8564756305334997,0.9220222644433524,25.35485029220581,0.07939229191591342,0.062046600691974166,0.048304844399293265,0.1087501732011636,0.07939229191591342,0.7242323562502861,0.10768358446046954,0.11921049055994534,0.05054088718578464,0.10442096972074665,0.10768358446046954,0.6594543525430022,0.7891039848327637,0.8864240646362305,1.1578360795974731,1.3659635782241821,1.8543784618377686,0.6585343480110168,1.6110444068908691,3.0509352684020996,0.6558160781860352,0.1361938863992691,2.7719314098358154,0.647424042224884
179,0.0001,0.1240783461680015,0.9187187677225572,0.23152011290925448,0.8420422453798306,0.911903939156427,25.16380739212036,0.07818648902078469,0.05941872342179219,0.046236718508104485,0.10772168462475142,0.07818648902078469,0.7228422343730927,0.10865522444736762,0.11750025436526439,0.053502341030073945,0.10249971268606968,0.10865522444736762,0.6720905743661474,0.7860602736473083,0.885892391204834,1.1590842008590698,1.3608988523483276,1.855640172958374,0.6599557399749756,1.6075079441070557,3.05184006690979,0.656359851360321,0.12689800560474396,2.7770535945892334,0.6489260196685791
180,0.0001,0.11993689276278019,0.9212439097947187,0.21972174527215177,0.8735579060383507,0.932117971854315,25.733651161193848,0.07958865587910016,0.057394724587599436,0.04727073889225721,0.1091085847467184,0.07958865587910016,0.7204827070236206,0.10238458167334072,0.10705512603286838,0.0477830318764585,0.10956794512076456,0.10238458167334072,0.6806619421380465,0.7857813835144043,0.8850785493850708,1.1605206727981567,1.3540269136428833,1.8530372381210327,0.6607398390769958,1.6026750802993774,3.0483477115631104,0.6574727296829224,0.11719923466444016,2.771827220916748,0.6497941613197327
181,0.0001,0.12574661038815976,0.9175265696219675,0.19739330938605013,0.8869770324405237,0.9399001577200699,23.951061725616455,0.07894531401495139,0.05949936384956042,0.047280509894092874,0.10779216960072517,0.07894531401495139,0.7181331689159075,0.10272362730542167,0.0957331979861025,0.04505798574842391,0.10667270226556747,0.10272362730542167,0.6738519688121608,0.7858697772026062,0.8871012330055237,1.1621290445327759,1.3552688360214233,1.854591727256775,0.6619917154312134,1.607372760772705,3.0433852672576904,0.6583235263824463,0.11272917687892914,2.7652065753936768,0.6510312557220459
182,0.0001,0.12485675116380056,0.9176210629230005,0.21344595072699374,0.8801323252314186,0.9356926616478679,24.69881319999695,0.07976864346613487,0.05955442972481251,0.046622988084952036,0.10776152772208054,0.07976864346613487,0.7223432103792826,0.10808446746869166,0.0979977193914476,0.044192355675775494,0.11446678491889453,0.10808446746869166,0.6582348415108977,0.7868175506591797,0.8872032165527344,1.1632496118545532,1.3509801626205444,1.8525205850601196,0.6634184122085571,1.6089231967926025,3.047804355621338,0.6580913066864014,0.10409107804298401,2.766815423965454,0.6515986323356628
183,0.0001,0.12472321217258771,0.9162931720170922,0.2091269537073667,0.882326615470067,0.9370155956846772,23.87746500968933,0.07821823948373398,0.060031766444444655,0.04794899815072616,0.10813284777104855,0.07821823948373398,0.7280277490615845,0.09728876843315656,0.09907583135073303,0.05507445066678719,0.10675954721013053,0.09728876843315656,0.6982869926046152,0.7833818793296814,0.8845546245574951,1.164466381072998,1.3520742654800415,1.8569073677062988,0.6638146042823792,1.591097354888916,3.0510966777801514,0.6587730050086975,0.10092651098966599,2.7567341327667236,0.6526399850845337
184,0.0001,0.13738153651356697,0.91040899648622,0.2526314475985824,0.8436136512538852,0.9116389009317251,24.62899661064148,0.08119446312387785,0.06352075599133969,0.04915395298351844,0.10638557821512222,0.08119446312387785,0.7127295618255933,0.1026806782503597,0.13260061257198208,0.06125397222941039,0.1099654426340197,0.1026806782503597,0.7081157144952993,0.7849352955818176,0.8873839974403381,1.1650762557983398,1.357988715171814,1.8592803478240967,0.6658497452735901,1.5882974863052368,3.0681746006011963,0.661992609500885,0.12838228046894073,2.746870279312134,0.6553884744644165
185,0.0001,0.12265821136534213,0.9181330616827114,0.21912909311349274,0.872416394030903,0.9313707368098795,24.266356945037842,0.07775349610795577,0.060026776418089865,0.04656032019605239,0.10961820197602114,0.07775349610795577,0.7252019857366879,0.10685227396058254,0.10361767206035677,0.0462870011564161,0.10592429425384177,0.10685227396058254,0.6552927454964059,0.7842208743095398,0.8876349925994873,1.1668504476547241,1.3562979698181152,1.8572030067443848,0.666556715965271,1.588686227798462,3.062556266784668,0.663115382194519,0.12274917215108871,2.753091812133789,0.6558817625045776
186,0.0001,0.11944991772373517,0.9210126339285888,0.22726557245020007,0.8729106325335221,0.9315670174470411,25.178499698638916,0.07630034728596607,0.05831968082735936,0.04626508355140686,0.10835636208454767,0.07630034728596607,0.7312632749478022,0.11031413322589437,0.10620502956577989,0.04536147745417767,0.10405995562428334,0.11031413322589437,0.6593599016549158,0.783140242099762,0.8865582346916199,1.1685867309570312,1.3487358093261719,1.8546091318130493,0.667238712310791,1.5923972129821777,3.058943033218384,0.6638681292533875,0.11803202331066132,2.7534406185150146,0.6565287113189697
187,0.0001,0.12093435600399971,0.9175540092848892,0.21161242293529822,0.8737280867133642,0.9317971961816164,24.727971076965332,0.07763357621928056,0.058345560108621915,0.04682866937170426,0.10765838039418062,0.07763357621928056,0.7353856896360715,0.10008409033056165,0.10337230892943554,0.052766931838676576,0.1067328576426037,0.10008409033056165,0.700180103544329,0.7785186171531677,0.8860897421836853,1.1697086095809937,1.3472777605056763,1.8502769470214844,0.6680960655212402,1.5895540714263916,3.0565292835235596,0.6652657389640808,0.1040903702378273,2.737783670425415,0.6571692824363708
188,0.0001,0.11464913015564283,0.9225767303259889,0.20454133485184342,0.8854985677024666,0.9388724276142574,24.17007088661194,0.07679660649349292,0.05577730815857649,0.046509920122722787,0.11013989336788654,0.07679660649349292,0.7374831269184748,0.09890676179870231,0.09799544904075685,0.044115016878139776,0.10695281844647204,0.09890676179870231,0.6921716781913257,0.7819520235061646,0.8843695521354675,1.170521855354309,1.346971869468689,1.8507001399993896,0.6685144305229187,1.5862663984298706,3.048926591873169,0.6658612489700317,0.09395531564950943,2.7348062992095947,0.6575554609298706
189,0.0001,0.11630121879279613,0.9232269139778424,0.21261342187396814,0.8746579981600161,0.9326828275266805,24.516940116882324,0.07570105685542027,0.056269382933775584,0.0461499797180295,0.10625072506566842,0.07570105685542027,0.7296830187241237,0.09337143722127696,0.10659588250468989,0.05015615850198464,0.1036534518247745,0.09337143722127696,0.7226850087525415,0.7777125835418701,0.8837822079658508,1.1715301275253296,1.338647484779358,1.847666621208191,0.6698920726776123,1.5874851942062378,3.042325258255005,0.6655875444412231,0.086698517203331,2.7316932678222656,0.6570602655410767
190,0.0001,0.12224146574735642,0.9191562237111853,0.2454510194356324,0.85708374953577,0.9224111262568089,25.57654857635498,0.07670230449487765,0.05800830852240324,0.04577712876101335,0.10519718478123347,0.07670230449487765,0.7291566302378972,0.12606898658588284,0.11806160773410172,0.04552412503322617,0.11026597084080586,0.12606898658588284,0.5940817272076842,0.7737343907356262,0.8818389177322388,1.173011064529419,1.3302114009857178,1.8465816974639893,0.6708849668502808,1.5718410015106201,3.0439999103546143,0.6656368374824524,0.08646553754806519,2.727423667907715,0.6574144959449768
191,0.0001,0.1252904362976551,0.915829088163431,0.31795911417632805,0.7940447221869451,0.8818960038691603,24.759175539016724,0.07977043520659208,0.06058475294460853,0.04661055741210778,0.10816970479985079,0.07977043520659208,0.7260874311129252,0.12277458388297284,0.17102141079844022,0.06519665849990532,0.10064191249061803,0.12277458388297284,0.6450578628993425,0.7760578989982605,0.8815982937812805,1.1739333868026733,1.3383251428604126,1.8485575914382935,0.6723300814628601,1.572135329246521,3.0555388927459717,0.6671884655952454,0.08899107575416565,2.7234091758728027,0.6605141162872314
192,0.0001,0.11438559095064799,0.9252849961578499,0.20438472731191604,0.8823219037478622,0.9369544841940856,24.046046018600464,0.07771621731420358,0.054756878937284155,0.046295995078980925,0.10908675504227479,0.07771621731420358,0.7309078296025594,0.09758493243182292,0.10595728872252293,0.04863358905813733,0.10639750774278016,0.09758493243182292,0.7058331155386127,0.7830329537391663,0.8803151249885559,1.1754971742630005,1.345531940460205,1.8487398624420166,0.6739151477813721,1.5735695362091064,3.0551819801330566,0.6683943867683411,0.08746622502803802,2.732494831085205,0.6624308824539185
193,0.0001,0.12298569716513157,0.9158538981009678,0.23192060531162825,0.8688359778574594,0.9294423415907958,23.37109351158142,0.07713847079624732,0.059122735913842914,0.04458219356214007,0.1082067783921957,0.07713847079624732,0.7305480460325877,0.10527873906444331,0.11626567825919291,0.04614428534615235,0.0992633365705365,0.10527873906444331,0.6731043467756177,0.7806516885757446,0.8799249529838562,1.1768651008605957,1.3342338800430298,1.848585844039917,0.6746677160263062,1.5820884704589844,3.060624837875366,0.6687747240066528,0.07924403995275497,2.7381250858306885,0.6621836423873901
194,0.0001,0.12369629380603632,0.9165271649929071,0.2577837155979188,0.8382794116892466,0.9112229726848391,23.301960229873657,0.07916297061989705,0.05885841020693382,0.04763597132017215,0.11101834711929162,0.07916297061989705,0.7247441450754801,0.11274462620742985,0.1301820903527932,0.053091446273639556,0.10337912047007045,0.11274462620742985,0.653076138652739,0.7803791165351868,0.8799598217010498,1.178141713142395,1.335010290145874,1.855783462524414,0.6751035451889038,1.5784727334976196,3.0623669624328613,0.669633686542511,0.07900942116975784,2.7379331588745117,0.6631024479866028
195,0.0001,0.1293522900591294,0.9113129549763097,0.2457437324719351,0.84777388682719,0.9169516136792268,24.8345685005188,0.08039538798232873,0.062294908923407395,0.04652130609999101,0.11174228675663471,0.08039538798232873,0.7217845742901167,0.10536116092908578,0.12086658155331846,0.05568281805417577,0.11478823166890223,0.10536116092908578,0.6836870742625878,0.7802686095237732,0.8809157013893127,1.1800477504730225,1.3243999481201172,1.8519947528839111,0.6758371591567993,1.5877913236618042,3.070148229598999,0.6712908148765564,0.07974138855934143,2.735689163208008,0.6637837290763855
196,0.0001,0.12398106741408507,0.9154987251697804,0.2134859444665127,0.8773910986492378,0.9343339082044579,24.160785913467407,0.07701840021957954,0.05958575643599033,0.04680664235105117,0.11106789323190848,0.07701840021957954,0.7271441588799159,0.10552947528538156,0.10353778351525791,0.04562253657667363,0.11010857427217921,0.10552947528538156,0.667556040599698,0.7853090167045593,0.8825890421867371,1.181399941444397,1.3314861059188843,1.8493359088897705,0.6776314973831177,1.5845465660095215,3.065290689468384,0.6723322868347168,0.08034460246562958,2.7342703342437744,0.6651336550712585
197,0.0001,0.1282796395321687,0.9127257362203282,0.24169566347950794,0.8596777364132179,0.9239064682284016,23.68122696876526,0.07993114466468493,0.06270009508977334,0.047754246493180594,0.10328733449180921,0.07993114466468493,0.7170446341236433,0.11805329117618624,0.12293278022867735,0.07995862440496194,0.09135322052924359,0.11805329117618624,0.676112744651857,0.7842912077903748,0.8831967711448669,1.1828488111495972,1.3332993984222412,1.8518307209014893,0.6786344647407532,1.5742175579071045,3.068905830383301,0.6718104481697083,0.08852751553058624,2.7364721298217773,0.6677566766738892
198,0.0001,0.13664554866651693,0.9114459108780647,0.27174445791322677,0.8270516313716002,0.9032644105024428,23.624666213989258,0.08657260897258917,0.06394104467084011,0.04827053879077236,0.10750824088851611,0.08657260897258917,0.6917414491375288,0.11393787870641614,0.13965223998319906,0.0500881914965442,0.10198250974788041,0.11393787870641614,0.6481386139744618,0.792566180229187,0.885542631149292,1.1831732988357544,1.3258640766143799,1.8581472635269165,0.6796319484710693,1.581263542175293,3.069420337677002,0.6736333966255188,0.08987566828727722,2.7318460941314697,0.6699473857879639
199,0.0001,0.12438768272598584,0.9163072288404497,0.22251566560541997,0.8691673669111936,0.9294560651737442,23.180530309677124,0.077255117893219,0.060500394677122434,0.04623309398690859,0.11115750297904015,0.077255117893219,0.7187260265151659,0.09466341431023645,0.11299464643978682,0.05626862129715622,0.11137638644116823,0.09466341431023645,0.7080816655862526,0.7924465537071228,0.8867470026016235,1.184126615524292,1.3396402597427368,1.8613392114639282,0.6808370351791382,1.5829718112945557,3.070406675338745,0.6752066612243652,0.08977805823087692,2.743241786956787,0.6706191897392273
200,0.0001,0.11715513207018376,0.9217906478268676,0.23489868836324723,0.8689711678603478,0.9293881329490793,25.917036056518555,0.07601281038175027,0.056979593137900034,0.04710195946196715,0.11096382699906826,0.07601281038175027,0.7370955228805542,0.11174955255672579,0.11380494960018846,0.055854042533968314,0.11033356470651313,0.11174955255672579,0.6452940155248172,0.7904906868934631,0.886878252029419,1.1854095458984375,1.335089087486267,1.8598170280456543,0.681955099105835,1.5805110931396484,3.066692352294922,0.6751936078071594,0.08446123450994492,2.7297251224517822,0.6713440418243408
201,0.0001,0.11434066792329152,0.9238040844915733,0.21176631675391902,0.8820036895152596,0.9369064976635202,24.84178876876831,0.07436773733546337,0.055605234764516356,0.04568000584840774,0.1092924077063799,0.07436773733546337,0.7360932737588882,0.0960287128071316,0.10507146427865888,0.052218059169464426,0.11177045815303678,0.0960287128071316,0.7184976749732847,0.790176510810852,0.887570858001709,1.187230110168457,1.3384877443313599,1.8611735105514526,0.6831344366073608,1.5836292505264282,3.0654566287994385,0.6763710379600525,0.07708462327718735,2.725768804550171,0.6722897887229919
202,0.0001,0.11347839310765266,0.9224685563293638,0.250299583204457,0.8610757297460577,0.9248303628229622,25.234453678131104,0.07491009098788103,0.05533655248582363,0.045381490451594196,0.10924848938981692,0.07491009098788103,0.7370621015628179,0.12018093857608858,0.1236685551092273,0.04708264694839227,0.10729773635747003,0.12018093857608858,0.6320879488694863,0.7894227504730225,0.8860057592391968,1.1878029108047485,1.333838939666748,1.8597440719604492,0.6833800673484802,1.5872652530670166,3.0590972900390625,0.6771470904350281,0.07139968127012253,2.718967914581299,0.6719107627868652
203,0.0001,0.12286711459358533,0.9191701426759599,0.20070464078520164,0.8848971961568323,0.9384776595503601,23.842365026474,0.0776568134004871,0.061714615362385906,0.046960812993347645,0.10906341647108396,0.0776568134004871,0.727403673529625,0.10529581860440676,0.0968731054272808,0.05972281733497244,0.10074146702641347,0.10529581860440676,0.6901822383286523,0.7867533564567566,0.88747239112854,1.1881808042526245,1.3287278413772583,1.8568059206008911,0.6851844191551208,1.584299921989441,3.04860258102417,0.6781458854675293,0.06960254162549973,2.705193281173706,0.6718214750289917
204,0.0001,0.1194924097508192,0.9194834570460885,0.21925627061578093,0.8774627998047546,0.9344434276671011,24.840779542922974,0.07594812686244647,0.05718104500944416,0.04631902209172646,0.10874194366236528,0.07594812686244647,0.7346528192361196,0.09717347802685909,0.11188637135458775,0.056342737718683776,0.10674443498986666,0.09717347802685909,0.7115272361724103,0.7882397770881653,0.8886553645133972,1.1891098022460938,1.332769751548767,1.8575023412704468,0.6862673163414001,1.5878530740737915,3.0495283603668213,0.6795251965522766,0.0712527334690094,2.7036540508270264,0.6734867095947266
205,0.0001,0.12958928073445955,0.9117334250922012,0.24279610275245103,0.8615187933768853,0.9243892434808073,23.311517238616943,0.07826010845601558,0.06319313378383716,0.04532597064971924,0.11073771826922893,0.07826010845601558,0.7287560313940048,0.11317285431213066,0.11924692243337631,0.04807018964994149,0.10435638943167984,0.11317285431213066,0.6350024332765674,0.7895856499671936,0.8906428217887878,1.1898292303085327,1.3336241245269775,1.8636152744293213,0.6872691512107849,1.5832675695419312,3.0604541301727295,0.6808861494064331,0.0756952241063118,2.7199714183807373,0.6749187111854553
206,0.0001,0.12390928554038207,0.9172622003612307,0.281854728694822,0.8097259733498594,0.8924483812525587,24.131966829299927,0.07571221689383188,0.06179828628276785,0.04665865016480287,0.10589754320681095,0.07571221689383188,0.7349348803361256,0.12913140483566973,0.13841344342857112,0.06349726699170519,0.10388988891585929,0.12913140483566973,0.6099394647801508,0.7901796698570251,0.8887563943862915,1.1911871433258057,1.320801019668579,1.8670227527618408,0.6879116892814636,1.5777759552001953,3.060431957244873,0.6821495890617371,0.0845106840133667,2.7119948863983154,0.6769083142280579
207,0.0001,0.11426799657444159,0.9243120606737153,0.19498261223073865,0.8927751802489454,0.9430304791310572,24.802093744277954,0.0729944554467996,0.05545492805540562,0.04627055445065101,0.10986115423341593,0.0729944554467996,0.7430356234312058,0.09607076864750659,0.09683819945718421,0.04688559209958452,0.11140370637666984,0.09607076864750659,0.7024073141520141,0.7896379828453064,0.8880502581596375,1.1925441026687622,1.315651297569275,1.8657820224761963,0.688874363899231,1.5867884159088135,3.0616157054901123,0.6832523941993713,0.08619942516088486,2.705122947692871,0.677671492099762
208,0.0001,0.11094153771797816,0.9248081358420777,0.19456796861085734,0.8916189123903422,0.9424182665805413,24.28997230529785,0.07176085809866588,0.05461819615835945,0.04435053020715714,0.10732101500034333,0.07176085809866588,0.7483549505472183,0.09510405776930637,0.09623925265718679,0.047701292228503306,0.1085229111743755,0.09510405776930637,0.7073099212568315,0.788830578327179,0.8867698311805725,1.1929948329925537,1.3172022104263306,1.8639129400253296,0.6897245049476624,1.581549048423767,3.057936668395996,0.6837824583053589,0.0778324082493782,2.701436758041382,0.6780990958213806
209,0.0001,0.10641527511179447,0.929654682726992,0.2138752194701648,0.8793285290890709,0.935465255887266,25.310124397277832,0.07161814061303934,0.052207129448652266,0.04511918301383654,0.10819685732324918,0.07161814061303934,0.7531894594430923,0.09535243301118007,0.11146348959109822,0.047971440387553854,0.10725585798748204,0.09535243301118007,0.7129502609127858,0.7891378998756409,0.8840247988700867,1.1940721273422241,1.3164198398590088,1.8603298664093018,0.6904202103614807,1.5802282094955444,3.053126335144043,0.6842213273048401,0.07219483703374863,2.7020962238311768,0.6779429912567139
210,0.0001,0.1092002743234237,0.9290312703162191,0.21193200056670142,0.8810546260482885,0.9364289938808185,26.075889825820923,0.07261058868219455,0.05377542534843087,0.04371489205708106,0.1095188558101654,0.07261058868219455,0.7456285913785299,0.0952207582895873,0.10741509204028082,0.054099334678688986,0.10363638327747095,0.0952207582895873,0.72604330934462,0.7883486151695251,0.8825656771659851,1.195305347442627,1.3144506216049194,1.8569544553756714,0.6907792687416077,1.5796966552734375,3.045114755630493,0.6849058270454407,0.06611988693475723,2.695526361465454,0.6785187125205994
211,0.0001,0.10635903465251127,0.9295250695302623,0.19945532572074015,0.8893149438283338,0.9410635970262511,24.744874000549316,0.0724328030521671,0.0523799822665751,0.04422484232733647,0.10661111151178677,0.0724328030521671,0.7428409526745479,0.09646785808879821,0.09992170834639033,0.048344499874310415,0.1019487729082342,0.09646785808879821,0.7204714358830061,0.7860628366470337,0.882611095905304,1.196122646331787,1.3050237894058228,1.8569855690002441,0.6916874051094055,1.5786226987838745,3.0428638458251953,0.6847862601280212,0.06143245846033096,2.689526319503784,0.6794511675834656
212,0.0001,0.10601264561216037,0.9304562465895285,0.20998427858118152,0.8799816105569882,0.9358641828811491,24.635857582092285,0.06963013528535764,0.051709041992823286,0.04244369942074021,0.10531595796346664,0.06963013528535764,0.749379175901413,0.09425319828948037,0.10742659304962783,0.04165818652168649,0.10485233574128541,0.09425319828948037,0.7041488719768212,0.7879961729049683,0.8820815086364746,1.1969707012176514,1.3072514533996582,1.8513696193695068,0.692794680595398,1.5793267488479614,3.0402867794036865,0.6861540675163269,0.05530929937958717,2.6892542839050293,0.6798402070999146
213,0.0001,0.10796755875150363,0.930576926767847,0.20941923925134,0.8783130787970685,0.9348910610950738,24.570287942886353,0.07061052030573288,0.052890158941348395,0.04373243929197391,0.10682337395846844,0.07061052030573288,0.7533211251099904,0.09213374090976402,0.1077995845040337,0.04979915068042083,0.10569674998033242,0.09213374090976402,0.7302104498519272,0.7857884764671326,0.8804049491882324,1.197760820388794,1.309599757194519,1.8487768173217773,0.6936894059181213,1.5742875337600708,3.0363731384277344,0.6871811151504517,0.05165088549256325,2.6904337406158447,0.6810425519943237
214,0.0001,0.11853851974010468,0.922197844568325,0.23599135484851774,0.8642041606644689,0.9267776086700497,25.29264783859253,0.07476259184380372,0.057948041583100955,0.04384024925529957,0.10728920847177506,0.07476259184380372,0.7398833384116491,0.09685610772156325,0.11945165644903652,0.05416253203007042,0.11016596340742267,0.09685610772156325,0.7068171911552305,0.7876178026199341,0.8802710175514221,1.198393702507019,1.314562439918518,1.8508861064910889,0.6951186060905457,1.577439546585083,3.0382325649261475,0.6881260275840759,0.06213201582431793,2.685544013977051,0.6813459992408752
215,0.0001,0.11003390662372112,0.9253838772248142,0.20772511108976896,0.8793464384331245,0.9353864831632788,23.613921880722046,0.07106605488806964,0.053761556992928186,0.04393286881968379,0.10814891085028648,0.07106605488806964,0.7585644274950027,0.09833799583501503,0.10593785198985553,0.0579201522909227,0.10249648475256122,0.09833799583501503,0.7196066829024769,0.7882334589958191,0.8794896006584167,1.1997350454330444,1.3132526874542236,1.8462224006652832,0.6964002847671509,1.572314977645874,3.03472638130188,0.6890555024147034,0.06465668976306915,2.680976390838623,0.6817632913589478
216,0.0001,0.10264065166314443,0.9335098458951744,0.2221579747121842,0.8746499461082979,0.9328484888301054,24.035929918289185,0.07165847116460403,0.04995099101215601,0.04294667678574721,0.10633407905697823,0.07165847116460403,0.7540105491876602,0.09995804250728889,0.11258055929277765,0.050405337490507816,0.10613204050259512,0.09995804250728889,0.6993783712387085,0.7854440808296204,0.8793570399284363,1.2012505531311035,1.3079216480255127,1.8454773426055908,0.6971815824508667,1.5681216716766357,3.034580945968628,0.6893383860588074,0.05886620283126831,2.670320987701416,0.6819039583206177
217,0.0001,0.10685880817472934,0.9296785477266053,0.2573376952624712,0.8425352517882578,0.9139353266873732,23.917083024978638,0.07009237942596276,0.052377366553992034,0.0437548562263449,0.10524078744153181,0.07009237942596276,0.7529062231381735,0.1092388491894378,0.13879876669313088,0.05791861844844506,0.10178058667749655,0.1092388491894378,0.6718308867001143,0.7840548157691956,0.8784318566322327,1.2022333145141602,1.301689863204956,1.8411808013916016,0.6982468366622925,1.5677603483200073,3.0321273803710938,0.690693736076355,0.060635756701231,2.6594274044036865,0.682317852973938
218,0.0001,0.10760631921390693,0.9277974173566205,0.21682974134312302,0.8720661211378476,0.9311866901521537,23.76969814300537,0.06978306900709867,0.05440344757710894,0.0428740244358778,0.10548073562482993,0.06978306900709867,0.7557187110185624,0.09972376388604523,0.11161856182285997,0.04281819868283194,0.10398113275649118,0.09972376388604523,0.6921688474592615,0.7830462455749512,0.8770566582679749,1.2030376195907593,1.299041509628296,1.8391430377960205,0.6988100409507751,1.5686371326446533,3.030787944793701,0.691847026348114,0.05677521601319313,2.6570322513580322,0.6829704642295837
219,0.0001,0.10592454299330711,0.9298262350617342,0.217014487161011,0.8741059486772663,0.9323722452974895,25.02002453804016,0.06903097027291855,0.052852419981112085,0.042777810245752335,0.10656680477162202,0.06903097027291855,0.7567157616217931,0.09308857824958738,0.1151701382926253,0.04156828244201473,0.1028509471015852,0.09308857824958738,0.7132079308150244,0.7832334637641907,0.8760393261909485,1.2037851810455322,1.2968324422836304,1.8383170366287231,0.6995952725410461,1.56270170211792,3.0276105403900146,0.6921300888061523,0.05099911615252495,2.655714273452759,0.6835494637489319
220,0.0001,0.1061400211105744,0.9290068937739028,0.23996841589935491,0.8641584491641081,0.9265880782183401,31.76374578475952,0.06960028372704982,0.05248946206023296,0.04281765669584274,0.10603903370598952,0.06960028372704982,0.7588589866956075,0.09918913758191907,0.12242662821148263,0.047559896819904204,0.1024481073999014,0.09918913758191907,0.6990264742100825,0.7794436812400818,0.8759918808937073,1.2045060396194458,1.2959182262420654,1.839661955833435,0.7004480957984924,1.5701984167099,3.0150527954101562,0.6930713653564453,0.04986581951379776,2.646244764328003,0.6846113204956055
221,0.0001,0.11613269448280335,0.9240520931271664,0.2202810508305909,0.8752073656637266,0.932958061143499,29.131057739257812,0.07709910596410434,0.0570078923056523,0.04343262404824297,0.10533265446623166,0.07709910596410434,0.7338802337646484,0.09908997719405127,0.1103550764869471,0.052882941164931314,0.10501955241942015,0.09908997719405127,0.7092969476199541,0.7799199223518372,0.8750271797180176,1.2055307626724243,1.2916302680969238,1.8419342041015625,0.7012594938278198,1.5675280094146729,3.01558518409729,0.6934220194816589,0.04620862752199173,2.6396429538726807,0.6858035922050476
222,0.0001,0.12670028408368428,0.91250205549593,0.2796065523976185,0.8248256309125737,0.9000791487335431,24.762222051620483,0.07623125749329726,0.06232005078345537,0.04462217117349307,0.10837250128388405,0.07623125749329726,0.7370501915613811,0.11746672186695162,0.13825494588398543,0.04388325869059954,0.10454186968138961,0.11746672186695162,0.6504422787760125,0.7817849516868591,0.8773342967033386,1.2068287134170532,1.2969019412994385,1.8431464433670044,0.7029292583465576,1.5674554109573364,3.0222527980804443,0.6955867409706116,0.05927453562617302,2.6493654251098633,0.687461793422699
223,0.0001,0.12494117207825184,0.9145568375902774,0.27127698063850403,0.8329244707742116,0.9064985714452359,24.667089462280273,0.07661447326342265,0.06156434481963515,0.0446294271076719,0.10991174963613351,0.07661447326342265,0.7332918733358383,0.11847412329716761,0.14142353906006108,0.03881856383847409,0.1091870016983298,0.11847412329716761,0.6416672194590334,0.7808430790901184,0.8756948113441467,1.2086513042449951,1.2964534759521484,1.8433984518051147,0.7032129764556885,1.5695555210113525,3.0278279781341553,0.6956647634506226,0.06581006944179535,2.6520299911499023,0.6873795390129089
224,0.0001,0.11241258655985197,0.9215649987166401,0.29519413265048483,0.8133450673411716,0.8938936688037739,23.881805419921875,0.07209415882825851,0.05519373867039879,0.04410347640514374,0.106464958563447,0.07209415882825851,0.7367320269346237,0.10234789574732546,0.16345971822738647,0.05082229921808008,0.10342458550070154,0.10234789574732546,0.698120762090214,0.7840477228164673,0.8765902519226074,1.2095028162002563,1.3073374032974243,1.8395799398422241,0.7046183347702026,1.570363163948059,3.034356117248535,0.6973856687545776,0.07001830637454987,2.6580536365509033,0.6891149878501892
225,0.0001,0.1178963128477335,0.9207016870093522,0.2230348919258743,0.8659566599024728,0.9274584580402769,24.84047245979309,0.07186103475590547,0.05858259859184424,0.04344427194446325,0.10690584828456243,0.07186103475590547,0.7388985137144725,0.09632377424201027,0.11986522865099986,0.04592919471811076,0.11144615795280112,0.09632377424201027,0.7134186732964437,0.7829520106315613,0.8776832818984985,1.2100416421890259,1.2979037761688232,1.843878149986267,0.7056359052658081,1.567806363105774,3.038513660430908,0.6978569030761719,0.09363719075918198,2.6629247665405273,0.6908790469169617
226,0.0001,0.10619327748815219,0.928397961696255,0.21179785982507174,0.8799856712299545,0.9357561410379052,24.946162223815918,0.07109714820981025,0.05240732698390881,0.043361485656350854,0.10982517898082733,0.07109714820981025,0.748582997918129,0.09071870294750714,0.10534398208876125,0.046428925678378245,0.10856987633666054,0.09071870294750714,0.7267583667254839,0.7838594913482666,0.8772952556610107,1.2108172178268433,1.2990014553070068,1.8400261402130127,0.7069419622421265,1.5682224035263062,3.0391902923583984,0.6980617642402649,0.08850966393947601,2.663693904876709,0.6910032629966736
227,0.0001,0.10504864007234574,0.9300176375826503,0.2235493183624549,0.8661792378239755,0.9277528778097215,24.336543083190918,0.06935689921180407,0.05232946084191402,0.04352850755676627,0.10934352477391561,0.06935689921180407,0.7597032795349757,0.09840373597184165,0.11211448553644243,0.04423872057775982,0.10854153799228981,0.09840373597184165,0.6981762803968836,0.7832185626029968,0.8758475184440613,1.2123771905899048,1.2914695739746094,1.8363652229309082,0.7076892852783203,1.567492961883545,3.0364625453948975,0.6986784934997559,0.08264601975679398,2.6624600887298584,0.6911499500274658
228,0.0001,0.10256677505870661,0.9321785070677121,0.21956174393169214,0.8685025075978765,0.9287422795126229,26.885154485702515,0.06718050669878721,0.05093502240876357,0.041928261332213876,0.10829969582458338,0.06718050669878721,0.758068190018336,0.09829833382954363,0.11672247311130898,0.04041658891517608,0.1074813570155472,0.09829833382954363,0.7002824095428967,0.7844338417053223,0.8751988410949707,1.213322401046753,1.2913049459457397,1.8336108922958374,0.7085610628128052,1.5677614212036133,3.033751964569092,0.6992751955986023,0.07153630256652832,2.6575777530670166,0.6922585964202881
229,0.0001,0.10425786127646765,0.9305805567359564,0.2126925409328742,0.8800827026315262,0.9358525885015142,23.591394186019897,0.06916248860458533,0.05199631980309884,0.04176801374802987,0.10942876860499381,0.06916248860458533,0.7593667854865392,0.09442279109212219,0.11041952376482916,0.043068982416489085,0.10403192165445109,0.09442279109212219,0.7162540261862708,0.7827771902084351,0.8740514516830444,1.2142161130905151,1.2918202877044678,1.8297048807144165,0.7088190913200378,1.563338279724121,3.028825283050537,0.6997793912887573,0.058851439505815506,2.652409553527832,0.6926578879356384
230,0.0001,0.10367381932834784,0.9310461104460063,0.21713096831665665,0.8696882457504377,0.9294967536662164,24.505688667297363,0.06946840044111013,0.05180692002177238,0.04291524601479371,0.1088865959395965,0.06946840044111013,0.7600083937247594,0.10108428240799514,0.1095032980207537,0.04385581282807178,0.11107472391402134,0.10108428240799514,0.690731201015535,0.7791089415550232,0.8744981288909912,1.2152807712554932,1.289940595626831,1.8277521133422852,0.7094438672065735,1.560708999633789,3.024527072906494,0.7006286978721619,0.053414974361658096,2.653064250946045,0.6932942867279053
231,0.0001,0.10434442857901255,0.9308800568909341,0.2653331644222385,0.8379423669202495,0.9084327575026335,25.332778215408325,0.0691122418269515,0.051675049712260564,0.04179445958385865,0.10828830984731515,0.0691122418269515,0.7596991370121638,0.10522170596923984,0.13424838028970312,0.04113118710820792,0.10006818798233251,0.10522170596923984,0.6788510093923474,0.7766240239143372,0.8734515905380249,1.2160409688949585,1.2898262739181519,1.8276382684707642,0.7102532982826233,1.556000828742981,3.021928548812866,0.7009840607643127,0.04759255424141884,2.644162178039551,0.6921406388282776
232,0.0001,0.11181351318955421,0.925485337400669,0.23175372598601168,0.8652077216963071,0.9270790638274388,24.628220319747925,0.07162983249872923,0.05501276720315218,0.04262399505823851,0.10927707341810068,0.07162983249872923,0.7506233423948288,0.09242385870120565,0.12256998507702938,0.04742750220122884,0.10407445091204565,0.09242385870120565,0.7231183706736956,0.7781985402107239,0.8741002082824707,1.2171590328216553,1.2928565740585327,1.8308991193771362,0.7107390761375427,1.5508246421813965,3.026202440261841,0.7018464803695679,0.04770402982831001,2.6505603790283203,0.694001317024231
233,0.0001,0.10606670168538888,0.9302591753814518,0.20185251656125802,0.8845244045160383,0.9383615707795074,25.01435923576355,0.06841641900440057,0.05203791440774997,0.04203013281027476,0.10728646218776702,0.06841641900440057,0.7606082767248153,0.09985821828490397,0.10097616739937516,0.05020653774015239,0.10761339547204189,0.09985821828490397,0.7123523051621484,0.7783093452453613,0.8736420273780823,1.217908263206482,1.283035159111023,1.8289483785629272,0.7118670344352722,1.5565646886825562,3.0256807804107666,0.7019632458686829,0.051298514008522034,2.644049882888794,0.694790780544281
234,0.0001,0.10176870835324128,0.9317086195569846,0.21642126118550536,0.8763280052679927,0.9336203186113884,24.111111164093018,0.06560828490182757,0.050971558503806594,0.04103702176362276,0.10692750563224157,0.06560828490182757,0.7755165378252665,0.09592576080658397,0.11490766899507554,0.05251414634165217,0.10540800810348792,0.09592576080658397,0.720773241559013,0.7774986028671265,0.8730124235153198,1.2178019285202026,1.2858470678329468,1.8271467685699463,0.7126350402832031,1.557178258895874,3.0244240760803223,0.7030777931213379,0.05033525824546814,2.6386845111846924,0.6953039765357971
235,0.0001,0.10215043872594834,0.9314688677785465,0.21821991244300468,0.8773216846096379,0.9341992772424924,24.999046564102173,0.0667641380801797,0.05190033512189984,0.04190391997496287,0.10800929926335812,0.0667641380801797,0.7679341872533162,0.09544534822467898,0.11016640421308455,0.04936834064419152,0.10557721652945534,0.09544534822467898,0.7260002112779461,0.775050699710846,0.8725159168243408,1.2183095216751099,1.27981698513031,1.8292385339736938,0.7130122780799866,1.557841420173645,3.024184226989746,0.7039749622344971,0.04444996267557144,2.635261058807373,0.6960563659667969
236,0.0001,0.10143809405465921,0.930482413287287,0.2643249801924971,0.8445448136051725,0.9148486122405615,24.39172673225403,0.0671409621834755,0.05117091340944171,0.040862863697111604,0.1055249460041523,0.0671409621834755,0.7545937518278758,0.11851419227533654,0.12839664579903493,0.037897445261478424,0.09917084139878632,0.11851419227533654,0.6371815761581796,0.7753013968467712,0.8721543550491333,1.2192142009735107,1.2775558233261108,1.8269821405410767,0.7132497429847717,1.5538220405578613,3.024172306060791,0.7039556503295898,0.04044933617115021,2.6219403743743896,0.6954895853996277
237,0.0001,0.11017366660137971,0.9255536533382074,0.20015670041568945,0.8906351191154341,0.9419123037023746,23.069859743118286,0.07030066971977551,0.05474711734180649,0.04348754125336806,0.10623555717368921,0.07030066971977551,0.7568212469418844,0.08854550636205517,0.1044589590098037,0.04992443652915173,0.10230844993083203,0.08854550636205517,0.7461435384437686,0.7794883251190186,0.8737049102783203,1.2198495864868164,1.279944896697998,1.8267604112625122,0.7139316201210022,1.5515414476394653,3.0262351036071777,0.7050286531448364,0.04102465510368347,2.6219024658203125,0.6961372494697571
238,0.0001,0.10888670111695925,0.9238864360559454,0.2655163370683545,0.8536449234309803,0.9201906658154557,24.909798622131348,0.07147668935358524,0.054387972317636014,0.04156860876828432,0.10728859975934028,0.07147668935358524,0.7464804112911224,0.12316199294367774,0.12691024348872607,0.0383128603828735,0.10297583617636415,0.12316199294367774,0.6053300773511168,0.7763902544975281,0.8741011619567871,1.2202825546264648,1.275627851486206,1.8286417722702026,0.7147101163864136,1.552183985710144,3.023202419281006,0.7056886553764343,0.04576133191585541,2.6247267723083496,0.6963851451873779
239,0.0001,0.10200624875724315,0.9330061440286797,0.20823278363610878,0.8848739978314251,0.9385600004421976,22.94956111907959,0.0697430545464158,0.05079428994407256,0.04246511214102308,0.10727082888285319,0.0697430545464158,0.7553058922290802,0.10092071358297693,0.10542387429808008,0.039729723920587635,0.1075358516612991,0.10092071358297693,0.6818910886029728,0.7741414308547974,0.8723608255386353,1.220951795578003,1.272125482559204,1.8250926733016968,0.7156673073768616,1.551226258277893,3.0216188430786133,0.706056535243988,0.04304203763604164,2.621713399887085,0.6971592307090759
240,0.0001,0.10006064636011919,0.9352237075898181,0.19739710844931055,0.8925756038233111,0.9430245581670659,23.63756275177002,0.06729218425850074,0.049405952294667564,0.04128939614941676,0.10718763433396816,0.06729218425850074,0.7712083965539932,0.08668275763753985,0.10138362035399577,0.044955786989360556,0.10341098281692286,0.08668275763753985,0.7420490569755679,0.7726035714149475,0.8719379305839539,1.2216898202896118,1.2712757587432861,1.8219374418258667,0.7170272469520569,1.551592469215393,3.0169622898101807,0.7060427069664001,0.03965169936418533,2.6169791221618652,0.6974152326583862
241,0.0001,0.09825436895092328,0.9346895413591565,0.2049230964945965,0.8862377703523071,0.9394170305459337,24.019063472747803,0.06600130225221316,0.04861596891035636,0.040762159538765746,0.10670040746529898,0.06600130225221316,0.7699200411637624,0.09606216261621381,0.10652047261351445,0.039693551473930236,0.1073735910849493,0.09606216261621381,0.7096350261422454,0.7733343839645386,0.870712399482727,1.22270929813385,1.266938328742981,1.8188918828964233,0.7170860171318054,1.5466715097427368,3.0123345851898193,0.7070268392562866,0.03635632246732712,2.6180779933929443,0.6979532837867737
242,0.0001,0.10057685052355131,0.9317033438760969,0.20071350038051605,0.8876725889532341,0.940294575897459,23.942603588104248,0.06647982454548279,0.051220521827538806,0.04066639365628362,0.10766079798340797,0.06647982454548279,0.7645349740982056,0.0929350883501475,0.1066577721570359,0.04530132745133072,0.10762809937606092,0.0929350883501475,0.717540949094491,0.7716098427772522,0.869945764541626,1.2231217622756958,1.2622603178024292,1.8204206228256226,0.7174175977706909,1.5398932695388794,3.006793260574341,0.7076712846755981,0.03349192067980766,2.610915422439575,0.6975143551826477
243,0.0001,0.09922879934310913,0.9344928698755967,0.2062278766123975,0.8872336242251204,0.9400385281864854,24.5428683757782,0.06836203380177418,0.04907095935195684,0.04117222595959902,0.10770601319770018,0.06836203380177418,0.7615575184424718,0.09236217888652301,0.10244476355490137,0.05041175299003476,0.1045764306041061,0.09236217888652301,0.7251824404372543,0.7709341049194336,0.870421290397644,1.2233833074569702,1.2597860097885132,1.818963646888733,0.7180792689323425,1.539454698562622,3.0072803497314453,0.7079933881759644,0.03204765543341637,2.608238935470581,0.6977300643920898
244,0.0001,0.09787750504910946,0.935337657258428,0.1986921835141104,0.888609082434217,0.9407534213283858,24.286832332611084,0.06707463630785544,0.04891254585236311,0.04022370067735513,0.10678506282468637,0.06707463630785544,0.7653148283561071,0.08690077335130973,0.10441263997163928,0.047628777681804096,0.10004059323033349,0.08690077335130973,0.7447953595489752,0.7695177793502808,0.8687827587127686,1.2237874269485474,1.2588787078857422,1.8188652992248535,0.7184970378875732,1.5351827144622803,3.0060269832611084,0.7082732319831848,0.030446600168943405,2.6016056537628174,0.697830855846405
245,0.0001,0.09762403642137846,0.9359920068803996,0.22742195696127218,0.8692236951799167,0.9295950072772464,25.637969732284546,0.06610489965726932,0.048519388493150475,0.0404370923837026,0.10544105010728042,0.06610489965726932,0.7721052159865697,0.11175504448961039,0.120857409033619,0.03911896337006913,0.10425713829329757,0.11175504448961039,0.6490261027070342,0.7674979567527771,0.8677430748939514,1.2247424125671387,1.2558051347732544,1.8163565397262573,0.7190164923667908,1.5325558185577393,3.0034945011138916,0.7088310122489929,0.029415661469101906,2.5987629890441895,0.6985543370246887
246,0.0001,0.09844504669308662,0.9352064082124377,0.20049800296298792,0.8868922090028556,0.9396725516438551,25.39182424545288,0.06598323862999678,0.04902778649702668,0.03911955170333385,0.1057361381749312,0.06598323862999678,0.7767984092235565,0.08903242525507192,0.1056388335638359,0.046282488547387673,0.10547090333993317,0.08903242525507192,0.7413418566594359,0.7678726315498352,0.8677261471748352,1.2253166437149048,1.2581909894943237,1.8135061264038086,0.7193834781646729,1.530038595199585,3.00230073928833,0.7094022631645203,0.026939457282423973,2.5963358879089355,0.6983791589736938
247,0.0001,0.09499271946648756,0.9386781480825849,0.206489553949872,0.8824833340809234,0.937239111154858,24.525551319122314,0.06325190315643946,0.046925532693664236,0.040033965992430844,0.10650126586357753,0.06325190315643946,0.7852208485205968,0.0920522743072666,0.10972011284750016,0.04129666896139989,0.10433540884100023,0.0920522743072666,0.7214021770680537,0.7652439475059509,0.8672881126403809,1.2257786989212036,1.2530714273452759,1.807550072669983,0.7200325131416321,1.525223731994629,2.99725079536438,0.7095702886581421,0.025300199165940285,2.5876896381378174,0.6987301111221313
248,0.0001,0.09565899260342121,0.9361891035573352,0.20853535269127518,0.8863826476753243,0.9395247891942445,23.359824895858765,0.06412046700716019,0.048496074105302496,0.039279074283937614,0.10551707272728285,0.06412046700716019,0.7751292169094086,0.0927705930881813,0.10946589293049984,0.04371806002054058,0.10094615096440081,0.0927705930881813,0.7273744579221382,0.7635980844497681,0.8665589094161987,1.226651668548584,1.2527999877929688,1.8081170320510864,0.7208787798881531,1.527212142944336,2.997661590576172,0.7104793787002563,0.024113979190587997,2.5826573371887207,0.698988139629364
249,0.0001,0.0928012628108263,0.939544500936666,0.20527917757386066,0.8858684935652973,0.939155403321639,24.593899965286255,0.06346276042362055,0.0467326038206617,0.03925095529605945,0.1059153693417708,0.06346276042362055,0.7824614683787028,0.09461216457554551,0.10938157690841643,0.038922735413566965,0.10189730038896935,0.09461216457554551,0.7107146020795478,0.7631227374076843,0.865996778011322,1.2272001504898071,1.2514243125915527,1.8068511486053467,0.721989631652832,1.5255504846572876,2.9943716526031494,0.7106048464775085,0.02202782966196537,2.5781099796295166,0.6994308233261108
250,0.0001,0.09649605751037597,0.935969030902307,0.19572716316238778,0.8937753851030119,0.9436297079250793,24.325955390930176,0.06484047683576742,0.04848164248590668,0.039583599163840216,0.10463247485458851,0.06484047683576742,0.7726824522018433,0.08520416634493187,0.10633836759895575,0.04438937675268924,0.10077527629547432,0.08520416634493187,0.7511333872060306,0.7638573050498962,0.8648185133934021,1.2278871536254883,1.2470492124557495,1.8041400909423828,0.7227879762649536,1.5208327770233154,2.9913179874420166,0.7108199596405029,0.02089879661798477,2.570981979370117,0.6994585990905762
251,0.0001,0.09324479686717192,0.9378633925466532,0.2103463553014349,0.8808953520947536,0.9363168823199988,25.253565073013306,0.06377751218775908,0.04686375161012014,0.0388406018105646,0.1052514227728049,0.06377751218775908,0.7733532667160035,0.0945168144878794,0.11211396851500527,0.04759328287155902,0.09995087846869329,0.0945168144878794,0.7266404902348753,0.7637228965759277,0.8631296753883362,1.2280296087265015,1.2452729940414429,1.804118275642395,0.7230730056762695,1.5157667398452759,2.988173007965088,0.7113149166107178,0.02014610357582569,2.5640153884887695,0.6993736028671265
252,0.0001,0.09549769088625908,0.9375061453903909,0.2503047358305728,0.8565995913845452,0.9216848234337146,24.76082944869995,0.06310132791598638,0.04749081367626786,0.03864612268904845,0.10293552825848261,0.06310132791598638,0.7764483203490575,0.1037331875719008,0.1379131619803241,0.0357524356881126,0.10116039094377736,0.1037331875719008,0.6815168544894359,0.7636906504631042,0.862649142742157,1.2282629013061523,1.2494981288909912,1.8024442195892334,0.7233652472496033,1.5125280618667603,2.9834859371185303,0.7123963832855225,0.021255819126963615,2.5595221519470215,0.6997854113578796
253,0.0001,0.09902724189062913,0.9327704827729697,0.2091627697475621,0.883574256305567,0.937840909296336,24.23291802406311,0.06648294404149055,0.05093885647753874,0.040348923020064834,0.10376195472975572,0.06648294404149055,0.7706138253211975,0.09945734187227781,0.11062101506796039,0.03811884952373192,0.10045112999247723,0.09945734187227781,0.7046813056117198,0.7638854384422302,0.8624712824821472,1.228786587715149,1.2511048316955566,1.8038554191589355,0.7237674593925476,1.5092030763626099,2.981255531311035,0.7120437026023865,0.019647561013698578,2.5615410804748535,0.6999520659446716
254,0.0001,0.09425842563311258,0.9382926412307924,0.2135114923852389,0.8803772674841075,0.9359921856887734,23.72869372367859,0.06438987528284391,0.047029680634538336,0.03887011346717675,0.10526899136602878,0.06438987528284391,0.7735256483157475,0.0922463668174431,0.11647740800361164,0.040823285880147435,0.10295272545247781,0.0922463668174431,0.726728162804588,0.7643350958824158,0.8620671033859253,1.229382872581482,1.2502000331878662,1.8026447296142578,0.7239347100257874,1.5043776035308838,2.978837490081787,0.7123927474021912,0.018466927111148834,2.5566153526306152,0.7000068426132202
255,0.0001,0.09890731399257978,0.9351463729011958,0.21208275390453027,0.8800786325951041,0.9355897937340116,26.249287366867065,0.06476236879825592,0.04984964551404118,0.03962502498179674,0.10437919422984124,0.06476236879825592,0.775622820854187,0.09242103358761208,0.11244939292063479,0.043050378072457235,0.10468094649373508,0.09242103358761208,0.7202658995253141,0.7617504000663757,0.861890971660614,1.2295622825622559,1.2433823347091675,1.8005236387252808,0.7246531248092651,1.503780484199524,2.974538564682007,0.7128147482872009,0.020817818120121956,2.559953212738037,0.7006157636642456
256,0.0001,0.09913851581513881,0.9347232812135373,0.2250277575899343,0.877708347298237,0.9343218340819948,24.47605013847351,0.06699928063899278,0.04935819652552406,0.04068114701658487,0.10528639778494835,0.06699928063899278,0.7700477083524068,0.09463848063691718,0.11893175823278114,0.046165651962405345,0.10887572401371158,0.09463848063691718,0.72745281457901,0.761669397354126,0.8611396551132202,1.2303106784820557,1.2429932355880737,1.797375202178955,0.7254357933998108,1.4998626708984375,2.970947027206421,0.7133255004882812,0.019374463707208633,2.5572400093078613,0.701034665107727
257,0.0001,0.09310994359354179,0.9389719241210438,0.21795916777165208,0.8819153608995435,0.9367776113226484,25.79085111618042,0.06204636488109827,0.04672108457113306,0.038000015821307895,0.10296889630456765,0.06204636488109827,0.7900232136249542,0.09392517609674422,0.1176774126828694,0.04268920824664538,0.10024447458200768,0.09392517609674422,0.7303741447261123,0.759772002696991,0.8590360283851624,1.2312090396881104,1.241355299949646,1.796402931213379,0.7257201075553894,1.4990297555923462,2.970906972885132,0.713875949382782,0.020019447430968285,2.548856258392334,0.7007842659950256
258,0.0001,0.09489377352098624,0.9375415294059831,0.21045237535335978,0.8803815807595439,0.9359082868437154,24.289928913116455,0.06538792562981446,0.047343085240572694,0.0394568745046854,0.10338359487553438,0.06538792562981446,0.7737245867649715,0.09271703342922398,0.11081990208782133,0.045185552390872456,0.09817541097519827,0.09271703342922398,0.7311046328700956,0.7573085427284241,0.8593409657478333,1.2313015460968018,1.2415740489959717,1.7955495119094849,0.7262709736824036,1.4983570575714111,2.9697604179382324,0.7146666049957275,0.020808909088373184,2.544996976852417,0.7012249827384949
259,0.0001,0.09460987610121568,0.937255572592297,0.20437102190783765,0.8851228263419383,0.9386304045946574,23.987065315246582,0.06461939997971058,0.048614799076070386,0.039656046964228156,0.10189738596479098,0.06461939997971058,0.7714542398850123,0.09098898765982175,0.1082895999072028,0.046031443310565634,0.09767141217579607,0.09098898765982175,0.7377483952240865,0.7583346366882324,0.8589039444923401,1.231488585472107,1.2422354221343994,1.7951315641403198,0.7267013192176819,1.497740626335144,2.9684221744537354,0.714745044708252,0.01867593452334404,2.5400550365448,0.7010378241539001
260,0.0001,0.09510419741272927,0.9381529789281579,0.20870728766331909,0.8815268267821145,0.936569533105181,24.71251153945923,0.06566063420226177,0.04765162104740739,0.03851857880751292,0.10217801829179128,0.06566063420226177,0.7720573425292969,0.09642294305758398,0.11005518304519966,0.03821972818648229,0.10075730415152721,0.09642294305758398,0.7114446964420256,0.7567234635353088,0.8579890727996826,1.2321711778640747,1.2390302419662476,1.7943283319473267,0.7271472811698914,1.4933336973190308,2.9672043323516846,0.7152999043464661,0.01666516251862049,2.5368778705596924,0.701805591583252
261,0.0001,0.09048650190234184,0.9409753992221258,0.2056243124066806,0.8863912268835048,0.9392922869755832,24.570035934448242,0.062343772314488885,0.0457894265341262,0.03848475739359856,0.10346888403097788,0.062343772314488885,0.7871396104494731,0.09378010010133024,0.10911034047603607,0.039785605595737204,0.09522645786160329,0.09378010010133024,0.7312812355698132,0.7555226683616638,0.8570353388786316,1.2330384254455566,1.2390183210372925,1.7906893491744995,0.7273035645484924,1.4903128147125244,2.964806318283081,0.7154474854469299,0.015961898490786552,2.5321803092956543,0.7020733952522278
262,0.0001,0.0979130282998085,0.934364126703173,0.21402186692738143,0.8820527561482813,0.9369954368528873,24.225687980651855,0.0638109109054009,0.04984409275154273,0.03847423084080219,0.10303036334613959,0.0638109109054009,0.781000292301178,0.09572441472870405,0.11764468277086977,0.041808834635331985,0.1027786553394599,0.09572441472870405,0.7070366818396772,0.7553852200508118,0.857686460018158,1.2334752082824707,1.2365729808807373,1.7947263717651367,0.7283856272697449,1.4823187589645386,2.970118761062622,0.715990424156189,0.01704707182943821,2.538579225540161,0.7042002081871033
263,0.0001,0.09671795616547267,0.9357203811508445,0.2016957062678259,0.8880805217758923,0.9403615043707529,23.932429552078247,0.0645178039247791,0.048976010115196304,0.03952874951064587,0.10376109319428603,0.0645178039247791,0.7758744388818741,0.09661682548581577,0.10735545295183777,0.038778987453609214,0.10304412025897229,0.09661682548581577,0.7159955794693994,0.7559414505958557,0.8572797775268555,1.2339973449707031,1.236772894859314,1.7934354543685913,0.7292801141738892,1.4839940071105957,2.965691566467285,0.7168821692466736,0.01886158436536789,2.532536506652832,0.705365777015686
264,0.0001,0.09283401618401209,0.9390505363515135,0.2018933191162641,0.8863195513114409,0.9393398156064328,24.411426544189453,0.06302168363084396,0.04704202801610033,0.03885013206551472,0.10226106854776541,0.06302168363084396,0.7816912064949672,0.09180573093109444,0.10768365090499159,0.04414709596360316,0.09781486443320259,0.09180573093109444,0.732622215005218,0.7540544867515564,0.8566673994064331,1.234546184539795,1.2299108505249023,1.7910083532333374,0.7301087379455566,1.4817475080490112,2.9603464603424072,0.7173649072647095,0.019641824066638947,2.528294563293457,0.7057089805603027
265,0.0001,0.09098026653130849,0.9409625576225096,0.19844916438470123,0.8896283469803772,0.9412260362875631,26.577698469161987,0.06396215291072925,0.04551867734019955,0.03917659977450967,0.1041388001292944,0.06396215291072925,0.7753634204467138,0.08811938371814665,0.10680146222231818,0.04256347566843033,0.09432226969081847,0.08811938371814665,0.7399152390292434,0.7555009126663208,0.8555487990379333,1.2352302074432373,1.2315517663955688,1.7871540784835815,0.7302259802818298,1.4784483909606934,2.956346273422241,0.7178999185562134,0.0160076841711998,2.5246667861938477,0.7056831121444702
266,0.0001,0.09087221939116716,0.9397100180596586,0.20075814059523286,0.8878149429802935,0.9402212998765697,25.42685866355896,0.06181684068093697,0.04639114684735735,0.03741914356748263,0.10365572882195313,0.06181684068093697,0.789942416548729,0.08962000466761041,0.1086944412501132,0.04224922898851457,0.10229893920362973,0.08962000466761041,0.7366705439129814,0.7537427544593811,0.85517418384552,1.235739827156067,1.2253056764602661,1.7864148616790771,0.730652391910553,1.4771887063980103,2.952221393585205,0.7182096242904663,0.01480736956000328,2.516719341278076,0.7056103944778442
267,0.0001,0.0886716348429521,0.9418451710957939,0.20021802040397144,0.8884154023125861,0.9405418080280575,24.681032180786133,0.06193197680016359,0.04442094772433241,0.03765524219100674,0.10000105127692223,0.06193197680016359,0.7868920028209686,0.08810211412730765,0.1098681776249995,0.04222027920797223,0.09912783102911027,0.08810211412730765,0.7381204601194038,0.7526082396507263,0.8539751172065735,1.2361708879470825,1.225842833518982,1.7862602472305298,0.7313449382781982,1.476354718208313,2.9515445232391357,0.7184702754020691,0.013791216537356377,2.5089170932769775,0.7049945592880249
268,0.0001,0.09165902684132259,0.9391645031292367,0.2153736492160891,0.884165295070394,0.9380575794330611,24.75632333755493,0.0627242070933183,0.046337912200639646,0.03770451961706082,0.10073027436931928,0.0627242070933183,0.7815549542506536,0.08749226126514498,0.11507975871934266,0.046233692618667104,0.09862516954785487,0.08749226126514498,0.7455454331929566,0.7530689835548401,0.8524938821792603,1.2366549968719482,1.2223252058029175,1.7820472717285156,0.7319561243057251,1.4718822240829468,2.9510421752929688,0.7184277772903442,0.01610724814236164,2.503175735473633,0.7049055099487305
269,0.0001,0.09330361001193524,0.9377393913566681,0.20458328943760667,0.8876093788433773,0.9400948764363332,25.28632402420044,0.0637084880222877,0.04776017069816589,0.03731415324533979,0.10073641253014405,0.0637084880222877,0.7770840724309286,0.0913580704907902,0.10638210030852771,0.0355848169839773,0.09461956202495293,0.0913580704907902,0.7228461601695076,0.7526623010635376,0.8514622449874878,1.2373219728469849,1.222286581993103,1.780767798423767,0.7325957417488098,1.4696106910705566,2.9483556747436523,0.718804121017456,0.021380899474024773,2.5013585090637207,0.7055638432502747
270,0.0001,0.08997129586835702,0.9402043408087545,0.19737638362118456,0.8878166838656871,0.9402709608269024,23.47768497467041,0.06278684735298157,0.0454195131547749,0.03854965229208271,0.10262506653865179,0.06278684735298157,0.7866319636503856,0.08977624688480722,0.10399368429770235,0.04209635699870157,0.09952185412899392,0.08977624688480722,0.7347625171551939,0.751897931098938,0.8511074185371399,1.2374374866485596,1.2209926843643188,1.779664158821106,0.7328612804412842,1.4616703987121582,2.945949077606201,0.7191634774208069,0.021466270089149475,2.501826763153076,0.7067579030990601
271,0.0001,0.09273683540523052,0.9376344078153248,0.2082564496114606,0.8829150331896347,0.9374369712897734,25.536471843719482,0.06322447670002779,0.04756766306236386,0.03824156165743867,0.1008835465957721,0.06322447670002779,0.7790596385796865,0.09845837193434356,0.10802979474184943,0.03726551461903775,0.09555697062465011,0.09845837193434356,0.7098230182147417,0.7513502240180969,0.8506584167480469,1.2379258871078491,1.2181222438812256,1.7762566804885864,0.7333396077156067,1.4638018608093262,2.9420740604400635,0.7196180820465088,0.02134402096271515,2.497042417526245,0.7064703106880188
272,0.0001,0.0918981272727251,0.9394390661981358,0.20466865648011692,0.8840505484203645,0.9380071877464137,23.96986413002014,0.062230390248199305,0.046249883839239676,0.03715020061160127,0.10075471351544062,0.062230390248199305,0.7811318745215734,0.09397604279830808,0.10657888577609766,0.039064060835564726,0.0936392064465851,0.09397604279830808,0.7182679889632053,0.7481610774993896,0.8505282402038574,1.237975835800171,1.2116615772247314,1.7752848863601685,0.7336539030075073,1.4597350358963013,2.9389092922210693,0.7204938530921936,0.024703241884708405,2.4913570880889893,0.706511378288269
273,0.0001,0.08972109581033388,0.9406714686958888,0.20350285167576837,0.8849096474331669,0.9385166057391472,23.244916200637817,0.05997156898180644,0.045555446421106656,0.03688738929728667,0.09978409906228383,0.05997156898180644,0.7880433946847916,0.0906260932078127,0.10827091873669234,0.03775989905488296,0.09369698533269226,0.0906260932078127,0.7283036552491735,0.748640239238739,0.8498624563217163,1.2382947206497192,1.2127207517623901,1.7728773355484009,0.7343205213546753,1.4609745740890503,2.9370577335357666,0.7206929326057434,0.021527936682105064,2.486341953277588,0.706587553024292
274,0.0001,0.09575928449630737,0.935514841407478,0.24001890469769963,0.860360478757771,0.9241417610682119,23.73034644126892,0.06519067827612161,0.048804595476637284,0.03755646351103981,0.0987102738271157,0.06519067827612161,0.7768194034695626,0.10115060136943567,0.13241012247859454,0.04379007940898176,0.09734093776491821,0.10115060136943567,0.6973623330475854,0.7498009204864502,0.8495468497276306,1.2387585639953613,1.2127825021743774,1.7713605165481567,0.7346133589744568,1.4580421447753906,2.935760736465454,0.7204216122627258,0.02899726666510105,2.480654001235962,0.7069836258888245
275,0.0001,0.09740130888919035,0.9339734474902879,0.20338933560691896,0.886643311065347,0.9394901527620209,23.78874635696411,0.0658802100767692,0.049380004281799,0.038159089318166174,0.10113360670705636,0.0658802100767692,0.7724001904328665,0.0926392202983137,0.10736654869845656,0.041066825512002726,0.0973788025926371,0.0926392202983137,0.7323874401264503,0.749709963798523,0.8505634665489197,1.2392315864562988,1.2144110202789307,1.774046540260315,0.735303521156311,1.4605756998062134,2.937690258026123,0.7209091782569885,0.05589674413204193,2.49001145362854,0.7068144679069519
276,0.0001,0.09711294372876485,0.9358445048808363,0.19663965921910082,0.887614659902377,0.9401107582845402,24.911755561828613,0.06448578449587027,0.04848088355114063,0.03871905586371819,0.10201855388780436,0.06448578449587027,0.7763160963853201,0.09331574144422031,0.10523379691800133,0.03844113305943911,0.09555664182197852,0.09331574144422031,0.7042274162417552,0.7488358020782471,0.8499227166175842,1.239945888519287,1.212745189666748,1.776253342628479,0.7360262870788574,1.457932710647583,2.9380416870117188,0.7210416197776794,0.0778534784913063,2.488445997238159,0.7077163457870483
277,0.0001,0.09111091742912929,0.9386597776215025,0.1999941668549522,0.8900636728532938,0.941404991199035,24.464221954345703,0.0625704754764835,0.04637416439751784,0.03785801452274124,0.10305308165649572,0.0625704754764835,0.7854252606630325,0.08857070813413526,0.10968966757664915,0.04081109215001591,0.10024617013872647,0.08857070813413526,0.7367454151638219,0.7480671405792236,0.8498014807701111,1.2403175830841064,1.213316798210144,1.774607539176941,0.7362218499183655,1.4615917205810547,2.9350268840789795,0.7218433618545532,0.07464132457971573,2.4884111881256104,0.7085736393928528
278,0.0001,0.09075635398427645,0.9392105302547279,0.20890868980376448,0.8792491459267691,0.9352618942459029,24.22258758544922,0.06128515191376209,0.04610127729053299,0.037341830569008985,0.10062876728673777,0.06128515191376209,0.7875835359096527,0.09231990221582476,0.11095297067868905,0.040097237610426106,0.09550531880288828,0.09231990221582476,0.7325202314580073,0.7453125715255737,0.8493526577949524,1.2403651475906372,1.206479549407959,1.772239089012146,0.7365797758102417,1.46291983127594,2.9332327842712402,0.7221241593360901,0.07373183965682983,2.4776394367218018,0.7082424163818359
279,0.0001,0.09261303953826427,0.9358874546417053,0.2082266072269346,0.8826885707865042,0.9372495673613548,23.999744415283203,0.06251473550995192,0.04611846428985397,0.03752658103282253,0.10239315032958984,0.06251473550995192,0.7765302220980327,0.08817181430879187,0.11290087013459596,0.04183393252677605,0.10381025393478206,0.08817181430879187,0.7468657698787626,0.7466328740119934,0.8501009345054626,1.2410929203033447,1.2083427906036377,1.770743727684021,0.7369123697280884,1.4581656455993652,2.9344027042388916,0.7222999930381775,0.06757574528455734,2.4732377529144287,0.7080276608467102
280,0.0001,0.0902499138067166,0.9402395929991084,0.19928212244002547,0.8885084854751872,0.9406550269819143,23.787495851516724,0.06205184832215309,0.04581097671762109,0.038101754647990066,0.10247047233084837,0.06205184832215309,0.7875907272100449,0.0853643532170624,0.10874184917231075,0.044563512455244536,0.10135360856036671,0.0853643532170624,0.7506161996575652,0.7452734112739563,0.849747896194458,1.2415828704833984,1.206952452659607,1.769324779510498,0.7372962832450867,1.4537473917007446,2.931638717651367,0.722324550151825,0.06058913469314575,2.468776226043701,0.7081103324890137
281,0.0001,0.08804480067143837,0.9414905836641471,0.20351518617301692,0.8855436709628935,0.9387651094490386,23.982734441757202,0.06190894115716219,0.04409533049911261,0.03701209500432014,0.10230279130240282,0.06190894115716219,0.780829256772995,0.09071689086859344,0.11158315299964341,0.040839114516484934,0.09780402860192002,0.09071689086859344,0.7381634829474277,0.7441275119781494,0.8491836190223694,1.2418317794799805,1.2040055990219116,1.7694275379180908,0.7375574111938477,1.457367181777954,2.9280543327331543,0.7224166989326477,0.05421287193894386,2.47225284576416,0.7081873416900635
282,0.0001,0.09052702896296978,0.939684584082787,0.21501126836557857,0.8790191742898404,0.9351755535896614,23.374397039413452,0.06278579011559486,0.047013390933473904,0.03838682034984231,0.10275504340728124,0.06278579011559486,0.7874570240577062,0.09129980670624092,0.11874759588085237,0.038227579999165456,0.09917790308350423,0.09129980670624092,0.7283932478701483,0.7442131042480469,0.8488749265670776,1.2420434951782227,1.205326795578003,1.7683862447738647,0.7382840514183044,1.4544870853424072,2.9262609481811523,0.7225512266159058,0.045575160533189774,2.4716007709503174,0.708637535572052
283,0.0001,0.08980679580320915,0.9405258851538044,0.20255318406175393,0.8877720515935623,0.9401094733970372,25.160256385803223,0.061299042652050655,0.04561281601587931,0.03745742803439498,0.09942801495393118,0.061299042652050655,0.7922068178653717,0.086470328637811,0.11404958013139788,0.043135823895696736,0.09854964460017251,0.086470328637811,0.7406212667949864,0.743066132068634,0.8473458886146545,1.2425625324249268,1.2008121013641357,1.7684948444366455,0.7388802170753479,1.4481345415115356,2.9216108322143555,0.7230835556983948,0.03963259235024452,2.4710540771484375,0.7091464996337891
284,0.0001,0.08754902301977079,0.9423897531060206,0.2039491548889973,0.886240947530673,0.9392857555051317,24.488956212997437,0.06126184898118178,0.04374239870036642,0.03757604851077,0.10013793508211771,0.06126184898118178,0.7828383962313334,0.08700801126781058,0.11173234525762621,0.03869924859189596,0.09513732009246702,0.08700801126781058,0.7398697538454024,0.7413004040718079,0.8466717600822449,1.2429983615875244,1.2000643014907837,1.7641334533691406,0.7390069961547852,1.443235993385315,2.9190170764923096,0.7234693765640259,0.031052909791469574,2.4683215618133545,0.7093350291252136
285,0.0001,0.08531432934105396,0.9443472671951232,0.197829326889554,0.8884460402158489,0.9405778911249386,24.643918991088867,0.060597376277049385,0.04325718820715944,0.037264488513271014,0.10266607242325941,0.060597376277049385,0.7893488436937333,0.08412489062938534,0.10866144421647807,0.0441428112690566,0.10026772723334734,0.08412489062938534,0.7512420923983465,0.738594651222229,0.8456541299819946,1.243532419204712,1.1953688859939575,1.7633367776870728,0.7395983934402466,1.4416842460632324,2.9183223247528076,0.7233163118362427,0.0255751870572567,2.464656352996826,0.7092745900154114
286,0.0001,0.09483421513189873,0.93723539099465,0.20739246562856142,0.885751208714348,0.9390257130017687,25.221814155578613,0.06304708781341711,0.048049178129682936,0.03735552681609988,0.10354669752220312,0.06304708781341711,0.7841170459985733,0.09340280587555932,0.11436184874323548,0.04403719550273458,0.1017210779131436,0.09340280587555932,0.7313881135377728,0.7385241389274597,0.8459518551826477,1.243911623954773,1.190361499786377,1.763677716255188,0.7400311231613159,1.43617582321167,2.9188594818115234,0.7230923771858215,0.028158294036984444,2.4624459743499756,0.7091925740242004
287,0.0001,0.08659124734501043,0.9438202054047735,0.19490144560571576,0.8892377464469855,0.9410976576149772,24.857593059539795,0.06109585339824359,0.04366247467696667,0.03722179252654314,0.10467238612473011,0.06109585339824359,0.7900638560454051,0.08540181852266436,0.10745424997122562,0.04767176997466165,0.10084866365936936,0.08540181852266436,0.756246515961944,0.7369841933250427,0.8463414907455444,1.2443673610687256,1.1927647590637207,1.7622966766357422,0.7405571937561035,1.4321632385253906,2.9192185401916504,0.7236614227294922,0.0260449331253767,2.4624099731445312,0.7097007632255554
288,0.0001,0.0882145785416166,0.9424538086934806,0.20144014573488078,0.8907925286605719,0.9419563112924391,24.33442497253418,0.06350494604557752,0.04439843085904916,0.03715855221574505,0.10475192032754421,0.06350494604557752,0.7797377030054728,0.08792175792279791,0.11062654388732597,0.04052335793366198,0.10145060705845474,0.08792175792279791,0.736745147431483,0.7336282730102539,0.8452368974685669,1.2447686195373535,1.1888095140457153,1.7629138231277466,0.7409981489181519,1.4291918277740479,2.917729139328003,0.72398841381073,0.025674117729067802,2.457822322845459,0.7100228667259216
289,0.0001,0.08431571666151286,0.9454032723475181,0.19943193138622847,0.8893903089677239,0.9411032784041578,24.353281021118164,0.060001416504383086,0.04234099350869656,0.03716347962617874,0.0997954415778319,0.060001416504383086,0.7894830266634624,0.08468071554527908,0.11019933590146362,0.041268565432458625,0.09719740807032975,0.08468071554527908,0.7544542619439422,0.7337526082992554,0.8447136878967285,1.2453078031539917,1.185240626335144,1.761217474937439,0.741421103477478,1.4263153076171875,2.912203788757324,0.7240251302719116,0.02145945094525814,2.4501659870147705,0.7099196910858154
290,0.0001,0.08357162786026796,0.9463889858202676,0.19083681214051168,0.8957316355813568,0.944701833816031,25.18814182281494,0.05946940512706836,0.04220962884525458,0.03611034508794546,0.09963450729846954,0.05946940512706836,0.7921481197079022,0.0890558227652409,0.10314159644920318,0.036166424511886036,0.09530015375281943,0.0890558227652409,0.7295359695544008,0.7335398197174072,0.8438905477523804,1.2455308437347412,1.185351848602295,1.7601699829101562,0.7417678236961365,1.4258038997650146,2.909742593765259,0.7246877551078796,0.018286405131220818,2.447004795074463,0.7098376750946045
291,0.0001,0.08360255931814511,0.9458551027589285,0.2039166977171038,0.8869220645456803,0.9395322035422656,24.720529317855835,0.060108720883727075,0.042807885849227505,0.03676213417202234,0.09952761456370354,0.060108720883727075,0.7973336736361186,0.0909009119037722,0.10942703888553088,0.03766982806999175,0.0973143650860083,0.0909009119037722,0.7363625510794217,0.7333235144615173,0.8426719307899475,1.245969295501709,1.1831951141357422,1.7586402893066406,0.7419871687889099,1.4231442213058472,2.9070582389831543,0.724596381187439,0.014651300385594368,2.4408843517303467,0.7098321318626404
292,0.0001,0.08435302128394445,0.9444759456943939,0.2021098195529375,0.8895832889182337,0.9412019858304128,24.786348819732666,0.05997895027200381,0.042662578728049995,0.035491431535532074,0.09861929453909397,0.05997895027200381,0.7942351559797923,0.09845225134345352,0.10578415237489294,0.03462203537098697,0.09733451047881705,0.09845225134345352,0.714293402726533,0.7342013716697693,0.8425203561782837,1.2462551593780518,1.1826794147491455,1.7574676275253296,0.7423394918441772,1.4235402345657349,2.9049460887908936,0.725031316280365,0.014110065065324306,2.4360873699188232,0.7102434635162354
293,0.0001,0.0856231282154719,0.9427143377645625,0.19954362242925364,0.8887097222448256,0.940693210343837,24.021247386932373,0.06226726851115624,0.043872601663072906,0.037225035640100636,0.10048476308584213,0.06226726851115624,0.7879194443424543,0.08347468933121102,0.11005669429165418,0.04227314681791868,0.09710661859297362,0.08347468933121102,0.7546482095952893,0.7353553175926208,0.8420877456665039,1.2467164993286133,1.18476140499115,1.7568198442459106,0.7425998449325562,1.418656349182129,2.902601480484009,0.72511887550354,0.014887310564517975,2.431596279144287,0.7104833722114563
294,0.0001,0.08538410638769468,0.9441975610824379,0.20146373793727063,0.8862596081147034,0.9393705221162899,23.688204765319824,0.061424674838781355,0.04316475773230195,0.03644946568335096,0.1000043233235677,0.061424674838781355,0.7897877434889475,0.08286271867204885,0.11118801353407688,0.04548893813959888,0.09971255259435685,0.08286271867204885,0.7661484479904175,0.7338173985481262,0.8412100672721863,1.2470446825027466,1.1860949993133545,1.7562638521194458,0.7428670525550842,1.4168261289596558,2.899484395980835,0.7255564332008362,0.012862146832048893,2.4294798374176025,0.7104052901268005
295,0.0001,0.08384837644795577,0.9448035656306619,0.20060985572025425,0.8893703254570055,0.9411158150543364,24.026387691497803,0.05906480519721905,0.042630877004315455,0.03619432840496302,0.09888609076539676,0.05906480519721905,0.7959060649077098,0.08318755897830744,0.1126214425827636,0.04047628150123064,0.09542877398064879,0.08318755897830744,0.7496896474087824,0.73074871301651,0.8414334654808044,1.2475066184997559,1.1826575994491577,1.7547008991241455,0.7435254454612732,1.415282964706421,2.8972625732421875,0.7258335947990417,0.011295141652226448,2.4237074851989746,0.7106597423553467
296,0.0001,0.08400934437910716,0.9438082731187147,0.20146074353671464,0.8892363755133803,0.9410221428576667,25.69791603088379,0.06052496399109562,0.042570984549820425,0.037046370251725115,0.09861217911044756,0.06052496399109562,0.7943784336249033,0.08442941149238681,0.11087676833887569,0.04285313970729953,0.09447938619089909,0.08442941149238681,0.7580116713633303,0.7304251790046692,0.8410860896110535,1.2477556467056274,1.1816906929016113,1.7520642280578613,0.7440209984779358,1.4149998426437378,2.8957417011260986,0.725636899471283,0.009197715669870377,2.4202237129211426,0.7107985019683838
297,0.0001,0.08308126255869866,0.9448405526449407,0.20743827814938592,0.8855149450561363,0.9387680114335115,24.196826696395874,0.05775758077700933,0.04223336527744929,0.035592891337970896,0.09671940008799235,0.05775758077700933,0.7983707050482433,0.08587312710578324,0.11580726968460396,0.040415646172449235,0.0936479172745689,0.08587312710578324,0.7517272312133039,0.7304208278656006,0.8401446342468262,1.2480899095535278,1.179280400276184,1.750973105430603,0.744379997253418,1.413174033164978,2.892146348953247,0.7260056138038635,0.007513429969549179,2.4156877994537354,0.7107477784156799
298,0.0001,0.0813251024732987,0.9467914068196391,0.20030453654586292,0.8864836477850867,0.9393405970752197,24.06639337539673,0.05850807670503855,0.04127480825409293,0.0364327154122293,0.0984198223799467,0.05850807670503855,0.7982899129390717,0.08801975650865523,0.11193175174173761,0.04114616295841873,0.09455723608614969,0.08801975650865523,0.746708911950471,0.7287502288818359,0.8395312428474426,1.2485315799713135,1.175159215927124,1.7504969835281372,0.7446473836898804,1.409360647201538,2.887346029281616,0.7260591387748718,0.006400827318429947,2.413790702819824,0.7110300660133362
299,0.0001,0.08272063601762056,0.9464625779775838,0.21378748558583807,0.8783917424543315,0.9348231196234497,24.370275735855103,0.059096077891687554,0.041930510631452006,0.03585061359529694,0.09676984486480554,0.059096077891687554,0.7991556336482366,0.08874608429728961,0.11853333977890797,0.04428765531934676,0.0947947230983953,0.08874608429728961,0.7421002827706884,0.7266998291015625,0.8373595476150513,1.2487550973892212,1.171302318572998,1.7485263347625732,0.7447845339775085,1.4069769382476807,2.884032726287842,0.7261043787002563,0.005444289185106754,2.409640312194824,0.7111141085624695
300,0.0001,0.08285167291760445,0.9457787657022555,0.19720083572825448,0.8926143885186029,0.9429673001720873,25.764190435409546,0.05803435618678729,0.04204740381489198,0.03602327263603608,0.09642582647502422,0.05803435618678729,0.7998425851265589,0.0837060695544618,0.11052659862354154,0.03920312702167229,0.09831531883263198,0.0837060695544618,0.7535495494232803,0.72495436668396,0.8369272947311401,1.248932957649231,1.1709219217300415,1.7461704015731812,0.7448927760124207,1.4065072536468506,2.881587266921997,0.7263196110725403,0.004605628550052643,2.4069650173187256,0.7110421657562256
301,0.0001,0.08389937145014605,0.9444039579600081,0.1996116506271675,0.8898761100890791,0.9413723505085914,24.679630279541016,0.05765464026480913,0.042695883413155875,0.035017623628179236,0.09637993251283963,0.05765464026480913,0.7997228771448135,0.08433192174454204,0.11029792760239272,0.03796745238245511,0.09388070187119187,0.08433192174454204,0.7545816106874434,0.723977267742157,0.8372971415519714,1.2492536306381226,1.1696603298187256,1.744411587715149,0.7450946569442749,1.4075937271118164,2.8786444664001465,0.7262582182884216,0.004271684680134058,2.4033801555633545,0.711567759513855
302,0.0001,0.08104191776365041,0.9474164127129556,0.19836034149420065,0.8896712328139887,0.9412969021405924,26.24797797203064,0.05930028346677621,0.04129624338820577,0.03540417486801743,0.09728955974181493,0.05930028346677621,0.8019110689560572,0.08275749033591787,0.1091180369257927,0.03948788589141408,0.09430649901022677,0.08275749033591787,0.7550311205817051,0.7235400676727295,0.8376253247261047,1.2493995428085327,1.1705992221832275,1.7432701587677002,0.7455171346664429,1.4056676626205444,2.876199960708618,0.7264806032180786,0.003701588371768594,2.399657726287842,0.711516261100769
303,0.0001,0.0819001770267884,0.9459309906936796,0.20579964191210073,0.8872521904114863,0.9398746201927294,24.137736320495605,0.05949041439841191,0.04160546033332745,0.035405666939914225,0.09963928945362568,0.05949041439841191,0.8022037615378698,0.08385502290530283,0.11547031302432545,0.03845043785747935,0.09367609708035579,0.08385502290530283,0.7541884750616356,0.7227387428283691,0.836616575717926,1.2498714923858643,1.1705461740493774,1.7416718006134033,0.7461244463920593,1.4050886631011963,2.8740007877349854,0.7266052961349487,0.003417452797293663,2.3964521884918213,0.7114102840423584
304,0.0001,0.08271129081646601,0.9452902302721242,0.20107845815478778,0.8885447973931104,0.940598237329278,24.870126008987427,0.058311248073975246,0.042021125089377165,0.035561786281565824,0.09762025910119215,0.058311248073975246,0.8003637154897054,0.08437720283133085,0.11250719489132771,0.038522326311127085,0.09501748361059877,0.08437720283133085,0.754071192663224,0.7223316431045532,0.8358741998672485,1.2504656314849854,1.16832435131073,1.7405885457992554,0.7466856241226196,1.405157446861267,2.8722665309906006,0.7269306182861328,0.0031394290272146463,2.3909380435943604,0.7115663290023804
305,0.0001,0.08178871944546699,0.9463848878466496,0.1999121755361557,0.891576748852572,0.9423582737620066,25.833674907684326,0.058544774726033214,0.04206618823421498,0.03538709782684843,0.09695291308065256,0.058544774726033214,0.8006451080242792,0.08429204953498527,0.11196165373090838,0.03782200984290389,0.0943074387605073,0.08429204953498527,0.7450710398251893,0.7212702631950378,0.8353930115699768,1.2506963014602661,1.1672029495239258,1.7404217720031738,0.7468283772468567,1.4024690389633179,2.868546485900879,0.7270647287368774,0.002753991400822997,2.3880248069763184,0.7121755480766296
306,0.0001,0.08318677743275961,0.9448063465767536,0.2080105953529233,0.8847148089808755,0.9384297533938282,24.411927938461304,0.05786985314140717,0.04290035438413421,0.03592303538074096,0.0977918175359567,0.05786985314140717,0.8036693682273229,0.0947237276151532,0.11325187016217435,0.03617964257470897,0.0934463769930308,0.0947237276151532,0.7274544747149359,0.7191368341445923,0.8347623348236084,1.2509616613388062,1.1635617017745972,1.7401673793792725,0.7472028732299805,1.3986808061599731,2.8657145500183105,0.7268807888031006,0.0025047799572348595,2.3823630809783936,0.7122235894203186
307,0.0001,0.08273280616849661,0.9466908404404449,0.1995607756200384,0.889442757185935,0.941117148015416,23.95608639717102,0.061239255343874296,0.041582410937796035,0.035811658824483554,0.09812374735871951,0.061239255343874296,0.7916726142168045,0.0818820198784109,0.11198105357709479,0.03795467622456004,0.09134491459756601,0.0818820198784109,0.7657593449608224,0.7195528149604797,0.834366500377655,1.2515277862548828,1.1643166542053223,1.737502932548523,0.7476365566253662,1.4000154733657837,2.863151788711548,0.7269907593727112,0.0027324690017849207,2.3794891834259033,0.7124683856964111
308,0.0001,0.08181825634092092,0.946044443751363,0.20947890154650953,0.8845462256721559,0.9382427726984246,24.07665991783142,0.05956486190358798,0.04181664648155371,0.03569902771462997,0.0974503517150879,0.05956486190358798,0.7983061820268631,0.09222026071587547,0.1157851024973588,0.035764494636019724,0.09249028294789986,0.09222026071587547,0.7329740543834499,0.719565212726593,0.8327301740646362,1.2518893480300903,1.163439154624939,1.7355693578720093,0.7481473684310913,1.3948705196380615,2.8602898120880127,0.72687828540802,0.0025396160781383514,2.3754031658172607,0.7123300433158875
309,0.0001,0.08197912505517403,0.9461941529005636,0.20350412169440849,0.8871421389445736,0.9398301731944969,25.076093196868896,0.05995218555132548,0.041557775779316825,0.03627065295974414,0.09714540131390095,0.05995218555132548,0.7954801658789317,0.08593722872558188,0.11487970879820526,0.03832636810228473,0.09357599169015884,0.08593722872558188,0.7479934223362656,0.7198631763458252,0.8321228623390198,1.2521580457687378,1.1622120141983032,1.7330496311187744,0.7484251856803894,1.3907626867294312,2.858882427215576,0.7269167900085449,0.0026068813167512417,2.374393939971924,0.71251380443573
310,0.0001,0.0800481416285038,0.948751936338192,0.20794907749676314,0.8863445954095966,0.9393016872897093,23.824610233306885,0.05881050347040097,0.04048939583202203,0.03547667342548569,0.09644059762358666,0.05881050347040097,0.7986850380897522,0.08547909215825503,0.1175660129453315,0.03850904070451611,0.09306886706684457,0.08547909215825503,0.7473261844916422,0.7190424203872681,0.8312948346138,1.2524784803390503,1.1626332998275757,1.7313357591629028,0.7488209009170532,1.3887461423873901,2.8564393520355225,0.7270297408103943,0.0026009392458945513,2.3673789501190186,0.71234130859375
311,0.0001,0.08123347442597151,0.9471064067711434,0.2011287889031113,0.8904515301523603,0.9416975742194161,24.21772027015686,0.05900427841891845,0.04137442403783401,0.035503433148066206,0.09622918975849946,0.05900427841891845,0.7985004365444184,0.08736012289758588,0.11040103484372624,0.038099496274209416,0.09333455281668022,0.08736012289758588,0.7425724355900873,0.7174652814865112,0.8313996195793152,1.252745509147644,1.1577037572860718,1.7314879894256592,0.7486932873725891,1.3823885917663574,2.854111909866333,0.7269176840782166,0.002584317000582814,2.3633816242218018,0.7126458287239075
312,0.0001,0.07941077804813783,0.9479802072840062,0.20390423472787514,0.8873216218300756,0.9399069012521362,24.909476041793823,0.058481879594425364,0.040614317854245505,0.034796227142214774,0.09515778049826622,0.058481879594425364,0.7957690457503,0.09050826874912762,0.11203306266030327,0.03466116624777434,0.09227853866874194,0.09050826874912762,0.7380465904220206,0.7170347571372986,0.8309587836265564,1.2528064250946045,1.155022144317627,1.7307052612304688,0.7490872740745544,1.3812987804412842,2.850412130355835,0.7270594835281372,0.0020835967734456062,2.358769655227661,0.7127384543418884
313,0.0001,0.08441472326715788,0.9445186068462235,0.20680629181080176,0.8903499577103222,0.9415948015744895,24.27414584159851,0.05838718346009652,0.04225214906036854,0.03492463938891888,0.09622584817310174,0.05838718346009652,0.7998169283072154,0.08960833278347234,0.11179591104632518,0.03737019039079791,0.09496820742478136,0.08960833278347234,0.7270471062816557,0.7180970907211304,0.8295670747756958,1.2533175945281982,1.150310754776001,1.7286765575408936,0.7496721148490906,1.3803834915161133,2.8483426570892334,0.7271795272827148,0.0030896360985934734,2.355250358581543,0.7127211093902588
314,0.0001,0.08159549174209436,0.9472041508933426,0.2020460306132426,0.8892870704075204,0.9409820040155183,25.443748235702515,0.057823991092542805,0.04144786453495423,0.03434560882548491,0.09544175987442334,0.057823991092542805,0.8020372827847798,0.08642988603134624,0.11102898602114349,0.035214159820900585,0.0933138259121629,0.08642988603134624,0.7509569388921143,0.7162925601005554,0.8293810486793518,1.2535572052001953,1.148909330368042,1.728554368019104,0.7501822710037231,1.3805010318756104,2.8463218212127686,0.7273505926132202,0.003342993790283799,2.355231285095215,0.7131634950637817
315,0.0001,0.08000095436970393,0.9473689022178735,0.2132464412783013,0.8835400393497005,0.9377191080725279,23.898853302001953,0.05815762616693974,0.04022962373370926,0.03520780621717374,0.09721708459158739,0.05815762616693974,0.8000748485326767,0.0858031194962439,0.11904737402181156,0.039839702062919494,0.09358590401586939,0.0858031194962439,0.7455660153607853,0.7164463400840759,0.8289260864257812,1.2538936138153076,1.1487507820129395,1.728094220161438,0.7504289746284485,1.3789829015731812,2.8435170650482178,0.7272244095802307,0.0027758791111409664,2.3491697311401367,0.7134894728660583
316,0.0001,0.08289392578105131,0.9468556982351103,0.20301185548305511,0.8904642197549419,0.9417575259673011,23.967975854873657,0.059352375008165835,0.04143563397228718,0.03517160111417373,0.09684100660185019,0.059352375008165835,0.7989677131175995,0.08657402105507303,0.1141928357423329,0.040240780374065775,0.0941402946339279,0.08657402105507303,0.7412175448214422,0.7165152430534363,0.8280176520347595,1.2541279792785645,1.146382451057434,1.72543466091156,0.750682532787323,1.3772810697555542,2.839749336242676,0.727368950843811,0.0033069555647671223,2.3439011573791504,0.7133757472038269
317,0.0001,0.07893433757126331,0.9494093147580508,0.20562795415276386,0.8872706587691557,0.93983112399133,24.909844875335693,0.056900104383627574,0.0398792608641088,0.03489090576767921,0.09444548139969508,0.056900104383627574,0.8025633335113526,0.0878962483562407,0.11490000491259528,0.03729489372401941,0.09094439312571385,0.0878962483562407,0.7446053203989248,0.7152824401855469,0.8279901742935181,1.2546370029449463,1.14505934715271,1.725651502609253,0.7507585287094116,1.3774596452713013,2.837190866470337,0.7273116111755371,0.0032724349293857813,2.340087890625,0.713363528251648
318,0.0001,0.08153862872471412,0.9465580642716421,0.20612573135094564,0.8880957974219693,0.9402957814838792,24.13060998916626,0.058538893175621824,0.0414566962979734,0.03514270096396407,0.09517404412229856,0.058538893175621824,0.7993888437747956,0.08670807605395552,0.11396154553675261,0.03832189048655697,0.09109460794534839,0.08670807605395552,0.7516767372850512,0.7164469361305237,0.8276051878929138,1.2549693584442139,1.1466453075408936,1.7245227098464966,0.7510375380516052,1.3776918649673462,2.835034132003784,0.7276715636253357,0.00360409845598042,2.3330636024475098,0.7134921550750732
319,0.0001,0.07909451524416605,0.9481545932472574,0.19883189264868126,0.8922368461411638,0.9427108632519684,23.998786211013794,0.05683294273912907,0.040622657040754954,0.03523280813048283,0.09451937588552634,0.05683294273912907,0.8067071725924809,0.08362307411725403,0.11277437930712934,0.038149487776834454,0.09151928285594846,0.08362307411725403,0.7507438532641677,0.7144699096679688,0.8277120590209961,1.2552547454833984,1.145470142364502,1.7246198654174805,0.7513027787208557,1.3756358623504639,2.833406686782837,0.7279357314109802,0.003653336549177766,2.3325247764587402,0.7138208746910095
320,0.0001,0.07970783387621244,0.947938807031967,0.2024581217374958,0.8864264445786427,0.9394106561941119,23.514500617980957,0.05695397201925516,0.04113153551394741,0.03457867723579208,0.09489276446402073,0.05695397201925516,0.8106880486011505,0.08585137715105151,0.11471985231657497,0.03691638383220454,0.0914545748077455,0.08585137715105151,0.7449216324774945,0.7144991159439087,0.827061653137207,1.255361795425415,1.1460695266723633,1.7220193147659302,0.7516591548919678,1.3721966743469238,2.8298521041870117,0.7279930114746094,0.0035873185843229294,2.327651023864746,0.7141813039779663
321,0.0001,0.07447321185221274,0.9511450454688931,0.2065429670400307,0.8866235946738157,0.9394333701158052,24.537949800491333,0.05442752745002508,0.037552240087340275,0.03411056247229378,0.09413900449872017,0.05442752745002508,0.8141079773505528,0.0897523864615159,0.11446876481908266,0.036572248171098894,0.0904229002409294,0.0897523864615159,0.7400425457563556,0.7130135893821716,0.8272098898887634,1.2555502653121948,1.1442664861679077,1.7205299139022827,0.7518566250801086,1.3716967105865479,2.827606678009033,0.7278934121131897,0.002865550806745887,2.323259115219116,0.7142874002456665
322,0.0001,0.0777563522880276,0.9488933591635664,0.20260830541126063,0.8884199067404059,0.9405427438664987,23.98815107345581,0.05749278571456671,0.03984452172492941,0.034842647860447565,0.0950339778016011,0.05749278571456671,0.8007756849129994,0.08709210670385205,0.11455956443411405,0.035585285576640584,0.08819500979830007,0.08709210670385205,0.7402391746395924,0.7121307849884033,0.8271179795265198,1.2556283473968506,1.1433664560317993,1.7189146280288696,0.75218266248703,1.367603063583374,2.8243422508239746,0.727888822555542,0.0022979099303483963,2.3180084228515625,0.7145982384681702
323,0.0001,0.07858188903580109,0.9482017178810552,0.19858701649259347,0.8926841403652014,0.9429237560037053,24.3572359085083,0.05682393641521533,0.04021792073423664,0.03476481313506762,0.09433657762904962,0.05682393641521533,0.805858368674914,0.08326677245194794,0.11318658829712477,0.03839193082979468,0.09100669732347863,0.08326677245194794,0.7549280807620189,0.7117657661437988,0.8269741535186768,1.2557268142700195,1.1435174942016602,1.717962622642517,0.7525818347930908,1.3642916679382324,2.8208940029144287,0.7280886769294739,0.001888154773041606,2.3118374347686768,0.7149679660797119
324,0.0001,0.07650497537106275,0.9499348586768249,0.20443111658096313,0.885483854442936,0.9388875484581783,23.976831436157227,0.05590202128514647,0.039106275389591855,0.03365268362686038,0.09534534898897012,0.05590202128514647,0.8066324104865392,0.08713339122592426,0.11584999754292066,0.03626564816861856,0.0913000583160119,0.08713339122592426,0.7452912096117363,0.710722029209137,0.8267614841461182,1.2557977437973022,1.143430233001709,1.7163993120193481,0.7527115345001221,1.3647841215133667,2.819525957107544,0.7281054258346558,0.0019718094263225794,2.3089542388916016,0.7150139808654785
325,0.0001,0.07712670397013426,0.9498979915519568,0.21194246802173677,0.8826734337078473,0.9371615423381545,25.2814724445343,0.057139582745730874,0.03891371122250954,0.03485731985419989,0.09561461297174295,0.057139582745730874,0.802109016974767,0.0892105586216098,0.1184774825318915,0.03649258381519161,0.09132922110987492,0.0892105586216098,0.7367376010926043,0.7101450562477112,0.8260459899902344,1.2561124563217163,1.1421564817428589,1.714878797531128,0.7530184388160706,1.3620505332946777,2.81673264503479,0.727946937084198,0.002170753665268421,2.303640365600586,0.7150000929832458
326,0.0001,0.07564767487347127,0.9503943847689134,0.21289999954036024,0.8826039161086989,0.9372008879964372,24.071609497070312,0.05491080681482951,0.03836454097181559,0.03358103288337588,0.09427966823180517,0.05491080681482951,0.8104846030473709,0.08705061942827506,0.1223246125412769,0.036541162944230876,0.08876524535847492,0.08705061942827506,0.7451256318170516,0.7078419923782349,0.8256299495697021,1.256371259689331,1.1392436027526855,1.7138726711273193,0.753380298614502,1.357762098312378,2.8149936199188232,0.7278393507003784,0.0018930700607597828,2.299241065979004,0.7151690125465393
327,0.0001,0.07605073358863593,0.9508633138718725,0.20877904481575138,0.8851208878013753,0.9386995018545976,25.414382934570312,0.056826789987583955,0.0389504318125546,0.034484083050241074,0.09399219987293085,0.056826789987583955,0.8047921697298686,0.08696183525636549,0.12058717085689795,0.03557125369056326,0.09008218115959012,0.08696183525636549,0.7411564969625629,0.7076465487480164,0.8252095580101013,1.256485939025879,1.1379590034484863,1.7132294178009033,0.7534648776054382,1.3552833795547485,2.8119354248046875,0.7278069257736206,0.0016720074927434325,2.2942163944244385,0.7150934338569641
328,0.0001,0.07818367661287387,0.9486024560855376,0.22558283976844098,0.8780647629725588,0.9347327996490118,24.307682991027832,0.057304473407566545,0.04007443208247423,0.03406252032145858,0.09336269535124302,0.057304473407566545,0.8020838826894761,0.08947086480797314,0.12699623283792716,0.03962498793347937,0.09402804675160861,0.08947086480797314,0.7428553123943141,0.7073426246643066,0.8247396945953369,1.2565748691558838,1.138710379600525,1.7137948274612427,0.7538390159606934,1.355695366859436,2.808377265930176,0.7275956869125366,0.0017996105598285794,2.2838034629821777,0.71480393409729
329,0.0001,0.08051018280287583,0.947681687328856,0.2146837730876735,0.8854046280682957,0.9386811779461497,25.780553817749023,0.058250740232566996,0.041272076312452555,0.035196547179172435,0.09074116684496403,0.058250740232566996,0.8019358317057291,0.08197103941538295,0.12320687658474093,0.04273057338155684,0.0885290227463988,0.08197103941538295,0.7617954338183168,0.708333432674408,0.824321448802948,1.2567418813705444,1.141406536102295,1.7140156030654907,0.7542068958282471,1.3545641899108887,2.807457208633423,0.7280628085136414,0.003833848750218749,2.2834866046905518,0.7153550386428833
330,0.0001,0.07671341809133689,0.9498142511432073,0.21210382316933304,0.8823631637228306,0.9370346426634673,25.390615940093994,0.0551600344479084,0.03862576000392437,0.03389933370053768,0.09092297491927942,0.0551600344479084,0.8166745613018672,0.08338930812038359,0.1197139956667775,0.03845862018280342,0.08912951731290973,0.08338930812038359,0.7526736279002956,0.7080286145210266,0.8241927027702332,1.2569957971572876,1.1407901048660278,1.7130396366119385,0.7544971704483032,1.3537979125976562,2.806114912033081,0.728259265422821,0.005052556283771992,2.279961585998535,0.7156530618667603
331,0.0001,0.07605243064463138,0.9515530027861596,0.2024548698644169,0.890739728199507,0.9418635438433026,23.71451473236084,0.057970897170404594,0.038117334929605326,0.034304790354023375,0.09293684562047323,0.057970897170404594,0.801633224884669,0.08212123444822968,0.11659335601525228,0.0397293965225337,0.08920406745594056,0.08212123444822968,0.7605963427512372,0.7063872814178467,0.8235874772071838,1.2571886777877808,1.139331340789795,1.7113492488861084,0.7547385096549988,1.3514857292175293,2.803313970565796,0.7283478379249573,0.0044928016141057014,2.2788312435150146,0.7157770991325378
332,0.0001,0.07569370269775391,0.9500110854072082,0.20861194221699825,0.8863272863356828,0.9393701375465064,25.58409309387207,0.05703046799947818,0.03878693543374538,0.03430179310962558,0.09425517631073793,0.05703046799947818,0.8065994163354238,0.08582096046111623,0.12064021899074805,0.03793294892692175,0.09071913031769581,0.08582096046111623,0.7541328072547913,0.7061154842376709,0.8228801488876343,1.2574580907821655,1.1387678384780884,1.7104971408843994,0.7550419569015503,1.3489514589309692,2.801669120788574,0.7282597422599792,0.00417740922421217,2.2761476039886475,0.7159936428070068
333,0.0001,0.07531508672982454,0.9514298389589497,0.2085812331223097,0.8859043167037178,0.939107391885824,24.283284902572632,0.05811390361438195,0.03864962604517738,0.034368119575083254,0.09398202622930209,0.05811390361438195,0.802828292051951,0.08985970792223195,0.11789135830324204,0.03435174400200609,0.09013347364351397,0.08985970792223195,0.738760655043555,0.7056929469108582,0.822306752204895,1.2577465772628784,1.135332703590393,1.7102559804916382,0.7551863193511963,1.3463129997253418,2.800340175628662,0.7281919717788696,0.003956533502787352,2.273151159286499,0.7160431146621704
334,0.0001,0.07735322136431932,0.9498954640080116,0.20245882966479317,0.8907581348621638,0.9418289559066062,23.530171632766724,0.05712431073188782,0.03960372619330883,0.034752652514725924,0.09397943938771884,0.05712431073188782,0.8077688465515772,0.08392180038280174,0.11444303564360885,0.03778665415087684,0.0885172106447767,0.08392180038280174,0.7587215998133675,0.7053635120391846,0.8216329216957092,1.2580554485321045,1.1347638368606567,1.7088392972946167,0.7553049921989441,1.345564365386963,2.797323703765869,0.7280836701393127,0.004029572941362858,2.271068811416626,0.7160501480102539
335,0.0001,0.07288656029850245,0.9525996023890015,0.19855349767403524,0.8946012833802662,0.9440824027002708,24.13907265663147,0.05555049553513527,0.036916758151104054,0.03344439963499705,0.09171539321541786,0.05555049553513527,0.813873357574145,0.081821401343971,0.11603210329032335,0.03882983345233026,0.09071720232729052,0.081821401343971,0.7546313199840609,0.7047299742698669,0.8206353187561035,1.2582645416259766,1.133757472038269,1.7082229852676392,0.7553924918174744,1.3421205282211304,2.7945406436920166,0.72821044921875,0.003533340059220791,2.265854835510254,0.7159998416900635
336,0.0001,0.07641045233855645,0.9502441788231326,0.20308912850794245,0.8899373305647911,0.9413051140266776,24.856285095214844,0.05771680461863677,0.03936772057786584,0.034378442261368033,0.09418910071253776,0.05771680461863677,0.8059070815642675,0.08697381688923132,0.11608406522723495,0.036967344398869846,0.09100770473968788,0.08697381688923132,0.7464784833251453,0.7037677764892578,0.820377767086029,1.2584749460220337,1.1317930221557617,1.707909345626831,0.7556920051574707,1.3416593074798584,2.7916805744171143,0.7281209230422974,0.004768837243318558,2.263439416885376,0.7161945700645447
337,0.0001,0.07467399400969346,0.9514857899810264,0.20730783314001364,0.8876917956892064,0.9400675441438537,23.646798133850098,0.056346855809291205,0.03814601019645731,0.03412014717857043,0.09383108268181482,0.056346855809291205,0.804036483168602,0.08623083937363546,0.12080398812645772,0.038869747189713304,0.09088093909572383,0.08623083937363546,0.7485953696438523,0.7031340599060059,0.8198330998420715,1.2586350440979004,1.1288379430770874,1.7060576677322388,0.7559658288955688,1.3396469354629517,2.789926290512085,0.7280361652374268,0.006737703923135996,2.2591400146484375,0.7161002159118652
338,0.0001,0.07801553880174955,0.9495881581505112,0.21178465519772202,0.8878307220857448,0.9401801538454401,24.44942593574524,0.05833119290570418,0.03924013304834564,0.03448198310409983,0.0932807250569264,0.05833119290570418,0.7976311534643173,0.08615884893253202,0.12344672017898715,0.03675233389510483,0.08912332820110634,0.08615884893253202,0.7483042117025032,0.70079106092453,0.8199426531791687,1.2589527368545532,1.1267597675323486,1.7072173357009888,0.7561429142951965,1.3395026922225952,2.788203477859497,0.7280229926109314,0.011944666504859924,2.2562944889068604,0.7162320613861084
339,0.0001,0.0762401632964611,0.9507604285814508,0.22503173986419303,0.880012322591214,0.9356027468813148,24.537636756896973,0.056864842462042965,0.03880698230738441,0.03450308398654064,0.09373446380098661,0.056864842462042965,0.8072949796915054,0.09432733181070109,0.12732986861565074,0.03532897339003985,0.08912187985709456,0.09432733181070109,0.7377673025991096,0.7005916237831116,0.8196552395820618,1.259119987487793,1.126058578491211,1.7064926624298096,0.7563254237174988,1.3372724056243896,2.7873361110687256,0.7278232574462891,0.013735552318394184,2.2519443035125732,0.7163074016571045
340,0.0001,0.07568196517725785,0.9516193313833264,0.21208437519972442,0.8830199866447462,0.9374603472086702,24.254966735839844,0.056494965218007565,0.038364317081868646,0.033886163495481014,0.09269835539162159,0.056494965218007565,0.8100724458694458,0.08875077926233167,0.1235325275385966,0.03556258097046711,0.08989642633766425,0.08875077926233167,0.7426299863174314,0.700907826423645,0.8191612362861633,1.2591665983200073,1.1244443655014038,1.7046804428100586,0.7565823197364807,1.333890676498413,2.7857415676116943,0.7276182174682617,0.014118419028818607,2.2476322650909424,0.7163588404655457
341,0.0001,0.07393201881398757,0.9514639974346324,0.2137723394104692,0.8842267942864503,0.9380999054797048,24.02770733833313,0.056101391774912676,0.03737674839794636,0.033590328662345806,0.093081034719944,0.056101391774912676,0.8052401249607404,0.08948960069750177,0.12162047942153743,0.033517733216285706,0.08865570948749292,0.08948960069750177,0.7451336735584697,0.6999062299728394,0.8184099793434143,1.2593958377838135,1.1235554218292236,1.7032955884933472,0.7568647861480713,1.330238938331604,2.783315896987915,0.7276675701141357,0.01367829367518425,2.2458479404449463,0.7163876891136169
342,0.0001,0.07622509251038233,0.9501073360145789,0.20534977805419047,0.8896493848704812,0.9411534698891154,24.871801376342773,0.05688122945527236,0.03897263972709576,0.03402429024378459,0.09321599702040355,0.05688122945527236,0.8023220698038737,0.084946801427935,0.11823956717233189,0.03653308511024616,0.08963631032431713,0.084946801427935,0.7573222322542159,0.698853611946106,0.8178930282592773,1.259718894958496,1.1219114065170288,1.7025811672210693,0.7569926977157593,1.3265620470046997,2.7811200618743896,0.7276755571365356,0.012850316241383553,2.244959831237793,0.7165759205818176
343,0.0001,0.07440719020863375,0.9524658607482117,0.21154719786565812,0.887145918697448,0.9397366312720473,24.38147783279419,0.05585177553196748,0.03811325446392099,0.03315735139573614,0.09448240933318933,0.05585177553196748,0.8144303818543752,0.08250632906546358,0.1231771998229574,0.03792209398062503,0.0907907457869561,0.08250632906546358,0.7584751277673439,0.6988260746002197,0.8174506425857544,1.2598283290863037,1.1215052604675293,1.7021162509918213,0.75717693567276,1.32584810256958,2.7799465656280518,0.7278836369514465,0.013025336898863316,2.23876953125,0.7165161967277527
344,0.0001,0.07379589105645816,0.9519999504021069,0.20657764595063005,0.8884351368325368,0.9405399207626064,24.1356840133667,0.055466130189597604,0.03770952817673485,0.03343635980660717,0.09319122272233168,0.055466130189597604,0.8117820064226786,0.08718339268301355,0.11739642087553369,0.03542603949298624,0.08869348148830601,0.08718339268301355,0.7487109156905628,0.6980072855949402,0.816887378692627,1.2600466012954712,1.120059609413147,1.7000659704208374,0.7572874426841736,1.32378089427948,2.777669668197632,0.7279053926467896,0.011456126347184181,2.23323130607605,0.7166719436645508
345,0.0001,0.07296910776446262,0.9529089538630158,0.20853608919948827,0.8886979438911383,0.9406779858409973,24.696042776107788,0.057014033943414685,0.03686667426178853,0.033608618285506965,0.091557652130723,0.057014033943414685,0.8073023408651352,0.09089985917337605,0.11858646339568936,0.035099109176729544,0.08895089355159978,0.09089985917337605,0.7362898773834353,0.696202278137207,0.8164523839950562,1.2601821422576904,1.1180689334869385,1.7005807161331177,0.7574460506439209,1.323837399482727,2.776104211807251,0.727713942527771,0.0094406483694911,2.2305214405059814,0.7166829109191895
346,0.0001,0.0751320065309604,0.9501949364083093,0.2038514364938267,0.8875958114904996,0.9400009033095055,24.01857900619507,0.05667516272515059,0.03838848226393263,0.03355673061062892,0.0918164352575938,0.05667516272515059,0.8103682418664296,0.09608794455645514,0.1165923930582453,0.03409953146684365,0.08905427438802406,0.09608794455645514,0.7280344112974698,0.6948285102844238,0.8155730962753296,1.2604600191116333,1.1163724660873413,1.6993228197097778,0.7576921582221985,1.3203431367874146,2.7738037109375,0.7277868390083313,0.00880731362849474,2.228170156478882,0.7164747714996338
347,0.0001,0.0744461785381039,0.9522165356720168,0.20876572122339343,0.8866886359201049,0.9395221919642103,24.938040256500244,0.055815197185923655,0.03774746147294839,0.033771014182517926,0.09335288194318613,0.055815197185923655,0.810858725508054,0.08718180021301644,0.12009577917270974,0.03489394241669139,0.08670179924515427,0.08718180021301644,0.7471249621422564,0.6943848133087158,0.8158063888549805,1.260671615600586,1.117994785308838,1.6990686655044556,0.7579348683357239,1.3215864896774292,2.772230386734009,0.7281021475791931,0.01880001649260521,2.2277884483337402,0.7169926166534424
348,0.0001,0.07426371307422718,0.9523130336924164,0.20431228959169545,0.8889968674341063,0.9408293195421641,24.008302927017212,0.055887869621316595,0.038274143108477196,0.033188443475713335,0.09172584687670073,0.055887869621316595,0.8109705785910288,0.08579613585941127,0.11777633025509412,0.03621024271992386,0.08864635510034248,0.08579613585941127,0.7551779287760375,0.6941359639167786,0.8156328797340393,1.2608603239059448,1.1176077127456665,1.6976585388183594,0.758165717124939,1.3194912672042847,2.769787549972534,0.7281090617179871,0.02146623656153679,2.2257907390594482,0.7169149518013
349,0.0001,0.07249981065591177,0.9538517359887956,0.2074221653527901,0.8885702880189357,0.9406394095690235,25.243769884109497,0.05470491958161195,0.03666260583947102,0.03323083007708192,0.09402749091386794,0.05470491958161195,0.8131919741630554,0.08720447342903888,0.12130220845097402,0.033851462248407425,0.08779177729223596,0.08720447342903888,0.7470673019768762,0.6928597092628479,0.8154768347740173,1.2611223459243774,1.1161751747131348,1.6975739002227783,0.7583364844322205,1.3198438882827759,2.7665674686431885,0.7281660437583923,0.0244954414665699,2.2210497856140137,0.7168421745300293
350,0.0001,0.07132386813561122,0.9536640015273891,0.2105556345376812,0.8881756470209157,0.9403877250211179,23.97227954864502,0.056004895952840646,0.036116500943899156,0.03291295462598403,0.09260245598852634,0.056004895952840646,0.8064329544703166,0.08904089448881931,0.12194994153057942,0.0338936518938815,0.08756403148662849,0.08904089448881931,0.7434010730415094,0.6925215721130371,0.8152995109558105,1.2612682580947876,1.1158363819122314,1.6956812143325806,0.7586365938186646,1.3162651062011719,2.7643861770629883,0.7280810475349426,0.022131217643618584,2.2179148197174072,0.716921865940094
351,0.0001,0.07185288282732169,0.9535696940295432,0.2033473724713091,0.8903433688144142,0.9416871040845496,24.75698494911194,0.05506769629816214,0.036641132179647685,0.03336264655614893,0.09304218826194605,0.05506769629816214,0.8109136978785197,0.0820558632983536,0.11885847444417047,0.039280593700584815,0.09114964843773452,0.0820558632983536,0.7614941323389772,0.6921632289886475,0.8148712515830994,1.2613964080810547,1.1148566007614136,1.694636583328247,0.7588585019111633,1.3143469095230103,2.762882709503174,0.7282003164291382,0.019784659147262573,2.2176623344421387,0.7168458700180054
352,0.0001,0.07205080675582091,0.9537154527194712,0.2075749572183265,0.8892327859770616,0.9410192402160596,24.980008602142334,0.053731986631949745,0.03672859439005454,0.03315013125538826,0.09295650037626425,0.053731986631949745,0.8124237577120463,0.08148922038371445,0.12290399289522015,0.03868409936301044,0.09012968984783673,0.08148922038371445,0.7668787426635867,0.6912294626235962,0.8141445517539978,1.2617334127426147,1.1140092611312866,1.6934664249420166,0.7590595483779907,1.313462495803833,2.761464834213257,0.7282195687294006,0.016222629696130753,2.2139787673950195,0.716956377029419
353,0.0001,0.07225962604085605,0.9540746924503132,0.2068902967406101,0.8896503890548092,0.9412344339558948,24.59359884262085,0.05451602985461553,0.03641949323937297,0.03325903667137027,0.09287022836506367,0.05451602985461553,0.8139525443315506,0.08428374494685502,0.1203466074877098,0.03729453353119678,0.08795478891153805,0.08428374494685502,0.7538746390186373,0.6906877160072327,0.8135696649551392,1.2617934942245483,1.1136670112609863,1.6920744180679321,0.7593091130256653,1.3113062381744385,2.759154796600342,0.7282410860061646,0.01564936526119709,2.210358142852783,0.7169788479804993
354,0.0001,0.07218568033228318,0.9533139277383845,0.2002236247062683,0.8926791323425789,0.9429731040445295,22.447964429855347,0.05600137145568927,0.03677047211676836,0.033139997099836664,0.09270796316365401,0.05600137145568927,0.8144516895214716,0.08026924326283033,0.11786313574822223,0.03970180085447968,0.08977679688422406,0.08026924326283033,0.7685377705292623,0.6899687647819519,0.8131484985351562,1.2621150016784668,1.11185884475708,1.6918822526931763,0.7595208883285522,1.3118802309036255,2.7581517696380615,0.7283080816268921,0.01875121332705021,2.207227945327759,0.7169391512870789
355,0.0001,0.07251700386404991,0.9529041037716065,0.20740650472093802,0.8900411660513304,0.9414767566513583,24.3808376789093,0.05431216700623433,0.03708495842292905,0.03302182427917918,0.09228737813731035,0.05431216700623433,0.8129588613907496,0.0823567626906223,0.12163810798379242,0.037668597075294276,0.08959580713608226,0.0823567626906223,0.7587392076117093,0.6883005499839783,0.8125314712524414,1.2622486352920532,1.1110881567001343,1.6903437376022339,0.7596887350082397,1.3093750476837158,2.7566542625427246,0.728439211845398,0.01719089224934578,2.202733039855957,0.7170765399932861
356,0.0001,0.07097575217485427,0.9543937703036038,0.20158897560150896,0.8927973339614674,0.9430298576387406,23.200680255889893,0.05393962779392799,0.03601330971966187,0.03300562910735607,0.09239552691578864,0.05393962779392799,0.8178905040025711,0.08267600883225926,0.1193392379362075,0.03744194009264962,0.08833779504553216,0.08267600883225926,0.76176539307735,0.6883668303489685,0.8123448491096497,1.262656807899475,1.1108980178833008,1.6899361610412598,0.7597790360450745,1.3089418411254883,2.754826784133911,0.7283803820610046,0.01556595042347908,2.200617551803589,0.7170761227607727
357,0.0001,0.07200740333646535,0.9535284466516455,0.20333325423178125,0.8910522558549312,0.9420239226057925,24.290952444076538,0.05499466878051559,0.036857750918716195,0.03291659594203035,0.09173857644200326,0.05499466878051559,0.8140420893828074,0.08833886328779283,0.11610805402036573,0.03364957624771556,0.08704268211712603,0.08833886328779283,0.7446699416051146,0.6869145631790161,0.8120620846748352,1.262836217880249,1.1091744899749756,1.6886684894561768,0.759922981262207,1.306399941444397,2.752629041671753,0.7283318638801575,0.014368385076522827,2.1969058513641357,0.7169405817985535
358,0.0001,0.06961057807008425,0.9548694448698896,0.20784441271766288,0.8884862882886272,0.94053456086558,24.946202278137207,0.05352044490476449,0.03530574338510632,0.032450389489531516,0.09181678853929043,0.05352044490476449,0.8204202959934871,0.0837294762251807,0.12105775771082425,0.03651602560135185,0.08747613906371789,0.0837294762251807,0.7563912155198269,0.6857502460479736,0.8115196228027344,1.263010859489441,1.1084781885147095,1.6884636878967285,0.7601096630096436,1.3054163455963135,2.7501511573791504,0.7285284399986267,0.011947236955165863,2.19446063041687,0.7168641090393066
359,0.0001,0.0687382431079944,0.9560373002400168,0.20606875175335368,0.8907458007364347,0.9418695910628021,24.009525060653687,0.05396325578913093,0.03461373743290703,0.03229125884051124,0.09190304266909759,0.05396325578913093,0.8146064092715581,0.0840520831893702,0.12111317280863153,0.03593625177125462,0.08789374984678675,0.0840520831893702,0.7540835493900737,0.6844233870506287,0.8111820816993713,1.2632125616073608,1.1078208684921265,1.688323736190796,0.7603795528411865,1.3027546405792236,2.748631238937378,0.7285159230232239,0.011653437279164791,2.191920518875122,0.7169544100761414
360,0.0001,0.06953398765375217,0.9543365025681325,0.20338046159900602,0.8918065085585953,0.9424644887436616,24.759827613830566,0.05398051080604394,0.03552351426333189,0.033202324404070775,0.09136924768487613,0.05398051080604394,0.8125229944785436,0.08553006060299326,0.12015513171915149,0.03656875537555726,0.08849792719864455,0.08553006060299326,0.7510861471051076,0.6842457056045532,0.8107214570045471,1.2633155584335327,1.1077213287353516,1.6874473094940186,0.7607235312461853,1.301310658454895,2.745992422103882,0.7284343838691711,0.010012472048401833,2.1875317096710205,0.7171953916549683
361,0.0001,0.07200867757201194,0.9539069159324467,0.20485225173293567,0.8919227287710748,0.942541236084616,24.06364917755127,0.057014818054934344,0.03688045780484875,0.03349673437575499,0.09166821924348673,0.057014818054934344,0.8056074798107147,0.08378473192941947,0.12019741779468099,0.036116486201520824,0.09014801302405655,0.08378473192941947,0.7564685940742493,0.6833339333534241,0.8105337619781494,1.2636994123458862,1.1075161695480347,1.6863442659378052,0.7609454393386841,1.302356243133545,2.7442281246185303,0.728381335735321,0.009952082298696041,2.1852798461914062,0.7172892689704895
362,0.0001,0.07076633994777998,0.9541958845990953,0.20981199819533553,0.889439811555475,0.9411389170899155,24.420913219451904,0.05486634106685718,0.03639035979285836,0.03246829016134143,0.09208324688176314,0.05486634106685718,0.811961708466212,0.08039406870232253,0.12593729842881687,0.040734123499667055,0.08994147193724991,0.08039406870232253,0.7636468684087034,0.6827677488327026,0.8101337552070618,1.2638990879058838,1.1065601110458374,1.6852552890777588,0.7611717581748962,1.301622748374939,2.742394208908081,0.7283523678779602,0.010932723060250282,2.1838109493255615,0.7174279689788818
363,0.0001,0.07034851014614105,0.9550565563875935,0.2126343201418392,0.8862719580858351,0.9392616005695762,23.38409399986267,0.05498779894163211,0.03601172128692269,0.03334025110428532,0.09280264774958293,0.05498779894163211,0.8176525811354319,0.08383375210840194,0.12555278129264957,0.037201914325600764,0.08777193493041836,0.08383375210840194,0.7591058768209864,0.6822569966316223,0.8098092079162598,1.2640894651412964,1.1057989597320557,1.6846975088119507,0.761346161365509,1.2998676300048828,2.740255117416382,0.728265643119812,0.016152318567037582,2.181013584136963,0.7172037363052368
364,0.0001,0.06856131926178932,0.9560174507080509,0.20764073411949346,0.8884402587977718,0.9405503098179502,24.43172574043274,0.05352868170787891,0.03491732037315766,0.03302346927424272,0.09090110547840595,0.05352868170787891,0.8194330712159474,0.08389775284001084,0.12075027041747922,0.03543928363284127,0.08640399086670797,0.08389775284001084,0.751445903152716,0.6814537048339844,0.8094527125358582,1.2642401456832886,1.1044554710388184,1.6832555532455444,0.7615647912025452,1.298848271369934,2.7384185791015625,0.7281784415245056,0.019132239744067192,2.1761882305145264,0.7171974182128906
365,0.0001,0.07115432924280564,0.954956998150018,0.20974440066540828,0.8884840083908324,0.9405618978908499,25.237174034118652,0.05551127313325802,0.036165673409899075,0.03306084899231791,0.09093949906527996,0.05551127313325802,0.8105432033538819,0.0838362353502727,0.12520899037357236,0.035870917019296865,0.08748099952936172,0.0838362353502727,0.7594843926976939,0.6807640790939331,0.8087487816810608,1.2644394636154175,1.1039252281188965,1.683292269706726,0.761597752571106,1.2962658405303955,2.7357776165008545,0.7280803322792053,0.016962958499789238,2.173576831817627,0.7171645164489746
366,0.0001,0.07283617866535981,0.9532728686211419,0.20829958993880476,0.8895026833504004,0.9411995090100591,25.03560733795166,0.056756856261442105,0.037167732572803897,0.032933840962747735,0.09052450383702913,0.056756856261442105,0.8046199530363083,0.08247332739048317,0.1228385149944024,0.03604293516913398,0.08725628806430785,0.08247332739048317,0.7526949233696109,0.6802522540092468,0.8084841370582581,1.2646361589431763,1.1028568744659424,1.6819336414337158,0.7619117498397827,1.296910047531128,2.7343757152557373,0.7282097339630127,0.015256832353770733,2.1699562072753906,0.7171574234962463
367,0.0001,0.07041548993438482,0.9551803889032736,0.20884989763869613,0.8883470779137514,0.9404633006252682,24.57242751121521,0.05536604008326928,0.035675628234942754,0.0329503705414633,0.09163536143799624,0.05536604008326928,0.811384775241216,0.08440475251342429,0.12231410551266592,0.03595725398083202,0.08691577686638129,0.08440475251342429,0.7549602702015736,0.6794638633728027,0.8082953095436096,1.26473867893219,1.1013896465301514,1.6800971031188965,0.7620729804039001,1.2961738109588623,2.732630729675293,0.728225827217102,0.013452965766191483,2.1650991439819336,0.7172470688819885
368,0.0001,0.06742214473585288,0.957093795264195,0.20613644797293867,0.8916263837143984,0.9423984370505116,24.76477575302124,0.05243376400321722,0.033903260622173546,0.03252096297219396,0.09094431288540364,0.05243376400321722,0.8235759903987249,0.0809643197743619,0.12201216084058167,0.03573595378242555,0.08728695306621614,0.0809643197743619,0.762977623548664,0.6785225868225098,0.8076115846633911,1.2649905681610107,1.1001216173171997,1.678607702255249,0.762351393699646,1.2933564186096191,2.7298707962036133,0.7282989621162415,0.011300619691610336,2.161048173904419,0.7172403335571289
369,0.0001,0.06793820348878701,0.9567637842655958,0.20838113153567078,0.8894979279944871,0.9411268722547267,24.568621397018433,0.05367752589906256,0.03471094248816371,0.03243015371263027,0.0905761830508709,0.05367752589906256,0.8162795434395472,0.08299020873230012,0.12304849849372614,0.03479774375675154,0.08587821255453297,0.08299020873230012,0.7580417883200724,0.6773684620857239,0.8073416352272034,1.26498544216156,1.0984562635421753,1.6784931421279907,0.7624650001525879,1.2913790941238403,2.728158473968506,0.7283812165260315,0.00936322845518589,2.158261775970459,0.7171540856361389
370,0.0001,0.0698104594523708,0.9554414328644171,0.20599084432984963,0.891714553214267,0.9424162503650739,24.229142665863037,0.056171654475231966,0.03558665343249837,0.0330410350424548,0.09098406868676344,0.056171654475231966,0.8041781485080719,0.07919700028466396,0.12323333225289329,0.038012576396348044,0.08740965289170624,0.07919700028466396,0.7626007189516162,0.6765578389167786,0.8071973919868469,1.2650482654571533,1.0968244075775146,1.6778504848480225,0.7625959515571594,1.2891548871994019,2.7258317470550537,0.7286444902420044,0.007356149610131979,2.156100034713745,0.7171504497528076
371,0.0001,0.06866261884570121,0.956672146167173,0.2031174480426507,0.8922629941716855,0.9427552769014738,23.61589741706848,0.05430290810763836,0.03492282374451558,0.0325242823921144,0.09086989623804888,0.05430290810763836,0.8181437999010086,0.08221925282087482,0.12075929905547471,0.034981744333368835,0.08654431229243513,0.08221925282087482,0.7560225295238807,0.6759734749794006,0.8067822456359863,1.2651616334915161,1.0950162410736084,1.677186131477356,0.7628213763237,1.2864826917648315,2.723590612411499,0.7284577488899231,0.006814842578023672,2.1538102626800537,0.7170026302337646
372,0.0001,0.0700879123682777,0.9540959867990157,0.2091274666981619,0.8890775382379192,0.9409396177687241,24.88119339942932,0.05455660788963238,0.03613603071620067,0.032268743682652715,0.09049946963787078,0.05455660788963238,0.8118612815936407,0.08015749347014506,0.12606654010835242,0.03643908632583306,0.08689315922436167,0.08015749347014506,0.7679331498067887,0.6760531663894653,0.8065800070762634,1.2654067277908325,1.0955079793930054,1.6760666370391846,0.762945294380188,1.2853106260299683,2.721724271774292,0.7285884618759155,0.005736570805311203,2.1486473083496094,0.7171353697776794
373,0.0001,0.07146445885300637,0.9522790641593409,0.20340135791262642,0.8881662176561389,0.9404464831194985,23.977494955062866,0.05651070568710566,0.03639253505195181,0.03272604448720813,0.09091529920697212,0.05651070568710566,0.8063146188855171,0.08420537790802658,0.12367710129159395,0.03831762557879823,0.08970296443974385,0.08420537790802658,0.7600229714737564,0.6761913299560547,0.8058978319168091,1.2656365633010864,1.0961992740631104,1.6754753589630127,0.7631438374519348,1.2823054790496826,2.7204980850219727,0.7285369634628296,0.005345371551811695,2.151808500289917,0.7173046469688416
374,0.0001,0.06973798703402281,0.9557964846080098,0.2109581359097215,0.8867998123859835,0.9396562870733794,24.925406455993652,0.05503109774241845,0.03528552458932002,0.033427624062945444,0.09099960985283057,0.05503109774241845,0.8114027549823125,0.08666634864983011,0.12414449013647486,0.03469113736856179,0.08564365496400927,0.08666634864983011,0.747608904955817,0.6755495667457581,0.8058381080627441,1.265782117843628,1.0956552028656006,1.6747370958328247,0.7634057998657227,1.279718279838562,2.7185516357421875,0.7285029292106628,0.006246242206543684,2.1491847038269043,0.7174144983291626
375,0.0001,0.06766495611518622,0.9570144720481996,0.206299611046666,0.8909370763794551,0.9419719565207053,25.18541145324707,0.05301892509063085,0.034540112037211655,0.032408783212304115,0.09092303601404031,0.05301892509063085,0.8223556170860926,0.07995982956690867,0.12428385214727433,0.03633384943985548,0.08592293228282304,0.07995982956690867,0.7660608428423522,0.6751939654350281,0.8055877685546875,1.265857458114624,1.0959275960922241,1.673996090888977,0.7635279893875122,1.2784734964370728,2.7159578800201416,0.7285553812980652,0.007152180653065443,2.1467363834381104,0.7174825072288513
376,0.0001,0.06879469081759453,0.9558444515412282,0.20986655891918746,0.8891591696929639,0.9409582972060163,25.36027193069458,0.05463454890996218,0.03524882830679417,0.03227825254822771,0.09126844654480616,0.05463454890996218,0.8134684095780055,0.08036912024998275,0.12636802308872097,0.03697605821929994,0.08847177712643733,0.08036912024998275,0.7615439217598712,0.6751280426979065,0.8052271604537964,1.2661278247833252,1.0961320400238037,1.673566222190857,0.7637261152267456,1.2766079902648926,2.7146918773651123,0.728468120098114,0.006906930357217789,2.1449713706970215,0.7174859046936035
377,0.0001,0.07018695157021285,0.9552588436105255,0.20808375932154108,0.8888194843492002,0.9408107434576829,24.006210565567017,0.056013041424254575,0.035758766097327074,0.03249066146090627,0.09085740645726521,0.056013041424254575,0.8091379602750143,0.08105829248174293,0.12458053915227046,0.03679702546997148,0.08744653399850501,0.08105829248174293,0.7612629415558987,0.6745160818099976,0.8049255013465881,1.2662558555603027,1.0963068008422852,1.6739157438278198,0.7640213966369629,1.275434970855713,2.7138469219207764,0.7283585071563721,0.009201032109558582,2.1406188011169434,0.7174134254455566
378,0.0001,0.069434427904586,0.9561610362706374,0.21144859956913306,0.8865818070133635,0.9394192554977547,23.996407508850098,0.05208669956773519,0.0355905399347345,0.031678507073471945,0.0902666670580705,0.05208669956773519,0.8219409743944804,0.08525540997258953,0.1258412294211935,0.03666428494893136,0.08412566035985947,0.08525540997258953,0.7518374411786188,0.6736320853233337,0.8047597408294678,1.2663860321044922,1.091687560081482,1.6727639436721802,0.7642239332199097,1.2754154205322266,2.7119224071502686,0.7284036874771118,0.010440494865179062,2.137038230895996,0.7175614237785339
379,0.0001,0.06937082502990961,0.9556705235672766,0.20946823084940674,0.8885305882062327,0.9406116234991112,24.51347827911377,0.05548293671260277,0.035314230962346,0.032579668797552586,0.09048328449328741,0.05548293671260277,0.8108218044042588,0.08167619490232624,0.12498238267468624,0.035897897586959306,0.08594646439200541,0.08167619490232624,0.7578342830548521,0.6737579703330994,0.804421067237854,1.2665481567382812,1.0915886163711548,1.6704431772232056,0.764541745185852,1.2740784883499146,2.7100064754486084,0.7285571694374084,0.009838161990046501,2.1340205669403076,0.7177397012710571
380,0.0001,0.07024571572740873,0.9547119374411286,0.21060133493337474,0.888521969147764,0.9406160630028895,24.08455514907837,0.05558074166377385,0.03613692540675402,0.03336193555345138,0.09013962782919407,0.05558074166377385,0.803985470533371,0.08192289266429964,0.12584531832425322,0.03668201849108837,0.08505633204686837,0.08192289266429964,0.7594283213380908,0.6734705567359924,0.8042992949485779,1.2666927576065063,1.0909298658370972,1.6694438457489014,0.7647662162780762,1.2719987630844116,2.708486795425415,0.7284925580024719,0.009608674794435501,2.1314263343811035,0.7178736925125122
381,0.0001,0.0678808548177282,0.9558785293935076,0.2063250087323736,0.8901196612975749,0.9414742632264662,24.026854038238525,0.053342781526347,0.03499616983657082,0.03175072036683559,0.09065847347180049,0.053342781526347,0.8162793248891831,0.08188450165459367,0.1225842550152638,0.03649382256582135,0.08727958444200579,0.08188450165459367,0.7671640124477324,0.6726686954498291,0.8039101362228394,1.2669528722763062,1.0896005630493164,1.6681649684906006,0.7648448348045349,1.2719353437423706,2.7070083618164062,0.7284008264541626,0.009489035233855247,2.129567861557007,0.7179931402206421
382,0.0001,0.06860056010385354,0.9568687196062141,0.2088610016908802,0.8877723200309438,0.9401758874744848,25.79100799560547,0.054037681221961974,0.034813982682923475,0.0320018748442332,0.09205059086283048,0.054037681221961974,0.8180006315310796,0.08418514420751666,0.12314894331283256,0.034913284856764995,0.0864551296976746,0.08418514420751666,0.7512697186626371,0.6719043254852295,0.8032731413841248,1.2672370672225952,1.0877268314361572,1.6675409078598022,0.7649598121643066,1.2708324193954468,2.704806327819824,0.7283750772476196,0.009691135957837105,2.1254491806030273,0.7179887890815735
383,0.0001,0.06588625541577736,0.9575042004052728,0.2092949098250905,0.887590012219743,0.9400557293845017,23.90859055519104,0.05147293681899707,0.03350966641058525,0.03129674692948659,0.09055130320290725,0.05147293681899707,0.8225988388061524,0.08875195633192531,0.12311780574868937,0.03281880817452415,0.08564581941874301,0.08875195633192531,0.7404088426808841,0.6708491444587708,0.8027603030204773,1.2673146724700928,1.08683180809021,1.6673659086227417,0.7650654911994934,1.2698463201522827,2.702517032623291,0.7284247875213623,0.007265562191605568,2.122389316558838,0.7181991338729858
384,0.0001,0.06546582113951445,0.9584265586939165,0.20859649875124947,0.8885515437315262,0.9406153867576127,24.387903690338135,0.0527031351501743,0.03289752764006456,0.031400593401243286,0.09066731346150239,0.0527031351501743,0.8235514283180236,0.08259326940188642,0.12362414134330436,0.03494850356803566,0.0859561133824411,0.08259326940188642,0.7588506604804367,0.6699122190475464,0.802560031414032,1.2674669027328491,1.086097002029419,1.6662719249725342,0.7653645277023315,1.266788363456726,2.700751543045044,0.728420615196228,0.006261561531573534,2.1197469234466553,0.7182770371437073
385,0.0001,0.06776090388496717,0.9568640635901683,0.2106688122768871,0.8883906403183643,0.940523875021458,24.04630446434021,0.05344911652306716,0.03478112276643515,0.0321112420099477,0.08981516249477864,0.05344911652306716,0.8202858805656433,0.08178115294116442,0.12706585252871277,0.03706425984130531,0.08509166294434031,0.08178115294116442,0.7606831779245471,0.6692908406257629,0.8021575212478638,1.2677274942398071,1.085773229598999,1.665505051612854,0.7654706835746765,1.2650983333587646,2.698812484741211,0.7284865975379944,0.006236443296074867,2.1181721687316895,0.718102216720581
386,0.0001,0.06670345850288868,0.9578288518504074,0.20701283485185903,0.8897599987632485,0.9413135058955636,22.83537483215332,0.053687021632989246,0.03363460305457314,0.03201075956846277,0.09079380470017592,0.053687021632989246,0.8179680645465851,0.08613998186392863,0.12163631495882253,0.03475874625757092,0.08485536997924086,0.08613998186392863,0.7475112207600327,0.6690000891685486,0.801679253578186,1.2679654359817505,1.0854867696762085,1.6645585298538208,0.7656392455101013,1.2646580934524536,2.69758939743042,0.7285435795783997,0.004973831120878458,2.115609645843506,0.7181845307350159
387,0.0001,0.0665640719855825,0.9582105174678456,0.20572778338291606,0.8899062936365517,0.9413514292915816,24.8463876247406,0.054004697439571224,0.03343993003169696,0.03223741712669532,0.0912326713403066,0.054004697439571224,0.8172622978687286,0.08237991640802289,0.12304329725562549,0.036497274138888376,0.0860912779071292,0.08237991640802289,0.7626755530716943,0.6682862639427185,0.8014938831329346,1.2681198120117188,1.085590124130249,1.663039207458496,0.7658513784408569,1.2634921073913574,2.695601224899292,0.7285420298576355,0.004327421076595783,2.113189697265625,0.7182684540748596
388,0.0001,0.06590834216525157,0.9573758710169414,0.21119528618015226,0.8874734601437833,0.939980804651748,24.947991609573364,0.05328694951410095,0.03338539320975542,0.03240523121009271,0.09081703076759974,0.05328694951410095,0.8155682106812795,0.08412509423787476,0.12589158020058616,0.03531657886065421,0.08574143052101135,0.08412509423787476,0.7551026012076706,0.6670252680778503,0.8013615608215332,1.268216848373413,1.0848290920257568,1.6626108884811401,0.765962541103363,1.260801911354065,2.6941006183624268,0.72856205701828,0.0035030448343604803,2.110785484313965,0.7182071208953857
389,0.0001,0.06603357022007307,0.9577479448225201,0.21284320828367453,0.8873710810769218,0.9399476452150123,24.575475692749023,0.05277401941517989,0.03332578679546714,0.03227327965820829,0.09055160147448381,0.05277401941517989,0.8190243442853292,0.08505840233114899,0.1276955677837622,0.03545992699314336,0.08613674476987025,0.08505840233114899,0.7524362919760532,0.6662498712539673,0.8010308146476746,1.2682666778564453,1.0835649967193604,1.6619744300842285,0.7661671042442322,1.259469985961914,2.6925387382507324,0.728379487991333,0.003233431139960885,2.1071276664733887,0.718225359916687
390,0.0001,0.06717578532795111,0.9566852901815507,0.2123470247768965,0.8874733808856263,0.9400005766410826,24.672813653945923,0.05275099482387304,0.034379818197339776,0.03209808509175976,0.08994115615884463,0.05275099482387304,0.8176993161439896,0.08426467622401285,0.12682058820958997,0.03550446204474715,0.08395977745779225,0.08426467622401285,0.7526320795543858,0.6659373641014099,0.8009667992591858,1.2683976888656616,1.0828927755355835,1.6615859270095825,0.7664040327072144,1.257755994796753,2.690279483795166,0.7283414006233215,0.0029027063865214586,2.1036860942840576,0.7182456851005554
391,0.0001,0.06771632488816977,0.9565634923471562,0.20708845433641654,0.8893628034148345,0.94109801319587,25.432902812957764,0.05422175837059816,0.03459891142944495,0.03162576692799727,0.08977537639439107,0.05422175837059816,0.8146738191445668,0.08429376951983718,0.1250476040801064,0.03525462575623246,0.08613067279096509,0.08429376951983718,0.7566319029839312,0.665533185005188,0.8008641600608826,1.2686322927474976,1.0838289260864258,1.6602426767349243,0.7666234374046326,1.2557724714279175,2.68880033493042,0.7284036874771118,0.0028400984592735767,2.1022469997406006,0.7182141542434692
392,0.0001,0.06608454436063767,0.9581538704546831,0.211477556433834,0.889444802243335,0.9411837543081855,24.51432490348816,0.053347905663152534,0.03377221294989188,0.03200325860331456,0.0897919246306022,0.053347905663152534,0.821961592634519,0.0816640704870224,0.1296255815713132,0.03560987957676903,0.08599810925174932,0.0816640704870224,0.7586756622205015,0.6657553911209106,0.800544798374176,1.2687296867370605,1.0840058326721191,1.6591264009475708,0.7669752836227417,1.2545552253723145,2.687798500061035,0.7284232974052429,0.0029163022991269827,2.100142478942871,0.7180306315422058
393,0.0001,0.0658871698503693,0.958160983829779,0.21082977828432303,0.88853423154281,0.9406288966610441,24.452755212783813,0.052440404208997884,0.03358353674411774,0.03207278065383434,0.08989342922965686,0.052440404208997884,0.8227400600910186,0.08295184105146126,0.1262367866078361,0.03415624003429882,0.08280482021023015,0.08295184105146126,0.7578655813561112,0.6646419167518616,0.8003429770469666,1.2689356803894043,1.0838953256607056,1.657189130783081,0.7671313881874084,1.251308560371399,2.6862339973449707,0.7283917665481567,0.0030130797531455755,2.0976662635803223,0.7181580066680908
394,0.0001,0.0682093350837628,0.9572324823507415,0.206013380992608,0.8904637388134083,0.9416948953172721,24.03287935256958,0.05466126135239999,0.03417139907057087,0.03213969049975276,0.08963284815351168,0.05466126135239999,0.8091324398914973,0.08199882543966418,0.1253693174631869,0.0361786143945866,0.08655393819828502,0.08199882543966418,0.7532914183178886,0.6639129519462585,0.7997305989265442,1.2691842317581177,1.0805604457855225,1.656455159187317,0.7673760652542114,1.251121163368225,2.6849217414855957,0.7281920909881592,0.004424196667969227,2.0960659980773926,0.7181639075279236
395,0.0001,0.06649018029371898,0.9579835372369373,0.21507825543645953,0.8855044387231095,0.9388542605223682,23.67878246307373,0.052861836614708106,0.0340263617845873,0.0316399907382826,0.08914811996122202,0.052861836614708106,0.824270369609197,0.08680944218010199,0.12891843206569797,0.03427242310565026,0.08453807894323694,0.08680944218010199,0.7480818287270968,0.6634072065353394,0.799095630645752,1.2691624164581299,1.0789852142333984,1.6554511785507202,0.7674795985221863,1.24880051612854,2.6829757690429688,0.7281746864318848,0.004662299063056707,2.09440279006958,0.7182794809341431
396,0.0001,0.06554544176906348,0.9587368185072992,0.2120385436249561,0.8872934716758871,0.939903313921164,23.976967573165894,0.05263869942476352,0.03329463973641396,0.031652806761364144,0.0894317182401816,0.05263869942476352,0.8229311525821685,0.08488676758086094,0.12790500140580974,0.035477605999493206,0.08511380521488972,0.08488676758086094,0.7472864369877049,0.6633676886558533,0.7986879944801331,1.2692433595657349,1.0780045986175537,1.655125617980957,0.767538845539093,1.2468655109405518,2.681328773498535,0.728163480758667,0.004853464663028717,2.090771436691284,0.7184067368507385
397,0.0001,0.06619597983856997,0.9575914938314117,0.21467472905995416,0.8866113148780235,0.9395395148012299,24.734856367111206,0.05338819703708093,0.03395700811718901,0.03199174627661705,0.08836113897462686,0.05338819703708093,0.8193889439105988,0.08362677278088741,0.1299938955267922,0.03558897282012173,0.08516181101564502,0.08362677278088741,0.756032120986063,0.6628374457359314,0.7981453537940979,1.2693860530853271,1.0764538049697876,1.6541720628738403,0.7676906585693359,1.24354088306427,2.679507255554199,0.7280518412590027,0.00640797708183527,2.0885536670684814,0.7184157967567444
398,0.0001,0.06493899698058764,0.958331138740439,0.21084283609859278,0.8883100646565153,0.9404884032897499,24.117658138275146,0.052178778561453025,0.0332747277803719,0.031531519877413906,0.08819258064031602,0.052178778561453025,0.8215261866648992,0.08359304290325915,0.12646854852066666,0.03538411257208371,0.08383016923411948,0.08359304290325915,0.7577983053004156,0.6628121733665466,0.7978793382644653,1.2695285081863403,1.0767427682876587,1.6538344621658325,0.7679148316383362,1.2427268028259277,2.6778595447540283,0.7280274033546448,0.007386523764580488,2.0852506160736084,0.7184746265411377
399,0.0001,0.06549547010411819,0.958596999348451,0.21211335478258914,0.8873875858340203,0.9400176514436623,24.871230125427246,0.052813544186453024,0.03336827938134471,0.031554739984373255,0.08825870516399542,0.052813544186453024,0.8198040058215459,0.08268327131623128,0.1292044412894327,0.03729912876838543,0.08534426364253779,0.08268327131623128,0.7513342968753127,0.6618711948394775,0.7977500557899475,1.269729495048523,1.0756051540374756,1.6533902883529663,0.7681819796562195,1.239988088607788,2.6764514446258545,0.7279356718063354,0.005757358390837908,2.0830516815185547,0.7182493805885315
