epoch,lr,loss,iou,val_loss,val_iou,val_dice,epoch_sec,train_ctrl,train_foc,train_ma_mean,train_rho_std,train_ctrl_bce,train_cell_iou,val_ctrl,val_foc,val_ma_mean,val_rho_std,val_ctrl_bce,val_cell_iou,norm_route1_wc,norm_route1_wa,norm_route1_beta,norm_route2_wc,norm_route2_wa,norm_route2_beta,norm_route3_wc,norm_route3_wa,norm_route3_beta,norm_route4_wc,norm_route4_wa,norm_route4_beta
0,0.0001,1.3239683583378792,0.4073775777964216,1.412201332323479,4.2732444486136486e-05,8.54603859154533e-05,124.14527702331543,0.6931001096963882,0.6554671078920364,0.49947148002684116,0.00045630839940713486,0.6931001096963882,0.462106604129076,0.6931403640544775,0.6996135386553678,0.5001585917039351,6.350181656395735e-05,0.6931403640544775,0.5006510416666666,0.024006422609090805,0.020499911159276962,0.008436905220150948,0.03988298773765564,0.035202737897634506,0.0072906743735075,0.07454883307218552,0.07480638474225998,0.01063512172549963,0.07839155942201614,0.07909388840198517,0.011145009659230709
1,0.0001,1.2026767432689667,0.5646243616488955,1.4340565674232715,0.26061776749212306,0.41226332932878396,15.93058705329895,0.6921463534235954,0.5869106724858284,0.5037507265806198,0.0024060975993052125,0.6921463534235954,0.5116295963525772,0.6931964520252112,0.7282521724700928,0.5025883389241768,0.0011044282106343996,0.6931964520252112,0.5006510416666666,0.046546485275030136,0.04123914614319801,0.019189946353435516,0.06804884225130081,0.06416552513837814,0.017395803704857826,0.11572001874446869,0.12427316606044769,0.01622774265706539,0.10706573724746704,0.11054270714521408,0.015460802242159843
2,0.0001,1.1084923073649406,0.6434946764402334,1.3692091378298672,0.49866317584757935,0.6639399915702077,16.110689163208008,0.6903076842427254,0.5331060457974672,0.508336141705513,0.0055050881346687675,0.6903076842427254,0.5186766050755978,0.6933366349249175,0.7515684275916128,0.5071873032685482,0.0030391726741623697,0.6933366349249175,0.5006510416666666,0.06745386868715286,0.06120410934090614,0.030263712629675865,0.0882495790719986,0.08656608313322067,0.027190981432795525,0.1456117033958435,0.16917800903320312,0.021086035296320915,0.12914808094501495,0.13718189299106598,0.018928010016679764
3,0.0001,1.0475524738430977,0.6733341522249802,1.3942623716412168,0.2909530822900282,0.45010118426477386,15.974605083465576,0.6866499409079552,0.49852873757481575,0.5110622346401215,0.009757667634403333,0.6866499409079552,0.5346755851060152,0.6935952414165844,0.7107244802243782,0.5107416618954052,0.006233120577014757,0.6935952414165844,0.5006510416666666,0.08613032102584839,0.08036546409130096,0.04014439508318901,0.10538888722658157,0.10792478919029236,0.036017537117004395,0.16551458835601807,0.2107834368944168,0.025163285434246063,0.1453266739845276,0.15931975841522217,0.02221629209816456
4,0.0001,1.0076499283313751,0.689064159080672,1.3688961267471313,0.5013028602150359,0.6666726407910599,14.957434177398682,0.6818592585623264,0.477303059771657,0.5123602263629436,0.014474407013040036,0.6818592585623264,0.5462628547102213,0.6938318375385168,0.7632568081219991,0.5103576923861648,0.0088345848418998,0.6938318375385168,0.5006510416666666,0.10248591750860214,0.09836363047361374,0.0485488623380661,0.12061133235692978,0.1286698579788208,0.0436234213411808,0.18649333715438843,0.27038776874542236,0.029304828494787216,0.1608080267906189,0.18386688828468323,0.024927815422415733
5,0.0001,0.9753625802695751,0.7106143400653793,1.2928182356285327,0.5109679478429449,0.6751036764471241,16.798492431640625,0.6754699312150478,0.46211710572242737,0.5121521092951298,0.018702701199799776,0.6754699312150478,0.5634742565453053,0.691077420205781,0.7056330424366575,0.5082827752286737,0.009869797832586548,0.691077420205781,0.5006510416666666,0.11728492379188538,0.11500080674886703,0.05624675750732422,0.13605844974517822,0.1474612057209015,0.05096905305981636,0.20976944267749786,0.3432686924934387,0.034918662160634995,0.17482158541679382,0.2136755883693695,0.02922002598643303
6,0.0001,0.9718327894806862,0.7050055307134564,1.144558270772298,0.5878560796818368,0.7397010744865334,17.457849979400635,0.669232826679945,0.4631543233990669,0.5093117654323578,0.021829420235008,0.669232826679945,0.5689404085278511,0.6840708436387958,0.5976754706917387,0.5041034817695618,0.015002946228240475,0.6840708436387958,0.5007246190851385,0.12980815768241882,0.13070379197597504,0.062487006187438965,0.15106326341629028,0.16460542380809784,0.05730926990509033,0.22994652390480042,0.397280216217041,0.03916472569108009,0.18828384578227997,0.24922549724578857,0.0340433306992054
7,0.0001,0.9370182156562805,0.7230877093670169,1.0373292366663616,0.6689830445781674,0.7999524445660969,16.59208917617798,0.660273801535368,0.4457901790738106,0.5055015198886395,0.026266726665198803,0.660273801535368,0.5888148956000805,0.675479303706776,0.5210361850984169,0.49577104503458197,0.019667405183568146,0.675479303706776,0.5067632153178706,0.1418628841638565,0.14635209739208221,0.06825321912765503,0.16399089992046356,0.18241356313228607,0.06390926986932755,0.24699348211288452,0.4413624405860901,0.042187221348285675,0.2020571082830429,0.27671632170677185,0.038606464862823486
8,0.0001,0.9104028381407261,0.737844172798504,1.0876586509473396,0.6087734603777729,0.7558350318085498,16.69756317138672,0.6515050083398819,0.43194860219955444,0.49912802316248417,0.028875071555376053,0.6515050083398819,0.5996989719569683,0.6679012341932817,0.5586506787574652,0.4847960616603042,0.02429320759168177,0.6679012341932817,0.5071825926954096,0.15345299243927002,0.16266322135925293,0.07413005828857422,0.1769687980413437,0.1982414573431015,0.07045307755470276,0.25977930426597595,0.4858759045600891,0.04637855663895607,0.2138439267873764,0.30213412642478943,0.04142078384757042
9,0.0001,0.8781404159963131,0.7619830555117854,0.9707426591352983,0.6874205632445605,0.8129720497332618,18.287864446640015,0.6420873925089836,0.41479433700442314,0.4919084869325161,0.03031935275066644,0.6420873925089836,0.6060141511261463,0.6610676736542673,0.47339239264979505,0.4775468869642778,0.025588018932577335,0.6610676736542673,0.5147246989336881,0.1645403802394867,0.17745454609394073,0.07990849018096924,0.1886749416589737,0.2134251445531845,0.07751411944627762,0.2692694067955017,0.5064290761947632,0.04880408197641373,0.22196170687675476,0.3199501931667328,0.04368450865149498
10,0.0001,0.8756626360118389,0.7518816791682958,0.9543425693656459,0.6999787684620441,0.8226824120841753,15.392422437667847,0.6334326192736626,0.41698895022273064,0.485107958316803,0.03258786885999143,0.6334326192736626,0.614685170352459,0.6515329173116973,0.47530057123213104,0.4698404940691861,0.029786077243360607,0.6515329173116973,0.5234075784683228,0.17603130638599396,0.19285902380943298,0.0856744796037674,0.20121073722839355,0.2271234095096588,0.08434373140335083,0.278017520904541,0.5502855181694031,0.05230281502008438,0.23137786984443665,0.34777024388313293,0.046731892973184586
11,0.0001,0.8544136099517345,0.765179130774277,0.9080586668216821,0.7138000079302195,0.831805789445334,11.903596639633179,0.6252457424998283,0.4071894157677889,0.4771812707185745,0.035016366047784686,0.6252457424998283,0.6198180913925171,0.6480833039139257,0.4420130117373033,0.472937212748961,0.028129324768528793,0.6480833039139257,0.535814850619345,0.18669967353343964,0.2086392492055893,0.09109731763601303,0.2115081250667572,0.24509426951408386,0.0907151848077774,0.2859337329864502,0.5925378203392029,0.05505159869790077,0.24024973809719086,0.3751565217971802,0.04894624650478363
12,0.0001,0.8316086530685425,0.776384926943822,1.021911216504646,0.6284796746227638,0.7702109943451518,10.910788297653198,0.6133841350674629,0.39621330611407757,0.46880506351590157,0.03690962493419647,0.6133841350674629,0.6286288313567638,0.6618060162573149,0.4902580777804057,0.45641459479476465,0.024816182244456177,0.6618060162573149,0.5099980641495098,0.1973525434732437,0.22121880948543549,0.09641091525554657,0.22156919538974762,0.25376686453819275,0.09715770184993744,0.2930911183357239,0.6026090383529663,0.05816405639052391,0.25042057037353516,0.3939066231250763,0.05202620476484299
13,0.0001,0.8229625374078751,0.7766186563132678,0.9495062701629869,0.6943342778428736,0.8159988685686139,13.907029151916504,0.6024548523128033,0.39626653492450714,0.460678581148386,0.03776046400889754,0.6024548523128033,0.6425215415656567,0.6492010282747673,0.46385886723344977,0.4455002690806533,0.02952634170651436,0.6492010282747673,0.5247313127373204,0.20773713290691376,0.2337246686220169,0.10164143145084381,0.23116298019886017,0.26407867670059204,0.10359606146812439,0.29984164237976074,0.6153350472450256,0.0610082745552063,0.25962913036346436,0.4157213866710663,0.053766172379255295
14,0.0001,0.794611643999815,0.7990604994066203,0.8886866136030718,0.7475398484306334,0.8544756422945557,19.344834566116333,0.5934698134660721,0.37893362157046795,0.4531010892242193,0.03973522409796715,0.5934698134660721,0.6459080949425697,0.6409202922474254,0.43400569756825763,0.4470891546119343,0.030038027939471332,0.6409202922474254,0.5370345693646055,0.21843089163303375,0.24618291854858398,0.10688044130802155,0.24212943017482758,0.2761150896549225,0.11006324738264084,0.30653101205825806,0.6451084613800049,0.06328044831752777,0.2667650878429413,0.43698850274086,0.05670855566859245
15,0.0001,0.7850423604249954,0.8023969535686011,0.948056677977244,0.6645488970733515,0.7953826951235865,18.76942229270935,0.5840000174939632,0.3794141821563244,0.44372387416660786,0.04141886089928448,0.5840000174939632,0.6532690636813641,0.647911402312192,0.4592254279237805,0.42409909945545776,0.031987944335648506,0.647911402312192,0.5146444006399675,0.2288135439157486,0.2592671811580658,0.11210189759731293,0.2524077892303467,0.2900187075138092,0.11674874275922775,0.3114047050476074,0.6734405755996704,0.0652746856212616,0.27360832691192627,0.4581460654735565,0.05856209620833397
16,0.0001,0.7816389054059982,0.7993723915687224,0.9656916983199842,0.6953953946087491,0.8200413162183814,18.14206886291504,0.5795452035963535,0.3805132806301117,0.4363198522478342,0.04386731004342437,0.5795452035963535,0.6433952301740646,0.6488949782920607,0.4946635826067491,0.3957358038786686,0.03627708780043053,0.6488949782920607,0.5161863908623204,0.23930121958255768,0.2726917862892151,0.11721368879079819,0.26249733567237854,0.3054112493991852,0.12261909991502762,0.31755805015563965,0.689107358455658,0.06745311617851257,0.2815239429473877,0.47797828912734985,0.060900770127773285
17,0.0001,0.7794262506067753,0.7891497033739548,0.8952129970897328,0.7236922108975461,0.8387827955386209,20.857694625854492,0.5672204606235027,0.3830908127129078,0.4286015145480633,0.045650856802240014,0.5672204606235027,0.663719654083252,0.6283061811418245,0.44603598749998846,0.42060902895349445,0.03478617356582121,0.6283061811418245,0.5403040430762551,0.2499481737613678,0.2845120131969452,0.1220591738820076,0.26919418573379517,0.3163469433784485,0.12759274244308472,0.3240862488746643,0.720317542552948,0.07008850574493408,0.2926379144191742,0.5339078903198242,0.06457790732383728
18,0.0001,0.7581718452274799,0.811020161862226,0.9663499756292864,0.7019701012103938,0.824332244908015,18.373860597610474,0.556712593883276,0.37066277861595154,0.4234282299876213,0.04665170516818762,0.556712593883276,0.6710363030433655,0.6631383209517507,0.4921407798926036,0.3746819152976527,0.03834715779080535,0.6631383209517507,0.5148976192329869,0.2599790692329407,0.2947970926761627,0.12668700516223907,0.2803502380847931,0.3263682723045349,0.13364644348621368,0.3295583724975586,0.7294108271598816,0.07161406427621841,0.30123651027679443,0.5580230951309204,0.06693979352712631
19,0.0001,0.7488267347216606,0.8140788193329178,0.9892174962795142,0.6932921017800716,0.8181924203355952,16.99014186859131,0.5522950105369091,0.3672153316438198,0.414340578019619,0.04950442397966981,0.5522950105369091,0.6621191203594208,0.6981390642397332,0.5241800916917396,0.3176835829561407,0.043812036965832565,0.6981390642397332,0.5036318789828907,0.27027812600135803,0.30515316128730774,0.1315244734287262,0.2899889647960663,0.3355938494205475,0.13916254043579102,0.335397332906723,0.7363661527633667,0.07361741364002228,0.3069264590740204,0.5766709446907043,0.0695469006896019
20,0.0001,0.7430334091186523,0.811469944581476,0.8979583798032819,0.7203453707451463,0.8362692548632344,17.97905969619751,0.5467139072716236,0.36805175617337227,0.40599014423787594,0.0501965347211808,0.5467139072716236,0.6616097912192345,0.6247654972654401,0.4407900671164195,0.39302774541305774,0.03753321414644068,0.6247654972654401,0.5398561918374264,0.27997690439224243,0.3157275915145874,0.13606074452400208,0.29705139994621277,0.34517669677734375,0.1445506066083908,0.3419577181339264,0.7637767791748047,0.07547468692064285,0.3144564628601074,0.6025192737579346,0.07293737679719925
21,0.0001,0.7354284338653088,0.811787054416821,0.9206394210006251,0.6957972850832748,0.8200410932365502,15.298367023468018,0.5349894128739834,0.36771746911108494,0.40082317404448986,0.05086615728214383,0.5349894128739834,0.6731293611228466,0.6379082961515947,0.4535344297235662,0.37764598384048,0.03759802415063887,0.6379082961515947,0.5163254304365679,0.289531946182251,0.3257514536380768,0.14038528501987457,0.305255651473999,0.3593665361404419,0.1498289555311203,0.3485434949398041,0.7893893122673035,0.07760655879974365,0.32146430015563965,0.6316603422164917,0.07563915103673935
22,0.0001,0.7454890236258507,0.7999108628565514,0.8970315420266354,0.7110423848547145,0.830173287681438,15.553423404693604,0.5299612563103437,0.3773563914000988,0.3956527058035135,0.051665336824953556,0.5299612563103437,0.6776644885540009,0.6370625965522997,0.4759797462911317,0.36372464353388007,0.041991152207959785,0.6370625965522997,0.5288774569829305,0.2996220588684082,0.33178383111953735,0.14445681869983673,0.31506314873695374,0.3623735308647156,0.154266819357872,0.35577717423439026,0.8079060912132263,0.08031025528907776,0.3305477797985077,0.6653563976287842,0.07999040186405182
23,0.0001,0.7268012277781963,0.8114842315902552,0.9020557963486874,0.7079289188056233,0.8286506882856257,16.62580895423889,0.5217699240893126,0.3695006277412176,0.38824543356895447,0.05366843217052519,0.5217699240893126,0.6839609518647194,0.6277800473299894,0.45534268021583557,0.379541659897024,0.03983146505373897,0.6277800473299894,0.5393356355753812,0.30896419286727905,0.34088024497032166,0.14869870245456696,0.32389917969703674,0.37287193536758423,0.15944942831993103,0.3653870224952698,0.8371760249137878,0.08366815745830536,0.33806291222572327,0.7104951739311218,0.08248787373304367
24,0.0001,0.693304106593132,0.8365916814129936,0.975966189846848,0.6883587164502564,0.8150113929743131,14.612055778503418,0.5078102722764015,0.35089935921132565,0.37846863083541393,0.056290196254849434,0.5078102722764015,0.6951426193118095,0.6611657973491785,0.502163108551141,0.33771329486008844,0.040609015095414536,0.6611657973491785,0.51727438695503,0.3187284767627716,0.3482826352119446,0.15329331159591675,0.332771897315979,0.3794228434562683,0.16544775664806366,0.3684476315975189,0.8586015701293945,0.08493687957525253,0.34352388978004456,0.7667737007141113,0.0841670110821724
25,0.0001,0.6920263357460499,0.8348885361953508,0.9151900789954446,0.7304942944361326,0.8434766132228777,15.309713363647461,0.503707779571414,0.3509693332016468,0.37484201416373253,0.05747094354592264,0.503707779571414,0.7027453258633614,0.69748537829428,0.47447438763849664,0.3046417669816451,0.04306397937012441,0.69748537829428,0.5136090607354136,0.32856395840644836,0.3564618229866028,0.15788835287094116,0.34019264578819275,0.38672366738319397,0.17126886546611786,0.37163689732551575,0.8658415079116821,0.08582474291324615,0.3507692217826843,0.7755571603775024,0.08570049703121185
26,0.0001,0.686349980533123,0.8348736063745189,0.9123336437976721,0.7207610842790868,0.8369899864570749,16.02181911468506,0.503364235162735,0.34896407276391983,0.369863823056221,0.05862712557427585,0.503364235162735,0.6933238655328751,0.6490302898667075,0.48179937221787195,0.3260567296635021,0.04581467028368603,0.6490302898667075,0.5273693583228372,0.33843928575515747,0.36458244919776917,0.16250991821289062,0.34885844588279724,0.39338794350624084,0.17680293321609497,0.3764101266860962,0.8759408593177795,0.0872468426823616,0.3557489216327667,0.7823233604431152,0.08697851002216339
27,0.0001,0.6873057782649994,0.8303718535428491,0.8885120514667395,0.725795339417919,0.8402415503671861,15.586583614349365,0.4934759382158518,0.35431203804910183,0.3629136551171541,0.06026418134570122,0.4934759382158518,0.7039571367204189,0.6198807909633174,0.4868407863559145,0.3301806567293225,0.04918275818680272,0.6198807909633174,0.5480217825282704,0.3480551838874817,0.3739739656448364,0.16688232123851776,0.3561449348926544,0.4059269428253174,0.18163461983203888,0.3816085755825043,0.9052295088768005,0.08937650173902512,0.36157649755477905,0.8047369122505188,0.08871347457170486
28,0.0001,0.6676707752048969,0.8396974229758207,0.8166460846409653,0.7533706025113224,0.8582431090829774,15.977351427078247,0.48768407478928566,0.34374256804585457,0.35787646658718586,0.062235123477876186,0.48768407478928566,0.7043138928711414,0.6268039255431204,0.4118362511649276,0.3281659393599539,0.0515189143744382,0.6268039255431204,0.5480863957694082,0.3581426441669464,0.38059791922569275,0.17128968238830566,0.3641102612018585,0.4127591848373413,0.18755027651786804,0.3854180872440338,0.9334644675254822,0.09061837196350098,0.37075966596603394,0.8573957085609436,0.09200071543455124
29,0.0001,0.6837125048041344,0.8290708774231219,0.8368524511655172,0.756015186722,0.8604910355052419,15.678798198699951,0.49394387006759644,0.354288375005126,0.3567263223230839,0.06354530621320009,0.49394387006759644,0.6925419121980667,0.6047694231524612,0.4280940899343202,0.3228706482684974,0.05445327406579798,0.6047694231524612,0.5589873790740967,0.3676207661628723,0.3857184052467346,0.17539545893669128,0.3713691830635071,0.4166238009929657,0.1925577074289322,0.39234697818756104,0.944724977016449,0.09264543652534485,0.37620118260383606,0.8725445866584778,0.09463224560022354
30,0.0001,0.6783039271831512,0.8273325988679714,0.8244868769790187,0.755981921247342,0.8603595925522015,17.419643878936768,0.47609635815024376,0.35878830030560493,0.35035745427012444,0.06548082875087857,0.47609635815024376,0.7161549814045429,0.6098289381374012,0.4263765699032581,0.3493517005082333,0.05054242367094213,0.6098289381374012,0.5515803243174697,0.3767155408859253,0.3887638449668884,0.1793547123670578,0.37869158387184143,0.4150668978691101,0.19715379178524017,0.3961385488510132,0.9625392556190491,0.09391234815120697,0.3809293210506439,0.8901114463806152,0.09775926917791367
31,0.0001,0.6527182795107365,0.8436071100542835,0.8122719634662975,0.7666633421124677,0.8673575302028749,15.91968059539795,0.46879766322672367,0.34345896542072296,0.34601112455129623,0.06473991880193353,0.46879766322672367,0.7215277887880802,0.6044781117728262,0.4094551575906349,0.3281792528701551,0.05415374605041562,0.6044781117728262,0.5573974378181227,0.386214017868042,0.39289307594299316,0.18321911990642548,0.38659927248954773,0.41909751296043396,0.2012326568365097,0.39970552921295166,0.9792699813842773,0.09582037478685379,0.3821742534637451,0.9214864373207092,0.09920097887516022
32,0.0001,0.654441837221384,0.8395362040546861,0.8622254783456976,0.7462962467542333,0.8541888336061262,15.217625856399536,0.4628947414457798,0.3478684164583683,0.33967969566583633,0.06595925311557949,0.4628947414457798,0.723620381206274,0.6486019961761705,0.43543872598445776,0.32604706287384033,0.04865896679235227,0.6486019961761705,0.5427283030567747,0.39581894874572754,0.39988601207733154,0.1873568892478943,0.39383062720298767,0.42677929997444153,0.20606304705142975,0.4024463891983032,0.9983167052268982,0.09719452261924744,0.38448071479797363,0.9550901055335999,0.10023528337478638
33,0.0001,0.6494259536266327,0.8406741542896942,0.8379386789870985,0.7609043524446366,0.8633516880969793,15.884987831115723,0.46547358110547066,0.344988688826561,0.3353645261377096,0.06662618392147124,0.46547358110547066,0.7140525206923485,0.6367616192861036,0.44099395835038385,0.31457756053317676,0.05298787671508211,0.6367616192861036,0.5438501690373276,0.40548381209373474,0.40566718578338623,0.19129271805286407,0.40097296237945557,0.4338390529155731,0.21064595878124237,0.4055043160915375,1.0267757177352905,0.09906814247369766,0.38818714022636414,0.9884716868400574,0.10175950825214386
34,0.0001,0.6337261013686657,0.8518836681646714,0.8003260818394747,0.7723944716245925,0.8705990853028096,13.78418755531311,0.45769598335027695,0.33630827255547047,0.3342504259198904,0.066925214137882,0.45769598335027695,0.7224018685519695,0.6075817581379053,0.41200951328783325,0.3242258546930371,0.0545656755566597,0.6075817581379053,0.5559414300051603,0.415090948343277,0.4114261865615845,0.19540168344974518,0.40880924463272095,0.43960288166999817,0.21545930206775665,0.4085964262485504,1.0501270294189453,0.10106252133846283,0.3896840512752533,1.0215425491333008,0.10262996703386307
35,0.0001,0.6419130861759186,0.8411821212445542,0.8058557167197719,0.7761046821322919,0.8727905622287304,14.108945369720459,0.45952112041413784,0.3422656040638685,0.32953890785574913,0.06810135184787214,0.45952112041413784,0.720453504472971,0.652057246728377,0.4173461713574149,0.2913682460784912,0.052900938147848305,0.652057246728377,0.5458585601864439,0.42510953545570374,0.4138167202472687,0.1994437873363495,0.4163089990615845,0.4409538209438324,0.22003059089183807,0.41397708654403687,1.0651071071624756,0.10349036753177643,0.39330896735191345,1.0588310956954956,0.10442891716957092
36,0.0001,0.6274325400590897,0.84904571828671,0.9158838264869921,0.7307605609539847,0.8437402874995905,12.129647493362427,0.4484732896089554,0.33824657648801804,0.32551719807088375,0.06940082041546702,0.4484732896089554,0.7288448885083199,0.7205576318683047,0.49753899285287567,0.24958945043159253,0.05414762957529588,0.7205576318683047,0.5157063693711252,0.43436217308044434,0.4186798632144928,0.20292216539382935,0.4236479103565216,0.4439080059528351,0.22418057918548584,0.41861146688461304,1.0763201713562012,0.10530442744493484,0.39595454931259155,1.0935660600662231,0.1063765287399292
37,0.0001,0.6148083806037903,0.853963989075482,0.8850758581450491,0.7326076494328853,0.8452237766016125,11.778022289276123,0.4442852512001991,0.3311385903507471,0.32094937190413475,0.07086465135216713,0.4442852512001991,0.7336192764341831,0.6989344466816295,0.4519507749514146,0.2642027564121015,0.055443897053147805,0.6989344466816295,0.5287645730105314,0.4436228573322296,0.42234018445014954,0.20678062736988068,0.43017515540122986,0.4466259777545929,0.23052416741847992,0.42119523882865906,1.0834169387817383,0.10692854970693588,0.4001775085926056,1.0975500345230103,0.10925812274217606
38,0.0001,0.6075678430497646,0.8604236583590087,0.8320503036181132,0.7522106674297789,0.8578845769932553,11.231021404266357,0.4409551601856947,0.3285128530114889,0.3191621545702219,0.0703314677812159,0.4409551601856947,0.7362937964498997,0.6232614589459968,0.4422100366968097,0.2850774824619293,0.061590047722513024,0.6232614589459968,0.5541445576783383,0.45298928022384644,0.42733636498451233,0.21094639599323273,0.4381912350654602,0.4513823390007019,0.23559710383415222,0.42487117648124695,1.1074312925338745,0.10833436250686646,0.4027388393878937,1.1318923234939575,0.11182259768247604
39,0.0001,0.6055902019143105,0.859267380442209,0.8457521055683945,0.7292745690031233,0.8427931393761804,11.583292245864868,0.4332616589963436,0.32930571027100086,0.3126284535974264,0.07223010156303644,0.4332616589963436,0.7408558167517185,0.6067480300412034,0.4605774310502139,0.3018962289347793,0.06260710412805731,0.6067480300412034,0.5628741004250266,0.46278005838394165,0.43319380283355713,0.2148437201976776,0.44652000069618225,0.4574553668498993,0.23970726132392883,0.428488552570343,1.1203923225402832,0.11000361293554306,0.405642569065094,1.1493343114852905,0.11372526735067368
40,0.0001,0.5974117740988731,0.8604366263860341,0.8436334133148193,0.7354118764855636,0.8468887401829898,11.116082429885864,0.42855897173285484,0.32848549634218216,0.3112689685076475,0.07174982270225883,0.42855897173285484,0.7451965175569057,0.6278779362187241,0.4462550137982224,0.28041965130603674,0.06246738135814667,0.6278779362187241,0.5625982537414088,0.4714217782020569,0.4377264082431793,0.21893484890460968,0.4525378942489624,0.46132326126098633,0.24412773549556732,0.43175116181373596,1.136265516281128,0.11203619837760925,0.40674418210983276,1.1557029485702515,0.11564318090677261
41,0.0001,0.5867472104728222,0.8632115878332103,0.7960122390226885,0.7709058604734628,0.8697319907440095,10.699255466461182,0.4237902034074068,0.3212995585054159,0.30534988455474377,0.0717641175724566,0.4237902034074068,0.7505506426095963,0.6533232060345736,0.41295542229305615,0.27798559448935767,0.057646157389337364,0.6533232060345736,0.5535988825740237,0.48052138090133667,0.4416637420654297,0.22269141674041748,0.4590504765510559,0.46140432357788086,0.24882447719573975,0.4339436888694763,1.139398217201233,0.11337970942258835,0.4084896147251129,1.181787371635437,0.11787939816713333
42,0.0001,0.5823323950171471,0.8672764712494545,0.8264921795238148,0.7604941997544238,0.8632908371345466,10.957493305206299,0.4227171093225479,0.3197714779525995,0.304068673402071,0.07191334804520011,0.4227171093225479,0.7500669173896313,0.6779506874806953,0.43636576515255554,0.26339215220827045,0.06185700247685114,0.6779506874806953,0.552798841938828,0.490867555141449,0.44450995326042175,0.22661858797073364,0.46707677841186523,0.46494224667549133,0.2530493438243866,0.43663716316223145,1.1490658521652222,0.1150595173239708,0.4084133803844452,1.1893784999847412,0.11868060380220413
43,0.0001,0.5734786614775658,0.870847834345146,0.8034021113858079,0.749983542137488,0.8564602363188678,10.883549213409424,0.41599600203335285,0.317848838865757,0.2983284741640091,0.07206464046612382,0.41599600203335285,0.752327349036932,0.6233215828736623,0.4105610702977036,0.2882407009601593,0.062075031074610626,0.6233215828736623,0.5618135351123232,0.5004587173461914,0.4485795795917511,0.23038427531719208,0.47316640615463257,0.46765440702438354,0.2575017213821411,0.4376028776168823,1.1598103046417236,0.1170707568526268,0.4074195921421051,1.1980358362197876,0.11978865414857864
44,0.0001,0.5760638490319252,0.8661775187984384,0.8218961014892116,0.745226868070568,0.8535284158438514,10.042855739593506,0.4120746850967407,0.32320788502693176,0.29638734087347984,0.07135954080149531,0.4120746850967407,0.756024893373251,0.6318377888563907,0.4318526911013054,0.2667011492180102,0.06531551051320451,0.6318377888563907,0.5713938546903206,0.5088365077972412,0.45322149991989136,0.23417429625988007,0.4785923361778259,0.4726141691207886,0.2623104751110077,0.43839046359062195,1.1760144233703613,0.1187446266412735,0.4084925651550293,1.2039260864257812,0.12233493477106094
45,0.0001,0.5629679933190346,0.8743585927770842,0.8464725270415797,0.7354632534056676,0.8471078329212127,10.553150177001953,0.4075142424553633,0.31474533677101135,0.2946975287050009,0.07136623235419393,0.4075142424553633,0.761685736477375,0.6235394170790007,0.4673561453819275,0.2811199083472743,0.061565166395722015,0.6235394170790007,0.5590889851252238,0.5182980298995972,0.45501619577407837,0.23770731687545776,0.48442837595939636,0.47409358620643616,0.2662060558795929,0.44041121006011963,1.185470700263977,0.12011713534593582,0.40833809971809387,1.2260829210281372,0.1238793134689331
46,0.0001,0.5580059438943863,0.8754169621584783,0.895845460169243,0.7258606440875827,0.8405429960408846,11.894843816757202,0.4049855787307024,0.313684543594718,0.2893230523914099,0.07172298664227128,0.4049855787307024,0.7570209316909313,0.7631834763469119,0.4753975768884023,0.22707014372854523,0.05248560891910033,0.7631834763469119,0.5163415372371674,0.5261251330375671,0.46061888337135315,0.24135923385620117,0.4905366897583008,0.4799247086048126,0.2702966630458832,0.4414268732070923,1.1941745281219482,0.12175595015287399,0.40765300393104553,1.2358373403549194,0.12503819167613983
47,0.0001,0.5746656320989132,0.8631038941914343,0.8380432851386793,0.7263139828631294,0.8410450892582054,10.414004564285278,0.4051115196198225,0.32811013981699944,0.2878732569515705,0.07164096226915717,0.4051115196198225,0.7599123604595661,0.6130694367668845,0.43810344645471283,0.27616017695629236,0.06288661694887912,0.6130694367668845,0.5783564520604683,0.5340741872787476,0.46355172991752625,0.24504728615283966,0.495504766702652,0.48237383365631104,0.27409031987190247,0.4426289498806,1.212401032447815,0.12320063263177872,0.4054539203643799,1.235371470451355,0.1260313093662262
48,0.0001,0.5896322578191757,0.8499799541304053,0.8142508701844648,0.7483910019338925,0.8553171968001642,9.784342288970947,0.40529777482151985,0.34047646075487137,0.28588041476905346,0.07149297650903463,0.40529777482151985,0.7531749084591866,0.6677338210019198,0.43578489982720575,0.23576855930415067,0.06400662931528958,0.6677338210019198,0.562112934661634,0.542544960975647,0.4672745168209076,0.24799557030200958,0.50187087059021,0.48569339513778687,0.2768074572086334,0.4447912573814392,1.2268571853637695,0.12459638714790344,0.40871381759643555,1.242962121963501,0.12809336185455322
49,0.0001,0.550132229924202,0.8744097027273673,0.8058475797826593,0.7563437066084959,0.8608667762244948,11.043236017227173,0.3948444314301014,0.31485213711857796,0.2806978151202202,0.07212153449654579,0.3948444314301014,0.766205508261919,0.640162366809267,0.42646944748632837,0.26134042125759704,0.06616320686809944,0.640162366809267,0.5726702375845476,0.551071047782898,0.47184279561042786,0.2514421343803406,0.508782148361206,0.4909042418003082,0.28126615285873413,0.44648075103759766,1.2436325550079346,0.1263638287782669,0.41084375977516174,1.2571346759796143,0.1302788406610489
50,0.0001,0.5504094026982784,0.8719300757932718,0.8162482290556936,0.7557976881058611,0.8603348755363032,10.622907400131226,0.3956462349742651,0.3162676431238651,0.2824494559317827,0.07170685287564993,0.3956462349742651,0.765978891402483,0.6934740814295682,0.4119397650162379,0.22309927145640054,0.06398387185551903,0.6934740814295682,0.5605164802435673,0.5601856708526611,0.47659924626350403,0.25494056940078735,0.5154657363891602,0.49469780921936035,0.28500545024871826,0.44710710644721985,1.2583918571472168,0.1283302903175354,0.4109969735145569,1.2866555452346802,0.13173212110996246
51,0.0001,0.5521904155611992,0.8708201472675052,0.7436967564351631,0.8005155738124657,0.8881192316416172,10.772265434265137,0.3951290752738714,0.31802573055028915,0.276258347555995,0.07240315899252892,0.3951290752738714,0.7604922316968441,0.6940168250690807,0.3820083782528386,0.24270691654898904,0.059421584235899376,0.6940168250690807,0.5376605517936476,0.5684777498245239,0.47667646408081055,0.25847071409225464,0.520801842212677,0.49482494592666626,0.28901559114456177,0.44896167516708374,1.2700836658477783,0.13076062500476837,0.4113828241825104,1.314070224761963,0.13380521535873413
52,0.0001,0.5658804886043072,0.8602146454154863,0.7335119328715585,0.7869091408821519,0.8798542245463128,10.783915996551514,0.39794541522860527,0.3287038058042526,0.27726892195641994,0.0705645615234971,0.39794541522860527,0.7546572722494602,0.5786850876880415,0.39278538886344794,0.26658130324248114,0.06703290365862125,0.5786850876880415,0.6029130599715493,0.5753505229949951,0.47813940048217773,0.2620689272880554,0.5250454545021057,0.49601730704307556,0.29349613189697266,0.4530338644981384,1.2813128232955933,0.13262884318828583,0.409711092710495,1.31106698513031,0.13593611121177673
53,0.0001,0.5400572009384632,0.874335531073531,0.8861053820812341,0.7285635263693975,0.842028169149325,11.084076642990112,0.3853208292275667,0.3154711276292801,0.27224932238459587,0.07134133903309703,0.3853208292275667,0.7725608795881271,0.7416812172441771,0.49768704040483996,0.20860428882367682,0.06218153712424365,0.7416812172441771,0.5435122522440824,0.5842149257659912,0.48373937606811523,0.26538997888565063,0.5295681357383728,0.5034174919128418,0.29843753576278687,0.4548417627811432,1.2956576347351074,0.13446766138076782,0.4095343053340912,1.3332257270812988,0.137251615524292
54,0.0001,0.530989833176136,0.878919350709915,0.7697350906603264,0.7664185833585434,0.8670033838041228,12.279397010803223,0.3854401707649231,0.30861498415470123,0.27178397960960865,0.07112099882215261,0.3854401707649231,0.7682579010725021,0.6141425226673936,0.42295935930627765,0.24576754868030548,0.06889347483714421,0.6141425226673936,0.6041093558976145,0.5928023457527161,0.4886847138404846,0.2686683237552643,0.5339916944503784,0.5072448253631592,0.3030567765235901,0.4564498960971832,1.307176113128662,0.13652485609054565,0.41146647930145264,1.327394723892212,0.13901489973068237
55,0.0001,0.5497498922049999,0.8689126130435827,0.7831862306956089,0.7496578732719319,0.8563811606040412,10.910151720046997,0.38620125874876976,0.32296512089669704,0.2692051790654659,0.07039275299757719,0.38620125874876976,0.7635420672595501,0.5728683561989756,0.42961521807945136,0.2800442702842481,0.06752571012034561,0.5728683561989756,0.6069865154497551,0.5991907119750977,0.49165892601013184,0.27189749479293823,0.537399172782898,0.5093560218811035,0.3078024685382843,0.4582359492778778,1.328118920326233,0.1384342610836029,0.41076740622520447,1.342072606086731,0.14064256846904755
56,0.0001,0.540725089609623,0.8707654187363553,0.8142019438021111,0.7568445442419671,0.8612134092708715,10.761595249176025,0.38551894947886467,0.3163051214069128,0.26979709044098854,0.06948412116616964,0.38551894947886467,0.7678658366203308,0.7225187231193889,0.4276247521241506,0.22086964321858954,0.058910579843954605,0.7225187231193889,0.5436589952671167,0.6072636246681213,0.4927453398704529,0.27523645758628845,0.5433660745620728,0.5123922824859619,0.3113279640674591,0.46047458052635193,1.3518375158309937,0.13997170329093933,0.4119036793708801,1.361638069152832,0.14325331151485443
57,0.0001,0.5261431783437729,0.876311911505575,0.766079023028865,0.7648824900634033,0.8659534902448812,10.581448554992676,0.3759285509586334,0.3120663147419691,0.2640334153547883,0.06983881164342165,0.3759285509586334,0.7778260819613934,0.5718011305187688,0.42980922532804083,0.2650142659743627,0.0651019083505327,0.5718011305187688,0.6089827020963033,0.6147031784057617,0.4949885308742523,0.2787909209728241,0.5473960041999817,0.5143048167228699,0.3169632852077484,0.461996853351593,1.363373041152954,0.1415454000234604,0.41315019130706787,1.3752310276031494,0.14591364562511444
58,0.0001,0.5210685338824987,0.8791826374465969,0.7794875484524351,0.7579503618607234,0.8616130144115227,10.594074726104736,0.37547265365719795,0.31034634076058865,0.26094233710318804,0.06942249275743961,0.37547265365719795,0.7763128951191902,0.5943062504132589,0.43032958787499054,0.29398063999233826,0.05948565832593224,0.5943062504132589,0.5924281965602528,0.6232399940490723,0.4977836012840271,0.2817192077636719,0.5533994436264038,0.5155788660049438,0.32080626487731934,0.4624157249927521,1.3748589754104614,0.14328446984291077,0.41177985072135925,1.38149094581604,0.14708644151687622
59,0.0001,0.505753256380558,0.8876188575773238,0.7902505072680387,0.7636864276477439,0.8655009881654494,10.466984510421753,0.37586317770183086,0.29835441522300243,0.26017019525170326,0.06856058211997151,0.37586317770183086,0.7696245461702347,0.7128026900869427,0.39798527414148505,0.2244961695237593,0.05854688449339433,0.7128026900869427,0.5518583619233334,0.6312193870544434,0.5001858472824097,0.28514477610588074,0.5576139092445374,0.5186154842376709,0.32438185811042786,0.4629195034503937,1.3859742879867554,0.14500711858272552,0.40989163517951965,1.3843555450439453,0.14867162704467773
60,0.0001,0.5162986777722836,0.88128345570826,0.8690699682091222,0.7356514107862512,0.8465178172813324,11.823180913925171,0.374523539096117,0.30661559104919434,0.26187456771731377,0.06850249646231532,0.374523539096117,0.7772660367190838,0.6736199521657192,0.5156908730665842,0.2286072147615028,0.06194051219658418,0.6736199521657192,0.5693934108271743,0.6399945616722107,0.5031713247299194,0.2882683575153351,0.5625084638595581,0.5216950178146362,0.3287329077720642,0.4640803337097168,1.394889235496521,0.14687691628932953,0.41062304377555847,1.3889600038528442,0.15061834454536438
61,0.0001,0.5280915722250938,0.8727885869962615,0.8344385958079136,0.756009564771555,0.8604063840199858,11.487131834030151,0.37184425070881844,0.3200263436883688,0.2557399943470955,0.06877454882487655,0.37184425070881844,0.7686098255217075,0.830033231865276,0.4366775696927851,0.1886140595782887,0.055206394895459664,0.830033231865276,0.5319102352315729,0.64494788646698,0.5044358968734741,0.29091745615005493,0.5647696256637573,0.5233095288276672,0.33155524730682373,0.4640972316265106,1.4115617275238037,0.14837366342544556,0.4105539917945862,1.4064016342163086,0.15275311470031738
62,0.0001,0.5215741321444511,0.8764384122748518,0.6480295134313179,0.8100277017474621,0.8944740020107925,13.424242734909058,0.36968120001256466,0.31303719617426395,0.255624589510262,0.06889459490776062,0.36968120001256466,0.7762976996600628,0.4918390557621465,0.37365573464017926,0.2575841627337716,0.0713042202546741,0.4918390557621465,0.6701751658410737,0.6521389484405518,0.5081523060798645,0.2936990261077881,0.5673655867576599,0.52640700340271,0.3362072706222534,0.46507155895233154,1.4204069375991821,0.14940032362937927,0.41035959124565125,1.4198319911956787,0.1542121171951294
63,0.0001,0.5025903023779392,0.8836200370245154,0.7091547693267013,0.7842323147449861,0.8784011628537279,15.398865699768066,0.3582936078310013,0.3052346743643284,0.24859870597720146,0.07054855488240719,0.3582936078310013,0.7845823392271996,0.5263121462229526,0.40220216548804083,0.26073872049649555,0.07015774128111926,0.5263121462229526,0.6459433996316158,0.6600589156150818,0.5141960382461548,0.2966969311237335,0.5727282762527466,0.5325003266334534,0.340436190366745,0.465108722448349,1.4255483150482178,0.15072175860404968,0.4092256724834442,1.4443376064300537,0.15658266842365265
64,0.0001,0.5037355739623308,0.8816587304666976,0.6676473807204854,0.802731570068694,0.8900641505076116,17.590638160705566,0.363060787320137,0.3059451188892126,0.25008453987538815,0.07035911828279495,0.363060787320137,0.7795531861484051,0.4887850618723667,0.3909781340396766,0.25360871986909345,0.07236037945205515,0.4887850618723667,0.6736919916037357,0.6671234965324402,0.5162513256072998,0.2997734546661377,0.5761422514915466,0.5371385216712952,0.34400904178619385,0.46663913130760193,1.4429656267166138,0.15208184719085693,0.40956926345825195,1.4732811450958252,0.1583876758813858
65,0.0001,0.4959866516292095,0.8834524082224018,0.7377904509053086,0.7717695114462991,0.8705128891773073,17.585800886154175,0.355844559147954,0.3058098070323467,0.24798504170030355,0.07036057393997908,0.355844559147954,0.7868977375328541,0.5709385402274855,0.41271744036313257,0.23699381676587192,0.06966018450982643,0.5709385402274855,0.6212321935277997,0.6745258569717407,0.516398549079895,0.30321580171585083,0.5791887640953064,0.5387423634529114,0.3475978672504425,0.467773973941803,1.4464926719665527,0.15368154644966125,0.4083077013492584,1.4773145914077759,0.15956608951091766
66,0.0001,0.5066388659179211,0.8781173370642662,0.8216720684008165,0.749669164815017,0.8554816846869856,17.03540849685669,0.36155356280505657,0.30964843928813934,0.24745358061045408,0.06991420313715935,0.36155356280505657,0.7810358069837093,0.6619103695407058,0.46735783553484717,0.21923373413808417,0.06630052129427592,0.6619103695407058,0.5817600380290638,0.6815657019615173,0.520252525806427,0.3059564530849457,0.5838047862052917,0.5421743988990784,0.3522728383541107,0.468034952878952,1.4578945636749268,0.15571945905685425,0.4119451940059662,1.5008798837661743,0.16201074421405792
67,0.0001,0.5034942477941513,0.8803586867966884,0.732947568098704,0.7881268646766251,0.880629140762028,17.602667331695557,0.35887037590146065,0.31177175883203745,0.2429706146940589,0.06998886587098241,0.35887037590146065,0.777808852493763,0.707546617045547,0.37811405008489435,0.22088448071118558,0.0552895985769503,0.707546617045547,0.5777908292683688,0.6888454556465149,0.5222604870796204,0.30917176604270935,0.5883557796478271,0.5429093241691589,0.3571188151836395,0.46947500109672546,1.473966360092163,0.15764285624027252,0.4156703054904938,1.5056605339050293,0.16472570598125458
68,0.0001,0.4917033053934574,0.8853364436199149,0.6562815164074753,0.8159544824250675,0.8978468014434198,17.01373815536499,0.3592241443693638,0.30126048624515533,0.24522847589105368,0.06787679437547922,0.3592241443693638,0.7808421179652214,0.5396672586599985,0.36816987214666425,0.24735826208735956,0.06914462262030804,0.5396672586599985,0.6311534841855367,0.6957902908325195,0.5231248140335083,0.3120127320289612,0.5912612080574036,0.5420267581939697,0.3617474138736725,0.46913233399391174,1.4867932796478271,0.1591491997241974,0.41858401894569397,1.5179011821746826,0.16630013287067413
69,0.0001,0.4925005119293928,0.881376383899319,0.6714281340440115,0.8044713748624764,0.8907952268103532,18.320640325546265,0.35139190778136253,0.30741396732628345,0.24295372609049082,0.06765233911573887,0.35139190778136253,0.7871789075434208,0.5287773202766072,0.37530160988822125,0.2607551542195407,0.06886287101290443,0.5287773202766072,0.6483939723535017,0.700746476650238,0.5249302387237549,0.31469783186912537,0.5949404835700989,0.5426745414733887,0.36565521359443665,0.4680368900299072,1.493377685546875,0.16071711480617523,0.4152335524559021,1.5252439975738525,0.16838480532169342
70,0.0001,0.48897362872958183,0.8847522811759216,0.7246409690741337,0.7758710693912897,0.8724587933415807,17.126643657684326,0.3527500852942467,0.30271135549992323,0.24278132617473602,0.06797800026834011,0.3527500852942467,0.7831040807068348,0.5580790801481768,0.4167049807129484,0.2614198877955928,0.0684110296495033,0.5580790801481768,0.6279921477491205,0.7068395614624023,0.52580726146698,0.31767767667770386,0.5974189639091492,0.5458455085754395,0.3688889145851135,0.4684631824493408,1.5129954814910889,0.162149116396904,0.41790103912353516,1.535999059677124,0.17232100665569305
71,0.0001,0.4914470799267292,0.8824853025742719,0.8188923236095544,0.7516012117036069,0.857236931165298,17.19080376625061,0.3550880588591099,0.30627238005399704,0.2427539136260748,0.06790610030293465,0.3550880588591099,0.7818681746721268,0.6656949411739003,0.4564896402033893,0.21930471604520624,0.06381408937952736,0.6656949411739003,0.5841738708091505,0.713191032409668,0.5275440216064453,0.32061412930488586,0.5994306802749634,0.5466585159301758,0.37143057584762573,0.46936550736427307,1.5151607990264893,0.1643841415643692,0.41704151034355164,1.5400537252426147,0.17466193437576294
72,0.0001,0.4716115966439247,0.894204491207665,0.74300201643597,0.7757344882004382,0.8731466237539083,17.473607301712036,0.34694421477615833,0.29463344998657703,0.23606121446937323,0.06848856713622808,0.34694421477615833,0.7919773571193218,0.6020609465512362,0.4208954378510966,0.2481046752496199,0.06378520280122757,0.6020609465512362,0.6001051465670267,0.7211548089981079,0.529935896396637,0.32326051592826843,0.6042049527168274,0.5502659678459167,0.3754890263080597,0.47040411829948425,1.5267351865768433,0.16567069292068481,0.4193783402442932,1.542359471321106,0.17633631825447083
73,0.0001,0.46457961201667786,0.896374213113519,0.6951755556193265,0.7939035946121707,0.8844751362406479,16.56704831123352,0.34415640868246555,0.291378878057003,0.2345950761809945,0.06849921122193336,0.34415640868246555,0.7899180091917515,0.5283317222739711,0.39831895494099817,0.2641409987753088,0.06769476650339185,0.5283317222739711,0.635385168321205,0.7274740934371948,0.5336074233055115,0.3261871039867401,0.6069530844688416,0.554057776927948,0.37938201427459717,0.470854789018631,1.542044758796692,0.16820819675922394,0.4196232557296753,1.551755666732788,0.17747409641742706
74,0.0001,0.4549643937498331,0.9011239231033084,0.6286400095982985,0.8242987329607967,0.9029692692870865,17.435837507247925,0.34461760707199574,0.2861415296792984,0.2364522060379386,0.06745129963383079,0.34461760707199574,0.7906833812594414,0.5049658462856755,0.35720305731802277,0.24271235050577106,0.07041744549166072,0.5049658462856755,0.6511960806268634,0.733128011226654,0.5354962348937988,0.3293750286102295,0.6091352701187134,0.5563445687294006,0.38313570618629456,0.47071564197540283,1.5422427654266357,0.16968540847301483,0.41929948329925537,1.5628000497817993,0.178237646818161
75,0.0001,0.46685159020125866,0.8929281122251648,0.6760801645842466,0.8031028360868805,0.890377730899156,17.155991315841675,0.3460428137332201,0.2932828329503536,0.23435582593083382,0.06788441492244601,0.3460428137332201,0.7862329334020615,0.5984644944017584,0.37711129901987134,0.23527064738851605,0.06582361121069301,0.5984644944017584,0.6055836876233419,0.7394518256187439,0.5370551347732544,0.3325081765651703,0.6130030155181885,0.5574992299079895,0.3867730498313904,0.4711046516895294,1.551988124847412,0.17194940149784088,0.4207240641117096,1.5703493356704712,0.17883309721946716
76,0.0001,0.45552173256874084,0.8983359806610448,0.6420434749487675,0.8160916200817451,0.898124843873787,16.685770273208618,0.34219962917268276,0.28639907017350197,0.2328371647745371,0.06807694444432855,0.34219962917268276,0.7935013398528099,0.5519564549128214,0.3639016047571645,0.2366055864276308,0.06593854939847281,0.5519564549128214,0.639534471612988,0.7457309365272522,0.540284276008606,0.3353882133960724,0.6153309345245361,0.5618550777435303,0.3902212083339691,0.4719972610473633,1.5589412450790405,0.17406561970710754,0.41974344849586487,1.5773773193359375,0.18037836253643036
77,0.0001,0.4744229316711426,0.8876479597219851,0.6224904511914109,0.8219006431782822,0.9011882572523727,17.118694067001343,0.34459255635738373,0.30222934298217297,0.23397714644670486,0.06730901636183262,0.34459255635738373,0.790317427366972,0.4953630611752019,0.3678785544453245,0.2466015269358953,0.06728077194455898,0.4953630611752019,0.6537011392188795,0.753523588180542,0.5411758422851562,0.3383226990699768,0.6189618706703186,0.5611636638641357,0.3935306668281555,0.4719044864177704,1.561187744140625,0.17561505734920502,0.41945990920066833,1.5791893005371094,0.18067608773708344
78,0.0001,0.4629583228379488,0.8913374412491275,0.6533249156041578,0.8148509997647732,0.8973074843179567,16.567970514297485,0.3424827456474304,0.29305760003626347,0.23175206314772367,0.06746127177029848,0.3424827456474304,0.7883086167275906,0.5842384741161809,0.35301691338871466,0.23922160358139963,0.06746067106723785,0.5842384741161809,0.6087964231317694,0.7596544623374939,0.543359637260437,0.3409368097782135,0.6248098015785217,0.5620286464691162,0.3976009786128998,0.47225552797317505,1.5660098791122437,0.17693614959716797,0.4219292998313904,1.5877199172973633,0.1822172850370407
79,0.0001,0.45516370236873627,0.8938253884026077,0.6171191226352345,0.816283844489778,0.8985311893580709,15.062106609344482,0.33380416966974735,0.29296297021210194,0.22620769031345844,0.06898664776235819,0.33380416966974735,0.7973836995661259,0.44836649930838385,0.36250679962562793,0.23910420229940704,0.07418734772187291,0.44836649930838385,0.7049579313307097,0.766711413860321,0.5446836948394775,0.34398403763771057,0.6272123456001282,0.5650444626808167,0.40111681818962097,0.47363290190696716,1.5795912742614746,0.17930234968662262,0.4245412349700928,1.601984977722168,0.1844978779554367
80,0.0001,0.4576866663992405,0.8920845662211836,0.688686751054995,0.8069443402586471,0.892448703412998,15.867735862731934,0.33355041965842247,0.29661829583346844,0.2277593147009611,0.06781976670026779,0.33355041965842247,0.7966366447508335,0.6891185117490364,0.3616399534723975,0.21615503592924637,0.057750647040930664,0.6891185117490364,0.5664681467142972,0.7714596390724182,0.5471729040145874,0.34625667333602905,0.6297081708908081,0.5674480199813843,0.40392565727233887,0.4732489585876465,1.5882055759429932,0.1809251755475998,0.4291577637195587,1.615804672241211,0.18710120022296906
81,0.0001,0.4759835284203291,0.8850606270455532,0.6628555203929092,0.7986682703369705,0.8874985141596179,16.5038058757782,0.3449740335345268,0.3062860229983926,0.22671823762357235,0.06656869826838374,0.3449740335345268,0.786232240498066,0.49691557477821,0.3987945702039834,0.2422168832836729,0.06962581769083485,0.49691557477821,0.6731800762089816,0.7781425714492798,0.5502839684486389,0.34889471530914307,0.6316400170326233,0.5713064074516296,0.40686193108558655,0.4724602997303009,1.6113775968551636,0.18220001459121704,0.43143391609191895,1.6419812440872192,0.19046945869922638
82,0.0001,0.44251986779272556,0.9009534981568388,0.6237922392108224,0.8184360109360721,0.8995915700102665,15.379474401473999,0.33036897517740726,0.28672735672444105,0.22456583473831415,0.06796039128676057,0.33036897517740726,0.8008200526237488,0.5050610502560934,0.36685361419663287,0.23897590239842734,0.06860731463089134,0.5050610502560934,0.6609652909365568,0.7854161858558655,0.5507153272628784,0.3516426086425781,0.6351204514503479,0.5723463296890259,0.41018131375312805,0.47345560789108276,1.621942400932312,0.1845800131559372,0.4303051829338074,1.6537256240844727,0.19234047830104828
83,0.0001,0.4455442875623703,0.8973212666875747,0.6564912868268562,0.8075129624219269,0.8929601256803696,17.00624656677246,0.33190828934311867,0.2894138190895319,0.2225339701399207,0.06813079118728638,0.33190828934311867,0.791032187640667,0.5485719645565207,0.37198553302071313,0.2501920416499629,0.06477420901258786,0.5485719645565207,0.6313832004865011,0.7913639545440674,0.5525479912757874,0.3543258607387543,0.6394519805908203,0.5741448402404785,0.41395658254623413,0.47533151507377625,1.619297742843628,0.18636372685432434,0.4369828701019287,1.6591858863830566,0.1932940036058426
84,0.0001,0.46057206578552723,0.8880353974348008,0.6038292393539891,0.826385613156306,0.9042961805213253,15.396944761276245,0.33308462239801884,0.30180314742028713,0.2206304520368576,0.06728614401072264,0.33308462239801884,0.792240597307682,0.5030766283020829,0.3455360188628688,0.24546509665070157,0.07175022905523126,0.5030766283020829,0.6649778774290374,0.7974533438682556,0.5528586506843567,0.35704684257507324,0.6423909068107605,0.5735254287719727,0.4169771373271942,0.47430092096328735,1.631009817123413,0.18830229341983795,0.43964269757270813,1.6614586114883423,0.1950150430202484
85,0.0001,0.43716938607394695,0.9012528226614339,0.7058121453632008,0.7968142465831866,0.8862943346364447,15.987104177474976,0.325604310259223,0.2880366835743189,0.22039170749485493,0.06701981415972114,0.325604310259223,0.8052840679883957,0.653246516531164,0.40058912698066595,0.1966570019721985,0.07077554839126991,0.653246516531164,0.613869107130802,0.803286075592041,0.5549633502960205,0.35951295495033264,0.6473860144615173,0.575366199016571,0.41960665583610535,0.47256308794021606,1.6404435634613037,0.18920844793319702,0.4416716396808624,1.6694860458374023,0.19601573050022125
86,0.0001,0.4344908818602562,0.9032421530030281,0.6667853051965887,0.797287667188128,0.8864906046739098,15.464036703109741,0.331852026283741,0.2824033973738551,0.21948713436722755,0.06748176924884319,0.331852026283741,0.798155914992094,0.49341384931044147,0.40781453251838684,0.24638725185033047,0.0683501720654242,0.49341384931044147,0.6685970877156113,0.8093870878219604,0.5584868788719177,0.3623411953449249,0.6499005556106567,0.5776299834251404,0.4242592453956604,0.4722062349319458,1.6460959911346436,0.19061483442783356,0.4413493275642395,1.6905596256256104,0.19791299104690552
87,0.0001,0.4369977843016386,0.9000929921216557,0.5778222038890376,0.8353781734554294,0.9096151280893806,16.19235849380493,0.32364086247980595,0.2898055696859956,0.21920854039490223,0.06775906542316079,0.32364086247980595,0.8063985519111156,0.4491741413419897,0.3490099667599707,0.23304072112748117,0.07479298950144739,0.4491741413419897,0.7117581511988784,0.812754213809967,0.5603854060173035,0.3653729259967804,0.6510862708091736,0.5810714364051819,0.4279088079929352,0.4711388051509857,1.654908537864685,0.1921692192554474,0.440413236618042,1.7080215215682983,0.19943863153457642
88,0.0001,0.4301128461956978,0.9024870650663234,0.5529644326730208,0.8449183916875015,0.9152159296785215,15.712374687194824,0.32468697242438793,0.28222092520445585,0.21947406698018312,0.06841941736638546,0.32468697242438793,0.8045374527573586,0.4076538248495622,0.34995920007879083,0.22313412527243295,0.07179782957290158,0.4076538248495622,0.7353894222866405,0.8170789480209351,0.5624477863311768,0.3683207631111145,0.6529274582862854,0.5838309526443481,0.43158432841300964,0.47089067101478577,1.6571601629257202,0.19341151416301727,0.44064292311668396,1.7191442251205444,0.20110806822776794
89,0.0001,0.4435944464057684,0.8969264143988676,0.6055648606834989,0.8226966970870551,0.9019328300250091,15.282243728637695,0.3237158078700304,0.29547096975147724,0.21434633061289787,0.06769264722242951,0.3237158078700304,0.8003721050918102,0.5007298281698516,0.35932801347790344,0.26306789390968555,0.06437053915226099,0.5007298281698516,0.6548468759565642,0.8229266405105591,0.5623345971107483,0.37045514583587646,0.6549106240272522,0.5850503444671631,0.433494508266449,0.4705745279788971,1.666519284248352,0.19538183510303497,0.44224727153778076,1.7039018869400024,0.2016667127609253
90,0.0001,0.4418363533914089,0.8953006385922059,0.5707147554917769,0.836632369494879,0.9105500351334316,15.896226644515991,0.33077044785022736,0.29054039157927036,0.2160712806507945,0.06688740197569132,0.33077044785022736,0.7937318496406078,0.433811883131663,0.35488596377950726,0.23753298457824823,0.07289698640957024,0.433811883131663,0.7187581766735424,0.8283745646476746,0.5656989812850952,0.37328988313674927,0.6580191850662231,0.5883790850639343,0.4371650516986847,0.4690788686275482,1.6756726503372192,0.19694039225578308,0.44581517577171326,1.7207666635513306,0.20288942754268646
91,0.0001,0.4318332578986883,0.8996879779211274,0.7192054959860715,0.7843373466770032,0.8782391796060833,16.260572910308838,0.325043635442853,0.2849125964567065,0.21785012539476156,0.06535020191222429,0.325043635442853,0.7984789125621319,0.6386895134593501,0.4017871875654567,0.2157443111593073,0.06756671935771451,0.6386895134593501,0.5919137037161625,0.8360270261764526,0.5665225386619568,0.37612107396125793,0.6607240438461304,0.5917736887931824,0.44079655408859253,0.4693809449672699,1.6846859455108643,0.19804883003234863,0.44433173537254333,1.7291895151138306,0.20288455486297607
92,0.0001,0.4188852868974209,0.9060104224313092,0.5444563229878744,0.851191681133869,0.9191021152538161,15.663761615753174,0.31763177923858166,0.28136248234659433,0.21197552047669888,0.06692930310964584,0.31763177923858166,0.8060068972408772,0.44520825012163684,0.32180406830527564,0.24054201805230344,0.06747966846733382,0.44520825012163684,0.7029671921874537,0.8392459154129028,0.5686863660812378,0.3791888952255249,0.6610937714576721,0.5952719449996948,0.44447648525238037,0.4691382646560669,1.6927766799926758,0.2000410109758377,0.4439292252063751,1.7341761589050293,0.20441323518753052
93,0.0001,0.4325392860919237,0.8974642468002663,0.5720417120239951,0.8350426992242655,0.9095300073051273,15.69207239151001,0.32096435502171516,0.2883260454982519,0.21482995245605707,0.0664328676648438,0.32096435502171516,0.8031376600265503,0.46499248165072815,0.3421534083106301,0.23851154247919717,0.06788643585010008,0.46499248165072815,0.6955142346295443,0.8439478874206543,0.5697552561759949,0.3818102478981018,0.6628279089927673,0.5979148745536804,0.4478566646575928,0.4700489640235901,1.6974064111709595,0.2019733488559723,0.4440822899341583,1.7391408681869507,0.2048938125371933
94,0.0001,0.40553996711969376,0.912047722341049,0.6174575605175712,0.8274797485992498,0.9050267783793002,15.799280166625977,0.3150370195508003,0.2709006145596504,0.21119627077132463,0.0664341114461422,0.3150370195508003,0.8067131415009499,0.5958874514608672,0.3281211938821908,0.218556746840477,0.06371729391993898,0.5958874514608672,0.6203415863441698,0.8498509526252747,0.5731595158576965,0.38429707288742065,0.6655300259590149,0.6013529300689697,0.45126327872276306,0.4693986475467682,1.7061116695404053,0.20361502468585968,0.4475177824497223,1.7336575984954834,0.20625369250774384
95,0.0001,0.4109720066189766,0.907962085383426,0.5592212288668661,0.8410617205936235,0.9131203264380339,16.069488286972046,0.3142040502279997,0.2768171774223447,0.2096377918496728,0.06625905958935618,0.3142040502279997,0.8062060251832008,0.42251092917991406,0.34947258866194525,0.2312612167813561,0.06941252811388536,0.42251092917991406,0.7283820202856353,0.854915976524353,0.5754528045654297,0.38657528162002563,0.6669209003448486,0.6028466820716858,0.45405852794647217,0.467258095741272,1.7155789136886597,0.20551848411560059,0.454796701669693,1.7530779838562012,0.20774617791175842
96,0.0001,0.413369320333004,0.9071679656944198,0.6011388500531515,0.8256940821132982,0.9040069967487229,15.924432754516602,0.31567589566111565,0.27464644704014063,0.2131912438198924,0.06574111222289503,0.31567589566111565,0.807119183242321,0.4682444017944914,0.3738304656563383,0.22918322908155847,0.07037450632814204,0.4682444017944914,0.6973242542960427,0.8612127900123596,0.5757457613945007,0.38899752497673035,0.6705039143562317,0.6019153594970703,0.4568813145160675,0.46710023283958435,1.7214726209640503,0.2065051943063736,0.4532581865787506,1.7682605981826782,0.20867595076560974
97,0.0001,0.4011320024728775,0.9136202108698811,0.5655878457156095,0.8348868542321448,0.9095165803770109,15.46209192276001,0.3137758020311594,0.2693614177405834,0.20684179291129112,0.06635251780971885,0.3137758020311594,0.8068119958043098,0.41803963346914813,0.3546796490748723,0.22748718613928015,0.0712968950921839,0.41803963346914813,0.7284796292131598,0.8656046390533447,0.5755297541618347,0.39197149872779846,0.672320544719696,0.6009273529052734,0.4606894254684448,0.4665490984916687,1.7185500860214233,0.20839007198810577,0.45378464460372925,1.77572500705719,0.2096180021762848
98,0.0001,0.4019264988601208,0.9107025359309561,0.5773482620716095,0.8292509349008007,0.9061791516277948,15.692404508590698,0.309959115460515,0.2735319631174207,0.2084384709596634,0.06610313570126891,0.309959115460515,0.8160928450524807,0.40984921699220483,0.3673549700867046,0.2484535173033223,0.06552469685222163,0.40984921699220483,0.7360188906843012,0.8706119060516357,0.576415479183197,0.39483293890953064,0.6757649779319763,0.603618860244751,0.4639297425746918,0.46594685316085815,1.7209672927856445,0.20985130965709686,0.4524722099304199,1.7702537775039673,0.21014182269573212
99,0.0001,0.4049581103026867,0.9092598830721645,0.5677811684030475,0.8371493313687086,0.9109851093305601,15.353440523147583,0.31295461021363735,0.27477357909083366,0.20496097765862942,0.0658347625285387,0.31295461021363735,0.8067599721252918,0.4987309358336709,0.3371845411531853,0.2239135124466636,0.07142102041027763,0.4987309358336709,0.6725001407392097,0.8745298981666565,0.5769662857055664,0.39745083451271057,0.6770848631858826,0.6054484248161316,0.46685534715652466,0.46525123715400696,1.735085368156433,0.21112321317195892,0.4539773762226105,1.7775732278823853,0.21119186282157898
100,0.0001,0.41600348986685276,0.9025219643965459,0.5733624190995188,0.8306410399628539,0.9070129957763395,16.39035439491272,0.309667544439435,0.28363597951829433,0.20872596837580204,0.06510699749924242,0.309667544439435,0.8118901066482067,0.36612904794288403,0.3807525327711394,0.18781357755263647,0.0634375513728821,0.36612904794288403,0.7696150541305542,0.8789800405502319,0.5768249034881592,0.3994532823562622,0.6782939434051514,0.606232225894928,0.4694373905658722,0.46711790561676025,1.7391310930252075,0.2124822735786438,0.46102994680404663,1.798858642578125,0.2128637731075287
101,0.0001,0.4031119141727686,0.9086249656323333,0.565152766126575,0.8367784717234406,0.9107606233472706,18.477771282196045,0.31083454191684723,0.2758920807391405,0.20446185022592545,0.06630745762959123,0.31083454191684723,0.8088444992899895,0.45198861170898785,0.35213402726433496,0.2081502346378384,0.07072477449070323,0.45198861170898785,0.7135736093376622,0.8830600380897522,0.5777305364608765,0.4017173647880554,0.6799875497817993,0.607048511505127,0.47258761525154114,0.4685683250427246,1.743795394897461,0.21442565321922302,0.46072936058044434,1.8109585046768188,0.2129758596420288
102,0.0001,0.43190360628068447,0.8922121444147592,0.6384754822109685,0.8121706694817717,0.8956229963411755,19.373170614242554,0.3195978421717882,0.2939043492078781,0.20735981781035662,0.06491262535564601,0.3195978421717882,0.7961245663464069,0.5441842557805957,0.3979524125655492,0.20640546444690588,0.06179662737430948,0.5441842557805957,0.6647217960068674,0.8899046182632446,0.5776762366294861,0.4037720859050751,0.6834332346916199,0.6072209477424622,0.4747176170349121,0.4677603840827942,1.7479817867279053,0.21621988713741302,0.46094954013824463,1.8137693405151367,0.21253779530525208
103,0.0001,0.41368646547198296,0.9036628679722283,0.5729566090034716,0.8265918587377279,0.904647245604402,16.585933923721313,0.3080015182495117,0.28945558331906796,0.20109569933265448,0.06454555643722415,0.3080015182495117,0.8110335431993008,0.35823691297661175,0.39334350101875537,0.2085236767024705,0.06326577552791798,0.35823691297661175,0.7751956889123628,0.8911693692207336,0.5793157815933228,0.40582382678985596,0.6836008429527283,0.6083284616470337,0.4769320487976074,0.4693128168582916,1.7503678798675537,0.2180323749780655,0.46197235584259033,1.807674527168274,0.21421031653881073
104,0.0001,0.40333425626158714,0.9090280308649458,0.5589388410250345,0.8378012706273376,0.9112494798160358,17.375982522964478,0.30724335834383965,0.2785942452028394,0.2046232307329774,0.0639726179651916,0.30724335834383965,0.8124220855534077,0.45272210691914416,0.33223322620897583,0.2253351816625306,0.0679973221637986,0.45272210691914416,0.7051838040351868,0.8952121138572693,0.5805692076683044,0.4083179831504822,0.6860503554344177,0.6103532910346985,0.48084908723831177,0.4689822196960449,1.7568535804748535,0.2195902317762375,0.4645996689796448,1.8148401975631714,0.21502605080604553
105,0.0001,0.4231327623128891,0.8965122351588871,0.5828553248535503,0.8214235329803982,0.9013341518954676,21.723400592803955,0.31148206628859043,0.2946424800902605,0.20174307469278574,0.06460604420863092,0.31148206628859043,0.8029683046042919,0.41502271547462,0.369494844566692,0.2482349673906962,0.06549256949713736,0.41502271547462,0.7333455302498557,0.9001368284225464,0.5821448564529419,0.410285085439682,0.6887294054031372,0.613244891166687,0.4826129674911499,0.46797803044319153,1.7735795974731445,0.22103586792945862,0.48080235719680786,1.8154698610305786,0.21712763607501984
106,0.0001,0.4069986268877983,0.9065860139971612,0.5682178681546991,0.8428937172686297,0.9142311358198639,24.475586891174316,0.3120275354012847,0.27942780777812004,0.20596685260534286,0.06497157062403858,0.3120275354012847,0.8109163045883179,0.5216451400157177,0.3400282950112314,0.20355584946545688,0.06747803679018309,0.5216451400157177,0.6576833020557057,0.9033465385437012,0.5834226012229919,0.4126438498497009,0.6897255182266235,0.6166680455207825,0.48535192012786865,0.4681470990180969,1.7830520868301392,0.223442941904068,0.495797336101532,1.8325178623199463,0.21869905292987823
107,0.0001,0.39581906981766224,0.9096412795146018,0.6129173148762096,0.8254862660243921,0.9039769962571874,19.612980604171753,0.30506250262260437,0.2754499400034547,0.19842611998319626,0.06477566016837955,0.30506250262260437,0.8092291317880154,0.5698742405934767,0.3497258795030189,0.20897814450841962,0.06499944141868388,0.5698742405934767,0.6443166768912113,0.9082946181297302,0.5849534273147583,0.41531285643577576,0.6906749606132507,0.6184176802635193,0.48892953991889954,0.46900415420532227,1.782356858253479,0.22544831037521362,0.5041760802268982,1.8384084701538086,0.21910513937473297
108,0.0001,0.39923656918108463,0.9081995624003755,0.5307240612579115,0.8534596604683545,0.9202423307159319,15.578385591506958,0.30575259029865265,0.2770980829373002,0.20168380346149206,0.06552751245908439,0.30575259029865265,0.8124953135848045,0.4610710148558472,0.3262383621750456,0.21885124255310406,0.06745035856059103,0.4610710148558472,0.6948541294444691,0.9130120873451233,0.5856462121009827,0.4178023040294647,0.6927499771118164,0.6192719340324402,0.4916236102581024,0.46845436096191406,1.7883226871490479,0.22643114626407623,0.5084238052368164,1.8542077541351318,0.22069767117500305
109,0.0001,0.4337872229516506,0.8901089980473854,0.6429194076494738,0.8131208734665648,0.8961617381425434,16.252740383148193,0.32440850511193275,0.295688021928072,0.20472612138837576,0.0637080071028322,0.32440850511193275,0.7935300134122372,0.5713881931521676,0.39221582855239057,0.20010828294537283,0.06072092293338342,0.5713881931521676,0.6514060695966085,0.9160069823265076,0.5854555368423462,0.42006081342697144,0.6943241953849792,0.6197412014007568,0.4947676658630371,0.4698270857334137,1.7921165227890015,0.228903129696846,0.5126318335533142,1.8590209484100342,0.22222384810447693
110,0.0001,0.4283418171107769,0.8938378080755571,0.5525536853255648,0.8276027442632167,0.9051911870752603,15.674768447875977,0.32238504104316235,0.2973658870905638,0.20548670645803213,0.06417473196052015,0.32238504104316235,0.7926075384020805,0.38281413009672455,0.36467943047032214,0.2147729821277387,0.06920992481437596,0.38281413009672455,0.764028579899759,0.9218589067459106,0.5832805633544922,0.42191335558891296,0.6973827481269836,0.6242353320121765,0.4976975619792938,0.4724716544151306,1.8031768798828125,0.23245128989219666,0.5146076679229736,1.8621565103530884,0.2239457666873932
111,0.0001,0.40025894716382027,0.9060733374285511,0.5161904593308767,0.8524204393505541,0.9199243941371457,15.605936765670776,0.305038021877408,0.27986057847738266,0.20066752657294273,0.06556170573458076,0.305038021877408,0.8110578134655952,0.3431615314700387,0.3482887058547049,0.22644232619892468,0.06718375838615677,0.3431615314700387,0.8016600374019507,0.9236675500869751,0.5845638513565063,0.4245046377182007,0.6987799406051636,0.6267454624176025,0.5000593066215515,0.47350433468818665,1.8104448318481445,0.23419010639190674,0.5221429467201233,1.871623158454895,0.22523684799671173
112,0.0001,0.40013939142227173,0.9070881725202372,0.5182898821252765,0.85029385308222,0.9186263430576967,15.478459119796753,0.3027186170220375,0.278980310074985,0.20007691346108913,0.06392192072235048,0.3027186170220375,0.8111260794103146,0.3708629102417917,0.3501731509512121,0.20873355504238245,0.06609663976864381,0.3708629102417917,0.7703856374278213,0.9273275136947632,0.5860840082168579,0.4268997311592102,0.7010300159454346,0.6272956728935242,0.5035982728004456,0.47273340821266174,1.8196134567260742,0.23535268008708954,0.5268767476081848,1.8617054224014282,0.22577618062496185
113,0.0001,0.40046059899032116,0.907545923601192,0.5609584884210066,0.833200674202426,0.9086629628553327,16.0780611038208,0.30916804261505604,0.2784104719758034,0.2008990366011858,0.06284894235432148,0.30916804261505604,0.8059962652623653,0.3997494072625131,0.36768067650722736,0.20993114059621637,0.06656130561322877,0.3997494072625131,0.7440621383262404,0.9291152954101562,0.5869657397270203,0.42912185192108154,0.7018519639968872,0.6292291879653931,0.5061793327331543,0.4752039611339569,1.8261715173721313,0.2365521788597107,0.5303664803504944,1.867079734802246,0.22625863552093506
114,0.0001,0.41850131191313267,0.8953471099390983,0.5838686164581415,0.8232061427977931,0.9026315507516844,15.421499013900757,0.30380047485232353,0.2976816762238741,0.19776619970798492,0.06338666239753366,0.30380047485232353,0.8124376535415649,0.4042567371418982,0.4020168429071253,0.2015291660120993,0.06167000317663857,0.4042567371418982,0.7420858090574091,0.934269368648529,0.5883966088294983,0.43161845207214355,0.7034424543380737,0.6307480931282043,0.5090551376342773,0.47227320075035095,1.8338494300842285,0.23801513016223907,0.5300050973892212,1.8812575340270996,0.2277754545211792
115,0.0001,0.41233813762664795,0.8973679588171997,0.5507543294718771,0.8390971758296644,0.9117952619046239,16.02570343017578,0.30316183902323246,0.2915998203679919,0.19969994481652975,0.060689779464155436,0.30316183902323246,0.8117585517466068,0.3872023021632975,0.37728392761765106,0.21641914772264886,0.06662457357301857,0.3872023021632975,0.756571377768661,0.9358099102973938,0.5890018939971924,0.4327457547187805,0.7040811777114868,0.6323671936988831,0.511457622051239,0.4739399552345276,1.8478039503097534,0.23872405290603638,0.5397735238075256,1.9059078693389893,0.22986862063407898
116,0.0001,0.38609240017831326,0.9126162280972862,0.516049196322759,0.8495525712793481,0.9181824597936332,15.466681718826294,0.2982125002890825,0.271058589220047,0.19781723152846098,0.06314267800189555,0.2982125002890825,0.8171728104352951,0.37250647310054663,0.34593097594651306,0.2080019757603154,0.06715083009365833,0.37250647310054663,0.7662306482141669,0.9387565851211548,0.5909181833267212,0.4352250099182129,0.7052664756774902,0.635444164276123,0.5151814818382263,0.47456446290016174,1.8553061485290527,0.2401454895734787,0.5364955067634583,1.9195785522460938,0.23109596967697144
117,0.0001,0.3818609956651926,0.9136700472323578,0.5215446641950896,0.8507472335859659,0.9188128099152677,15.952118396759033,0.2985062189400196,0.2715524574741721,0.19537537544965744,0.06372561119496822,0.2985062189400196,0.8155456185340881,0.3796275361920848,0.34645819528536365,0.20499169284647162,0.06453063587347667,0.3796275361920848,0.7564534490758722,0.9412835836410522,0.5924269556999207,0.4375911355018616,0.7053002119064331,0.6375584602355957,0.5179774165153503,0.4759175181388855,1.8595308065414429,0.24159812927246094,0.535586953163147,1.921957015991211,0.23222781717777252
118,0.0001,0.3883617501705885,0.910631039877267,0.5615659943132689,0.8341655418459991,0.9091853785915711,18.26644015312195,0.30323601979762316,0.2773539125919342,0.19412176124751568,0.06211505248211324,0.30323601979762316,0.808384332805872,0.4360092878341675,0.35811350336580566,0.21446032776977075,0.0640866474220247,0.4360092878341675,0.7160321004462965,0.9437713623046875,0.5936365127563477,0.4394262433052063,0.7067275643348694,0.6392819285392761,0.5210285186767578,0.47462522983551025,1.8638057708740234,0.24270884692668915,0.5346968173980713,1.9224927425384521,0.23269852995872498
119,0.0001,0.3682573977857828,0.9190530961719717,0.51623227650469,0.8518807520588509,0.9195832310586632,19.31115698814392,0.29666223749518394,0.2605489883571863,0.19417764339596033,0.06168040609918535,0.29666223749518394,0.8194052800536156,0.3443029906713601,0.36388549298951123,0.19869460933136218,0.06443215827598717,0.3443029906713601,0.7829515103137854,0.9473214149475098,0.5951201319694519,0.44187062978744507,0.707396388053894,0.6413255333900452,0.524399995803833,0.47384220361709595,1.8665775060653687,0.24416522681713104,0.5311563014984131,1.9267181158065796,0.23311980068683624
120,0.0001,0.3654980566352606,0.9197758475663101,0.5370516795100588,0.8348954313556428,0.9096242699006546,16.454756021499634,0.2922846395522356,0.26188097707927227,0.19260272104293108,0.06296725175343454,0.2922846395522356,0.8212192505598068,0.40386216748844495,0.3371257371071613,0.22680153449376425,0.067446986608433,0.40386216748844495,0.7424108729217992,0.9502686262130737,0.5967057347297668,0.4439741373062134,0.7068074941635132,0.6442177295684814,0.5272286534309387,0.4745037257671356,1.8681232929229736,0.24546770751476288,0.531915009021759,1.924900770187378,0.2337837964296341
121,0.0001,0.3702372182160616,0.917497725853441,0.491486620722395,0.8595675802233295,0.9239621421971946,16.169636964797974,0.29716261103749275,0.26424810755997896,0.19206696096807718,0.06280040368437767,0.29716261103749275,0.8148149661719799,0.33099847761067475,0.34716719343806757,0.19139294664968143,0.062424635232398,0.33099847761067475,0.7893620801694465,0.9517490267753601,0.5987482070922852,0.44602346420288086,0.7067754864692688,0.6470904350280762,0.52988201379776,0.47222694754600525,1.871451497077942,0.24655191600322723,0.5333019495010376,1.9275332689285278,0.23524287343025208
122,0.0001,0.3701772354543209,0.91735825759755,0.5059141968235825,0.8558829550472268,0.9218038503868514,15.867112159729004,0.289825358428061,0.2668773774057627,0.18924114387482405,0.062214625999331474,0.289825358428061,0.8239950351417065,0.3978954011743719,0.3312357618953242,0.22941146926446396,0.06515390674273173,0.3978954011743719,0.7442236362081586,0.9554641842842102,0.6010592579841614,0.44806116819381714,0.7087207436561584,0.6487857103347778,0.5328647494316101,0.4717238247394562,1.8711402416229248,0.2480468899011612,0.5351183414459229,1.9277297258377075,0.23619627952575684
123,0.0001,0.3703669644892216,0.9166476005191102,0.5234640511599454,0.8450237175633634,0.9154644381006984,15.148740291595459,0.29595499858260155,0.2648473437875509,0.19274485483765602,0.0615101910661906,0.29595499858260155,0.8161947838962078,0.3462168339527015,0.3698786027503736,0.20370016247034073,0.06614474590980646,0.3462168339527015,0.7787991527355078,0.9590303897857666,0.6024489998817444,0.4502606987953186,0.7088761925697327,0.6508606672286987,0.535668671131134,0.4707457423210144,1.874233365058899,0.24893641471862793,0.5369313955307007,1.9225577116012573,0.2365017831325531
124,0.0001,0.37052191235125065,0.9163461723019656,0.566399178721688,0.8336768778382264,0.9086506660843972,15.600309371948242,0.2909209839999676,0.2693608533591032,0.18703914806246758,0.06214258843101561,0.2909209839999676,0.8175998814404011,0.47700544649904425,0.35415810707843665,0.21514836224642667,0.06751092263694966,0.47700544649904425,0.6911207654259421,0.9611574411392212,0.6038810014724731,0.45219215750694275,0.7088883519172668,0.651419997215271,0.5385401248931885,0.4714900255203247,1.877723217010498,0.2501866817474365,0.5316169261932373,1.9234046936035156,0.23660214245319366
125,0.0001,0.37467749044299126,0.9153092940925648,0.5094796491391731,0.8528732020325408,0.9200158338951236,15.497801542282104,0.29119799472391605,0.2712502907961607,0.18999712448567152,0.06272132112644613,0.29119799472391605,0.8207200691103935,0.3423807106234811,0.3630585896246361,0.20905260877175766,0.06473394855856895,0.3423807106234811,0.7824272260521398,0.964815616607666,0.6047927141189575,0.4544019401073456,0.7097382545471191,0.6522651314735413,0.54181307554245,0.4715193808078766,1.877869725227356,0.2517995536327362,0.52605140209198,1.926254153251648,0.2368604838848114
126,0.0001,0.3607252147048712,0.9211044188129358,0.5157626686674176,0.851212514373016,0.919299575963633,16.29363751411438,0.285705266520381,0.2617159588262439,0.18604029808193445,0.06254942156374454,0.285705266520381,0.8256917968392372,0.37655355216878833,0.34912928667935456,0.21128607699365326,0.0682622782434478,0.37655355216878833,0.7612665169166796,0.9683449864387512,0.6080963611602783,0.45681294798851013,0.7092558741569519,0.6548539996147156,0.5447293519973755,0.47037726640701294,1.8813034296035767,0.2532064914703369,0.5278316736221313,1.9292917251586914,0.2371336817741394
127,0.0001,0.36018861271440983,0.9208427874491729,0.5471976914189078,0.8352356999633903,0.909999092149902,16.080378770828247,0.2872804217040539,0.25984035339206457,0.18767171073704958,0.06211551581509411,0.2872804217040539,0.8240939974784851,0.39058329616532184,0.37524555668686377,0.18340849650628638,0.06543651742465569,0.39058329616532184,0.7565021009156199,0.9714743494987488,0.6101362705230713,0.4592329263687134,0.7101907134056091,0.6572058200836182,0.5472570061683655,0.4703570604324341,1.8834542036056519,0.25443604588508606,0.5263074040412903,1.9292348623275757,0.23734919726848602
128,0.0001,0.35998362116515636,0.9192128112080292,0.48759493231773376,0.8624663448658617,0.9257358190739954,15.978482007980347,0.28508644644171,0.2633677925914526,0.18442155700176954,0.06270087673328817,0.28508644644171,0.8246592618525028,0.2997426219058759,0.36077357241601654,0.1868575897180673,0.06509732014753601,0.2997426219058759,0.8175003239602754,0.9742079377174377,0.6122769713401794,0.4612618386745453,0.7122210264205933,0.6582261323928833,0.5503125786781311,0.46897783875465393,1.8875102996826172,0.25535979866981506,0.5296604037284851,1.9282763004302979,0.2383902370929718
129,0.0001,0.3538611810654402,0.9224113752162734,0.5262379917231473,0.8467494873647323,0.9165993939319184,16.05621886253357,0.28107356186956167,0.26107399445027113,0.1830906281247735,0.06320275273174047,0.28107356186956167,0.8290111757814884,0.38302668477549695,0.3585207841613076,0.2066967740203395,0.06592979203119423,0.38302668477549695,0.7520589142134695,0.977721095085144,0.6130018830299377,0.4630185067653656,0.7138238549232483,0.659022867679596,0.5525880455970764,0.4679226875305176,1.890085220336914,0.25689616799354553,0.5304207801818848,1.9274672269821167,0.239536851644516
130,0.0001,0.3575618416070938,0.9207865303376638,0.48690148375251074,0.8587713160392221,0.9235760704889425,15.603211164474487,0.2855168245732784,0.2625519298017025,0.18536979798227549,0.062079855939373374,0.2855168245732784,0.8264398314058781,0.30129695480520075,0.36543804587739886,0.19256306146130417,0.06418371764999448,0.30129695480520075,0.8071461717287699,0.9793964624404907,0.6133934855461121,0.46536287665367126,0.7144891023635864,0.6593932509422302,0.5554015636444092,0.4661964774131775,1.893897533416748,0.25804439187049866,0.5265074372291565,1.9292532205581665,0.2401197999715805
131,0.0001,0.36734522692859173,0.9180676336238591,0.497035978418408,0.861085444124122,0.9249209602939762,15.499708414077759,0.2943090219050646,0.2682111244648695,0.18437903095036745,0.06193675892427564,0.2943090219050646,0.8155950643122196,0.4274979545311494,0.317229535092007,0.1987337858387918,0.06433720209381798,0.4274979545311494,0.7342715263366699,0.9810736775398254,0.6144554018974304,0.46747875213623047,0.7152026891708374,0.6598098278045654,0.5582764744758606,0.46554335951805115,1.8961035013198853,0.25895941257476807,0.5258650183677673,1.9291760921478271,0.24069324135780334
132,0.0001,0.35861064307391644,0.920213722816109,0.4791664941744371,0.8653167359022598,0.9273697275943512,16.742321014404297,0.28656798414886,0.26186846755445004,0.1844903351739049,0.061329399701207876,0.28656798414886,0.8229850456118584,0.3109031929211183,0.3580681911923669,0.18384502015330575,0.06434865160421892,0.3109031929211183,0.8058726047024583,0.9855219721794128,0.6153579354286194,0.4697555899620056,0.7163609266281128,0.6611177921295166,0.5608032941818237,0.46607911586761475,1.9002262353897095,0.26009538769721985,0.5268884301185608,1.9304358959197998,0.24129895865917206
133,0.0001,0.34626184962689877,0.9247152518172377,0.4931920522993261,0.8614822549828182,0.9251161610685729,15.863099575042725,0.28213989920914173,0.25270829256623983,0.18388615362346172,0.0615456341765821,0.28213989920914173,0.8270652592182159,0.3579091628392537,0.34614554544289905,0.2004483902093136,0.06675272367217323,0.3579091628392537,0.7744000012224371,0.9881386756896973,0.6167183518409729,0.4719168543815613,0.7170135378837585,0.6619505882263184,0.5636029243469238,0.4657481610774994,1.904724359512329,0.26139041781425476,0.5255921483039856,1.9309824705123901,0.24227261543273926
134,0.0001,0.34715138748288155,0.9244198596461526,0.48064353068669635,0.8670647991516724,0.9283628441349779,15.768678188323975,0.2816444430500269,0.2565531078726053,0.17943364474922419,0.06360388267785311,0.2816444430500269,0.8244679868221283,0.3787192801634471,0.33303660334962787,0.19158071595610995,0.06587962546583379,0.3787192801634471,0.7595602454561176,0.9911693334579468,0.6184044480323792,0.47436100244522095,0.7175440192222595,0.6630377769470215,0.5661794543266296,0.4662742614746094,1.906326413154602,0.26251113414764404,0.5249910354614258,1.9320697784423828,0.24211935698986053
135,0.0001,0.348467193543911,0.9229435668496019,0.4960394501686096,0.8593550241479899,0.9239310599161801,15.67121148109436,0.27841934747993946,0.25885861832648516,0.1821949016302824,0.06227089976891875,0.27841934747993946,0.8269052281975746,0.3331624115958358,0.3618175292556936,0.18502336288943436,0.06421180272644217,0.3331624115958358,0.7878782008633469,0.9929450154304504,0.6192867159843445,0.4761267304420471,0.7178595066070557,0.6636081337928772,0.5684409737586975,0.46577781438827515,1.9037928581237793,0.26321154832839966,0.526015043258667,1.933077335357666,0.24277116358280182
136,0.0001,0.3562925439327955,0.9199921082713549,0.48676958047982416,0.8606968849086432,0.9247572448605038,16.107288360595703,0.28590967506170273,0.2643879596143961,0.18058453314006329,0.06198868388310075,0.28590967506170273,0.8195112533867359,0.34010197628628125,0.3484780065941088,0.20112387339274088,0.06303879121939342,0.34010197628628125,0.7868561293139602,0.9947947859764099,0.6201488971710205,0.47854769229888916,0.7172998785972595,0.6641890406608582,0.5712566375732422,0.4630346894264221,1.9081957340240479,0.2644589841365814,0.5334601402282715,1.9336626529693604,0.24315468966960907
137,0.0001,0.3387261629104614,0.9264709898457851,0.5409537752469381,0.8367336384673667,0.9106488678372389,15.37535834312439,0.2746766498312354,0.25070958863943815,0.18054213747382164,0.0623774672858417,0.2746766498312354,0.8342579454183578,0.3225072107531808,0.4062406628420859,0.19546647415016638,0.0651530222685048,0.3225072107531808,0.789637975620501,0.998654842376709,0.6219935417175293,0.48047223687171936,0.7187438011169434,0.665321409702301,0.5736085176467896,0.4633914530277252,1.9098378419876099,0.26606467366218567,0.5332022309303284,1.9325395822525024,0.24336379766464233
138,0.0001,0.34497804939746857,0.9246922701912005,0.49951158960660297,0.8540251036952883,0.9209030002219544,15.271249055862427,0.2804864989593625,0.25586751848459244,0.17918697465211153,0.06218110001645982,0.2804864989593625,0.8252781629562378,0.32623290473764593,0.3699653112527096,0.1964674239808863,0.0644048715405392,0.32623290473764593,0.7958181337876753,1.000027060508728,0.6233558654785156,0.482574999332428,0.7185782194137573,0.6667600274085999,0.575687050819397,0.46138229966163635,1.9119449853897095,0.26696836948394775,0.5325524210929871,1.9308544397354126,0.24421393871307373
139,0.0001,0.34996083937585354,0.9220618668125539,0.48046246441927826,0.8652811010391102,0.9273018537014112,17.7134051322937,0.277850853279233,0.2599904453381896,0.17976196017116308,0.06132332934066653,0.277850853279233,0.8312008753418922,0.35589484057643195,0.34069278971715405,0.18826687065037814,0.06377053757508595,0.35589484057643195,0.7739066969264637,1.0022448301315308,0.62395840883255,0.48451554775238037,0.7192738056182861,0.6674494743347168,0.5776117444038391,0.4622645378112793,1.910707950592041,0.268480509519577,0.5323966145515442,1.930154800415039,0.24459831416606903
140,0.0001,0.339170029386878,0.9267950224760626,0.4811088876290755,0.8634022245267611,0.9263212294324324,16.10771870613098,0.2735853958874941,0.2519300850108266,0.17855944484472275,0.06117945956066251,0.2735853958874941,0.8356395736336708,0.30243209952657873,0.36828625563419226,0.16787792877717453,0.061006816386273414,0.30243209952657873,0.8104057980306221,1.0047962665557861,0.6250240206718445,0.48678654432296753,0.7211672067642212,0.6678133010864258,0.5804769992828369,0.4627717137336731,1.9126936197280884,0.2696557939052582,0.5310212969779968,1.9323381185531616,0.24522991478443146
141,0.0001,0.34049542993307114,0.9260213593657971,0.5151155049150641,0.848920270733563,0.9179798402469036,15.568745613098145,0.2784186452627182,0.25279750395566225,0.1796984989196062,0.06203417177312076,0.2784186452627182,0.8284568414092064,0.3100560027541536,0.39004553628690314,0.18168441454569498,0.06153793723294229,0.3100560027541536,0.803321771549456,1.0057830810546875,0.6257143616676331,0.4891468286514282,0.7221506237983704,0.669217050075531,0.5830863118171692,0.46105605363845825,1.9156146049499512,0.2703113555908203,0.528204619884491,1.9301596879959106,0.24523533880710602
142,0.0001,0.34800105541944504,0.9224074096053103,0.5344138416376981,0.8446939723996324,0.9155070780093745,14.908055782318115,0.28581031132489443,0.2566902292892337,0.18148444965481758,0.06075121625326574,0.28581031132489443,0.8184806779026985,0.4062972872546225,0.37009591857592267,0.18686052614992316,0.06374688107859004,0.4062972872546225,0.7402435486966913,1.0081007480621338,0.6255064606666565,0.49111825227737427,0.7238761782646179,0.6699868440628052,0.5853674411773682,0.45967569947242737,1.9210652112960815,0.2711998224258423,0.528352677822113,1.9276633262634277,0.24554316699504852
143,0.0001,0.34099013544619083,0.9242585641493278,0.5037724086732576,0.8519272049484002,0.9196935718284112,16.279157638549805,0.27830937691032887,0.2563067236915231,0.17592758499085903,0.061096742982044816,0.27830937691032887,0.827462125569582,0.30807219581170514,0.3754237691561381,0.17903269240350433,0.06199598786505786,0.30807219581170514,0.8037801059809598,1.0099350214004517,0.6259493231773376,0.49307528138160706,0.7246714234352112,0.6712872982025146,0.5874389410018921,0.4594501852989197,1.9234154224395752,0.27262502908706665,0.5244592428207397,1.9306060075759888,0.24598877131938934
144,0.0001,0.34052035212516785,0.9245040862303892,0.49437757152499573,0.8566911946493523,0.9223798637858334,15.386608362197876,0.2732005948200822,0.25364411156624556,0.17733424995094538,0.06074173632077873,0.2732005948200822,0.8342161066830158,0.3097206489606337,0.3715671544725245,0.19438306016452384,0.06212916518702651,0.3097206489606337,0.8050755605553136,1.0118824243545532,0.6265657544136047,0.4951145350933075,0.7246481776237488,0.6716583371162415,0.5892128348350525,0.4593518376350403,1.9270144701004028,0.2737433910369873,0.5263055562973022,1.9322059154510498,0.24614858627319336
145,0.0001,0.3423479739576578,0.9234843113057365,0.4903974388584946,0.8623654843301714,0.9256126680009282,15.474466323852539,0.2759403958916664,0.2544539077207446,0.17710315436124802,0.06146365264430642,0.2759403958916664,0.8306441158056259,0.36644553235082916,0.3487320569428531,0.18534437454108035,0.06294246446905714,0.36644553235082916,0.7681495041558237,1.0141041278839111,0.6268903017044067,0.49736833572387695,0.7239846587181091,0.6714240312576294,0.5916227102279663,0.459904283285141,1.9308972358703613,0.27469420433044434,0.5294687747955322,1.9337680339813232,0.24665144085884094
146,0.0001,0.3347470611333847,0.9269831538182659,0.4688681788516767,0.8659016374859199,0.9277608520554464,15.13042163848877,0.2756501445546746,0.250610982067883,0.1747150095179677,0.061921517830342054,0.2756501445546746,0.8298888802528381,0.3045164008032192,0.35202133068532654,0.18033276814402957,0.06134741132458051,0.3045164008032192,0.8073411746458574,1.0156471729278564,0.6282966732978821,0.4993773102760315,0.7241493463516235,0.6726481318473816,0.5942562222480774,0.46168068051338196,1.9312360286712646,0.27635079622268677,0.5335028171539307,1.9351192712783813,0.24726130068302155
147,0.0001,0.35058204270899296,0.9199814756776615,0.4927945805318428,0.8561952037251265,0.9221680160818888,16.196457147598267,0.2842004206031561,0.26099587325006723,0.1733560413122177,0.062177194049581885,0.2842004206031561,0.820812039077282,0.327870790253986,0.3721515310533119,0.18232732379075253,0.06272239204157483,0.327870790253986,0.7915145845124216,1.0185786485671997,0.6290690898895264,0.5015538334846497,0.7245774865150452,0.673563539981842,0.5970836877822876,0.46057164669036865,1.9368782043457031,0.27773019671440125,0.5370208024978638,1.9357789754867554,0.24725694954395294
148,0.0001,0.34562199749052525,0.9225770215640892,0.473031916401603,0.862027032698786,0.9255464883885921,15.486947059631348,0.2806857069954276,0.2606369433924556,0.17670548520982265,0.06055160821415484,0.2806857069954276,0.8266147412359715,0.3296661860111988,0.3485096810442029,0.19040047399925464,0.06159867199532913,0.3296661860111988,0.7891526836337466,1.0204424858093262,0.6299707889556885,0.5035405158996582,0.7251632809638977,0.6735449433326721,0.5992905497550964,0.4586251676082611,1.9400056600570679,0.2795192003250122,0.542167603969574,1.9312673807144165,0.2481091171503067
149,0.0001,0.3399755712598562,0.9236470700242774,0.46895244175737555,0.8663512573938739,0.9278409834206862,15.606454610824585,0.2753051295876503,0.2566889254376292,0.1744945039972663,0.06158176972530782,0.2753051295876503,0.8281278982758522,0.33858688040213153,0.33956450043302594,0.19745197982499094,0.06539481957301949,0.33858688040213153,0.7867000410051057,1.022195816040039,0.630013644695282,0.5054196715354919,0.7260781526565552,0.6754727363586426,0.6021076440811157,0.4592350423336029,1.9433516263961792,0.2808920741081238,0.5419539213180542,1.9286565780639648,0.2489016205072403
150,0.0001,0.3378086034208536,0.9242368325017861,0.46556923425558844,0.8680470341230808,0.928956223286036,15.767391443252563,0.277741314843297,0.2532458556815982,0.17543654888868332,0.06238529062829912,0.277741314843297,0.8283175975084305,0.3182109504035025,0.3414603056329669,0.18825270461313653,0.06576214234034221,0.3182109504035025,0.8001498399358807,1.0231587886810303,0.6312850117683411,0.5071126818656921,0.7256011962890625,0.6761468052864075,0.6037670969963074,0.45635223388671875,1.9423991441726685,0.28167659044265747,0.5382702946662903,1.9361869096755981,0.2500353753566742
151,0.0001,0.34137663803994656,0.923064877923855,0.5508475050781713,0.83842907310403,0.9115635489970713,15.763495683670044,0.2758926935493946,0.25720821414142847,0.17582976445555687,0.06152881681919098,0.2758926935493946,0.8304612971842289,0.4011868866104068,0.3868605070041888,0.20000839775258844,0.05897393788803707,0.4011868866104068,0.7422847747802734,1.0250599384307861,0.6325721740722656,0.5087911486625671,0.7261815071105957,0.677512526512146,0.6063634753227234,0.4565868377685547,1.9452242851257324,0.28261515498161316,0.5362436771392822,1.937301754951477,0.2507500946521759
152,0.0001,0.348423320800066,0.9201495126094297,0.5586808450294264,0.8269861245905655,0.9045107868104659,16.24918794631958,0.27789084799587727,0.2665999848395586,0.1751900017261505,0.06086663994938135,0.27789084799587727,0.8293511494994164,0.43076297776265576,0.37129949800895923,0.2265388396653262,0.06490434423992128,0.43076297776265576,0.7209595766934481,1.0265330076217651,0.6317921876907349,0.5106661915779114,0.7268881797790527,0.6772311925888062,0.6081287860870361,0.4568060040473938,1.9499592781066895,0.2843540608882904,0.5463225841522217,1.9547008275985718,0.25206613540649414
153,0.0001,0.3429723531007767,0.9204661957675282,0.4988435705502828,0.8532319229216573,0.9204402973122721,15.267258882522583,0.2852196730673313,0.2541405037045479,0.18053227756172419,0.06104520917870104,0.2852196730673313,0.8211529850959778,0.30929188294844195,0.3799170788490411,0.18638021882736322,0.058677755409117904,0.30929188294844195,0.8008378978931543,1.0305376052856445,0.632682740688324,0.5127993226051331,0.7274526953697205,0.678555965423584,0.6105619072914124,0.45846882462501526,1.9580280780792236,0.2860569357872009,0.5498492121696472,1.9602352380752563,0.2534230947494507
154,0.0001,0.3721488621085882,0.9101635977801377,0.6290831150430621,0.811973888048929,0.8957965203031985,16.39520573616028,0.28507156018167734,0.2807747879996896,0.17236746195703745,0.06095244572497904,0.28507156018167734,0.8199433274567127,0.5914703743024305,0.37344851141626184,0.20799833355527936,0.06527700557401686,0.5914703743024305,0.6357403975544553,1.034693717956543,0.6317936182022095,0.5139327645301819,0.7293417453765869,0.6776919364929199,0.6121430993080139,0.4572868049144745,1.9680556058883667,0.28750374913215637,0.5559564232826233,1.9752522706985474,0.255141943693161
155,0.0001,0.3474846202880144,0.9199978577309507,0.4834187337846467,0.8604828608597115,0.9245748066622692,15.759378671646118,0.28216612711548805,0.2638807762414217,0.1789235882461071,0.0644334596581757,0.28216612711548805,0.8229003511369228,0.3375294931007154,0.35097930873885297,0.20066211801586728,0.06920822009895787,0.3375294931007154,0.7841440944960623,1.036660075187683,0.6295658349990845,0.5160674452781677,0.7297403812408447,0.6786068081855774,0.6139182448387146,0.45965588092803955,1.968770980834961,0.2888115644454956,0.5586575269699097,1.9862765073776245,0.2564167082309723
156,0.0001,0.34031123854219913,0.9217614342196397,0.48379067218664923,0.8598010687205059,0.9242040431767078,16.07722520828247,0.27661790512502193,0.2582825068384409,0.17646212689578533,0.0644102559890598,0.27661790512502193,0.8270035982131958,0.34855462023706146,0.3506709052757783,0.1884336882468426,0.06539978391744873,0.34855462023706146,0.7822444384748285,1.0386806726455688,0.630794882774353,0.5171298384666443,0.7298733592033386,0.6800447106361389,0.6153712868690491,0.460262268781662,1.9720813035964966,0.2893792688846588,0.5626145005226135,1.985168218612671,0.2573464810848236
157,0.0001,0.3364567197859287,0.9247926778912285,0.4612540119525158,0.8683595869932912,0.9292168101548134,16.211504697799683,0.2732195816934109,0.2560533070936799,0.17390521615743637,0.06369626265950501,0.2732195816934109,0.8324515111744404,0.298578758131374,0.3507956726984544,0.18219163991285092,0.06370018580646226,0.298578758131374,0.8161182584184589,1.0403659343719482,0.6313846111297607,0.5184859037399292,0.729646623134613,0.6806958913803101,0.6173344254493713,0.4620681703090668,1.9726735353469849,0.2898351550102234,0.561471164226532,1.9866623878479004,0.2578248977661133
158,0.0001,0.3228278923779726,0.9283906224209438,0.4590877520315575,0.8682231211710347,0.9290697006334535,15.720144748687744,0.26714835967868567,0.24517951905727386,0.1733257183805108,0.06129643926396966,0.26714835967868567,0.837349459528923,0.3043917259483626,0.34827623132503394,0.18108256341833057,0.06213839905280055,0.3043917259483626,0.8103036844369137,1.0414986610412598,0.6331652998924255,0.5206740498542786,0.7289210557937622,0.6824606657028198,0.6193634271621704,0.4614218473434448,1.9732692241668701,0.2904644012451172,0.5575112104415894,1.9851410388946533,0.2583029270172119
159,0.0001,0.3262238372117281,0.9276778173205236,0.47642226110805164,0.8641764976496299,0.9266828585783894,15.590243816375732,0.2673669569194317,0.25088039226830006,0.16902123391628265,0.06147837499156594,0.2673669569194317,0.8342600055038929,0.3429391754396034,0.3509235373049071,0.19259465824473987,0.0653828593591849,0.3429391754396034,0.7813391450679663,1.0419148206710815,0.6349800825119019,0.5226870775222778,0.7289426922798157,0.6847609877586365,0.6217669248580933,0.4607645571231842,1.975622534751892,0.29095274209976196,0.554199755191803,1.984604835510254,0.25856438279151917
160,0.0001,0.32323781587183475,0.930104206114717,0.48738638198736944,0.8585729837589745,0.9234263779981733,15.468684434890747,0.2738988967612386,0.24283411167562008,0.1744953654706478,0.06214387575164437,0.2738988967612386,0.8329009264707565,0.2965011009664247,0.37788435636144696,0.18317018313841385,0.06171434903235146,0.2965011009664247,0.809251424038049,1.0443861484527588,0.6363919377326965,0.5244847536087036,0.7306012511253357,0.6861218810081482,0.6242957711219788,0.46089568734169006,1.9784005880355835,0.291934996843338,0.5537199974060059,1.9877026081085205,0.25870025157928467
161,0.0001,0.3259519934654236,0.9279749403427784,0.496452401081721,0.8542182218778539,0.9210142414220281,15.110688209533691,0.2666110433638096,0.25354338251054287,0.16980599332600832,0.06384762469679117,0.2666110433638096,0.8382225222885609,0.37324677317431476,0.3540546812794425,0.1806251605351766,0.06467809821620132,0.37324677317431476,0.7648929411714728,1.0463783740997314,0.6373559832572937,0.5267741680145264,0.732081949710846,0.6876809597015381,0.6273507475852966,0.46066176891326904,1.9832392930984497,0.2927733361721039,0.5529006123542786,1.9875545501708984,0.2588481903076172
162,0.0001,0.32606066204607487,0.9279872992781931,0.49081984342950763,0.8596567963300565,0.924213110673466,15.775237321853638,0.2687952443957329,0.2516942908987403,0.1710229581221938,0.06394498236477375,0.2687952443957329,0.8339842408895493,0.330997878854925,0.3714991586677956,0.17396167665719986,0.06400123543360016,0.330997878854925,0.792741136117415,1.0471729040145874,0.6377927660942078,0.5282863974571228,0.7324379682540894,0.6885146498680115,0.6294183731079102,0.4596986174583435,1.9822875261306763,0.29341402649879456,0.5577704906463623,1.9924595355987549,0.25930866599082947
163,0.0001,0.32471537217497826,0.9284506164624705,0.47889710556377063,0.8632299031474977,0.9262432123342663,16.176382780075073,0.271552094258368,0.24975046422332525,0.17036534007638693,0.06323289009742439,0.271552094258368,0.83177125826478,0.3110295276750218,0.36837122476462164,0.16784090503598703,0.06450318070975217,0.3110295276750218,0.8034345345063643,1.048334002494812,0.6384751796722412,0.5299226641654968,0.7320921421051025,0.6880658268928528,0.6313337683677673,0.4585256278514862,1.982493281364441,0.29441556334495544,0.5576310753822327,1.991896390914917,0.25978463888168335
164,0.0001,0.32085186056792736,0.929069541109231,0.4782215718067054,0.8633944227201362,0.9264019439596606,15.062135934829712,0.26585210021585226,0.24454948119819164,0.1712273508310318,0.06211884575895965,0.26585210021585226,0.8350871428847313,0.32262816393014154,0.360120235970526,0.18932478333061392,0.06562126845572934,0.32262816393014154,0.7975040746457649,1.050289511680603,0.6395702362060547,0.5317440629005432,0.7329304218292236,0.6889938116073608,0.633443295955658,0.4582694470882416,1.984344244003296,0.29513370990753174,0.5589793920516968,2.0036070346832275,0.2601759135723114
165,0.0001,0.3244618661701679,0.9279404528955603,0.4706453437154943,0.8664040470303166,0.9281461251235538,14.89491891860962,0.2676335955038667,0.2508107777684927,0.16884712129831314,0.06174897588789463,0.2676335955038667,0.8351108394563198,0.296836820064169,0.36826628627199115,0.17170587136889948,0.06172423471104015,0.296836820064169,0.8172330458958944,1.0526000261306763,0.6411387920379639,0.5336326360702515,0.7331646084785461,0.6898254752159119,0.63587886095047,0.4595925509929657,1.9894601106643677,0.29645025730133057,0.5576662421226501,2.0018303394317627,0.26062944531440735
166,0.0001,0.3239438012242317,0.9292717098102844,0.4816753593358127,0.8596444032662068,0.9242535753519069,15.997482776641846,0.2674500308930874,0.24936712719500065,0.16936008911579847,0.06237502512522042,0.2674500308930874,0.8355319760739803,0.2973083022868995,0.37642306811881787,0.18084993371457764,0.06216369941830635,0.2973083022868995,0.8140979210535685,1.0545107126235962,0.6411046385765076,0.5356307625770569,0.733749508857727,0.6898587942123413,0.6384578347206116,0.4616207480430603,1.9916183948516846,0.2974271774291992,0.5586752891540527,1.9961951971054077,0.2606894075870514
167,0.0001,0.31398309022188187,0.9316584069125129,0.4763450261318322,0.8614241158068399,0.9252920043188957,16.682557821273804,0.26136534102261066,0.2399964528158307,0.16893731709569693,0.06167841958813369,0.26136534102261066,0.8413814753293991,0.2920588417486711,0.3747001489003499,0.17154607312245804,0.06342486653364066,0.2920588417486711,0.8171744852355032,1.0561777353286743,0.6422797441482544,0.5379868745803833,0.7332482933998108,0.6906471848487854,0.6410185694694519,0.46045103669166565,1.9911057949066162,0.2981877028942108,0.5610284209251404,1.9922866821289062,0.26039063930511475
168,0.0001,0.3226367887109518,0.9279526198796147,0.4741740624109904,0.8632566336002298,0.9261973778850002,15.572858810424805,0.2699682367965579,0.24925233516842127,0.1670064004138112,0.061477140290662646,0.2699682367965579,0.8353231698274612,0.28482337883024506,0.3770177255977284,0.16267284480008212,0.0613656761971387,0.28482337883024506,0.8190444906552633,1.058151125907898,0.6434336304664612,0.5397222638130188,0.7327986359596252,0.6913205981254578,0.6427772045135498,0.4603551924228668,1.9927220344543457,0.2990933358669281,0.5652317404747009,1.9912619590759277,0.260062038898468
169,0.0001,0.31690370105206966,0.9305221993488337,0.4782611167792118,0.8619781177119124,0.9254918503435502,15.892944574356079,0.2649736972525716,0.2472312254831195,0.16884695459157228,0.06140719586983323,0.2649736972525716,0.8367632739245892,0.31399725061474426,0.3657106937784137,0.17871281414320975,0.0644476760291692,0.31399725061474426,0.8034256136778629,1.058571696281433,0.6438028812408447,0.5413800477981567,0.7313682436943054,0.691588282585144,0.64434814453125,0.459690660238266,1.994275450706482,0.2997129261493683,0.5659786462783813,1.9913214445114136,0.2603757679462433
170,0.0001,0.32376098446547985,0.9263977602047729,0.5095183424877398,0.8445660336395013,0.9151786364494242,15.281719207763672,0.2650996493175626,0.24869260843843222,0.16798032820224762,0.06410345272161067,0.2650996493175626,0.8381677307188511,0.28355827476039075,0.400873319217653,0.17966952152324445,0.06266077235341072,0.28355827476039075,0.8220564993945035,1.0606074333190918,0.6449776291847229,0.5433506965637207,0.7317721843719482,0.691695511341095,0.6468390822410583,0.4579881429672241,1.9970062971115112,0.3010154366493225,0.5708439350128174,2.0134096145629883,0.26047858595848083
171,0.0001,0.32205627858638763,0.9280605719393611,0.49342926162661926,0.8564998471157398,0.9223036917018013,15.630660772323608,0.26954603288322687,0.245036905631423,0.17395627684891224,0.06608943757601082,0.26954603288322687,0.8336832448840141,0.34482831033793365,0.3768674600304979,0.17166750674897974,0.06616012142463164,0.34482831033793365,0.7813833301717584,1.0623763799667358,0.6456372141838074,0.5450934767723083,0.7329902052879333,0.6924862861633301,0.6488654017448425,0.4598628580570221,1.998146891593933,0.3023843765258789,0.5791251063346863,2.0241994857788086,0.2610924243927002
172,0.0001,0.332213481888175,0.9236204714942253,0.500321651950027,0.8532246279249002,0.9203969794406539,16.00785732269287,0.2740581799298525,0.25647651869803667,0.1681427052244544,0.06601369893178344,0.2740581799298525,0.8280843496322632,0.32239008130449237,0.38836941755179205,0.17306014308423706,0.06623968267531107,0.32239008130449237,0.7940229647087328,1.063650131225586,0.645658552646637,0.5468091368675232,0.7341371774673462,0.6912522315979004,0.6507902145385742,0.4635888636112213,2.0027453899383545,0.3033657670021057,0.5796706080436707,2.0238566398620605,0.26105424761772156
173,0.0001,0.3189835250377655,0.9289482019499813,0.4675482619892467,0.8658841203352317,0.9276279331174208,15.870639085769653,0.2631327509880066,0.245883509516716,0.16923219058662653,0.06543789454735816,0.2631327509880066,0.8422617241740227,0.31497517318436596,0.35822135661587573,0.16637519272890958,0.06659549339251085,0.31497517318436596,0.7984961939580513,1.0647060871124268,0.6460239291191101,0.5484568476676941,0.7337310314178467,0.6929810643196106,0.6529209017753601,0.4630314111709595,2.005563735961914,0.3045497536659241,0.5795645713806152,2.02484130859375,0.2616065740585327
174,0.0001,0.31812247447669506,0.9293761558816201,0.4791234993573391,0.8604906023105733,0.9246727571322689,15.850721836090088,0.26586045790463686,0.24911343771964312,0.1671339925378561,0.06332220695912838,0.26586045790463686,0.8368149474263191,0.2711399224671451,0.3860441879792647,0.1667776866392656,0.062334822208592384,0.2711399224671451,0.8298715660066316,1.0658910274505615,0.6470313668251038,0.5501904487609863,0.7336225509643555,0.6940049529075623,0.654887855052948,0.46131908893585205,2.005958080291748,0.3055458068847656,0.5784780383110046,2.0218312740325928,0.26181021332740784
175,0.0001,0.3148859739303589,0.9299514767747509,0.4764081492568507,0.8623199658229092,0.9256347408640039,15.680868864059448,0.2617443846538663,0.2450231770053506,0.16472803056240082,0.06276761670596898,0.2617443846538663,0.8379961736500263,0.33266384267445764,0.3572505730571169,0.17350886897607284,0.06504468100540566,0.33266384267445764,0.7945286234219869,1.0685123205184937,0.6475889682769775,0.5520024299621582,0.7347084879875183,0.6945690512657166,0.6565670967102051,0.461795449256897,2.0075948238372803,0.3065207600593567,0.5782247185707092,2.020183801651001,0.26232004165649414
176,0.0001,0.3107580244541168,0.9315183946809529,0.4754568880254572,0.86279663983199,0.9259216301478964,15.438327074050903,0.2611485328525305,0.24358915351331234,0.1657593697309494,0.06335438718087971,0.2611485328525305,0.8370097689330578,0.2717412059957331,0.3900854126973586,0.16523999946587015,0.06284929529735536,0.2717412059957331,0.825200718460661,1.0704787969589233,0.6482649445533752,0.5538039803504944,0.734615683555603,0.6949445605278015,0.6583366990089417,0.46305128931999207,2.0109779834747314,0.3071828782558441,0.5801244378089905,2.020075559616089,0.2622491419315338
177,0.0001,0.31101981177926064,0.9314151825586678,0.46448956294493243,0.8676162585027941,0.9287008969196207,15.688075304031372,0.26199995540082455,0.2432363023981452,0.16288468427956104,0.06261495221406221,0.26199995540082455,0.8385753259062767,0.28305338007031067,0.3742022216320038,0.16297434451002063,0.06057190974101876,0.28305338007031067,0.8236843510107561,1.0706374645233154,0.6487963795661926,0.5556808114051819,0.7337599396705627,0.6951336860656738,0.6601200699806213,0.462529718875885,2.0116169452667236,0.30776214599609375,0.5823737382888794,2.0206825733184814,0.2623293399810791
178,0.0001,0.3059552423655987,0.9332487413182401,0.49841938596783264,0.8523970374758966,0.9199483981024612,15.780104160308838,0.2598583307117224,0.23939265683293343,0.1665079751983285,0.06240250472910702,0.2598583307117224,0.8421665988862514,0.2825044736717687,0.40256357644543506,0.16502603075721048,0.06190702612652923,0.2825044736717687,0.8208009365833167,1.071491003036499,0.6503500938415527,0.557250440120697,0.7334140539169312,0.6961910128593445,0.6619577407836914,0.4602168798446655,2.010594606399536,0.3083452582359314,0.5804843902587891,2.0178511142730713,0.26240891218185425
179,0.0001,0.31824419647455215,0.9275193436574475,0.4845437290090503,0.8598964333145516,0.9243093278497356,16.1525776386261,0.2634101314470172,0.24763773661106825,0.16349833644926548,0.06203524861484766,0.2634101314470172,0.8348414301872253,0.32558628194259875,0.37489672140641644,0.17365395706711392,0.0607563712154374,0.32558628194259875,0.7972755323756825,1.0727049112319946,0.6510865688323975,0.5586130023002625,0.7345436215400696,0.6973007321357727,0.6641247868537903,0.4603830575942993,2.011810779571533,0.30907535552978516,0.58348548412323,2.0139622688293457,0.26264968514442444
180,0.0001,0.3114453833550215,0.9314932452632259,0.47999352939201123,0.8621168451691517,0.925571151155984,16.05962586402893,0.2658707546070218,0.24081925489008427,0.16789182741194963,0.061300262343138456,0.2658707546070218,0.8376409374177456,0.2819976458946864,0.3939949400497205,0.16191442107612436,0.06286166506734761,0.2819976458946864,0.8177014210007407,1.0735169649124146,0.6506729125976562,0.5603656768798828,0.734242856502533,0.6971741914749146,0.6661460995674133,0.4613424241542816,2.0146536827087402,0.31021809577941895,0.5801594257354736,2.0119810104370117,0.2630404829978943
181,0.0001,0.31665452383458614,0.9304002225271706,0.47084835262009594,0.8626869204169297,0.9258428586903621,16.493009328842163,0.2713099028915167,0.24549876991659403,0.16685338504612446,0.06076003750786185,0.2713099028915167,0.8286619521677494,0.27206096911069116,0.3802426267753948,0.16516622630032626,0.0606580963640502,0.27206096911069116,0.8276614041039438,1.0737096071243286,0.6509491801261902,0.5621134042739868,0.7342655062675476,0.697341799736023,0.6683886647224426,0.464267373085022,2.0140955448150635,0.3110322952270508,0.5765511393547058,2.009995460510254,0.2634239196777344
182,0.0001,0.3053742107003927,0.9335126897680749,0.4689086946574124,0.8649110541647947,0.9271985453407746,16.091018438339233,0.25817956775426865,0.2413305127993226,0.16086545959115028,0.06071459501981735,0.25817956775426865,0.8388126641511917,0.3097980437856732,0.36644752368782507,0.1755149797959761,0.06114619033354701,0.3097980437856732,0.806247106104186,1.0750967264175415,0.6520566344261169,0.5638875365257263,0.7349330186843872,0.6970273852348328,0.6705584526062012,0.46342790126800537,2.015106678009033,0.31181225180625916,0.5744149684906006,2.0081899166107178,0.2637319564819336
183,0.0001,0.3193492107093334,0.9269526153435079,0.4937367412176999,0.8597162724984444,0.924208159672378,16.285996198654175,0.2712602037936449,0.24428426008671522,0.1704537933692336,0.06015604455024004,0.2712602037936449,0.8286871053278446,0.30729510793180176,0.398547630869981,0.15338359208721103,0.058946929081822884,0.30729510793180176,0.8012156305891095,1.0766130685806274,0.6525285243988037,0.5656837224960327,0.735313355922699,0.6975291967391968,0.6725165843963623,0.46364307403564453,2.018843650817871,0.3127545416355133,0.5758326649665833,2.0148673057556152,0.2643090486526489
184,0.0001,0.3209929335862398,0.9269136532328864,0.5003350413206852,0.8540186877597702,0.920750232173423,15.639075756072998,0.2719314284622669,0.24900222942233086,0.1695530926808715,0.06776114669628441,0.2719314284622669,0.8250842653214931,0.27952684958775836,0.4070531924565633,0.1606061892075972,0.0635238868946379,0.27952684958775836,0.8103276274420999,1.0767276287078857,0.6524887084960938,0.5671132802963257,0.7351821064949036,0.6964982151985168,0.6747502088546753,0.4618678689002991,2.0199594497680664,0.3135145604610443,0.578948438167572,2.0303943157196045,0.2650446593761444
185,0.0001,0.30715126171708107,0.93090198470322,0.4693956935044491,0.8627383203416119,0.9257364419165163,15.964877605438232,0.256936208344996,0.2387962657958269,0.16539632249623537,0.06922643491998315,0.256936208344996,0.8431987762451172,0.2934340857195132,0.3672456515557838,0.1792885927539883,0.06674681129780682,0.2934340857195132,0.8179625344998909,1.078404188156128,0.6527677178382874,0.5685988664627075,0.7341921925544739,0.6987296938896179,0.6767511963844299,0.46189892292022705,2.0204691886901855,0.3140445053577423,0.5795978307723999,2.0349714756011963,0.2655085027217865
186,0.0001,0.31642838660627604,0.9283532671468353,0.4917233008326906,0.8528683089749579,0.9198554116207406,15.350301504135132,0.26288352254778147,0.24786763079464436,0.16467265784740448,0.06610864587128162,0.26288352254778147,0.8368003405630589,0.2645012754382509,0.4139710574439078,0.15208925690614816,0.06510177153077992,0.2645012754382509,0.8260621988412106,1.0803143978118896,0.6535642743110657,0.5704081654548645,0.7343001365661621,0.699298083782196,0.6788374781608582,0.4605855941772461,2.023155689239502,0.31501156091690063,0.5776815414428711,2.0341875553131104,0.26605522632598877
187,0.0001,0.3094870187342167,0.9302726781818375,0.4897450696338307,0.8556757960647495,0.9217727846856174,15.118611812591553,0.26654365193098783,0.23985164146870375,0.16671851463615894,0.06468699569813907,0.26654365193098783,0.832669410854578,0.3238976299762726,0.379152488527876,0.18472607749881167,0.06465921133305087,0.3238976299762726,0.7981578057462518,1.0805333852767944,0.6553260087966919,0.5716211199760437,0.735177755355835,0.7015423774719238,0.6804571747779846,0.4621557295322418,2.0276408195495605,0.3156414330005646,0.5801699757575989,2.0374138355255127,0.26677387952804565
188,0.0001,0.30968983471393585,0.9320776332232915,0.48082951975591254,0.8601568730577582,0.9244517262518033,15.515596866607666,0.26484677474945784,0.2422862108796835,0.16478914767503738,0.0647200495004654,0.26484677474945784,0.8345426060259342,0.2724777541377328,0.39099741704536206,0.15513299224954663,0.06533178371010405,0.2724777541377328,0.8287471821813872,1.0799468755722046,0.656006932258606,0.5734206438064575,0.7343155145645142,0.7020963430404663,0.6818803548812866,0.45982399582862854,2.0268750190734863,0.3160543441772461,0.5825974941253662,2.0390071868896484,0.26712146401405334
189,0.0001,0.3047395162284374,0.9325275198059689,0.47852143916216766,0.8609496104339585,0.9249438602508312,15.157325029373169,0.26022953540086746,0.2422222476452589,0.16227380651980639,0.06274964660406113,0.26022953540086746,0.8386154174804688,0.27651742642576044,0.3925191308512832,0.14831909627625436,0.06107510423118418,0.27651742642576044,0.8182588472510829,1.0821155309677124,0.6559125781059265,0.5749567151069641,0.7346872687339783,0.7027927041053772,0.6836806535720825,0.4607081413269043,2.0287280082702637,0.3165801763534546,0.5839462280273438,2.0376689434051514,0.2672673165798187
190,0.0001,0.305263327434659,0.9319154980713671,0.4630338423179858,0.8671967623651073,0.9284430122477904,16.056073904037476,0.2603977397084236,0.23923393618315458,0.16169347241520882,0.06173850828781724,0.2603977397084236,0.8407576158642769,0.273345073967269,0.384322057167689,0.16212715614925732,0.06242576275359501,0.273345073967269,0.8285632169607914,1.084600806236267,0.6567637324333191,0.5767576694488525,0.7350941896438599,0.7035962343215942,0.6856142282485962,0.4620327651500702,2.0283987522125244,0.31729814410209656,0.5872644782066345,2.0405285358428955,0.26715338230133057
191,0.0001,0.30708097666502,0.9313708649456961,0.47410444689519476,0.8642318394119837,0.9267210023958147,15.588883876800537,0.2582892216742039,0.24097466096282005,0.16291000042110682,0.06319986749440432,0.2582892216742039,0.8420886360108852,0.2954510305867051,0.3821359823147456,0.1771458534128738,0.06382571544611093,0.2954510305867051,0.8166850859468634,1.0851914882659912,0.6575514078140259,0.5784286260604858,0.7343246936798096,0.7049914598464966,0.6875455975532532,0.4619067311286926,2.0306591987609863,0.3180494010448456,0.5900093913078308,2.0461318492889404,0.2676965296268463
192,0.0001,0.2962871119379997,0.9355683322174622,0.4644518485575011,0.866079964159021,0.9278196885878454,15.899282932281494,0.2572388369590044,0.23040040023624897,0.162569310516119,0.06296589970588684,0.2572388369590044,0.8394205160439014,0.2651383921955571,0.38282730001391785,0.15473685391021497,0.06248304236567381,0.2651383921955571,0.8223068226467479,1.0866496562957764,0.658236563205719,0.5800660848617554,0.7343142628669739,0.70474773645401,0.6892353892326355,0.459806889295578,2.0325260162353516,0.3191269636154175,0.5928253531455994,2.044726848602295,0.2679075598716736
193,0.0001,0.29115856625139713,0.9373413996817629,0.45734768383430713,0.8706614742858316,0.9304000536144836,15.88139009475708,0.25131859444081783,0.23054053261876106,0.15931649506092072,0.06237272825092077,0.25131859444081783,0.848027840256691,0.3110937661293781,0.36164473990599316,0.15678442246986157,0.06089961856152072,0.3110937661293781,0.8108180436221036,1.0867823362350464,0.6591334342956543,0.5820343494415283,0.7331844568252563,0.7055900692939758,0.691196620464325,0.459396094083786,2.033651828765869,0.31964752078056335,0.5939506888389587,2.0430290699005127,0.26823490858078003
194,0.0001,0.2978628445416689,0.9354202150110946,0.4634431325124972,0.8664886077838813,0.9279416153804699,15.79405164718628,0.2555571785196662,0.23479563929140568,0.1622962737455964,0.06146965944208205,0.2555571785196662,0.8446428179740906,0.2748919382239833,0.38130431554534217,0.16785004238287607,0.06282516986583218,0.2748919382239833,0.8283762046785066,1.0865769386291504,0.6602815985679626,0.5835523009300232,0.7327190041542053,0.7058079838752747,0.6931588649749756,0.4596787989139557,2.033134937286377,0.3199985921382904,0.5934297442436218,2.038996458053589,0.2683587372303009
195,0.0001,0.28827262483537197,0.9384404494114256,0.48063729026100854,0.8605554080523033,0.9246386704746761,16.74896812438965,0.25296881701797247,0.22599873039871454,0.16056487802416086,0.060635686153545976,0.25296881701797247,0.8451791293919086,0.27010065407464,0.39973330768671905,0.1597661687569185,0.05986692970900825,0.27010065407464,0.8257315971634605,1.0878689289093018,0.6616859436035156,0.5854523777961731,0.732509434223175,0.7066373229026794,0.6951578855514526,0.45997366309165955,2.033292770385742,0.32021331787109375,0.5963096022605896,2.0303611755371094,0.2684619724750519
196,0.0001,0.2890033610165119,0.9379508906597954,0.4706905935749863,0.8668821675260866,0.9282558307697936,15.61751914024353,0.2530429055914283,0.22917833738029003,0.15997391659766436,0.06094005913473666,0.2530429055914283,0.8454511314630508,0.32875640961256897,0.3631226655208703,0.17248326652880872,0.06153177695743965,0.32875640961256897,0.7968953143466603,1.08746337890625,0.6629213690757751,0.5872575044631958,0.7326020002365112,0.7078558206558228,0.6970732808113098,0.4573979377746582,2.031895160675049,0.32072845101356506,0.5954497456550598,2.0257980823516846,0.2688402235507965
197,0.0001,0.29751638509333134,0.9361552499570549,0.47513795892397565,0.8638894147971865,0.9264951948958662,15.519323587417603,0.26422170735895634,0.23216418363153934,0.16135852131992579,0.060165298637002707,0.26422170735895634,0.8361102305352688,0.29632520269263873,0.37901926401889685,0.1773659074396798,0.06069449357914202,0.29632520269263873,0.8125714009458368,1.0884073972702026,0.6634199023246765,0.5889339447021484,0.7328057885169983,0.7084958553314209,0.6988337635993958,0.4567779004573822,2.032754421234131,0.3212856352329254,0.5942462682723999,2.022886276245117,0.2686888873577118
198,0.0001,0.30195994675159454,0.9322932488946842,0.5110057140841628,0.8520794492419221,0.9197586803217964,15.728829860687256,0.2626886572688818,0.23818967398256063,0.16248060669749975,0.06010480807162821,0.2626886572688818,0.8353250473737717,0.31419389446576435,0.4128105929403594,0.15747900126558362,0.06034876959341945,0.31419389446576435,0.79935320037784,1.0898367166519165,0.6639498472213745,0.5907081961631775,0.733351469039917,0.7084232568740845,0.7008227705955505,0.45766952633857727,2.036435604095459,0.3220362067222595,0.5945809483528137,2.0193841457366943,0.2683617174625397
199,0.0001,0.2945315735414624,0.9352079375161026,0.47348244533394324,0.8635383510662632,0.9263820700092735,16.005680561065674,0.2526834821328521,0.23330661840736866,0.15975943207740784,0.05987550923600793,0.2526834821328521,0.8463226109743118,0.26464290555679437,0.397171573656978,0.15759200151219513,0.058911577431541504,0.26464290555679437,0.8279442516240206,1.090598464012146,0.6647852659225464,0.5918856263160706,0.7333511114120483,0.7092657685279846,0.7027069330215454,0.4570993185043335,2.0365183353424072,0.322928786277771,0.5945760011672974,2.0154850482940674,0.2686101794242859
200,0.0001,0.30752850510179996,0.9310018488361087,0.4659988482793172,0.8665645715999761,0.9281673517248392,15.510587453842163,0.25649975426495075,0.24519521743059158,0.15789657086133957,0.059743453515693545,0.25649975426495075,0.8418835289776325,0.27465547847025323,0.38646540316668426,0.1575367647138509,0.05837202286629966,0.27465547847025323,0.8261040900692795,1.0906963348388672,0.665283739566803,0.5934714078903198,0.732967734336853,0.7101956009864807,0.7041200399398804,0.45863112807273865,2.0389535427093506,0.32355085015296936,0.5944327116012573,2.014815330505371,0.2685893774032593
201,0.0001,0.306914197281003,0.9310601334411558,0.48564716722026013,0.8573706359851724,0.9227681160079535,15.320715188980103,0.2633075090125203,0.24321936909109354,0.16227534878998995,0.0589415633585304,0.2633075090125203,0.8334694691002369,0.2665288502519781,0.4042635966431011,0.14168769572720383,0.055163158837592964,0.2665288502519781,0.8229263731927583,1.091829538345337,0.6656030416488647,0.5952276587486267,0.7320582866668701,0.7114893794059753,0.7055192589759827,0.45834675431251526,2.043311834335327,0.3244685232639313,0.5974462032318115,2.016385316848755,0.26844191551208496
202,0.0001,0.3027654280886054,0.9329566346670464,0.4909546384305665,0.8598097238124729,0.9242241379349099,15.865632057189941,0.26145809423178434,0.23561440035700798,0.15995976142585278,0.062023747246712446,0.26145809423178434,0.8371440544724464,0.3709369238578912,0.3675248821576436,0.18457554054982733,0.06416735380436435,0.3709369238578912,0.7672388354937235,1.0926995277404785,0.6653352379798889,0.5963470935821533,0.7322943210601807,0.7126254439353943,0.7072332501411438,0.46026089787483215,2.047481060028076,0.3256000578403473,0.5993523597717285,2.016941785812378,0.26894891262054443
203,0.0001,0.29707947187125683,0.9348938488682949,0.46875328412561706,0.8657018291551256,0.9276440503950293,16.312930822372437,0.25402467884123325,0.2360055409371853,0.1605107467621565,0.06314088869839907,0.25402467884123325,0.8469999767839909,0.2661153850230304,0.3908962914437959,0.1531289770747676,0.06206220264236132,0.2661153850230304,0.8210540251298384,1.0935499668121338,0.6659786701202393,0.5979931950569153,0.7321372628211975,0.7130802273750305,0.7087891697883606,0.460586816072464,2.0512068271636963,0.32639098167419434,0.5976783633232117,2.0195493698120117,0.2691918611526489
204,0.0001,0.2954976577311754,0.9351801113366819,0.461430984916109,0.8681126424966915,0.9289719144968118,16.379961729049683,0.25545816868543625,0.23598450608551502,0.15688854176551104,0.06398707488551736,0.25545816868543625,0.8437648750841618,0.2907540089253223,0.3744433436429862,0.15855982357805426,0.06258495287461714,0.2907540089253223,0.8189480864640438,1.0945255756378174,0.66680908203125,0.5993474125862122,0.7320646643638611,0.713245689868927,0.7107480764389038,0.4615127742290497,2.05379056930542,0.32743924856185913,0.5952255725860596,2.0200557708740234,0.2689334452152252
205,0.0001,0.2878767140209675,0.937224257326421,0.47012964523199835,0.8657089041448404,0.927427421443811,15.279139995574951,0.24925993010401726,0.2297114348039031,0.15731734223663807,0.0625537927262485,0.24925993010401726,0.8462892584502697,0.27537068724632263,0.3883137341701623,0.15884944932027298,0.06116346822995128,0.27537068724632263,0.8270754994768085,1.095653772354126,0.6678758859634399,0.6009765863418579,0.7318792939186096,0.7133660912513733,0.7124509811401367,0.46086814999580383,2.056997299194336,0.3281979560852051,0.5945651531219482,2.0185556411743164,0.2688518166542053
206,0.0001,0.29441116377711296,0.9353915231006925,0.5030975928812316,0.8532016510277404,0.9202647465015533,15.366654872894287,0.2557236896827817,0.23238170333206654,0.1580840041860938,0.061851357808336616,0.2557236896827817,0.8399007022380829,0.28438418155366724,0.4157156167608319,0.16030168849410434,0.06059079120556513,0.28438418155366724,0.7993953625361124,1.0965505838394165,0.6684809923171997,0.6027249693870544,0.731921911239624,0.7134278416633606,0.7141667604446411,0.4630405902862549,2.057560682296753,0.32896775007247925,0.5916402339935303,2.018089532852173,0.2690528333187103
207,0.0001,0.2861686907708645,0.9385503628383444,0.47897617383436725,0.8603772176776412,0.9245268530011593,16.493592023849487,0.251903235912323,0.22682896442711353,0.15905424673110247,0.06301668006926775,0.251903235912323,0.8483945056796074,0.29672469695409137,0.38743332705714484,0.16852864893999966,0.06257862676725243,0.29672469695409137,0.8133896137728835,1.0962836742401123,0.6686294674873352,0.6043687462806702,0.7318581938743591,0.7134764790534973,0.7158206701278687,0.4652659595012665,2.057227611541748,0.3296871781349182,0.5926044583320618,2.0181524753570557,0.2691941261291504
208,0.0001,0.29376575723290443,0.9356497534346628,0.48241912776773627,0.8585889538768517,0.9235524646641889,15.449068069458008,0.25124027114361525,0.23561909049749374,0.15496168192476034,0.06106673600152135,0.25124027114361525,0.8430366851389408,0.2694472498965986,0.40577715093439276,0.16445226041656552,0.059947806551600945,0.2694472498965986,0.8258577404600201,1.0958741903305054,0.6697260737419128,0.6061693429946899,0.7320674061775208,0.7138950228691101,0.7175133228302002,0.4625808596611023,2.057602643966675,0.33028098940849304,0.5921408534049988,2.0177266597747803,0.26929163932800293
209,0.0001,0.28452277928590775,0.9377411896608169,0.4791157209511959,0.8612685283651536,0.9250689807337658,15.18228554725647,0.24645220674574375,0.2267437595874071,0.1588643053546548,0.06097252247855067,0.24645220674574375,0.8502884544432163,0.2758106079065438,0.4011655196999059,0.15042834322560916,0.06192954121665521,0.2758106079065438,0.8250475471669977,1.0966590642929077,0.6707158088684082,0.6074015498161316,0.7328495383262634,0.7146573066711426,0.7185774445533752,0.46113795042037964,2.0567829608917236,0.33102068305015564,0.591396152973175,2.014977216720581,0.2696231007575989
210,0.0001,0.2844626512378454,0.9384985694422473,0.46433106967897125,0.867579390739547,0.9287026289566445,17.616578817367554,0.251727850176394,0.22567844670265913,0.15587538573890924,0.0617116445209831,0.251727850176394,0.8457917533814907,0.27163547774155933,0.38631679253144696,0.15532164975549234,0.061002706375085945,0.27163547774155933,0.8305042024814722,1.0971184968948364,0.671500027179718,0.6087712645530701,0.73195481300354,0.7147826552391052,0.7201615571975708,0.462767094373703,2.056215524673462,0.33177080750465393,0.5935947299003601,2.01336932182312,0.26989465951919556
211,0.0001,0.28358402755111456,0.9395964744180197,0.4620218204729485,0.867481188940915,0.9286570005873696,16.41850256919861,0.24862006679177284,0.22636306192725897,0.15624053124338388,0.06139604654163122,0.24862006679177284,0.8484548069536686,0.2681486498225819,0.38560004848422424,0.14288929556355331,0.0596156172228582,0.2681486498225819,0.8295803088130373,1.0986932516098022,0.6720660328865051,0.6103878021240234,0.7316372990608215,0.7153799533843994,0.7221601009368896,0.46179017424583435,2.055044412612915,0.33246174454689026,0.5944065451622009,2.0117859840393066,0.2701159417629242
212,0.0001,0.28568228520452976,0.9376501118327983,0.4706088123899518,0.8660446614949155,0.927781184751158,15.751349449157715,0.2526668766513467,0.22701948694884777,0.15788604225963354,0.061221056152135134,0.2526668766513467,0.843535203486681,0.2704334177754142,0.3966491791335019,0.16036298961350412,0.0594466206702319,0.2704334177754142,0.8270946090871637,1.099949598312378,0.6724480390548706,0.6118062734603882,0.7315694689750671,0.7152960300445557,0.7238588929176331,0.46114280819892883,2.0553102493286133,0.3332557678222656,0.5944175124168396,2.011000394821167,0.270233154296875
213,0.0001,0.28921679593622684,0.9375815033889654,0.4882209102312724,0.8595857189506368,0.9241156718645199,15.157462120056152,0.2568366900086403,0.22872801218181849,0.1568787731230259,0.061017502564936876,0.2568366900086403,0.8446734696626663,0.2671592461340355,0.4126196223678011,0.1548810170003862,0.05938969913757208,0.2671592461340355,0.8255889578299089,1.1005810499191284,0.6725216507911682,0.6131613254547119,0.7317631244659424,0.7146701812744141,0.7256184816360474,0.4607275426387787,2.059326648712158,0.3336876332759857,0.5951185822486877,2.0100290775299072,0.27033212780952454
214,0.0001,0.2875570170581341,0.938671833472855,0.4652718377835823,0.8667421067001799,0.9281232664141686,15.288090229034424,0.26064328104257584,0.22146587632596493,0.16065095830708742,0.06092245667241514,0.26064328104257584,0.8398756086826324,0.2699426001671589,0.3915920013731176,0.15034848993474786,0.06203737629182411,0.2699426001671589,0.8290749607664166,1.1015982627868652,0.672845721244812,0.6146303415298462,0.7320175766944885,0.7150591611862183,0.7277812957763672,0.4624190032482147,2.0606489181518555,0.33456677198410034,0.5957134366035461,2.007427453994751,0.27017948031425476
215,0.0001,0.29224017076194286,0.9364713780214216,0.4712377172527891,0.8646456512616144,0.9269944653075358,15.292601346969604,0.25678014662116766,0.23244313336908817,0.15520639531314373,0.0628230245783925,0.25678014662116766,0.840922974050045,0.267957506757794,0.3948094095244552,0.15355850259462991,0.059905569210196984,0.267957506757794,0.826353876879721,1.1018664836883545,0.6730390191078186,0.6163610219955444,0.73162442445755,0.7156811356544495,0.7293239831924438,0.46365880966186523,2.061586380004883,0.3350659906864166,0.5926363468170166,2.004908800125122,0.2700331211090088
216,0.0001,0.28374924790114164,0.9384635978893624,0.47847254890384094,0.8622968748206509,0.9256076119000073,16.109158277511597,0.24766964837908745,0.2267630584537983,0.1564826164394617,0.06177071272395551,0.24766964837908745,0.8504401929676533,0.2652417105255705,0.4053633447849389,0.1508225378665057,0.05870500635920149,0.2652417105255705,0.8278389771779379,1.102545142173767,0.6734989285469055,0.6181132793426514,0.7314035296440125,0.7160568237304688,0.7310027480125427,0.462581604719162,2.0627148151397705,0.33577829599380493,0.5896611213684082,2.0034754276275635,0.2700192630290985
217,0.0001,0.2792805628851056,0.9394552371883973,0.4623490571975708,0.8668582972972201,0.9281908344272152,15.287662267684937,0.24727900885045528,0.22199697978794575,0.15678540524095297,0.06081206235103309,0.24727900885045528,0.8474391140043736,0.27340087023648346,0.3879285210912878,0.16123098676854913,0.059522354806011375,0.27340087023648346,0.8286159074667728,1.104302167892456,0.6737624406814575,0.6194526553153992,0.7314824461936951,0.7161375880241394,0.7325199842453003,0.4608917534351349,2.063947916030884,0.33648836612701416,0.5868804454803467,2.0007686614990234,0.2701227068901062
218,0.0001,0.2823247592896223,0.9391283920171337,0.4659423782969966,0.8662100488500654,0.9278757945291453,14.971200942993164,0.24973419401794672,0.22572742588818073,0.15545658115297556,0.06094832415692508,0.24973419401794672,0.8438076302409172,0.27397651383371063,0.3875414471734654,0.16044286751385892,0.060998105190017006,0.27397651383371063,0.8277482571023883,1.104109525680542,0.6742386221885681,0.6210314631462097,0.7312677502632141,0.7164641618728638,0.7341480255126953,0.46140196919441223,2.063631057739258,0.3369152545928955,0.5856612324714661,1.9987595081329346,0.26977941393852234
219,0.0001,0.2839621528983116,0.938517626494577,0.4740412858399478,0.8641053703236252,0.9266452277925551,15.21366262435913,0.2503882395103574,0.22451920993626118,0.15654050931334496,0.06143592530861497,0.2503882395103574,0.8446542918682098,0.2768077760031729,0.3941302380778573,0.15439962392503565,0.059505530379035255,0.2768077760031729,0.824685969135978,1.104434609413147,0.6751196384429932,0.6226404905319214,0.7306815981864929,0.7165073752403259,0.7358824610710144,0.46201738715171814,2.064516305923462,0.3377971053123474,0.58400559425354,1.9969052076339722,0.26963040232658386
220,0.0001,0.28203889820724726,0.938698776245132,0.47484333406795154,0.8642912678976867,0.9268396841971025,15.205826044082642,0.24793922156095505,0.22721748612821102,0.15552925784140825,0.06097245751880109,0.24793922156095505,0.8480827137827873,0.2611266780983318,0.40571465094884235,0.1480929000359593,0.05971601300618865,0.2611266780983318,0.8305448654926184,1.105711817741394,0.6755192279815674,0.6242407560348511,0.7314233183860779,0.7157659530639648,0.7373338937759399,0.45977893471717834,2.06536602973938,0.3383680582046509,0.5832920670509338,1.994543194770813,0.2695106565952301
221,0.0001,0.2808322496712208,0.9397593474817434,0.4702651970314257,0.8654325080612003,0.9274019906873804,15.833847522735596,0.24880634061992168,0.22610510978847742,0.15423490479588509,0.06114382529631257,0.24880634061992168,0.8448751829564571,0.2813797511837699,0.39169610811002326,0.1615737590825919,0.06035075855977608,0.2813797511837699,0.8238594586198981,1.1061381101608276,0.6758475303649902,0.625636875629425,0.7308069467544556,0.7163625359535217,0.7386814951896667,0.46042147278785706,2.0641050338745117,0.3388647437095642,0.5826789140701294,1.992382287979126,0.26963871717453003
222,0.0001,0.277279038913548,0.940541902062779,0.4661160617163687,0.8671862187498413,0.9284438717302638,15.796758890151978,0.2484098756685853,0.22208287194371223,0.1555813029408455,0.06062584929168224,0.2484098756685853,0.8472109101712704,0.26601845387256506,0.3962915539741516,0.1547674529931762,0.0597441281107339,0.26601845387256506,0.8308487462274956,1.1073919534683228,0.6767440438270569,0.6270079612731934,0.7305558323860168,0.7166914939880371,0.7402203679084778,0.45892977714538574,2.062466859817505,0.33928096294403076,0.5842161774635315,1.989772915840149,0.26972612738609314
223,0.0001,0.27986501157283783,0.9393868548798646,0.46633457324721594,0.8690284699771182,0.9294993758773483,16.219772815704346,0.2470290632918477,0.22596959117799997,0.15403608232736588,0.0609638006426394,0.2470290632918477,0.8497777804732323,0.2825553444298831,0.3923291329181556,0.16577336869456552,0.06084744361313907,0.2825553444298831,0.823512714920622,1.1074007749557495,0.6770535111427307,0.6283045411109924,0.7303037643432617,0.7172921299934387,0.7415429353713989,0.4580032527446747,2.0609467029571533,0.339880108833313,0.5845350623130798,1.988497257232666,0.2699619233608246
224,0.0001,0.27813042141497135,0.9400044024439441,0.46992098020784784,0.8664277133004757,0.9279761301109151,16.110756874084473,0.2504390738904476,0.22279624082148075,0.15399160236120224,0.06093072285875678,0.2504390738904476,0.8461614474654198,0.27388281578367407,0.3975442015763485,0.15317435269102905,0.0618678814533985,0.27388281578367407,0.8291108861114039,1.1069426536560059,0.6781060695648193,0.6295955777168274,0.7293139696121216,0.7178063988685608,0.7428340911865234,0.4563200771808624,2.0613021850585938,0.3406622111797333,0.5851454138755798,1.9888352155685425,0.2701004445552826
225,0.0001,0.2809691969305277,0.9391942480924766,0.4628094561172254,0.868443503943413,0.9292174968261457,15.529194593429565,0.24983909726142883,0.22458436340093613,0.15341134369373322,0.06073990766890347,0.24983909726142883,0.843686655163765,0.26927003851442627,0.3900791478879524,0.15205553806189334,0.06064228961865107,0.26927003851442627,0.8338994564432086,1.1075137853622437,0.6784341335296631,0.6310697793960571,0.72913658618927,0.7183322310447693,0.7442165613174438,0.45563361048698425,2.062028408050537,0.34122031927108765,0.5843251943588257,1.9873219728469849,0.2699951231479645
226,0.0001,0.27568070963025093,0.941133131914275,0.46765632701642584,0.8656391535194932,0.9275309687112601,15.798070669174194,0.2508949749171734,0.21662437357008457,0.1569872684776783,0.06021709064953029,0.2508949749171734,0.8456417694687843,0.28006917328545544,0.3901809580398328,0.15316211680571237,0.05985294575944091,0.28006917328545544,0.8284435579271028,1.1085339784622192,0.6792933344841003,0.6324992775917053,0.7286925911903381,0.7182818651199341,0.7457366585731506,0.4548003375530243,2.0632665157318115,0.34192490577697754,0.5823281407356262,1.986751914024353,0.26990029215812683
227,0.0001,0.278481787070632,0.9402579403469524,0.48265432408361725,0.8624246112564271,0.925615231939881,15.609023332595825,0.24641264602541924,0.2212302228435874,0.15468397829681635,0.06076202052645385,0.24641264602541924,0.8493502326309681,0.25940755461201526,0.4176167502547755,0.148912995150595,0.05966669885498105,0.25940755461201526,0.8297569643367421,1.1085397005081177,0.6798344254493713,0.6338663697242737,0.7288611531257629,0.718471884727478,0.7472413778305054,0.45260870456695557,2.0636940002441406,0.34239041805267334,0.5812951326370239,1.984575867652893,0.27001485228538513
228,0.0001,0.2752949334681034,0.940027705043632,0.46536004001444037,0.8660463919748538,0.927772250396256,15.790865898132324,0.24211035203188658,0.222765626385808,0.15088651236146688,0.06075975717976689,0.24211035203188658,0.8535159975290298,0.2654534569292357,0.39535405780329846,0.16006207849943277,0.061008136832352844,0.2654534569292357,0.8322744730747107,1.109649896621704,0.6803155541419983,0.6352629065513611,0.7291039824485779,0.7191272974014282,0.7485505938529968,0.4508073925971985,2.0643832683563232,0.3424842953681946,0.5793060660362244,1.9844812154769897,0.27015984058380127
229,0.0001,0.27183179929852486,0.9420327191354908,0.4644658782265403,0.8690827253976354,0.9295407836114437,15.718377828598022,0.2429508613422513,0.2186105726286769,0.15495720878243446,0.06080340943299234,0.2429508613422513,0.854448925703764,0.2890070302016807,0.38536326090494794,0.15787194308006403,0.06215045589840773,0.2890070302016807,0.8216520385308699,1.1115738153457642,0.6806994676589966,0.6366080045700073,0.7291749119758606,0.7199642062187195,0.7499869465827942,0.44942617416381836,2.0644078254699707,0.3431071937084198,0.5781270265579224,1.9849944114685059,0.27017155289649963
230,0.0001,0.2747082198038697,0.9416498457250293,0.4667802434979063,0.867304020198777,0.9285339971345374,15.70796537399292,0.24654000345617533,0.2191720213741064,0.15282712038606405,0.062343202996999025,0.24654000345617533,0.8482568003237247,0.2660458413037387,0.3973768642454436,0.15051172764012308,0.061316505526051376,0.2660458413037387,0.832586534095533,1.1115168333053589,0.6814187169075012,0.6377174258232117,0.7283483147621155,0.7201374769210815,0.751419186592102,0.4490104913711548,2.0639307498931885,0.3436601161956787,0.5782700777053833,1.9859694242477417,0.27001112699508667
231,0.0001,0.2723060892894864,0.941025990684685,0.46866703936547943,0.8655385732442384,0.9274981057535383,15.521116018295288,0.24425810761749744,0.21974677499383688,0.15203546453267336,0.0612817422952503,0.24425810761749744,0.8492934592068195,0.27177406802321924,0.3942623662226128,0.15168630534952338,0.06127652288837866,0.27177406802321924,0.8285501274195585,1.1125257015228271,0.6817882657051086,0.6388612389564514,0.7282388806343079,0.720150351524353,0.7524834871292114,0.4469876289367676,2.0608720779418945,0.34409618377685547,0.5784077048301697,1.9848741292953491,0.2698536515235901
232,0.0001,0.2712215706706047,0.9418050862673868,0.4713977195999839,0.8645602607138999,0.9270080799010769,15.581613063812256,0.24632811080664396,0.2172673875465989,0.15143298730254173,0.060757221188396215,0.24632811080664396,0.8476228080689907,0.2664276758829753,0.4007515690543435,0.16458107847155948,0.06048331477425315,0.2664276758829753,0.8325726118954745,1.1126824617385864,0.6824326515197754,0.6401033997535706,0.7278593182563782,0.7200517654418945,0.7537605166435242,0.4477955102920532,2.0604264736175537,0.3448774218559265,0.5804467797279358,1.982413411140442,0.2699560821056366
233,0.0001,0.26688638236373663,0.9432450140772218,0.47875949108239374,0.8629204227206023,0.9260362403111514,15.399397373199463,0.24095378257334232,0.2136289905756712,0.15106464177370071,0.0619004862383008,0.24095378257334232,0.8542575761675835,0.2679057003873767,0.41019331234874146,0.14570063849290213,0.06043008364962809,0.2679057003873767,0.8303366863366329,1.112717866897583,0.6837486028671265,0.6415480375289917,0.7272220849990845,0.7205582857131958,0.7550458312034607,0.4484499990940094,2.0607388019561768,0.34529295563697815,0.5798145532608032,1.9798473119735718,0.27013692259788513
234,0.0001,0.26972861774265766,0.9426315640677073,0.46902859752828424,0.8665198359929193,0.9281557185103589,15.619908571243286,0.24520301539450884,0.2154680686071515,0.15162633080035448,0.06134385149925947,0.24520301539450884,0.8498113080859184,0.2717735812519536,0.39682774381204083,0.16060567037625748,0.060123240292975395,0.2717735812519536,0.828363400517088,1.1127270460128784,0.6841284036636353,0.6429418325424194,0.727139413356781,0.7212157249450684,0.7562228441238403,0.4497169554233551,2.061002254486084,0.3457869589328766,0.5785094499588013,1.9777874946594238,0.2700977325439453
235,0.0001,0.2741023190319538,0.9406085279881098,0.47605135404702387,0.86287960232076,0.9259722089902834,15.603181838989258,0.24412711896002293,0.22354787774384022,0.15063895843923092,0.06091835116967559,0.24412711896002293,0.8497765809297562,0.2685275962858489,0.40595166430328833,0.1640755800586758,0.061441556973890823,0.2685275962858489,0.8293084718964316,1.1129651069641113,0.6842226386070251,0.6439915895462036,0.7273069024085999,0.7216571569442749,0.7572844624519348,0.4500196576118469,2.0613715648651123,0.34645920991897583,0.5780999660491943,1.9763836860656738,0.27019593119621277
236,0.0001,0.26764994859695435,0.9427254358864066,0.4696732931064837,0.8664763868503199,0.9280898423568628,15.50994610786438,0.2418461563065648,0.21285895723849535,0.15172794461250305,0.061159220756962895,0.2418461563065648,0.8533004373311996,0.26585550199855457,0.40087028525092383,0.14473931875192758,0.05958810572822889,0.26585550199855457,0.832546429200606,1.1125551462173462,0.6847552061080933,0.6451815962791443,0.726662814617157,0.7226076126098633,0.7584257125854492,0.45013323426246643,2.0621702671051025,0.3473418951034546,0.5765236020088196,1.9745842218399048,0.2701120376586914
237,0.0001,0.26186055317521095,0.9447470028004346,0.4695504398056955,0.8666825497925481,0.9282111497884681,15.828956604003906,0.2348219957202673,0.21407343167811632,0.14758235774934292,0.06104489299468696,0.2348219957202673,0.859713189303875,0.25610307039636554,0.40613751700430206,0.1464718688618053,0.06261149026227719,0.25610307039636554,0.8354029872200706,1.1133571863174438,0.6853689551353455,0.6465800404548645,0.7262321710586548,0.7228406071662903,0.7596991062164307,0.4488920271396637,2.0621657371520996,0.34812477231025696,0.5753527879714966,1.9721870422363281,0.2700493633747101
238,0.0001,0.2657816559076309,0.9439623629495915,0.4604152603582902,0.8701905489359507,0.9302125079280236,16.078102111816406,0.2415805160999298,0.21177638415247202,0.14994059968739748,0.06153711839579046,0.2415805160999298,0.8529704287648201,0.26878178571209765,0.3931845923264821,0.151064177579952,0.06140815974636511,0.26878178571209765,0.8285999153599595,1.113680124282837,0.6860587000846863,0.6480212211608887,0.7266188263893127,0.7232345342636108,0.7610958814620972,0.44779619574546814,2.0613176822662354,0.34870463609695435,0.5764367580413818,1.970041036605835,0.2701103985309601
239,0.0001,0.2625217270106077,0.944688108490225,0.4634276113726876,0.8699427261451592,0.9300424009780617,15.36886978149414,0.24054789822548628,0.2105266535654664,0.1484457915648818,0.06135929538868368,0.24054789822548628,0.8536707162857056,0.2614765993573449,0.3978981940132199,0.15071908903844428,0.05941310999068347,0.2614765993573449,0.8350223953073675,1.1145117282867432,0.6867167353630066,0.6492884755134583,0.7269555926322937,0.7234829664230347,0.7623270750045776,0.4457760155200958,2.0617775917053223,0.3492416739463806,0.5744837522506714,1.9691638946533203,0.2702615559101105
240,0.0001,0.2650166992098093,0.9441686263578845,0.46858820048245514,0.866631332243062,0.9281360133585258,15.657292604446411,0.24128308054059744,0.21409427467733622,0.14978167600929737,0.06034491513855755,0.24128308054059744,0.853856910020113,0.2575091909278523,0.4077676299846534,0.14649989094698068,0.05942713017716552,0.2575091909278523,0.8357047727613738,1.1144403219223022,0.6868627071380615,0.6506922841072083,0.7270495891571045,0.7230049967765808,0.7637802958488464,0.44654446840286255,2.062727689743042,0.34970664978027344,0.5739538073539734,1.9685899019241333,0.27027395367622375
241,0.0001,0.25951060000807047,0.9452880117245603,0.47479382518566016,0.866210323154478,0.927894722867818,16.159944534301758,0.23941515386104584,0.2081548236310482,0.15036097448319197,0.06066782562993467,0.23941515386104584,0.8556113913655281,0.261317281108914,0.405559859492562,0.14034177362918854,0.060761057969295616,0.261317281108914,0.8362370530764262,1.1150338649749756,0.6871767044067383,0.6520161628723145,0.7270328402519226,0.7225430011749268,0.7650913596153259,0.4459679424762726,2.06250262260437,0.35019075870513916,0.5745226740837097,1.967200517654419,0.27022993564605713
242,0.0001,0.26782943960279226,0.9428276011745951,0.48378056378075573,0.861922340489819,0.9254722640401328,15.709349393844604,0.2434403421357274,0.21770082507282495,0.14966689329594374,0.06076955934986472,0.2434403421357274,0.8502378910779953,0.26887141258427594,0.4108034571011861,0.1441455287012187,0.06069228504643296,0.26887141258427594,0.8316799889911305,1.1153850555419922,0.6874729990959167,0.6533522605895996,0.7261846661567688,0.7232109904289246,0.7661300897598267,0.44485652446746826,2.062426805496216,0.35069969296455383,0.5746117234230042,1.9661266803741455,0.27025240659713745
243,0.0001,0.2706884164363146,0.9418339837319345,0.47632191668857227,0.8655377196900724,0.9275049167871923,15.332149028778076,0.2417197162285447,0.21974760945886374,0.14951117057353258,0.06085015367716551,0.2417197162285447,0.8534434884786606,0.2937427750139525,0.3965291976928711,0.15733101828531784,0.06047757365035288,0.2937427750139525,0.8186819246321013,1.115620732307434,0.6879591345787048,0.6546056270599365,0.7263068556785583,0.7240508198738098,0.7672716975212097,0.44439733028411865,2.0618393421173096,0.3512561023235321,0.5747853517532349,1.9656099081039429,0.27033525705337524
244,0.0001,0.2629909235984087,0.9439827564043114,0.47279370282635547,0.8653380813351743,0.9273489128250677,16.449023485183716,0.23749445658177137,0.2153044529259205,0.14677910692989826,0.061339631443843246,0.23749445658177137,0.856264267116785,0.2577367912639271,0.40777964619073,0.15656527515613672,0.061749562959779396,0.2577367912639271,0.836598894812844,1.115695595741272,0.688380241394043,0.6555460095405579,0.7265284657478333,0.7238571047782898,0.7683891654014587,0.4426884651184082,2.062392473220825,0.35157081484794617,0.574366569519043,1.965079665184021,0.27047497034072876
245,0.0001,0.2839973224326968,0.9374051313520727,0.477778895334764,0.8662203967456197,0.9278926545575396,16.471747398376465,0.25268666818737984,0.2252835463732481,0.15321515779942274,0.06036066939122975,0.25268666818737984,0.8410662673413754,0.2686793375195879,0.41228204333420954,0.14479007775133307,0.059348668564449654,0.2686793375195879,0.8304558432463444,1.1160001754760742,0.6882977485656738,0.6569550633430481,0.726244330406189,0.7236185073852539,0.770022988319397,0.4418173134326935,2.0654382705688477,0.35230913758277893,0.5735414028167725,1.9644054174423218,0.2705046534538269
246,0.0001,0.2643441976979375,0.9435715559482019,0.47297678300828644,0.8661579148567992,0.9278917013800889,15.20054030418396,0.24079102743417025,0.21084161568433046,0.15051618870347738,0.05876651336438954,0.24079102743417025,0.853515263646841,0.26138174985394336,0.40580372738115716,0.14455183256756177,0.05759033662351695,0.26138174985394336,0.825528778813102,1.1169588565826416,0.6887297034263611,0.6581568121910095,0.7259573340415955,0.7238211631774902,0.7712301015853882,0.44239428639411926,2.065877914428711,0.3527730107307434,0.5731185674667358,1.962257981300354,0.27041369676589966
247,0.0001,0.2712664566934109,0.9403361752840954,0.47524047620368726,0.8638927288934815,0.926679789225998,15.50574541091919,0.24459302611649036,0.2188084525987506,0.1527082547545433,0.05950836814008653,0.24459302611649036,0.8538468442857265,0.263047379526225,0.4092450999852383,0.14741245634628064,0.05811435209982323,0.263047379526225,0.8268740664828907,1.1174644231796265,0.6888185143470764,0.6594138741493225,0.7258130311965942,0.7234581112861633,0.7725054621696472,0.442295640707016,2.0655548572540283,0.3532327711582184,0.5712080597877502,1.961413025856018,0.27031615376472473
248,0.0001,0.26804252061992884,0.942315260609598,0.47166870669885114,0.8662505295647259,0.9279193023467056,15.796370267868042,0.24265923164784908,0.21768971718847752,0.14789761509746313,0.059883877635002136,0.24265923164784908,0.8496766202151775,0.2606623886209546,0.4078010754151778,0.14423455388256998,0.05895368190425815,0.2606623886209546,0.8351016929655364,1.1178771257400513,0.6890336275100708,0.6606056094169617,0.7262253165245056,0.7236006259918213,0.7736897468566895,0.44245874881744385,2.0645363330841064,0.354113906621933,0.5705044269561768,1.961873173713684,0.2704125642776489
249,0.0001,0.2647881079465151,0.9426221366164101,0.47466166272307886,0.8665017059377459,0.9280005590273809,15.001140832901001,0.24362176191061735,0.21172619424760342,0.1509297490119934,0.06073774513788521,0.24362176191061735,0.8522852882742882,0.28985972250952863,0.3959529770143104,0.14771594829631574,0.0605841176302144,0.28985972250952863,0.8210418874567206,1.1178144216537476,0.6891608238220215,0.661436140537262,0.7253530621528625,0.722670316696167,0.7745065093040466,0.44305452704429626,2.06485652923584,0.35435086488723755,0.5703179240226746,1.959167242050171,0.27060672640800476
250,0.0001,0.2629501521587372,0.9444375919185173,0.4812394579251607,0.8615349335407227,0.9251369881011026,15.759254932403564,0.24534372054040432,0.20797332376241684,0.14996267389506102,0.06066840561106801,0.24534372054040432,0.847934540361166,0.26269160301396344,0.41409918304645654,0.1460236692518899,0.060874175280332565,0.26269160301396344,0.8339448498957085,1.1182514429092407,0.6895593404769897,0.6624642610549927,0.7255978584289551,0.722187340259552,0.775722861289978,0.4404195249080658,2.066054582595825,0.354568213224411,0.571403980255127,1.9577869176864624,0.2704685628414154
251,0.0001,0.25631510466337204,0.9460543704146166,0.47937271089264843,0.864645795533266,0.9269893907883366,15.015612125396729,0.23807653598487377,0.20420583058148623,0.14844856690615416,0.059774202993139625,0.23807653598487377,0.8586413152515888,0.26250804780107556,0.4154025623292634,0.14946792274713516,0.06038757752288471,0.26250804780107556,0.8319017038200841,1.1186351776123047,0.6901169419288635,0.663813591003418,0.7251278162002563,0.7228508591651917,0.7768711447715759,0.4404217600822449,2.0656678676605225,0.35478639602661133,0.5715284943580627,1.956892728805542,0.27041247487068176
252,0.0001,0.2614136701449752,0.9442764944307563,0.48295315106709796,0.8633611216643762,0.9262354917436554,15.901055335998535,0.2423213729634881,0.20942275784909725,0.1503894035704434,0.06169453635811806,0.2423213729634881,0.8509943448007107,0.26391605220057746,0.42031878955436475,0.14303909851746124,0.059647043320265686,0.26391605220057746,0.833870044260314,1.1195861101150513,0.6900075078010559,0.6648755669593811,0.7242372035980225,0.7228976488113403,0.778026282787323,0.4399321675300598,2.066415786743164,0.3552084267139435,0.5721134543418884,1.955517292022705,0.27034154534339905
253,0.0001,0.2619478767737746,0.9448694853901908,0.47461395010803686,0.8660591492390859,0.9278044008947353,15.177798986434937,0.24285962618887424,0.21154435351490974,0.146782286465168,0.0611133158672601,0.24285962618887424,0.8510308749973774,0.2616091614419764,0.41338216174732556,0.1454396451061422,0.059034331729917816,0.2616091614419764,0.8343635526570407,1.1201140880584717,0.690338671207428,0.666079580783844,0.7240107655525208,0.722592294216156,0.7791732549667358,0.4404858350753784,2.0661380290985107,0.35562774538993835,0.572459876537323,1.9530922174453735,0.27052628993988037
254,0.0001,0.26356830168515444,0.9432496263958353,0.4722051548235344,0.8669577325511321,0.9283029742194902,15.552266120910645,0.23914495389908552,0.21422783471643925,0.14817587845027447,0.0598657438531518,0.23914495389908552,0.8553911931812763,0.2535380423069,0.4148654088829503,0.13851497841603827,0.06092158727573626,0.2535380423069,0.8356189818093271,1.1200835704803467,0.6911088824272156,0.6670536994934082,0.7238140106201172,0.7225993275642395,0.7802035808563232,0.43982669711112976,2.0667407512664795,0.356018990278244,0.5734924674034119,1.951130747795105,0.27069276571273804
255,0.0001,0.2687641428783536,0.941422501053947,0.4856474995613098,0.8621389838789282,0.9254977185956581,15.566004276275635,0.24526840262115002,0.21829007472842932,0.15077276714146137,0.059825569624081254,0.24526840262115002,0.8508552424609661,0.25553073305072205,0.4267978812708999,0.14217412742701444,0.05949411304159598,0.25553073305072205,0.8325337478608796,1.1199462413787842,0.6917839050292969,0.6678813695907593,0.7230688333511353,0.7234499454498291,0.7811980247497559,0.43951448798179626,2.06607985496521,0.35644716024398804,0.5728394389152527,1.9510419368743896,0.27075740694999695
256,0.0001,0.26532370038330555,0.9429394696498806,0.4709641301270687,0.8658750873213567,0.9276831126823221,16.927103757858276,0.24196488317102194,0.2161333467811346,0.15094877034425735,0.05981182539835572,0.24196488317102194,0.8536864295601845,0.2576025038054495,0.410336406845035,0.13716525245796551,0.06003101395838188,0.2576025038054495,0.8352082606517908,1.1192697286605835,0.6919417381286621,0.668806791305542,0.7218675017356873,0.7237030863761902,0.782232940196991,0.43868759274482727,2.0652589797973633,0.3569505512714386,0.5724701881408691,1.9504427909851074,0.27093446254730225
257,0.0001,0.2645749496296048,0.9438555397445189,0.48426770080219617,0.8632939721799789,0.9262071874833483,15.634474515914917,0.24855497758835554,0.20997092500329018,0.15126433409750462,0.06024297489784658,0.24855497758835554,0.846718929708004,0.2583225446216988,0.42383873282056866,0.13768963786688718,0.059260411018675026,0.2583225446216988,0.8357364481145685,1.119198203086853,0.6922128796577454,0.6698905825614929,0.721596360206604,0.7238258719444275,0.7832992076873779,0.4385317862033844,2.064377784729004,0.35743752121925354,0.5717380046844482,1.9478205442428589,0.27113139629364014
258,0.0001,0.2585412496700883,0.9448873087389531,0.4851060744487878,0.8620809656104134,0.9255295948579148,15.508511304855347,0.23925341106951237,0.20987251214683056,0.1496517714112997,0.06099029490724206,0.23925341106951237,0.8547081686556339,0.2604327134110711,0.42116614814960596,0.14424718780951065,0.05969905909715277,0.2604327134110711,0.8292136138135736,1.119887351989746,0.692966878414154,0.6710543036460876,0.721476137638092,0.7241729497909546,0.7843390703201294,0.43760257959365845,2.064911365509033,0.35788145661354065,0.5718932747840881,1.945604681968689,0.27122655510902405
259,0.0001,0.2559185214340687,0.9458994526894208,0.4728413133910208,0.8659806488465902,0.9277776887208706,15.10223650932312,0.239424635656178,0.20611657109111547,0.1494107162579894,0.06106876512058079,0.239424635656178,0.8547485135495663,0.26015427798935864,0.412018459854704,0.1497300940029549,0.059521896595304664,0.26015427798935864,0.8356696981372256,1.1204547882080078,0.6935281753540039,0.6722239255905151,0.7214097380638123,0.7248257398605347,0.7854641079902649,0.4370352029800415,2.064913034439087,0.3583432734012604,0.5706725716590881,1.9454342126846313,0.27143123745918274
260,0.0001,0.25762240402400494,0.9457152781412048,0.4786413655136571,0.8641327753517974,0.9267463820653229,15.761366128921509,0.2389875529333949,0.20837685465812683,0.14757941011339426,0.06094461656175554,0.2389875529333949,0.8538820743560791,0.2594509278282975,0.4187543672142607,0.14061665986523483,0.060718200536388336,0.2594509278282975,0.8345621444962241,1.1206974983215332,0.6941747069358826,0.6733646392822266,0.7213179469108582,0.7244284749031067,0.786542534828186,0.43627628684043884,2.0658841133117676,0.3589556813240051,0.5699802041053772,1.9453082084655762,0.27146169543266296
261,0.0001,0.2555288514122367,0.946657422919636,0.48285268834142975,0.8631754282643089,0.9262137843644559,15.504462480545044,0.23967930115759373,0.2052277149632573,0.14859833661466837,0.06105466326698661,0.23967930115759373,0.8552412912249565,0.2636819648923296,0.4199569207249266,0.14921548465887705,0.059901690618558365,0.2636819648923296,0.8293676972389221,1.1204936504364014,0.6946106553077698,0.6745975017547607,0.7208306193351746,0.7236995100975037,0.7876043319702148,0.4349055290222168,2.066610813140869,0.35943299531936646,0.5703644156455994,1.9463752508163452,0.2716968357563019
262,0.0001,0.2597041903063655,0.944946173554206,0.4901202926130006,0.8614505487517262,0.9251790034003797,15.586874008178711,0.24251225031912327,0.20791386347264051,0.15236547403037548,0.06174873118288815,0.24251225031912327,0.8515653200447559,0.2586305872960524,0.43080592155456543,0.13918288864872672,0.06119114499200474,0.2586305872960524,0.8289945270075942,1.1212972402572632,0.695091724395752,0.6758371591567993,0.7204107642173767,0.7242450714111328,0.7886521220207214,0.4334002137184143,2.0661540031433105,0.3599053621292114,0.5705248117446899,1.9452804327011108,0.2718128263950348
263,0.0001,0.25145057402551174,0.9471538779972339,0.4852303754199635,0.8623656501685485,0.9256607061213052,15.846993446350098,0.23311146907508373,0.20524634886533022,0.14359640004113317,0.061104095075279474,0.23311146907508373,0.8596426136791706,0.2993555881760337,0.402098045204625,0.15695504144285666,0.059408815069632095,0.2993555881760337,0.8155984607609835,1.1218453645706177,0.695388674736023,0.6769319772720337,0.7201257944107056,0.7247868776321411,0.7896502017974854,0.4335443079471588,2.065274477005005,0.3601095676422119,0.569935142993927,1.9437836408615112,0.2716415226459503
264,0.0001,0.25135232601314783,0.947047303631189,0.480631866238334,0.8642824975796314,0.9267918769207508,16.39408850669861,0.23626761883497238,0.20277109369635582,0.14709903579205275,0.06030185171402991,0.23626761883497238,0.8588349930942059,0.2610424291906935,0.41897743940353394,0.1503810744845506,0.06116910662614938,0.2610424291906935,0.8354530460906752,1.1219525337219238,0.6959635615348816,0.6778168082237244,0.7201004028320312,0.7252655625343323,0.7904791831970215,0.4338218569755554,2.0658864974975586,0.36013302206993103,0.5692991614341736,1.9429802894592285,0.2716853618621826
265,0.0001,0.2553827250376344,0.9457312477958887,0.47478001406698517,0.8654214529527441,0.9274448002505521,16.6687912940979,0.23561744298785925,0.2080259481444955,0.1444673966616392,0.060434999875724316,0.23561744298785925,0.8589487038552761,0.26003624002138775,0.41320373885559314,0.13994847441261465,0.06058683528593092,0.26003624002138775,0.8362388195413532,1.1217609643936157,0.6963520050048828,0.6788749098777771,0.7198936343193054,0.7249928116798401,0.7913210988044739,0.43418556451797485,2.065342426300049,0.3604898452758789,0.5691202878952026,1.9416353702545166,0.2717645764350891
266,0.0001,0.2533247312530875,0.946618298220514,0.48206001339536725,0.8638331508253262,0.9265286812654869,15.061665296554565,0.2364985542371869,0.20448633190244436,0.14541991334408522,0.060434786370024085,0.2364985542371869,0.8539035730063915,0.26100053841417487,0.4226590864586108,0.15351287862568191,0.05867387117310004,0.26100053841417487,0.83435468601458,1.1215349435806274,0.696454644203186,0.6799368858337402,0.7195967435836792,0.7250101566314697,0.7924273014068604,0.4347214698791504,2.065279722213745,0.3610028624534607,0.5680572986602783,1.94053053855896,0.27183961868286133
267,0.0001,0.24949108343571424,0.9479102930125003,0.4768245816230774,0.8658366490837196,0.9276885780843405,15.690172910690308,0.2375088594853878,0.199944905936718,0.14673184975981712,0.0599639774300158,0.2375088594853878,0.8551291897892952,0.25835204259915784,0.41727481376041065,0.1396219732634949,0.060257136821746826,0.25835204259915784,0.8373203711076216,1.1218304634094238,0.6964067816734314,0.6810275912284851,0.7194259762763977,0.7250342965126038,0.7933696508407593,0.43459540605545044,2.0649359226226807,0.36147478222846985,0.5686326026916504,1.9393178224563599,0.27188438177108765
268,0.0001,0.25727033615112305,0.9453665415316947,0.48407325419512665,0.8640476819520395,0.9266697731553133,15.324341297149658,0.24125665426254272,0.2067381450906396,0.15041453577578068,0.06006055627949536,0.24125665426254272,0.852670207619667,0.25221844107815716,0.42933739134759613,0.13719874078577216,0.060681415778217895,0.25221844107815716,0.8369754570903201,1.1220066547393799,0.6963866949081421,0.6821492314338684,0.7189874053001404,0.7246760725975037,0.7944558262825012,0.43539124727249146,2.0650863647460938,0.36192798614501953,0.56866854429245,1.9391752481460571,0.27185824513435364
269,0.0001,0.25317872781306505,0.9467444498865354,0.48855174400589685,0.8590004693392457,0.9237477719466194,15.413479328155518,0.2391252825036645,0.2021827194839716,0.1465905299410224,0.059767661383375525,0.2391252825036645,0.8508609682321548,0.26516138062332617,0.42446279886997107,0.15288782932541586,0.05996087114467765,0.26516138062332617,0.8333254763574311,1.1227363348007202,0.6964985728263855,0.6831216812133789,0.719131588935852,0.7245107293128967,0.7954936623573303,0.43533769249916077,2.065673351287842,0.3621963858604431,0.5689516067504883,1.9383989572525024,0.27177056670188904
270,0.0001,0.25057466607540846,0.9478270433193147,0.47988802736455743,0.8640283058680414,0.9266351620452861,16.2475483417511,0.24096609372645617,0.20051940716803074,0.14746477361768484,0.06034498382359743,0.24096609372645617,0.8542251363396645,0.2618571501789671,0.421881610696966,0.14123583765644016,0.059985643083398994,0.2618571501789671,0.8325566721685005,1.122904896736145,0.6972672343254089,0.6841557621955872,0.7188652753829956,0.7244613170623779,0.7965276837348938,0.4346672296524048,2.066401481628418,0.36276793479919434,0.5690447688102722,1.937315821647644,0.2718638777732849
271,0.0001,0.24822679348289967,0.9478789834689653,0.47717823494564404,0.864491656131546,0.9269214650321608,15.928743124008179,0.23186358623206615,0.20042221900075674,0.14358659088611603,0.06013118359260261,0.23186358623206615,0.859984777867794,0.2648349539800124,0.41570244774673926,0.15049652100512476,0.05913078491434907,0.2648349539800124,0.8323548598722978,1.1233526468276978,0.6977167725563049,0.6850994229316711,0.7188258171081543,0.7248392701148987,0.797500491142273,0.4341946840286255,2.0657217502593994,0.363020122051239,0.5674626231193542,1.9360997676849365,0.27160799503326416
272,0.0001,0.24776352010667324,0.9481230637198393,0.4870245402509516,0.8613703888940685,0.9250746689991063,15.321757078170776,0.23336048424243927,0.20157771091908216,0.14253079053014517,0.06012769881635904,0.23336048424243927,0.8586187921464443,0.2538333833217621,0.43052608677835175,0.14671673693440176,0.05936496377442822,0.2538333833217621,0.8325901212114276,1.123915433883667,0.698053777217865,0.6859280467033386,0.719108521938324,0.7250827550888062,0.798376202583313,0.43380308151245117,2.0657284259796143,0.36327701807022095,0.566720724105835,1.934165358543396,0.2713821530342102
273,0.0001,0.2526783561334014,0.9473150780914934,0.4833087514747273,0.8636345684675033,0.9263867137463707,16.009210348129272,0.23899675998836756,0.20346198230981827,0.14730348624289036,0.059656509663909674,0.23899675998836756,0.8539818301796913,0.26163010705601086,0.4249203024488507,0.14369586606820425,0.05969618599523197,0.26163010705601086,0.8348701614322085,1.123924732208252,0.6983814835548401,0.6868364810943604,0.719182014465332,0.7256515622138977,0.799332857131958,0.43275031447410583,2.0649361610412598,0.36356860399246216,0.5660265684127808,1.9321666955947876,0.2713562548160553
274,0.0001,0.2518022023141384,0.9472240269071097,0.4882567443630912,0.8621397033758588,0.9255195921915268,15.362251281738281,0.23863909486681223,0.20190691482275724,0.147838375531137,0.05975390807725489,0.23863909486681223,0.8565600588917732,0.2607772169691144,0.43174879117445514,0.14864746774687912,0.05989424026373661,0.2607772169691144,0.8345466111645554,1.1235997676849365,0.6985802054405212,0.687720537185669,0.718911349773407,0.7252010703086853,0.8002724647521973,0.43233171105384827,2.064408302307129,0.3639844059944153,0.5665550827980042,1.9299718141555786,0.2716037631034851
275,0.0001,0.24724663607776165,0.9485816254243696,0.48484552990306506,0.8616940544070345,0.9253140894551282,15.876678228378296,0.23742536082863808,0.19419441744685173,0.14661553502082825,0.05914873373694718,0.23742536082863808,0.8543137013912201,0.26217352305397845,0.42360185041572107,0.1492527493021705,0.05855848335406997,0.26217352305397845,0.8342208898428715,1.1237480640411377,0.6989865899085999,0.6887778639793396,0.7186338305473328,0.7248764038085938,0.8010891675949097,0.4313291311264038,2.063720226287842,0.36417415738105774,0.5667057633399963,1.9287468194961548,0.2716325521469116
276,0.0001,0.2449497953057289,0.9488613046485936,0.48664390137701324,0.8619766817411751,0.9254746037198256,15.621756792068481,0.23462288547307253,0.197945699095726,0.14525278378278017,0.05969830392859876,0.23462288547307253,0.8581026382744312,0.26293808763677423,0.4273330948569558,0.14269543100487103,0.05935088827302962,0.26293808763677423,0.8340579632556799,1.1245496273040771,0.6990649700164795,0.6898659467697144,0.7181137800216675,0.7250258326530457,0.8019499182701111,0.4299162030220032,2.063746452331543,0.36460012197494507,0.566234827041626,1.9270615577697754,0.2715319097042084
277,0.0001,0.25265301670879126,0.9470770514171243,0.4862607428521821,0.8621950979302743,0.9255633195645141,16.0117826461792,0.24205030407756567,0.2042940529063344,0.14686707500368357,0.059807107551023364,0.24205030407756567,0.8509983755648136,0.2648863729202386,0.42494667479486176,0.14790768514979968,0.05891244169889075,0.2648863729202386,0.8315332441618948,1.1248319149017334,0.6993452310562134,0.6906251311302185,0.7183679938316345,0.725134551525116,0.802949070930481,0.43001800775527954,2.064962148666382,0.36509501934051514,0.5657851696014404,1.9253931045532227,0.27156153321266174
278,0.0001,0.2547970926389098,0.9454600394722853,0.48640071352322894,0.8633466903315017,0.9262616949940956,14.96688961982727,0.2417265372350812,0.20389968622475863,0.14677166193723679,0.06004034401848912,0.2417265372350812,0.8496901914477348,0.25740484125686414,0.4320743987054536,0.14285542251485767,0.06031707843596285,0.25740484125686414,0.8321177507891799,1.1249537467956543,0.6995229721069336,0.6915923357009888,0.718208372592926,0.7249887585639954,0.8038612604141235,0.42910003662109375,2.065507650375366,0.36542844772338867,0.5657166838645935,1.9244768619537354,0.2716515064239502
279,0.0001,0.2455258769914508,0.9491203824030502,0.4855466051535173,0.8638640652077962,0.9265247748933574,14.533262491226196,0.23489493038505316,0.199105360545218,0.14467357378453016,0.060404986375942826,0.23489493038505316,0.8579069748520851,0.2587952460303451,0.43200805241411383,0.144378507679159,0.061455716689427696,0.2587952460303451,0.8329175042383599,1.124954104423523,0.6998600363731384,0.6924485564231873,0.718102216720581,0.7248055338859558,0.8047545552253723,0.42962348461151123,2.0661966800689697,0.3656327724456787,0.5656141638755798,1.9238628149032593,0.27181586623191833
280,0.0001,0.24757951870560646,0.9481377949358301,0.48579106186375476,0.8633800096114429,0.9262666713628059,12.73451018333435,0.23691562749445438,0.20020411349833012,0.14460745733231306,0.06106049218215048,0.23691562749445438,0.8552079759538174,0.2580819942734458,0.4302412894639102,0.14757446989868628,0.061283395371653816,0.2580819942734458,0.8380858302116394,1.1255414485931396,0.70040363073349,0.6934053301811218,0.7178200483322144,0.7245462536811829,0.8056520223617554,0.4289712607860565,2.065455436706543,0.36597493290901184,0.5653213858604431,1.9240292310714722,0.2717762291431427
281,0.0001,0.2501433715224266,0.9471161478189896,0.4865609082308682,0.8636780707050631,0.9263866313249628,11.95815658569336,0.23848392255604267,0.203656111843884,0.14598344638943672,0.06076249061152339,0.23848392255604267,0.8569762706756592,0.2762081894007596,0.41999188336459076,0.13841498259342078,0.0590665147385814,0.2762081894007596,0.8284879489378496,1.1250810623168945,0.7006138563156128,0.6943495273590088,0.7168692350387573,0.7241807579994202,0.8064289093017578,0.4285651445388794,2.0642781257629395,0.3663971722126007,0.5654851794242859,1.924329161643982,0.27190372347831726
282,0.0001,0.2546225469559431,0.9464404189420458,0.49623732855825714,0.8604346241348947,0.9245438962646817,10.29126501083374,0.2484934264793992,0.20029286481440067,0.1495261425152421,0.0606287473347038,0.2484934264793992,0.8438460044562817,0.25852914109374536,0.43931256460421014,0.1339223005554893,0.059706819328394806,0.25852914109374536,0.8229760419238697,1.1253957748413086,0.7010931968688965,0.6953988671302795,0.7163310050964355,0.7243450880050659,0.8073759078979492,0.42990726232528687,2.0640804767608643,0.36690354347229004,0.5648456811904907,1.9243783950805664,0.27182477712631226
283,0.0001,0.24894111137837172,0.9481234403352994,0.49170509612921515,0.8615395710963968,0.9252069865954721,10.380702257156372,0.23694952949881554,0.20151975471526384,0.14480009395629168,0.06162198609672487,0.23694952949881554,0.8547132462263107,0.26069578212319,0.4362828921188008,0.14475173932133298,0.05943015285513618,0.26069578212319,0.8351350679542079,1.1261557340621948,0.7013131976127625,0.6962451934814453,0.7163804173469543,0.7239627838134766,0.8082994818687439,0.4298393428325653,2.063800811767578,0.36727237701416016,0.5643256902694702,1.9228938817977905,0.2718539535999298
284,0.0001,0.24806192889809608,0.9474221761816963,0.49314711671887024,0.8608859086264982,0.9248274940517597,10.512113571166992,0.23597827926278114,0.2001367388293147,0.14677393157035112,0.060974368592724204,0.23597827926278114,0.8594438172876835,0.252121370398637,0.44142568382349884,0.14274033858920587,0.06188539821993221,0.252121370398637,0.8362746238708496,1.1261950731277466,0.7011213302612305,0.6970679759979248,0.7161127924919128,0.7237390875816345,0.8091075420379639,0.42965060472488403,2.063401460647583,0.3676275908946991,0.5635267496109009,1.9213383197784424,0.2718767523765564
285,0.0001,0.2413255274295807,0.9499088207901436,0.47908611731095746,0.8656505885890731,0.9275814687208467,10.03278398513794,0.23448676522821188,0.19526795763522387,0.1430085152387619,0.06163983605802059,0.23448676522821188,0.8579223155975342,0.293637025762688,0.4049695134162903,0.1497125526269277,0.06081540577790954,0.293637025762688,0.8207158988172357,1.1264220476150513,0.7012515664100647,0.6978117823600769,0.7159368991851807,0.7236097455024719,0.8098398447036743,0.42913132905960083,2.0634541511535645,0.3680165112018585,0.5634474754333496,1.9203208684921265,0.27174249291419983
286,0.0001,0.23998090717941523,0.9508319016058129,0.48107423836534674,0.8635216337405498,0.9263878662477871,9.8400297164917,0.2373634446412325,0.18958828318864107,0.14600435458123684,0.061049279291182756,0.2373634446412325,0.8568520583212376,0.25980973063093243,0.42282001358090027,0.13780059236468692,0.06139820023919597,0.25980973063093243,0.8329152627424761,1.1263799667358398,0.7017468214035034,0.6986603736877441,0.7157686352729797,0.7234411835670471,0.8105603456497192,0.429214209318161,2.0617876052856445,0.36830607056617737,0.5644373893737793,1.9170153141021729,0.2716435194015503
287,0.0001,0.24152264837175608,0.9506081951779419,0.4862052139007684,0.8635027008631845,0.9263491371335553,10.217937707901001,0.2344463225454092,0.1911783805117011,0.1401524543762207,0.061218976275995374,0.2344463225454092,0.8578872345387936,0.25924821920467145,0.43033221815571643,0.14472395904136426,0.06128857860510999,0.25924821920467145,0.8392048785180757,1.1269210577011108,0.7021362781524658,0.6995754837989807,0.7154812216758728,0.723467230796814,0.8114610910415649,0.42850205302238464,2.061735153198242,0.36860883235931396,0.5633615255355835,1.915066123008728,0.27154067158699036
288,0.0001,0.24215766973793507,0.9497884023391489,0.48774062142227637,0.8622908301780551,0.9256301099499616,9.541863918304443,0.23834421951323748,0.19245288241654634,0.14704599417746067,0.06040514190681279,0.23834421951323748,0.8530192114412785,0.256379377209779,0.4336329870151751,0.1406475039142551,0.06175536007592172,0.256379377209779,0.83373494942983,1.1272873878479004,0.7023165225982666,0.7003802061080933,0.7151855826377869,0.7237287759780884,0.8121442794799805,0.4285740256309509,2.0607430934906006,0.36890527606010437,0.5624529123306274,1.9143365621566772,0.2716655135154724
289,0.0001,0.2405201569199562,0.9502357249778925,0.48576169844829675,0.8641696292114347,0.9267319657856401,9.789719820022583,0.23436052817851305,0.1935139736160636,0.14360629953444004,0.06098173442296684,0.23436052817851305,0.8569300211966038,0.26404296177806275,0.427842636903127,0.14812753530162753,0.0600303141682437,0.26404296177806275,0.8352137406667074,1.1272801160812378,0.702390730381012,0.7012407183647156,0.7148652672767639,0.7243942618370056,0.8128174543380737,0.42750415205955505,2.061403512954712,0.3690566420555115,0.5621007680892944,1.9134094715118408,0.2717324495315552
290,0.0001,0.2510694693773985,0.947342376118337,0.4947977228598161,0.8620339914511309,0.9255397099516139,10.142287492752075,0.24163129646331072,0.19951623678207397,0.1490121204406023,0.06074510654434562,0.24163129646331072,0.8511573821306229,0.25766390110507154,0.4406999683741367,0.1405821634512959,0.06036957680727496,0.25766390110507154,0.8345151760361411,1.12763512134552,0.7027627229690552,0.7020576000213623,0.7144819498062134,0.7246096730232239,0.8135185241699219,0.4275183379650116,2.0618820190429688,0.3695128262042999,0.5611627101898193,1.91160249710083,0.27168798446655273
291,0.0001,0.24384684581309557,0.9488441943831369,0.4867450161413713,0.8639113198410355,0.9265913406615148,10.171118974685669,0.23602065350860357,0.19619490206241608,0.14460874535143375,0.059894017642363906,0.23602065350860357,0.8550059236586094,0.26060541516000574,0.43142382123253564,0.14231218736280093,0.059991473614266426,0.26060541516000574,0.8332488392338608,1.1280250549316406,0.7028843760490417,0.7028619647026062,0.7143964171409607,0.7246240377426147,0.8143821358680725,0.4269210994243622,2.0617926120758057,0.36989110708236694,0.560920774936676,1.9100228548049927,0.27170050144195557
292,0.0001,0.2419498935341835,0.9501149988698784,0.490803138776259,0.862987883350746,0.9260899797246174,10.167620658874512,0.23410384356975555,0.19574009720236063,0.1426714938133955,0.06059628841467202,0.23410384356975555,0.8565167263150215,0.2589938920555693,0.4354990684624874,0.14343818073922937,0.05878591492320552,0.2589938920555693,0.8302806742263563,1.1288343667984009,0.7032774686813354,0.7037060856819153,0.7144675850868225,0.7244457602500916,0.8151371479034424,0.42558711767196655,2.0621426105499268,0.3701117932796478,0.5609064698219299,1.9088449478149414,0.2718155086040497
293,0.0001,0.23610626813024282,0.9518463957947118,0.48536369385141315,0.8636524503805578,0.9264556129079536,9.78360366821289,0.23309054877609015,0.18734712805598974,0.14413189515471458,0.05959952319972217,0.23309054877609015,0.8600270301103592,0.2576564378810651,0.430292729175452,0.1416844023448048,0.05988887099154068,0.2576564378810651,0.835414631800218,1.128790259361267,0.7033658027648926,0.7043910622596741,0.7141299247741699,0.7241680026054382,0.8158902525901794,0.42601048946380615,2.062386989593506,0.37038788199424744,0.5606989860534668,1.9080017805099487,0.2718755900859833
294,0.0001,0.24018792808055878,0.9499101139852769,0.48564121398058807,0.8642939047721051,0.9267759738985286,9.920296430587769,0.23210018500685692,0.19346291013062,0.14471940929070115,0.05969727854244411,0.23210018500685692,0.8604144714772701,0.2543626179297765,0.43470224557500897,0.14071753327593658,0.05949313724131295,0.2543626179297765,0.8373269637425741,1.1289005279541016,0.7033196687698364,0.705182671546936,0.7141882181167603,0.7238948345184326,0.8166688680648804,0.42564457654953003,2.06219220161438,0.3707101047039032,0.559964120388031,1.9065957069396973,0.2719224989414215
295,0.0001,0.24586967006325722,0.9483675910366756,0.4864208057071223,0.8636831624615949,0.9264676931775482,10.591808795928955,0.23819387797266245,0.19830608367919922,0.14532317593693733,0.05910080671310425,0.23819387797266245,0.8537697121500969,0.257563210346482,0.43324790940140234,0.14573701764598038,0.05968855400428628,0.257563210346482,0.8395160653374412,1.129094123840332,0.7033648490905762,0.7059228420257568,0.7141426801681519,0.7235977053642273,0.817392110824585,0.42492204904556274,2.061922550201416,0.37117865681648254,0.5591889023780823,1.9059077501296997,0.2718515992164612
296,0.0001,0.24594147130846977,0.9482537619536756,0.4932682893492959,0.8619864752743506,0.9254521300811804,10.393063068389893,0.2356009427458048,0.20055399741977453,0.14308469649404287,0.06017280952073634,0.2356009427458048,0.8557312004268169,0.25718331878835504,0.4414007645664793,0.1474783822442546,0.059939814336372146,0.25718331878835504,0.8371042103478403,1.1291946172714233,0.7035998702049255,0.7066447138786316,0.7142617702484131,0.7235444784164429,0.818153977394104,0.42481639981269836,2.0621776580810547,0.3715974986553192,0.5581961870193481,1.904265284538269,0.2718234956264496
297,0.0001,0.24335426650941372,0.9495160452213921,0.494260617277839,0.8612783762966432,0.9250404874915339,9.958653688430786,0.23911794368177652,0.19244853779673576,0.14553404040634632,0.06045781774446368,0.23911794368177652,0.8550130091607571,0.25569056019638525,0.44487227634950116,0.13707281603957666,0.05977513234723698,0.25569056019638525,0.8380981358614835,1.129198670387268,0.7039598226547241,0.7074001431465149,0.7139565944671631,0.7239168286323547,0.818843424320221,0.42472824454307556,2.062401294708252,0.3717951774597168,0.5584388971328735,1.9032137393951416,0.2717217803001404
298,0.0001,0.2410557186231017,0.9495293168193705,0.496647394064701,0.8598136527730748,0.9242031859925646,9.784601211547852,0.2323702396824956,0.19504124112427235,0.1440500384196639,0.06077589630149305,0.2323702396824956,0.8609108366072178,0.2536403229742339,0.4429566842136961,0.1371350995067394,0.06020599705251781,0.2536403229742339,0.8380596294547572,1.1296437978744507,0.7042021155357361,0.7082910537719727,0.7137876152992249,0.7240543961524963,0.819612443447113,0.42404162883758545,2.0621135234832764,0.37195149064064026,0.5581238269805908,1.90096914768219,0.2715141773223877
299,0.0001,0.24416981264948845,0.9494215002594707,0.49913702950333105,0.8595655452546443,0.9240686766979694,10.115928649902344,0.2345974650233984,0.19804058875888586,0.1447391570545733,0.060354483779519796,0.2345974650233984,0.8599855937063694,0.2541898886362712,0.44858751062190894,0.13686206327243286,0.059677705958937156,0.2541898886362712,0.8332181175549825,1.1301442384719849,0.7042953372001648,0.7091513276100159,0.7132028937339783,0.7247565388679504,0.820449709892273,0.423990935087204,2.0619819164276123,0.3723287582397461,0.5574507713317871,1.8990364074707031,0.2713581323623657
300,0.0001,0.2419561604037881,0.9493541437626147,0.49466373523076373,0.8614655672609863,0.9251522183534925,9.563968181610107,0.23601989168673754,0.19341921340674162,0.14361440762877464,0.059952309587970376,0.23601989168673754,0.85586753860116,0.25947137854316016,0.4405011733373006,0.14257157503655463,0.05960604345256632,0.25947137854316016,0.8365130496747566,1.1302498579025269,0.7045187950134277,0.7100325226783752,0.7130023837089539,0.7244521379470825,0.8212879300117493,0.42422130703926086,2.0625195503234863,0.3725529909133911,0.5583200454711914,1.8983713388442993,0.2714093327522278
301,0.0001,0.24469973519444466,0.9490016631575341,0.49671416481335956,0.8602994419746002,0.9245244859727487,10.07891058921814,0.23748933151364326,0.1944091822952032,0.14590740390121937,0.0602270090021193,0.23748933151364326,0.8562209531664848,0.2539839067242362,0.4454619794180899,0.13334690576249902,0.06001184632380804,0.2539839067242362,0.8346597588423527,1.130393624305725,0.7050239443778992,0.7107909321784973,0.7130895853042603,0.7243834733963013,0.8220629096031189,0.42433491349220276,2.0628466606140137,0.3729238510131836,0.5572473406791687,1.8992643356323242,0.27160143852233887
302,0.0001,0.23972415830940008,0.9499523336267207,0.4940616958069079,0.8608211511800552,0.9248130073328595,9.55055570602417,0.23410034272819757,0.19292683992534876,0.1415659124031663,0.061981120612472296,0.23410034272819757,0.8597034960985184,0.2520115596778465,0.44496302983977576,0.13770766872348209,0.06087720665064725,0.2520115596778465,0.8371847542849454,1.13069748878479,0.705083429813385,0.7114938497543335,0.7128674983978271,0.7244614362716675,0.8228762745857239,0.42375457286834717,2.0628533363342285,0.37333059310913086,0.5566959381103516,1.899625539779663,0.2716168761253357
303,0.0001,0.23755407985299826,0.9511681148825265,0.48676556529420795,0.8634417066625371,0.926292563882883,9.618653535842896,0.23618304822593927,0.19021271634846926,0.14420303143560886,0.06143371295183897,0.23618304822593927,0.8565536513924599,0.2558468291253755,0.4364426786249334,0.13887475272922806,0.06074140164436716,0.2558468291253755,0.8372870954600248,1.1312094926834106,0.7051905989646912,0.7122179269790649,0.7125197649002075,0.7242687344551086,0.8235691785812378,0.42315369844436646,2.0634925365448,0.373580664396286,0.556672990322113,1.8996446132659912,0.27154725790023804
304,0.0001,0.2385978391394019,0.9497947332410988,0.48500160014990606,0.8642308633942347,0.9267163732883217,9.531259298324585,0.2315847733989358,0.1911883596330881,0.1429497036151588,0.06015583290718496,0.2315847733989358,0.8613080382347107,0.25559056347066705,0.4339547644961964,0.1359663118015636,0.0598777314704476,0.25559056347066705,0.8346339680931785,1.131300926208496,0.705466091632843,0.7130222916603088,0.7121750712394714,0.7249480485916138,0.8242753744125366,0.4224430322647095,2.0633673667907715,0.37383952736854553,0.5569261908531189,1.898712158203125,0.2714906930923462
305,0.0001,0.23679008893668652,0.9511563161059432,0.4933683727726792,0.8610906490969765,0.9249808590988254,9.96982479095459,0.23139187134802341,0.19130209647119045,0.14230102580040693,0.06012124801054597,0.23139187134802341,0.8587923236191273,0.2559344389221885,0.4417898961991975,0.13643667575987903,0.05971469402764783,0.2559344389221885,0.8359369292403712,1.131334662437439,0.7059406638145447,0.7137565612792969,0.7119135856628418,0.7246851921081543,0.8249327540397644,0.4223100244998932,2.06303071975708,0.37401819229125977,0.5563225150108337,1.8976918458938599,0.271542489528656
306,0.0001,0.24060033168643713,0.9498604492118838,0.4979137967933308,0.8605243266870238,0.9246510351195947,9.649151802062988,0.23436937388032675,0.192453783005476,0.1440740623511374,0.05928735085763037,0.23436937388032675,0.8587682247161865,0.25611403132929944,0.44631605888857984,0.13838762451301923,0.059742002550399666,0.25611403132929944,0.8331580270420421,1.1314078569412231,0.7060400247573853,0.7145494818687439,0.7116702198982239,0.7243056893348694,0.8255977034568787,0.421906054019928,2.0626068115234375,0.3743833303451538,0.5551343560218811,1.8965929746627808,0.2714995741844177
307,0.0001,0.2462339885532856,0.9469545738313282,0.4912193209835977,0.8616395221015805,0.9252424376670484,10.362547397613525,0.23979525547474623,0.19417174719274044,0.1443620203062892,0.06056461366824806,0.23979525547474623,0.8520058058202267,0.26575469835238025,0.43588836084712634,0.14839819570382437,0.05917569532087355,0.26575469835238025,0.8323767600637494,1.132385492324829,0.7061313986778259,0.7152494192123413,0.7116702198982239,0.7236852645874023,0.8263182044029236,0.4215274751186371,2.064077377319336,0.37462323904037476,0.555976152420044,1.8961155414581299,0.27152809500694275
308,0.0001,0.23959971219301224,0.9508214138239746,0.4871908083106532,0.8616404598980463,0.9253279184261408,10.040854930877686,0.23890261724591255,0.18915667943656445,0.1432579392567277,0.06012449227273464,0.23890261724591255,0.853377491235733,0.25469355149702594,0.43423398606704944,0.13615722954273224,0.060107871664292885,0.25469355149702594,0.8344028357303503,1.1318646669387817,0.7062178254127502,0.715983510017395,0.7113343477249146,0.7236310243606567,0.8271459341049194,0.4214150309562683,2.064899206161499,0.3749274015426636,0.5560439229011536,1.8956624269485474,0.2715185582637787
309,0.0001,0.23737987503409386,0.9508407668317173,0.4806675983197761,0.865853871207149,0.9277216943244384,9.978018045425415,0.23467297945171595,0.18986084312200546,0.14281185111030936,0.06034405343234539,0.23467297945171595,0.8582751713693142,0.26504200742100226,0.4237685907970775,0.14168583217895392,0.060368578881025314,0.26504200742100226,0.8351432319843408,1.1323541402816772,0.706440806388855,0.7166905403137207,0.7112319469451904,0.7236210107803345,0.8277736306190491,0.4202589690685272,2.0647811889648438,0.3752184808254242,0.5560460090637207,1.8953886032104492,0.271480530500412
310,0.0001,0.2348348405212164,0.9512238274883984,0.49362689979148633,0.8620311071846195,0.9254855761039732,10.693411827087402,0.23025665525346994,0.19004486314952374,0.14126195292919874,0.060766102746129036,0.23025665525346994,0.8623926788568497,0.251287990898797,0.44631190733476117,0.14228907317826242,0.06020544311313918,0.251287990898797,0.8409706010962977,1.1325801610946655,0.7064350843429565,0.7174466848373413,0.7110955119132996,0.7237860560417175,0.8285574316978455,0.4203476011753082,2.0644776821136475,0.37540575861930847,0.5551915168762207,1.894653081893921,0.27146103978157043
311,0.0001,0.23474371246993542,0.9517273116383788,0.49611490513339185,0.8611414111307996,0.9249550034615038,10.086263656616211,0.23405370861291885,0.1876490656286478,0.14348650444298983,0.060409339144825935,0.23405370861291885,0.8555342555046082,0.25260133544603985,0.44748383399212,0.14049386594331625,0.05960998650301586,0.25260133544603985,0.8388273390856656,1.1330972909927368,0.7067487239837646,0.7181051969528198,0.7114408016204834,0.7238402962684631,0.8292325139045715,0.4203350841999054,2.0638904571533203,0.3757571876049042,0.5549221038818359,1.8934905529022217,0.2714434266090393
312,0.0001,0.23050993494689465,0.9530237477475497,0.49262099193804193,0.862112888356756,0.9255502064576793,9.877753973007202,0.22903533559292555,0.18499855138361454,0.13979186117649078,0.060325996251776814,0.22903533559292555,0.8631425350904465,0.2553144404382417,0.4423327644666036,0.1361402440251726,0.05962408288861766,0.2553144404382417,0.8389255729588595,1.1333900690078735,0.7067510485649109,0.7188145518302917,0.7111504077911377,0.7237913608551025,0.8297978043556213,0.41975873708724976,2.0629985332489014,0.37614408135414124,0.554122269153595,1.8918224573135376,0.2714745104312897
313,0.0001,0.23345805052667856,0.9523077034903058,0.4932400439724778,0.8622908944501065,0.9256291109364664,10.54305386543274,0.23431358207017183,0.18391039688140154,0.14190961886197329,0.05973726813681424,0.23431358207017183,0.8552449345588684,0.25241631179144886,0.44396450664057874,0.13773482992793573,0.05987896318688537,0.25241631179144886,0.8362395781459231,1.132870078086853,0.7070367932319641,0.7194819450378418,0.7108525037765503,0.7236114740371704,0.8305137157440186,0.4198218286037445,2.062770366668701,0.37643271684646606,0.5537124276161194,1.8907394409179688,0.2715807557106018
314,0.0001,0.23136594332754612,0.9530999964109518,0.49045754382104584,0.8617912835388413,0.9253432313274736,9.785482406616211,0.2316898461431265,0.18315713852643967,0.14368295622989535,0.060548282228410244,0.2316898461431265,0.8611102513968945,0.2540129517967051,0.4376834775462295,0.13760152504299628,0.06009049702322844,0.2540129517967051,0.8373596505685286,1.1331653594970703,0.7071869373321533,0.720259964466095,0.7106178998947144,0.7230482697486877,0.8312262892723083,0.4194227457046509,2.0630533695220947,0.37666377425193787,0.5539153814315796,1.889136791229248,0.2715853154659271
315,0.0001,0.23716475628316402,0.9511484612872128,0.49940937305941724,0.8595409769555215,0.9240435710060738,9.723168134689331,0.23505841195583344,0.1917537422850728,0.14187466818839312,0.06120764114893973,0.23505841195583344,0.8568731360137463,0.2541031273025455,0.4486930433547858,0.14047035845843228,0.05989405219302033,0.2541031273025455,0.8404012340487856,1.1333794593811035,0.707344114780426,0.7209466695785522,0.7105686664581299,0.7232176661491394,0.8319218158721924,0.41910654306411743,2.063145637512207,0.3769424557685852,0.5537946820259094,1.8879642486572266,0.27150535583496094
316,0.0001,0.23003741260617971,0.9531855470146665,0.49946677775094006,0.8601117013295476,0.9244065073768926,10.101231336593628,0.22815092373639345,0.184203770942986,0.14035200234502554,0.06061767553910613,0.22815092373639345,0.8618121817708015,0.25058498617374536,0.4519761313091625,0.14297017906651352,0.060106796410047646,0.25058498617374536,0.8383181835665847,1.1333348751068115,0.70740807056427,0.7215662002563477,0.7102415561676025,0.7231680750846863,0.8325698375701904,0.418605774641037,2.0633280277252197,0.3772040605545044,0.5527347326278687,1.8863279819488525,0.27147600054740906
317,0.0001,0.22451244574040174,0.9544399271256613,0.4924570349129764,0.860514384131543,0.9246766282218901,10.060992002487183,0.22674605157226324,0.1813211515545845,0.1405052663758397,0.06128694722428918,0.22674605157226324,0.8666280955076218,0.25062298323168897,0.44174098787885724,0.13669101216576315,0.061178801186157,0.25062298323168897,0.8409225182099775,1.1336239576339722,0.7076002955436707,0.7222299575805664,0.710231602191925,0.7232612371444702,0.8332207202911377,0.41803908348083496,2.0628762245178223,0.377470999956131,0.5521776676177979,1.8854693174362183,0.2714448571205139
318,0.0001,0.2259491141885519,0.9532790276721316,0.48955236781727185,0.864059627462364,0.9266926026271157,9.92539119720459,0.22480284422636032,0.18067999184131622,0.1399018270894885,0.0610061704646796,0.22480284422636032,0.8654833473265171,0.2564943798563697,0.4400758815534187,0.14073982202645505,0.06097749270724528,0.2564943798563697,0.8394213914871216,1.1342458724975586,0.7077198624610901,0.7230055332183838,0.7100799679756165,0.7239241600036621,0.8338754177093506,0.41845405101776123,2.061784505844116,0.37761953473091125,0.5522158145904541,1.8851830959320068,0.27143585681915283
319,0.0001,0.2290010331198573,0.9530477508758567,0.4997851207400813,0.8602102599148723,0.9244469932485802,10.164543390274048,0.22775410767644644,0.18485777080059052,0.13989614602178335,0.0616140381898731,0.22775410767644644,0.8644303679466248,0.2497581640879313,0.452014502250787,0.13779294671434344,0.06142615560780872,0.2497581640879313,0.8402158058050907,1.1343743801116943,0.7077941298484802,0.7236652374267578,0.7099102139472961,0.7240009307861328,0.8345138430595398,0.4178810119628906,2.0613739490509033,0.37780019640922546,0.5516403913497925,1.8842428922653198,0.27141231298446655
320,0.0001,0.2218108857050538,0.9553926648550167,0.4970533423351519,0.8625741353161304,0.9257756406262552,9.989606857299805,0.22473864536732435,0.17722349148243666,0.1384157808497548,0.06197773152962327,0.22473864536732435,0.8690102770924568,0.26125894983609516,0.44652604334282153,0.1441348587924784,0.060540270286075996,0.26125894983609516,0.8378233295498472,1.1345078945159912,0.7081205248832703,0.7243782877922058,0.7097299695014954,0.7244052886962891,0.8351594805717468,0.4169459640979767,2.0607175827026367,0.37806522846221924,0.5513086915016174,1.883084774017334,0.2714346647262573
321,0.0001,0.233715258538723,0.9524488256228536,0.5051885996804093,0.8585776296416505,0.9234980178754115,9.84476613998413,0.23626434616744518,0.18551135528832674,0.1450251406058669,0.06065660226158798,0.23626434616744518,0.8580072484910488,0.2514051429250024,0.4582645351236517,0.13606667202530484,0.060919441621411934,0.2514051429250024,0.8379556301868323,1.1348328590393066,0.7083981037139893,0.7249913811683655,0.7095811367034912,0.7243675589561462,0.8357617855072021,0.41748636960983276,2.059610366821289,0.37823501229286194,0.5511966347694397,1.8811490535736084,0.27145645022392273
322,0.0001,0.23679923731833696,0.95134379310422,0.4998050973270879,0.8602253828404567,0.9244590281669727,10.011921167373657,0.2336267912760377,0.1903752712532878,0.14166687335819006,0.060960356844589114,0.2336267912760377,0.8596368655562401,0.25048868854840595,0.45118162668112555,0.13272891622601132,0.05992833299167229,0.25048868854840595,0.8383640538562428,1.1346131563186646,0.7086055874824524,0.7256147861480713,0.7091641426086426,0.7241182327270508,0.8364324569702148,0.4168078303337097,2.0595388412475586,0.3784016966819763,0.5512529611587524,1.8801729679107666,0.2714054584503174
323,0.0001,0.23028034251183271,0.9534893207295909,0.5000822417663805,0.8595183694249723,0.9240355732913133,9.551373720169067,0.23016458563506603,0.18540222849696875,0.14105343259871006,0.06093034381046891,0.23016458563506603,0.8642815873026848,0.2503058576222622,0.45269099781007477,0.140250526368618,0.06033592118006764,0.2503058576222622,0.8424402764349272,1.1345943212509155,0.7087624073028564,0.7262356877326965,0.7090354561805725,0.7240428924560547,0.8370576500892639,0.41565629839897156,2.0590927600860596,0.37870317697525024,0.5509582757949829,1.8787343502044678,0.27142512798309326
324,0.0001,0.2266434645280242,0.9542297100864165,0.5001161685495665,0.8598313745316061,0.9242283154574544,9.539522886276245,0.22979828156530857,0.1799996066838503,0.14189523085951805,0.06017516739666462,0.22979828156530857,0.8596260882914066,0.2536667052543525,0.4505086053501476,0.14140639702479044,0.060762724528710045,0.2536667052543525,0.841823576074658,1.1345916986465454,0.7087002992630005,0.726917564868927,0.7086060643196106,0.7239985466003418,0.8376209735870361,0.415157288312912,2.0580077171325684,0.3789830803871155,0.5503925085067749,1.8773678541183472,0.2714219391345978
325,0.0001,0.23315958119928837,0.952182687011023,0.49795567628109094,0.8606187840008095,0.924715706903971,9.945205926895142,0.23751263320446014,0.1837982153519988,0.14438888896256685,0.06014924100600183,0.23751263320446014,0.8551834858953953,0.25124570907968463,0.4511553301955714,0.1404949277639389,0.059647244147279045,0.25124570907968463,0.8401740753289425,1.1348705291748047,0.7088476419448853,0.7275633811950684,0.7085020542144775,0.7235351800918579,0.8382396101951599,0.41449272632598877,2.0579164028167725,0.3792233169078827,0.5500351786613464,1.8762459754943848,0.2712996006011963
326,0.0001,0.22468250431120396,0.954722207482149,0.496724346370408,0.859882847669103,0.9242985692393568,9.832500219345093,0.22946098912507296,0.1781027466058731,0.1405177004635334,0.06035475851967931,0.22946098912507296,0.8597465083003044,0.2507625317031687,0.4478776346553456,0.1399604140809088,0.05933566481778116,0.2507625317031687,0.8375314365733754,1.1351816654205322,0.7088478803634644,0.7282078266143799,0.7084583640098572,0.7232425808906555,0.8388748168945312,0.41453227400779724,2.0577189922332764,0.3794228732585907,0.5498908162117004,1.8753955364227295,0.2712381184101105
327,0.0001,0.22769977524876595,0.9539632911827184,0.4951576825344201,0.8624770744713542,0.9257776871710434,9.974450588226318,0.2322081308811903,0.18250085692852736,0.14378551207482815,0.06004079012200236,0.2322081308811903,0.8616474270820618,0.25247747789729724,0.4474341580362031,0.13936894409584277,0.060034106175104775,0.25247747789729724,0.8398715077024518,1.1355371475219727,0.7087381482124329,0.7288395166397095,0.7085059285163879,0.7229331731796265,0.8395290970802307,0.4149664342403412,2.057772397994995,0.37979763746261597,0.5507194995880127,1.8736579418182373,0.27135345339775085
328,0.0001,0.23290285002440214,0.9524295752464852,0.4999230440818902,0.8614968209128252,0.925187335695623,9.730942487716675,0.23605123162269592,0.18362108152359724,0.14185625361278653,0.05958365788683295,0.23605123162269592,0.8553868345916271,0.251053074092576,0.4578548073768616,0.13939400333346744,0.05950365283272483,0.251053074092576,0.8371965686480204,1.1356961727142334,0.7089160680770874,0.7294586896896362,0.7084695100784302,0.7225670218467712,0.8401124477386475,0.41432395577430725,2.057905435562134,0.38007310032844543,0.550798237323761,1.8729426860809326,0.271393746137619
329,0.0001,0.22278661094605923,0.955874145589512,0.4918749007311734,0.8640057150675473,0.9266385750701134,9.814320087432861,0.22933290991932154,0.17595249321311712,0.139953525736928,0.06013011513277888,0.22933290991932154,0.8624746277928352,0.2518285576141242,0.4454495536558556,0.1355458324154218,0.06012925912033428,0.2518285576141242,0.8387598449533636,1.1358376741409302,0.7091150283813477,0.7300543785095215,0.7084959149360657,0.7227863073348999,0.840711772441864,0.41406509280204773,2.057725191116333,0.3804355561733246,0.5503731966018677,1.8721603155136108,0.2713944613933563
330,0.0001,0.22865920700132847,0.9544266420363756,0.5053698781764868,0.8599657264376743,0.924195975458865,9.979350328445435,0.2379301367327571,0.1775222858414054,0.14235895965248346,0.05989713314920664,0.2379301367327571,0.8556881584227085,0.25458429979555536,0.454098667159225,0.13908680573557364,0.06054490657918381,0.25458429979555536,0.8380580327727578,1.136074423789978,0.7092537879943848,0.7307634949684143,0.7085034847259521,0.7225272059440613,0.8412827253341675,0.4126110076904297,2.0574288368225098,0.38068899512290955,0.5493879914283752,1.874802827835083,0.2713298201560974
331,0.0001,0.22468895837664604,0.9540959283746349,0.5154215693473816,0.8569647310773338,0.9225596731535387,10.425442695617676,0.22813554108142853,0.17522044014185667,0.14079034933820367,0.06080780830234289,0.22813554108142853,0.8627734258770943,0.2611177626884345,0.46490930156274274,0.14457015512567578,0.06068301279888009,0.2611177626884345,0.837758537494775,1.1364774703979492,0.7095280885696411,0.7313820719718933,0.7084006071090698,0.7225401997566223,0.841961145401001,0.41380417346954346,2.0574824810028076,0.3808956742286682,0.549484372138977,1.8742525577545166,0.27138298749923706
332,0.0001,0.22641550842672586,0.9537792738744506,0.5027945917664152,0.8580619523347939,0.9232478201871339,9.755584955215454,0.22867525275796652,0.18156329821795225,0.14037806261330843,0.061307202791795135,0.22867525275796652,0.8652771897614002,0.2531061745954282,0.454325536886851,0.13934018259698694,0.06101664607272004,0.2531061745954282,0.8374539505351674,1.136505365371704,0.7098027467727661,0.7319416403770447,0.7081311941146851,0.7230969071388245,0.8424911499023438,0.4143257439136505,2.0564217567443848,0.3810499310493469,0.549113392829895,1.8730735778808594,0.2713932394981384
333,0.0001,0.2272944189608097,0.9537680035424833,0.49866566874764184,0.8607214143214885,0.9247223124398165,10.410279989242554,0.23015808500349522,0.1801521573215723,0.14068184792995453,0.0603502057492733,0.23015808500349522,0.8614264689385891,0.2561696262070627,0.4477650216131499,0.13470854903712418,0.06058242217157826,0.2561696262070627,0.8381803884650721,1.1368528604507446,0.709882915019989,0.7324976921081543,0.7078136801719666,0.7231462001800537,0.8430580496788025,0.414056658744812,2.056518316268921,0.381295770406723,0.5494188666343689,1.8719505071640015,0.2714955806732178
334,0.0001,0.22780618909746408,0.9531960205374839,0.503606258016644,0.8589356992665461,0.9236754041045194,9.896966934204102,0.22924045100808144,0.18233325378969312,0.14078959915786982,0.060267227701842785,0.22924045100808144,0.859950914978981,0.25081088597124274,0.4571387460737517,0.13505608385259454,0.059753383538036636,0.25081088597124274,0.8383139895670342,1.1367076635360718,0.7101067304611206,0.7329636812210083,0.7075067758560181,0.7228947281837463,0.8435400724411011,0.41364872455596924,2.0565736293792725,0.3814850151538849,0.5491750836372375,1.8704372644424438,0.27153387665748596
335,0.0001,0.22038323991000652,0.9553685784797296,0.5045689091537938,0.8597419983100973,0.9241418646785645,9.872325658798218,0.22179768327623606,0.1774741681292653,0.1392227034084499,0.06054258323274553,0.22179768327623606,0.8703612387180328,0.2517145316709172,0.4581314000216397,0.13893578201532364,0.06061468600775256,0.2517145316709172,0.8396070292501738,1.1367135047912598,0.7101841568946838,0.7334781885147095,0.7074209451675415,0.7226296663284302,0.8440506458282471,0.41335707902908325,2.0571014881134033,0.3817315995693207,0.5487397909164429,1.8692333698272705,0.2716466784477234
336,0.0001,0.22450573276728392,0.9547455724313223,0.5029991142677538,0.8602825803573613,0.9244505534989809,10.06856894493103,0.2299572229385376,0.17743253242224455,0.13944817846640944,0.059915231075137854,0.2299572229385376,0.8614620678126812,0.2521036569819306,0.4565698667006059,0.13884052205266376,0.06110498591354399,0.2521036569819306,0.8391953399687102,1.1366677284240723,0.7104246616363525,0.7340350151062012,0.7072868347167969,0.7228248119354248,0.8445920348167419,0.4122832119464874,2.056903600692749,0.38200676441192627,0.5483230948448181,1.8684297800064087,0.2716289162635803
337,0.0001,0.21755965612828732,0.9562255606330846,0.5023832447601088,0.8597834578246105,0.9241811221534395,10.058973789215088,0.22292673401534557,0.17339059710502625,0.13799495622515678,0.06036360491998494,0.22292673401534557,0.8663353100419044,0.250461479028066,0.45665053978110803,0.13764460700930972,0.060729184385501976,0.250461479028066,0.8399843356826089,1.1368082761764526,0.7104718685150146,0.7345799207687378,0.7071166634559631,0.7228521704673767,0.8450927734375,0.4117991030216217,2.056544303894043,0.3821699619293213,0.5481672286987305,1.86754310131073,0.2715544104576111
338,0.0001,0.2314286781474948,0.9535277369389129,0.5117032238931367,0.8574297117182249,0.9228018730913664,9.792027235031128,0.23590647894889116,0.18326406925916672,0.1405101791024208,0.061350926058366895,0.23590647894889116,0.8582783527672291,0.25152351278247254,0.46139457009055396,0.1346444051825639,0.05996332543365883,0.25152351278247254,0.8359768137787328,1.1367830038070679,0.7105066180229187,0.7351471781730652,0.7070421576499939,0.7225467562675476,0.8456264138221741,0.41043686866760254,2.0577332973480225,0.3821571171283722,0.5474764704704285,1.8668733835220337,0.2714344263076782
339,0.0001,0.2230800213292241,0.9550648781688156,0.5098557273546854,0.8587959114503011,0.9235546627841446,9.847928047180176,0.23136092443019152,0.1765728648751974,0.14436038583517075,0.06012261612340808,0.23136092443019152,0.8620038442313671,0.2534685098763668,0.46003011681816797,0.13394651268467758,0.06042568950038968,0.2534685098763668,0.8400346853516318,1.137245535850525,0.7106510400772095,0.7357921600341797,0.7071006298065186,0.7227697968482971,0.8461920619010925,0.4095246195793152,2.0580360889434814,0.3823463022708893,0.5466161370277405,1.8660414218902588,0.2713565528392792
340,0.0001,0.22310056537389755,0.9545783587525045,0.5087545821160981,0.8584727291442361,0.923410188621069,9.996155500411987,0.22663728427141905,0.17698461841791868,0.139308525249362,0.06132997549138963,0.22663728427141905,0.8657086528837681,0.2519435367800973,0.4629548733884638,0.13958871454903574,0.06067551322507136,0.2519435367800973,0.8381156180844163,1.1375077962875366,0.7107532620429993,0.7363578081130981,0.7069598436355591,0.7231227159500122,0.8467710614204407,0.40966978669166565,2.0573744773864746,0.38252633810043335,0.5465195775032043,1.864859700202942,0.27137091755867004
341,0.0001,0.22322808392345905,0.9550611195583615,0.5081304971015814,0.8586960472513443,0.9235476573246668,10.371601343154907,0.22763844951987267,0.17898509185761213,0.13936914782971144,0.060797750018537045,0.22763844951987267,0.8609453924000263,0.251760693210544,0.4637749032540755,0.13618437426559854,0.060644634971112915,0.251760693210544,0.8361185084689747,1.1376585960388184,0.7110389471054077,0.7368763089179993,0.7068899869918823,0.7226731777191162,0.8472099304199219,0.40971532464027405,2.057422399520874,0.38274526596069336,0.5463326573371887,1.8640025854110718,0.27136582136154175
342,0.0001,0.22668418195098639,0.9547941872584691,0.4975210220524759,0.8616408682125655,0.9252440797875888,10.074276685714722,0.23616299964487553,0.17650442058220506,0.14343649800866842,0.06076638284139335,0.23616299964487553,0.8531390316784382,0.2499199157411402,0.45339946493957983,0.13727818858442883,0.06115133033105821,0.2499199157411402,0.837303669163675,1.1375231742858887,0.7111721038818359,0.737436830997467,0.7067194581031799,0.7221351265907288,0.8477448225021362,0.40994954109191895,2.057535409927368,0.38297924399375916,0.5461326837539673,1.8636358976364136,0.2713455557823181
343,0.0001,0.2224192852154374,0.9556479486783731,0.5007955251318036,0.8604894897361773,0.9245644936103891,10.122804641723633,0.23236476443707943,0.17384149692952633,0.14154611714184284,0.06125941011123359,0.23236476443707943,0.8588730879127979,0.25279916100429767,0.4540157950285709,0.139955715248079,0.06087121548074664,0.25279916100429767,0.8411580577041163,1.1377121210098267,0.711401104927063,0.7380672097206116,0.7066850662231445,0.7218928337097168,0.8482763767242432,0.4098081588745117,2.057295799255371,0.383130818605423,0.5452450513839722,1.8628102540969849,0.27122530341148376
344,0.0001,0.2191829141229391,0.9559190180378652,0.503749767036149,0.8592834522660355,0.9239197176367867,10.039408922195435,0.22394403535872698,0.17561613768339157,0.1392096891067922,0.06111078686080873,0.22394403535872698,0.8654888309538364,0.25118858389782184,0.45786833040642017,0.13477894754120798,0.060470149259675636,0.25118858389782184,0.8373107494729938,1.1378083229064941,0.7116042375564575,0.7386571168899536,0.7064574956893921,0.7211546897888184,0.8487884402275085,0.4096667170524597,2.057077646255493,0.38328325748443604,0.5446894764900208,1.8621113300323486,0.2712044417858124
345,0.0001,0.21845087688416243,0.9566884280252366,0.4962667642217694,0.8616409311409591,0.9252558928375805,9.548816204071045,0.2265976583585143,0.17244641948491335,0.13896305486559868,0.06134953768923879,0.2265976583585143,0.864330779761076,0.2485533645658782,0.4510022293437611,0.13721106088522708,0.06103319697307818,0.2485533645658782,0.8416308525836829,1.1379616260528564,0.7115392088890076,0.7391652464866638,0.7063800096511841,0.7211002111434937,0.8493145108222961,0.4090345799922943,2.056739330291748,0.3834264576435089,0.5439901947975159,1.861077070236206,0.27123361825942993
346,0.0001,0.23025329131633043,0.9527064097487326,0.4990444363969745,0.8616271675125164,0.9252468437794206,9.909549236297607,0.23298383317887783,0.1837335005402565,0.14034115057438612,0.060936797875911,0.23298383317887783,0.8569885119795799,0.2537581387794379,0.4524239545518702,0.1369683747038697,0.06049555878747593,0.2537581387794379,0.8409114154902372,1.1385024785995483,0.7116714119911194,0.7396216988563538,0.7064447402954102,0.7207173705101013,0.8497366309165955,0.4077814221382141,2.05617094039917,0.38364607095718384,0.5443347096443176,1.8603034019470215,0.2712123990058899
347,0.0001,0.21846661809831858,0.9562786380406845,0.504585168578408,0.8584561195890078,0.9234260483809216,9.63469386100769,0.2256288630887866,0.17338283732533455,0.13951666792854667,0.06047031469643116,0.2256288630887866,0.8654221147298813,0.25041985060229444,0.4574078158898787,0.13767316350431152,0.060226403289672104,0.25041985060229444,0.8390533761544661,1.138375163078308,0.7117878198623657,0.7400148510932922,0.7061716914176941,0.7207205891609192,0.8502249717712402,0.4073968231678009,2.055419445037842,0.38378557562828064,0.5442680716514587,1.859117865562439,0.2711790204048157
348,0.0001,0.2225245265290141,0.9558635090401336,0.4992876007701411,0.8606131881227042,0.9246665340940377,10.255710363388062,0.2290812786668539,0.1772452238947153,0.1402022633701563,0.060189222218468785,0.2290812786668539,0.8641326539218426,0.2507974234494296,0.45332482728091156,0.1343391506057797,0.06094429021080335,0.2507974234494296,0.8376666379697395,1.1382452249526978,0.7115890979766846,0.7404621243476868,0.7060024738311768,0.7204433679580688,0.8506641983985901,0.40694987773895264,2.0556955337524414,0.3839415907859802,0.5441415905952454,1.8577781915664673,0.27118903398513794
349,0.0001,0.21983323525637388,0.9554092884560211,0.49914469682809076,0.8623728679888012,0.9256642537031149,10.598713874816895,0.22741265874356031,0.17527760472148657,0.13834433257579803,0.06096623162738979,0.22741265874356031,0.8633832857012749,0.2529206230784907,0.45431314634554315,0.13696570784756631,0.061064515827280105,0.2529206230784907,0.8405245054851879,1.1384238004684448,0.7117102742195129,0.7409085035324097,0.7060088515281677,0.7203774452209473,0.851047694683075,0.4067584276199341,2.055630683898926,0.384177565574646,0.544439435005188,1.8567090034484863,0.2712363600730896
350,0.0001,0.21524388808757067,0.9577274037439137,0.49960051341490314,0.861679108838998,0.9252759616570052,10.219236373901367,0.22616012766957283,0.16729639004915953,0.13824358861893415,0.06015103845857084,0.22616012766957283,0.8640906438231468,0.2502519569613717,0.4575129467429537,0.13531447901870264,0.06007100427241036,0.2502519569613717,0.8383570223143606,1.138768196105957,0.7117023468017578,0.7414606809616089,0.7061139941215515,0.7206485271453857,0.8515663743019104,0.406684935092926,2.0550622940063477,0.38436684012413025,0.5441152453422546,1.8555727005004883,0.2712661921977997
351,0.0001,0.2203492969274521,0.9560639943385919,0.5001281219901461,0.8612835268216111,0.9250665935621141,10.225019693374634,0.23032985348254442,0.17427207715809345,0.14043971104547381,0.06071156566031277,0.23032985348254442,0.8598770387470722,0.25004196076682117,0.45717329148090247,0.13404797175616928,0.06063003093004227,0.25004196076682117,0.8380466609290151,1.138826608657837,0.7118222713470459,0.741956889629364,0.7061949968338013,0.7204340100288391,0.8520456552505493,0.4068600833415985,2.0547635555267334,0.38457468152046204,0.5437980890274048,1.8543232679367065,0.2713187634944916
352,0.0001,0.22009667288511992,0.9561465199408266,0.4997845201781302,0.8610683830882032,0.9249080277904763,10.453649520874023,0.22750077862292528,0.17366798594594002,0.13994191633537412,0.060786810237914324,0.22750077862292528,0.8624196350574493,0.2500274836113959,0.45611755053202313,0.13218284466049887,0.06050555317690878,0.2500274836113959,0.837584067474712,1.1387516260147095,0.7117916345596313,0.7424213886260986,0.7059223055839539,0.720495343208313,0.8525737524032593,0.4069966673851013,2.0548298358917236,0.3848050534725189,0.5436148047447205,1.8537570238113403,0.27130603790283203
353,0.0001,0.21513072308152914,0.9572414502203502,0.5044211799448187,0.85870900689003,0.923557204512589,10.185606956481934,0.22325589694082737,0.17014027759432793,0.1378306122496724,0.06099247862584889,0.22325589694082737,0.8677988015115261,0.2501082063624353,0.4597288045016202,0.13697488064115698,0.06020362652612455,0.2501082063624353,0.8395098953536062,1.1389532089233398,0.7120169401168823,0.7429485321044922,0.7058343291282654,0.7206276059150696,0.8530363440513611,0.40685415267944336,2.0547592639923096,0.3850122094154358,0.5439546704292297,1.8530992269515991,0.2712255120277405
354,0.0001,0.2257324606180191,0.9552351222813605,0.5016300506664045,0.8603185186508867,0.9245048554966708,11.119738340377808,0.2363730212673545,0.1764918491244316,0.14239888451993465,0.060718886787071824,0.2363730212673545,0.8564684204757214,0.25078604889638495,0.4571577057693944,0.1391150296637506,0.06047101601055174,0.25078604889638495,0.8402481042977535,1.138826847076416,0.7119749188423157,0.7433447241783142,0.705563485622406,0.7209221124649048,0.853471040725708,0.40728408098220825,2.0545835494995117,0.385139524936676,0.5441166758537292,1.8523707389831543,0.2711714506149292
355,0.0001,0.2185575421899557,0.9564867800045577,0.5011443450595393,0.8610887440315473,0.924974463912487,9.821484565734863,0.2266539577394724,0.1724466308951378,0.1394267724826932,0.060622116550803185,0.2266539577394724,0.8644450269639492,0.2526314610784704,0.45455759221857245,0.1326669856454387,0.06002093749967488,0.2526314610784704,0.8423219070290074,1.1389062404632568,0.7121016383171082,0.7438126802444458,0.7053465843200684,0.7207850217819214,0.8539116978645325,0.40697622299194336,2.054340362548828,0.38540956377983093,0.5437411665916443,1.8520358800888062,0.2711764872074127
356,0.0001,0.21249410696327686,0.9582811355278769,0.5094455832784827,0.8578819856754626,0.9231202149153458,9.74334979057312,0.22390135563910007,0.16830679308623075,0.13759388169273734,0.06059958063997328,0.22390135563910007,0.8650881722569466,0.2504815576654492,0.46418842221751355,0.1345319797595342,0.06002216470060927,0.2504815576654492,0.8413166439894474,1.1391457319259644,0.7122955918312073,0.7442909479141235,0.7053325772285461,0.7207735180854797,0.8543110489845276,0.40641093254089355,2.0538511276245117,0.3856011629104614,0.543175220489502,1.8514604568481445,0.27119991183280945
357,0.0001,0.21246288623660803,0.9574742015775385,0.4989478660352302,0.8624167582402328,0.9257202415368192,10.005489587783813,0.22197285760194063,0.1692905086092651,0.13917671190574765,0.060961201786994934,0.22197285760194063,0.8676617220044136,0.24867825797109894,0.456979976458983,0.13584196115985062,0.060676211886333695,0.24867825797109894,0.8415043010856166,1.1396456956863403,0.7123517394065857,0.7447915077209473,0.7051618695259094,0.720762312412262,0.8546855449676514,0.40611958503723145,2.05344295501709,0.38584473729133606,0.5424733757972717,1.8509666919708252,0.2712017595767975
358,0.0001,0.21567769721150398,0.956610360359864,0.5074688882538767,0.8591693442078789,0.9238631924083571,9.939147233963013,0.22488926351070404,0.1708156494423747,0.1369599923491478,0.06064889207482338,0.22488926351070404,0.8664114736020565,0.24845771446372522,0.46492885730483313,0.13389902697368103,0.06050060553984209,0.24845771446372522,0.8401644211826902,1.1397675275802612,0.7124143838882446,0.7452462315559387,0.7050182223320007,0.7205925583839417,0.855069637298584,0.40610429644584656,2.053091049194336,0.3860170841217041,0.5417125821113586,1.8505710363388062,0.27114397287368774
359,0.0001,0.21464509144425392,0.9572299678674375,0.507877868233305,0.8592402577659152,0.9239092724248071,10.295262336730957,0.2236611219123006,0.16984247043728828,0.13776458194479346,0.06040331651456654,0.2236611219123006,0.8659978769719601,0.2510660073973916,0.4640286203586694,0.137816870302865,0.06047210458553198,0.2510660073973916,0.8411299152807756,1.13961923122406,0.712521493434906,0.7456861138343811,0.7048050761222839,0.720374584197998,0.8554704189300537,0.4056848883628845,2.0527076721191406,0.3861801028251648,0.5415474772453308,1.8495805263519287,0.27117475867271423
360,0.0001,0.22738343477249146,0.95441184695423,0.5030781265461084,0.8605350164509489,0.9246186860543708,9.972660303115845,0.2374650463461876,0.1790311736986041,0.14263399317860603,0.06028824322856963,0.2374650463461876,0.8545052856206894,0.24875756375717395,0.45910603711099335,0.13168068094687027,0.060714955808538376,0.24875756375717395,0.8377319050557686,1.1398491859436035,0.7126671671867371,0.7461361885070801,0.70455402135849,0.7201966643333435,0.8559723496437073,0.40529635548591614,2.0527126789093018,0.3863414227962494,0.5413162708282471,1.8494817018508911,0.2711581587791443
361,0.0001,0.20922262966632843,0.9592973231560559,0.501909467307004,0.8616259974135514,0.92526210032179,9.759693145751953,0.22401387989521027,0.16281496081501245,0.13760332996025681,0.06024717609398067,0.22401387989521027,0.8656982146203518,0.25046163977998676,0.4596076427084027,0.13437417781714237,0.060166645907994476,0.25046163977998676,0.8385914220954432,1.1397749185562134,0.7126107215881348,0.7466010451316833,0.7044011354446411,0.7200533747673035,0.8564425706863403,0.40540799498558044,2.052661180496216,0.3864970803260803,0.5408667922019958,1.8491184711456299,0.2711915969848633
362,0.0001,0.22007806599140167,0.9556912007327646,0.5054908593495687,0.8608600904015553,0.9248451508765863,10.080649614334106,0.23006184678524733,0.17379543092101812,0.14088622387498617,0.05964204762130976,0.23006184678524733,0.864907793700695,0.25002726551258203,0.4638066544677272,0.13701068722840512,0.06026634393316327,0.25002726551258203,0.8400242418953867,1.1398097276687622,0.7126061320304871,0.7470354437828064,0.7047794461250305,0.7197896838188171,0.8568544983863831,0.4044216573238373,2.052595615386963,0.38663414120674133,0.540436327457428,1.8479770421981812,0.2711852490901947
363,0.0001,0.2129777865484357,0.9577649540938642,0.5100478782798304,0.8593153144694469,0.9239315843421178,9.729784727096558,0.22353939805179834,0.16724080964922905,0.1385432267561555,0.059895878890529275,0.22353939805179834,0.8664165996015072,0.2494475498343959,0.4690405202634407,0.13274347578937357,0.06001264048796712,0.2494475498343959,0.8397945274006237,1.1399933099746704,0.7127337455749512,0.7475583553314209,0.7046358585357666,0.7198890447616577,0.8573461771011353,0.40436795353889465,2.052382469177246,0.3868085443973541,0.540178120136261,1.847328543663025,0.27112719416618347
364,0.0001,0.20729702804237604,0.9598997568920089,0.5052154136426521,0.8602712217930876,0.9244796633387752,9.959253311157227,0.22161425091326237,0.16226754244416952,0.13580892141908407,0.060711495112627745,0.22161425091326237,0.866912841796875,0.25010988116264343,0.4618476665381229,0.13346720599766934,0.06008082921757842,0.25010988116264343,0.8408269755768053,1.1400638818740845,0.7129610776901245,0.7480329871177673,0.7046118378639221,0.7200083136558533,0.8577889204025269,0.403517484664917,2.0520875453948975,0.38702040910720825,0.539836049079895,1.8468363285064697,0.2711199223995209
365,0.0001,0.2169102942571044,0.9578809660547288,0.5077057724649255,0.8601541412215337,0.9244185630233263,10.303930044174194,0.22932951338589191,0.16871629562228918,0.13851470174267888,0.05994517868384719,0.22932951338589191,0.8631725460290909,0.2512015023014762,0.4664748022050569,0.13659040900793942,0.06005049361424013,0.2512015023014762,0.8382258198478005,1.140242576599121,0.7130863666534424,0.7484792470932007,0.704485297203064,0.7199981808662415,0.858241856098175,0.40321028232574463,2.051748037338257,0.38721325993537903,0.5394225120544434,1.8461153507232666,0.27113914489746094
366,0.0001,0.20947572775185108,0.9594770301730332,0.5138581918947625,0.8579012454842363,0.9231250045500328,9.70600152015686,0.2271207431331277,0.16185718635097146,0.13771991897374392,0.06041915761306882,0.2271207431331277,0.8650431260466576,0.25135467224048846,0.4712665875752767,0.13271859762343494,0.060381993651390076,0.25135467224048846,0.8366601394884514,1.1402264833450317,0.7131615877151489,0.7489222288131714,0.7044776678085327,0.7199552059173584,0.8586540222167969,0.4028198719024658,2.0514471530914307,0.38738855719566345,0.5396037697792053,1.8449922800064087,0.27111804485321045
367,0.0001,0.2126559829339385,0.9573461029686473,0.5112262350140195,0.8588688977323614,0.9236857750221266,9.957953453063965,0.2229447178542614,0.16868118662387133,0.13633067347109318,0.06021807878278196,0.2229447178542614,0.86768514290452,0.2506954837026018,0.4690572601376158,0.13649229795643777,0.059125719648419006,0.2506954837026018,0.840109160452178,1.139920949935913,0.7132846117019653,0.749320387840271,0.7040796875953674,0.7199428677558899,0.8590829372406006,0.4027511179447174,2.0508193969726562,0.38754206895828247,0.539351761341095,1.844349980354309,0.27107304334640503
368,0.0001,0.2141859494149685,0.9575177499130542,0.5128772999301101,0.8586159981491603,0.9235045399476927,10.118822574615479,0.22462598327547312,0.1700432226061821,0.13743887655436993,0.06042896071448922,0.22462598327547312,0.8654026687145233,0.2481666740142938,0.47131658684123645,0.13381706539428595,0.05993164229122075,0.2481666740142938,0.8411694512222753,1.140039324760437,0.7135237455368042,0.7497121095657349,0.7039356827735901,0.7197994589805603,0.859485924243927,0.40224140882492065,2.0505893230438232,0.38763919472694397,0.5392566919326782,1.8435699939727783,0.2710537910461426
369,0.0001,0.2133475448936224,0.9586672577136767,0.5081396175153328,0.859903156272218,0.9242532611372044,10.400325298309326,0.23054536990821362,0.16351508721709251,0.14104393031448126,0.059771515894681215,0.23054536990821362,0.8601249605417252,0.24812248891050165,0.4672656411474401,0.13255718079480258,0.05951234483809182,0.24812248891050165,0.8416731754938761,1.1399110555648804,0.7136819958686829,0.7502041459083557,0.7038907408714294,0.7198271155357361,0.8599855303764343,0.40248212218284607,2.0505287647247314,0.38792747259140015,0.5396087765693665,1.8433676958084106,0.2710963189601898
370,0.0001,0.21003042813390493,0.9594407949537377,0.5112523671352502,0.8581008962393476,0.9232053988912752,10.160932302474976,0.22655063960701227,0.16346095316112041,0.13807489769533277,0.0595669022295624,0.22655063960701227,0.8626250214874744,0.2487775127996098,0.4673842652277513,0.13472416793758218,0.060080666772343895,0.2487775127996098,0.8411736705086448,1.1398987770080566,0.7140229940414429,0.7506300806999207,0.7038847208023071,0.7198361754417419,0.8603996634483337,0.40244045853614807,2.0504024028778076,0.3881723880767822,0.539686381816864,1.8425672054290771,0.27109095454216003
371,0.0001,0.21495456155389547,0.9574158430526103,0.5136179147344647,0.8584889569752735,0.9234472733218163,10.20008897781372,0.23052588570863008,0.1670007575303316,0.14192144852131605,0.05962377227842808,0.23052588570863008,0.8600767552852631,0.24911827074758935,0.47209508310664783,0.13547845139647974,0.05967353735909318,0.24911827074758935,0.8397383057709896,1.1399401426315308,0.7141655087471008,0.7511002421379089,0.7038820385932922,0.7198020815849304,0.8608275055885315,0.40279465913772583,2.050133466720581,0.3883518576622009,0.5391797423362732,1.8417912721633911,0.27105337381362915
372,0.0001,0.2152924109250307,0.9570922200018019,0.5101639664534366,0.8590347968219616,0.9237841922991019,11.608667612075806,0.226878821849823,0.16840677242726088,0.1394197717308998,0.06030838890001178,0.226878821849823,0.8644516505300999,0.2494477295514309,0.46767647699876264,0.13360464776104147,0.059442825954068794,0.2494477295514309,0.8407885721235564,1.1400861740112305,0.7141191959381104,0.7514967918395996,0.7038573622703552,0.7193992137908936,0.8612003922462463,0.40249934792518616,2.0500450134277344,0.3885561525821686,0.5391784906387329,1.8411952257156372,0.2710721790790558
373,0.0001,0.20779094379395247,0.9600301525546825,0.5022316006096926,0.8610767167685808,0.9249631993395416,12.927443265914917,0.2276461385190487,0.15939762257039547,0.13930283254012465,0.05913586798124015,0.2276461385190487,0.8637752383947372,0.2497893644101692,0.4586570786707329,0.13313023429928403,0.059698079797354614,0.2497893644101692,0.8419561801534711,1.1404310464859009,0.7143101692199707,0.7519111037254333,0.7039688229560852,0.7191101312637329,0.8615803122520447,0.40197089314460754,2.049678087234497,0.3887152075767517,0.5389639735221863,1.8403825759887695,0.27108073234558105
374,0.0001,0.20771310664713383,0.9596196665990636,0.5082825756434238,0.8593699046445408,0.9239737861230938,10.345405101776123,0.22296056896448135,0.16100090648978949,0.13754453510046005,0.060049483785405755,0.22296056896448135,0.8651848919689655,0.2539476887746291,0.4633556261207118,0.131929002476461,0.05947155697327672,0.2539476887746291,0.8387855092684428,1.1405853033065796,0.7144778370857239,0.7523650527000427,0.7039355635643005,0.7189417481422424,0.8619518280029297,0.40152212977409363,2.049161911010742,0.38882458209991455,0.5386147499084473,1.838935136795044,0.27109113335609436
375,0.0001,0.21377370692789555,0.9586293693984365,0.509579413768017,0.8588870185924532,0.9237015185604616,10.204957723617554,0.2323757093399763,0.16473224572837353,0.13829401787370443,0.060430354438722134,0.2323757093399763,0.8598236404359341,0.2506824831167857,0.466943287488186,0.13488087261264975,0.05954911695285277,0.2506824831167857,0.8398708339893457,1.1407285928726196,0.7144842743873596,0.7528172135353088,0.7038282752037048,0.7187021374702454,0.8623270392417908,0.40157371759414673,2.0488033294677734,0.3889172673225403,0.5381449460983276,1.8377820253372192,0.2710557281970978
376,0.0001,0.2074029315263033,0.9594227170794745,0.5162438452243805,0.8576744831794932,0.9229914903363596,10.341261863708496,0.22414320521056652,0.1616156715899706,0.13842726219445467,0.060723734786733985,0.22414320521056652,0.8666987270116806,0.2506414976986972,0.4758560224012895,0.13496844267303293,0.05946435621290496,0.2506414976986972,0.8375886299393394,1.1408123970031738,0.7144980430603027,0.753339409828186,0.7038061618804932,0.7187530398368835,0.8627528548240662,0.40058860182762146,2.0483126640319824,0.3890928626060486,0.5377845168113708,1.8371416330337524,0.2710404098033905
377,0.0001,0.20734613668173552,0.9590019310807418,0.506707121928533,0.8605730323020299,0.9246825504151392,9.77585482597351,0.22093615774065256,0.16289959102869034,0.1362705584615469,0.05963601008988917,0.22093615774065256,0.8704132027924061,0.25171022297758044,0.46463869376616046,0.1350246383385225,0.05944569126674623,0.25171022297758044,0.8407069047292074,1.1409541368484497,0.714601457118988,0.7537456750869751,0.7037125825881958,0.7189098000526428,0.8631525635719299,0.4000001847743988,2.0479493141174316,0.38928744196891785,0.537632405757904,1.836648941040039,0.2710534632205963
378,0.0001,0.19933494459837675,0.9628404583565973,0.5117356235330756,0.8582385347161728,0.9233170218744157,10.079891443252563,0.2187796477228403,0.15182981826364994,0.13529696268960834,0.060365698765963316,0.2187796477228403,0.8727863281965256,0.24915258902491946,0.46835199720931775,0.13437557942939526,0.05978000378518394,0.24915258902491946,0.8393712603684628,1.141196846961975,0.7148006558418274,0.7541179656982422,0.7037197351455688,0.7186881899833679,0.8635788559913635,0.3993479609489441,2.047487258911133,0.3894476890563965,0.5373436808586121,1.835757851600647,0.27101805806159973
379,0.0001,0.21828968729823828,0.9570296315219757,0.5081615375749993,0.8598831146963666,0.9242641105857333,9.911633729934692,0.2336979079991579,0.17191300448030233,0.14216024847701192,0.059967040084302425,0.2336979079991579,0.8589538261294365,0.2505386160178618,0.4661101825309522,0.13109060738122824,0.06051733909231244,0.2505386160178618,0.8412267818595424,1.1413390636444092,0.7148875594139099,0.7545550465583801,0.7034960985183716,0.7187582850456238,0.8640172481536865,0.3994506597518921,2.0467989444732666,0.3896411061286926,0.5373005270957947,1.8345928192138672,0.27097782492637634
380,0.0001,0.2091027107089758,0.9594308887759859,0.5066441017569918,0.8613161971606456,0.9250742505176708,9.96105670928955,0.2276322552934289,0.1623131399974227,0.13893968798220158,0.06013404717668891,0.2276322552934289,0.862680371850729,0.25184330118424963,0.46515429200548114,0.13428555158051578,0.06031607339779536,0.25184330118424963,0.8375272407676234,1.1414097547531128,0.7149272561073303,0.7549924254417419,0.7033382058143616,0.7186428308486938,0.8644201159477234,0.39967215061187744,2.0464046001434326,0.3897426128387451,0.5366865396499634,1.833742618560791,0.27094221115112305
381,0.0001,0.20959795452654362,0.9590146834607258,0.5113129200357379,0.8597354965107944,0.9241904331910528,10.016103982925415,0.2267988407984376,0.164085921831429,0.13668871577829123,0.06008599838241935,0.2267988407984376,0.863255899399519,0.25120744515549054,0.4698083427819339,0.1381717107512734,0.060139306002494064,0.25120744515549054,0.8404506968729424,1.1412814855575562,0.7151526808738708,0.7553797364234924,0.7032240629196167,0.7185311317443848,0.8647609949111938,0.3993194103240967,2.046025276184082,0.38992199301719666,0.5361739993095398,1.8331377506256104,0.271017849445343
382,0.0001,0.2048532422631979,0.9601569694755032,0.5093844253005404,0.8607595674862504,0.9247716577665197,11.129080295562744,0.22219690307974815,0.158705098554492,0.13780876155942678,0.06020649545826018,0.22219690307974815,0.8675591498613358,0.2517458778439146,0.4682283473737312,0.1381862195152225,0.060111562636765564,0.2517458778439146,0.838809092839559,1.1414755582809448,0.7151358127593994,0.7557443976402283,0.7030891180038452,0.7185952067375183,0.8651317358016968,0.39938876032829285,2.045879364013672,0.39008206129074097,0.5360255837440491,1.8327187299728394,0.2709738314151764
383,0.0001,0.2084880480542779,0.9596388605967322,0.5081975315556382,0.8607847718258089,0.9247874873491347,9.96652889251709,0.22911471780389547,0.16115842945873737,0.13776705507189035,0.0600998904556036,0.22911471780389547,0.859976664185524,0.24937171963128177,0.46831785368196893,0.1378959616025289,0.06057215256221367,0.24937171963128177,0.8410405047012098,1.1415441036224365,0.715346097946167,0.7561623454093933,0.7031047344207764,0.7184540033340454,0.8654886484146118,0.39895662665367126,2.0456807613372803,0.39027196168899536,0.5356916785240173,1.8322868347167969,0.2709861099720001
384,0.0001,0.2116844253614545,0.9586708121630838,0.5131544109546777,0.8596830296666053,0.9241417044017185,10.746196031570435,0.2288256986066699,0.16434612032026052,0.13993568066507578,0.060432008700445294,0.2288256986066699,0.8649714887142181,0.24869407848878342,0.4729372669350017,0.1327906779267571,0.060318050172292824,0.24869407848878342,0.8404802210403212,1.141687035560608,0.7154604196548462,0.7566134929656982,0.7029527425765991,0.7186514139175415,0.8658870458602905,0.3988713026046753,2.0451419353485107,0.3905125558376312,0.5351125597953796,1.8315247297286987,0.2709772288799286
385,0.0001,0.20095021184533834,0.9613226697423507,0.5131336983406183,0.8591901666459056,0.9238298210319383,10.441202402114868,0.21968603320419788,0.15551894716918468,0.13533796835690737,0.06117157218977809,0.21968603320419788,0.8690322749316692,0.2499937288688891,0.47249091574639984,0.13392797722057861,0.06003327453226754,0.2499937288688891,0.841206897388805,1.1419353485107422,0.7155345678329468,0.7569886445999146,0.703154981136322,0.7183959484100342,0.866253674030304,0.39836570620536804,2.044832944869995,0.39067864418029785,0.534559428691864,1.8301596641540527,0.2709563970565796
386,0.0001,0.20165921561419964,0.9618419584710088,0.5106612769040194,0.859871863808863,0.9242361104185548,10.420939922332764,0.22053241450339556,0.15581949474290013,0.13611219637095928,0.061213012086227536,0.22053241450339556,0.8703278601169586,0.25062075076681195,0.46797250527324097,0.13638236125310263,0.060142716336430924,0.25062075076681195,0.8422274029616154,1.1421175003051758,0.7156652808189392,0.7573944330215454,0.7031434774398804,0.7182250618934631,0.8666841387748718,0.3986393213272095,2.044461250305176,0.39088544249534607,0.5342334508895874,1.829293131828308,0.27091407775878906
387,0.0001,0.2079108413308859,0.9601164772489905,0.5156235929691431,0.8586139804001984,0.9234923536705936,10.021045446395874,0.2272354792803526,0.16176447551697493,0.1375722223892808,0.05956897768191993,0.2272354792803526,0.8607939258217812,0.2495835996938474,0.47347233963735175,0.1356627954678102,0.06000468462254062,0.2495835996938474,0.8418131362308156,1.142360806465149,0.7158176302909851,0.7577972412109375,0.7031956315040588,0.7179028987884521,0.867064893245697,0.39910051226615906,2.044215440750122,0.3910650908946991,0.5341696739196777,1.8282498121261597,0.27086225152015686
388,0.0001,0.20147779397666454,0.9619468149036474,0.5129677382382479,0.8594561754747165,0.9239876632604912,10.18660044670105,0.22255547251552343,0.15370909217745066,0.13591312896460295,0.060149858705699444,0.22255547251552343,0.8672333993017673,0.24915575303814627,0.4706976495005868,0.13449708756172296,0.05975035589301225,0.24915575303814627,0.8423336744308472,1.142295479774475,0.7159827351570129,0.758129894733429,0.7030547261238098,0.7175548076629639,0.8674564957618713,0.3986441493034363,2.0440399646759033,0.39125534892082214,0.5339682102203369,1.8273868560791016,0.2708549201488495
389,0.0001,0.20166140235960484,0.9607103588806866,0.5181731960990212,0.8577794702290366,0.9230396776834675,10.160191535949707,0.2171347551047802,0.15862386859953403,0.13440465880557895,0.06038888613693416,0.2171347551047802,0.8716345876455307,0.24997221836538025,0.4753419937509479,0.131359917873686,0.059276774525642395,0.24997221836538025,0.840773551753073,1.1424622535705566,0.7161650061607361,0.7585530281066895,0.702873706817627,0.7175240516662598,0.8677883148193359,0.3982435464859009,2.0435140132904053,0.39136454463005066,0.5335766077041626,1.8264974355697632,0.2707787752151489
390,0.0001,0.20404303632676601,0.9602846283688163,0.5122337702548865,0.859763124172276,0.9241867959419832,10.299389839172363,0.21977710258215666,0.16121370438486338,0.13415849022567272,0.05985801783390343,0.21977710258215666,0.868216011673212,0.25080037252469495,0.4709695685993541,0.1335177089680325,0.05973137474872849,0.25080037252469495,0.8406031529108683,1.1425336599349976,0.7162380814552307,0.7589528560638428,0.7026471495628357,0.7174626588821411,0.8681665062904358,0.3983178734779358,2.043100118637085,0.3914848268032074,0.5335670113563538,1.8258554935455322,0.27076128125190735
391,0.0001,0.21054037008434534,0.9586441612264724,0.5157460516149347,0.8599353875822693,0.9242905007030523,10.011618375778198,0.22899215575307608,0.16390544269233942,0.13921611569821835,0.05992938415147364,0.22899215575307608,0.8604904115200043,0.24911394263758804,0.4768335728934317,0.1351177663062558,0.05927482958544384,0.24911394263758804,0.8395985220417832,1.1424739360809326,0.7163791060447693,0.7593262195587158,0.7024456262588501,0.7176182866096497,0.8685094118118286,0.39807072281837463,2.042778968811035,0.3916606307029724,0.5335211157798767,1.825336217880249,0.270719051361084
392,0.0001,0.2034720629453659,0.9609977551597241,0.5133638725136266,0.8603577247228561,0.924543659762533,10.696596622467041,0.22145720664411783,0.15778599679470062,0.13676145253702998,0.060130138183012605,0.22145720664411783,0.8701109550893307,0.2490974556316029,0.47419800360997516,0.13248552472302408,0.060012156426003486,0.2490974556316029,0.8404537204540137,1.1424883604049683,0.7164813876152039,0.7597212791442871,0.7022972106933594,0.7173921465873718,0.8688532114028931,0.3981727063655853,2.042579174041748,0.39185553789138794,0.5332626700401306,1.8243154287338257,0.2706913352012634
393,0.0001,0.20629999320954084,0.9601354496671209,0.5099804825855024,0.8614470201061106,0.9251713495448464,9.743862867355347,0.22363591101020575,0.16089357901364565,0.13730627298355103,0.05928817251697183,0.22363591101020575,0.8666967451572418,0.250761324709112,0.4696777101719018,0.1338096954154246,0.05981601571494883,0.250761324709112,0.8387815536874713,1.14261794090271,0.7166509032249451,0.7601462006568909,0.7021903991699219,0.7171323299407959,0.8691549897193909,0.3973701596260071,2.0423245429992676,0.39203521609306335,0.5331596732139587,1.823485016822815,0.27072906494140625
394,0.0001,0.21844024769961834,0.9565206359142002,0.5158900347622958,0.8592345244116979,0.9238661066441216,9.976468563079834,0.23951727524399757,0.16632109135389328,0.14170984830707312,0.05977032985538244,0.23951727524399757,0.8496527373790741,0.2506296553395011,0.4754653356292031,0.1336622599399451,0.05963891552704753,0.2506296553395011,0.8408479437683568,1.1427600383758545,0.7167079448699951,0.7605687975883484,0.701966404914856,0.7170112729072571,0.8695804476737976,0.39785727858543396,2.0425472259521484,0.39231428503990173,0.5331013798713684,1.8230209350585938,0.27068275213241577
395,0.0001,0.20605263486504555,0.9598118117491592,0.517723666899132,0.8586935664109719,0.9235353350767538,10.1365225315094,0.2272898806259036,0.16014171857386827,0.13914196006953716,0.05968570779077709,0.2272898806259036,0.8623399324715137,0.2502796749273936,0.47700114864291565,0.13065117823355127,0.05953020184780612,0.2502796749273936,0.8377727432684465,1.1427780389785767,0.7167808413505554,0.7609490156173706,0.7018494606018066,0.7170259356498718,0.8699027299880981,0.39753514528274536,2.0424492359161377,0.39243265986442566,0.5329305529594421,1.8228780031204224,0.2706667184829712
396,0.0001,0.20247667655348778,0.961861788080268,0.5141524067430785,0.858675378704088,0.9235420313454965,10.236053705215454,0.22738100308924913,0.1539547359570861,0.13755158567801118,0.060218099039047956,0.22738100308924913,0.861428014934063,0.24920327555049548,0.4722690320376194,0.13186581884369705,0.05964069203896956,0.24920327555049548,0.8412053747610613,1.142948031425476,0.7168163061141968,0.7613857388496399,0.7016264796257019,0.7169581055641174,0.8702739477157593,0.397151917219162,2.042245864868164,0.39256343245506287,0.5322796702384949,1.822000503540039,0.2706298828125
397,0.0001,0.20346534345299006,0.9605389952304151,0.5122235164497838,0.8604437999518577,0.9245977625920724,10.256025314331055,0.22170825861394405,0.15828730911016464,0.13676787493750453,0.061045736307278275,0.22170825861394405,0.8682794719934464,0.25552664200464886,0.4703986229318561,0.13392561854738178,0.058888221328908745,0.25552664200464886,0.8382544029842723,1.1430327892303467,0.7170546650886536,0.761824369430542,0.701521098613739,0.7170788049697876,0.8705889582633972,0.39641517400741577,2.041640281677246,0.3926948010921478,0.5318260192871094,1.8210707902908325,0.27061745524406433
398,0.0001,0.20604639872908592,0.9595582899061994,0.5183284264622312,0.8585224992833254,0.9234745659329775,10.510358810424805,0.22651983611285686,0.1587757831439376,0.13603663351386786,0.05994861572980881,0.22651983611285686,0.8659554310142994,0.25150561332702637,0.4791311170115615,0.13405407784563123,0.05939924276687882,0.25150561332702637,0.8378161589304606,1.1431559324264526,0.7170551419258118,0.7621553540229797,0.701488733291626,0.716889500617981,0.8709216713905334,0.39548996090888977,2.0416319370269775,0.39275142550468445,0.5316011309623718,1.820296287536621,0.27061140537261963
399,0.0001,0.2111038388684392,0.9585462950236922,0.5173029628666964,0.8592803179756634,0.9239104775310595,10.335613250732422,0.2293196376413107,0.1624492583796382,0.13932433165609837,0.060150603763759136,0.2293196376413107,0.8629134148359299,0.25121946587707056,0.4784209177349553,0.13374783301895316,0.06013086551066601,0.25121946587707056,0.8382040244160276,1.1432337760925293,0.7169994711875916,0.7625203132629395,0.7012993097305298,0.7166321873664856,0.8712761998176575,0.39540883898735046,2.0418167114257812,0.3929044306278229,0.531276524066925,1.819914698600769,0.27059972286224365
