epoch,lr,loss,iou,val_loss,val_iou,val_dice,epoch_sec,train_ctrl,train_foc,train_ma_mean,train_rho_std,train_ctrl_bce,train_cell_iou,val_ctrl,val_foc,val_ma_mean,val_rho_std,val_ctrl_bce,val_cell_iou,norm_route1_wc,norm_route1_wa,norm_route1_beta,norm_route2_wc,norm_route2_wa,norm_route2_beta,norm_route3_wc,norm_route3_wa,norm_route3_beta,norm_route4_wc,norm_route4_wa,norm_route4_beta
0,0.0001,1.238155573606491,0.40668161349279824,1.2736663312622996,0.07556358963592368,0.13998236907686568,73.96046352386475,0.693016491830349,0.4786181915551424,0.5010652989149094,0.0005481000057443453,0.693016491830349,0.17136570904403925,0.6931927637620405,0.4934608412511421,0.5007297956582272,7.478502084268257e-05,0.6931927637620405,0.0,0.025882355868816376,0.023317962884902954,0.008181359618902206,0.042575616389513016,0.03686641901731491,0.009017319418489933,0.0752192959189415,0.07719982415437698,0.011521156877279282,0.07757090032100677,0.07879716157913208,0.010299336165189743
1,0.0001,1.1189174354076385,0.5889859778239324,1.2390852335727576,0.5288813935015868,0.6898137641646166,10.527158737182617,0.6921155191957951,0.4408440664410591,0.5058099366724491,0.002423249985440634,0.6921155191957951,0.4578724820166826,0.6931468085809187,0.49662168820699054,0.5034917520754265,0.0008781356137302337,0.6931468085809187,0.4951778063268373,0.04878554865717888,0.04475104808807373,0.01874437741935253,0.07135745137929916,0.061420902609825134,0.017691953107714653,0.10966823995113373,0.11707980930805206,0.01759275607764721,0.10094135999679565,0.10414497554302216,0.013465307652950287
2,0.0001,1.056242473423481,0.6314387348677198,1.2259614539868904,0.5288890491943832,0.6898204305204998,9.578807830810547,0.6898666396737099,0.41834876127541065,0.5097211822867393,0.004570789184072055,0.6898666396737099,0.5250595305114985,0.692918492086006,0.5160578128063318,0.5050259340893138,0.0019022157189972472,0.692918492086006,0.5259108751109152,0.06972876936197281,0.06420115381479263,0.029471199959516525,0.09504687041044235,0.08298474550247192,0.026782210916280746,0.13968044519424438,0.15560415387153625,0.022465527057647705,0.11723253130912781,0.12396956980228424,0.015949176624417305
3,0.0001,1.0031083784997463,0.6633493130060406,1.2208315820404978,0.5288890491943832,0.6898204305204998,10.374437808990479,0.6860055960714817,0.4035021960735321,0.512295238673687,0.006505539669888094,0.6860055960714817,0.5519335549324751,0.692722858804645,0.5185904484806638,0.5056293498386036,0.0034941913926917496,0.692722858804645,0.5260723422874104,0.0876987874507904,0.0831017717719078,0.039045821875333786,0.11522097885608673,0.10419928282499313,0.034989386796951294,0.16542671620845795,0.19297456741333008,0.026243826374411583,0.13387924432754517,0.14421126246452332,0.019585993140935898
4,0.0001,0.9748402759432793,0.6735308923531381,1.2243997111464993,0.5218170973219444,0.6839325436388672,10.690475225448608,0.6803831495344639,0.3908491227775812,0.5142294988036156,0.008789264364168048,0.6803831495344639,0.5666821412742138,0.6921329642787124,0.49211649280605896,0.5060976310209795,0.004045169744076151,0.6921329642787124,0.5260101475498893,0.10301193594932556,0.1021900624036789,0.04685743525624275,0.1320466846227646,0.1253102868795395,0.0419803261756897,0.18756814301013947,0.24567873775959015,0.030964389443397522,0.14958691596984863,0.16585202515125275,0.022761693224310875
5,0.0001,0.9326516054570675,0.7106146811594088,1.1687459114826086,0.5115180910067048,0.6744176794541183,9.533991575241089,0.6729333698749542,0.3791484199464321,0.5137225650250912,0.011024898150935769,0.6729333698749542,0.5850903429090977,0.6900674863295122,0.48359102642897406,0.5043313611637462,0.005494089359699777,0.6900674863295122,0.5263679731975902,0.11695742607116699,0.11854109168052673,0.054310623556375504,0.14653462171554565,0.1422753781080246,0.049561843276023865,0.2039387971162796,0.2840420603752136,0.034744150936603546,0.16302351653575897,0.18375450372695923,0.026303837075829506
6,0.0001,0.9077575244009495,0.7270964456114747,1.0641337524760852,0.5716264968921813,0.724077455956502,9.733233213424683,0.6647358238697052,0.37186771258711815,0.5103750005364418,0.01233282993780449,0.6647358238697052,0.5895588900893927,0.6829948858781294,0.4460814721656568,0.503824942039721,0.00892917862669988,0.6829948858781294,0.534580341794274,0.1302899718284607,0.13542577624320984,0.061592623591423035,0.15996550023555756,0.15902353823184967,0.05773727223277092,0.2171541303396225,0.32593849301338196,0.03815166652202606,0.1758682131767273,0.20378826558589935,0.029825439676642418
7,0.0001,0.8875015638768673,0.7407443861293486,1.0647430817286174,0.5456907829626632,0.7036078846582648,9.547796726226807,0.6555717773735523,0.3665222693234682,0.5065308511257172,0.013748024532105774,0.6555717773735523,0.6034992262721062,0.6773622704274727,0.42388821190053766,0.4999390515414151,0.010936340740458532,0.6773622704274727,0.5415646334489187,0.14242370426654816,0.1509111374616623,0.06811432540416718,0.1727321594953537,0.1722656637430191,0.06488148123025894,0.22969593107700348,0.36098596453666687,0.041598785668611526,0.1858312487602234,0.21946482360363007,0.032170217484235764
8,0.0001,0.8653796203434467,0.7514470392110841,0.988859848542647,0.6327960719270211,0.7717793158236593,9.290587902069092,0.6439031548798084,0.3612972144037485,0.5009993929415941,0.015288594353478402,0.6439031548798084,0.6199003495275974,0.669123396728978,0.40380154143680225,0.49877485542586353,0.012131214790949316,0.669123396728978,0.5640615288055304,0.15401867032051086,0.16764278709888458,0.07444915920495987,0.184256911277771,0.18893124163150787,0.07190480083227158,0.24040351808071136,0.4093751609325409,0.04428906738758087,0.1966063380241394,0.24085035920143127,0.03485102951526642
9,0.0001,0.8544456660747528,0.7593030543817516,1.0429938489740544,0.5787808038983223,0.728802692432899,9.31334900856018,0.6333780214190483,0.36167680844664574,0.49468797259032726,0.017142523312941194,0.6333780214190483,0.6329244785010815,0.6658964915709062,0.41894382419008197,0.49530852653763513,0.012579468220020786,0.6658964915709062,0.5603894031409061,0.16445861756801605,0.182218536734581,0.08028941601514816,0.19461919367313385,0.2021019607782364,0.07904236018657684,0.2507019639015198,0.45296892523765564,0.04715082794427872,0.20840680599212646,0.25875934958457947,0.03830492123961449
10,0.0001,0.8386466279625893,0.7694636307220379,1.0303567539561878,0.5883895401209684,0.7401433627159983,10.008273601531982,0.6220314800739288,0.3592703938484192,0.4875302165746689,0.01734373439103365,0.6220314800739288,0.6307253614068031,0.6597115776755593,0.42094914479689166,0.4962758765076146,0.012229760290321075,0.6597115776755593,0.5849590220234611,0.1750209927558899,0.19779007136821747,0.08600953966379166,0.20552958548069,0.21582040190696716,0.08605668693780899,0.2617137134075165,0.5041396021842957,0.050742506980895996,0.21776409447193146,0.27596157789230347,0.04063955694437027
11,0.0001,0.8214821629226208,0.7754229955214949,0.9850642392129609,0.6277676926140318,0.7674297439192775,9.08509635925293,0.6121672689914703,0.34475888684391975,0.480603963136673,0.020106920739635825,0.6121672689914703,0.6370960623025894,0.6589567589037346,0.3981346000324596,0.4765724774562951,0.013773951538358673,0.6589567589037346,0.5505017340183258,0.18509535491466522,0.2125992774963379,0.091377392411232,0.21812033653259277,0.22754138708114624,0.09288595616817474,0.271194726228714,0.5425638556480408,0.05397065728902817,0.22846966981887817,0.30019640922546387,0.04528232663869858
12,0.0001,0.8173195645213127,0.7725450569931392,0.9451762473944462,0.6791462024454826,0.8066261726642605,9.969864130020142,0.6009243652224541,0.3542343322187662,0.4745315704494715,0.020913433632813394,0.6009243652224541,0.6467854604125023,0.6481483885736177,0.39524596026449493,0.4890922181534045,0.01345430469761292,0.6481483885736177,0.6041107493819613,0.19547465443611145,0.22854509949684143,0.09684440493583679,0.227143332362175,0.24131116271018982,0.09822612255811691,0.2815437912940979,0.6002894639968872,0.05746205523610115,0.2392495572566986,0.3257858157157898,0.04957636445760727
13,0.0001,0.789921972900629,0.7936371153377979,1.0622416698571406,0.5160210325843657,0.6798917862510896,9.130520582199097,0.5881035700440407,0.3453783877193928,0.46677577681839466,0.023411625530570745,0.5881035700440407,0.6583458408713341,0.639653848879265,0.41978141394528473,0.47611236120715283,0.01667728562923995,0.639653848879265,0.5869232289718859,0.20538270473480225,0.24503424763679504,0.10238784551620483,0.23773443698883057,0.25659653544425964,0.10479214787483215,0.28969934582710266,0.639132559299469,0.059491511434316635,0.24658113718032837,0.3478548228740692,0.05222495272755623
14,0.0001,0.7905910573899746,0.7909156441789094,0.9239571166760994,0.7120339295355234,0.8305116003838557,9.409302473068237,0.5796274580061436,0.3520101457834244,0.4586217198520899,0.02420229755807668,0.5796274580061436,0.6574307568371296,0.6399802511388605,0.3867735104127364,0.46443865696589154,0.01521105533747962,0.6399802511388605,0.5777827727072167,0.2141597419977188,0.26090431213378906,0.10749159753322601,0.246761292219162,0.27226608991622925,0.11024575680494308,0.29672476649284363,0.6713123321533203,0.06150667369365692,0.25369006395339966,0.366876482963562,0.0547916442155838
15,0.0001,0.765966396778822,0.8053752147119366,0.913039890202609,0.7054921583707776,0.8253173077011285,9.53882098197937,0.5664937533438206,0.34180976264178753,0.450957078486681,0.026805475121363997,0.5664937533438206,0.671293381601572,0.6399811108907064,0.38808032960602734,0.47028035377011157,0.01616231877018105,0.6399811108907064,0.5843907856579983,0.2236335426568985,0.27610698342323303,0.11264586448669434,0.25719887018203735,0.2885899543762207,0.11648409813642502,0.3044927716255188,0.718829333782196,0.06378085911273956,0.2620190680027008,0.3966462314128876,0.059521496295928955
16,0.0001,0.7443057633936405,0.8198079997975176,0.9042205593802712,0.7172714410674815,0.8335602508308142,9.477220296859741,0.5533776208758354,0.3330582045018673,0.44250393845140934,0.028393465792760253,0.5533776208758354,0.6879732236266136,0.6497924327850342,0.39423997835679486,0.43663515556942334,0.01685861831135822,0.6497924327850342,0.5413001477718353,0.23268625140190125,0.2880113124847412,0.11813860386610031,0.2669602930545807,0.29958972334861755,0.12338743358850479,0.31106579303741455,0.7454632520675659,0.06550075858831406,0.268659383058548,0.4159100651741028,0.06162036582827568
17,0.0001,0.7411281913518906,0.8123290454841844,0.914869380719734,0.6936677370127707,0.817920549168607,9.996042966842651,0.5418334044516087,0.33673967979848385,0.43190973810851574,0.02913711394648999,0.5418334044516087,0.6852093003690243,0.6300693208521063,0.38772362199696625,0.47418500076640735,0.01619261136334954,0.6300693208521063,0.6001652397892692,0.24238359928131104,0.3003115653991699,0.12372825294733047,0.27496978640556335,0.31113433837890625,0.128774493932724,0.3160196542739868,0.769163966178894,0.06671708822250366,0.27565470337867737,0.43389764428138733,0.06513099372386932
18,0.0001,0.7441827692091465,0.8015617040176405,0.9129396424149022,0.6850971722855885,0.8113535591157589,9.432785034179688,0.5318473540246487,0.3415517471730709,0.42518898099660873,0.029972403775900602,0.5318473540246487,0.692663986235857,0.6430419286092123,0.3803604823170286,0.4371376633644104,0.016400966736854927,0.6430419286092123,0.5561709611704855,0.2516271770000458,0.3100040555000305,0.12854278087615967,0.28443074226379395,0.32084929943084717,0.13360866904258728,0.3252626061439514,0.796483039855957,0.07098948210477829,0.2841126322746277,0.46261167526245117,0.06782995909452438
19,0.0001,0.7149998173117638,0.8284713044265963,0.9092042590632583,0.7049302797432736,0.8255108121505216,9.689629316329956,0.5192907266318798,0.3336578756570816,0.4156415984034538,0.033197414595633745,0.5192907266318798,0.704389289021492,0.6307789412411776,0.38344720999399823,0.4524393749959541,0.016368316599365437,0.6307789412411776,0.5900185379115018,0.2607303261756897,0.3187418282032013,0.1336306780576706,0.29340970516204834,0.32788437604904175,0.13872744143009186,0.33159929513931274,0.8131930828094482,0.0726204514503479,0.2915209233760834,0.4833836853504181,0.06995292752981186
20,0.0001,0.7104634307324886,0.8298874152786389,0.9145962469505541,0.6898484929288383,0.8140680003514436,9.897440671920776,0.5133477170020342,0.3329532705247402,0.4093204829841852,0.034757189685478806,0.5133477170020342,0.7048944234848022,0.6262027964447484,0.3836224286845236,0.43364525925029407,0.01758278135887601,0.6262027964447484,0.5785043826608947,0.2697691321372986,0.33059269189834595,0.13876862823963165,0.30336156487464905,0.3391598165035248,0.144505113363266,0.33606624603271484,0.8382822871208191,0.07338643819093704,0.2965030074119568,0.5122342705726624,0.07198289036750793
21,0.0001,0.7013800069689751,0.8273088180624132,0.9291273102615819,0.6465432448595021,0.7826452108060332,9.922195196151733,0.5060749631375074,0.3280357262119651,0.40174422040581703,0.03652431792579591,0.5060749631375074,0.6989341042935848,0.6112549557830348,0.38273160475673096,0.4475791562687267,0.01628349803275231,0.6112549557830348,0.6224721417282567,0.27870118618011475,0.34038546681404114,0.14390286803245544,0.3121528625488281,0.34850791096687317,0.14976254105567932,0.34118255972862244,0.8671326637268066,0.0750628411769867,0.30130651593208313,0.5457997918128967,0.07400067895650864
22,0.0001,0.7005784027278423,0.82377766197509,0.8776028842637034,0.6983196065842028,0.8180528359684262,9.5748291015625,0.4964303523302078,0.3278167136013508,0.3946838676929474,0.03826650558039546,0.4964303523302078,0.7052141986787319,0.5948114882815968,0.3909092527447325,0.40120695395903155,0.02335511695480708,0.5948114882815968,0.5974322114930009,0.28747114539146423,0.3491145968437195,0.1486077457666397,0.3204946517944336,0.35670340061187744,0.15473593771457672,0.3463590741157532,0.8861880302429199,0.07707495987415314,0.3065497875213623,0.5713797211647034,0.07651638984680176
23,0.0001,0.6745755709707737,0.8447761272734543,0.8685728275414669,0.6870460125091851,0.8110034849220549,9.651701927185059,0.48412395641207695,0.32488224282860756,0.3863381538540125,0.039464988745749,0.48412395641207695,0.720197007060051,0.5778319582794652,0.37155176292766223,0.4326147066824364,0.027219829657538372,0.5778319582794652,0.6387033986322808,0.29623064398765564,0.357573539018631,0.15344026684761047,0.3289434611797333,0.36438289284706116,0.15974870324134827,0.35171177983283997,0.9101793766021729,0.07929761707782745,0.30975446105003357,0.596793532371521,0.07829910516738892
24,0.0001,0.6705463156104088,0.8408495006674429,0.9338336207649924,0.6636675753911965,0.7919748055539622,11.18112301826477,0.4774559233337641,0.3213622681796551,0.37762867845594883,0.04031931981444359,0.4774559233337641,0.7131062299013138,0.6215269981008588,0.3953864032571966,0.39503466721737024,0.02019281177358194,0.6215269981008588,0.5619605427438562,0.304769366979599,0.3660374879837036,0.1582171618938446,0.33699285984039307,0.3754172921180725,0.1646900326013565,0.35601308941841125,0.9408541917800903,0.0817599892616272,0.3136543035507202,0.6375609636306763,0.07999483495950699
25,0.0001,0.6710537299513817,0.8363043750091608,0.8899716644576101,0.671357517060542,0.7998388878895902,10.527921199798584,0.47280693612992764,0.3253170009702444,0.3709914404898882,0.04031386668793857,0.47280693612992764,0.7131270617246628,0.594709858749852,0.3702890294970888,0.4424749396064065,0.018122636656643765,0.594709858749852,0.6359492621638558,0.3132786154747009,0.374837726354599,0.16302140057086945,0.3457748591899872,0.3851959705352783,0.17058634757995605,0.3602966368198395,0.9622668623924255,0.0838373526930809,0.318261057138443,0.6795275807380676,0.08337711542844772
26,0.0001,0.6583597846329212,0.8428352132152851,0.866198738416036,0.7155508102671622,0.8310139536373488,9.638588190078735,0.4626799561083317,0.3203897215425968,0.36937553994357586,0.04209235031157732,0.4626799561083317,0.7347875721752644,0.6325640660343748,0.37226847446326056,0.3758611191402782,0.02124491249295798,0.6325640660343748,0.5565388591000529,0.3212466239929199,0.3812386095523834,0.1673617959022522,0.35337135195732117,0.39053598046302795,0.1760241985321045,0.3657900094985962,0.971534788608551,0.08615673333406448,0.3218993544578552,0.7173303365707397,0.08594394475221634
27,0.0001,0.6496571339666843,0.8451096881201206,0.832675059636434,0.7278444067839454,0.839525483142238,10.290586471557617,0.45477304235100746,0.3162127658724785,0.36173658445477486,0.043384761083871126,0.45477304235100746,0.7325210832059383,0.5979590271458481,0.37582800153530005,0.3837623812935569,0.02249339578503912,0.5979590271458481,0.5959407994241426,0.32955047488212585,0.3880250155925751,0.17187972366809845,0.3612256944179535,0.3974076211452484,0.18087710440158844,0.370723694562912,0.9915512800216675,0.08832819759845734,0.32590579986572266,0.7485861778259277,0.0889778807759285
28,0.0001,0.6375991627573967,0.8525447101680232,0.9187031045104518,0.6643581550073797,0.7933209352173344,9.520344257354736,0.4478055275976658,0.3166789524257183,0.3543174657970667,0.0452595881652087,0.4478055275976658,0.7327884547412395,0.6133655309677124,0.39107696395931824,0.3760369501330636,0.023006069163481396,0.6133655309677124,0.5703637365138892,0.33781924843788147,0.39446553587913513,0.17650571465492249,0.3685891032218933,0.4033184349536896,0.1863352507352829,0.374487042427063,1.0198041200637817,0.09092239290475845,0.32987260818481445,0.7878817915916443,0.09156037122011185
29,0.0001,0.6160218007862568,0.8697584326647483,0.922312956867796,0.6641642466967576,0.7921357106648209,10.184281587600708,0.4366051908582449,0.3077901788055897,0.34978665225207806,0.04673779336735606,0.4366051908582449,0.751668643206358,0.6234709457917647,0.406855352900245,0.3492095506552494,0.02401830938955148,0.6234709457917647,0.5648412415475557,0.3466162085533142,0.4000362455844879,0.18151547014713287,0.3765110373497009,0.4093688428401947,0.19224388897418976,0.37749141454696655,1.0273685455322266,0.09302359819412231,0.33289965987205505,0.8053129315376282,0.09355111420154572
30,0.0001,0.6313467100262642,0.8517873550292886,0.8534188776305227,0.705718295337731,0.8241657077254244,11.225632429122925,0.4442081078886986,0.3173679616302252,0.3459199406206608,0.046184878796339035,0.4442081078886986,0.7252038903534412,0.5857627066698942,0.3829982235576167,0.3799545918450211,0.021894701050989555,0.5857627066698942,0.6040010127154264,0.35527482628822327,0.4053887724876404,0.1860714852809906,0.38373956084251404,0.41340625286102295,0.19701537489891052,0.3797168433666229,1.0454577207565308,0.0950920507311821,0.33410149812698364,0.8186600804328918,0.09549067914485931
31,0.0001,0.6169484779238701,0.8561982443649907,0.9412794546647505,0.649113903795912,0.7847597675084957,11.46168327331543,0.4268507584929466,0.3094164002686739,0.3368456643074751,0.04668483790010214,0.4268507584929466,0.7490233108401299,0.640078011787299,0.4140694322008075,0.35577096541722614,0.020500161318164883,0.640078011787299,0.5528929956031569,0.36302700638771057,0.4103699028491974,0.19044291973114014,0.3896160125732422,0.4168429970741272,0.2017182856798172,0.3851638436317444,1.0497970581054688,0.09716630727052689,0.3364153802394867,0.8384878039360046,0.0969432070851326
32,0.0001,0.6241251528263092,0.8491338055592121,0.8939578569296635,0.6641783918574152,0.7918586991362722,9.933385133743286,0.42739988304674625,0.31770912930369377,0.33191196992993355,0.04721477604471147,0.42739988304674625,0.7388164289295673,0.6256817362525247,0.37319033976757165,0.34925492243333295,0.02525045321972081,0.6256817362525247,0.5587567939902797,0.3705001473426819,0.41629400849342346,0.19443145394325256,0.3970179557800293,0.4219661056995392,0.20590725541114807,0.3885822594165802,1.0656065940856934,0.09895606338977814,0.3396991193294525,0.8577920794487,0.09857506304979324
33,0.0001,0.6121605262160301,0.8509202744549021,0.8975502288702762,0.6609803211172931,0.7913588776290349,9.477384090423584,0.42049901746213436,0.30898585729300976,0.3290787860751152,0.0480123923625797,0.42049901746213436,0.7447253428399563,0.6059232950210571,0.371230864163601,0.32860955505660083,0.026206936743674858,0.6059232950210571,0.5820319851239523,0.37848028540611267,0.42268645763397217,0.1985412985086441,0.4054051637649536,0.4256869852542877,0.20985698699951172,0.3912956118583679,1.0751482248306274,0.10144495964050293,0.3417764902114868,0.8882225155830383,0.10055128484964371
34,0.0001,0.6043373718857765,0.8529849255006663,0.9414054986202356,0.632415784618109,0.7688594724391915,10.054449081420898,0.41582946851849556,0.3072774112224579,0.32221815921366215,0.04967527184635401,0.41582946851849556,0.7436903528869152,0.6207094878861399,0.3851617502443718,0.3533269257256479,0.02388096758813569,0.6207094878861399,0.5698983262885701,0.38705265522003174,0.4273209571838379,0.2028418481349945,0.4116177558898926,0.42994925379753113,0.21357455849647522,0.3927648365497589,1.0868746042251587,0.10226987302303314,0.34314119815826416,0.9150164127349854,0.10283723473548889
35,0.0001,0.5849885083734989,0.8721764789007734,0.8740090059511589,0.6890922264169562,0.8117571191696823,9.983940839767456,0.40459904074668884,0.3033667653799057,0.3162467572838068,0.050904361298307776,0.40459904074668884,0.755561463534832,0.6140030459924177,0.3905462116906137,0.33720846970876056,0.02401272365541169,0.6140030459924177,0.5725852431672992,0.39581039547920227,0.430561900138855,0.20746861398220062,0.4176359474658966,0.43399500846862793,0.2185950130224228,0.39558079838752747,1.1111373901367188,0.10410801321268082,0.3444362282752991,0.9478004574775696,0.10467828065156937
36,0.0001,0.596778754144907,0.854607846739802,0.8724625652486627,0.6970326114272146,0.8188981457815467,9.622262954711914,0.4055298175662756,0.3064483795315027,0.3134045973420143,0.05230413074605167,0.4055298175662756,0.752349279820919,0.6228494373234835,0.38927635911739233,0.33352482680118445,0.022945572311679523,0.6228494373234835,0.5715893588282845,0.40367966890335083,0.43420785665512085,0.2115943729877472,0.42451968789100647,0.43786975741386414,0.22264163196086884,0.3997163772583008,1.1280488967895508,0.10650882869958878,0.3471340537071228,0.9816710948944092,0.10724804550409317
37,0.0001,0.6061945743858814,0.8415178179450382,0.8680353778781313,0.7144419208083549,0.8316044301124054,9.789953470230103,0.40340480767190456,0.30938866175711155,0.31050193309783936,0.05031392793171108,0.40340480767190456,0.7502946779131889,0.7098247643673059,0.3867634263905612,0.24967479073640073,0.029745390808040447,0.7098247643673059,0.5429161750909054,0.4112371802330017,0.4386221468448639,0.21521282196044922,0.4309627115726471,0.44058334827423096,0.2267587035894394,0.40439289808273315,1.1329251527786255,0.1084200069308281,0.3522361218929291,1.0188791751861572,0.10943535715341568
38,0.0001,0.6139883995056152,0.8270063842407419,0.8629788774432559,0.7081428621676638,0.8265199089529354,9.339528322219849,0.40527297742664814,0.3090610420331359,0.3055558353662491,0.05291498638689518,0.40527297742664814,0.7427149824798107,0.6391191410295891,0.40273175456307153,0.3193668542486249,0.026660592210563747,0.6391191410295891,0.5578482927698077,0.41845113039016724,0.4440728724002838,0.2185945063829422,0.4373061954975128,0.44706985354423523,0.2299576997756958,0.4080759584903717,1.164692759513855,0.11104829609394073,0.3570643365383148,1.0168129205703735,0.11229707300662994
39,0.0001,0.5849282275885344,0.8567628250528909,0.8249718131441058,0.712190266507859,0.8300363103488566,9.303486108779907,0.3975639957934618,0.30580941773951054,0.30292789824306965,0.053723014425486326,0.3975639957934618,0.7536295279860497,0.5698529608321913,0.37173560532656585,0.3663952278368401,0.028207096242994972,0.5698529608321913,0.619703446373795,0.4254455864429474,0.44643089175224304,0.22257621586322784,0.4416861832141876,0.4508521556854248,0.23297379910945892,0.4106767475605011,1.1875336170196533,0.1127166599035263,0.3578152060508728,1.0426617860794067,0.11429200321435928
40,0.0001,0.5806148573756218,0.8563413015428973,0.822143225958853,0.7313373800255007,0.8422987236546499,9.748033285140991,0.3969527091830969,0.30507346615195274,0.29606736078858376,0.0549737464170903,0.3969527091830969,0.744378749281168,0.6393716822970997,0.3608581812092752,0.2972257841717113,0.029042494680845375,0.6393716822970997,0.5620387891928355,0.43281611800193787,0.4512602388858795,0.22625242173671722,0.44777530431747437,0.4529034197330475,0.23735108971595764,0.4118943512439728,1.2061010599136353,0.11426939070224762,0.3594217300415039,1.073523998260498,0.11809255927801132
41,0.0001,0.5830187164247036,0.8492771086451268,0.7961672833471587,0.7259243310230951,0.838871984446428,9.848530054092407,0.39123569801449776,0.30592289939522743,0.2966933511197567,0.0542424030136317,0.39123569801449776,0.7526935748755932,0.5788765639969797,0.3854233351620761,0.3044958728732485,0.02797794686348149,0.5788765639969797,0.6031692217696797,0.44087156653404236,0.4546433389186859,0.23051244020462036,0.4548407793045044,0.45684918761253357,0.24036724865436554,0.4137382209300995,1.2320656776428223,0.11631948500871658,0.36109763383865356,1.097307562828064,0.12141931802034378
42,0.0001,0.5554071702063084,0.8714053989200559,0.857682076367465,0.6841585013466025,0.8079723051253018,10.832635641098022,0.37456393614411354,0.2944360729306936,0.28680156357586384,0.05691090924665332,0.37456393614411354,0.769965335726738,0.5592064803296869,0.39855138099554815,0.3542642638538823,0.02746694546305772,0.5592064803296869,0.6183829921664614,0.4483000338077545,0.4576178789138794,0.23451335728168488,0.4600679576396942,0.4575226902961731,0.24426914751529694,0.41551685333251953,1.238386869430542,0.11763869971036911,0.3609044551849365,1.1099181175231934,0.12336170673370361
43,0.0001,0.5448284968733788,0.8793169337706923,0.7960405530351581,0.7276331088342848,0.8391373904506564,10.493700742721558,0.37097807228565216,0.29797452315688133,0.28582787327468395,0.05612104921601713,0.37097807228565216,0.7724241688847542,0.5850668350855509,0.34886319980476843,0.32433913693283545,0.029203616816437607,0.5850668350855509,0.5958998690951954,0.4562903344631195,0.46472233533859253,0.23883956670761108,0.4664357602596283,0.4646369218826294,0.24825400114059448,0.4159124493598938,1.2416608333587646,0.11970607191324234,0.36020752787590027,1.1204490661621094,0.12493518739938736
44,0.0001,0.5529249384999275,0.8732382357552426,0.8163939317067465,0.7075594912336942,0.825574740715634,10.340229511260986,0.37637677788734436,0.3014500569552183,0.2858511880040169,0.05532869673334062,0.37637677788734436,0.7657695226371288,0.6145697181875055,0.3462141752243042,0.30159140716899524,0.030594173536607712,0.6145697181875055,0.574924729087136,0.4639941453933716,0.4670517146587372,0.24316619336605072,0.4722616672515869,0.46638092398643494,0.2525500953197479,0.41649535298347473,1.241571068763733,0.12109164148569107,0.356823205947876,1.1211920976638794,0.12650692462921143
45,0.0001,0.5369299612939358,0.8784041261411326,0.8803568392088919,0.6362517170146981,0.774952499395199,9.582316875457764,0.36175741255283356,0.2936181090772152,0.2770248893648386,0.05897998879663646,0.36175741255283356,0.777485229074955,0.5435126965696161,0.3564197132081697,0.3155266498074387,0.03340854964247256,0.5435126965696161,0.6282741806723855,0.4714509844779968,0.4705357551574707,0.24719221889972687,0.477295458316803,0.46934622526168823,0.25712379813194275,0.4182351529598236,1.2554925680160522,0.12268077582120895,0.3550063967704773,1.1404472589492798,0.12773771584033966
46,0.0001,0.5266575124114752,0.8858932092021711,0.8012316226959229,0.7338849091375406,0.8436995342704723,10.746990442276001,0.3590773418545723,0.29269362334161997,0.2718199510127306,0.061015117447823286,0.3590773418545723,0.773799154907465,0.622200304811651,0.3540965463175918,0.2794355307564591,0.02965441955761476,0.622200304811651,0.5806706845760345,0.4790310561656952,0.473463773727417,0.251540869474411,0.4830184578895569,0.4732276499271393,0.2613140046596527,0.4181860089302063,1.2684072256088257,0.12399241328239441,0.3531237542629242,1.153383731842041,0.12907452881336212
47,0.0001,0.5462310090661049,0.8655832243228565,0.7606835943279844,0.7546783727409128,0.8575475620650139,14.903571844100952,0.3681539949029684,0.2991339387372136,0.2715230695903301,0.0596810404676944,0.3681539949029684,0.7625575214624405,0.6198563828612819,0.3389935457345211,0.26550675386732275,0.030959847580754395,0.6198563828612819,0.5887630672165842,0.48606589436531067,0.47587788105010986,0.2553423345088959,0.4877888560295105,0.47400662302970886,0.265039324760437,0.42089715600013733,1.2777817249298096,0.1258552223443985,0.35069867968559265,1.1715706586837769,0.1303752064704895
48,0.0001,0.5451763216406107,0.8648404050369788,0.8069764303438591,0.6968914950209649,0.8195559111260553,15.64892578125,0.3643278516829014,0.3012984301894903,0.2726858835667372,0.05886844568885863,0.3643278516829014,0.7704135216772556,0.5608574133930784,0.366581046220028,0.2996402825369979,0.03694191501673424,0.5608574133930784,0.612642560041312,0.4921993613243103,0.4797588884830475,0.25877344608306885,0.49243247509002686,0.4769142270088196,0.2683682441711426,0.42239081859588623,1.2977532148361206,0.12834379076957703,0.35177499055862427,1.1870713233947754,0.1323220133781433
49,0.0001,0.5322841107845306,0.8766151015418954,0.827638976501696,0.6815683058601639,0.8070784610624699,12.96595549583435,0.3635132145136595,0.294877833686769,0.27041969168931246,0.06008177297189832,0.3635132145136595,0.7716082781553268,0.5499556461970011,0.36179668975598883,0.3040178165291295,0.033962805049889015,0.5499556461970011,0.6206120460322408,0.49905186891555786,0.48157402873039246,0.2621241807937622,0.4984608292579651,0.47876960039138794,0.27271831035614014,0.42453059554100037,1.311950445175171,0.13080818951129913,0.3517354428768158,1.2190747261047363,0.13477425277233124
50,0.0001,0.5228574313223362,0.8814750509775362,0.8719676155032534,0.6716917757145765,0.7992277201383772,14.105089902877808,0.3567071966826916,0.2959412941709161,0.2619253331795335,0.060583459911867976,0.3567071966826916,0.7730168737471104,0.6360852284864946,0.36659021720741736,0.2777449813756076,0.032573356152032364,0.6360852284864946,0.5694360976869409,0.5067789554595947,0.4870336949825287,0.2661118805408478,0.5034806132316589,0.48454225063323975,0.2768501043319702,0.42532581090927124,1.3336429595947266,0.13274222612380981,0.3495684564113617,1.2347491979599,0.13603472709655762
51,0.0001,0.5412121042609215,0.8630908116770861,0.7938304236440947,0.6858243862374213,0.8120650285729766,11.407415628433228,0.36443536914885044,0.29982986487448215,0.2668496035039425,0.059860783629119396,0.36443536914885044,0.7643820308148861,0.5426078203952673,0.3402425231355609,0.3004975607900908,0.032558370607368874,0.5426078203952673,0.6252848767873013,0.5123558044433594,0.4895089566707611,0.2692846357822418,0.5076494812965393,0.4892900586128235,0.2811669707298279,0.4249100387096405,1.3634990453720093,0.1344291865825653,0.3487681448459625,1.2555142641067505,0.13895732164382935
52,0.0001,0.5119571834802628,0.8821791309396494,0.7447970852707372,0.7360512048697931,0.8450287938608865,10.585868835449219,0.34839223325252533,0.28997008968144655,0.25877784192562103,0.06221452495083213,0.34839223325252533,0.7786227762699127,0.5388882160186768,0.34086613763462414,0.3030458959666165,0.03358884748410095,0.5388882160186768,0.6329814746524348,0.5209760069847107,0.49198171496391296,0.27322813868522644,0.5131425261497498,0.49276402592658997,0.2845548391342163,0.42591267824172974,1.3809559345245361,0.13597434759140015,0.344432532787323,1.266481876373291,0.1405363529920578
53,0.0001,0.5087397061288357,0.8830053787353727,0.7230274243788286,0.7702390914614747,0.8674375556222913,10.405613660812378,0.3486608397215605,0.2882811464369297,0.2555830478668213,0.062391203828155994,0.3486608397215605,0.7793096713721752,0.5422100406704526,0.3565555621277202,0.28663733330639923,0.033245921304280106,0.5422100406704526,0.6239149678837169,0.5292406678199768,0.4945482313632965,0.27702754735946655,0.5176215171813965,0.4964525103569031,0.28798940777778625,0.42614537477493286,1.3953537940979004,0.13799619674682617,0.34418484568595886,1.2847800254821777,0.14313258230686188
54,0.0001,0.5050093028694391,0.8843807036153808,0.76280001076785,0.7228515258323721,0.835626505897406,11.40588116645813,0.34325588680803776,0.2889213366433978,0.25588550698012114,0.063400351209566,0.34325588680803776,0.7817459180951118,0.538669127406496,0.3561060211875222,0.3015380817832369,0.03261373959707491,0.538669127406496,0.6324917818560745,0.5371173024177551,0.49489232897758484,0.2808122932910919,0.5225092172622681,0.4988594353199005,0.291130930185318,0.4247004985809326,1.398966908454895,0.13989411294460297,0.34293240308761597,1.3009169101715088,0.14456216990947723
55,0.0001,0.500457402318716,0.8837309663650234,0.8562997109962233,0.681872883254962,0.8069524518454182,15.722569704055786,0.33889987505972385,0.2855557147413492,0.25174962636083364,0.06353924633003771,0.33889987505972385,0.7872802689671516,0.7040214574698246,0.3473539749781291,0.22284203587156354,0.03279516123461001,0.7040214574698246,0.5643132157397993,0.543205976486206,0.4981985092163086,0.284053236246109,0.5273529887199402,0.5000793933868408,0.29403963685035706,0.4242323040962219,1.4069669246673584,0.14168818295001984,0.3417208194732666,1.2997344732284546,0.1452769637107849
56,0.0001,0.5197206493467093,0.8683474403285347,0.8292057983803026,0.7010479538349074,0.8199104311200099,15.634001016616821,0.3478678725659847,0.2915689703077078,0.25079397670924664,0.06453987373970449,0.3478678725659847,0.7713585756719112,0.5298804839452108,0.4330463165586645,0.26398696321429627,0.04771202452706568,0.5298804839452108,0.6423200802369551,0.5495336055755615,0.4999004006385803,0.28730863332748413,0.5317429304122925,0.5023913979530334,0.29719212651252747,0.4265768229961395,1.4330250024795532,0.14408309757709503,0.3402301073074341,1.307416319847107,0.1466429978609085
57,0.0001,0.4947542678564787,0.8809114401382432,0.7443829883228649,0.7330627313589164,0.8418325107645563,12.798980712890625,0.3332477416843176,0.28670502733439207,0.24676878191530704,0.06570698483847082,0.3332477416843176,0.7944341003894806,0.5226055401744265,0.34506788037040015,0.2789354649457065,0.03704439160047156,0.5226055401744265,0.6416405276818709,0.555306613445282,0.502033531665802,0.290802001953125,0.5340808033943176,0.5055010914802551,0.30079320073127747,0.4276390075683594,1.4348055124282837,0.14614783227443695,0.339540034532547,1.3051211833953857,0.1483650803565979
58,0.0001,0.500257583335042,0.8782555610402852,0.7128223216894901,0.7642060283087706,0.8641975359668181,12.877380847930908,0.336489150300622,0.2884287480264902,0.24622763134539127,0.06491806916892529,0.336489150300622,0.7819707654416561,0.5663006757244919,0.33233288020798657,0.2602320909500122,0.037588465958833694,0.5663006757244919,0.6134620101162882,0.562410831451416,0.5036324262619019,0.2943342626094818,0.5379225015640259,0.507451593875885,0.3048536777496338,0.42843931913375854,1.441838264465332,0.14767324924468994,0.33884355425834656,1.3142482042312622,0.14961998164653778
59,0.0001,0.5070898868143559,0.8734191934178809,0.7751170360680782,0.6872785568969575,0.8129597042702854,13.676416873931885,0.34149399772286415,0.292975727468729,0.24440475087612867,0.06522495555691421,0.34149399772286415,0.7808538861572742,0.4964635588906028,0.3443601366245385,0.3130824863910675,0.041603692158153564,0.4964635588906028,0.6678139296444979,0.567703902721405,0.5065537095069885,0.2975772023200989,0.5401371717453003,0.5093870759010315,0.3076649010181427,0.42813020944595337,1.446982741355896,0.14962665736675262,0.3374054729938507,1.3373199701309204,0.1518477350473404
60,0.0001,0.4840736612677574,0.8866316608813559,0.6917651711088239,0.7700164399373418,0.8684274799105003,15.5077486038208,0.32723627611994743,0.28064029570668936,0.24095321632921696,0.06656495528295636,0.32723627611994743,0.79152812063694,0.4956468632726958,0.3528893608035463,0.3027375105655555,0.04495994170958346,0.4956468632726958,0.6693720275705511,0.5737133026123047,0.5082423686981201,0.3009897768497467,0.5439383387565613,0.51056969165802,0.31106409430503845,0.4302712082862854,1.4572921991348267,0.15136635303497314,0.33511680364608765,1.3575667142868042,0.15355679392814636
61,0.0001,0.48072572611272335,0.8899422325947665,0.6363987525304159,0.8013004752659848,0.88796817322273,13.958895683288574,0.33119258657097816,0.28361922316253185,0.23774402029812336,0.06656512734480202,0.33119258657097816,0.7841919101774693,0.4795390692624179,0.33721558794830786,0.24594542474457712,0.048771635996121346,0.4795390692624179,0.6776780287424723,0.581240713596344,0.5122764110565186,0.3047911524772644,0.5481916666030884,0.5140519738197327,0.31530851125717163,0.43054845929145813,1.4611977338790894,0.15277689695358276,0.33273863792419434,1.3654117584228516,0.15419180691242218
62,0.0001,0.47303654439747334,0.8954354420486441,0.7292361512328639,0.7504228189742863,0.8550201055692472,15.93340516090393,0.3337418083101511,0.282935599796474,0.23772480990737677,0.06798672769218683,0.3337418083101511,0.7845854051411152,0.5119419441078649,0.3654850432367036,0.27320168325395294,0.038102975566730354,0.5119419441078649,0.650643993507732,0.5858945250511169,0.5147952437400818,0.3078925907611847,0.5507733225822449,0.5168123841285706,0.31916797161102295,0.42987653613090515,1.4623266458511353,0.15511560440063477,0.32855790853500366,1.3664284944534302,0.15511195361614227
63,0.0001,0.48710885643959045,0.8817133718232837,0.720477656884627,0.7423241533234077,0.8491393210158835,14.834956407546997,0.3280908353626728,0.2867025686427951,0.23521182127296925,0.06682004313915968,0.3280908353626728,0.7891702391207218,0.5098740259806315,0.33670232422424085,0.2985382649031552,0.039190719750794495,0.5098740259806315,0.6508579443801533,0.5921094417572021,0.515760600566864,0.3109859228134155,0.5538889765739441,0.5186322331428528,0.3225021958351135,0.42857903242111206,1.475950002670288,0.15695567429065704,0.3264772891998291,1.369452953338623,0.1568843573331833
64,0.0001,0.49032603949308395,0.8785413727180384,0.6758099686015736,0.7755247374324801,0.8711116488788823,14.582451820373535,0.33118858374655247,0.29107052832841873,0.23503611609339714,0.06735813501290977,0.33118858374655247,0.7873523309826851,0.494849707141067,0.34709733363353845,0.2609873215357463,0.04280271889133887,0.494849707141067,0.658577454812599,0.5978268384933472,0.5159973502159119,0.31429097056388855,0.5562179684638977,0.5209993124008179,0.3248809278011322,0.43143874406814575,1.4855743646621704,0.15962499380111694,0.32252582907676697,1.3895336389541626,0.15856289863586426
65,0.0001,0.4862873889505863,0.8799079506957856,0.6126858212731101,0.8024502517609589,0.8888722100408432,12.531168699264526,0.3341209329664707,0.28906727582216263,0.2390750739723444,0.06490811007097363,0.3341209329664707,0.781535666435957,0.4320548483819673,0.33080759373578156,0.2790106065345533,0.05255681005391208,0.4320548483819673,0.7218566157601096,0.6029090881347656,0.5182382464408875,0.3167330324649811,0.5601523518562317,0.5232172608375549,0.32853633165359497,0.4314447343349457,1.5113775730133057,0.16092705726623535,0.32005080580711365,1.4060213565826416,0.16062285006046295
66,0.0001,0.459765899926424,0.8984333603082031,0.6964456204212073,0.7570479746848312,0.8585504575302648,13.094948053359985,0.3184435125440359,0.2779968259856105,0.23065315559506416,0.06688524689525366,0.3184435125440359,0.8004911094903946,0.5268276821483265,0.33226235256050574,0.2756375489812909,0.03876802347826235,0.5268276821483265,0.6369517526843331,0.6083828210830688,0.519588828086853,0.3200857937335968,0.5631469488143921,0.524847149848938,0.33202677965164185,0.4324316382408142,1.5242754220962524,0.16254198551177979,0.3171674907207489,1.409162163734436,0.16205352544784546
67,0.0001,0.45570705458521843,0.8994774370562088,0.6946750770915638,0.7516912720379655,0.8560645267772177,14.109159469604492,0.31838905811309814,0.27771537750959396,0.2277188701555133,0.06827952736057341,0.31838905811309814,0.7967294901609421,0.48473972804618604,0.33910854386560846,0.27783545671087323,0.043855867884827385,0.48473972804618604,0.6634115639961127,0.6134582161903381,0.5226448774337769,0.3231128752231598,0.5664887428283691,0.5270489454269409,0.33614596724510193,0.4328420162200928,1.5232725143432617,0.16367608308792114,0.31237417459487915,1.4075926542282104,0.16328953206539154
68,0.0001,0.46522595919668674,0.8901892701077013,0.7885299704291604,0.7306730610141646,0.84037878796269,12.908407926559448,0.32150078751146793,0.27833803091198206,0.22967572044581175,0.06851375801488757,0.32150078751146793,0.7935239560902119,0.6419146566679983,0.3773676978819298,0.26261962724454474,0.03273082016543909,0.6419146566679983,0.5868256272691669,0.6217655539512634,0.5232242941856384,0.32684147357940674,0.57049959897995,0.529961109161377,0.33967649936676025,0.43344151973724365,1.5397849082946777,0.16512103378772736,0.3102770447731018,1.4312772750854492,0.16442641615867615
69,0.0001,0.4714661668986082,0.8849478002192,0.7233263037421487,0.7362819357816918,0.8452720026629361,11.856390714645386,0.32139707170426846,0.28062432166188955,0.22748502157628536,0.06893444620072842,0.32139707170426846,0.7923840098083019,0.504253580714717,0.3510648003130248,0.2643910122640205,0.04479132361258521,0.504253580714717,0.6566106071977904,0.6281959414482117,0.5262328386306763,0.33001139760017395,0.5738016963005066,0.5334234833717346,0.3431452810764313,0.43550777435302734,1.5561858415603638,0.16665993630886078,0.30809924006462097,1.4469290971755981,0.1658387929201126
70,0.0001,0.4670696575194597,0.8870969921293884,0.6738787058627966,0.7556114992012815,0.8574137551427555,11.988905668258667,0.3159992005676031,0.2872862368822098,0.22985464055091143,0.06789657473564148,0.3159992005676031,0.7988273426890373,0.4591348911776687,0.3301471164732268,0.2372202810012933,0.05392669355778983,0.4591348911776687,0.6895396583008043,0.6323220729827881,0.5277875065803528,0.3328748345375061,0.575452446937561,0.5367190837860107,0.34609317779541016,0.43980440497398376,1.565760850906372,0.16910359263420105,0.30718541145324707,1.467499852180481,0.1676182746887207
71,0.0001,0.4637584313750267,0.8844471706342394,0.737353913711779,0.7510300215741245,0.8542012846417789,12.058821439743042,0.3199853226542473,0.277521968819201,0.22366916947066784,0.06988444831222296,0.3199853226542473,0.7897221446037292,0.5786014036698774,0.3632402347795891,0.2553755193948746,0.03893342648040165,0.5786014036698774,0.6126464813044576,0.6372917294502258,0.528666615486145,0.33568164706230164,0.5784389972686768,0.5388080477714539,0.3491569757461548,0.44102004170417786,1.5780447721481323,0.17050701379776,0.30419018864631653,1.468733549118042,0.16850316524505615
72,0.0001,0.4606628827750683,0.8894363187960977,0.6514471371968588,0.7746702456369997,0.8709429431126172,12.478121995925903,0.3185396157205105,0.2805519225075841,0.2289424194023013,0.07101470232009888,0.3185396157205105,0.7946020923554897,0.4501608537905144,0.32975169293808215,0.2924757699171702,0.05025804302457607,0.4501608537905144,0.6976379318670793,0.6418581604957581,0.5321084260940552,0.33846092224121094,0.5800518989562988,0.5427838563919067,0.3519803285598755,0.43964385986328125,1.5922616720199585,0.1725427210330963,0.3022153675556183,1.4724249839782715,0.17054395377635956
73,0.0001,0.4427982550114393,0.8991592441051972,0.6736398393457587,0.7882894543807811,0.8796702678062345,13.442466974258423,0.3074315842241049,0.27553676534444094,0.2196541978046298,0.07189276209101081,0.3074315842241049,0.8031049631536007,0.5867043300108477,0.3369590838750203,0.22628927185679926,0.041198725840359024,0.5867043300108477,0.6200580714326916,0.6480147838592529,0.5345706939697266,0.3420290946960449,0.5829430818557739,0.5478337407112122,0.3549621105194092,0.4420970678329468,1.5996443033218384,0.17473097145557404,0.299990177154541,1.4788109064102173,0.1714024394750595
74,0.0001,0.4411930087953806,0.8991832792558855,0.6232101700522683,0.7913744459532076,0.8810466360934541,12.507787704467773,0.3080729469656944,0.27648206893354654,0.2224142700433731,0.07088098535314202,0.3080729469656944,0.8049646466970444,0.4022850683241179,0.3391192708954667,0.25382956139969104,0.05592131863037745,0.4022850683241179,0.7381369182557771,0.6528950929641724,0.5377543568611145,0.34499239921569824,0.5850411653518677,0.550970733165741,0.35825270414352417,0.44322726130485535,1.603625774383545,0.17660896480083466,0.29683375358581543,1.4835526943206787,0.1718894988298416
75,0.0001,0.4445482101291418,0.8998417329455609,0.5961708444537539,0.8202364107988123,0.8995448571066265,13.262916326522827,0.31247052177786827,0.2786822095513344,0.2219141535460949,0.06873170658946037,0.31247052177786827,0.7977015785872936,0.4430077003710198,0.33761116049506446,0.22291587157682938,0.05343573969421965,0.4430077003710198,0.7076318543968778,0.6589671969413757,0.5389693379402161,0.3481087386608124,0.5875183939933777,0.5530139207839966,0.3618910610675812,0.4409209191799164,1.6100951433181763,0.17798714339733124,0.29144617915153503,1.4887497425079346,0.17274844646453857
76,0.0001,0.4419425819069147,0.8967411458857016,0.6300348693674261,0.7923602849270802,0.8807780546532249,12.51778244972229,0.31807561963796616,0.2728678425773978,0.21899144910275936,0.06870873807929456,0.31807561963796616,0.7912714742124081,0.4831332636601997,0.32539069742867444,0.24042732155684268,0.04789253600844831,0.4831332636601997,0.6788195163914652,0.6619211435317993,0.5394281148910522,0.3510395288467407,0.5893621444702148,0.5538292527198792,0.3647577464580536,0.4419156610965729,1.623075246810913,0.17918013036251068,0.28595224022865295,1.4853514432907104,0.1732095628976822
77,0.0001,0.4246320817619562,0.9067661135837585,0.6237804420066603,0.7948187838527097,0.8834719795220167,12.461501359939575,0.3033576291054487,0.26737015414983034,0.21686342917382717,0.07152535626664758,0.3033576291054487,0.8071977682411671,0.44195663206505054,0.34264798417235864,0.25559805378769385,0.04918436593178547,0.44195663206505054,0.6998935874664423,0.6674433350563049,0.5411993861198425,0.35411521792411804,0.5912793278694153,0.5567970871925354,0.368429958820343,0.44234707951545715,1.633440613746643,0.18024353682994843,0.28130903840065,1.4769442081451416,0.1731816679239273
78,0.0001,0.4390038847923279,0.8979307692481661,0.6074016238703872,0.8063361551202215,0.8913355511670312,11.875032901763916,0.30761601217091084,0.276491510681808,0.21331957634538412,0.07118961540982127,0.30761601217091084,0.7998100407421589,0.4452503233244925,0.3421397136919426,0.25502093903946155,0.049796208795724495,0.4452503233244925,0.6968089441458384,0.6723306775093079,0.5424020886421204,0.3570542335510254,0.5931461453437805,0.5585975646972656,0.3716697096824646,0.4410635828971863,1.6287405490875244,0.1821092665195465,0.2770320177078247,1.478190541267395,0.17480984330177307
79,0.0001,0.43541538901627064,0.8966038357430026,0.6787482933564619,0.7725458672530774,0.8697104288558504,12.138986587524414,0.3050564881414175,0.2716314513236284,0.21506520453840494,0.07061438914388418,0.3050564881414175,0.8009384945034981,0.5377804347963044,0.34302758809291956,0.2585396653775013,0.04271441816606305,0.5377804347963044,0.6352705801978256,0.6758481860160828,0.5437799692153931,0.35968533158302307,0.5946640968322754,0.5617333650588989,0.37467876076698303,0.44110703468322754,1.6375041007995605,0.18368038535118103,0.276045560836792,1.4851315021514893,0.17658953368663788
80,0.0001,0.4320617578923702,0.9012284376911178,0.6259983489007661,0.7940798977096801,0.8828518071467909,12.660795211791992,0.30278733652085066,0.2755571436136961,0.2136554131284356,0.0698489174246788,0.30278733652085066,0.8056193888187408,0.4524959542534568,0.33422276287367847,0.25096466505166254,0.0489614557361964,0.4524959542534568,0.6928706349748553,0.6813393831253052,0.5441545844078064,0.3625476658344269,0.5977997183799744,0.5634362697601318,0.3777364492416382,0.44143763184547424,1.6486643552780151,0.18550239503383636,0.27303484082221985,1.4922616481781006,0.17760087549686432
81,0.0001,0.428290668874979,0.8998327989753672,0.6227488481637203,0.7908197255150443,0.8799116532756783,12.459093570709229,0.301501726731658,0.2734024664387107,0.2131687281653285,0.07096383068710566,0.301501726731658,0.8037102073431015,0.48008445537451544,0.31956403183214593,0.23555873560182977,0.05185480810927622,0.48008445537451544,0.6758851300586354,0.6865132451057434,0.5445017218589783,0.3654805123806,0.5998596549034119,0.5649035573005676,0.38075876235961914,0.44045472145080566,1.659859538078308,0.18778973817825317,0.2696816027164459,1.498241901397705,0.17828845977783203
82,0.0001,0.4237216431647539,0.9010643909617322,0.6437121665838993,0.7915119927142498,0.8810957920251257,13.407000541687012,0.30143412202596664,0.26883134711533785,0.21250700764358044,0.0708482377231121,0.30143412202596664,0.8004692047834396,0.5059477921688196,0.3441341681913896,0.2326669738148198,0.04876021905378862,0.5059477921688196,0.6569964768308582,0.6920313835144043,0.5469381213188171,0.3682383596897125,0.6018142104148865,0.5675560235977173,0.3837491571903229,0.4417726397514343,1.664103388786316,0.19011737406253815,0.26715466380119324,1.4957869052886963,0.17962829768657684
83,0.0001,0.4134910125285387,0.9080429633728793,0.6171982035492406,0.790113787696859,0.8809783903668785,12.669766187667847,0.29835594445466995,0.2685441691428423,0.20961850881576538,0.0706431302241981,0.29835594445466995,0.807295311242342,0.4326715649980487,0.3303959785085736,0.25776912588061707,0.04809650852147377,0.4326715649980487,0.7058359023296472,0.6978410482406616,0.5485382676124573,0.3717750608921051,0.6036735773086548,0.5697361826896667,0.38733139634132385,0.4425414502620697,1.6620140075683594,0.19195163249969482,0.26327434182167053,1.4956746101379395,0.18045826256275177
84,0.0001,0.41718291491270065,0.9050072142827233,0.6836657668604995,0.7816603818349271,0.8742289308807919,12.912006855010986,0.304946287535131,0.2714125905185938,0.20984061527997255,0.0727651733905077,0.304946287535131,0.8023885115981102,0.6129172281785444,0.34866041486913507,0.2110951840877533,0.04493040247171214,0.6129172281785444,0.6187162733439243,0.701972484588623,0.550330638885498,0.3742990791797638,0.6057582497596741,0.5729628801345825,0.39024218916893005,0.44107356667518616,1.6655213832855225,0.19316725432872772,0.2601959705352783,1.5031719207763672,0.1811918318271637
85,0.0001,0.4200935810804367,0.9018358023055956,0.6232842640443281,0.791855032290768,0.8809242515488275,12.206416845321655,0.3010098859667778,0.26956133637577295,0.208538175560534,0.0717249340377748,0.3010098859667778,0.8045833446085453,0.4850279273408832,0.3306167649500298,0.23672737993977286,0.046386865503860245,0.4850279273408832,0.6747329993681475,0.7065141797065735,0.5513096451759338,0.37702786922454834,0.6067456007003784,0.5751843452453613,0.3928825855255127,0.44004082679748535,1.6726638078689575,0.19460520148277283,0.25780999660491943,1.5142624378204346,0.18300676345825195
86,0.0001,0.4319635294377804,0.8940415648522081,0.6500644719961918,0.7888121782899291,0.8800753736962302,12.383358240127563,0.3007914163172245,0.2757479501888156,0.20656659174710512,0.07084286725148559,0.3007914163172245,0.8055161461234093,0.5722939317876642,0.3255177483414159,0.21604642859010986,0.04650798248070659,0.5722939317876642,0.6463407097440778,0.7098695635795593,0.5508116483688354,0.37916529178619385,0.608903169631958,0.5761169195175171,0.3951713442802429,0.4395460784435272,1.6832411289215088,0.19636720418930054,0.25687506794929504,1.525114893913269,0.18438567221164703
87,0.0001,0.41151237860322,0.9030944534168448,0.6017134586970011,0.8025347141447026,0.8876665843369869,12.361637353897095,0.29420808888971806,0.2657395889982581,0.20683278515934944,0.0724061131477356,0.29420808888971806,0.8076521493494511,0.4341869390372074,0.32696315917101776,0.24086566495172906,0.05473023890094324,0.4341869390372074,0.7051003882379243,0.7129783034324646,0.5518649220466614,0.3813304305076599,0.6091967225074768,0.5766547322273254,0.3977068364620209,0.44196969270706177,1.687727689743042,0.19818216562271118,0.2526077926158905,1.5268548727035522,0.18572235107421875
88,0.0001,0.4068721793591976,0.9091366551983079,0.6097305398998838,0.8032787591068338,0.8888498217005583,12.297488689422607,0.29698856081813574,0.2663681609556079,0.20925852842628956,0.07152565848082304,0.29698856081813574,0.8058062344789505,0.4858024698315245,0.32716312011082965,0.22516254990389853,0.04882168775480805,0.4858024698315245,0.6807371441161993,0.717673659324646,0.5530520081520081,0.38392093777656555,0.611121654510498,0.5795664191246033,0.4007437825202942,0.44274774193763733,1.69517183303833,0.20026645064353943,0.24953971803188324,1.5300452709197998,0.18715180456638336
89,0.0001,0.40764759480953217,0.9064198789668553,0.5848892565929529,0.8071427251878764,0.891329416591653,12.553410768508911,0.29557684157043695,0.270227761939168,0.20376306306570768,0.07257127901539207,0.29557684157043695,0.8067419938743114,0.40389571406624536,0.3307422489830942,0.2415585626255382,0.05425252223556692,0.40389571406624536,0.7315282090143724,0.7219541072845459,0.5537058115005493,0.38645902276039124,0.6129686832427979,0.5806871056556702,0.4030827581882477,0.44225889444351196,1.704107403755188,0.2019801288843155,0.24686338007450104,1.5262714624404907,0.18760056793689728
90,0.0001,0.41173612512648106,0.9042981144084942,0.6311546997590498,0.7870411493545777,0.8785509072810177,12.59071969985962,0.30246557388454676,0.2639629812911153,0.20697275176644325,0.07053913129493594,0.30246557388454676,0.7994917035102844,0.4909169384927461,0.3388244771596157,0.24786164724465573,0.04900753932694594,0.4909169384927461,0.670163651307424,0.7240532636642456,0.554100513458252,0.38881349563598633,0.6146256327629089,0.5806028842926025,0.40573781728744507,0.4414171874523163,1.7151700258255005,0.20337657630443573,0.2438904345035553,1.5268993377685547,0.1886221319437027
91,0.0001,0.40444003231823444,0.9107432092246848,0.5781282764492612,0.8149271587606147,0.8960804038846937,12.527364015579224,0.29680186323821545,0.2671661414206028,0.20818594750016928,0.0714823855087161,0.29680186323821545,0.8065669238567352,0.39639902476108435,0.3326326509316762,0.23971460624174637,0.056103453717448494,0.39639902476108435,0.735928475856781,0.7283630967140198,0.5538389682769775,0.3916597366333008,0.6161651015281677,0.5817404985427856,0.4092101454734802,0.44202151894569397,1.7183136940002441,0.20495134592056274,0.24103982746601105,1.5257418155670166,0.18907172977924347
92,0.0001,0.4167200103402138,0.8976106737765985,0.5651545307853005,0.8202454306391865,0.8997662147746786,12.717911005020142,0.29974257573485374,0.2669205982238054,0.205049816519022,0.070944853592664,0.29974257573485374,0.8022102937102318,0.43568223895448627,0.3215890888011817,0.2403208360527501,0.055260770813082206,0.43568223895448627,0.7054531348474098,0.7319700121879578,0.553231418132782,0.39418941736221313,0.6177590489387512,0.5820380449295044,0.41215264797210693,0.44444823265075684,1.7170368432998657,0.2064986377954483,0.23664812743663788,1.5285221338272095,0.18973110616207123
93,0.0001,0.40435135550796986,0.9043675639667674,0.6675277840007435,0.7733139192806241,0.8690409681576642,12.545727968215942,0.29007484298199415,0.2664280878379941,0.20048467256128788,0.07267422508448362,0.29007484298199415,0.8097490482032299,0.5448729630672571,0.32899373498829926,0.22809697913401056,0.04748619528430881,0.5448729630672571,0.6543946320360358,0.7367957830429077,0.5542200207710266,0.3969169557094574,0.6191809773445129,0.5834377408027649,0.4150420129299164,0.4445968568325043,1.7204478979110718,0.20846211910247803,0.23514324426651,1.5311888456344604,0.19022318720817566
94,0.0001,0.4082963112741709,0.9024482991736699,0.60787591789708,0.7967767930380599,0.8850688496825584,12.600732803344727,0.2996601155027747,0.26821734942495823,0.2060493864119053,0.07220356492325664,0.2996601155027747,0.8042653426527977,0.4449060721830888,0.3279410889654448,0.23221253084413934,0.05249283919957551,0.4449060721830888,0.7049221857027574,0.740668535232544,0.5548718571662903,0.39948198199272156,0.6202051043510437,0.5857843160629272,0.41761335730552673,0.4498881697654724,1.733782172203064,0.20988157391548157,0.23123705387115479,1.537610650062561,0.19120585918426514
95,0.0001,0.38810054399073124,0.9144818042797669,0.6437395991701068,0.7841763948770764,0.8762790326610098,13.973225593566895,0.28804880008101463,0.2619130574166775,0.1992420656606555,0.07261026231572032,0.28804880008101463,0.8134148865938187,0.5150418967911692,0.3333521783351898,0.24854403282656815,0.04784338035140977,0.5150418967911692,0.6535676022370657,0.7442340850830078,0.55721515417099,0.40232381224632263,0.6214725375175476,0.5882365703582764,0.4204753041267395,0.44941043853759766,1.741896629333496,0.21148225665092468,0.2274303138256073,1.5350961685180664,0.19226165115833282
96,0.0001,0.3894615713506937,0.9108866480259151,0.685595432917277,0.762151791073337,0.8628188192446329,13.748833894729614,0.2878103731200099,0.2617290271446109,0.19904753006994724,0.07417507003992796,0.2878103731200099,0.8134663328528404,0.5752126809322473,0.3396013884833365,0.22848010063171387,0.04770966410411127,0.5752126809322473,0.6295997247551427,0.7482680082321167,0.560357928276062,0.4051903784275055,0.6227977871894836,0.590716540813446,0.42329075932502747,0.44888728857040405,1.745694637298584,0.21269260346889496,0.22511626780033112,1.542946219444275,0.19271549582481384
97,0.0001,0.40340386517345905,0.90019748373017,0.5951017069094109,0.8053637964923329,0.8907753331664658,12.274113893508911,0.29654798097908497,0.26057998090982437,0.1997241973876953,0.07432606304064393,0.29654798097908497,0.8040008656680584,0.44971392913298175,0.32559544931758533,0.2275438638347568,0.05527347924582886,0.44971392913298175,0.7016042470932007,0.7521891593933105,0.5622806549072266,0.4077404737472534,0.6242021918296814,0.5937946438789368,0.4257392883300781,0.45207667350769043,1.7505236864089966,0.21411336958408356,0.22378453612327576,1.5558810234069824,0.19287024438381195
98,0.0001,0.3924866635352373,0.908648317597712,0.5981227773608584,0.7973582010436906,0.8848245994708799,12.31463885307312,0.29220469016581774,0.26134615018963814,0.20037028472870588,0.07444975432008505,0.29220469016581774,0.8070896938443184,0.43167112451611145,0.34327702991890185,0.2065269649028778,0.06036990959987496,0.43167112451611145,0.7194799094489126,0.7564309239387512,0.5627444982528687,0.4106518030166626,0.6255417466163635,0.5942023992538452,0.4280090034008026,0.4500787854194641,1.757470726966858,0.21546882390975952,0.22241166234016418,1.5552551746368408,0.1938091218471527
99,0.0001,0.3966703861951828,0.907915176534333,0.6299744555444429,0.8005072627026915,0.8866622067634017,12.755485534667969,0.29411190934479237,0.26775078009814024,0.1961220158264041,0.07521403953433037,0.29411190934479237,0.8108485601842403,0.5695837411013517,0.33189596100287005,0.2119036005301909,0.05357953364198858,0.5695837411013517,0.6428925918810295,0.7613400816917419,0.5643306374549866,0.4133720397949219,0.6271658539772034,0.5962417721748352,0.43083855509757996,0.4506218433380127,1.7652640342712402,0.217210590839386,0.22026298940181732,1.5607335567474365,0.19450139999389648
100,0.0001,0.4059128984808922,0.8996141039500394,0.6043260025255608,0.8051063245961152,0.8902314597166544,14.023985147476196,0.29122054018080235,0.26576207764446735,0.20143456384539604,0.07257687812671065,0.29122054018080235,0.8111245259642601,0.49966727603565564,0.32654410058801825,0.22351218850323648,0.05231241831047968,0.49966727603565564,0.6709370224764852,0.7640128135681152,0.5646399855613708,0.415924072265625,0.6281399130821228,0.5978007912635803,0.4332454800605774,0.4529595375061035,1.7745071649551392,0.21884731948375702,0.21820971369743347,1.5638049840927124,0.1953565776348114
101,0.0001,0.4013295527547598,0.9017513825162965,0.6272241346763842,0.7839906161502538,0.8770590605391648,13.493961572647095,0.2891175476834178,0.26504757441580296,0.19737940467894077,0.0717484881170094,0.2891175476834178,0.8150007426738739,0.48731935385501746,0.32280539563207916,0.22229721419739001,0.05547996576536785,0.48731935385501746,0.6790577561566324,0.7678560614585876,0.5658849477767944,0.418686181306839,0.6303725242614746,0.5991398692131042,0.4366430640220642,0.4510137438774109,1.7793564796447754,0.22059665620326996,0.21883249282836914,1.5671534538269043,0.19740281999111176
102,0.0001,0.39889815635979176,0.9042200460466803,0.606628002542438,0.7869773571241725,0.8768569657235827,13.294713735580444,0.2932533286511898,0.26291434094309807,0.19909205846488476,0.07470234716311097,0.2932533286511898,0.8108469173312187,0.39669350421789923,0.3367235714739019,0.21824357003876657,0.06519004567102953,0.39669350421789923,0.7311482510783456,0.771500289440155,0.566514790058136,0.4210478961467743,0.6317399144172668,0.6003985404968262,0.4396815001964569,0.4523220956325531,1.783558964729309,0.22283025085926056,0.21846237778663635,1.5855350494384766,0.19979508221149445
103,0.0001,0.39588548615574837,0.9044459815150162,0.7089953097430143,0.7157837938096786,0.8313775154372561,13.004340171813965,0.28564324229955673,0.26666605565696955,0.19891039095818996,0.07478791940957308,0.28564324229955673,0.8165793940424919,0.4408688689723159,0.352443100828113,0.2427136247808283,0.06015906121694681,0.4408688689723159,0.7006477036259391,0.7745580673217773,0.5684258937835693,0.4237627387046814,0.6327318549156189,0.603510320186615,0.4425162374973297,0.4573330879211426,1.7844144105911255,0.22454489767551422,0.2201787233352661,1.6028261184692383,0.20177462697029114
104,0.0001,0.37774370424449444,0.9126069727193459,0.6036366766149347,0.7765126922595831,0.8708229251989791,12.275277137756348,0.2814158955588937,0.2569025419652462,0.19499324262142181,0.07639051834121346,0.2814158955588937,0.817699383944273,0.3698167981523456,0.3256850910909248,0.23644830783208212,0.06767214157364586,0.3698167981523456,0.7561970822738878,0.7793950438499451,0.5698692798614502,0.4262849688529968,0.633052408695221,0.6057120561599731,0.4447453022003174,0.45780226588249207,1.7834935188293457,0.2259366363286972,0.22201229631900787,1.6113463640213013,0.20361338555812836
105,0.0001,0.39687545225024223,0.9040256589428574,0.5883313128442476,0.8002345095685418,0.885922710099663,13.863932371139526,0.29330359771847725,0.26801634673029184,0.19811344146728516,0.07595719117671251,0.29330359771847725,0.8099715895950794,0.4402312365445224,0.3239766169678081,0.2065807030056462,0.06546408242800018,0.4402312365445224,0.7088120128169204,0.7813477516174316,0.5696731805801392,0.42874863743782043,0.633467972278595,0.606386661529541,0.44674327969551086,0.4615057706832886,1.79288649559021,0.22776786983013153,0.2205774188041687,1.6218808889389038,0.20491114258766174
106,0.0001,0.39467022381722927,0.9055095452822508,0.5764086968971022,0.8065648756409164,0.8902653467227724,12.411808729171753,0.2955260295420885,0.2663558106869459,0.20158408861607313,0.0748217236250639,0.2955260295420885,0.8066665716469288,0.435393978248943,0.3176325902794347,0.22608159256703925,0.059172887919527115,0.435393978248943,0.7135918528744669,0.7835901975631714,0.5706088542938232,0.4306691288948059,0.6333768963813782,0.6087771058082581,0.4490215480327606,0.46346044540405273,1.7956732511520386,0.2293514460325241,0.2207210659980774,1.6339819431304932,0.20595099031925201
107,0.0001,0.38504746556282043,0.909581998551001,0.5706905776804144,0.8152858004723256,0.8961208720721692,12.16036581993103,0.28714563231915236,0.26201670058071613,0.19870598427951336,0.07545756874606013,0.28714563231915236,0.812711026519537,0.42014685002240265,0.33223383354418207,0.25487612323327496,0.058768355598052345,0.42014685002240265,0.7191797485857299,0.7873510718345642,0.571593701839447,0.4334556758403778,0.634230375289917,0.6098381280899048,0.45167675614356995,0.46546080708503723,1.7975473403930664,0.2311316877603531,0.21683326363563538,1.642012119293213,0.20670098066329956
108,0.0001,0.3974342364817858,0.9009445358245878,0.6086494525273641,0.7929405393286273,0.8831542927554843,12.60605239868164,0.29295692313462496,0.2673960803076625,0.19879035837948322,0.07479001116007566,0.29295692313462496,0.810345970094204,0.4693245165275805,0.3300325996948011,0.2276632036223556,0.056606076883547234,0.4693245165275805,0.6892557938893636,0.789299488067627,0.5725545883178711,0.4349789023399353,0.6352035403251648,0.6111140251159668,0.453840970993042,0.4702794849872589,1.8072463274002075,0.23221972584724426,0.21556498110294342,1.642853856086731,0.20789797604084015
109,0.0001,0.388024240732193,0.9061246458443429,0.5690634936997385,0.8108183139965026,0.892845889815592,12.657352209091187,0.2870880737900734,0.2635157546028495,0.19386770855635405,0.07541942084208131,0.2870880737900734,0.80911685526371,0.4209553436799483,0.3264961748412161,0.21568962841322928,0.06090110596833807,0.4209553436799483,0.7233102159066633,0.7917622923851013,0.5729971528053284,0.4373140037059784,0.6365861892700195,0.6117241382598877,0.45645907521247864,0.4761624336242676,1.8176751136779785,0.23479114472866058,0.2155083417892456,1.6453098058700562,0.20933593809604645
110,0.0001,0.3627684321254492,0.9201130082913407,0.5326699271346583,0.8275969473823115,0.9039254493655567,13.9335196018219,0.27580467890948057,0.25265942607074976,0.1917955642566085,0.07633495377376676,0.27580467890948057,0.8236048296093941,0.3697899345195655,0.3128899173303084,0.2115933931235111,0.06274475800720128,0.3697899345195655,0.764203302788012,0.7957188487052917,0.5738544464111328,0.440123975276947,0.636861264705658,0.6137139797210693,0.4594409167766571,0.4789205491542816,1.8227708339691162,0.23631928861141205,0.21399755775928497,1.6436231136322021,0.21018198132514954
111,0.0001,0.3641751632094383,0.9186165162522899,0.514577020298351,0.84130087134632,0.911804684758424,13.009821653366089,0.27683278266340494,0.25241345819085836,0.1910332879051566,0.0762123242020607,0.27683278266340494,0.8206526339054108,0.36955331311081396,0.3133618045936931,0.22089632532813333,0.0632578403209195,0.36955331311081396,0.7638539924766078,0.7976434230804443,0.5762671828269958,0.44270625710487366,0.637274980545044,0.6155601739883423,0.46237170696258545,0.48072847723960876,1.8320631980895996,0.23781338334083557,0.21041207015514374,1.6474241018295288,0.210845947265625
112,0.0001,0.36294857040047646,0.9207542186489568,0.5097479567383275,0.8356146346061701,0.9085926989516573,12.610336303710938,0.28004329837858677,0.25301888678222895,0.1999310338869691,0.0744191505946219,0.28004329837858677,0.8215365186333656,0.3341758359562267,0.31751127405600116,0.20652024854313245,0.06656958185362094,0.3341758359562267,0.7900688341169646,0.8010278344154358,0.5773683190345764,0.4453446567058563,0.6387668251991272,0.6167876720428467,0.4644603133201599,0.4794054329395294,1.8385629653930664,0.23876923322677612,0.20820538699626923,1.64453125,0.21121637523174286
113,0.0001,0.362123591825366,0.9204300191988724,0.5455321723764593,0.8226912965333868,0.9004785234874669,12.684472560882568,0.27978644147515297,0.2527567418292165,0.18886966351419687,0.0762960840947926,0.27978644147515297,0.8188114389777184,0.3718271147121083,0.3306036212227561,0.22790094126354565,0.062440494018973725,0.3718271147121083,0.753666386459813,0.8032557368278503,0.5794576406478882,0.4476783275604248,0.6397502422332764,0.6187710165977478,0.4672759473323822,0.48010650277137756,1.8388899564743042,0.2400231659412384,0.20736335217952728,1.6408904790878296,0.21231284737586975
114,0.0001,0.3622504621744156,0.9199682296895833,0.5315436883406206,0.8249812622127887,0.9021939758005451,12.805130958557129,0.27747737895697355,0.254502990283072,0.1894798967987299,0.07444539805874228,0.27747737895697355,0.8177393451333046,0.3608842094739278,0.31986754590814764,0.22741784471454043,0.06266596202145923,0.3608842094739278,0.7669623367714159,0.807145893573761,0.5803928971290588,0.4504609704017639,0.640745997428894,0.6206011772155762,0.46968141198158264,0.4770338535308838,1.8419076204299927,0.24077722430229187,0.20722168684005737,1.636737585067749,0.21272853016853333
115,0.0001,0.3490412514656782,0.9234881181909331,0.5466347679947362,0.8247956545943379,0.9017941856863038,13.064127445220947,0.26388009544461966,0.2504860423505306,0.18582500144839287,0.07594887539744377,0.26388009544461966,0.8345423936843872,0.38587831367145886,0.3342210289203759,0.24111216176639905,0.06325699118050662,0.38587831367145886,0.7430869882757013,0.8089397549629211,0.5828243494033813,0.45286864042282104,0.6414790153503418,0.6228244304656982,0.4720454514026642,0.4805803894996643,1.8472892045974731,0.2422790229320526,0.2065744549036026,1.634255290031433,0.2133362889289856
116,0.0001,0.35882902704179287,0.9200442818302511,0.5336173628315781,0.826807200967992,0.9034593275550863,12.19265341758728,0.27699655294418335,0.2540124533697963,0.190884655341506,0.07559748087078333,0.27699655294418335,0.8210960179567337,0.3661912029439753,0.3196862159353314,0.22862093737631134,0.0629408239866748,0.3661912029439753,0.7595429691401395,0.8117073178291321,0.5844234824180603,0.455465704202652,0.6421898007392883,0.6239280104637146,0.4739551842212677,0.4809364676475525,1.8485721349716187,0.2437257021665573,0.20484349131584167,1.6291582584381104,0.21415334939956665
117,0.0001,0.3597463984042406,0.919342079700057,0.5806940721743035,0.7991426815499753,0.885983279551974,12.452975988388062,0.2733444105833769,0.25613686442375183,0.18841434083878994,0.07540354924276471,0.2733444105833769,0.827929463237524,0.3935313947273023,0.3346811081423904,0.2389994426207109,0.06102371069066452,0.3935313947273023,0.7364460175687616,0.8167397379875183,0.5849449038505554,0.4574434459209442,0.6429362297058105,0.6245281100273132,0.47629958391189575,0.4819943606853485,1.8493199348449707,0.24588705599308014,0.20373739302158356,1.6286485195159912,0.21418829262256622
118,0.0001,0.36396695487201214,0.9178761675292727,0.6086569410381895,0.7976909574879775,0.8854155260619334,12.627134084701538,0.28073241747915745,0.25519150774925947,0.1946959625929594,0.07526727439835668,0.28073241747915745,0.8174543231725693,0.488577871611624,0.32931950146501715,0.21624760103948187,0.05993633931784919,0.488577871611624,0.6868815087910854,0.8184855580329895,0.5861170291900635,0.45999035239219666,0.6430621147155762,0.6263052225112915,0.4787493646144867,0.4822816550731659,1.8460005521774292,0.24754120409488678,0.20460478961467743,1.6322401762008667,0.2149382084608078
119,0.0001,0.3464498948305845,0.9256333304079577,0.5634319962877216,0.8154388066436503,0.8965821085759608,12.971438884735107,0.26968182995915413,0.2462783707305789,0.18870121892541647,0.07460479019209743,0.26968182995915413,0.8336910158395767,0.4099461923946034,0.33313353404854285,0.2232611229022344,0.06062391039096948,0.4099461923946034,0.7303224549149022,0.8216063976287842,0.5866791009902954,0.46282681822776794,0.6439719200134277,0.6284955143928528,0.4815044105052948,0.48599934577941895,1.8481918573379517,0.24908359348773956,0.2032555490732193,1.6333363056182861,0.21506613492965698
120,0.0001,0.3542958050966263,0.9218668946294364,0.548800421483589,0.8189783189441848,0.8985415972517301,12.179826021194458,0.2756482372060418,0.25207281671464443,0.18764886632561684,0.0743961245752871,0.2756482372060418,0.8202763572335243,0.4017222866867528,0.32294939413215173,0.2219474749131636,0.061249710732337204,0.4017222866867528,0.7335380767330979,0.8234845995903015,0.5878362059593201,0.4652608633041382,0.643805980682373,0.6288456320762634,0.4843560457229614,0.48767516016960144,1.8535645008087158,0.25017526745796204,0.20032018423080444,1.6374397277832031,0.21508492529392242
121,0.0001,0.35504381358623505,0.9203543870403459,0.5523958748037164,0.8216678590020445,0.9002829057049772,12.854259014129639,0.27455289475619793,0.2518933406099677,0.18854257091879845,0.07431451044976711,0.27455289475619793,0.8215306624770164,0.42822134856021765,0.3204109352646452,0.21229470498634107,0.060794479128989304,0.42822134856021765,0.7213330919092352,0.825598955154419,0.5887519121170044,0.46769896149635315,0.6441345810890198,0.6294114589691162,0.4868835210800171,0.4902317523956299,1.8569965362548828,0.2515866160392761,0.19676992297172546,1.6358500719070435,0.215134859085083
122,0.0001,0.36093519255518913,0.9163381185589783,0.5239188165375681,0.8304179923392104,0.9058001384840159,12.496321678161621,0.2732652649283409,0.25732800737023354,0.18659882061183453,0.07556186057627201,0.2732652649283409,0.8238494917750359,0.36142531308260833,0.3260234088608713,0.2113254711483464,0.06549148047060678,0.36142531308260833,0.7640864469788291,0.8271031379699707,0.5899230241775513,0.47000306844711304,0.6444846987724304,0.6309693455696106,0.4891727566719055,0.49472013115882874,1.867394208908081,0.2532510757446289,0.19396857917308807,1.6325145959854126,0.21621279418468475
123,0.0001,0.34758794866502285,0.9245975519163592,0.5644690087347319,0.8199039084197731,0.8992743641639261,13.183588027954102,0.26577428355813026,0.24987437576055527,0.18850933481007814,0.0757686453871429,0.26577428355813026,0.8312906697392464,0.4575899803277218,0.324610507849491,0.21113700622862036,0.06159285162434434,0.4575899803277218,0.7021853923797607,0.8299036026000977,0.5921445488929749,0.47239771485328674,0.6452599167823792,0.6339478492736816,0.49157240986824036,0.49808064103126526,1.8754243850708008,0.25472965836524963,0.19274526834487915,1.631036400794983,0.21730086207389832
124,0.0001,0.34418039210140705,0.9232047673494641,0.5473723664428248,0.8209154140420297,0.898762486503359,12.945647239685059,0.26913876459002495,0.2448934931308031,0.18317739106714725,0.07454802049323916,0.26913876459002495,0.8272110410034657,0.3711438431884303,0.33779893589742255,0.2118250113545042,0.06402432094469215,0.3711438431884303,0.7595908732125254,0.8334994316101074,0.5941575765609741,0.47508981823921204,0.645833432674408,0.6349846124649048,0.4940715730190277,0.49872320890426636,1.8800065517425537,0.25636959075927734,0.19311551749706268,1.6311373710632324,0.2179034799337387
125,0.0001,0.3484840039163828,0.9230484853340307,0.537220420259418,0.8204350598027804,0.8991027805741562,13.767768621444702,0.2741383481770754,0.2506190063431859,0.18591676466166973,0.07550279330462217,0.2741383481770754,0.8232423402369022,0.34811937086509936,0.32354531143650866,0.21586698474306049,0.062419000561490204,0.34811937086509936,0.7767134670055273,0.835241973400116,0.5955838561058044,0.47727373242378235,0.6459270715713501,0.6356273889541626,0.49668994545936584,0.5015956163406372,1.8815428018569946,0.25746285915374756,0.19351977109909058,1.6300238370895386,0.21819017827510834
126,0.0001,0.3335266876965761,0.9270475833307826,0.5603456605564464,0.8194031809372524,0.8996475056991299,13.235260009765625,0.25708142947405577,0.24322210252285004,0.18001055531203747,0.07580929528921843,0.25708142947405577,0.837331760674715,0.4397573976805716,0.3301121700893749,0.2072201885960319,0.06063532897017219,0.4397573976805716,0.7140286167462667,0.8379532694816589,0.5964292883872986,0.47999122738838196,0.6468055844306946,0.6364845037460327,0.49919235706329346,0.5043371319770813,1.8792462348937988,0.25874075293540955,0.19222527742385864,1.629537582397461,0.21810118854045868
127,0.0001,0.34172183461487293,0.9233284876152034,0.5463878819436738,0.8242802801130005,0.9012386158375699,12.246432065963745,0.26553997956216335,0.2456991821527481,0.1812212262302637,0.07530172122642398,0.26553997956216335,0.8293185532093048,0.40067330634955206,0.3339418353456439,0.21448601646856827,0.0635978387612285,0.40067330634955206,0.7388029441689,0.8401877284049988,0.5984206199645996,0.4816015958786011,0.6465635895729065,0.6387231349945068,0.5016201138496399,0.5055103302001953,1.8833647966384888,0.2603869140148163,0.19220994412899017,1.628902554512024,0.2185685932636261
128,0.0001,0.34502872079610825,0.922728216228575,0.5138603737860015,0.8308967556262614,0.9049054264250908,12.458263635635376,0.2685139384120703,0.25179199036210775,0.18305401876568794,0.0747346580028534,0.2685139384120703,0.8279227539896965,0.3242153724034627,0.32063658490325464,0.19837434002847382,0.0706891283167131,0.3242153724034627,0.7864384019013607,0.841878354549408,0.6008222699165344,0.4838743209838867,0.646833598613739,0.640332818031311,0.5035549402236938,0.505095899105072,1.8868945837020874,0.2621200978755951,0.19061468541622162,1.6295356750488281,0.21944229304790497
129,0.0001,0.34856474585831165,0.9168755821878604,0.5411725622234922,0.8184229141238989,0.897502747942206,12.434165239334106,0.2659197272732854,0.2512259380891919,0.18331747688353062,0.07538066571578383,0.2659197272732854,0.8295942433178425,0.3576071695847945,0.3308374917868412,0.19987347541433392,0.06892129169269041,0.3576071695847945,0.7630280545263579,0.8441701531410217,0.6015154719352722,0.4861699938774109,0.6474623084068298,0.6408863663673401,0.5061607956886292,0.5077903866767883,1.8927403688430786,0.2635762095451355,0.18684493005275726,1.6298270225524902,0.21940678358078003
130,0.0001,0.33386778458952904,0.927689875389454,0.5150193445610277,0.843726064579043,0.913990871254773,12.470380067825317,0.2687566317617893,0.24335226137191057,0.17792380414903164,0.07654527528211474,0.2687566317617893,0.826989408582449,0.40686128717480285,0.31558291839830804,0.21796497205893198,0.06246846654649937,0.40686128717480285,0.7315338705525254,0.8476934432983398,0.6014848947525024,0.48848745226860046,0.6482042670249939,0.6413834095001221,0.5087045431137085,0.5033848285675049,1.9016289710998535,0.26531195640563965,0.1868118792772293,1.6322195529937744,0.2200012356042862
131,0.0001,0.3534107282757759,0.9182229080714724,0.522071513262662,0.8390763937185386,0.9101381305404477,12.63757848739624,0.27805464062839746,0.24947749637067318,0.18944579549133778,0.07580384938046336,0.27805464062839746,0.8167704641819,0.3960290822115811,0.32518472906314966,0.212560466744683,0.06268766770760219,0.3960290822115811,0.7407785798564102,0.8499398827552795,0.6024995446205139,0.49137744307518005,0.6488834619522095,0.6426827311515808,0.5113380551338196,0.5066858530044556,1.9051827192306519,0.26709654927253723,0.18550117313861847,1.6369681358337402,0.22025038301944733
132,0.0001,0.3572298679500818,0.91613765297426,0.5081828688130234,0.8334985505182092,0.9084459675344766,13.289299249649048,0.2751101339235902,0.2551105059683323,0.1870527658611536,0.07725412165746093,0.2751101339235902,0.8249259404838085,0.31890938498757104,0.31765661998228595,0.2088922244129759,0.07236273135199692,0.31890938498757104,0.7989355434070934,0.8519284129142761,0.602060854434967,0.4929549992084503,0.6491884589195251,0.6430876851081848,0.5134044289588928,0.5064584016799927,1.9202065467834473,0.2686806917190552,0.1852797269821167,1.6382114887237549,0.2210053652524948
133,0.0001,0.3502989932894707,0.9156476767404572,0.5636850776094379,0.8150283361326669,0.8955566977534504,13.046507596969604,0.2661432921886444,0.2472207946702838,0.1828496130183339,0.08061647415161133,0.2661432921886444,0.8306690640747547,0.426326668623722,0.3353777329126994,0.2169232675523469,0.06923692334781993,0.426326668623722,0.7168192077766765,0.8543148040771484,0.6031047105789185,0.4947625994682312,0.650209903717041,0.6436320543289185,0.5156903266906738,0.5093436241149902,1.925719976425171,0.27029791474342346,0.18359078466892242,1.6567248106002808,0.2218090146780014
134,0.0001,0.3718267399817705,0.906308089794577,0.5502457149101027,0.8053104947769618,0.8902001955871888,12.888083696365356,0.2861998174339533,0.25689538568258286,0.19101234152913094,0.07929303916171193,0.2861998174339533,0.8120930790901184,0.3451115416757988,0.33391645911968115,0.22659934108907526,0.07057048402952426,0.3451115416757988,0.7726467071157513,0.8572516441345215,0.6025112271308899,0.49671271443367004,0.6508118510246277,0.6432769298553467,0.5180582404136658,0.5148845911026001,1.930385708808899,0.271279513835907,0.1831676959991455,1.6684179306030273,0.2231108695268631
135,0.0001,0.34290583804249763,0.9228312885497632,0.515514536337419,0.8282900960687573,0.9038038076904491,12.698576927185059,0.2663517836481333,0.25178224314004183,0.18669771496206522,0.07894200226292014,0.2663517836481333,0.8306474536657333,0.34946227434909705,0.3204531687678713,0.21619622273878616,0.07090745471192128,0.34946227434909705,0.7683656305977793,0.8579136729240417,0.6025719046592712,0.49865543842315674,0.6508114337921143,0.6452714204788208,0.5199117660522461,0.515781581401825,1.9302608966827393,0.2726520001888275,0.1835019588470459,1.6680550575256348,0.2238517701625824
136,0.0001,0.33555846475064754,0.9242998792668811,0.48132385087735724,0.8504795375933981,0.9181127966806424,12.296189785003662,0.2610148638486862,0.2451001051813364,0.18258957099169493,0.07758786156773567,0.2610148638486862,0.8360058441758156,0.3199505264108831,0.31543229204235657,0.19837979565967212,0.07399531103896373,0.3199505264108831,0.7953029798738884,0.861638605594635,0.6037014722824097,0.5011073350906372,0.6519238948822021,0.6468852162361145,0.5223569869995117,0.5144569277763367,1.9291207790374756,0.2735406160354614,0.18308159708976746,1.672532320022583,0.22468623518943787
137,0.0001,0.33134824968874454,0.926018747874756,0.5033748041499745,0.8377874069166972,0.909500373879282,12.731388330459595,0.26119440235197544,0.24351218808442354,0.1765863662585616,0.07828705944120884,0.26119440235197544,0.8340903297066689,0.324685017267863,0.32255971070491907,0.2026835788380016,0.07377565866618445,0.324685017267863,0.7938758261276014,0.8640584349632263,0.6056690216064453,0.5035109519958496,0.6522270441055298,0.6492424011230469,0.5244594812393188,0.5178443193435669,1.9311047792434692,0.2746244966983795,0.18222102522850037,1.6742477416992188,0.22478680312633514
138,0.0001,0.33367448672652245,0.9250544774666436,0.5407428885951187,0.8178232721992228,0.8980166266017917,12.92266297340393,0.26518445927649736,0.2430386170744896,0.17952565755695105,0.07746028946712613,0.26518445927649736,0.8301654569804668,0.3163308808297822,0.33334512692509277,0.18958747748172644,0.07369086417284879,0.3163308808297822,0.8034579031395189,0.8648653030395508,0.6071605086326599,0.5057569742202759,0.6524602174758911,0.6512280106544495,0.5265203714370728,0.5151348114013672,1.9295259714126587,0.2760469615459442,0.18186157941818237,1.675178050994873,0.22469869256019592
139,0.0001,0.3367114197462797,0.924779567297994,0.526266564022411,0.8214657455404244,0.8991286950324537,12.542709350585938,0.27279050927609205,0.24663515854626894,0.18484508525580168,0.07768419105559587,0.27279050927609205,0.8251833245158195,0.31491949702754163,0.33048606821984955,0.20866699471618189,0.06970404652935086,0.31491949702754163,0.8036368398955374,0.8670665621757507,0.6083471179008484,0.5077300667762756,0.6520331501960754,0.6535930633544922,0.528917670249939,0.5153458714485168,1.9288294315338135,0.2776268422603607,0.1816895306110382,1.6728218793869019,0.22531357407569885
140,0.0001,0.32824348378926516,0.9264403958619158,0.5221802212975242,0.83075944073887,0.9057256304886717,12.443751335144043,0.2610969301313162,0.24181597121059895,0.17886812426149845,0.07894320599734783,0.2610969301313162,0.8328674733638763,0.3434802600831697,0.3332296709219615,0.21651252833279697,0.072878148406744,0.3434802600831697,0.7794889085220568,0.868380606174469,0.6083371639251709,0.5100731253623962,0.6524304747581482,0.6536515951156616,0.5318357348442078,0.5122431516647339,1.9338282346725464,0.27907559275627136,0.1816774308681488,1.6687403917312622,0.22572624683380127
141,0.0001,0.34674457646906376,0.9202077743186585,0.5386681574763674,0.8201553701172759,0.899364995515304,12.513473510742188,0.2745513506233692,0.2503723669797182,0.18563756067305803,0.07916122209280729,0.2745513506233692,0.8204331733286381,0.3607652656959765,0.3329151724324082,0.22841283949938687,0.06947336515242403,0.3607652656959765,0.7668122251828512,0.8694155812263489,0.6089476943016052,0.5119186043739319,0.6523082852363586,0.6543934941291809,0.5340632796287537,0.5155871510505676,1.9376404285430908,0.2801884412765503,0.1821109801530838,1.6733016967773438,0.2263742834329605
142,0.0001,0.32309985533356667,0.9291373353066931,0.5376561952359749,0.829076457562554,0.9048443119880358,12.283032655715942,0.26073335111141205,0.24057038966566324,0.18106122221797705,0.0778027530759573,0.26073335111141205,0.8359988927841187,0.42380366903362854,0.31692500096378906,0.21885898889917316,0.06399822675369003,0.42380366903362854,0.7242212692896525,0.8720788359642029,0.6097236275672913,0.5139448642730713,0.653438150882721,0.6559237241744995,0.5365171432495117,0.5174194574356079,1.9424747228622437,0.28181716799736023,0.17994919419288635,1.6750924587249756,0.22732549905776978
143,0.0001,0.3204127252101898,0.9289018154040394,0.5153918952652903,0.8360722175050473,0.9089302089535289,12.28972864151001,0.2537088831886649,0.23954814486205578,0.17570067755877972,0.07902589533478022,0.2537088831886649,0.8386901766061783,0.3818796295108217,0.3172881982543252,0.2151361812244762,0.06649287270777153,0.3818796295108217,0.7536183830463525,0.87484210729599,0.6105039715766907,0.5161237120628357,0.6536411046981812,0.657720685005188,0.5385900139808655,0.5143418908119202,1.9413279294967651,0.2826716899871826,0.17873366177082062,1.6783870458602905,0.22795239090919495
144,0.0001,0.32436385191977024,0.9298322974905397,0.523816441044663,0.8337726265152262,0.9078892983040026,12.358049869537354,0.2665906650945544,0.23738450743258,0.18359616491943598,0.0777130275964737,0.2665906650945544,0.831985205411911,0.38437517845269403,0.32614227226286224,0.22191096797133936,0.06441744484684685,0.38437517845269403,0.7511866580356251,0.8775255084037781,0.6111885905265808,0.5182431936264038,0.6540518403053284,0.6590296030044556,0.540477454662323,0.5163400769233704,1.9405746459960938,0.28394678235054016,0.17837686836719513,1.6785045862197876,0.22776000201702118
145,0.0001,0.31240246444940567,0.9324931165690452,0.49570132385600696,0.8409509493971555,0.9119633508806172,12.767283201217651,0.2551219305023551,0.23297892604023218,0.17605585511773825,0.07747508026659489,0.2551219305023551,0.8373095169663429,0.3459559570659291,0.316609415141019,0.2140638530254364,0.06855886497280815,0.3459559570659291,0.7794043855233626,0.8794545531272888,0.6125180721282959,0.5207632780075073,0.6530826091766357,0.659052312374115,0.5427063703536987,0.515740156173706,1.9438680410385132,0.28508496284484863,0.17670442163944244,1.6770286560058594,0.2282382845878601
146,0.0001,0.313882602378726,0.9313494250038266,0.494615067135204,0.8455103366120427,0.9144454253381139,12.84841251373291,0.2564366851001978,0.2317526862025261,0.1764907194301486,0.07631783140823245,0.2564366851001978,0.8390197120606899,0.3611616636767532,0.31966351559667877,0.20174923358541547,0.06799465914567311,0.3611616636767532,0.772067236177849,0.8808873891830444,0.6136019825935364,0.5229840874671936,0.6526782512664795,0.6606776118278503,0.5449175238609314,0.5162820816040039,1.9412368535995483,0.28615671396255493,0.17606228590011597,1.6783900260925293,0.2287035882472992
147,0.0001,0.31541913095861673,0.9294332841386874,0.49487682544823847,0.8445248599439503,0.9136335756438226,12.801701545715332,0.2536510154604912,0.2330340351909399,0.17603589966893196,0.07707192003726959,0.2536510154604912,0.8416528925299644,0.32585161743742047,0.32920012690804223,0.19645884903994473,0.0715989489672762,0.32585161743742047,0.7979371764443137,0.8839145302772522,0.6150650978088379,0.5252216458320618,0.6532461047172546,0.661869466304779,0.5468744039535522,0.5176562666893005,1.9462991952896118,0.2874246835708618,0.1759575605392456,1.6790050268173218,0.22904354333877563
148,0.0001,0.32969131134450436,0.9234575415602089,0.5221823779019442,0.8206440992362111,0.8992029099770528,13.28791618347168,0.2598217176273465,0.24484146479517221,0.17730177380144596,0.07578804809600115,0.2598217176273465,0.8325568214058876,0.33102140282139636,0.32556002338727313,0.20655732263218274,0.0746836167844859,0.33102140282139636,0.7865895547650077,0.8836215734481812,0.6159903407096863,0.5275383591651917,0.6521181464195251,0.663231611251831,0.5490617752075195,0.5204958915710449,1.9453829526901245,0.28807535767555237,0.1761428713798523,1.6801080703735352,0.22930513322353363
149,0.0001,0.3228519968688488,0.9251351641176526,0.5151033473737312,0.8316329684745423,0.9057817240362924,12.986896991729736,0.2578929103910923,0.24116207286715508,0.17546913865953684,0.07761098304763436,0.2578929103910923,0.8313477598130703,0.32570569623600354,0.33669975219350873,0.1798521208040642,0.0751716002370372,0.32570569623600354,0.780588377605785,0.8858805894851685,0.6163888573646545,0.5293745994567871,0.6526193022727966,0.663074254989624,0.5505170822143555,0.5218253135681152,1.9472392797470093,0.28957322239875793,0.17628996074199677,1.6769465208053589,0.230022594332695
150,0.0001,0.3184645902365446,0.9265682415064882,0.49938398960864905,0.8405474421941908,0.9120044851212146,12.150969505310059,0.2562765022739768,0.23691293969750404,0.17651466093957424,0.07787754060700536,0.2562765022739768,0.8378980755805969,0.340128400109031,0.3203005673307361,0.21973538489052744,0.0700284182799585,0.340128400109031,0.7851669192314148,0.8862096667289734,0.6170308589935303,0.5312159061431885,0.6519620418548584,0.6644319295883179,0.5524963736534119,0.5247220993041992,1.9504765272140503,0.2910751402378082,0.17554375529289246,1.6738932132720947,0.23044145107269287
151,0.0001,0.31797714345157146,0.9276393409685014,0.4902692021745624,0.8450507245001384,0.914436291535166,12.461785316467285,0.2600083462893963,0.2349954815581441,0.17633617017418146,0.07832475518807769,0.2600083462893963,0.8310181759297848,0.321663397731203,0.32458025307366345,0.1966526038718946,0.07322983974308679,0.321663397731203,0.7990490794181824,0.8878332376480103,0.6182605028152466,0.5335838794708252,0.6524774432182312,0.6646721959114075,0.5545034408569336,0.5256374478340149,1.9583053588867188,0.2920631468296051,0.17655566334724426,1.677863597869873,0.23123601078987122
152,0.0001,0.31643280014395714,0.9309050663179761,0.49380694736133923,0.8481920378883518,0.9167930708953754,12.684976577758789,0.2610484380275011,0.23321991600096226,0.1806686008349061,0.07866840716451406,0.2610484380275011,0.8351318277418613,0.3361230619025953,0.33077782573121967,0.19892388898314853,0.07179738739223192,0.3361230619025953,0.7869096019051292,0.8893727660179138,0.618277370929718,0.5356137156486511,0.6532238125801086,0.665704607963562,0.5567342042922974,0.5261319875717163,1.9602117538452148,0.2932262420654297,0.17702805995941162,1.6813209056854248,0.2320924699306488
153,0.0001,0.3116700258105993,0.9308329858491442,0.49763752113689075,0.8400179478166114,0.9114396619695015,13.770390272140503,0.25932144187390804,0.23117757309228182,0.17444952297955751,0.07851019268855453,0.25932144187390804,0.8322158791124821,0.3305156845034975,0.3229553627245354,0.21400214505918097,0.07050731123396844,0.3305156845034975,0.7959703207015991,0.892519474029541,0.6193152070045471,0.5375587344169617,0.6540108919143677,0.6661828756332397,0.55841463804245,0.525475800037384,1.9618326425552368,0.29421675205230713,0.17634214460849762,1.6833831071853638,0.23270803689956665
154,0.0001,0.3201362220570445,0.9282737518380034,0.48527874729850073,0.8536325096103948,0.9199229799848725,12.779282808303833,0.2613133294507861,0.2390319025143981,0.17677013110369444,0.07800238532945514,0.2613133294507861,0.8330337330698967,0.31741977460456616,0.33736783627307776,0.2040357074954293,0.07256256450306285,0.31741977460456616,0.8062721906286298,0.8953258991241455,0.6200273633003235,0.5397925972938538,0.65439772605896,0.6672925353050232,0.5603445768356323,0.5260947346687317,1.9654358625411987,0.2956501245498657,0.17399823665618896,1.685158371925354,0.2329593151807785
155,0.0001,0.3129659816622734,0.9298031581895663,0.514265649246447,0.8348919119686362,0.9076068562291164,12.307141542434692,0.25491986982524395,0.23431279696524143,0.1776772066950798,0.0796615188010037,0.25491986982524395,0.8398490808904171,0.32832618915673456,0.3425122824582187,0.21644042206533026,0.07151793327295419,0.32832618915673456,0.7947717381246162,0.8949772119522095,0.6221275925636292,0.5410447120666504,0.6528580188751221,0.668779730796814,0.5622389912605286,0.5296478271484375,1.9693092107772827,0.2967638671398163,0.1714121401309967,1.6874984502792358,0.23313504457473755
156,0.0001,0.30752147547900677,0.9323764935565426,0.5091349428350275,0.8344042352670908,0.9076183051398173,13.157180309295654,0.25290489476174116,0.23300207313150167,0.17451968789100647,0.07769078202545643,0.25290489476174116,0.8408325202763081,0.3221127481171579,0.3319226358876084,0.19542647672422003,0.07142700345227213,0.3221127481171579,0.8015882192236005,0.895397961139679,0.622795581817627,0.5430815815925598,0.6530965566635132,0.6693136096000671,0.5648611187934875,0.5306462049484253,1.9704428911209106,0.29794758558273315,0.1725720912218094,1.6828651428222656,0.23362894356250763
157,0.0001,0.3156235385686159,0.9298072941182526,0.5139557448300448,0.8325363351523569,0.906104409197864,15.72685718536377,0.2616605022922158,0.23487167991697788,0.17844667751342058,0.07700056489557028,0.2616605022922158,0.8315089493989944,0.3262566526730855,0.33948605530189746,0.19441400784434695,0.07437337404399207,0.3262566526730855,0.7800592725927179,0.8963406682014465,0.6235362887382507,0.545242965221405,0.6531506180763245,0.671421229839325,0.5668643712997437,0.5324482321739197,1.9727050065994263,0.298764705657959,0.1724158227443695,1.682907223701477,0.23441366851329803
158,0.0001,0.3143986836075783,0.9292506914510495,0.5166251189780958,0.8277825304158443,0.9035356417092657,13.120776653289795,0.25879343319684267,0.23450796958059072,0.1754322350025177,0.07936140522360802,0.25879343319684267,0.8331992886960506,0.31268720373962866,0.333071099989342,0.20057621869173917,0.07502504201097922,0.31268720373962866,0.8041489052050041,0.8958626985549927,0.6247140765190125,0.5472283363342285,0.6522483825683594,0.6730763912200928,0.5687695741653442,0.5340191721916199,1.9742107391357422,0.2995976507663727,0.17185646295547485,1.681208610534668,0.2348852902650833
159,0.0001,0.3102577356621623,0.9302263417971828,0.5097350134994044,0.8438386696054289,0.9141204371428738,13.225788116455078,0.25428498070687056,0.2351121287792921,0.17539419140666723,0.07992300624027848,0.25428498070687056,0.8384151086211205,0.361184607852589,0.33706342270880035,0.20901177326838175,0.07101378172184482,0.361184607852589,0.7696409369959976,0.8984956741333008,0.6248171925544739,0.549150288105011,0.652279257774353,0.6752543449401855,0.5706522464752197,0.5342081189155579,1.9774045944213867,0.30090123414993286,0.17238366603851318,1.6820807456970215,0.2349984049797058
160,0.0001,0.3064787145704031,0.9328838219587624,0.5030291405591097,0.845445424667356,0.9149699916194932,12.784446239471436,0.25174758583307266,0.23309555929154158,0.1730884276330471,0.0799629227258265,0.25174758583307266,0.8416857682168484,0.34790225823720294,0.33525119496114325,0.2105152914018342,0.07322439449754628,0.34790225823720294,0.779074074644031,0.899608850479126,0.6261231303215027,0.5509922504425049,0.6526750326156616,0.6753399968147278,0.5733001232147217,0.5333124399185181,1.980148434638977,0.3018592596054077,0.17255808413028717,1.6839743852615356,0.2350408434867859
161,0.0001,0.3084972873330116,0.9320484630912826,0.48867905139923096,0.8434381058579931,0.9128139909042009,12.04317569732666,0.2539875749498606,0.23612598702311516,0.17531714495271444,0.0783615056425333,0.2539875749498606,0.8403804115951061,0.30460134780768194,0.32846976952119306,0.20211541652679443,0.07266528283556302,0.30460134780768194,0.8129849343588857,0.901235044002533,0.6277445554733276,0.552871823310852,0.6531558036804199,0.6754398941993713,0.5755642056465149,0.5325850248336792,1.9836783409118652,0.30256187915802,0.16982336342334747,1.6768306493759155,0.2354232668876648
162,0.0001,0.3052665460854769,0.9305695798061525,0.4996334494966449,0.844168305609757,0.9136222378799626,12.188982725143433,0.2510056318715215,0.229794692248106,0.17190569639205933,0.0772839980199933,0.2510056318715215,0.8403316736221313,0.317922749302604,0.3451270370772391,0.19195822513464725,0.0716902714109782,0.317922749302604,0.7960755734732656,0.9027135968208313,0.6293099522590637,0.554868757724762,0.6536922454833984,0.6774339079856873,0.5773987770080566,0.5377775430679321,1.9843313694000244,0.3039693832397461,0.16884861886501312,1.6762281656265259,0.23564206063747406
163,0.0001,0.30258405953645706,0.9335576647266408,0.4900729511723374,0.8404648100215633,0.9121937638396951,12.66852855682373,0.25269033294171095,0.22981936018913984,0.17284369841217995,0.07760315574705601,0.25269033294171095,0.8352638781070709,0.30675564751480566,0.32396416953115753,0.2045937478542328,0.07221573839584987,0.30675564751480566,0.8133516167149399,0.9016072154045105,0.630513072013855,0.5562587380409241,0.6531643271446228,0.6771124005317688,0.5794228315353394,0.5360642671585083,1.9847400188446045,0.3047310411930084,0.16804362833499908,1.675815224647522,0.2359677404165268
164,0.0001,0.3000348284840584,0.9363556942549863,0.4943659341696537,0.8439646446071765,0.9137023806984299,12.157961368560791,0.25646986439824104,0.22550598718225956,0.1743968902155757,0.07691027177497745,0.25646986439824104,0.8374180607497692,0.3314372572031888,0.32908783356348675,0.19571360765081464,0.07108560193217162,0.3314372572031888,0.7914171236934084,0.9030158519744873,0.6310031414031982,0.5584967136383057,0.6530734300613403,0.6773475408554077,0.5814685821533203,0.5379111766815186,1.9847934246063232,0.3055335283279419,0.1675049513578415,1.6743577718734741,0.2360425591468811
165,0.0001,0.31244178861379623,0.9311395619188184,0.489201899730798,0.8404710337150226,0.9119795358789196,12.452598810195923,0.264838308095932,0.22986931912600994,0.17868640553206205,0.07685366552323103,0.264838308095932,0.8281155228614807,0.30916645490761957,0.32721251159003284,0.2005731346029224,0.07293130457401276,0.30916645490761957,0.8086945342295098,0.9034801125526428,0.6314523816108704,0.5605323314666748,0.6526696681976318,0.6778565645217896,0.5838853120803833,0.5373666882514954,1.98631751537323,0.3065641522407532,0.16742555797100067,1.6740028858184814,0.23611798882484436
166,0.0001,0.30207848735153675,0.9335633033070239,0.5122426603779648,0.8378811766630042,0.9099960097440947,12.666586637496948,0.2550173234194517,0.22793067432940006,0.17447934672236443,0.0777495102956891,0.2550173234194517,0.838002972304821,0.35516927097782947,0.33570684086192737,0.21726320006630637,0.07070271241845506,0.35516927097782947,0.7757217396389354,0.9025638103485107,0.6318224668502808,0.5623091459274292,0.6518872976303101,0.6789476871490479,0.5860337018966675,0.5406594276428223,1.9895920753479004,0.30746445059776306,0.16739605367183685,1.676074504852295,0.2364065796136856
167,0.0001,0.3064748039469123,0.9321871609921839,0.5471190467025294,0.8276217435504077,0.9034603186664589,12.251055002212524,0.25897820107638836,0.231683106161654,0.1765823708847165,0.07613899884745479,0.25897820107638836,0.832011841237545,0.41918519048979785,0.34430892900987103,0.2018763946764397,0.06834209620049506,0.41918519048979785,0.7355326269612168,0.904004693031311,0.6326943635940552,0.5643348693847656,0.6518993377685547,0.6801881194114685,0.5879461169242859,0.542151153087616,1.9897958040237427,0.3083326816558838,0.16545899212360382,1.67747962474823,0.23714835941791534
168,0.0001,0.30702286027371883,0.9313040175225442,0.49105133432330506,0.8415715773708864,0.9130299309682329,13.18126106262207,0.25877001136541367,0.22861925791949034,0.17750398814678192,0.07656597439199686,0.25877001136541367,0.8313871920108795,0.31092817133123224,0.32849454337900336,0.21279764446345242,0.07031052367705287,0.31092817133123224,0.8076489007834232,0.9043449759483337,0.6334336996078491,0.5664750933647156,0.6508035063743591,0.680715799331665,0.5899844765663147,0.5418609976768494,1.9918941259384155,0.3091525733470917,0.16365672647953033,1.6759803295135498,0.23721303045749664
169,0.0001,0.30345394089818,0.9323251732168354,0.4803236470077977,0.84650709947916,0.9153268488750158,12.452139377593994,0.25327792949974537,0.22691497392952442,0.17528682760894299,0.07801776984706521,0.25327792949974537,0.8411037959158421,0.3006495273474491,0.33279139164722327,0.18355049508990665,0.07472293293385794,0.3006495273474491,0.8111503557725386,0.9072350263595581,0.6338951587677002,0.5689750909805298,0.6508716344833374,0.6803069114685059,0.592154324054718,0.5402761697769165,1.9947806596755981,0.30973631143569946,0.16472411155700684,1.6734532117843628,0.23744750022888184
170,0.0001,0.303348571062088,0.9316713766018124,0.5179969541954271,0.8307167309391607,0.9055002601529504,12.024696588516235,0.2547094728797674,0.23198824748396873,0.170140840113163,0.07745506335049868,0.2547094728797674,0.8358937576413155,0.37382556091655383,0.3339591929406831,0.2099144242026589,0.07206009610584288,0.37382556091655383,0.7569384394270001,0.9096164703369141,0.6347728371620178,0.5710135102272034,0.6513348817825317,0.6811060905456543,0.5941492319107056,0.5399593710899353,1.9982830286026,0.3109605610370636,0.16526634991168976,1.6824604272842407,0.23739977180957794
171,0.0001,0.29563529044389725,0.9346427062574262,0.4843639171484745,0.8483333496555537,0.9164597774737521,12.412094116210938,0.24844492226839066,0.2257358180359006,0.17352642212063074,0.07845348073169589,0.24844492226839066,0.8443800956010818,0.3096856619372512,0.33546201839591516,0.19048148935491388,0.07382520875244429,0.3096856619372512,0.8081306779023373,0.9107627868652344,0.6350552439689636,0.5730353593826294,0.6514092087745667,0.6815964579582214,0.5957714915275574,0.5404120087623596,1.996218204498291,0.31176450848579407,0.16484655439853668,1.6877495050430298,0.23762919008731842
172,0.0001,0.28997468017041683,0.9378785954459283,0.5132545088276719,0.8354481056154951,0.9087084120655817,12.58410930633545,0.24665324576199055,0.22154822945594788,0.17135365679860115,0.07875640876591206,0.24665324576199055,0.8430040702223778,0.3388437104947639,0.341729538007216,0.20731090144677597,0.07144568397691756,0.3388437104947639,0.7807953773122845,0.9114407300949097,0.6358651518821716,0.5748934745788574,0.6515220403671265,0.6820197105407715,0.5978569388389587,0.5432266592979431,1.9944905042648315,0.31238171458244324,0.1644861251115799,1.6849759817123413,0.23783808946609497
173,0.0001,0.2956266924738884,0.93506704281774,0.487751816258286,0.8472402031312729,0.9159637106635407,13.2734375,0.25204172544181347,0.2234756499528885,0.17207049392163754,0.07825929438695312,0.25204172544181347,0.8401363380253315,0.3096046501939947,0.3391797298734838,0.19879741018468683,0.07259882331797571,0.3096046501939947,0.8089574268369963,0.9127730131149292,0.6369102001190186,0.5768170356750488,0.6509078741073608,0.6836878657341003,0.5996338725090027,0.5417768955230713,1.9948965311050415,0.3130749762058258,0.16478584706783295,1.6827021837234497,0.23845599591732025
174,0.0001,0.28724837210029364,0.9370233982701677,0.5118461124824755,0.8322031128881111,0.9070159170875467,11.989363670349121,0.2402397356927395,0.22039919067174196,0.16753198206424713,0.0792835159227252,0.2402397356927395,0.8505001477897167,0.31732692140521424,0.34479453527566156,0.1916104889277256,0.07445542265971501,0.31732692140521424,0.8042228312203379,0.914105236530304,0.6367369890213013,0.5787789225578308,0.6514669060707092,0.6831678748130798,0.6013096570968628,0.5403358936309814,1.997743844985962,0.3140200972557068,0.16532601416110992,1.6820507049560547,0.23869848251342773
175,0.0001,0.29735307581722736,0.9353918315181508,0.49044808835694287,0.8462613349441493,0.9157790689797175,12.790634155273438,0.2515519242733717,0.2252592332661152,0.17392308171838522,0.07930951239541173,0.2515519242733717,0.8416187614202499,0.3149805394085971,0.33804981816898694,0.19637389345602554,0.07421342294776079,0.3149805394085971,0.8045789816162803,0.9140231609344482,0.6373142004013062,0.5800861120223999,0.650890052318573,0.6832945942878723,0.603366494178772,0.5417698621749878,1.9979476928710938,0.31504473090171814,0.1645943522453308,1.6789181232452393,0.2388196885585785
176,0.0001,0.3056489396840334,0.9298933261121904,0.5029892018347075,0.8338897963929555,0.9069834871317682,13.58145546913147,0.2569119306281209,0.23286951892077923,0.17172798234969378,0.07823853753507137,0.2569119306281209,0.8342001214623451,0.31917810440063477,0.33624043157606415,0.19995693365732828,0.07321886989203366,0.31917810440063477,0.8004855928999005,0.9147548079490662,0.6385055184364319,0.5816875100135803,0.6506637930870056,0.6845136284828186,0.6049705147743225,0.5418548583984375,2.0033962726593018,0.31627795100212097,0.16552411019802094,1.6752315759658813,0.2392553836107254
177,0.0001,0.2925101211294532,0.9356815795570997,0.4825402462121212,0.8445977235273838,0.9140508680973699,12.685101985931396,0.24413641076534986,0.22750095091760159,0.16878636740148067,0.07944461237639189,0.24413641076534986,0.8459449410438538,0.30211072979551373,0.3332657100576343,0.18955225655526825,0.07687838138504462,0.30211072979551373,0.8094635352943883,0.9146506786346436,0.6398093700408936,0.5831758379936218,0.650274932384491,0.6847026348114014,0.6064863801002502,0.5420487523078918,2.0075254440307617,0.3176565170288086,0.16581636667251587,1.6724821329116821,0.23977795243263245
178,0.0001,0.29475056286901236,0.9345145979980635,0.503944891871828,0.8378068271271123,0.9094830038549601,12.635505199432373,0.252041544765234,0.22372200898826122,0.17000977508723736,0.07868575770407915,0.252041544765234,0.8419756554067135,0.31283053846070263,0.33970607591397833,0.18157765811139887,0.0772696610427264,0.31283053846070263,0.7965108788374698,0.91602623462677,0.6405869722366333,0.5849705934524536,0.650438129901886,0.6855592131614685,0.6083091497421265,0.5415804982185364,2.008439064025879,0.31848177313804626,0.1665291041135788,1.6717921495437622,0.24005429446697235
179,0.0001,0.2987214885652065,0.9335605341455167,0.4869881651618264,0.8460049831641417,0.914994987234395,12.462516784667969,0.2579015074297786,0.2268107933923602,0.17313978914171457,0.0787062724120915,0.2579015074297786,0.8322138637304306,0.3424991730487708,0.32469405098394916,0.19166561780553876,0.07383066867337082,0.3424991730487708,0.7860683238867557,0.9157477617263794,0.6406304836273193,0.5869550108909607,0.6500393748283386,0.6870198249816895,0.6103814244270325,0.5446745157241821,2.00535249710083,0.31963077187538147,0.16585788130760193,1.670005440711975,0.2402702122926712
180,0.0001,0.2903475407510996,0.9368235673458312,0.4884524562142112,0.843162737186417,0.913047356641977,12.923863887786865,0.2516753328964114,0.22099915891885757,0.175436582416296,0.07712268643081188,0.2516753328964114,0.8407660722732544,0.30209600202965015,0.336365897547115,0.19717128710313278,0.07115789401260289,0.30209600202965015,0.8142288562023279,0.9167279005050659,0.6417778730392456,0.5889506340026855,0.649736762046814,0.6873009204864502,0.6124473810195923,0.5429472923278809,2.0056676864624023,0.32075923681259155,0.16594474017620087,1.6652412414550781,0.2399931102991104
181,0.0001,0.28379408176988363,0.9390688226467274,0.4977252772360137,0.8375314766223112,0.9095687547078963,12.105003595352173,0.24408043175935745,0.21950006484985352,0.1638177838176489,0.07768073165789247,0.24408043175935745,0.848061341792345,0.30222783305428247,0.3368764447443413,0.19433857997258505,0.07249532989931828,0.30222783305428247,0.8196018862001824,0.9175054430961609,0.6427965760231018,0.5907717347145081,0.6493204832077026,0.6879271268844604,0.6142830848693848,0.5401372313499451,2.0023763179779053,0.32148277759552,0.16467584669589996,1.6608167886734009,0.24010562896728516
182,0.0001,0.2862990414723754,0.937789721386499,0.47436993049852777,0.8492745546562541,0.9171884252126029,14.691483497619629,0.2477087089791894,0.21915601566433907,0.16943268943578005,0.07694631163030863,0.2477087089791894,0.8427899777889252,0.2892530957857768,0.3327555575154044,0.18381626858855737,0.07435920360413464,0.2892530957857768,0.8293619318441912,0.9176915287971497,0.6440838575363159,0.5927764773368835,0.6494860053062439,0.6894816756248474,0.6165671348571777,0.5428721308708191,2.0045347213745117,0.32208317518234253,0.16220711171627045,1.6627893447875977,0.24033968150615692
183,0.0001,0.2930061146616936,0.9339803061222794,0.5023151708371711,0.8349508286208479,0.9083852876628637,14.519173622131348,0.24965651147067547,0.22424085717648268,0.170125437900424,0.0772020579315722,0.24965651147067547,0.8411530368030071,0.3160798405155991,0.3413457310560978,0.20025512034242804,0.07508142710183606,0.3160798405155991,0.7995644482699308,0.9178870916366577,0.6447452902793884,0.594440758228302,0.648796021938324,0.6903346180915833,0.6184594035148621,0.5416372418403625,2.0076589584350586,0.3229250907897949,0.16235195100307465,1.6639752388000488,0.24072682857513428
184,0.0001,0.28110012970864773,0.9407294288197058,0.49118646708401764,0.841189406671721,0.9119510161936507,14.590598583221436,0.24665648397058249,0.21471304539591074,0.1705295406281948,0.07687881588935852,0.24665648397058249,0.8449363373219967,0.30341723470976856,0.3382209033677072,0.18438991904258728,0.07611576388731148,0.30341723470976856,0.8001799782117208,0.9198594689369202,0.6457334160804749,0.5966755151748657,0.6491498947143555,0.6909360885620117,0.6204198598861694,0.5427305102348328,2.0084917545318604,0.32390841841697693,0.1624215990304947,1.6627204418182373,0.24076485633850098
185,0.0001,0.27753773238509893,0.9406145042768669,0.5016022703864358,0.8353250980101278,0.9081774652248007,14.256353616714478,0.2399756833910942,0.21312172338366508,0.1655983254313469,0.07847293606027961,0.2399756833910942,0.8499372899532318,0.3046697739398841,0.33783728697083215,0.18788177949009519,0.07614853571761739,0.3046697739398841,0.8021172050273779,0.921800971031189,0.6463916897773743,0.5985968112945557,0.6493927836418152,0.6902967691421509,0.6220669746398926,0.5432491898536682,2.008812427520752,0.3250117301940918,0.1625930815935135,1.6595193147659302,0.24073085188865662
186,0.0001,0.28278720285743475,0.939818161469431,0.49388361699653394,0.83533631087973,0.9086118280392403,15.012364864349365,0.24505208525806665,0.21798234153538942,0.16957519762217999,0.07868826715275645,0.24505208525806665,0.8462376594543457,0.30141457283135614,0.3287254445480578,0.19161866198886524,0.07749469623421178,0.30141457283135614,0.8097871252984712,0.9218122959136963,0.6465499997138977,0.6004665493965149,0.6487637162208557,0.6908389925956726,0.6236984133720398,0.5448886752128601,2.0082924365997314,0.325901597738266,0.16234318912029266,1.6600860357284546,0.2408054918050766
187,0.0001,0.27684679348021746,0.9401767505963642,0.477564457691077,0.849794103811516,0.9173618024278006,14.724276542663574,0.23785796854645014,0.21516760531812906,0.1644104989245534,0.0785251040942967,0.23785796854645014,0.8528351932764053,0.2931532083135663,0.34120760903213965,0.1850680961753383,0.0767472389746796,0.2931532083135663,0.8168438040848934,0.9231300950050354,0.6464800834655762,0.6022250652313232,0.6484900116920471,0.6916830539703369,0.6252945065498352,0.5474561452865601,2.006678342819214,0.3269713521003723,0.1612638682126999,1.6601970195770264,0.24098999798297882
188,0.0001,0.2936478890478611,0.9339840663975053,0.5103353009079442,0.8297329003404337,0.904636395610107,14.661596536636353,0.2529237763956189,0.22636502794921398,0.1688592964783311,0.07800470851361752,0.2529237763956189,0.8383907601237297,0.30389382983698987,0.3404289276310892,0.1842080264380484,0.07276806844906374,0.30389382983698987,0.8075101899378228,0.9231910109519958,0.6472762227058411,0.6040498614311218,0.6484594941139221,0.6922094821929932,0.6267451047897339,0.5480284094810486,2.0053346157073975,0.3282910883426666,0.16097012162208557,1.6563035249710083,0.24143999814987183
189,0.0001,0.2927460242062807,0.9340148735414636,0.5063563043420966,0.8299862140805193,0.9052256349442912,14.783994913101196,0.24809098336845636,0.22937405854463577,0.17034030240029097,0.07667898992076516,0.24809098336845636,0.8443486876785755,0.30045923500350025,0.33421015016960376,0.190517114870476,0.07211967354471033,0.30045923500350025,0.8133019461776271,0.9234858751296997,0.6474519371986389,0.605379045009613,0.6478731036186218,0.6920012831687927,0.6279026865959167,0.5462415814399719,2.006727457046509,0.328931599855423,0.160689577460289,1.6560661792755127,0.24191103875637054
190,0.0001,0.28567231446504593,0.9377789442463356,0.5030064655072761,0.837085467485961,0.9094128042077135,15.10507607460022,0.2493852088227868,0.22267232555896044,0.166955322958529,0.07695817481726408,0.2493852088227868,0.8416658006608486,0.31418086181987415,0.34358763694763184,0.17566686055876993,0.07418229701844128,0.31418086181987415,0.8052079478899637,0.9251856803894043,0.6482776403427124,0.606891393661499,0.6484535932540894,0.6938075423240662,0.6295436024665833,0.5455942749977112,2.008965015411377,0.3300165832042694,0.15932127833366394,1.6582460403442383,0.2422194480895996
191,0.0001,0.2818383928388357,0.9390930756756335,0.4734193267244281,0.8518759783935443,0.9188326840571568,15.272725582122803,0.24634871538728476,0.21744120679795742,0.16941446252167225,0.07747254567220807,0.24634871538728476,0.8453026600182056,0.2924827246954947,0.33430730212818494,0.17332540678255487,0.07468559581673506,0.2924827246954947,0.8203639424208439,0.9255765080451965,0.6490195989608765,0.6085079312324524,0.6482702493667603,0.6948280334472656,0.6313703656196594,0.5453060865402222,2.010843276977539,0.3306022882461548,0.15950217843055725,1.6582566499710083,0.24272076785564423
192,0.0001,0.27917760517448187,0.939741133303563,0.47322388128800824,0.8535400818600554,0.919596819362239,14.79246187210083,0.24449188821017742,0.21410235669463873,0.16608979552984238,0.07871300121769309,0.24449188821017742,0.8476090654730797,0.2904050892049616,0.3425198450232997,0.1794619027412299,0.07578654767888965,0.2904050892049616,0.8261841391072129,0.9266278147697449,0.6496289372444153,0.6105992794036865,0.6485280394554138,0.6947749257087708,0.6327404379844666,0.5493798851966858,2.0127627849578857,0.3316037654876709,0.15937557816505432,1.655555248260498,0.2429688572883606
193,0.0001,0.27305329870432615,0.941823341291958,0.47404967293594824,0.8540784623692035,0.9201467225897811,14.953088998794556,0.2378021515905857,0.21128047723323107,0.16756343748420477,0.07744014030322433,0.2378021515905857,0.8546686731278896,0.28406476613247034,0.34427408557949646,0.18243754361615036,0.07486741865674655,0.28406476613247034,0.8284712036450704,0.9272411465644836,0.6510709524154663,0.6126096248626709,0.6480442881584167,0.6972302794456482,0.6348419785499573,0.5509503483772278,2.011866807937622,0.3326793313026428,0.15828342735767365,1.6533337831497192,0.24316717684268951
194,0.0001,0.27001643367111683,0.9420565874381426,0.4982809334090262,0.8378865170193672,0.9104650645339115,15.178095579147339,0.23717188742011786,0.21109697967767715,0.16374835092574358,0.07801347179338336,0.23717188742011786,0.8561279103159904,0.2937379641966386,0.34813810027006903,0.1936900435072003,0.07365442688266437,0.2937379641966386,0.8190622492270037,0.9279037714004517,0.6515709757804871,0.6140629053115845,0.6478310823440552,0.6975725293159485,0.6366225481033325,0.5480028390884399,2.0115418434143066,0.3330874443054199,0.15652436017990112,1.6495023965835571,0.2430228739976883
195,0.0001,0.265843597240746,0.9433144123214918,0.4857592185338338,0.8477647075224214,0.9163161520716918,14.553866386413574,0.23330316971987486,0.20596480183303356,0.16551378462463617,0.07784823561087251,0.23330316971987486,0.8577795550227165,0.2992562507138108,0.3441628633123456,0.1938928383769411,0.07261565180890488,0.2992562507138108,0.8142111987778635,0.9283974170684814,0.651991069316864,0.6160330772399902,0.6475369334220886,0.697248101234436,0.6384158730506897,0.5470815300941467,2.0104565620422363,0.3337937891483307,0.15580293536186218,1.6467905044555664,0.24297259747982025
196,0.0001,0.2628741981461644,0.9447669602096517,0.5209905739986536,0.8311871823410231,0.9055152106807299,15.369502067565918,0.23099938966333866,0.20503779221326113,0.1638629762455821,0.07967193517833948,0.23099938966333866,0.8613180257380009,0.31552682500897034,0.3607784184542569,0.19316263090480457,0.07581818905292136,0.31552682500897034,0.797135880499175,0.9297647476196289,0.6524091362953186,0.6179142594337463,0.6476361751556396,0.696839451789856,0.6400257349014282,0.5471654534339905,2.011808156967163,0.3349577486515045,0.1555478721857071,1.6436725854873657,0.24324676394462585
197,0.0001,0.27468069829046726,0.9406263325947423,0.4729050506245006,0.8512384414292733,0.9183777170248986,14.838393449783325,0.24089948926120996,0.2148756943643093,0.1655953610315919,0.0791849554516375,0.24089948926120996,0.8495465852320194,0.3008243333209645,0.33393241961797077,0.1872293253739675,0.07674740898338231,0.3008243333209645,0.8165053219506235,0.9299289584159851,0.6526492238044739,0.6196047067642212,0.646556556224823,0.6969497799873352,0.6416386365890503,0.5479092597961426,2.0114545822143555,0.3359667658805847,0.15469759702682495,1.6407458782196045,0.24355633556842804
198,0.0001,0.27183532528579235,0.9415070746509717,0.4787078120491721,0.8508428363153809,0.9181694555745479,15.28270435333252,0.24151521641761065,0.21229766309261322,0.16748425271362066,0.07981769973412156,0.24151521641761065,0.8507810607552528,0.2936797864509351,0.34432060248924024,0.1700237122449008,0.07776797540260083,0.2936797864509351,0.821307285265489,0.9306927919387817,0.652816891670227,0.6210231184959412,0.6464271545410156,0.6970153450965881,0.6436931490898132,0.5497320294380188,2.0106992721557617,0.33696064352989197,0.1548679769039154,1.6377314329147339,0.24362820386886597
199,0.0001,0.27151972241699696,0.9424714560229733,0.4680749358552875,0.8506547621559202,0.9178615697823571,14.691091299057007,0.2373508606106043,0.21145346388220787,0.164796425960958,0.07856586528941989,0.2373508606106043,0.8525070510804653,0.28930966059366864,0.3325132835995067,0.18033118681474167,0.07615756503108775,0.28930966059366864,0.8229937463095693,0.9318417310714722,0.6529940366744995,0.6228755712509155,0.6466395258903503,0.6972708702087402,0.6453867554664612,0.5478887557983398,2.0126943588256836,0.33800411224365234,0.15589319169521332,1.6355191469192505,0.24357280135154724
200,0.0001,0.27578024938702583,0.938203327827881,0.4756926406513561,0.8494027300266733,0.917046876957936,14.600319862365723,0.23990254197269678,0.2170833796262741,0.1633035084232688,0.07852651458233595,0.23990254197269678,0.849247895181179,0.28186722054626,0.3438412014282111,0.17872529951008884,0.07605025578628886,0.28186722054626,0.8293985363208887,0.9330082535743713,0.6538388729095459,0.624681293964386,0.6467754244804382,0.6975680589675903,0.6467739939689636,0.5468651652336121,2.0117173194885254,0.33860063552856445,0.15526658296585083,1.6333038806915283,0.24353045225143433
201,0.0001,0.2747139697894454,0.940741118894163,0.48137146053892194,0.8449553980981782,0.9144209940114919,14.653823137283325,0.24551669042557478,0.21124644856899977,0.16432535834610462,0.0791503731161356,0.24551669042557478,0.8422491624951363,0.2869087006106521,0.34237572370153485,0.18165316545602048,0.07666066695343364,0.2869087006106521,0.819569524490472,0.9331533312797546,0.6546182036399841,0.6259725689888,0.6456260681152344,0.6971682906150818,0.6480575203895569,0.5450918078422546,2.011638879776001,0.3395896255970001,0.1539299041032791,1.630856990814209,0.24382658302783966
202,0.0001,0.28263718262314796,0.9347325507093771,0.4932708234497995,0.8396898701490488,0.9110666570318562,15.158928632736206,0.24291236326098442,0.21202056389302015,0.1680911649018526,0.07890827627852559,0.24291236326098442,0.8464439921081066,0.29775318232449616,0.3455355077078848,0.18423785946585916,0.07851618347745953,0.29775318232449616,0.8028703006831083,0.9338149428367615,0.6554348468780518,0.6274561882019043,0.6454326510429382,0.6985573172569275,0.6495857834815979,0.5474398732185364,2.011725425720215,0.3406086564064026,0.15299265086650848,1.6338181495666504,0.24418218433856964
203,0.0001,0.26778856571763754,0.9412801965594136,0.4865754048029582,0.8425607435474667,0.9128938172918449,14.871614456176758,0.23373555019497871,0.2100006090477109,0.161324393004179,0.07964688306674361,0.23373555019497871,0.8547286093235016,0.2974984609719479,0.34152802192803583,0.1825210957816153,0.0777479660781947,0.2974984609719479,0.8149874138109612,0.9356550574302673,0.6553646326065063,0.6291981339454651,0.6456882357597351,0.6981939673423767,0.6510896682739258,0.5509708523750305,2.01342511177063,0.34146979451179504,0.15215431153774261,1.6322072744369507,0.24436458945274353
204,0.0001,0.2663931744173169,0.9428391036295979,0.47075366973876953,0.8592174596669024,0.9231576348438799,14.910085916519165,0.23584078066051006,0.20787113811820745,0.16275525093078613,0.0789201078005135,0.23584078066051006,0.8535520024597645,0.2854484807361256,0.3509575029214223,0.17186001214114102,0.0760449009637038,0.2854484807361256,0.8340816551988776,0.937282145023346,0.6560831069946289,0.6310557723045349,0.6456719636917114,0.6987041234970093,0.6527806520462036,0.5533127188682556,2.012507677078247,0.3422703444957733,0.1519058644771576,1.6322323083877563,0.24450840055942535
205,0.0001,0.26830070465803146,0.9429680593728961,0.4732972744739417,0.854571728504143,0.9203575989310251,14.797320127487183,0.23897477239370346,0.21161886770278215,0.16383078321814537,0.07927239453420043,0.23897477239370346,0.8525626547634602,0.2868628646388198,0.34863342480225995,0.1814375501690489,0.07772743351983302,0.2868628646388198,0.8309834436936812,0.937097430229187,0.6563802361488342,0.6325390338897705,0.6450023055076599,0.6989412307739258,0.6541177034378052,0.552975594997406,2.0129506587982178,0.3431398570537567,0.15195851027965546,1.6321156024932861,0.24480415880680084
206,0.0001,0.2638769084587693,0.9432723643635571,0.4744940743301854,0.8562226591850521,0.9212594154887596,15.19906735420227,0.23388829734176397,0.20663162041455507,0.16379642393440008,0.08084185048937798,0.23388829734176397,0.8557671755552292,0.2938222885131836,0.35037942366166547,0.17485001954165372,0.07755986318895311,0.2938222885131836,0.8263053767608873,0.9373285174369812,0.6565118432044983,0.6343423128128052,0.6452069878578186,0.6994696855545044,0.6557419300079346,0.5557814240455627,2.012655258178711,0.3437892198562622,0.1515185385942459,1.6299971342086792,0.24493272602558136
207,0.0001,0.26225522067397833,0.9450966863390867,0.47493263446923456,0.8532935510408108,0.9193824630929199,15.176759481430054,0.237680041231215,0.20353460125625134,0.1621418036520481,0.07880284218117595,0.237680041231215,0.8524529226124287,0.29257328582532477,0.34567798087091156,0.17573468974142364,0.07577428199125058,0.29257328582532477,0.8186903090187998,0.9381086230278015,0.6571204662322998,0.6361896395683289,0.6450627446174622,0.7001452445983887,0.6572392582893372,0.5559821724891663,2.012637138366699,0.34453994035720825,0.15057063102722168,1.6273223161697388,0.24491046369075775
208,0.0001,0.272551822476089,0.9409602996628967,0.4637897321672151,0.8556259495009058,0.9212565210256347,14.431581020355225,0.2425891663879156,0.2107959920540452,0.166339841671288,0.07753544952720404,0.2425891663879156,0.8483514301478863,0.2789131890643727,0.3400445201180198,0.17127399372332025,0.07481166167241154,0.2789131890643727,0.8294526139895121,0.9372763633728027,0.6575649976730347,0.637442946434021,0.6446568965911865,0.7000850439071655,0.6585100889205933,0.5502029657363892,2.012982130050659,0.3448539078235626,0.14981219172477722,1.6253092288970947,0.24475273489952087
209,0.0001,0.2676077289506793,0.9432992126575461,0.47455325271144055,0.8495719549881098,0.9169326878606731,14.819794178009033,0.240616075694561,0.20601993519812822,0.16435557324439287,0.07890405924990773,0.240616075694561,0.8467395231127739,0.2930085026856625,0.33552330190485175,0.1723173080068646,0.07720591951951836,0.2930085026856625,0.8189449057434545,0.9380322098731995,0.6583213210105896,0.6394144296646118,0.6447202563285828,0.7003264427185059,0.6603718400001526,0.5492914319038391,2.014421224594116,0.34586188197135925,0.1485012024641037,1.6254626512527466,0.2450380176305771
210,0.0001,0.26143799629062414,0.9438995846346597,0.4721689188119137,0.8533722615778937,0.9195438980516958,15.103824377059937,0.2359108803793788,0.20413855835795403,0.16408164147287607,0.08121387707069516,0.2359108803793788,0.853084858506918,0.29895844242789527,0.3380155256300261,0.17043746330521323,0.07871422792474429,0.29895844242789527,0.8166659347938768,0.9396012425422668,0.6589016318321228,0.6411448121070862,0.6447029709815979,0.7005296349525452,0.6619516611099243,0.5495391488075256,2.014538288116455,0.3466847240924835,0.14737629890441895,1.6250157356262207,0.24489928781986237
211,0.0001,0.2680142242461443,0.9425559598005272,0.47218344067082263,0.8526362670539418,0.9191826557745096,14.30880069732666,0.2414086814969778,0.20896332990378141,0.1628064177930355,0.07872118847444654,0.2414086814969778,0.8507326506078243,0.2881260279453162,0.3449617497848742,0.18492099552443533,0.07916285503994334,0.2881260279453162,0.823352373007572,0.9396769404411316,0.6589077711105347,0.6426467895507812,0.6440991163253784,0.7005723118782043,0.663772463798523,0.5533243417739868,2.017528772354126,0.3476666212081909,0.14612847566604614,1.6231801509857178,0.24487769603729248
212,0.0001,0.26694979704916477,0.9424318607028412,0.48914252266739355,0.8503063549082145,0.9181211594014074,14.32418966293335,0.24169577844440937,0.20950646605342627,0.16663570515811443,0.07833921955898404,0.24169577844440937,0.8511042594909668,0.2927290201187134,0.3592533469200134,0.18656713583252646,0.07754204072283977,0.2927290201187134,0.8196671478676073,0.9407163262367249,0.6591458916664124,0.6439535617828369,0.6439713835716248,0.7008417844772339,0.6649188995361328,0.5570805668830872,2.017782211303711,0.34854549169540405,0.1458614468574524,1.6212961673736572,0.24496221542358398
213,0.0001,0.2639974569901824,0.9436125925980685,0.49273803017356177,0.8435846925725244,0.9138113618348849,14.74654746055603,0.24301228392869234,0.20532703399658203,0.164737980812788,0.07929554907605052,0.24301228392869234,0.8460166901350021,0.2935957944754398,0.35518280303839483,0.18096529082818466,0.07578293719526494,0.2935957944754398,0.8241785981438376,0.9409317970275879,0.6589667797088623,0.6454684734344482,0.6438965201377869,0.7013466358184814,0.6663771271705627,0.557090163230896,2.0190131664276123,0.3494884967803955,0.14596296846866608,1.6212819814682007,0.2449108064174652
214,0.0001,0.24952803179621696,0.9480854365935213,0.47334488052310364,0.8553552581136393,0.921099084572242,14.928961992263794,0.22575467638671398,0.19736162386834621,0.15856682881712914,0.07907921355217695,0.22575467638671398,0.8636348135769367,0.286934753259023,0.3495019602053093,0.18499305573376743,0.0770957860531229,0.286934753259023,0.8263704668391835,0.9413571953773499,0.6597157716751099,0.6471676826477051,0.643858790397644,0.7024301886558533,0.6679045557975769,0.5565655827522278,2.016777753829956,0.3503694534301758,0.1454343944787979,1.6195483207702637,0.2451123297214508
215,0.0001,0.2708542235195637,0.942669297753973,0.4751615921656291,0.8516354059935538,0.9188094838910378,14.707273721694946,0.24513688776642084,0.21154992654919624,0.16720343008637428,0.07821016432717443,0.24513688776642084,0.8438593558967113,0.28234690247160016,0.34926256808367645,0.18484049493616278,0.07613065692059921,0.28234690247160016,0.8295590191176443,0.9414175748825073,0.660457968711853,0.6486100554466248,0.6437637805938721,0.7029826045036316,0.6693980097770691,0.5544202923774719,2.0175836086273193,0.3511795103549957,0.14541642367839813,1.6160672903060913,0.2455885410308838
216,0.0001,0.27122909016907215,0.9416581935276589,0.5091981887817383,0.8356061040099428,0.9087431896167045,14.599891662597656,0.24710067175328732,0.20767540391534567,0.16362479515373707,0.07740740058943629,0.24710067175328732,0.8462045527994633,0.30066691022930725,0.36151698683247424,0.1798608736558394,0.07710544437621579,0.30066691022930725,0.8047600027286645,0.9416614770889282,0.6609091758728027,0.6500980257987976,0.6433277726173401,0.7032583355903625,0.6708980798721313,0.5553033351898193,2.022512912750244,0.3518410325050354,0.14653316140174866,1.6193791627883911,0.246154323220253
217,0.0001,0.25828596763312817,0.9443508183651647,0.473161133852872,0.8562895368701194,0.9214268522622779,15.147444725036621,0.2355688689276576,0.20125105790793896,0.1618508631363511,0.08037577755749226,0.2355688689276576,0.8556133322417736,0.2918698498696992,0.3522722973968043,0.19064646327134335,0.0780307420275428,0.2918698498696992,0.8270954435521906,0.9416186809539795,0.6610152125358582,0.6517611145973206,0.6432833671569824,0.7040431499481201,0.6722874045372009,0.5548722743988037,2.022674798965454,0.352334588766098,0.14611756801605225,1.6187337636947632,0.24628348648548126
218,0.0001,0.26072190422564745,0.9447484151855621,0.48661755431782117,0.8428990493385483,0.9138238261236047,15.140615940093994,0.2364855082705617,0.2044762708246708,0.16365326382219791,0.08003923436626792,0.2364855082705617,0.8525651358067989,0.28813201369661273,0.34610913558439776,0.1775129527756662,0.07851276524139172,0.28813201369661273,0.8265666076631257,0.942208468914032,0.6612600088119507,0.6534867286682129,0.6432016491889954,0.7033847570419312,0.6736526489257812,0.5544598698616028,2.0212061405181885,0.35307592153549194,0.14587044715881348,1.6169711351394653,0.24654312431812286
219,0.0001,0.26507497299462557,0.9438120780840361,0.46678064086220483,0.860162492112878,0.9239042652230307,15.171695709228516,0.239363013766706,0.20517348311841488,0.16830602381378412,0.07901838142424822,0.239363013766706,0.8530771136283875,0.30007557074228924,0.3465460647236217,0.17675393729498892,0.07688917569590337,0.30007557074228924,0.8163555499279138,0.9422255754470825,0.6614049673080444,0.6548759341239929,0.642584502696991,0.7035780549049377,0.6750500798225403,0.5531346201896667,2.022036075592041,0.3540886342525482,0.14563913643360138,1.6162210702896118,0.24682702124118805
220,0.0001,0.2570768902078271,0.9461398057533548,0.47968759319999,0.8522002517610743,0.9190588290709448,15.005104541778564,0.23849667236208916,0.20116762816905975,0.16240963339805603,0.07890477776527405,0.23849667236208916,0.8488051220774651,0.2965604897701379,0.3487897009560556,0.16881472956050525,0.07599320104627898,0.2965604897701379,0.8151919317967964,0.9433711767196655,0.6617575883865356,0.6564189791679382,0.6421865820884705,0.7037656903266907,0.6765317916870117,0.5533138513565063,2.0216598510742188,0.35499128699302673,0.14659400284290314,1.6159089803695679,0.24707257747650146
221,0.0001,0.25693793315440416,0.9457026622131138,0.46727127920497546,0.8579615119286761,0.9226376796463067,16.016361474990845,0.23577983118593693,0.2026079222559929,0.16160115785896778,0.07857416337355971,0.23577983118593693,0.8541454821825027,0.28221169023802783,0.3483877723867243,0.16870610822330823,0.0759784768928181,0.28221169023802783,0.8307049762118947,0.9446725845336914,0.6621664762496948,0.6578803062438965,0.6419758200645447,0.7045978307723999,0.6779235005378723,0.5526602864265442,2.0207648277282715,0.35571208596229553,0.14579492807388306,1.614134669303894,0.24729159474372864
222,0.0001,0.2567749693989754,0.9466410164769647,0.4865599816495722,0.8472636977308857,0.915877259914555,15.081706762313843,0.23645588289946318,0.1991812950000167,0.16249647922813892,0.0775657994672656,0.23645588289946318,0.8519644066691399,0.2947751410079725,0.35792168071775726,0.19835237661997476,0.07651019841432571,0.2947751410079725,0.8233458183028481,0.9456062316894531,0.6633148193359375,0.6593694686889648,0.6419990658760071,0.7043302655220032,0.6792205572128296,0.5500409603118896,2.0223405361175537,0.35607126355171204,0.14536620676517487,1.6117935180664062,0.2474699467420578
223,0.0001,0.26457479037344456,0.9430706653946496,0.45433209159157495,0.8651733903317873,0.9265236857251805,14.75276255607605,0.24228501971811056,0.20621832180768251,0.16621467471122742,0.08056673174723983,0.24228501971811056,0.8477432280778885,0.2875668424548525,0.3418053045417323,0.16698940685301117,0.07712060833970706,0.2875668424548525,0.8252137429786451,0.945138692855835,0.6636322140693665,0.6604368090629578,0.6420860290527344,0.7059366106987,0.680874764919281,0.5497251749038696,2.0228707790374756,0.35693955421447754,0.1453096717596054,1.610669493675232,0.24730122089385986
224,0.0001,0.24650379084050655,0.9495653334243809,0.46409932772318524,0.8600629409282698,0.9236250932545649,15.354673385620117,0.23198188468813896,0.1926025664433837,0.1583139020949602,0.07922081742435694,0.23198188468813896,0.8577974252402782,0.2994834293018688,0.3440183527541883,0.17870363322171298,0.07897651330991225,0.2994834293018688,0.8211425831823638,0.9457396864891052,0.6643574833869934,0.6622406244277954,0.6419877409934998,0.7057624459266663,0.682327389717102,0.5476534366607666,2.0236644744873047,0.35753560066223145,0.14528821408748627,1.6093099117279053,0.24722041189670563
225,0.0001,0.24960441421717405,0.9478239143896084,0.4666358774358576,0.8590757839804309,0.9229553528015426,14.637864351272583,0.23209970351308584,0.19649004191160202,0.1587639581412077,0.07971217716112733,0.23209970351308584,0.8571667298674583,0.2925662741516576,0.3495955602689223,0.18994983127622894,0.07818766502719937,0.2925662741516576,0.8236372868220011,0.946589469909668,0.6652770638465881,0.6636644601821899,0.6415435075759888,0.706291139125824,0.683627188205719,0.5454771518707275,2.0219876766204834,0.35841071605682373,0.14455623924732208,1.6068141460418701,0.24731937050819397
226,0.0001,0.26151678524911404,0.9455601746878446,0.517287608348962,0.8375259424455116,0.9108243737046855,15.2437584400177,0.24521883949637413,0.20011562388390303,0.16606643982231617,0.08087334828451276,0.24521883949637413,0.8451680392026901,0.3408544533180468,0.3579675175926902,0.20105133589470026,0.07549072248917638,0.3408544533180468,0.7894236806667212,0.946435272693634,0.6656107306480408,0.6650988459587097,0.6408048272132874,0.7077856063842773,0.6851450204849243,0.5446642637252808,2.020338773727417,0.3589884638786316,0.14411790668964386,1.6069254875183105,0.24753780663013458
227,0.0001,0.25303015764802694,0.9463013797559051,0.48981813950972125,0.845919132724086,0.9154679083054394,15.589852333068848,0.233302122913301,0.19753955397754908,0.1638117739930749,0.07821146957576275,0.233302122913301,0.8564240038394928,0.28625322833205713,0.3639582106561372,0.17693177317128037,0.07830446574724081,0.28625322833205713,0.8295813419602134,0.9465353488922119,0.6662077903747559,0.6663045883178711,0.6400988698005676,0.7079973220825195,0.6864396929740906,0.5437504053115845,2.0204737186431885,0.3597089350223541,0.14369766414165497,1.6072657108306885,0.2475387006998062
228,0.0001,0.2600001748651266,0.9446840246091024,0.48353269244685315,0.8516356717320214,0.9190421806053923,15.024561643600464,0.23575002886354923,0.2053636098280549,0.16115174628794193,0.07922091009095311,0.23575002886354923,0.8544424436986446,0.29029404936414777,0.3621919516361121,0.1648277026234251,0.07802674422661464,0.29029404936414777,0.8284523992827444,0.9475376605987549,0.6665428876876831,0.6677809357643127,0.6401703953742981,0.7081514000892639,0.6878988742828369,0.5426263809204102,2.0209360122680664,0.36034315824508667,0.14378271996974945,1.604092001914978,0.24761077761650085
229,0.0001,0.2531317416578531,0.9472594209295444,0.47928472359975177,0.8569679920515032,0.9220582202113942,14.54047679901123,0.23590908013284206,0.19709903467446566,0.16159837786108255,0.080710768699646,0.23590908013284206,0.8530573025345802,0.3135448820663221,0.35356840310674725,0.17855310530373544,0.07625486746881947,0.3135448820663221,0.809769868850708,0.9495458602905273,0.6668347716331482,0.6694389581680298,0.64011549949646,0.7093791365623474,0.6891388297080994,0.5466691255569458,2.019979238510132,0.36118176579475403,0.1426115185022354,1.6009666919708252,0.2479449361562729
230,0.0001,0.255869273096323,0.9445754854653751,0.4799034523241448,0.8528965692938709,0.9196264881012585,14.70139193534851,0.23486587218940258,0.20243877731263638,0.15932192374020815,0.07874408084899187,0.23486587218940258,0.8535961471498013,0.2853770653406779,0.35984644384095166,0.17895287817174738,0.07699930238904375,0.2853770653406779,0.8319110689741193,0.950252890586853,0.6671953797340393,0.6707190275192261,0.6397511959075928,0.7097074389457703,0.6906251311302185,0.5475570559501648,2.0199215412139893,0.3620104491710663,0.14196111261844635,1.5985970497131348,0.24840474128723145
231,0.0001,0.2557952543720603,0.9452935071849727,0.4899835297555635,0.8443088444710464,0.9140155031981826,15.000457763671875,0.23727426677942276,0.20107309520244598,0.16057722084224224,0.07972093624994159,0.23727426677942276,0.851396732032299,0.300965251344623,0.3539015587532159,0.180211064490405,0.07835731429584099,0.300965251344623,0.8190941828669924,0.9508042931556702,0.6672017574310303,0.6717486381530762,0.639349102973938,0.7098789811134338,0.6917060017585754,0.5460748076438904,2.022972345352173,0.3625746965408325,0.14261527359485626,1.597011685371399,0.24873696267604828
232,0.0001,0.24921584408730268,0.9481054463439913,0.47179831158031116,0.8551301512872769,0.9206179449668186,14.396106719970703,0.23451518081128597,0.19602245185524225,0.15730574633926153,0.0780861577950418,0.23451518081128597,0.8540474362671375,0.2917032079263167,0.3506819208463033,0.16696221629778543,0.07534511138995488,0.2917032079263167,0.8225697134480332,0.9517675042152405,0.6677753329277039,0.6730688214302063,0.638794481754303,0.7102930545806885,0.692811131477356,0.5457145571708679,2.0229408740997314,0.3630414307117462,0.14327925443649292,1.5952208042144775,0.24876631796360016
233,0.0001,0.24821779038757086,0.9474227196188076,0.48027915665597626,0.8546763955006405,0.9206465382227003,14.440969944000244,0.2336118882521987,0.19350977521389723,0.1599802589043975,0.07771755289286375,0.2336118882521987,0.8572295494377613,0.2946161681955511,0.3587615562207771,0.17200303709868228,0.07551052206844995,0.2946161681955511,0.8220276073975996,0.9525575637817383,0.6679080128669739,0.6745456457138062,0.6386796236038208,0.7095773220062256,0.6942476630210876,0.5459299087524414,2.025134325027466,0.3635828495025635,0.14315205812454224,1.591719150543213,0.2491680383682251
234,0.0001,0.25147786643356085,0.9474893912459478,0.4741256634394328,0.8573302754308677,0.9218686195772041,14.718666076660156,0.2348438110202551,0.19585499167442322,0.16068505495786667,0.07959826663136482,0.2348438110202551,0.8558597899973392,0.2925817840027087,0.3564835750695431,0.1838356274546999,0.07841261758497267,0.2925817840027087,0.8226240873336792,0.9511259198188782,0.6678830981254578,0.675952136516571,0.6378949284553528,0.7096306085586548,0.6956734657287598,0.5447588562965393,2.0248873233795166,0.36382871866226196,0.14209803938865662,1.5891931056976318,0.2493521124124527
235,0.0001,0.25037497468292713,0.9471238093052854,0.4735368959831469,0.8560177589411925,0.9212145394022581,14.607556343078613,0.23673288989812136,0.19600304402410984,0.16104196663945913,0.07879319088533521,0.23673288989812136,0.853593397885561,0.28429527354962897,0.35850230581832654,0.17925218379858768,0.07702979163238496,0.28429527354962897,0.8262848601196752,0.9516967535018921,0.6682224273681641,0.677359402179718,0.6377578973770142,0.7093132138252258,0.6970710158348083,0.5440066456794739,2.0238735675811768,0.3645388185977936,0.14212167263031006,1.58766508102417,0.24952851235866547
236,0.0001,0.24205525778234005,0.9503444471029774,0.4760262424295599,0.8579226809871358,0.9226195411481665,14.508973360061646,0.23098304588347673,0.1883127000182867,0.15974474884569645,0.0789501890540123,0.23098304588347673,0.8590503819286823,0.2927161075852134,0.3593132423632073,0.1799760605349685,0.07584271557403333,0.2927161075852134,0.8221614722049597,0.9520705342292786,0.6687434911727905,0.6788489818572998,0.6372776627540588,0.7099011540412903,0.6985133290290833,0.5436801910400391,2.022618293762207,0.3650510311126709,0.1418394148349762,1.5856479406356812,0.24970918893814087
237,0.0001,0.24056395702064037,0.9506648573217171,0.48837292194366455,0.8559620988258401,0.921206790170861,14.506718158721924,0.22755531687289476,0.18842491414397955,0.15643937978893518,0.07886623032391071,0.22755531687289476,0.8601739071309566,0.2991611794991927,0.3770071331298713,0.18143478668097293,0.07847721953735207,0.2991611794991927,0.8228531082471212,0.952775239944458,0.669134795665741,0.6801900863647461,0.6369805335998535,0.7101536989212036,0.6995017528533936,0.5445040464401245,2.0214719772338867,0.3653976619243622,0.14154750108718872,1.584558367729187,0.2499156892299652
238,0.0001,0.24088762793689966,0.9503573382679766,0.4790670907858646,0.8556164071667174,0.9211110744128298,15.143903255462646,0.22637301217764616,0.1897953962907195,0.15934499073773623,0.07943754736334085,0.22637301217764616,0.86555415391922,0.2862008376555009,0.36412142804174713,0.17746581995125973,0.07658181836207707,0.2862008376555009,0.831153696233576,0.9541071057319641,0.6692108511924744,0.6815905570983887,0.6367657780647278,0.7103663682937622,0.7005794048309326,0.5435488224029541,2.020124912261963,0.36566683650016785,0.1412789672613144,1.5809910297393799,0.24996867775917053
239,0.0001,0.23974035494029522,0.9501060224960426,0.4842619679190896,0.8536111769308453,0.9199299839837962,14.68204665184021,0.2270331336185336,0.19036349281668663,0.15894649550318718,0.0802608304657042,0.2270331336185336,0.8608554266393185,0.28971670974384656,0.3657657197027495,0.19080445621952866,0.0782211899305835,0.28971670974384656,0.8246195406624766,0.9549938440322876,0.6694619059562683,0.6829119324684143,0.6370152831077576,0.7099773287773132,0.7018315196037292,0.5450384616851807,2.0191099643707275,0.3661728799343109,0.1414862722158432,1.580004334449768,0.2498851716518402
240,0.0001,0.24364797305315733,0.9487103021988841,0.48450056711832684,0.8530814416777399,0.9196159815648087,15.05297327041626,0.22884778771549463,0.19001450296491385,0.15760365221649408,0.07954002218320966,0.22884778771549463,0.8592979572713375,0.2820119063059489,0.37330942804163153,0.17889127406206998,0.07714815212018562,0.2820119063059489,0.8329694867134094,0.9553449153900146,0.6703952550888062,0.6841813325881958,0.6368973851203918,0.7100890278816223,0.7029558420181274,0.5457532405853271,2.0181021690368652,0.3667738735675812,0.14072182774543762,1.579069972038269,0.2500357925891876
241,0.0001,0.23782992642372847,0.9513944626020718,0.49879829088846844,0.8444464244401787,0.9139364652424321,14.975026607513428,0.23066591750830412,0.18571965210139751,0.15842334646731615,0.07998974621295929,0.23066591750830412,0.8592442534863949,0.3047596180077755,0.36687989487792505,0.17935112570271347,0.07705025081381653,0.3047596180077755,0.8055346355293737,0.9558554291725159,0.6708937883377075,0.6855812668800354,0.6364485621452332,0.7102090716362,0.7039857506752014,0.5444802045822144,2.017151355743408,0.36713746190071106,0.13962173461914062,1.5761066675186157,0.24996161460876465
242,0.0001,0.24346936214715242,0.9500362059176631,0.4756453001137936,0.8550012182360041,0.9208232475688145,14.939995050430298,0.23359698988497257,0.18848705664277077,0.16048254910856485,0.07896570349112153,0.23359698988497257,0.8538351617753506,0.28008076638886426,0.3626294352791526,0.17013553236470078,0.07650846807342587,0.28008076638886426,0.8324628400080132,0.9567320346832275,0.6712808012962341,0.6870180368423462,0.635934591293335,0.7097699046134949,0.7051900029182434,0.5443251132965088,2.0174877643585205,0.3677433431148529,0.13978947699069977,1.5728535652160645,0.250124454498291
243,0.0001,0.24199150409549475,0.9489676460465035,0.4805319200862538,0.8508121626236452,0.9181088229329473,14.526480913162231,0.23061557672917843,0.19108080957084894,0.15833817049860954,0.07886268198490143,0.23061557672917843,0.8565096743404865,0.28727672678051575,0.36290689490058203,0.181560294194655,0.07730634408918294,0.28727672678051575,0.8265354705579353,0.9571727514266968,0.6717944145202637,0.6882184147834778,0.6354092955589294,0.7101101875305176,0.7064136266708374,0.5452651381492615,2.0180349349975586,0.36838215589523315,0.1395881474018097,1.5723220109939575,0.25016066431999207
244,0.0001,0.2446065340191126,0.9491433415532856,0.48881409384987573,0.8532559890981124,0.91986091102744,14.941669225692749,0.2300348998978734,0.19423554185777903,0.15992802754044533,0.07818406354635954,0.2300348998978734,0.8594912439584732,0.2883403409611095,0.3741610808805986,0.1681833483956077,0.0770128478832317,0.2883403409611095,0.8276166355971134,0.9571019411087036,0.6723318696022034,0.6893166303634644,0.635160505771637,0.7109366059303284,0.7075780630111694,0.543168306350708,2.017505407333374,0.3688793480396271,0.13891802728176117,1.5696223974227905,0.2501804232597351
245,0.0001,0.24567229952663183,0.9493883473767738,0.4725227717197303,0.8574112766087503,0.9221876703005393,14.759103298187256,0.235159732401371,0.19112340919673443,0.1610242035239935,0.07899804878979921,0.235159732401371,0.8517248556017876,0.2862368785973751,0.3593394539572976,0.17799685037497318,0.0771256610751152,0.2862368785973751,0.8296725027488939,0.956283688545227,0.6729084849357605,0.690338671207428,0.6343139410018921,0.7115899920463562,0.7084750533103943,0.5428572297096252,2.0184154510498047,0.3695559501647949,0.13823601603507996,1.5664938688278198,0.2502364218235016
246,0.0001,0.24078073631972075,0.9497267282485904,0.4820911559191617,0.8527635010587878,0.9195671163241103,14.385225772857666,0.2311340244486928,0.18823756091296673,0.15667888056486845,0.07873272523283958,0.2311340244486928,0.8565833121538162,0.2940068046251933,0.35976069804393884,0.18918939250888248,0.07700075965487596,0.2940068046251933,0.8258856715578021,0.9562234282493591,0.6729661822319031,0.6915079951286316,0.633979856967926,0.7117258906364441,0.7093796730041504,0.5416210293769836,2.0176727771759033,0.3699120879173279,0.13764731585979462,1.5645852088928223,0.25027382373809814
247,0.0001,0.23808811232447624,0.9500666596195538,0.47498940337787976,0.85936355238383,0.9234416960240622,14.896049499511719,0.22756905481219292,0.18691180739551783,0.15833807177841663,0.07887876965105534,0.22756905481219292,0.8609704896807671,0.2806133176341201,0.36725070801648224,0.17883102189410816,0.0782575129785321,0.2806133176341201,0.8302316683711428,0.9573376774787903,0.6734170913696289,0.693058431148529,0.6335964798927307,0.7114619612693787,0.7107091546058655,0.5423726439476013,2.017313003540039,0.37038877606391907,0.13667723536491394,1.5649698972702026,0.2502043843269348
248,0.0001,0.24111657869070768,0.9495252863854378,0.46648387836687494,0.8607576436842945,0.9241859474358199,15.080974578857422,0.22820345219224691,0.19170984718948603,0.1570769166573882,0.07818540930747986,0.22820345219224691,0.8584048077464104,0.28673913262107154,0.35622388846946484,0.16638201836383704,0.07734369057597536,0.28673913262107154,0.8298578569383332,0.9574477672576904,0.6742641925811768,0.6943872570991516,0.6336182355880737,0.7119361162185669,0.7118554711341858,0.5429909825325012,2.0168139934539795,0.37081146240234375,0.13595600426197052,1.563101887702942,0.24999098479747772
249,0.0001,0.24747623782604933,0.9481903339773093,0.4874355504007051,0.8502902691672963,0.9174802344281157,14.707149982452393,0.23510616272687912,0.19381106924265623,0.15883408766239882,0.07927005318924785,0.23510616272687912,0.8546647652983665,0.2849157795761571,0.3713413115703698,0.17563556902336352,0.07670877433635971,0.2849157795761571,0.8256024284796282,0.9577300548553467,0.6742193102836609,0.6956377625465393,0.633269727230072,0.7123212218284607,0.7129105925559998,0.5437553524971008,2.0162947177886963,0.3715660274028778,0.13584628701210022,1.5630890130996704,0.24988414347171783
250,0.0001,0.23542462289333344,0.952032161322588,0.48105610861922754,0.8562214894618692,0.9214783048311822,14.677773714065552,0.2298260936513543,0.18385954573750496,0.1588686304166913,0.07894200831651688,0.2298260936513543,0.8599038198590279,0.2814500801491015,0.3746645757646272,0.17306439623688208,0.07745210611910532,0.2814500801491015,0.8321019447211063,0.9576874375343323,0.6739546060562134,0.6967733502388,0.6330353617668152,0.7120543122291565,0.7139748930931091,0.5417391657829285,2.016589641571045,0.3720434606075287,0.1357954740524292,1.5619391202926636,0.25003838539123535
251,0.0001,0.23667081259191036,0.9510126187947814,0.4588573159593524,0.8634641065791236,0.9257247282402664,14.380481481552124,0.2276205327361822,0.18544883746653795,0.15609070798382163,0.0781829827465117,0.2276205327361822,0.8599280081689358,0.2751127969134938,0.35653696096304693,0.17450303200519446,0.07714881691517252,0.2751127969134938,0.8342597647146746,0.9586445689201355,0.6741301417350769,0.6979179382324219,0.6331315636634827,0.7116727828979492,0.714999794960022,0.5391650199890137,2.016294002532959,0.37255316972732544,0.13525645434856415,1.5597093105316162,0.25010162591934204
252,0.0001,0.2387951510027051,0.9508691171028378,0.4656064438097405,0.8605591419351631,0.9241362713969761,15.550063848495483,0.23034995328634977,0.1875243429094553,0.15998632553964853,0.07816240470856428,0.23034995328634977,0.8604259304702282,0.27884895331931836,0.35864710536870087,0.17486579941980768,0.0753129713914611,0.27884895331931836,0.8353870276248816,0.9586982131004333,0.6745286583900452,0.6991001963615417,0.6331730484962463,0.7118619084358215,0.7159907221794128,0.53605055809021,2.0148229598999023,0.37309879064559937,0.13469450175762177,1.5595299005508423,0.25014355778694153
253,0.0001,0.24053269438445568,0.9494179198797644,0.47417558323253284,0.8587708333727437,0.9229886768489359,14.603987216949463,0.2282418916001916,0.18921960331499577,0.15896153263747692,0.07803910179063678,0.2282418916001916,0.860751073807478,0.2905550544912165,0.3648202383156979,0.1729098106875564,0.07738101256616188,0.2905550544912165,0.8231871579632615,0.9598545432090759,0.6743631362915039,0.7004765868186951,0.6330891847610474,0.7116267681121826,0.7169817686080933,0.5359316468238831,2.0152037143707275,0.37356671690940857,0.13458706438541412,1.5586321353912354,0.2500486969947815
254,0.0001,0.24297408107668161,0.950318568791834,0.4828837206869414,0.8567828138326748,0.92171064959005,14.836703538894653,0.2324000122025609,0.19087502267211676,0.15809704922139645,0.07884291326627135,0.2324000122025609,0.8579996079206467,0.2830470619779645,0.376432177695361,0.17045147400913815,0.07621948895129291,0.2830470619779645,0.8323514858881632,0.9603608250617981,0.6742695569992065,0.7016573548316956,0.6330226063728333,0.7116228342056274,0.7181321382522583,0.5385378003120422,2.0151584148406982,0.37411120533943176,0.1342988759279251,1.5563087463378906,0.2500174939632416
255,0.0001,0.24266641680151224,0.9480913245696815,0.4837403080680154,0.8558858246851335,0.9212989370102678,14.173954010009766,0.2283456651493907,0.19332407135516405,0.1571031790226698,0.07901434320956469,0.2283456651493907,0.8591910377144814,0.2886273680311261,0.376340801968719,0.1791101134184635,0.07898676790522807,0.2886273680311261,0.8280460039774576,0.9596007466316223,0.674842119216919,0.7024508714675903,0.632196307182312,0.7118394374847412,0.7190274000167847,0.5379963517189026,2.0145955085754395,0.3745739758014679,0.1336546242237091,1.5548447370529175,0.2500843107700348
256,0.0001,0.23952441196888685,0.9494031794457917,0.4958579901492957,0.8474453759398582,0.9159401335374545,13.771185398101807,0.2268319083377719,0.18772069178521633,0.1582690291106701,0.07818130636587739,0.2268319083377719,0.8600293882191181,0.2861290122523452,0.38195466272758716,0.1748664044972622,0.07812341144590666,0.2861290122523452,0.8301613728205363,0.9596441984176636,0.6750971674919128,0.703388512134552,0.631883442401886,0.7125208973884583,0.720163106918335,0.5359603762626648,2.0148255825042725,0.3751010596752167,0.13366487622261047,1.5565351247787476,0.2500579059123993
257,0.0001,0.23129251971840858,0.9527219781899766,0.48802485610499524,0.853345426349126,0.9197783484965409,13.965368747711182,0.2245349334552884,0.18146987073123455,0.15556963346898556,0.0801644311286509,0.2245349334552884,0.8642963357269764,0.29406289620832965,0.3736326342279261,0.17784687605771152,0.07860389193802168,0.29406289620832965,0.8246583902474606,0.9604703187942505,0.675377368927002,0.7045262455940247,0.6317136287689209,0.7131108045578003,0.7211414575576782,0.5355837345123291,2.014059543609619,0.37576618790626526,0.13365186750888824,1.5558485984802246,0.2501392066478729
258,0.0001,0.23774264100939035,0.9499425298552902,0.5038136279944218,0.8478504901478396,0.9163705683367165,15.920724153518677,0.2285452950745821,0.1883302265778184,0.15737164206802845,0.07929369155317545,0.2285452950745821,0.8581669591367245,0.3100119937549938,0.3801908185987761,0.17663861630540906,0.0778210111188166,0.3100119937549938,0.8119651982278535,0.9609317183494568,0.6753240823745728,0.705634355545044,0.6315214037895203,0.7135162949562073,0.7222490310668945,0.5362482666969299,2.014342784881592,0.3763069212436676,0.13363908231258392,1.5537455081939697,0.2501071095466614
259,0.0001,0.23052786383777857,0.9522471219089703,0.4792462876348784,0.85610020967526,0.9213183636445714,14.74340033531189,0.22602061461657286,0.179947922937572,0.15627762023359537,0.07904943265020847,0.22602061461657286,0.8602265231311321,0.2787483442913402,0.37249140667192865,0.1746363052816102,0.0771327738960584,0.2787483442913402,0.8341951930161678,0.9608218669891357,0.675684928894043,0.7065783143043518,0.631018877029419,0.7131568789482117,0.7231773138046265,0.5366650223731995,2.013603448867798,0.3766646683216095,0.13352882862091064,1.551871657371521,0.25013425946235657
260,0.0001,0.22998781874775887,0.9531679737885629,0.4756251465190541,0.8592224044366729,0.9232419422658754,14.738281488418579,0.2251916667446494,0.17955866735428572,0.15565234422683716,0.07932237582281232,0.2251916667446494,0.8640685938298702,0.27611270456603076,0.3728739312200835,0.17000803351402283,0.07807564825722665,0.27611270456603076,0.8369000662456859,0.9618111848831177,0.6759374141693115,0.7079273462295532,0.6308673620223999,0.7136709690093994,0.7242040634155273,0.538250207901001,2.014056444168091,0.37714192271232605,0.13333190977573395,1.550156831741333,0.25007593631744385
261,0.0001,0.23204987589269876,0.9522116228055,0.4798206957903775,0.8573668224563793,0.9221011381265501,14.813596487045288,0.2246506093069911,0.18280561454594135,0.15562987886369228,0.07889280328527093,0.2246506093069911,0.8658210672438145,0.2813078454046538,0.37636525883819116,0.17054881697351282,0.07799701166875435,0.2813078454046538,0.8325469746734157,0.9619503617286682,0.6763032078742981,0.7090917229652405,0.6303685903549194,0.7132379412651062,0.7251541018486023,0.5399318337440491,2.013925790786743,0.37764957547187805,0.1329369992017746,1.5494892597198486,0.2502537965774536
262,0.0001,0.23010399006307125,0.9529146993653751,0.4801756829926462,0.8573996749956255,0.9221810102937626,14.925592184066772,0.22649621404707432,0.181362796574831,0.15432297997176647,0.0798815106973052,0.22649621404707432,0.8611691296100616,0.2798109235185565,0.373009027856769,0.1688205599784851,0.07732131320870284,0.2798109235185565,0.8326005845358877,0.9621724486351013,0.6766736507415771,0.7101351022720337,0.6301733255386353,0.7135292291641235,0.7261335849761963,0.5393456816673279,2.013062000274658,0.37816208600997925,0.13247133791446686,1.5472331047058105,0.25045809149742126
263,0.0001,0.2302292985841632,0.952830386266833,0.47768100825223053,0.8587251571276799,0.923065131234961,14.490535259246826,0.22791579086333513,0.1796439979225397,0.15627867821604013,0.0793634345754981,0.22791579086333513,0.8599616996943951,0.2834314667817318,0.3688038226329919,0.16793879550514798,0.07886099510572174,0.2834314667817318,0.8283762335777283,0.9626700282096863,0.6768708229064941,0.711319625377655,0.6297693848609924,0.7135418653488159,0.7270958423614502,0.5395492911338806,2.0139713287353516,0.3787715435028076,0.13174940645694733,1.545743465423584,0.25052890181541443
264,0.0001,0.22886373475193977,0.9540923326117039,0.4868535923235344,0.8548216786727076,0.9205235806142474,15.01390528678894,0.22670591808855534,0.17916705552488565,0.1543853348121047,0.07903856597840786,0.22670591808855534,0.8594069890677929,0.2843529997449933,0.3820709188779195,0.1751738398364096,0.07840857858007605,0.2843529997449933,0.8291404698834275,0.9628885984420776,0.6772363781929016,0.7125082015991211,0.6298279762268066,0.7138608694076538,0.728129506111145,0.5397294759750366,2.013432264328003,0.37920400500297546,0.1312624216079712,1.544386386871338,0.2505950331687927
265,0.0001,0.23083300329744816,0.9509368101924193,0.4881171602191347,0.8519997861918447,0.918753386385076,14.835127592086792,0.22133706230670214,0.18311369232833385,0.1536103319376707,0.07994639780372381,0.22133706230670214,0.8650858402252197,0.28807936653946387,0.37694964264378406,0.18703002821315418,0.07731083904703458,0.28807936653946387,0.8268016901883212,0.9636578559875488,0.6776861548423767,0.7135574817657471,0.629896342754364,0.7142002582550049,0.7291434407234192,0.5396597981452942,2.0123510360717773,0.3795338273048401,0.1305782049894333,1.5413674116134644,0.2505600154399872
266,0.0001,0.23073015455156565,0.9519987859880364,0.49744823484709766,0.8515729138120028,0.9186751288001191,15.423391342163086,0.22182696219533682,0.18353709857910872,0.15414732601493597,0.07875411817803979,0.22182696219533682,0.8654377534985542,0.3006756197322499,0.37906001192150696,0.17653893611647867,0.07678625552040158,0.3006756197322499,0.8197360381935582,0.9637853503227234,0.677985429763794,0.7144107818603516,0.6293249130249023,0.713996410369873,0.7299597263336182,0.5387690663337708,2.0120227336883545,0.37979283928871155,0.13070741295814514,1.5398656129837036,0.2506047487258911
267,0.0001,0.22916499711573124,0.953183141235633,0.48562929485783435,0.8552774877387004,0.9209300782772829,14.884435892105103,0.22699324414134026,0.1777707552537322,0.1569302836433053,0.07789715938270092,0.22699324414134026,0.861814733594656,0.27815867915298,0.3770902536132119,0.1665656611774907,0.07462374922452551,0.27815867915298,0.8369586359370839,0.9646625518798828,0.6783633828163147,0.7156345248222351,0.6296209096908569,0.7141329646110535,0.7309001684188843,0.5382251739501953,2.008556604385376,0.3803901672363281,0.1306917667388916,1.539298176765442,0.2508156895637512
268,0.0001,0.24054153263568878,0.9497522368461545,0.4818975997693611,0.8565945904760813,0.9216638900578628,15.08245301246643,0.23643404431641102,0.18630555644631386,0.15884234476834536,0.07746271509677172,0.23643404431641102,0.850580669939518,0.28827591917731543,0.3702634663292856,0.17806476760994305,0.07741913910616528,0.28827591917731543,0.8269680142402649,0.9642945528030396,0.678020179271698,0.7165569067001343,0.6292507648468018,0.7142888903617859,0.7318956255912781,0.5366686582565308,2.007171869277954,0.3805890679359436,0.13000380992889404,1.5397857427597046,0.25090906023979187
269,0.0001,0.2276428360491991,0.9536580574022018,0.5016100948507135,0.846080446808453,0.9151473345397304,14.771164417266846,0.2254152363166213,0.18019498139619827,0.15755426418036222,0.07955587096512318,0.2254152363166213,0.8628113307058811,0.2897336952614062,0.3861503673322273,0.17884679274125534,0.07705478731429938,0.2897336952614062,0.8252336129997716,0.9647059440612793,0.6782077550888062,0.7175142168998718,0.6289188265800476,0.7146545052528381,0.7328166961669922,0.5363066792488098,2.0075488090515137,0.3808661103248596,0.12961743772029877,1.5390537977218628,0.2509779930114746
270,0.0001,0.23036362323909998,0.9521685013441625,0.4741551803820061,0.8573964625959503,0.9221784208182404,15.163426399230957,0.22613243851810694,0.18136097583919764,0.15470639616250992,0.07880110060796142,0.22613243851810694,0.85917654260993,0.2759533849629489,0.36850534063397034,0.16473019755247867,0.07770215302254214,0.2759533849629489,0.8350693457054369,0.964118480682373,0.6783795952796936,0.7185361981391907,0.628402054309845,0.7144155502319336,0.7336445450782776,0.5356802344322205,2.0074894428253174,0.38133689761161804,0.12933693826198578,1.5377436876296997,0.2511136829853058
271,0.0001,0.2255662428215146,0.9533217695212828,0.48156736836288916,0.8536089050606411,0.9196149472338121,14.86253309249878,0.22488256450742483,0.1753671858459711,0.15596263855695724,0.07784664537757635,0.22488256450742483,0.8636281304061413,0.2825271324677901,0.37108801711689343,0.16828599120631363,0.07663911310109225,0.2825271324677901,0.8249532544251644,0.9644938111305237,0.678476095199585,0.7196360230445862,0.6283316016197205,0.71416836977005,0.7345724105834961,0.5364117622375488,2.0084588527679443,0.3818506896495819,0.12865468859672546,1.5364129543304443,0.2511187791824341
272,0.0001,0.22521745786070824,0.9531938465419493,0.47415861216458405,0.8610965189006822,0.9243101185443633,15.627776384353638,0.2244499372318387,0.17561349272727966,0.15337294433265924,0.07984392112120986,0.2244499372318387,0.8604388944804668,0.28291132594599866,0.3726618949211005,0.17479319464076648,0.07834935233448491,0.28291132594599866,0.8272706035411719,0.9648756980895996,0.6786250472068787,0.720677375793457,0.6281754374504089,0.7134486436843872,0.7355273365974426,0.5357330441474915,2.0085830688476562,0.3822880983352661,0.1284596472978592,1.5357024669647217,0.25123849511146545
273,0.0001,0.23453375231474638,0.9502809880247219,0.4881996349854903,0.8505563797577815,0.9177384578541794,14.764012575149536,0.2283470518887043,0.18571145739406347,0.15557577274739742,0.07884364388883114,0.2283470518887043,0.8589949905872345,0.2798943736336448,0.3776675778808016,0.17498701810836792,0.07701343614043611,0.2798943736336448,0.8315049482114387,0.964998722076416,0.6789109706878662,0.7217631936073303,0.6277368664741516,0.713360607624054,0.7362449169158936,0.5361320972442627,2.0076708793640137,0.3826093077659607,0.12835222482681274,1.5345553159713745,0.2511741816997528
274,0.0001,0.22857301495969296,0.9525868912448531,0.49204654043371027,0.8513971065721934,0.9185367786175739,14.880169153213501,0.2234292821958661,0.18105573952198029,0.15373876504600048,0.07958318991586566,0.2234292821958661,0.8643036112189293,0.2825516606822158,0.38453012433919037,0.17743047078450522,0.07820398642709761,0.2825516606822158,0.8321186954324896,0.9648094177246094,0.6789966225624084,0.7225587368011475,0.6274893879890442,0.7139254808425903,0.7370631098747253,0.5362275242805481,2.007020950317383,0.3830852806568146,0.12821076810359955,1.5339139699935913,0.2511141896247864
275,0.0001,0.2234182208776474,0.9535036536945014,0.49579815431074664,0.8529478446285332,0.919584735793615,15.069850444793701,0.21809958014637232,0.1762878205627203,0.1516513042151928,0.07976354006677866,0.21809958014637232,0.8687335848808289,0.2856373895298351,0.39203762646877405,0.17457573793151163,0.08015825757474611,0.2856373895298351,0.828065706021858,0.9647867679595947,0.6794386506080627,0.7235459685325623,0.6271300911903381,0.7138272523880005,0.7379754185676575,0.5351482033729553,2.0070133209228516,0.3836239278316498,0.12820155918598175,1.5320106744766235,0.2512117624282837
276,0.0001,0.228088503703475,0.9529242969929383,0.4839686986171838,0.8514373867299238,0.9184314151251571,14.772963285446167,0.22472797520458698,0.179371221922338,0.15465592313557863,0.07980981841683388,0.22472797520458698,0.8636445850133896,0.28145768245061237,0.37305005210818665,0.17461172920284848,0.08022484454241666,0.28145768245061237,0.8286932923577048,0.9654650092124939,0.6795058846473694,0.7245821356773376,0.6270204782485962,0.7134990096092224,0.7389807105064392,0.5335615873336792,2.0080082416534424,0.3840840756893158,0.1279863566160202,1.5320146083831787,0.25122329592704773
277,0.0001,0.23492994159460068,0.9516576122023015,0.48551159555261786,0.8524635992572445,0.9193895168573085,14.705191135406494,0.23443490453064442,0.1849200576543808,0.15677173156291246,0.07971509639173746,0.23443490453064442,0.8553131222724915,0.2841869086930246,0.3755533315918662,0.18124897732879175,0.07761684771288525,0.2841869086930246,0.8265155192577478,0.9657970070838928,0.6798312664031982,0.7253612875938416,0.6265358328819275,0.7132371664047241,0.7396410703659058,0.5327027440071106,2.0081067085266113,0.3842776417732239,0.1279754936695099,1.530953049659729,0.25120002031326294
278,0.0001,0.22512961365282536,0.9544122576959504,0.48662413972796814,0.8564575401864443,0.9215731704490183,14.685417413711548,0.22644964419305325,0.17567854654043913,0.15481622237712145,0.07988691329956055,0.22644964419305325,0.8597374148666859,0.28770939147833624,0.38214767882318207,0.1753998425873843,0.0772472657263279,0.28770939147833624,0.8257334521322539,0.9660640954971313,0.6801040768623352,0.7262587547302246,0.6266140341758728,0.712968111038208,0.7404746413230896,0.532943844795227,2.0077733993530273,0.3847704231739044,0.12756986916065216,1.530032753944397,0.25135326385498047
279,0.0001,0.22436702903360128,0.955219298102739,0.4812378233129328,0.8566669010809722,0.921793045041887,14.3812096118927,0.22845460288226604,0.17437691614031792,0.1551058879122138,0.07952366257086396,0.22845460288226604,0.8603474199771881,0.27979781049670593,0.37424714095664746,0.17794591910911328,0.07711517664067673,0.27979781049670593,0.8331964088208748,0.9658926129341125,0.6804004907608032,0.7273455858230591,0.6264417171478271,0.7122244238853455,0.7414124011993408,0.5320414304733276,2.007533550262451,0.38509878516197205,0.12757384777069092,1.5290294885635376,0.2514898478984833
280,0.0001,0.22775550186634064,0.9530827403679831,0.47408446037408075,0.8624254756146302,0.9251850457586356,15.264580726623535,0.2252420410513878,0.17955593392252922,0.1534413043409586,0.07894953805953264,0.2252420410513878,0.8622718378901482,0.2874949140982194,0.37309349847562384,0.16507101962060639,0.07828355501547005,0.2874949140982194,0.8284364902611935,0.966344952583313,0.6805827617645264,0.7284072637557983,0.6263458728790283,0.7122223973274231,0.7421367764472961,0.5327551960945129,2.0073649883270264,0.38554611802101135,0.1273287534713745,1.526963233947754,0.25157156586647034
281,0.0001,0.22293172404170036,0.954262320582375,0.46861488168889825,0.8633579284334003,0.9257140598489209,14.879420518875122,0.22038310207426548,0.17587123811244965,0.15588909108191729,0.08077925257384777,0.22038310207426548,0.8673132546246052,0.2757757432533033,0.37146236047600256,0.16713434006228592,0.07933804404103395,0.2757757432533033,0.8370804208697695,0.9661216139793396,0.680803656578064,0.729112982749939,0.6264171004295349,0.712466835975647,0.7429347634315491,0.5323660969734192,2.0073230266571045,0.3859592378139496,0.12652811408042908,1.5248552560806274,0.25165125727653503
282,0.0001,0.2272016266360879,0.9528337708046922,0.4778798096107714,0.8582867682929894,0.9224320920706787,15.199155569076538,0.2295647319406271,0.1786145344376564,0.15233380906283855,0.0801346399821341,0.2295647319406271,0.8577038310468197,0.28926819743532123,0.37076495000810333,0.16608971899205988,0.07648943759726756,0.28926819743532123,0.8178989381501169,0.966394305229187,0.6811456084251404,0.7299141883850098,0.6264508366584778,0.712670624256134,0.7436748743057251,0.5301851034164429,2.0073113441467285,0.38616201281547546,0.125868022441864,1.5235060453414917,0.2517837882041931
283,0.0001,0.22557125613093376,0.9541568678887584,0.48207067359577527,0.8576908952710839,0.9223922031572211,14.393188714981079,0.22595021594315767,0.17664495389908552,0.15732198115438223,0.07777666300535202,0.22595021594315767,0.8600119091570377,0.27585250681096857,0.38363254883072595,0.1696487358122161,0.07694089469133002,0.27585250681096857,0.836574709776676,0.9664668440818787,0.6811034679412842,0.7309629321098328,0.6261014342308044,0.7131693363189697,0.744623601436615,0.5309534072875977,2.0078887939453125,0.38660264015197754,0.12584112584590912,1.5226597785949707,0.2519814968109131
284,0.0001,0.2241790685802698,0.9536415905327795,0.4870409568150838,0.8556599612021447,0.9212821619644687,15.052552461624146,0.21876660082489252,0.18026472814381123,0.15022756066173315,0.07955561252310872,0.21876660082489252,0.8682536371052265,0.28908498178828845,0.38248632983727887,0.17466023654648752,0.07851884570537192,0.28908498178828845,0.8245670199394226,0.9666709303855896,0.681320309638977,0.7318546175956726,0.625966489315033,0.713021993637085,0.7454419732093811,0.5305443406105042,2.0072267055511475,0.3869442045688629,0.1259247362613678,1.5215773582458496,0.2521003186702728
285,0.0001,0.22329877503216267,0.9538605117912637,0.47984733726039075,0.8614317497288975,0.9246763357399704,15.564531564712524,0.22606575768440962,0.1720601012930274,0.1565985633060336,0.07958977343514562,0.22606575768440962,0.8603557907044888,0.2966475920243697,0.3764597394249656,0.1705436408519745,0.08010519183043277,0.2966475920243697,0.8214589122569922,0.9670620560646057,0.6816111207008362,0.732641875743866,0.6257020235061646,0.7129148840904236,0.7461082935333252,0.5292943120002747,2.0082132816314697,0.38739538192749023,0.12583349645137787,1.5216299295425415,0.25200122594833374
286,0.0001,0.21725580096244812,0.9562441225455748,0.4807744965408788,0.8580791605636465,0.9227708321467966,14.972373247146606,0.22363427001982927,0.16762275248765945,0.15276486333459616,0.07930160406976938,0.22363427001982927,0.8642225377261639,0.2841941569790696,0.3775625364346938,0.1747082941459887,0.07811799205162308,0.2841941569790696,0.8254186420729666,0.9672513604164124,0.6819301247596741,0.7336326241493225,0.6254568696022034,0.7129582762718201,0.7468563914299011,0.529779851436615,2.0093307495117188,0.3878079950809479,0.12571300566196442,1.5212351083755493,0.25214141607284546
287,0.0001,0.2162707094103098,0.9569704935359856,0.4797713178576845,0.8570647900312447,0.9218666488904352,14.954269170761108,0.2219648901373148,0.16763766668736935,0.1522531802766025,0.08072195434942842,0.2219648901373148,0.8668660782277584,0.2833915551503499,0.37676839033762616,0.16814142284971295,0.07841656842466557,0.2833915551503499,0.8314826217564669,0.9671492576599121,0.6820874810218811,0.734637975692749,0.6255674362182617,0.7127643823623657,0.7476052045822144,0.5280064344406128,2.009897232055664,0.3881279230117798,0.12572714686393738,1.5195202827453613,0.2523508369922638
288,0.0001,0.22331818006932735,0.9542051135887669,0.47472515973177826,0.862580325576625,0.9252342738349579,15.04323959350586,0.22325521986931562,0.1762541807256639,0.1535724550485611,0.08031509257853031,0.22325521986931562,0.864962499588728,0.28037701772921014,0.3789533114794529,0.16366842660036954,0.0796287851125905,0.28037701772921014,0.8321828191930597,0.9671949148178101,0.682316243648529,0.7355673909187317,0.6255888342857361,0.7129530906677246,0.7483346462249756,0.5269879698753357,2.010331869125366,0.3885006904602051,0.12554435431957245,1.5186914205551147,0.25224393606185913
289,0.0001,0.21593364607542753,0.9562854526701405,0.4697201071363507,0.8627571839610702,0.9253508011146886,13.780375719070435,0.2201886223629117,0.1697962824255228,0.15096135064959526,0.0801096223294735,0.2201886223629117,0.8681074120104313,0.27304664525118744,0.37682250232407544,0.16742606777133365,0.07904995921434778,0.27304664525118744,0.8352656671495149,0.9675130248069763,0.6823006868362427,0.7364696264266968,0.6250280141830444,0.713508129119873,0.7490454912185669,0.5275999307632446,2.008989095687866,0.3888392746448517,0.12517206370830536,1.5176095962524414,0.25213226675987244
290,0.0001,0.21801831386983395,0.9559862050198603,0.4779084740263043,0.8590985404489306,0.9231211899182408,14.583131790161133,0.22103620693087578,0.17229123506695032,0.1513511585071683,0.0803858614526689,0.22103620693087578,0.8671950250864029,0.284857426628922,0.37657998366789386,0.17168444395065308,0.0784999555484815,0.284857426628922,0.829123298327128,0.9678849577903748,0.6826218962669373,0.737346887588501,0.6247534155845642,0.7138826847076416,0.7497542500495911,0.5275921821594238,2.0076355934143066,0.3892268240451813,0.1249416247010231,1.5154099464416504,0.25199005007743835
291,0.0001,0.2171739311888814,0.955749950556703,0.4806985566110322,0.859257090982202,0.9232892651332746,14.612552881240845,0.2178204245865345,0.17152326367795467,0.14988100063055754,0.0801278930157423,0.2178204245865345,0.8700098395347595,0.2803373734156291,0.3828704564860373,0.17311094385204892,0.07934770541209163,0.2803373734156291,0.8322949770725134,0.9681909680366516,0.6828517913818359,0.7381443381309509,0.624653160572052,0.714047908782959,0.7504391074180603,0.5269212126731873,2.0066399574279785,0.3895004689693451,0.12477388232946396,1.5141043663024902,0.25193047523498535
292,0.0001,0.2146465564146638,0.956500081825688,0.48599973591891205,0.8564358034829379,0.9216976857119359,15.521666049957275,0.21726119704544544,0.168840360827744,0.15348890144377947,0.08142025396227837,0.21726119704544544,0.8689262717962265,0.28132788701490924,0.38562636303179193,0.1745272712274031,0.07932964430162401,0.28132788701490924,0.8329865318356138,0.9683771133422852,0.6829257607460022,0.7390257120132446,0.6245507597923279,0.7139111161231995,0.7511665225028992,0.5254449248313904,2.0056934356689453,0.3898409903049469,0.12454678118228912,1.5129550695419312,0.2519637644290924
293,0.0001,0.21204189024865627,0.9572737570303359,0.4822714545510032,0.8591744904454124,0.9232975517285092,15.189495086669922,0.21653820760548115,0.16497898567467928,0.15035406406968832,0.08085078420117497,0.21653820760548115,0.8675636239349842,0.27983191880312835,0.3857158765648351,0.16847940105380435,0.0783693790435791,0.27983191880312835,0.8317129359100804,0.9689828157424927,0.6832492351531982,0.7400465607643127,0.624322772026062,0.7144358158111572,0.7519275546073914,0.5255547165870667,2.005051851272583,0.39016854763031006,0.12453841418027878,1.5119868516921997,0.25208720564842224
294,0.0001,0.22610134165734053,0.9534101367808832,0.4868347933798125,0.8550440415265134,0.9206857902661056,15.141276597976685,0.22910942044109106,0.17636319622397423,0.154822519980371,0.07995668845251203,0.22910942044109106,0.8558649607002735,0.28171373136115796,0.3827302329468005,0.17310466007752853,0.07743436989910675,0.28171373136115796,0.8310792554508556,0.9686064124107361,0.6835070848464966,0.7408903241157532,0.6240170001983643,0.7143712639808655,0.7526723742485046,0.5256229639053345,2.004940986633301,0.3904305100440979,0.12496999651193619,1.5110255479812622,0.2521519660949707
295,0.0001,0.22383201215416193,0.9538734462936053,0.48812250657515094,0.8553523319482672,0.9208799601642269,14.933389663696289,0.22781452164053917,0.17598559334874153,0.1562171522527933,0.07875517383217812,0.22781452164053917,0.8594817332923412,0.28124851710868604,0.3844347587137511,0.17323582100145746,0.07873149656436661,0.28124851710868604,0.830099799416282,0.9685336947441101,0.6837871074676514,0.7416599988937378,0.6238123774528503,0.7145767211914062,0.7534536719322205,0.5266472697257996,2.005208730697632,0.3907766342163086,0.12502488493919373,1.5098172426223755,0.2522284686565399
296,0.0001,0.21827758848667145,0.9552226447675133,0.4757157275170991,0.8606880411947829,0.9241180109611643,14.794457197189331,0.22208446823060513,0.17223416361957788,0.1520234765484929,0.07969959918409586,0.22208446823060513,0.8619961477816105,0.2799619526574106,0.37699291380968963,0.16574008672526389,0.07913534410975197,0.2799619526574106,0.833147822004376,0.9689602255821228,0.6839994192123413,0.7424980401992798,0.6237109303474426,0.7150259017944336,0.7541313171386719,0.5278098583221436,2.00455904006958,0.39105093479156494,0.12466728687286377,1.5080296993255615,0.25241518020629883
297,0.0001,0.2127573862671852,0.9574988575300787,0.487167112755053,0.8566276597388834,0.9216702425480422,14.523643493652344,0.21953906025737524,0.16565781459212303,0.1539893690496683,0.07936289999634027,0.21953906025737524,0.8675772733986378,0.28614078507278906,0.383093027454434,0.165619000340953,0.07743369155760968,0.28614078507278906,0.8259152986786582,0.9688069820404053,0.6842626333236694,0.743364691734314,0.6235781908035278,0.7148936986923218,0.7547929286956787,0.5281204581260681,2.003323554992676,0.39138105511665344,0.12458634376525879,1.5065932273864746,0.25256434082984924
298,0.0001,0.21697488240897655,0.9562156367403881,0.48908411011551367,0.8533605454149898,0.9195778035123264,15.091208457946777,0.22267057746648788,0.16945026628673077,0.15309752989560366,0.07983955973759294,0.22267057746648788,0.8638067990541458,0.2819658156597253,0.38267384695284296,0.17049767393054385,0.07864598963748325,0.2819658156597253,0.8309229702660532,0.969277024269104,0.684222400188446,0.7442272901535034,0.6234655976295471,0.714427649974823,0.7554914951324463,0.5276618003845215,2.002648115158081,0.39157870411872864,0.1244870126247406,1.505413293838501,0.2525753974914551
299,0.0001,0.21568855457007885,0.9570684531407722,0.48829852812217944,0.8575217963362131,0.922177857240039,14.72114872932434,0.22214131336659193,0.168489096686244,0.15226670540869236,0.07986222440376878,0.22214131336659193,0.8666162714362144,0.2774500016010169,0.3920529105446555,0.1700460116068522,0.07795276391235265,0.2774500016010169,0.8340906862056616,0.9694104194641113,0.6845016479492188,0.7449832558631897,0.6233950257301331,0.7148956656455994,0.7561520338058472,0.5271166563034058,2.003016948699951,0.39180755615234375,0.12428275495767593,1.5056025981903076,0.25254762172698975
300,0.0001,0.22350265737622976,0.9546823918466054,0.48271537549567944,0.8590683404067411,0.9231440286430258,14.94476842880249,0.22897958476096392,0.17521963361650705,0.15576785057783127,0.07948760408908129,0.22897958476096392,0.8576861768960953,0.2796253977399884,0.38441780932021863,0.1725411026766806,0.07785704596476122,0.2796253977399884,0.8322368986678846,0.9688225984573364,0.6848618388175964,0.7456875443458557,0.62305748462677,0.7151997089385986,0.7568272352218628,0.5264968872070312,2.002549409866333,0.3920970559120178,0.12440726161003113,1.5046131610870361,0.2526687979698181
301,0.0001,0.21959042735397816,0.9558670214085109,0.484600128549518,0.8617331774272466,0.924754678122333,14.76521921157837,0.2277312157675624,0.1715141674503684,0.15376373566687107,0.08052491629496217,0.2277312157675624,0.8596868328750134,0.28146695910078107,0.39003757455132226,0.16430778756286157,0.07846167728756413,0.28146695910078107,0.8304190057696719,0.9692096710205078,0.6849920749664307,0.7464499473571777,0.6227827668190002,0.7157643437385559,0.7575021982192993,0.5267272591590881,2.0027999877929688,0.3924473226070404,0.12427300214767456,1.5040879249572754,0.2528476119041443
302,0.0001,0.21482741087675095,0.9565827605364234,0.4942169659065478,0.8545368464757545,0.9205220413982277,15.162710905075073,0.2193589797243476,0.17039102595299482,0.15159211587160826,0.07901593903079629,0.2193589797243476,0.8684007860720158,0.2873828754280553,0.3901575605074565,0.1742567510315866,0.07778163220394742,0.2873828754280553,0.8251109339974143,0.9689988493919373,0.6851382851600647,0.7472311854362488,0.6225003600120544,0.7157491445541382,0.758171021938324,0.5266010761260986,2.001906394958496,0.39271414279937744,0.12396278977394104,1.5035791397094727,0.25295785069465637
303,0.0001,0.2209674110636115,0.9558720055393455,0.4833685340303363,0.8598042508125034,0.9235777360831819,14.728626728057861,0.22954032849520445,0.17221025098115206,0.15493696369230747,0.07855493435636163,0.22954032849520445,0.8563545271754265,0.2863175254879576,0.38339187882163306,0.17272179325421652,0.07805263409108827,0.2863175254879576,0.826032559076945,0.9686749577522278,0.685328483581543,0.7479974031448364,0.6220543384552002,0.7156029343605042,0.7588280439376831,0.5268006324768066,2.000885486602783,0.3930271565914154,0.12343677133321762,1.5025774240493774,0.2530103623867035
304,0.0001,0.2224211422726512,0.9547071104765965,0.49673003861398407,0.852536111440827,0.9192672300754846,14.618317604064941,0.22799246571958065,0.17340135108679533,0.15749158896505833,0.07818524213507771,0.22799246571958065,0.8583764582872391,0.2816562760959972,0.39185887213909265,0.16983154145154086,0.07802720966212677,0.2816562760959972,0.831875974481756,0.9691941142082214,0.6853798627853394,0.7488210201263428,0.6220519542694092,0.7154449224472046,0.7595230937004089,0.5276679396629333,2.0003342628479004,0.3934396803379059,0.12300658226013184,1.5014872550964355,0.25310221314430237
305,0.0001,0.21461778040975332,0.9572131432866217,0.4816286816741481,0.8590458632816598,0.9231230332928114,14.49947214126587,0.22284501791000366,0.1677739154547453,0.15437000803649426,0.07901446241885424,0.22284501791000366,0.8654270172119141,0.28104253609975177,0.38075658046838007,0.17558356487389767,0.07820711544517314,0.28104253609975177,0.8312921216993621,0.969206690788269,0.6854277849197388,0.7495983242988586,0.6216784715652466,0.7152396440505981,0.7601009011268616,0.5263189077377319,1.9999581575393677,0.39378035068511963,0.12310990691184998,1.5008643865585327,0.2532511055469513
306,0.0001,0.21593822818249464,0.9574711545315904,0.48509857148835156,0.855986971782444,0.9211996713873549,14.306280851364136,0.22564084455370903,0.16602574288845062,0.15493987314403057,0.07906897319480777,0.22564084455370903,0.8624673932790756,0.2867723017027884,0.381908632589109,0.17165394443454166,0.07841202119986217,0.2867723017027884,0.829632200978019,0.9695108532905579,0.6855421662330627,0.750471293926239,0.6217256784439087,0.71500563621521,0.7608218789100647,0.525341808795929,2.0006802082061768,0.39408910274505615,0.12301377207040787,1.499975323677063,0.25334033370018005
307,0.0001,0.21452885773032904,0.9572970177573779,0.4839759487094301,0.8570917897528112,0.9219509296337539,15.003183364868164,0.2264942741021514,0.1660056570544839,0.15291388239711523,0.07994568720459938,0.2264942741021514,0.8636971414089203,0.28479218663591327,0.38137375405340485,0.16338962677753333,0.07779810193813208,0.28479218663591327,0.8304942828236204,0.9695449471473694,0.6854844093322754,0.7512521147727966,0.6216204166412354,0.7148027420043945,0.7615962624549866,0.524841845035553,2.000138282775879,0.3944459855556488,0.12316956371068954,1.4986050128936768,0.2532918453216553
308,0.0001,0.21195366326719522,0.9576672990631254,0.4830686829306863,0.8572263779863931,0.9219189461907897,15.291418075561523,0.22209831606596708,0.1633086046203971,0.15243607945740223,0.07957397680729628,0.22209831606596708,0.8642296083271503,0.2850180719837998,0.38088546015999536,0.17326577685096048,0.07880069428321088,0.2850180719837998,0.8294867873191833,0.9698531031608582,0.6856367588043213,0.7520701289176941,0.6215428113937378,0.714993417263031,0.7622780203819275,0.5248082280158997,1.9992378950119019,0.3946824371814728,0.12292416393756866,1.4960784912109375,0.2533661127090454
309,0.0001,0.21591971348971128,0.9568861113764675,0.49106017748514813,0.8532073090897612,0.9194803992389218,15.459948539733887,0.22390467766672373,0.1698970291763544,0.1544911153614521,0.07956306869164109,0.22390467766672373,0.8674760088324547,0.28318318453702057,0.38568701527335425,0.1702937637314652,0.07925510248451521,0.28318318453702057,0.8281733411731143,0.9703807234764099,0.6856130957603455,0.7529280781745911,0.6215546727180481,0.7145609259605408,0.7629930973052979,0.5243831276893616,1.9990226030349731,0.39496049284935,0.1225963905453682,1.4944747686386108,0.2533206045627594
310,0.0001,0.21293043810874224,0.9571418203764398,0.47530783306468616,0.8611513291774793,0.9243528362192821,14.809786081314087,0.21949092764407396,0.16745641455054283,0.1519094593822956,0.0802572718821466,0.21949092764407396,0.8668075911700726,0.2767262729731473,0.3769281560724432,0.16413572791850928,0.07846095819364894,0.2767262729731473,0.8331892562635017,0.9704092144966125,0.6856707334518433,0.7535890936851501,0.6213500499725342,0.7143922448158264,0.7636479139328003,0.5244408249855042,1.998404622077942,0.3952394723892212,0.12247613072395325,1.492865800857544,0.2534199655056
311,0.0001,0.21998642943799496,0.9560552112474313,0.4832467238108317,0.8599403464042624,0.9237610456666697,15.007930278778076,0.22798240557312965,0.17037193570286036,0.15292879659682512,0.07916883286088705,0.22798240557312965,0.8598196171224117,0.2894094062573982,0.3815860098058527,0.16861617610310065,0.07925787680979932,0.2894094062573982,0.8247013579715382,0.9709746837615967,0.685478925704956,0.7543219327926636,0.6210516691207886,0.7140312194824219,0.7642810344696045,0.5248178243637085,1.9978737831115723,0.3956432044506073,0.12201787531375885,1.4915896654129028,0.25336703658103943
312,0.0001,0.2119439598172903,0.9572148649432269,0.4866842862331506,0.8570551670207776,0.9219576251190971,14.957754135131836,0.21839401312172413,0.16606777301058173,0.15181445516645908,0.0803529224358499,0.21839401312172413,0.8674801699817181,0.2777365753144929,0.3882538369207671,0.16588000908042444,0.0799262345288739,0.2777365753144929,0.8342896916649558,0.9720228314399719,0.685475766658783,0.7550459504127502,0.6212201714515686,0.7138699293136597,0.7648504376411438,0.5249232649803162,1.997252345085144,0.3958450257778168,0.12165143340826035,1.4910268783569336,0.25349968671798706
313,0.0001,0.21342902816832066,0.9573548595695627,0.4855834354053844,0.859023205163633,0.9232096213170718,14.691790103912354,0.22501941304653883,0.16465438762679696,0.15344288852065802,0.0807638606056571,0.22501941304653883,0.859619427472353,0.28139355146523676,0.38830717224063294,0.1722112749562119,0.07930659412434607,0.28139355146523676,0.8289236317981373,0.972136378288269,0.6855338215827942,0.7557139992713928,0.6213016510009766,0.7141171097755432,0.765465259552002,0.5258594155311584,1.9958752393722534,0.3961624801158905,0.12122471630573273,1.4904078245162964,0.2535354197025299
314,0.0001,0.20567874424159527,0.9595154303383912,0.4806313586957527,0.858482555239692,0.9227610516777572,14.887482404708862,0.21941184345632792,0.15796699281781912,0.1527505423873663,0.07888126326724887,0.21941184345632792,0.8668553344905376,0.2777182495955265,0.38183622107361304,0.16818819082144534,0.07901011915369467,0.2777182495955265,0.8340652621153629,0.972084641456604,0.6856926679611206,0.7565358281135559,0.6211482286453247,0.7139760851860046,0.7661908268928528,0.5256262421607971,1.9956345558166504,0.39642637968063354,0.12123268842697144,1.490159511566162,0.2536190152168274
315,0.0001,0.20626217313110828,0.9590207543112551,0.48524258714733703,0.8562376078297086,0.9215314706570682,15.349167108535767,0.21424958296120167,0.16173688787966967,0.14969038404524326,0.08025214681401849,0.21424958296120167,0.8731148429214954,0.2770903905232747,0.3849011551250111,0.16754367315407956,0.07869411338910912,0.2770903905232747,0.8344809394894224,0.9722450971603394,0.685789167881012,0.7572082281112671,0.6209233403205872,0.7136741876602173,0.7667073607444763,0.5251749157905579,1.9949754476547241,0.3966365456581116,0.12104345113039017,1.488831877708435,0.2537260353565216
316,0.0001,0.2106422046199441,0.9576549526375132,0.48330038966554584,0.858102495150867,0.9225942696457072,15.194165229797363,0.21977929398417473,0.16338487761095166,0.15368161723017693,0.07874506060034037,0.21977929398417473,0.8661766424775124,0.2754547433419661,0.3864379660649733,0.16877074946056714,0.07900315952120406,0.2754547433419661,0.8348323377695951,0.9719309210777283,0.6859517693519592,0.7578622698783875,0.6206409931182861,0.7136401534080505,0.76740962266922,0.5255629420280457,1.994528889656067,0.39689901471138,0.1209707036614418,1.4874380826950073,0.2537786066532135
317,0.0001,0.20854743476957083,0.9580513023878543,0.49178428360910126,0.8556936027621884,0.9212817842674931,14.679850339889526,0.21865974180400372,0.1631846046075225,0.14969267416745424,0.08067489927634597,0.21865974180400372,0.8688857071101665,0.2791540333718965,0.39631991404475586,0.1719987807851849,0.07989455262819926,0.2791540333718965,0.8311685612707427,0.9722529053688049,0.6862149834632874,0.7586031556129456,0.620639443397522,0.7138073444366455,0.7679731249809265,0.5256928205490112,1.9943927526474,0.3972261846065521,0.12099459022283554,1.486189365386963,0.2538515329360962
318,0.0001,0.20777039136737585,0.9588443644737715,0.4886087143059933,0.8550605432660968,0.9207408052192738,14.384873867034912,0.21938912756741047,0.16032269317656755,0.15410568471997976,0.08021719614043832,0.21938912756741047,0.8687983937561512,0.2804685505953702,0.38785556319988135,0.16650160605257208,0.0794528362651666,0.2804685505953702,0.833438409097267,0.9721059203147888,0.6863701939582825,0.7591302394866943,0.620636522769928,0.7139610052108765,0.7685235142707825,0.5253962874412537,1.9938842058181763,0.39753299951553345,0.12103336304426193,1.4845670461654663,0.25390687584877014
319,0.0001,0.2111340705305338,0.9580070285700014,0.48693978786468506,0.8596157287567391,0.9234509584415002,14.893151044845581,0.22529105190187693,0.16370675899088383,0.1528892619535327,0.07957840571179986,0.22529105190187693,0.8593987263739109,0.28237427003455884,0.39089386119987024,0.16287021655024905,0.07822347511396263,0.28237427003455884,0.8346875689246438,0.9723918437957764,0.6864684224128723,0.7598114609718323,0.6206613779067993,0.7140120267868042,0.769091010093689,0.525283694267273,1.9932416677474976,0.39776602387428284,0.12098676711320877,1.483351230621338,0.25396743416786194
320,0.0001,0.20319589786231518,0.9599548228048574,0.4898843693010735,0.8563727221514894,0.921553642614142,14.990843534469604,0.21593345794826746,0.1570125943981111,0.15061748214066029,0.07901068218052387,0.21593345794826746,0.8705472201108932,0.2803417155236909,0.3925747365662546,0.16747038111542212,0.07781629704616287,0.2803417155236909,0.8314444910396229,0.9729844331741333,0.686665415763855,0.7605423927307129,0.6205368638038635,0.7139176726341248,0.7697232961654663,0.5243125557899475,1.9934561252593994,0.3979986011981964,0.12072553485631943,1.4819707870483398,0.25393903255462646
321,0.0001,0.2071822052821517,0.958588661300708,0.49116366921049176,0.8581495692376856,0.922637118820373,14.173561811447144,0.21698819193989038,0.1615485087968409,0.14836193434894085,0.07905298378318548,0.21698819193989038,0.8684049881994724,0.28240798458908545,0.3947228689988454,0.17390286199974292,0.07873995500532063,0.28240798458908545,0.8264772548820033,0.972618579864502,0.6869534254074097,0.7612192034721375,0.6203816533088684,0.713844895362854,0.7703570127487183,0.5239174365997314,1.9928802251815796,0.3981756269931793,0.1204957664012909,1.4816983938217163,0.2539546489715576
322,0.0001,0.20379999838769436,0.9592656253991882,0.4911197532307018,0.8583071557176565,0.9226062088549772,14.606838941574097,0.21142872888594866,0.16020962689071894,0.14768008887767792,0.07991780247539282,0.21142872888594866,0.8727405667304993,0.2807380575122255,0.39532784440300683,0.16707329497192847,0.07865598357536575,0.2807380575122255,0.8347998315637762,0.9724657535552979,0.6872760653495789,0.7618694305419922,0.6202727556228638,0.713758647441864,0.7708998918533325,0.5230262875556946,1.9925267696380615,0.3984159827232361,0.12018240243196487,1.481144666671753,0.25394806265830994
323,0.0001,0.20553316920995712,0.9594602018039589,0.4880686889995228,0.8583189768480163,0.922652728279899,14.221989154815674,0.21980283316224813,0.1590928863734007,0.14963796734809875,0.0807743794284761,0.21980283316224813,0.8655689992010593,0.2792553323687929,0.3903124061497775,0.17000693624669855,0.07921298153021118,0.2792553323687929,0.8340778188271956,0.9723489284515381,0.6874892711639404,0.7624649405479431,0.620000958442688,0.7138903737068176,0.771334707736969,0.5227423310279846,1.9917954206466675,0.3986881673336029,0.11984536796808243,1.4797358512878418,0.2539345920085907
324,0.0001,0.20846349000930786,0.9581681267013464,0.4878369461406361,0.8575871339338772,0.9222518735522997,14.960074663162231,0.22004206478595734,0.16035513766109943,0.15261614136397839,0.0806880658492446,0.22004206478595734,0.865167822688818,0.2796069184939067,0.3905222036621787,0.1696109211806095,0.07854997716618306,0.2796069184939067,0.8344194762634508,0.9725696444511414,0.6875491142272949,0.7631205320358276,0.6200047731399536,0.7137304544448853,0.771850049495697,0.5233156681060791,1.991711139678955,0.39890235662460327,0.11949945241212845,1.4782534837722778,0.254063218832016
325,0.0001,0.21124994661659002,0.957542248251201,0.4866540648720481,0.8583006189799216,0.9226664288542957,14.732155323028564,0.2197920111939311,0.16768894298002124,0.15084595885127783,0.08052351977676153,0.2197920111939311,0.8670471720397472,0.2749071012843739,0.392054431366198,0.16908267772558963,0.07895876986510826,0.2749071012843739,0.8357978932785265,0.9725916385650635,0.6876047849655151,0.7637096047401428,0.6198488473892212,0.7135123610496521,0.7724005579948425,0.5238469243049622,1.991719365119934,0.3990948498249054,0.11928869038820267,1.4768917560577393,0.25414568185806274
326,0.0001,0.20135967526584864,0.9609648301566296,0.4904837066476995,0.8554328795861559,0.9208423899925058,14.538321018218994,0.21731327008455992,0.15403646184131503,0.14911002665758133,0.07999812997877598,0.21731327008455992,0.86679757386446,0.2761427507256017,0.39101350849325006,0.16669062050906094,0.07794585011222145,0.2761427507256017,0.8363924676721747,0.9725972414016724,0.6877160668373108,0.7643982172012329,0.6196756958961487,0.7131745219230652,0.7728778123855591,0.5231202244758606,1.9911326169967651,0.3993309736251831,0.11914537101984024,1.4758687019348145,0.25423434376716614
327,0.0001,0.2059589996933937,0.9589865415825418,0.4872518488855073,0.8573131457428558,0.9221360335975788,14.545642614364624,0.21672543417662382,0.16005054954439402,0.15082054398953915,0.07962763402611017,0.21672543417662382,0.8698124065995216,0.2792785239942146,0.38820450414310803,0.1710185995607665,0.07824828938552827,0.2792785239942146,0.834408984039769,0.9723222851753235,0.687775731086731,0.7649649977684021,0.6194076538085938,0.7132331728935242,0.773474931716919,0.5229199528694153,1.990745186805725,0.3995603322982788,0.11903537809848785,1.4744032621383667,0.2543177902698517
328,0.0001,0.21057227812707424,0.9573223649259612,0.4888147007335316,0.8591660799084524,0.9230818333508166,15.542493104934692,0.2216639183461666,0.16312176082283258,0.1482028136961162,0.08061851747334003,0.2216639183461666,0.864927813410759,0.28268857435746625,0.39307468407081836,0.16486836292526938,0.07788697268926736,0.28268857435746625,0.8326187838207592,0.9727005958557129,0.6879269480705261,0.765583872795105,0.619314968585968,0.7131209969520569,0.7740328311920166,0.5227428674697876,1.9908719062805176,0.39986687898635864,0.1187552884221077,1.4731121063232422,0.25436270236968994
329,0.0001,0.2010343000292778,0.9608249888400588,0.49123091408700653,0.8573688480965095,0.9220931766507235,14.797886848449707,0.21497413702309132,0.15540685039013624,0.14911674428731203,0.08071771217510104,0.21497413702309132,0.869615938514471,0.2832525246071093,0.39184096907124377,0.1621568708708792,0.0783823998362729,0.2832525246071093,0.8327179460814504,0.9727306365966797,0.6880295276641846,0.7661574482917786,0.619188129901886,0.7130579352378845,0.774498462677002,0.5223786234855652,1.9903743267059326,0.4000374376773834,0.1184496134519577,1.4725284576416016,0.25443926453590393
330,0.0001,0.20528163947165012,0.9600300482307849,0.4871371262001269,0.8598649055211502,0.9236926692808383,14.7969388961792,0.222802409902215,0.15626571187749505,0.15174793265759945,0.078937703743577,0.222802409902215,0.865600448101759,0.27913410916472925,0.3923132798888467,0.1687963523648002,0.07836217094551433,0.27913410916472925,0.8365030523502466,0.9729481935501099,0.6879817843437195,0.7668145895004272,0.619284987449646,0.7132634520530701,0.7750388979911804,0.5220171809196472,1.9895678758621216,0.4002475142478943,0.1180671826004982,1.4720512628555298,0.25449278950691223
331,0.0001,0.20285158697515726,0.9597727590912158,0.48703197276953497,0.8588926394436188,0.9230529848958913,14.72614073753357,0.2147077638655901,0.1583717497996986,0.14766897913068533,0.07955664722248912,0.2147077638655901,0.8706970028579235,0.2818319147283381,0.3910900787873702,0.17104724230188312,0.07807029727281946,0.2818319147283381,0.8268920923724319,0.9726958274841309,0.6881102323532104,0.7674099206924438,0.6192286014556885,0.7128250598907471,0.7756027579307556,0.5214030146598816,1.98912513256073,0.4004569351673126,0.11794173717498779,1.4711799621582031,0.25457489490509033
332,0.0001,0.20664729457348585,0.9593566132360717,0.48485663442900684,0.8580488518631407,0.9225706058219767,15.51858401298523,0.21779495663940907,0.16066794143989682,0.14941639499738812,0.07956601493060589,0.21779495663940907,0.868186853826046,0.2774872292171825,0.38648625937375153,0.17016994772535382,0.07801462563149857,0.2774872292171825,0.8331137588529876,0.9726603627204895,0.6881930232048035,0.767936646938324,0.61915123462677,0.7122676372528076,0.7760952115058899,0.5204302668571472,1.988723635673523,0.4005780816078186,0.11792343854904175,1.4704790115356445,0.2545798122882843
333,0.0001,0.1999639766290784,0.9605938114710676,0.48648017464262067,0.8600121651475673,0.9237267539120921,14.583876132965088,0.21317326743155718,0.1565203545615077,0.14635780919343233,0.08014617441222072,0.21317326743155718,0.8722888417541981,0.27542237079504767,0.3929810442707755,0.1621923717585477,0.0786754520553531,0.27542237079504767,0.8381118088057546,0.9728857278823853,0.6882047653198242,0.7685375213623047,0.6192278265953064,0.7123135924339294,0.776590883731842,0.5201681852340698,1.9882800579071045,0.4008100926876068,0.11784647405147552,1.4694461822509766,0.2545849680900574
334,0.0001,0.20294556859880686,0.9597530571839645,0.4861214883399732,0.8607282156800534,0.9241238928974356,15.149032592773438,0.21610213350504637,0.1578254597261548,0.14855607692152262,0.0802415176294744,0.21610213350504637,0.8695631995797157,0.2745881875356038,0.3942235852732803,0.16539973291483792,0.0791524037944548,0.2745881875356038,0.8361707311688047,0.9731598496437073,0.6883481740951538,0.7691606283187866,0.6193233132362366,0.7126541137695312,0.7770936489105225,0.519966721534729,1.9876424074172974,0.40106549859046936,0.11765355616807938,1.468430995941162,0.2546151280403137
335,0.0001,0.20248044840991497,0.9597390261727479,0.488280252976851,0.859118228198109,0.9231262400566941,15.039430856704712,0.21632807049900293,0.15572876390069723,0.14926388394087553,0.0799255589954555,0.21632807049900293,0.8683957234025002,0.27597973382834234,0.3929275725827073,0.16714058590657782,0.07944847157958781,0.27597973382834234,0.8370897318377639,0.9730746746063232,0.6885554790496826,0.7696565389633179,0.6192309856414795,0.7123818397521973,0.7774944305419922,0.5191755294799805,1.987062931060791,0.40123414993286133,0.11749827861785889,1.467378854751587,0.25473642349243164
336,0.0001,0.20521031599491835,0.9597394488439487,0.4929911114952781,0.8579026072590734,0.922499496223756,14.68381381034851,0.21908225025981665,0.15888492669910192,0.14933661185204983,0.0798181532882154,0.21908225025981665,0.8657498806715012,0.2818923393885295,0.3972561404560552,0.17222408814863724,0.07879376592058124,0.2818923393885295,0.8281751365372629,0.9730513691902161,0.6887553334236145,0.770210862159729,0.6190167665481567,0.7126272916793823,0.7780037522315979,0.5194458961486816,1.9863412380218506,0.40140843391418457,0.11757009476423264,1.4663416147232056,0.2548278868198395
337,0.0001,0.20004386361688375,0.961334974312129,0.4905071872653383,0.8590601371630558,0.9231659151809934,14.828943967819214,0.21608187537640333,0.15342433471232653,0.15094232838600874,0.08050380554050207,0.21608187537640333,0.8727093674242496,0.27658139033751056,0.39735548333688214,0.16700253342137192,0.08017140107624458,0.27658139033751056,0.8356996178627014,0.9730876684188843,0.6888249516487122,0.770841121673584,0.6186826825141907,0.7124168276786804,0.778447687625885,0.5188952088356018,1.9864388704299927,0.4016248285770416,0.1175415962934494,1.466003179550171,0.2549028992652893
338,0.0001,0.20375034492462873,0.9591617755500976,0.4889915170091571,0.8608476642164228,0.9240926000982078,15.093598127365112,0.2181700598448515,0.15736762434244156,0.15054545179009438,0.08000931981950998,0.2181700598448515,0.8641518093645573,0.2801390705686627,0.39678104537906067,0.16229591586373068,0.08057875310381253,0.2801390705686627,0.8338352495973761,0.9730225801467896,0.6889892816543579,0.7713956832885742,0.6184722781181335,0.7123714685440063,0.7789148688316345,0.5186911821365356,1.9862821102142334,0.40186020731925964,0.11741236597299576,1.4656709432601929,0.25494712591171265
339,0.0001,0.1987524488940835,0.9619123995705999,0.49434980840393994,0.8547594141338071,0.9204795549939259,14.616029262542725,0.21850588079541922,0.15408293437212706,0.14908202923834324,0.08077890193089843,0.21850588079541922,0.87129707634449,0.2800422184395068,0.395168150916244,0.1707693257115104,0.07969517035014702,0.2800422184395068,0.8317654168967045,0.9732015132904053,0.6890831589698792,0.771940290927887,0.6182432770729065,0.7120109796524048,0.7793492078781128,0.5182093381881714,1.9857321977615356,0.40210625529289246,0.1172795295715332,1.4643176794052124,0.2549615204334259
340,0.0001,0.20051048882305622,0.9606481233349259,0.48980558279788855,0.8584888231276305,0.9227887561416056,14.697842597961426,0.21641674358397722,0.1545485770329833,0.1492491508834064,0.08037451235577464,0.21641674358397722,0.8690759018063545,0.27608056140668463,0.3975197221293594,0.1660923840421619,0.08020442803249214,0.27608056140668463,0.8351420290542372,0.9736348390579224,0.6892731785774231,0.7725393176078796,0.6182333827018738,0.7121691107749939,0.7797933220863342,0.5178631544113159,1.9857442378997803,0.40229538083076477,0.11711341142654419,1.4638254642486572,0.25492364168167114
341,0.0001,0.19863302074372768,0.961024016322111,0.49541643171599414,0.8550693688522077,0.9206593661840631,14.711534976959229,0.21470006927847862,0.15303695481270552,0.14840946067124605,0.08063237275928259,0.21470006927847862,0.8721692562103271,0.2835523179083159,0.39366420651927136,0.1670939741712628,0.07929721948775378,0.2835523179083159,0.8272064400441719,0.9733508825302124,0.6895716786384583,0.7730966806411743,0.6180095076560974,0.7119185924530029,0.7801608443260193,0.5170576572418213,1.9852007627487183,0.4024845361709595,0.11701155453920364,1.4626160860061646,0.2549476623535156
342,0.0001,0.20018234103918076,0.9606164291913148,0.502107808084199,0.8529201692301411,0.9193659059991763,15.271030902862549,0.21972969453781843,0.15337827615439892,0.14781655184924603,0.0810778858140111,0.21972969453781843,0.8652638755738735,0.2817203294147145,0.403024566896034,0.16642692775437326,0.07967267501534837,0.2817203294147145,0.8332136544314298,0.9734458327293396,0.6897091269493103,0.7736183404922485,0.617951512336731,0.7119408845901489,0.7806001305580139,0.5181006789207458,1.9853423833847046,0.4027751088142395,0.11684727668762207,1.4621344804763794,0.2549704313278198
343,0.0001,0.20266609452664852,0.9600796345743937,0.5054389635721842,0.8517084088075382,0.9185568099106083,14.75673770904541,0.21915153227746487,0.15674817515537143,0.14886112231761217,0.08042379561811686,0.21915153227746487,0.8664424568414688,0.2836135011730772,0.40494050221009686,0.16387150143132065,0.07880517501722682,0.2836135011730772,0.8281987490076007,0.9732864499092102,0.689822256565094,0.7741151452064514,0.6178250312805176,0.7120609879493713,0.7810201644897461,0.5182697772979736,1.9854366779327393,0.4029858708381653,0.11672689765691757,1.4611178636550903,0.2550203800201416
344,0.0001,0.2010766537860036,0.9602864839805187,0.4887643980257439,0.8591004885584274,0.9231222060703581,14.743180274963379,0.21865326631814241,0.15537227876484394,0.14757092017680407,0.08052048133686185,0.21865326631814241,0.8672985285520554,0.2758151256676876,0.3955564336343245,0.16640449473352142,0.07854018394242633,0.2758151256676876,0.834726561199535,0.973061740398407,0.6898638010025024,0.7745434045791626,0.6176856756210327,0.7116057276725769,0.7814894914627075,0.5172616839408875,1.9856834411621094,0.40315645933151245,0.11658370494842529,1.4604898691177368,0.2550407648086548
345,0.0001,0.20079263672232628,0.9604018679717718,0.4870535966121789,0.8583948752803937,0.9227734663127799,14.49509596824646,0.21674890536814928,0.15488241985440254,0.1478406642563641,0.08009945461526513,0.21674890536814928,0.8705580420792103,0.2793509309942072,0.3906620153875062,0.16820549423044379,0.07805789950670618,0.2793509309942072,0.8325122703205455,0.9729933142662048,0.6898507475852966,0.7749660015106201,0.6175109148025513,0.7115798592567444,0.7819722294807434,0.5175201892852783,1.985512375831604,0.40337321162223816,0.116305410861969,1.4594701528549194,0.25511473417282104
346,0.0001,0.21053839474916458,0.9580757330484188,0.4923181280945287,0.8584515770926946,0.9228283891918676,16.052823305130005,0.22285608854144812,0.16582322027534246,0.15254311449825764,0.08034937735646963,0.22285608854144812,0.8655187860131264,0.2790467179182804,0.39886649269046204,0.16511920726660526,0.0788952074944973,0.2790467179182804,0.8353487722801439,0.973143458366394,0.6898229122161865,0.7755044102668762,0.6173512935638428,0.7117931246757507,0.7824116945266724,0.5177967548370361,1.9850976467132568,0.4036443829536438,0.11607157438993454,1.4588099718093872,0.25507742166519165
347,0.0001,0.19896149914711714,0.9601251651594871,0.49281354745229083,0.8577067325608833,0.9223673859132361,14.717422723770142,0.21264932863414288,0.15509700682014227,0.14606828149408102,0.08056628378108144,0.21264932863414288,0.8737988658249378,0.277100429390416,0.39786477793346753,0.16638976696765784,0.07884008934100468,0.277100429390416,0.8354279904654531,0.9730759859085083,0.6899725198745728,0.775926947593689,0.6173042058944702,0.711775004863739,0.7828081846237183,0.5174210071563721,1.9845554828643799,0.4038267731666565,0.11591722816228867,1.4569425582885742,0.25503748655319214
348,0.0001,0.19874610751867294,0.9613987253980505,0.4922963200193463,0.8580391876463136,0.9225911786307245,13.25429916381836,0.21712311077862978,0.1524957180954516,0.1502860262989998,0.07934251800179482,0.21712311077862978,0.871227253228426,0.27757421045592334,0.3972816864649455,0.16656000686414313,0.07856020895820676,0.27757421045592334,0.8335104187329611,0.9729627966880798,0.6899669766426086,0.776425838470459,0.617070734500885,0.7116715312004089,0.7832040786743164,0.5170177817344666,1.9837663173675537,0.403986394405365,0.11582309007644653,1.45498788356781,0.2550715208053589
349,0.0001,0.20284958090633154,0.9602833974824857,0.4879212018215295,0.8599413020502407,0.9236856927726015,14.926183938980103,0.21980890724807978,0.15607666643336415,0.14889554725959897,0.080543652176857,0.21980890724807978,0.8667396456003189,0.27654163403944537,0.39369533278725366,0.16482122829466156,0.07886304220918453,0.27654163403944537,0.8360735755978208,0.9728550910949707,0.6901510953903198,0.7769075036048889,0.6168908476829529,0.7116101384162903,0.7836365103721619,0.5171160697937012,1.9830574989318848,0.4041478633880615,0.11563897132873535,1.4538688659667969,0.2551579773426056
350,0.0001,0.19991229753941298,0.9610703064375943,0.4898613944198146,0.8588744455077292,0.923073321178352,14.946336030960083,0.21864458918571472,0.1537512713111937,0.14958549290895462,0.07983535807579756,0.21864458918571472,0.8659779652953148,0.2760682395010283,0.39614593982696533,0.1622275827508984,0.0791454722709728,0.2760682395010283,0.8363080205339374,0.9728789925575256,0.6901822686195374,0.7774136066436768,0.6167885661125183,0.7113226652145386,0.7840301394462585,0.5167062282562256,1.9830470085144043,0.40433111786842346,0.11547358334064484,1.4530673027038574,0.2552506923675537
351,0.0001,0.20102198142558336,0.9609479037086305,0.4891889312050559,0.8599754550261708,0.9236775767232803,14.781190872192383,0.21904218662530184,0.15575379598885775,0.14842702262103558,0.07986108679324389,0.21904218662530184,0.86948361992836,0.27645025470040063,0.3983529634547956,0.1690254933906324,0.08017116073857654,0.27645025470040063,0.8358665397672942,0.9731184840202332,0.6902815103530884,0.7779242992401123,0.6168482899665833,0.7114140391349792,0.7844175696372986,0.5159534811973572,1.9826350212097168,0.40445852279663086,0.11522319912910461,1.4519673585891724,0.25532662868499756
352,0.0001,0.2024166975170374,0.9605556081836746,0.4947399406722098,0.856688311737626,0.9217076681709337,15.511351346969604,0.22130771446973085,0.1557372398674488,0.15130255464464426,0.07982995174825191,0.22130771446973085,0.8668451569974422,0.2765516656817812,0.4009582924120354,0.1685816329537016,0.08002188113151175,0.2765516656817812,0.833553570689577,0.9731866121292114,0.6902976632118225,0.7784875631332397,0.616835355758667,0.7113817930221558,0.784804105758667,0.5162887573242188,1.982268214225769,0.4045919179916382,0.1150355115532875,1.4504728317260742,0.2553090453147888
353,0.0001,0.19238257501274347,0.9627259683878323,0.4848206259987571,0.8610673686146233,0.9243653288838419,15.33863353729248,0.21123418677598238,0.14733817474916577,0.1473686844110489,0.08063799934461713,0.21123418677598238,0.8743006475269794,0.27411114808284875,0.39451724471467914,0.16654320738532327,0.08011910195151965,0.27411114808284875,0.8362082929322214,0.9732988476753235,0.6903315782546997,0.778958797454834,0.6165988445281982,0.711295485496521,0.7851793169975281,0.5159522294998169,1.9819880723953247,0.4048011898994446,0.11471781134605408,1.4492706060409546,0.25535088777542114
354,0.0001,0.19604178611189127,0.9613641509335186,0.489318746508974,0.8594162850384934,0.9234362020575286,14.886860132217407,0.21298428997397423,0.1522920373827219,0.14801098126918077,0.08090995205566287,0.21298428997397423,0.8732189945876598,0.27606603593537304,0.39749609430631,0.1628961084466992,0.07953334148183014,0.27606603593537304,0.837032984603535,0.9732493758201599,0.6905292868614197,0.7793676257133484,0.6165797710418701,0.7113456130027771,0.7855760455131531,0.5157421231269836,1.9815456867218018,0.40504810214042664,0.1146484762430191,1.4487600326538086,0.25540000200271606
355,0.0001,0.19807879999279976,0.9607130087878112,0.4955572287241618,0.859094609802539,0.9231947332624626,14.608041286468506,0.21681433450430632,0.15042610513046384,0.148097962141037,0.08056309167295694,0.21681433450430632,0.8687268756330013,0.2859194567709258,0.40066415071487427,0.17262996868653732,0.08038527845884814,0.2859194567709258,0.8270299452723879,0.9733811020851135,0.6907864212989807,0.7798438668251038,0.6163904666900635,0.7116644978523254,0.7859895825386047,0.5153661370277405,1.9813761711120605,0.40525782108306885,0.11454112082719803,1.4478867053985596,0.2554088830947876
356,0.0001,0.20065458118915558,0.9608472652310166,0.4945869373552727,0.8575994359653464,0.9223757840897497,15.455133438110352,0.21966134663671255,0.15486554568633437,0.15135734248906374,0.08058089297264814,0.21966134663671255,0.8670850917696953,0.27758000655607745,0.4010458362824989,0.16941662629445395,0.07955682198658134,0.27758000655607745,0.8334193283861334,0.973459005355835,0.6907992959022522,0.7803252935409546,0.6162122488021851,0.7115169167518616,0.7864153981208801,0.5145696401596069,1.9810683727264404,0.4053776264190674,0.11432518064975739,1.4469830989837646,0.25543302297592163
357,0.0001,0.19892009533941746,0.9609177325308541,0.4966543298779112,0.8559374219066648,0.9212181692134598,14.264633655548096,0.2182659851387143,0.1502460720948875,0.14970233850181103,0.08113727578893304,0.2182659851387143,0.8652398586273193,0.2823473359599258,0.4000567884156198,0.17033510858362372,0.07921843106547992,0.2823473359599258,0.8330811442750873,0.973617434501648,0.6910179257392883,0.7808951735496521,0.6161862015724182,0.7115623354911804,0.7868216633796692,0.5142961740493774,1.9798190593719482,0.4056093692779541,0.11423680931329727,1.4460577964782715,0.25550904870033264
358,0.0001,0.1964258188381791,0.9624392904140006,0.4992747090079568,0.8552127499137511,0.9208257428443954,15.41597604751587,0.22102090530097485,0.14984339755028486,0.1514952490106225,0.08094343356788158,0.22102090530097485,0.8657104149460793,0.28297441294699005,0.40203753474986914,0.16445329062866443,0.07884613605159702,0.28297441294699005,0.8317220355525161,0.973859429359436,0.6910910606384277,0.781467616558075,0.6162103414535522,0.7113544940948486,0.7871787548065186,0.51390540599823,1.9797059297561646,0.4058123528957367,0.1141878291964531,1.4457334280014038,0.25555866956710815
359,0.0001,0.19638195354491472,0.9623392306374865,0.4990247704766013,0.8559988245440052,0.9213930586575338,14.067270278930664,0.2171726180240512,0.14803499029949307,0.15165494102984667,0.07931593619287014,0.2171726180240512,0.8672442212700844,0.2764658151250897,0.40564668359178485,0.1659002863999569,0.07953493816382957,0.2764658151250897,0.8352969379136057,0.9742182493209839,0.6911866664886475,0.7820468544960022,0.6162501573562622,0.7114608287811279,0.7876001596450806,0.5134103894233704,1.9794899225234985,0.406043142080307,0.11399713158607483,1.444621205329895,0.25554725527763367
360,0.0001,0.19443425815552473,0.9625160904582529,0.49723927541212604,0.855544027942529,0.9209169924654893,14.745930194854736,0.21313931699842215,0.14947431115433574,0.1465005725622177,0.08062561322003603,0.21313931699842215,0.8732494451105595,0.2794060634844231,0.4011744874896425,0.16366332950014056,0.079110562011148,0.2794060634844231,0.8327455665125991,0.9742205142974854,0.6912634372711182,0.7825639843940735,0.6161943078041077,0.7115659117698669,0.7880008816719055,0.5131326913833618,1.978863000869751,0.40617987513542175,0.1139514297246933,1.4436007738113403,0.25555238127708435
361,0.0001,0.1892060386016965,0.9634991113379067,0.49316576755408087,0.8597385187854331,0.9235249106419084,14.591881275177002,0.2092915652319789,0.14457566803321242,0.1433542724698782,0.08086932962760329,0.2092915652319789,0.8764647282660007,0.27937680302244244,0.402866340044773,0.17134682518063168,0.07929520478302782,0.27937680302244244,0.8327337991107594,0.974316418170929,0.6913652420043945,0.7830137014389038,0.6161962747573853,0.7116667628288269,0.7883658409118652,0.5136076211929321,1.9782309532165527,0.4063645601272583,0.11385449022054672,1.4427258968353271,0.25560855865478516
362,0.0001,0.1981537602841854,0.9608710800010076,0.4924842155340946,0.8590619073729279,0.9231115426582843,14.862922191619873,0.21740050427615643,0.15246961172670126,0.14998257718980312,0.08030104683712125,0.21740050427615643,0.8665709868073463,0.2758777918237628,0.4024378169666637,0.16341416582916723,0.07955207811160521,0.2758777918237628,0.8359799565690936,0.9741939902305603,0.6915268898010254,0.7834545969963074,0.6160571575164795,0.7115969061851501,0.7887084484100342,0.5137951970100403,1.9782806634902954,0.4065483808517456,0.11360416561365128,1.4420872926712036,0.2555820047855377
363,0.0001,0.1961912363767624,0.962503008722818,0.4964215394222375,0.8565247924312255,0.9214878857233723,14.789714813232422,0.21963141951709986,0.14940414484590292,0.15109364222735167,0.08134780824184418,0.21963141951709986,0.8671749010682106,0.279289469574437,0.4006320888345892,0.16474292314413821,0.07952496680346402,0.279289469574437,0.8326831351627003,0.9740644693374634,0.6917452812194824,0.7839651703834534,0.6158986687660217,0.7118551731109619,0.7891038060188293,0.5134634971618652,1.9780168533325195,0.4067763686180115,0.11342725902795792,1.4412850141525269,0.2556101083755493
364,0.0001,0.19333143904805183,0.9627112265439979,0.49450772097616486,0.8601576969082791,0.9237432877102741,14.919658422470093,0.2176594464108348,0.14693392626941204,0.15031901095062494,0.08139931596815586,0.2176594464108348,0.8663807213306427,0.2831414992159063,0.4035061570731076,0.1674262456821673,0.08059068125757304,0.2831414992159063,0.830101211865743,0.9741440415382385,0.6918201446533203,0.7844346761703491,0.6158115267753601,0.7118997573852539,0.7894477248191833,0.5130234956741333,1.9775470495224,0.40696635842323303,0.11324789375066757,1.4402706623077393,0.2556750476360321
365,0.0001,0.19630202651023865,0.9621424216090578,0.49624332875916455,0.8584362864338513,0.9227519533401679,14.967957496643066,0.21600245870649815,0.1508990516886115,0.14765234105288982,0.08069710247218609,0.21600245870649815,0.8697656542062759,0.27738220583308826,0.4063650767008464,0.16403092579408127,0.07996191626245325,0.27738220583308826,0.8350129597114794,0.9741495847702026,0.691913366317749,0.7849172949790955,0.615718424320221,0.7118549942970276,0.789814829826355,0.5129590630531311,1.9771884679794312,0.40712395310401917,0.1131836548447609,1.439091682434082,0.2557232081890106
366,0.0001,0.19310372602194548,0.9632693292165725,0.4946339094277584,0.8587576867099385,0.9229177282790272,15.744412660598755,0.21553386840969324,0.14795552007853985,0.14802668802440166,0.0813050982542336,0.21553386840969324,0.8728899955749512,0.2790911306034435,0.40393211624839087,0.16765590328158755,0.08007555759765884,0.2790911306034435,0.8314470251401266,0.974155604839325,0.6920796632766724,0.785386860370636,0.6155707836151123,0.7119140625,0.7901472449302673,0.5122591853141785,1.9765836000442505,0.4072778522968292,0.11308221518993378,1.4380115270614624,0.2557747960090637
367,0.0001,0.1953262770548463,0.9624301511292906,0.4921310706572099,0.859076483191979,0.9230061309472339,14.469483613967896,0.21723335329443216,0.14754883432760835,0.14961698092520237,0.080379459541291,0.21723335329443216,0.8679481670260429,0.27793007908445416,0.40084077914555866,0.1639240203481732,0.0791134111809008,0.27793007908445416,0.835819302183209,0.9741029739379883,0.6921043992042542,0.7858040928840637,0.6155225038528442,0.7116069197654724,0.79051673412323,0.512162446975708,1.9759348630905151,0.40741246938705444,0.11309174448251724,1.4370620250701904,0.2558152973651886
368,0.0001,0.20249714329838753,0.9604518589288996,0.49117525057359174,0.8595316852962062,0.9233458015842534,14.749031066894531,0.2271866938099265,0.152617366053164,0.1524657141417265,0.08085283497348428,0.2271866938099265,0.860504649579525,0.2774867325118094,0.40054625995231397,0.16701669945861353,0.07877319114226283,0.2774867325118094,0.8348272930492054,0.9740422368049622,0.6920625567436218,0.786249041557312,0.6153795719146729,0.7112149000167847,0.7909263968467712,0.5116727352142334,1.9753241539001465,0.40754684805870056,0.11305073648691177,1.4358737468719482,0.25580790638923645
369,0.0001,0.19053833838552237,0.9639971763748335,0.48892532695423474,0.8605554019025381,0.9239521862845956,14.521998643875122,0.2165862498804927,0.14364264020696282,0.14680899074301124,0.08087724819779396,0.2165862498804927,0.8681020699441433,0.2751543034206737,0.3998968682505868,0.16500682361198193,0.07865274437900746,0.2751543034206737,0.8371189670129255,0.9740329384803772,0.6921188235282898,0.7866852879524231,0.6154336929321289,0.7108715772628784,0.7913169264793396,0.5113049149513245,1.9750871658325195,0.4077502191066742,0.11279585212469101,1.4348289966583252,0.2557902932167053
370,0.0001,0.1921369545161724,0.9633955164805091,0.493587031508937,0.8591658238320106,0.9231443879875996,14.680606365203857,0.2176145426928997,0.14473333954811096,0.14729318767786026,0.07993371691554785,0.2176145426928997,0.8659736290574074,0.27766486731442536,0.40308720595908887,0.16528437625278125,0.07903092794797638,0.27766486731442536,0.8356907385768313,0.9742251038551331,0.6921228766441345,0.7871567606925964,0.6152989268302917,0.7109641432762146,0.7916646599769592,0.5113576650619507,1.9747672080993652,0.40792641043663025,0.11256598681211472,1.4343006610870361,0.25583940744400024
371,0.0001,0.1964232362806797,0.9619370440889804,0.4972717184008974,0.8571381513256523,0.9218847681942338,14.52057957649231,0.2182913776487112,0.15034592803567648,0.1484992504119873,0.0804848475381732,0.2182913776487112,0.8690167181193829,0.27900707721710205,0.40310736858483515,0.16594293894189777,0.07922246837706277,0.27900707721710205,0.8342996095166062,0.9743461608886719,0.6923050880432129,0.7876085638999939,0.6152201294898987,0.7108623385429382,0.7920253276824951,0.5111772418022156,1.9743101596832275,0.4081559181213379,0.11248402297496796,1.4331793785095215,0.2558859586715698
372,0.0001,0.2001467039808631,0.9599787855890116,0.4917897130503799,0.8596290240564781,0.9234688670473974,14.744187355041504,0.2192704826593399,0.1507875844836235,0.15041329059749842,0.07900670729577541,0.2192704826593399,0.8645855933427811,0.2754289887168191,0.4018997279080478,0.16686147993261163,0.08007915916316437,0.2754289887168191,0.8363730744882063,0.9745993614196777,0.6923069357872009,0.7880460023880005,0.61527019739151,0.7106965780258179,0.7923593521118164,0.5106201171875,1.9743319749832153,0.408365398645401,0.112625353038311,1.4325693845748901,0.2559490203857422
373,0.0001,0.19157206825912,0.9642262962895514,0.4905860821406047,0.8577099539547132,0.9222754339234676,15.288774967193604,0.21944206580519676,0.14082255959510803,0.15145993884652853,0.08025328582152724,0.21944206580519676,0.867732148617506,0.27627247391325055,0.39549380811777984,0.16032791498935584,0.079462015380462,0.27627247391325055,0.8373741308848063,0.9746354222297668,0.6924129128456116,0.7884888648986816,0.6151135563850403,0.7107784152030945,0.7927575707435608,0.5100284218788147,1.9739240407943726,0.4086076021194458,0.11255700141191483,1.4323341846466064,0.25595319271087646
374,0.0001,0.1937318304553628,0.9625157039718774,0.49781359325755725,0.8560312639887068,0.9212784611955456,14.947446823120117,0.21828677877783775,0.14695907291024923,0.14790816698223352,0.08081446727737784,0.21828677877783775,0.8645514026284218,0.27850041606209497,0.40368261662396515,0.16847486477909665,0.07908437254302429,0.27850041606209497,0.8328317801157633,0.9748924970626831,0.6925013065338135,0.7890053987503052,0.6151136755943298,0.7107961177825928,0.7931860089302063,0.5101596117019653,1.973626971244812,0.40876078605651855,0.11242860555648804,1.4320520162582397,0.2559366226196289
375,0.0001,0.19321444258093834,0.9629384504383761,0.4957155314358798,0.856763550381425,0.9216694437888372,14.832388162612915,0.21611580718308687,0.1448595765978098,0.1480873627588153,0.07902307016775012,0.21611580718308687,0.8688783869147301,0.2771848241488139,0.4021216052951235,0.16562268860412366,0.07916019958528606,0.2771848241488139,0.835136682698221,0.9748198390007019,0.6927917003631592,0.7894443869590759,0.6150538325309753,0.7108503580093384,0.7935546040534973,0.5098943710327148,1.97324538230896,0.4089415669441223,0.11226300895214081,1.431618332862854,0.2559107542037964
376,0.0001,0.19741797912865877,0.9613976446824909,0.49630963802337646,0.8569318093424846,0.9218229157509983,15.496936321258545,0.21979774627834558,0.15024055121466517,0.15002903901040554,0.07983766635879874,0.21979774627834558,0.8661706745624542,0.27736549666433624,0.40296417565056775,0.16927822069688278,0.07904322016419786,0.27736549666433624,0.8322554393248125,0.9748427271842957,0.6928221583366394,0.789911150932312,0.6151410937309265,0.7107424139976501,0.7939824461936951,0.5095083117485046,1.973140001296997,0.40906772017478943,0.11201012134552002,1.4310178756713867,0.2559109628200531
377,0.0001,0.1975731085985899,0.9614325186351528,0.4984662135442098,0.8561766197589162,0.9213345550788193,14.595627307891846,0.2211704207584262,0.14876913838088512,0.1488924603909254,0.08010709984228015,0.2211704207584262,0.8629705794155598,0.2767201481443463,0.40437461119709595,0.16699488957722983,0.07923097852053064,0.2767201481443463,0.8349864013267286,0.9750353097915649,0.6929383873939514,0.7904003262519836,0.6149449348449707,0.7108290791511536,0.7943430542945862,0.5087196230888367,1.972634196281433,0.40928009152412415,0.11185966432094574,1.4307644367218018,0.25596293807029724
378,0.0001,0.19119868893176317,0.9644408137810053,0.49749635205124365,0.8571359815562857,0.9220218791913408,15.175367832183838,0.21957712154835463,0.14230692386627197,0.149572872556746,0.07856522593647242,0.21957712154835463,0.8656948804855347,0.27491383480303216,0.4055397113164266,0.16788279378052914,0.07961326329545541,0.27491383480303216,0.8349000974134966,0.9750492572784424,0.6930078864097595,0.7908905148506165,0.6148863434791565,0.7107437252998352,0.7947540879249573,0.5084279179573059,1.9720988273620605,0.40945354104042053,0.11171518266201019,1.4297112226486206,0.2559508681297302
379,0.0001,0.20246382895857096,0.9599607885274983,0.5005954467889034,0.8570482529816104,0.9219268265133387,15.210881471633911,0.22629267536103725,0.1537609538063407,0.1524988729506731,0.07852861424908042,0.22629267536103725,0.8594140224158764,0.277667426701748,0.40935790900028113,0.16758453304117377,0.07919050335432544,0.277667426701748,0.836314244703813,0.9751192927360535,0.6929949522018433,0.7913278937339783,0.6149336695671082,0.7106178402900696,0.7951607704162598,0.5083009004592896,1.9718308448791504,0.4095867872238159,0.11150285601615906,1.4287079572677612,0.2559742033481598
380,0.0001,0.19444955047219992,0.9627983541509907,0.5000880487037428,0.8583157216319642,0.9226625255067248,14.82244348526001,0.22033509332686663,0.1477152411825955,0.15136215183883905,0.08012255374342203,0.22033509332686663,0.8663390055298805,0.2854448611086065,0.4075379461953134,0.1733248269919193,0.07913399510311359,0.2854448611086065,0.8277611226746531,0.9749860167503357,0.6930569410324097,0.7917457222938538,0.6149378418922424,0.7105693221092224,0.7955129146575928,0.5082518458366394,1.971360206604004,0.4097537398338318,0.11141129583120346,1.4281201362609863,0.2560022175312042
381,0.0001,0.19136544223874807,0.9635699798167477,0.49808846098003967,0.857901363202832,0.9224698485530523,14.647942304611206,0.21706981863826513,0.14259754540398717,0.1482249666005373,0.07944238325580955,0.21706981863826513,0.8694920539855957,0.2756885543014064,0.4056906790444345,0.16315427603143634,0.07835224744948474,0.2756885543014064,0.8357632593675093,0.9750074744224548,0.6931939721107483,0.792174220085144,0.61488276720047,0.7103769779205322,0.7958494424819946,0.5077532529830933,1.9705793857574463,0.4099421799182892,0.11129999905824661,1.4274979829788208,0.25603416562080383
382,0.0001,0.18801547307521105,0.964228272433758,0.5009114236542673,0.8568726079492611,0.9219363419009449,14.65068769454956,0.21168508660048246,0.14228260051459074,0.14486403856426477,0.07927762856706977,0.21168508660048246,0.8718856833875179,0.27631528269160877,0.4079335169358687,0.16259201006455856,0.07840358669107611,0.27631528269160877,0.8352235573710818,0.9750373363494873,0.6933351159095764,0.7925465106964111,0.6150509119033813,0.7103157043457031,0.7962356805801392,0.5078291296958923,1.970213532447815,0.41011378169059753,0.11121771484613419,1.427626371383667,0.2560746967792511
383,0.0001,0.19356111250817776,0.9628359246404858,0.4975917700565223,0.8591247765975092,0.9232214317394182,14.871690273284912,0.22032614424824715,0.14624522859230638,0.1499715931713581,0.08006263012066483,0.22032614424824715,0.8652691282331944,0.27793909925403015,0.40796362992488977,0.1668898445187193,0.07964393304604472,0.27793909925403015,0.8342432090730378,0.9751832485198975,0.6933394074440002,0.7930096387863159,0.6149300932884216,0.7103599309921265,0.7965721487998962,0.508268415927887,1.9698978662490845,0.410258948802948,0.11102289706468582,1.4266554117202759,0.2560655176639557
384,0.0001,0.19378614705055952,0.9628340066388669,0.5023205786040335,0.855354461447028,0.9209244343843458,14.606855630874634,0.21815065294504166,0.14779060846194625,0.14971886854618788,0.07942799665033817,0.21815065294504166,0.8693366833031178,0.2799672574707956,0.4063098846059857,0.1663495735688643,0.0786236273971471,0.2799672574707956,0.8326875133947893,0.9748820662498474,0.6933127641677856,0.7933774590492249,0.61484694480896,0.7101913690567017,0.7968807220458984,0.5082240700721741,1.969192624092102,0.410351037979126,0.11094456166028976,1.4257540702819824,0.25608140230178833
385,0.0001,0.18771169520914555,0.9645951578929257,0.497880939281348,0.8587210661172802,0.9229679148092992,14.817480087280273,0.21562333591282368,0.14004399999976158,0.14738025795668364,0.0801282268948853,0.21562333591282368,0.8694265075027943,0.27709911808823096,0.4084294320959033,0.1663683851559957,0.0792008808842211,0.27709911808823096,0.8335853489962491,0.9749674797058105,0.693283200263977,0.7938417792320251,0.6148310303688049,0.7103410363197327,0.7972291111946106,0.5085693597793579,1.9686126708984375,0.41050416231155396,0.11090534925460815,1.4254229068756104,0.2561213970184326
386,0.0001,0.19217044580727816,0.9631585593504239,0.5010991818977125,0.8565734984732852,0.9216582701443361,15.39844036102295,0.21859360579401255,0.14614694751799107,0.14782707393169403,0.08025603648275137,0.21859360579401255,0.8689574338495731,0.2786898775534196,0.4099256703347871,0.16543872789903122,0.07901640642773021,0.2786898775534196,0.8325034235462998,0.9750649333000183,0.6933642029762268,0.7942509651184082,0.6148451566696167,0.71000736951828,0.7975453734397888,0.507949948310852,1.9685568809509277,0.4106237292289734,0.11076448112726212,1.4243141412734985,0.2561054527759552
387,0.0001,0.18550698924809694,0.9647940628775471,0.4954599683934992,0.858677347808432,0.9229596095653553,14.486881256103516,0.2108845403417945,0.1405738228932023,0.14663069508969784,0.0808624904602766,0.2108845403417945,0.8746740147471428,0.27385595169934357,0.40539057688279584,0.1653535230593248,0.07933333256479466,0.27385595169934357,0.8364370790394869,0.975286602973938,0.6935096979141235,0.7946444749832153,0.614775538444519,0.7098711133003235,0.7978227734565735,0.5072579979896545,1.9679747819900513,0.41077572107315063,0.11061637103557587,1.4235557317733765,0.25614669919013977
388,0.0001,0.18487253412604332,0.965792953344845,0.4930694970217618,0.8601342916601559,0.9238248946313107,15.201389789581299,0.21417243406176567,0.136499784886837,0.14827796071767807,0.08060257416218519,0.21417243406176567,0.8715405873954296,0.2760907556071426,0.4055698911348979,0.1662845340642062,0.0797649964012883,0.2760907556071426,0.837121226570823,0.9754768013954163,0.693520188331604,0.7951244711875916,0.6147860288619995,0.7099477052688599,0.7981946468353271,0.5071956515312195,1.9675852060317993,0.4109160900115967,0.11042303591966629,1.4225045442581177,0.2561628222465515
389,0.0001,0.18490241095423698,0.9656943675679015,0.4943649515961156,0.8600454443669125,0.9236854946046656,14.989579916000366,0.2130035050213337,0.13794251484796405,0.14572555664926767,0.08039398724213243,0.2130035050213337,0.8743524625897408,0.27659812479308155,0.406330839251027,0.16330595088727545,0.07983363566525055,0.27659812479308155,0.8358066172310801,0.9755215048789978,0.6936732530593872,0.7955946326255798,0.6146551966667175,0.7098783850669861,0.7985308766365051,0.5069683194160461,1.967178225517273,0.4110736846923828,0.11029224842786789,1.4213746786117554,0.2561725974082947
390,0.0001,0.18987028393894434,0.9639443621733785,0.499724344773726,0.8572874913666376,0.9221234473505412,14.82511591911316,0.21754584461450577,0.14303409401327372,0.1483503202907741,0.08160689892247319,0.21754584461450577,0.8697951883077621,0.27807363416209363,0.40937122070428095,0.1681113098606919,0.07905330271883444,0.27807363416209363,0.8336610884377451,0.9754624962806702,0.6936812400817871,0.7959759831428528,0.6145655512809753,0.7097001075744629,0.798908531665802,0.506811797618866,1.9672291278839111,0.411236971616745,0.11019796878099442,1.4207431077957153,0.25619056820869446
391,0.0001,0.1931715179234743,0.9629831510571343,0.5003141309275771,0.8585472524161697,0.9228488540220054,14.574645519256592,0.21855916269123554,0.14478146005421877,0.14757477957755327,0.07955084973946214,0.21855916269123554,0.8667799979448318,0.27766578486471466,0.4110245650464838,0.16023045958894672,0.07963231194651488,0.27766578486471466,0.8367835987697948,0.9755367040634155,0.6936423778533936,0.7964173555374146,0.6145598888397217,0.709591269493103,0.7992496490478516,0.5068808794021606,1.9671661853790283,0.41141366958618164,0.11020427942276001,1.4199304580688477,0.2561853528022766
392,0.0001,0.1853615827858448,0.9647032053579851,0.49945836356191925,0.8584292975112323,0.9227801449274586,15.065352201461792,0.21116818115115166,0.14159788843244314,0.14547515101730824,0.08098588464781642,0.21116818115115166,0.8748072236776352,0.27720287532517407,0.41042821696310333,0.16751314835114914,0.07995322832103932,0.27720287532517407,0.836998878103314,0.9756486415863037,0.6938037276268005,0.7968266010284424,0.6145111322402954,0.70967036485672,0.7996012568473816,0.5065842866897583,1.966774344444275,0.41158410906791687,0.11008765548467636,1.4187628030776978,0.25621724128723145
393,0.0001,0.1857454450801015,0.9645262988073497,0.5018992893623583,0.8578846371203216,0.9224288509856857,15.190079689025879,0.21186635084450245,0.1414321744814515,0.14676602371037006,0.0807546810247004,0.21186635084450245,0.8734440207481384,0.27785228418581415,0.4125523802005883,0.16626190507050717,0.07953265501242696,0.27785228418581415,0.8355552373510419,0.9756456017494202,0.6938381791114807,0.7972323298454285,0.6143152117729187,0.7097819447517395,0.7999261021614075,0.5065581798553467,1.9662615060806274,0.41174641251564026,0.10997423529624939,1.4177882671356201,0.2562740743160248
394,0.0001,0.19230420608073473,0.9629790395163595,0.49979178471998736,0.8594285264495084,0.923358584716443,14.846136808395386,0.21779047325253487,0.14677972486242652,0.1482720891945064,0.08046176750212908,0.21779047325253487,0.869563739746809,0.2785797624877005,0.412453729094881,0.16743208422805322,0.08013175236004771,0.2785797624877005,0.8339540362358093,0.9757359623908997,0.693925678730011,0.7976329326629639,0.6143649220466614,0.709919810295105,0.8002566695213318,0.5058977007865906,1.9661285877227783,0.41193827986717224,0.10981524735689163,1.4172073602676392,0.2563491463661194
395,0.0001,0.19204867258667946,0.9627174920918012,0.4994341424017241,0.8596241958174604,0.9234714633859817,14.329846620559692,0.21481473930180073,0.14872465189546347,0.14655015990138054,0.08035341743379831,0.21481473930180073,0.8719584159553051,0.27760488697976776,0.412355183651953,0.16924560250657977,0.07959469294909274,0.27760488697976776,0.8332844430750067,0.9755138158798218,0.6940656900405884,0.7979388236999512,0.6142392754554749,0.710258424282074,0.8005536198616028,0.5057980418205261,1.9659441709518433,0.41207361221313477,0.1097252368927002,1.4169368743896484,0.25637656450271606
396,0.0001,0.18718151561915874,0.9650619320447759,0.5030672947565714,0.8574359064513128,0.9222064001593708,14.804327726364136,0.217574130743742,0.13978111511096358,0.1488378643989563,0.08068816270679235,0.217574130743742,0.8699721284210682,0.2811216242385633,0.4139798346794013,0.16509600841637814,0.07872753556479108,0.2811216242385633,0.8290908246329336,0.9756627082824707,0.6941075325012207,0.7983291149139404,0.6143729090690613,0.7100867629051208,0.8009116649627686,0.505669355392456,1.9656425714492798,0.41213458776474,0.10960738360881805,1.4158048629760742,0.25635072588920593
397,0.0001,0.18973133247345686,0.9634204420871672,0.49653346610791754,0.85947177887235,0.9233775996698338,14.50171685218811,0.2144890846684575,0.14362675696611404,0.14791143871843815,0.08091731928288937,0.2144890846684575,0.8717008754611015,0.2757022200208722,0.40919348055666144,0.16601131630666327,0.07953555881977081,0.2757022200208722,0.8360390157410593,0.975468099117279,0.6940327286720276,0.7986947298049927,0.6141538023948669,0.7100645899772644,0.8012720346450806,0.5055239796638489,1.965372920036316,0.41230151057243347,0.10956384241580963,1.415204644203186,0.25632691383361816
398,0.0001,0.19023577868938446,0.9640300608092424,0.49427983255097363,0.8597124860521123,0.9235309543456603,14.267331600189209,0.21413707919418812,0.14484054781496525,0.14718612376600504,0.08016915479674935,0.21413707919418812,0.8719436414539814,0.2760463375033754,0.4057394302252567,0.16347257838104712,0.07987210380308556,0.2760463375033754,0.8354922695593401,0.9755207300186157,0.6940975785255432,0.7991313934326172,0.6139717102050781,0.7097498178482056,0.8015799522399902,0.5051941871643066,1.9653536081314087,0.4124571681022644,0.10943406820297241,1.4144322872161865,0.256349116563797
399,0.0001,0.1920226365327835,0.9636004413219851,0.49757182959354285,0.8586730056240909,0.9229198724864868,14.201880931854248,0.21979963965713978,0.14363167947158217,0.15083942748606205,0.0801157639361918,0.21979963965713978,0.8654280118644238,0.27482089851841784,0.40945260813741974,0.16162796905546478,0.07943113994869319,0.27482089851841784,0.8375808452114915,0.9755243062973022,0.694079577922821,0.7995371222496033,0.6139324307441711,0.7097471952438354,0.8018940091133118,0.505497395992279,1.9649291038513184,0.4125940501689911,0.10926295816898346,1.4136539697647095,0.2563692033290863
