epoch,lr,loss,iou,val_loss,val_iou,val_dice,epoch_sec,train_ctrl,train_foc,train_ma_mean,train_rho_std,train_ctrl_bce,train_cell_iou,val_ctrl,val_foc,val_ma_mean,val_rho_std,val_ctrl_bce,val_cell_iou,norm_route1_wc,norm_route1_wa,norm_route1_beta,norm_route2_wc,norm_route2_wa,norm_route2_beta,norm_route3_wc,norm_route3_wa,norm_route3_beta,norm_route4_wc,norm_route4_wa,norm_route4_beta
0,0.0001,1.5452416121959687,0.23215859548142156,1.4740534141415456,2.417414079036004e-10,4.834828156543058e-10,101.52902412414551,0.6717299083868663,0.5667473355929057,0.4946953535079956,0.0030991473679023327,0.6717299083868663,0.002423652372090146,0.6429399779585542,0.4276436244855162,0.48268784949036897,0.002941000508144498,0.6429399779585542,0.0,0.07339376956224442,0.05414736643433571,0.031281888484954834,0.08068577945232391,0.07381970435380936,0.024788884446024895,0.12606863677501678,0.13513268530368805,0.0207220371812582,0.1338876336812973,0.14484404027462006,0.01843021623790264
1,0.0001,1.3921728750069937,0.38803224800529434,1.4351740938718203,0.2698438214416051,0.42061773406917796,31.998632192611694,0.6193457166353862,0.47901003261407216,0.4724626859029134,0.007613914638447265,0.6193457166353862,0.12655585713995,0.5826882563653539,0.48178559346277205,0.45082157850265503,0.0071868754419513415,0.5826882563653539,0.03963091800019878,0.1335185468196869,0.10574144870042801,0.06291601061820984,0.12478739768266678,0.1171347126364708,0.04421084374189377,0.20654714107513428,0.2269619256258011,0.037977300584316254,0.20062968134880066,0.20788691937923431,0.03080633655190468
2,0.0001,1.3238536377747854,0.4478609819706676,1.3705981872120843,0.34920490080682376,0.5151374346854964,36.72227764129639,0.5654537667830785,0.44348221669594445,0.4403205350041389,0.007945425831712783,0.5654537667830785,0.22749274869759878,0.5502631273425993,0.4693328537901894,0.42816225182814677,0.007019617335229623,0.5502631273425993,0.1649862237152506,0.17799128592014313,0.14765378832817078,0.08685208112001419,0.1575232297182083,0.16207349300384521,0.05806055665016174,0.2699753940105438,0.3118550181388855,0.05799976363778114,0.25078877806663513,0.2598610520362854,0.04393295571208
3,0.0001,1.272768634557724,0.4750724684964625,1.3277609309212106,0.35273877586843483,0.516200359611097,36.22113537788391,0.5145961011449496,0.4200075258811315,0.40555273244778317,0.007255706617919107,0.5145961011449496,0.27590339730183283,0.481485019941799,0.4343043717204547,0.3741205891624826,0.007754309331906624,0.481485019941799,0.0477478398071205,0.21770012378692627,0.18228788673877716,0.10741597414016724,0.18474076688289642,0.19752806425094604,0.06987287104129791,0.3066006302833557,0.3798576593399048,0.0756881982088089,0.28260180354118347,0.31839022040367126,0.054370079189538956
4,0.0001,1.2305422365665435,0.5109686241715035,1.3014568090438843,0.3891814332272409,0.557669902831321,35.97234392166138,0.46847479393084845,0.4051478549838066,0.37229612420002617,0.00780022672843188,0.46847479393084845,0.2915729947388172,0.4477569118874972,0.4323273569834037,0.34937438808503696,0.008218376072825955,0.4477569118874972,0.025565846410931133,0.25286734104156494,0.21104395389556885,0.12610048055648804,0.21153241395950317,0.23343849182128906,0.08078218996524811,0.34702828526496887,0.45761337876319885,0.0928243026137352,0.3060687780380249,0.3592337369918823,0.060036081820726395
5,0.0001,1.198653515179952,0.5341824988099478,1.2652199541936155,0.4354797058626284,0.6019468808414618,38.866610288619995,0.4267477348446846,0.39490261574586233,0.34160710871219635,0.009723024753232798,0.4267477348446846,0.30094781176497537,0.4117718720045246,0.42030049054349056,0.3177733548351976,0.009996497835658614,0.4117718720045246,0.03733722100675595,0.2844157814979553,0.23842188715934753,0.14318343997001648,0.23308002948760986,0.27197712659835815,0.0903167575597763,0.382609099149704,0.5444910526275635,0.11030345410108566,0.325593501329422,0.40259793400764465,0.06941783428192139
6,0.0001,1.1639892240365346,0.5605250462591278,1.243338270265548,0.39344997354391215,0.5588104730561888,37.173670530319214,0.3909045060475667,0.38055862933397294,0.31433164825042087,0.012041858800997337,0.3909045060475667,0.29605980950097244,0.37834885423300696,0.4067955569165652,0.2873427594294313,0.01376879207606687,0.37834885423300696,0.06597151474447036,0.3174411356449127,0.2623527944087982,0.16182613372802734,0.2566518485546112,0.31462085247039795,0.10094697028398514,0.422558069229126,0.6197194457054138,0.1278037428855896,0.34419283270835876,0.4665692448616028,0.07750048488378525
7,0.0001,1.1316874285538991,0.5782851543891301,1.248605679293148,0.3844687283304301,0.5484813235613376,36.44378876686096,0.3584185615181923,0.36782504320144654,0.289963087439537,0.013854913755009572,0.3584185615181923,0.303832529236873,0.3388546832272264,0.43858174173558345,0.25613693673102583,0.014557989115719913,0.3388546832272264,0.0630490854382515,0.34726226329803467,0.28295424580574036,0.17877961695194244,0.27629998326301575,0.34678661823272705,0.11140527576208115,0.45224612951278687,0.6736086010932922,0.14415718615055084,0.35133153200149536,0.4931613504886627,0.08437392860651016
8,0.0001,1.1054930627346038,0.5928979592507092,1.1719693004107865,0.44969228096169284,0.6160646487497633,36.45807147026062,0.3307859162489573,0.3580549682180087,0.2691400110721588,0.016813487047329545,0.3307859162489573,0.3011514723611375,0.309353949593716,0.37149703307229964,0.22337811086021486,0.01945002938880295,0.309353949593716,0.06740540979796501,0.3776366114616394,0.30555805563926697,0.19571416079998016,0.29813146591186523,0.38578715920448303,0.12227821350097656,0.49120017886161804,0.7637388110160828,0.15953369438648224,0.36774125695228577,0.5503733158111572,0.0938984602689743
9,0.0001,1.0868844250837961,0.5980859570704978,1.1841147688568616,0.4432198293699285,0.6076093990585185,36.40878081321716,0.3075281207760175,0.35594485054413477,0.24916950811942418,0.0208051569138964,0.3075281207760175,0.30300925398866335,0.3154678862602984,0.4423170402401783,0.24320799674167007,0.021465586834266536,0.3154678862602984,0.18728618678010878,0.40359747409820557,0.3272126317024231,0.2110510766506195,0.3136153221130371,0.4140470027923584,0.130445197224617,0.5241779088973999,0.840025782585144,0.1713419109582901,0.3758125305175781,0.5943989753723145,0.09868622571229935
10,0.0001,1.0572854578495026,0.6109004263507963,1.0864692906864355,0.5434722434159048,0.7011960069715563,38.069974422454834,0.2868212640285492,0.3379118879636129,0.2317918986082077,0.024624788388609885,0.2868212640285492,0.31630477160215376,0.2835382741005694,0.32917370708262333,0.20875581610398214,0.02258264288672658,0.2835382741005694,0.08627965218830304,0.4302229881286621,0.3477684557437897,0.2265205681324005,0.3326212167739868,0.45262500643730164,0.13897554576396942,0.5637162327766418,0.929336667060852,0.1866653710603714,0.3879232108592987,0.6535550951957703,0.10589373111724854
11,0.0001,1.0225073645512264,0.6203012576821264,1.0668675117805355,0.5523634750797847,0.7083950396583684,37.035404920578,0.2688050818940004,0.31012200166781745,0.21604775935411452,0.02891032276675105,0.2688050818940004,0.3126257116285463,0.27257827266317897,0.33471158391139544,0.20919750435430495,0.027476357326644364,0.27257827266317897,0.2564995210678851,0.4527176022529602,0.3612743318080902,0.24142853915691376,0.3455652594566345,0.47393855452537537,0.14709411561489105,0.595077395439148,0.9625726938247681,0.1964866667985916,0.3872053325176239,0.6895225048065186,0.10990575700998306
12,0.0001,0.9927918463945389,0.6403342771257127,1.0570830790722956,0.498900980075636,0.6619617022237579,35.171048164367676,0.2536704848210017,0.2863223634660244,0.20129352460304897,0.031227141773949068,0.2536704848210017,0.32546079307794573,0.2491505229082264,0.29127178084654887,0.16514671728259228,0.030574148948319623,0.2491505229082264,0.10754193196867089,0.4753103256225586,0.38139864802360535,0.2559303343296051,0.3589787185192108,0.5036078095436096,0.15383516252040863,0.6364472508430481,1.040597915649414,0.20820172131061554,0.3916989266872406,0.7422661185264587,0.11537256091833115
13,0.0001,0.9661115854978561,0.6451619816216615,1.0109295190357772,0.5826774632711241,0.7321520472537353,32.37789988517761,0.241299423823754,0.26473366022109984,0.18905391196409863,0.0347848990932107,0.241299423823754,0.3336533918976784,0.24634273057101203,0.24430551734126982,0.16059261633724461,0.027912896279184543,0.24634273057101203,0.07379719886745585,0.4947372376918793,0.398082435131073,0.27052226662635803,0.37097546458244324,0.5363080501556396,0.1610168218612671,0.66359943151474,1.0850529670715332,0.2189294695854187,0.39188483357429504,0.775912880897522,0.120927594602108
14,0.0001,0.941751183072726,0.6525152753901812,1.0392779111862183,0.5160354691912619,0.6783009556319938,31.578246355056763,0.2309329055249691,0.24923976014057794,0.17844765136639276,0.03827365009735028,0.2309329055249691,0.3375220182041327,0.2515875787520018,0.3007014027384461,0.178281090298637,0.030273293618296015,0.2515875787520018,0.10031076716106446,0.5131064653396606,0.4119584560394287,0.28362104296684265,0.37939465045928955,0.5612680912017822,0.16724133491516113,0.7104724645614624,1.1267107725143433,0.22956545650959015,0.390354186296463,0.8044497966766357,0.12632536888122559
15,0.0001,0.9108974734942118,0.6769072807858009,0.9769550679159946,0.5301674878808005,0.6889887835166469,28.463937997817993,0.22022781893610954,0.22733622814218205,0.16815925985574723,0.0421067375689745,0.22022781893610954,0.351518261184295,0.23059989902816835,0.21648829124990057,0.13455060466391142,0.04053243182477404,0.23059989902816835,0.15075744248804498,0.5309059023857117,0.4251701831817627,0.29704737663269043,0.38900643587112427,0.5715906620025635,0.17470422387123108,0.7326655387878418,1.1520569324493408,0.23700116574764252,0.3931863009929657,0.8342224955558777,0.13212236762046814
16,0.0001,0.9025302767753601,0.6581702148791139,0.9570190036883119,0.5623342610452431,0.7162283555544331,29.35740065574646,0.21444775064786276,0.22438049192229906,0.16074813654025397,0.04642210869739453,0.21444775064786276,0.34488503634929657,0.2228454517536476,0.19982471842257704,0.122385530442488,0.05001364544522567,0.2228454517536476,0.1868172405196018,0.5489444732666016,0.4369840621948242,0.30987364053726196,0.4009898602962494,0.5900495648384094,0.18176405131816864,0.7625386714935303,1.185692310333252,0.24583449959754944,0.3979485034942627,0.8731970191001892,0.13711604475975037
17,0.0001,0.87368090848128,0.6813023268526567,0.9414567282942475,0.5914131012099239,0.7409561944206328,31.44040060043335,0.20631173302729924,0.20645344133178392,0.15304806182781855,0.04865265768021345,0.20631173302729924,0.3455365555981795,0.23049146327816072,0.2247677364798843,0.13753311800175025,0.040648699722817684,0.23049146327816072,0.11779382861539965,0.5657960772514343,0.45255187153816223,0.32300442457199097,0.40956419706344604,0.6128951907157898,0.18779794871807098,0.7896174192428589,1.2295504808425903,0.2547506093978882,0.3906988501548767,0.9134686589241028,0.14176741242408752
18,0.0001,0.8582892656326294,0.6793061091475546,0.9663778953864927,0.5305425565649782,0.6867824051383944,30.630786895751953,0.2006604773302873,0.2004195598264535,0.14679084941744805,0.05235673201580842,0.2006604773302873,0.36432747977475327,0.22105277097616038,0.2516057960322646,0.13738937089677716,0.054483388413171296,0.22105277097616038,0.22615936123689667,0.5816941261291504,0.4646031856536865,0.33535847067832947,0.4158596694469452,0.63145911693573,0.19378162920475006,0.8260993361473083,1.2865594625473022,0.2640514671802521,0.38790997862815857,0.9728063344955444,0.14735032618045807
19,0.0001,0.8434198757012685,0.6808857985345403,0.8940982281184587,0.6184909411633297,0.7620790125764714,28.599426746368408,0.19515279283126194,0.19333484396338463,0.1405703008174896,0.05643755358954271,0.19515279283126194,0.36965573504567145,0.2131000879358073,0.1723534459950494,0.10290170570866006,0.04543303570053617,0.2131000879358073,0.09315801560726078,0.5963874459266663,0.47908905148506165,0.34817686676979065,0.42238032817840576,0.6599317789077759,0.19905729591846466,0.8457220196723938,1.3292031288146973,0.2724853456020355,0.3891637623310089,1.0047025680541992,0.15447786450386047
20,0.0001,0.8246492753426234,0.6888812741616356,0.8974023500426871,0.6309272067341248,0.7708647793205669,29.974824905395508,0.1889848438402017,0.18353636140624682,0.13530885875225068,0.05953302414466937,0.1889848438402017,0.38554468701283134,0.2173893720400138,0.1748884452171013,0.10893461743339164,0.04400071428447473,0.2173893720400138,0.07812797043045036,0.6086970567703247,0.49818184971809387,0.36055639386177063,0.4299854040145874,0.6918211579322815,0.20612584054470062,0.8641359210014343,1.3764357566833496,0.2791343927383423,0.3853021264076233,1.0690808296203613,0.1597258597612381
21,0.0001,0.805632961789767,0.7000305781861225,0.8640623932979146,0.6523551594963581,0.7869585001733469,30.744736671447754,0.18625160604715346,0.1768417812883854,0.13202923958500226,0.061186679949363075,0.18625160604715346,0.3794445681075255,0.20446119542981758,0.21499149037189172,0.1490722760313847,0.056014418663060075,0.20446119542981758,0.28092908688255996,0.6225689053535461,0.5073472261428833,0.3729588985443115,0.44316205382347107,0.7057169675827026,0.21453894674777985,0.9003543853759766,1.4065905809402466,0.2850281894207001,0.37878066301345825,1.0990034341812134,0.16190487146377563
22,0.0001,0.7810278862714768,0.7253787725389278,0.8334230790372754,0.6314964571779733,0.7716004239229364,31.029414415359497,0.18086501061916352,0.16375070661306382,0.12590422394375006,0.0655278341844678,0.18086501061916352,0.3909024971226851,0.2016641517154506,0.19490183572300146,0.12056186416598617,0.06735801825025042,0.2016641517154506,0.26053866768469575,0.635391116142273,0.5089154839515686,0.38489770889282227,0.4525274932384491,0.7116636633872986,0.22133290767669678,0.9271763563156128,1.4518285989761353,0.29146629571914673,0.38524261116981506,1.1339105367660522,0.16642726957798004
23,0.0001,0.7718226810296377,0.7085742652810433,0.8113307288435639,0.6647154382137245,0.7966379549152746,30.034741163253784,0.1801073322693507,0.16404182637731235,0.12403852120041847,0.06872106722245613,0.1801073322693507,0.37942810406287514,0.1896442590189762,0.17749253599370113,0.11532549462357505,0.07171651635502206,0.1896442590189762,0.2582993215469063,0.6470979452133179,0.5130698680877686,0.396697074174881,0.46535757184028625,0.7258812189102173,0.22769805788993835,0.9392783641815186,1.4654468297958374,0.2968567907810211,0.3976915776729584,1.1902236938476562,0.17130832374095917
24,0.0001,0.7474004447460174,0.728730024864991,0.8049554433978972,0.6421781282978674,0.7797603829419241,31.337409019470215,0.175009935349226,0.15194584801793098,0.11915506745378177,0.07105564394344886,0.175009935349226,0.39389039725065234,0.19930227516127413,0.17080757681463585,0.10107313902651677,0.07115761355542746,0.19930227516127413,0.22464758402011434,0.659780740737915,0.5229399800300598,0.40937793254852295,0.4773188531398773,0.7435964345932007,0.23417901992797852,0.9698116183280945,1.5207167863845825,0.3040919005870819,0.392630010843277,1.2410645484924316,0.1759583204984665
25,0.0001,0.7343887607256572,0.7329125266659775,0.8090283108539269,0.6374936324282733,0.7745773004778916,29.08297348022461,0.17359739989042283,0.15014696729679902,0.11673490342994532,0.07341244866450627,0.17359739989042283,0.39561051974693934,0.20341218006415446,0.155858433881744,0.09245616393011125,0.06757127224910454,0.20341218006415446,0.16325128811304687,0.6729415059089661,0.5245133638381958,0.4214889705181122,0.486395925283432,0.7498817443847656,0.24182690680027008,0.9998192191123962,1.5360685586929321,0.3101949691772461,0.38558676838874817,1.2651195526123047,0.17738448083400726
26,0.0001,0.7162132859230042,0.7402375034865449,0.7729033984121729,0.6873980094914783,0.8127676568672888,29.797779083251953,0.16954955868422986,0.14290753689905009,0.11374273945887883,0.07593330933401982,0.16954955868422986,0.4073158671458562,0.18868631148924592,0.15435916405232225,0.10097982942080888,0.07718489025948477,0.18868631148924592,0.2762631985252021,0.6842635273933411,0.5307744145393372,0.43394017219543457,0.49178510904312134,0.7569894790649414,0.24876612424850464,1.018179178237915,1.5541882514953613,0.31444841623306274,0.3772772252559662,1.280955195426941,0.18435868620872498
27,0.0001,0.7128189315398534,0.7296030286921281,0.7548916720953144,0.6364849423761952,0.7716106475386918,30.49140191078186,0.16939009179671605,0.14729174971580505,0.11176006197929382,0.07867649259666602,0.16939009179671605,0.40286905542016027,0.1798150363515635,0.1694536763625067,0.0972067967790072,0.07343469450219733,0.1798150363515635,0.26441131300124965,0.6980533599853516,0.5347475409507751,0.44557392597198486,0.5052590370178223,0.773460328578949,0.25495293736457825,1.0486018657684326,1.5991506576538086,0.31991174817085266,0.3740459084510803,1.351770043373108,0.18828776478767395
28,0.0001,0.692331146200498,0.7463498787056209,0.7642224929371818,0.5945353174112067,0.741528955360079,29.168882608413696,0.16627696541448433,0.13983120433986188,0.1097084067761898,0.0810464554776748,0.16627696541448433,0.4125760187705358,0.18959541887533468,0.17246935577666173,0.10441839743833073,0.07204557698769648,0.18959541887533468,0.26569730385405116,0.70682692527771,0.5405128002166748,0.45670121908187866,0.515943169593811,0.7902591228485107,0.25992271304130554,1.0736116170883179,1.6609382629394531,0.3271280825138092,0.3756164312362671,1.3888006210327148,0.1916876882314682
29,0.0001,0.6857791235049565,0.7277965335410933,0.8633069141966397,0.5066314790281063,0.6625649417798796,28.035099267959595,0.16531266793608665,0.14025202070673307,0.10419468941787878,0.08433201760053635,0.16531266793608665,0.3932911182443301,0.23067888715228096,0.1562464058887763,0.0703228344438506,0.06411967890672997,0.23067888715228096,0.09940159430757897,0.71822589635849,0.547390878200531,0.46804070472717285,0.5265340209007263,0.8054581880569458,0.26355478167533875,1.0940916538238525,1.7022439241409302,0.3310742974281311,0.38878488540649414,1.4681907892227173,0.19886675477027893
30,0.0001,0.6571412156025569,0.7650296215166207,0.7364644056460896,0.6888282139019647,0.8128671567446794,30.60966944694519,0.16340961580475172,0.13013117214043934,0.106777952114741,0.08826175952951114,0.16340961580475172,0.41607495831946534,0.1875137315421808,0.17038193174072955,0.11874287001422194,0.09134262775788542,0.1875137315421808,0.3546043522045261,0.7276288270950317,0.5414116978645325,0.4804816246032715,0.532346248626709,0.8014669418334961,0.27010875940322876,1.1134288311004639,1.7226990461349487,0.33460333943367004,0.3916819393634796,1.4794766902923584,0.2028188854455948
31,0.0001,0.6482340842485428,0.7646073576907405,0.67447601674033,0.7182951731989583,0.83322924104157,30.34117317199707,0.16094421384235222,0.12695829793810845,0.10180886263648668,0.08887867008646329,0.16094421384235222,0.41270489543676375,0.18112565430461383,0.14008118835140448,0.10106808509005875,0.08492687539976151,0.18112565430461383,0.30982702457513966,0.7337577939033508,0.5412845015525818,0.4922237694263458,0.544817328453064,0.8093293905258179,0.2779461145401001,1.1199967861175537,1.7513389587402344,0.34022948145866394,0.386764794588089,1.4918848276138306,0.2097352147102356
32,0.0001,0.6337278614441554,0.7687509840261821,0.7399179300323862,0.6446720756775257,0.7814196084864072,29.95753526687622,0.15838651520510513,0.12400545763472716,0.10026142187416553,0.09130399090548356,0.15838651520510513,0.4426896264155706,0.18192070869148755,0.15288333863508505,0.08276820011803361,0.08444291475366374,0.18192070869148755,0.2290106239866038,0.7416225671768188,0.5457185506820679,0.5032216310501099,0.5550141930580139,0.826410710811615,0.2831646203994751,1.1427643299102783,1.7904444932937622,0.3440368175506592,0.3739650547504425,1.535805583000183,0.21335050463676453
33,0.0001,0.6445012857516607,0.7283538236229163,0.6643844139380534,0.7227524485951923,0.8368794904861939,31.729557514190674,0.16001040612657866,0.1382717229425907,0.09972331002354622,0.0946102121224006,0.16001040612657866,0.406311970949173,0.17509436680645238,0.14007365276090433,0.09792069357926728,0.0958964111375027,0.17509436680645238,0.3272621958959298,0.7520533800125122,0.5515409708023071,0.5138738751411438,0.568535327911377,0.8571872115135193,0.2875376343727112,1.1598985195159912,1.828539252281189,0.3500353991985321,0.37340301275253296,1.6326309442520142,0.2209995537996292
34,0.0001,0.6097062637408575,0.7729521837893983,0.661305688443731,0.7082974153667172,0.8257220847556959,31.29466986656189,0.1568797738601764,0.12326187901198864,0.09827995225787163,0.09666703765590985,0.1568797738601764,0.4344197690486908,0.17424453526246744,0.1495940844055082,0.09829080654460876,0.08895649797603732,0.17424453526246744,0.30717971994251503,0.7605668306350708,0.5477712750434875,0.5248979330062866,0.5771290063858032,0.8650427460670471,0.2920086681842804,1.1615904569625854,1.873609185218811,0.35543709993362427,0.3608015775680542,1.6482399702072144,0.22465871274471283
35,0.0001,0.5924566154678662,0.7738688523661671,0.6927102061568714,0.6829607496869021,0.8086976087730142,29.477050065994263,0.15468671582639218,0.1202928140759468,0.09764214095969995,0.09773039569457372,0.15468671582639218,0.4362008314579725,0.18195607232265784,0.13103319460251292,0.06745004849355729,0.09723516871206096,0.18195607232265784,0.2834178380301741,0.767403244972229,0.547959566116333,0.5351536273956299,0.5947259068489075,0.866666853427887,0.29607927799224854,1.179951548576355,1.8881547451019287,0.3594419062137604,0.36553558707237244,1.6758296489715576,0.22806626558303833
36,0.0001,0.597250667711099,0.7584995180886946,0.644240421349885,0.6884912424202951,0.8129109185430635,30.32069420814514,0.154576708873113,0.12645400253434977,0.0957456195106109,0.09853980330129465,0.154576708873113,0.44702595099806786,0.1689380403669154,0.15248958033616425,0.0957587015677671,0.10164043612656046,0.1689380403669154,0.3883825525885723,0.7735348343849182,0.5503446459770203,0.5450669527053833,0.6155726313591003,0.8797722458839417,0.2995831370353699,1.1866774559020996,1.9291634559631348,0.36508500576019287,0.36453375220298767,1.6716630458831787,0.23438094556331635
37,0.0001,0.5732645625869434,0.779545434631569,0.6294026609326973,0.6792227822106318,0.8061983460029405,30.165302991867065,0.15354197199145952,0.11329846711208423,0.09205960705876351,0.09912871941924095,0.15354197199145952,0.4415547179679076,0.1728663351692137,0.16311393458335127,0.09083917859147807,0.10899403593579277,0.1728663351692137,0.3708733295808073,0.7779747247695923,0.5478885173797607,0.5547927618026733,0.621023952960968,0.8864854574203491,0.30398234724998474,1.2156836986541748,1.9647101163864136,0.3683299720287323,0.3667018711566925,1.7206743955612183,0.239699587225914
38,0.0001,0.5679438451925913,0.7667863589817224,0.6324332737531818,0.7105322258629754,0.8286041936602587,29.550087928771973,0.1512598885844151,0.12151690982282162,0.09374625769754251,0.10306613904734453,0.1512598885844151,0.4426816744108995,0.17364542381685288,0.1386228318585724,0.07272098763067214,0.10229281152858109,0.17364542381685288,0.2921140609217472,0.7829176187515259,0.550990641117096,0.5650601387023926,0.6418200731277466,0.9003511071205139,0.3082287311553955,1.247818112373352,1.9713513851165771,0.37509608268737793,0.37003666162490845,1.7712295055389404,0.2481331080198288
39,0.0001,0.5487517908215522,0.7878700028045618,0.5778609519122077,0.7438194781706313,0.8508462194602723,30.134777545928955,0.14962318154672782,0.11393799471358458,0.09200227012236913,0.10146682063738505,0.14962318154672782,0.44979354813694955,0.15974433304833585,0.13011134586861875,0.07900921450775178,0.10455481195058978,0.15974433304833585,0.3616562143701022,0.788847029209137,0.5509282350540161,0.5754949450492859,0.6519186496734619,0.9081712961196899,0.31352004408836365,1.2621502876281738,1.9898451566696167,0.38034579157829285,0.3591853380203247,1.767811894416809,0.2515332102775574
40,0.0001,0.5375823145111401,0.7865907713293301,0.6132997254856297,0.7135066089160892,0.8316722085345791,31.12874960899353,0.14794700033962727,0.11393937977651755,0.09175585409005484,0.10349773379663627,0.14794700033962727,0.47106414549052716,0.1682799299720858,0.13714573752196108,0.08363798932462442,0.10813991652160394,0.1682799299720858,0.37254309116816914,0.794032096862793,0.5459948182106018,0.5856718420982361,0.6621264815330505,0.9089683890342712,0.31819114089012146,1.2722830772399902,2.0078446865081787,0.38350343704223633,0.36129456758499146,1.818052053451538,0.2523140013217926
41,0.0001,0.5255836730202039,0.787197993997758,0.5397311600505329,0.7722262250662655,0.8698580797451277,31.80359125137329,0.14829479282100996,0.11175667804976304,0.08946173662940661,0.10426697159806887,0.14829479282100996,0.4560741126537323,0.15675054466138122,0.12020517323837905,0.1006577885786041,0.10727506937062153,0.15675054466138122,0.4358997462225742,0.7990329265594482,0.5463438034057617,0.5956627726554871,0.6722681522369385,0.923575758934021,0.32264477014541626,1.2792410850524902,2.0571351051330566,0.38812845945358276,0.3592487871646881,1.8171144723892212,0.2534792125225067
42,0.0001,0.507396965722243,0.7945622887888747,0.5567447411232307,0.766404137653745,0.8663257938313044,28.860136032104492,0.1460940816750129,0.10835008397698402,0.08851913039882978,0.1034000630180041,0.1460940816750129,0.4465058525403341,0.15913588859018732,0.11798600901345738,0.08352847910318219,0.10586900935798395,0.15913588859018732,0.38210531238649714,0.8043307662010193,0.5484800934791565,0.6059861779212952,0.6849504113197327,0.9367174506187439,0.3259221911430359,1.282984972000122,2.085973024368286,0.39369654655456543,0.3401014804840088,1.850670337677002,0.2556411921977997
43,0.0001,0.5109997649987539,0.778510102221612,0.5607948000313806,0.7286338699949237,0.8409871425913555,29.222601175308228,0.14742556363344192,0.11556289220849673,0.08862864337861538,0.10675236172974109,0.14742556363344192,0.4607046768069267,0.1808711138905072,0.1331569459594664,0.09407815593676488,0.09529909149545138,0.1808711138905072,0.28717818025682795,0.8094274401664734,0.5455067753791809,0.6153408885002136,0.694362461566925,0.9441356062889099,0.3301856517791748,1.3054310083389282,2.099868059158325,0.3970926105976105,0.34039023518562317,1.8664947748184204,0.2620241940021515
44,0.0001,0.48756244629621504,0.8019133187425707,0.5147264472773818,0.7820264811439341,0.8761509076226714,29.186842679977417,0.14686554161210855,0.10738832739492257,0.08702283849318822,0.10770786205927531,0.14686554161210855,0.4613810251156489,0.16411713791675256,0.12116953693940992,0.10603494661264733,0.11011376354049464,0.16411713791675256,0.44411540324570703,0.8120909333229065,0.5480808615684509,0.6261026263237,0.7078295946121216,0.9508829712867737,0.3374110460281372,1.3064111471176147,2.1080477237701416,0.4040846526622772,0.33323532342910767,1.8604635000228882,0.26582959294319153
45,0.0001,0.4798945417006811,0.8052228207000998,0.5466852696215521,0.7370898766551125,0.8465622643097584,31.333486557006836,0.143454938630263,0.10515178429583709,0.08755177929997444,0.10689979307353496,0.143454938630263,0.4756055516501268,0.16159317092817338,0.12513605883864107,0.06869992882501884,0.1051443919050889,0.16159317092817338,0.32164006203901574,0.8176620006561279,0.5427188277244568,0.6357129812240601,0.7228323817253113,0.9627882242202759,0.3404705226421356,1.3264409303665161,2.1301119327545166,0.4073962867259979,0.33158206939697266,1.8674508333206177,0.27168187499046326
46,0.0001,0.48627611696720124,0.7761812752878453,0.5615027908418999,0.7157259703083476,0.8322043836246041,32.434855222702026,0.14563776552677155,0.1134606957435608,0.08448773212730884,0.10880402910212676,0.14563776552677155,0.45964468543728193,0.1798897835074878,0.13012989573791378,0.06322626928325559,0.1094791186881847,0.1798897835074878,0.2714270805237723,0.8219661712646484,0.5478883981704712,0.6450124382972717,0.7460349202156067,0.9835654497146606,0.34546586871147156,1.3355599641799927,2.140317678451538,0.41183510422706604,0.32785964012145996,1.8913688659667969,0.2746730148792267
47,0.0001,0.4783172527949015,0.7862722265975187,0.4993033399347399,0.7633935352361852,0.8647985643443995,30.66980791091919,0.14739390698572,0.11287022431691487,0.08680524391432604,0.11041423479715982,0.14739390698572,0.45922162955005963,0.16123933113012157,0.11828394967024444,0.0730069422575294,0.104870043328551,0.16123933113012157,0.3465895765140408,0.8276076316833496,0.5562513470649719,0.6532086730003357,0.7852917313575745,0.9991085529327393,0.35160502791404724,1.3577609062194824,2.1740620136260986,0.41810062527656555,0.3344966769218445,1.9544538259506226,0.2795700430870056
48,0.0001,0.4588183969259262,0.800223553044572,0.5126789055886816,0.737971493900766,0.8477078130516846,148.12609601020813,0.14352823334435622,0.1071251260737578,0.08520994124313196,0.10941831134259701,0.14352823334435622,0.47020696153243385,0.164309739455825,0.1375469096371385,0.09174877527307292,0.1051243965010174,0.164309739455825,0.3755332065410301,0.8322781324386597,0.5563439726829529,0.6617082953453064,0.8043952584266663,1.0101511478424072,0.3545428216457367,1.3487122058868408,2.210470676422119,0.4218485653400421,0.33153653144836426,1.9593534469604492,0.28372645378112793
49,0.0001,0.45094991872708,0.7982234736214412,0.5881811233817554,0.6613028304334436,0.7915212834492912,156.49915742874146,0.141736180956165,0.10582748676339786,0.08360344419876735,0.11130183214942614,0.141736180956165,0.47935522149006526,0.184421710792135,0.19574179585839882,0.12345363248567112,0.11655222465757464,0.184421710792135,0.43332190982630997,0.8352825045585632,0.5599705576896667,0.6704438924789429,0.804176926612854,1.0146366357803345,0.3582981824874878,1.3499720096588135,2.201864242553711,0.42399170994758606,0.3303704261779785,1.988410234451294,0.28825053572654724
50,0.0001,0.44121504773696263,0.8000052330382414,0.5053156457963537,0.7553754232882323,0.8578942062396747,136.90794157981873,0.14028700478374959,0.10680337479958932,0.08202412078777949,0.11097475948433082,0.14028700478374959,0.4641010486831268,0.16290717975037997,0.13225931759740486,0.08244364672019834,0.11072043842468106,0.16290717975037997,0.4190956100088651,0.83854079246521,0.5670810341835022,0.6788299679756165,0.841289222240448,1.027268886566162,0.36158666014671326,1.363165020942688,2.2322192192077637,0.42622601985931396,0.3236580789089203,2.0039875507354736,0.29313695430755615
51,0.0001,0.41629739155371986,0.8181401519004882,0.49421793027002303,0.7408141604836712,0.8496446492872296,90.49253106117249,0.1374953120946884,0.09811748800178369,0.08289095982909203,0.11022768740852674,0.1374953120946884,0.49772453407446543,0.16831688546254986,0.1432323646349985,0.10171605048120999,0.09740240346701419,0.16831688546254986,0.41905330243657846,0.8411853313446045,0.5679996013641357,0.6873903870582581,0.85247403383255,1.0367908477783203,0.36523622274398804,1.3854650259017944,2.2624642848968506,0.42903265357017517,0.31539013981819153,2.025362491607666,0.29530254006385803
52,0.0001,0.4189911569158236,0.8128493170533219,0.5176164341754601,0.7013860111818487,0.819376618001753,183.0029957294464,0.13815354282657305,0.10103408588717382,0.0811010184387366,0.10692881693442663,0.13815354282657305,0.476434284945329,0.1688189080259839,0.1379015804802785,0.061754984200977886,0.10123563533435102,0.1688189080259839,0.3131926198963259,0.8452746272087097,0.5771389603614807,0.6957499980926514,0.8636467456817627,1.0533567667007446,0.37168869376182556,1.387548565864563,2.2892837524414062,0.4300030469894409,0.3183981776237488,2.0538346767425537,0.2996026873588562
53,0.0001,0.41631544232368467,0.8043489810997925,0.42458567462983676,0.8179267734404015,0.8988705278795193,173.79586005210876,0.13702376261353494,0.10336615232129892,0.08249537535011768,0.10984448045492172,0.13702376261353494,0.48902728805939355,0.14221772661463158,0.10465368506361226,0.07941036903467334,0.11071973758154229,0.14221772661463158,0.4503905020776342,0.8483951091766357,0.5815240144729614,0.7028989791870117,0.8817098140716553,1.0581709146499634,0.37550583481788635,1.4072270393371582,2.2909185886383057,0.4347347915172577,0.31182020902633667,2.0671794414520264,0.3039034903049469
54,0.0001,0.3936562329530716,0.8225062034920742,0.456003515935335,0.77383850680598,0.8713143497640028,150.75775170326233,0.13729835376143457,0.09594039612760147,0.07876721347371737,0.11139850231508414,0.13729835376143457,0.49300932039817175,0.14620980278390353,0.12162183469436208,0.08579695640040226,0.11557789684319106,0.14620980278390353,0.4722856038906535,0.8505772352218628,0.5882138013839722,0.7121503949165344,0.8936676383018494,1.0732489824295044,0.3801399767398834,1.4212576150894165,2.3076817989349365,0.43764394521713257,0.3046402633190155,2.0694100856781006,0.3053814768791199
55,0.0001,0.40437606622775396,0.8018200155991327,0.4316924541700082,0.7992526914564689,0.8871195492445344,136.02472519874573,0.13785786392788094,0.10531072492400805,0.08049644778172176,0.11310985051095486,0.13785786392788094,0.4908594799538453,0.14869679290740218,0.11092992676574676,0.0754370285106487,0.10440571264165346,0.14869679290740218,0.394315241301646,0.8539695739746094,0.5966114401817322,0.7203376889228821,0.9171785712242126,1.084929347038269,0.38424962759017944,1.4160748720169067,2.330764055252075,0.4397819936275482,0.3133833110332489,2.1144399642944336,0.30944105982780457
56,0.0001,0.389091723660628,0.815311074650689,0.5595312548465416,0.6842819139787522,0.8109098155533366,174.48608303070068,0.13592535468439262,0.10134048710266749,0.07954489924013615,0.11196334299941858,0.13592535468439262,0.5029792676369349,0.171984891911022,0.16808316795552364,0.0839825275002933,0.10649507382854087,0.171984891911022,0.3812541360737848,0.8571531772613525,0.6035825610160828,0.728591799736023,0.9418528079986572,1.0970275402069092,0.3887850344181061,1.4278819561004639,2.362971544265747,0.44423985481262207,0.3222320079803467,2.1295814514160156,0.31334227323532104
57,0.0001,0.36630111585060754,0.8326108288375708,0.4722019639171538,0.7494257388780514,0.8549336245946915,143.1969792842865,0.13331956217686336,0.09283287357538939,0.07900522649288177,0.1102237409601609,0.13331956217686336,0.5093176449338596,0.1624169664793327,0.14630668451551532,0.09708425622494495,0.10903188085458318,0.1624169664793327,0.4642058425262326,0.8598352074623108,0.6058025360107422,0.7390734553337097,0.9529114365577698,1.1086845397949219,0.3916213810443878,1.4449561834335327,2.3771088123321533,0.4483053684234619,0.31600457429885864,2.156013250350952,0.3190140128135681
58,0.0001,0.3817871650060018,0.8144540493698577,0.44123291627305455,0.7776016610337827,0.8733139849920385,92.86005210876465,0.13845988276104132,0.10203768697877726,0.07984442990273237,0.1102241862565279,0.13845988276104132,0.4961063519120216,0.1547954358526918,0.11998341464605487,0.06177132167532796,0.1098850249755578,0.1547954358526918,0.36647473251233337,0.8626996874809265,0.6171780228614807,0.7483437061309814,0.9721431732177734,1.1193318367004395,0.3951995372772217,1.4709374904632568,2.3707337379455566,0.4524648189544678,0.3229597806930542,2.168497323989868,0.32259440422058105
59,0.0001,0.36881619691848755,0.8199673377032777,0.39179112798854954,0.8038477231909501,0.8900752532511551,144.8461558818817,0.13420868230362734,0.09891535422454277,0.0764507457613945,0.11279170637329419,0.13420868230362734,0.5119447434941927,0.13962660998594564,0.11193658692426368,0.0789777895466226,0.11220908568042223,0.13962660998594564,0.4668160452217352,0.8671164512634277,0.6249002814292908,0.7546865940093994,0.978909432888031,1.147987723350525,0.39710524678230286,1.4698842763900757,2.3840742111206055,0.45696040987968445,0.32675307989120483,2.1571357250213623,0.32484686374664307
60,0.0001,0.3503083556890488,0.8303211377069698,0.41399708536804697,0.8038186994558845,0.890286975059004,34.986319065093994,0.13073142456511658,0.09349838116516669,0.0771115464468797,0.11206732615828514,0.13073142456511658,0.5276692951718966,0.13740369237837244,0.11235591451652714,0.07947035524688784,0.11044184961279885,0.13740369237837244,0.4935477717978055,0.8700733184814453,0.6301364302635193,0.7619349360466003,0.99396812915802,1.1621240377426147,0.3996903896331787,1.4779199361801147,2.3912158012390137,0.4597505033016205,0.31474068760871887,2.1817193031311035,0.3295304477214813
61,0.0001,0.34340399876236916,0.8348210103254906,0.45606195047253467,0.7421060307637742,0.8480005134293992,35.00849795341492,0.13504062431554,0.09293166479716698,0.0764098584651947,0.11206822308401267,0.13504062431554,0.49946842541297276,0.14499347620323055,0.14351018286142192,0.08371148417230512,0.11444716925015215,0.14499347620323055,0.46782224344425516,0.872983455657959,0.6419315934181213,0.7681547403335571,1.0103286504745483,1.1718419790267944,0.40103819966316223,1.4906132221221924,2.395312547683716,0.4629848003387451,0.31006109714508057,2.1866037845611572,0.3287946581840515
62,0.0001,0.3486277046302954,0.827862531197889,0.5249625058447729,0.6567030300201954,0.7868240699057311,86.71684002876282,0.13245319661994776,0.09721377758930126,0.07868503207961718,0.11118703770140807,0.13245319661994776,0.5207394761343797,0.15879346161592203,0.16233336192662598,0.07565072374265702,0.09799972286478417,0.15879346161592203,0.3514363467693329,0.8774031400680542,0.6464862823486328,0.7758174538612366,1.0326473712921143,1.1839433908462524,0.4050092399120331,1.503165364265442,2.4079318046569824,0.46632349491119385,0.3063581585884094,2.2143261432647705,0.3315877914428711
63,0.0001,0.35984214196602504,0.8085709904149518,0.45058694530705934,0.7260331981795083,0.8398980909420947,128.4242720603943,0.13532071088751157,0.10479034172991912,0.07388428462048371,0.1116280734539032,0.13532071088751157,0.4949824631214142,0.17861232527943907,0.1379658600590268,0.0718968608340279,0.09937462406080277,0.17861232527943907,0.2917268437440278,0.8819167613983154,0.6718961596488953,0.7818481922149658,1.0588085651397705,1.2232030630111694,0.4079849123954773,1.5039260387420654,2.444164752960205,0.4681534171104431,0.3218596577644348,2.231126546859741,0.33772537112236023
64,0.0001,0.3417035828034083,0.8209977875128547,0.383967222493203,0.8088583116674336,0.8934766813472886,94.92644476890564,0.13215601270397503,0.10066068091740211,0.07687068879604339,0.11505265931288401,0.13215601270397503,0.5272879319886367,0.1514504655707078,0.09857616268220495,0.052158595841439045,0.10800191015005112,0.1514504655707078,0.3481665737316257,0.885159432888031,0.6822420358657837,0.7897123098373413,1.0658243894577026,1.2341347932815552,0.41073572635650635,1.5087361335754395,2.4626901149749756,0.4728456735610962,0.3263193964958191,2.2083444595336914,0.3422416150569916
65,0.0001,0.32814786036809285,0.8327204769711436,0.36731739659778406,0.8143203045012096,0.8967866233554663,104.49076056480408,0.12872834391891957,0.09611331764608622,0.07507361037035783,0.11460726882020632,0.12872834391891957,0.5257486306130886,0.14033746939213548,0.10582270754165336,0.06655980084763198,0.1150015547383027,0.14033746939213548,0.4252806872618003,0.8875158429145813,0.6906658411026001,0.7967739701271057,1.083426594734192,1.2477569580078125,0.4116918742656708,1.5168471336364746,2.4849069118499756,0.4757087826728821,0.31273338198661804,2.1900391578674316,0.3442762494087219
66,0.0001,0.3192262386282285,0.8350747620440164,0.385650494548141,0.7967688532991158,0.8856649088460685,117.51172614097595,0.1296918141345183,0.09200323677311341,0.07559777287145455,0.11554457632203897,0.1296918141345183,0.5171425220866998,0.13676949321735102,0.11892569981148986,0.06743586307666341,0.1114396656878659,0.13676949321735102,0.45046228463532495,0.8906748294830322,0.7058406472206116,0.8063697814941406,1.099952220916748,1.2604141235351562,0.41506990790367126,1.5257434844970703,2.489921808242798,0.47852247953414917,0.31090861558914185,2.210911273956299,0.3462821841239929
67,0.0001,0.31452102238933244,0.8380247251071526,0.43204731750683706,0.7415589092570106,0.848673696652678,35.78533887863159,0.12830707107981046,0.09277439552048843,0.07570358427862327,0.11065124360223612,0.12830707107981046,0.5385331367452939,0.15108754314848635,0.1243085371421986,0.07011644120831959,0.10199504528866439,0.15108754314848635,0.37430665141246355,0.8939092755317688,0.7162045836448669,0.8130930662155151,1.112502098083496,1.275593638420105,0.417851984500885,1.519313931465149,2.490743398666382,0.4799671471118927,0.31491950154304504,2.224966049194336,0.3508044183254242
68,0.0001,0.3159867567320665,0.8331970588911847,0.35927450803459665,0.8093559169751577,0.8929112671178971,41.76629590988159,0.13023342763384183,0.09371836216499409,0.07539683288584152,0.1113624058663845,0.13023342763384183,0.51458008736372,0.14255945543285276,0.11483574585347879,0.07442071276610016,0.11495542318605986,0.14255945543285276,0.4455280665491448,0.8963202238082886,0.727632462978363,0.8200104236602783,1.1339800357818604,1.3128025531768799,0.4205838441848755,1.5499663352966309,2.5184218883514404,0.48218488693237305,0.3142743706703186,2.2297048568725586,0.35509824752807617
69,0.0001,0.29493651539087296,0.8548276606597138,0.36243932364416903,0.8074131084612004,0.8912824109370856,152.80133080482483,0.12779549124340217,0.08714189572880665,0.07277239250640075,0.11652540949483713,0.12779549124340217,0.5420214675366879,0.1512191980832913,0.10777892184550644,0.06801107098333171,0.10755617403593219,0.1512191980832913,0.36454288392770484,0.8992822170257568,0.7355362772941589,0.8267285227775574,1.1308586597442627,1.3228431940078735,0.4241013526916504,1.5535211563110352,2.5190610885620117,0.48512768745422363,0.3070758283138275,2.245173692703247,0.358356237411499
70,0.0001,0.297443800419569,0.8478193713496107,0.4040729342425456,0.7450797994173104,0.8518236751498192,162.5906264781952,0.12638246938586234,0.09060667753219605,0.07445041462779045,0.11467477604746819,0.12638246938586234,0.5473025600115459,0.13347101223761917,0.13254946030554224,0.08387152801771633,0.11184201780401293,0.13347101223761917,0.5163813780565731,0.9037295579910278,0.7441493272781372,0.8330246210098267,1.1357438564300537,1.3386090993881226,0.4277673363685608,1.5484603643417358,2.5192391872406006,0.4863482415676117,0.2990332245826721,2.2553718090057373,0.35986894369125366
71,0.0001,0.31471623306473095,0.8173874174765486,0.4429806861721101,0.7529062878016191,0.8563292387782535,95.30750393867493,0.12754119435946146,0.09994229252139727,0.07230419622113307,0.11443367339670658,0.12754119435946146,0.5184322339793046,0.15509189640889404,0.14399322610898097,0.06311777508893951,0.10666707268015282,0.15509189640889404,0.36481048191179993,0.9094351530075073,0.7611027359962463,0.838180661201477,1.1566801071166992,1.3719900846481323,0.42981258034706116,1.5620366334915161,2.5389366149902344,0.49013322591781616,0.30439168214797974,2.251549243927002,0.3675794303417206
72,0.0001,0.29065511996547383,0.8456455671530186,0.3652808812798047,0.7967311787274476,0.8856300595003033,132.4076066017151,0.12464925795793533,0.09153052450468142,0.07430550338079532,0.11643393350144228,0.12464925795793533,0.5475902994473775,0.14022000610339838,0.12074502007883103,0.06784239313641532,0.11882405984597127,0.14022000610339838,0.46736332823018556,0.9102255702018738,0.773530125617981,0.845560610294342,1.1594959497451782,1.3867528438568115,0.43369370698928833,1.5620489120483398,2.5554654598236084,0.49223825335502625,0.30232831835746765,2.2365572452545166,0.36926114559173584
73,0.0001,0.2860236210127672,0.8462936408282437,0.3070122924495916,0.8424093897311801,0.9136990672115564,60.24482464790344,0.12673460332055886,0.0909027863914768,0.07206215858459472,0.11877984317640464,0.12673460332055886,0.5398874128858249,0.135201310158753,0.0981301588357472,0.09613139536537108,0.11662738892387171,0.135201310158753,0.5663949544312524,0.9101607203483582,0.7845659255981445,0.8528054356575012,1.169684648513794,1.4178420305252075,0.43593069911003113,1.569586157798767,2.5758888721466064,0.49404817819595337,0.2971782684326172,2.2504730224609375,0.37222301959991455
74,0.0001,0.28038109516104065,0.8515937786731926,0.3798256025451129,0.7967593082861724,0.8856840797430375,110.89283657073975,0.12296069338917733,0.09051518843819698,0.07159056781480709,0.11774453123410543,0.12296069338917733,0.5471245092650254,0.1408180555359262,0.11698925043227243,0.07583778033979603,0.11469521068158697,0.1408180555359262,0.46208620462261263,0.9085727334022522,0.7918175458908081,0.8558351397514343,1.1622190475463867,1.4197173118591309,0.43857523798942566,1.5775753259658813,2.588480234146118,0.4943634271621704,0.29034703969955444,2.259320020675659,0.37390002608299255
75,0.0001,0.2810562012096246,0.8469665836302858,0.3325969874858856,0.8229732289857101,0.9023080870047242,146.90298533439636,0.1248235664019982,0.0909884696205457,0.07209615632891656,0.11892206954459349,0.1248235664019982,0.542494090894858,0.13376526314704146,0.10743444254163836,0.0627873818405339,0.11989541644932794,0.13376526314704146,0.47045862283863005,0.9147593975067139,0.8092985153198242,0.8610027432441711,1.1882787942886353,1.4467425346374512,0.4431352913379669,1.5974401235580444,2.6134800910949707,0.4980476200580597,0.29412490129470825,2.279554843902588,0.3771800696849823
76,0.0001,0.2619757781426112,0.8609284252707251,0.3086335478258915,0.8393790781180507,0.9119677317104217,84.88231062889099,0.12257558405399323,0.08451785817742348,0.07187109012156725,0.11890530536572139,0.12257558405399323,0.5564504553874333,0.1257999058141083,0.10336738611098195,0.07690457730996804,0.1187003342831721,0.1257999058141083,0.5715548415653041,0.9110523462295532,0.8221586346626282,0.8679295182228088,1.1802079677581787,1.4627810716629028,0.444835364818573,1.5881863832473755,2.6261963844299316,0.49988335371017456,0.2795032858848572,2.2661123275756836,0.3786408603191376
77,0.0001,0.25478762909770014,0.8662104241366912,0.34234775236395537,0.8190144588214425,0.8998604252682587,152.59356141090393,0.12018098446230094,0.08417917285114526,0.070704102764527,0.1167424256602923,0.12018098446230094,0.5618356041610241,0.13696711791343377,0.1168029034724001,0.06756695909578292,0.11435944477065665,0.13696711791343377,0.47983611167454326,0.9114745855331421,0.8332012295722961,0.8748028874397278,1.1854666471481323,1.4727146625518799,0.4479408860206604,1.5835195779800415,2.6265571117401123,0.5017538070678711,0.27052539587020874,2.2864930629730225,0.3802039623260498
78,0.0001,0.2826578723887602,0.8294399974306597,0.30560885516346475,0.8399417826889498,0.9120899698761702,160.21372389793396,0.12485974257191022,0.097004684060812,0.07314594723284244,0.11586656620105108,0.12485974257191022,0.5627123609185218,0.1276820962790583,0.09861297575665302,0.0806982512356805,0.11360241277296035,0.1276820962790583,0.5482574457027873,0.9149984121322632,0.8516550660133362,0.8787644505500793,1.196338415145874,1.4931083917617798,0.45083796977996826,1.5744050741195679,2.6292190551757812,0.5047430396080017,0.2777429521083832,2.2830944061279297,0.38578519225120544
79,0.0001,0.28285392075777055,0.8346382896766392,0.3176559488304326,0.8249219888111345,0.9030911579820368,176.19918775558472,0.12252930514514446,0.09672151543200017,0.07066842050602039,0.11691444851458073,0.12252930514514446,0.5522943357626597,0.13780148400635014,0.10883738076100584,0.05476895316702421,0.11635821361522206,0.13780148400635014,0.4433080827603575,0.9150909781455994,0.8651677370071411,0.8851578831672668,1.212899923324585,1.519443392753601,0.4530930817127228,1.5891497135162354,2.659884452819824,0.5088397860527039,0.2759109139442444,2.306680679321289,0.38900214433670044
80,0.0001,0.25135455081860225,0.8640427040526312,0.29379182492123274,0.8423672740698902,0.9137658113909309,109.56209540367126,0.12084994527200858,0.08637562369306882,0.07026432522883018,0.11593478334446748,0.12084994527200858,0.5597751336793105,0.1247120343270849,0.09719584515837372,0.06585506887220946,0.11611071497690482,0.1247120343270849,0.5123910219942938,0.9207002520561218,0.8791822791099548,0.8909504413604736,1.217928409576416,1.5387780666351318,0.45630577206611633,1.5788222551345825,2.6761012077331543,0.5114377737045288,0.2688114047050476,2.318072557449341,0.39026087522506714
81,0.0001,0.24550446967283884,0.8676029576969243,0.2997138773808714,0.8494175854963132,0.9176407659697614,132.49293398857117,0.12052776540319125,0.08389017911007007,0.0708785851796468,0.11973767019808293,0.12052776540319125,0.5728591218590736,0.12798566554413468,0.09536291145887531,0.06414196224974804,0.11215236160110255,0.12798566554413468,0.48475587856574137,0.9212307333946228,0.8869737386703491,0.8947376608848572,1.2207257747650146,1.54196298122406,0.4581829905509949,1.5800338983535767,2.6737895011901855,0.5140737295150757,0.2681950330734253,2.322364091873169,0.39219531416893005
82,0.0001,0.25659924869736034,0.8509940827056794,0.3657906905549472,0.7755161492742723,0.8716468366870921,110.68032431602478,0.11863324368993441,0.08968993686139584,0.06929613382865986,0.11675719618797302,0.11863324368993441,0.5636007877687613,0.1372606277954383,0.1291709747470793,0.08412709771121135,0.11152944872613813,0.1372606277954383,0.4969740734725702,0.9237603545188904,0.9006541967391968,0.8992964625358582,1.229056477546692,1.556565284729004,0.46059441566467285,1.5958545207977295,2.686652660369873,0.5189244151115417,0.2626217305660248,2.328032970428467,0.39399418234825134
83,0.0001,0.26434540500243503,0.8464756553360235,0.3194064229238229,0.7986992666934818,0.8865105257522118,57.504942655563354,0.12674251720309257,0.09172409145782391,0.07020788335551818,0.11405813607076803,0.12674251720309257,0.5410852064689,0.1323838992441287,0.12193578066395931,0.07193575970462111,0.10779764222317055,0.1323838992441287,0.5179229193046445,0.9297381639480591,0.9107506275177002,0.9038125276565552,1.2625113725662231,1.5823407173156738,0.4640643000602722,1.616908073425293,2.6786787509918213,0.5215455889701843,0.27054357528686523,2.316511392593384,0.3972822427749634
84,0.0001,0.2415969950457414,0.8659783556357072,0.32227996235988177,0.8213492959682825,0.9007455064924419,61.92451500892639,0.12212818711996079,0.08386554711808761,0.06984788315991561,0.11716145413617293,0.12212818711996079,0.5555347760518392,0.12332513488706995,0.11211785991660884,0.06042540574171504,0.11813687862919979,0.12332513488706995,0.5372264590419706,0.9317288398742676,0.9122143983840942,0.9086202383041382,1.2837278842926025,1.598763346672058,0.4664899408817291,1.6262315511703491,2.695650815963745,0.5233566761016846,0.27190831303596497,2.335510492324829,0.3994203805923462
85,0.0001,0.25840170656641326,0.8487556915653129,0.31551733881723687,0.8118991715933267,0.8955954923526677,78.31602668762207,0.12084425358722607,0.09206569126496712,0.06828060851742825,0.11998554542660714,0.12084425358722607,0.564169084529082,0.1266219587843926,0.10528914972406919,0.07271931711278978,0.12052160232770638,0.1266219587843926,0.5232556257091585,0.9342272281646729,0.9231154918670654,0.913338840007782,1.2940614223480225,1.611327052116394,0.46885958313941956,1.635890007019043,2.7305421829223633,0.5250599980354309,0.27227917313575745,2.3460021018981934,0.40520939230918884
86,0.0001,0.24204015309611956,0.8571131208917053,0.43866222999135,0.7084555306864566,0.8227264051053164,141.56010627746582,0.1188779982427756,0.08728956710547209,0.070494463481009,0.12139137734969457,0.1188779982427756,0.5732723951339722,0.1340256111055124,0.20917810536310322,0.08018928509755213,0.11870059322138302,0.1340256111055124,0.5616785532138386,0.9363124370574951,0.9313942193984985,0.9169914126396179,1.3110724687576294,1.6158381700515747,0.472137451171875,1.6418867111206055,2.728078603744507,0.5268181562423706,0.26591065526008606,2.3469231128692627,0.40708664059638977
87,0.0001,0.24203072612484297,0.8588040453702263,0.3112021738388499,0.820087015283419,0.9004647217976289,37.15940713882446,0.11904014237225055,0.08680843506008387,0.06750520877540112,0.11878294261793296,0.11904014237225055,0.5663513059417407,0.13477862394246898,0.11249769222540934,0.10360732528029895,0.11530014335132036,0.13477862394246898,0.61690382977001,0.9399151802062988,0.943670392036438,0.9213223457336426,1.3176051378250122,1.6163610219955444,0.4741741120815277,1.636285662651062,2.729321241378784,0.5304263234138489,0.25565409660339355,2.3505361080169678,0.4082299768924713
88,0.0001,0.22031465768814087,0.8745738723339266,0.3248095023827475,0.8169753182244155,0.8976845415880647,39.021803855895996,0.11477710045874119,0.07919940948486329,0.06675158627331257,0.12279383614659309,0.11477710045874119,0.5734455451369286,0.13985327228170927,0.11145881795492328,0.055340765441050294,0.1204530831243171,0.13985327228170927,0.4248084719063806,0.9403455257415771,0.9517285227775574,0.9255021810531616,1.3182520866394043,1.6230452060699463,0.47597986459732056,1.6434545516967773,2.725609302520752,0.5307683944702148,0.2535468637943268,2.376746416091919,0.40982410311698914
89,0.0001,0.2292729084690412,0.8702813980094292,0.33611861359877665,0.803667526089497,0.8896527948819163,160.29827618598938,0.1182821328441302,0.08321014605462551,0.07021407441546519,0.12312266776959101,0.1182821328441302,0.5851322176555792,0.13851755393333123,0.12465693899353997,0.07802248159881497,0.12122982642689689,0.13851755393333123,0.45971497258201977,0.939940869808197,0.9553925395011902,0.931175172328949,1.3359397649765015,1.6275042295455933,0.4784763753414154,1.6547729969024658,2.734870672225952,0.532364010810852,0.25789976119995117,2.3842766284942627,0.41229090094566345
90,0.0001,0.2259915955364704,0.8689182643511798,0.27275280507861593,0.8528098204057803,0.9199908641926074,171.5091371536255,0.11536686147252719,0.0831176858395338,0.06714872699230909,0.1200100339949131,0.11536686147252719,0.5752020408709844,0.12063003661202602,0.1014424086105628,0.06900200522581085,0.11598719253403242,0.12063003661202602,0.5602400087919391,0.9405977129936218,0.963336169719696,0.934660017490387,1.3374298810958862,1.6322673559188843,0.4817047119140625,1.6468535661697388,2.7471678256988525,0.5339499115943909,0.24652054905891418,2.3855676651000977,0.4165157079696655
91,0.0001,0.2257053092122078,0.8679994414768868,0.3753627074546501,0.7506820895772917,0.855227261351001,104.91175723075867,0.11618653709689776,0.08324228369941314,0.06653380611290534,0.11951820142567157,0.11618653709689776,0.5704216187198957,0.13836426031394083,0.14615896173187945,0.07554160498204779,0.11653191791694673,0.13836426031394083,0.5195867761236722,0.9427379965782166,0.9780089855194092,0.9389517903327942,1.3251078128814697,1.6583452224731445,0.4839335083961487,1.6507797241210938,2.759354591369629,0.5342463254928589,0.24457623064517975,2.4065349102020264,0.41972264647483826
92,0.0001,0.22435828447341918,0.8675314546733368,0.26818242571393,0.8438353192297013,0.9144386152113817,105.33958983421326,0.11259047165513039,0.08591207228600979,0.06888316757977009,0.1202509343624115,0.11259047165513039,0.6007318725188573,0.12977672233933307,0.10048564328033416,0.05624641050569347,0.12281719521909464,0.12977672233933307,0.4873558370793452,0.9454542398452759,0.9807769656181335,0.9429895281791687,1.3460768461227417,1.6612236499786377,0.4865986108779907,1.6406762599945068,2.7667641639709473,0.5371057391166687,0.24834907054901123,2.398738384246826,0.4248005449771881
93,0.0001,0.2077376623948415,0.884087359212027,0.3113152819578765,0.8215297742984988,0.8999730597422884,35.53768539428711,0.11255428766210875,0.07650815825909377,0.06584268274406592,0.11887056728204091,0.11255428766210875,0.5949398696422576,0.11778348256818584,0.11568821197161909,0.061091552503773426,0.11967004371471092,0.11778348256818584,0.5729502830349031,0.9469488263130188,0.9854380488395691,0.9456626772880554,1.3451424837112427,1.6762815713882446,0.4877881705760956,1.6488664150238037,2.765872001647949,0.5396990180015564,0.23897360265254974,2.402224063873291,0.42569562792778015
94,0.0001,0.21376455848415693,0.8779448419579057,0.30362777876072244,0.8017606334958677,0.8888489952888654,36.43943643569946,0.11310167784492174,0.08147890288382768,0.06543275372435649,0.11625386315087477,0.11310167784492174,0.6062957773605983,0.12556736488811304,0.12070945931262657,0.06820973363079008,0.11847306983392747,0.12556736488811304,0.5542586651004728,0.9466433525085449,0.9933575391769409,0.950049638748169,1.3467501401901245,1.6799683570861816,0.49001431465148926,1.643326759338379,2.779902935028076,0.5424061417579651,0.23722608387470245,2.3995108604431152,0.42879754304885864
95,0.0001,0.21253150850534439,0.87284600610295,0.33498192175489955,0.7861510737628609,0.8785785090193735,110.3858757019043,0.1113203402608633,0.08156914692372083,0.06692402437329292,0.11591358073055744,0.1113203402608633,0.6004746799667676,0.14380692238690423,0.1281957096252285,0.09141536545558054,0.11365304447588373,0.14380692238690423,0.5471822296986815,0.9504085779190063,1.005875587463379,0.9526427388191223,1.3512862920761108,1.6941380500793457,0.49171680212020874,1.6417465209960938,2.7859644889831543,0.5429759621620178,0.22474442422389984,2.400714159011841,0.4301506578922272
96,0.0001,0.20195362269878386,0.8840072269980812,0.2486677431180829,0.8603518568535006,0.9244976198680027,93.63602089881897,0.1116232248644034,0.07498121410608291,0.06656239579121272,0.11695103148619333,0.1116232248644034,0.5963258117437362,0.10692168088232884,0.09349177289204519,0.06020085550233966,0.11719141155481339,0.10692168088232884,0.604011815102374,0.9514667987823486,1.0099799633026123,0.9561973214149475,1.3628723621368408,1.7033932209014893,0.49357762932777405,1.6282927989959717,2.779834508895874,0.5433669090270996,0.2196740359067917,2.3932418823242188,0.4340529441833496
97,0.0001,0.2032958929737409,0.8817568813058099,0.3095600128662391,0.820444600474526,0.8996079364987049,36.91386914253235,0.11265517212450504,0.07600040640681982,0.06402527168393135,0.11967261681954065,0.11265517212450504,0.596266508847475,0.12320524820538818,0.12528898835670751,0.06289324756772792,0.12301958755391543,0.12320524820538818,0.5632227874193035,0.9550305008888245,1.0111634731292725,0.960135281085968,1.3681528568267822,1.7129160165786743,0.4951247274875641,1.6224589347839355,2.7844436168670654,0.5445083379745483,0.21206173300743103,2.381459951400757,0.43314895033836365
98,0.0001,0.218316800147295,0.865329727803516,0.29348121998740023,0.8322220308011621,0.9075547506880586,69.4346911907196,0.11246260926127434,0.08652621985723576,0.06489588301628828,0.1189211127658685,0.11246260926127434,0.595783161620299,0.11973991452670488,0.10694666402261765,0.05786834095345169,0.11711252517387515,0.11973991452670488,0.524686155749149,0.9573239684104919,1.0143883228302002,0.9643292427062988,1.3716051578521729,1.7273203134536743,0.49701881408691406,1.640303373336792,2.7849924564361572,0.5473436713218689,0.21041254699230194,2.3886404037475586,0.4364139437675476
99,0.0001,0.2159926320115725,0.8718269769193822,0.2741959024159635,0.8338621213596932,0.9086296629529503,128.20865297317505,0.11457390151917934,0.08189958867927392,0.06557418356339137,0.12189194609721501,0.11457390151917934,0.5882485384742419,0.11440885408979948,0.10928020662948733,0.060892235609840174,0.1240404878483444,0.11440885408979948,0.5845096883226614,0.9599843621253967,1.024225115776062,0.968837320804596,1.3858716487884521,1.7355890274047852,0.4988759160041809,1.6345287561416626,2.8125274181365967,0.5489552021026611,0.21301333606243134,2.38570237159729,0.4375723600387573
100,0.0001,0.21306418081124623,0.8733389333711439,0.3907873679379948,0.7384756885087085,0.8469580653055376,142.42343473434448,0.11111025661230087,0.08208960729340713,0.06393680622180303,0.12212744367619356,0.11111025661230087,0.6027479782700539,0.13286633862823735,0.14549836149958315,0.08206338117845723,0.10844837165758257,0.13286633862823735,0.5398266159120153,0.960510790348053,1.030164122581482,0.9715317487716675,1.3837015628814697,1.7440268993377686,0.5000742077827454,1.6385211944580078,2.820739269256592,0.5508246421813965,0.21035705506801605,2.386746883392334,0.44276174902915955
101,0.0001,0.2179228628675143,0.8643816509762722,0.2941128201172,0.8242715969421652,0.9027092602497104,34.90494441986084,0.11375062900284925,0.0860451174279054,0.0648722286025683,0.12086222755412261,0.11375062900284925,0.5956670646866162,0.1245536853055485,0.1204428914629045,0.06139650776005182,0.12065971166384025,0.1245536853055485,0.5096028290811132,0.9670540690422058,1.0347483158111572,0.9749021530151367,1.402160882949829,1.7495802640914917,0.500568151473999,1.6525063514709473,2.826169013977051,0.5554510951042175,0.21099230647087097,2.402878522872925,0.44666069746017456
102,0.0001,0.20234733099738758,0.8789690765743242,0.33652799442166187,0.7848987367517636,0.8780767567741847,38.87043571472168,0.10902426540851592,0.0793914339815577,0.06469840810944637,0.12098776636024317,0.10902426540851592,0.6042915835976601,0.12037695809954503,0.13103549499980738,0.08388638166619129,0.11710135186793375,0.12037695809954503,0.610577151423595,0.9667537808418274,1.0361448526382446,0.9775305986404419,1.4092499017715454,1.7566324472427368,0.5034620761871338,1.65855872631073,2.8478891849517822,0.55728679895401,0.21279634535312653,2.4135186672210693,0.4490267038345337
103,0.0001,0.19078417494893074,0.8875495417590574,0.2882093682152326,0.8275104365951739,0.9051276286954911,109.59676575660706,0.10703511014580727,0.07441180689881245,0.06627967767417431,0.11727291084825993,0.10703511014580727,0.6339039946595828,0.13305017669669916,0.11063617858730379,0.08818012695820605,0.10901785348771048,0.13305017669669916,0.5597449345666854,0.9658521413803101,1.0408403873443604,0.9814655780792236,1.4103319644927979,1.7613037824630737,0.5042670965194702,1.6505200862884521,2.8437016010284424,0.5578535199165344,0.21151959896087646,2.408052682876587,0.45213350653648376
104,0.0001,0.2026600825289885,0.877429461640234,0.2713323504221244,0.8421430249969538,0.9136344147362246,90.49309539794922,0.10971358890334765,0.08173325483997664,0.06371935804684957,0.1168555931498607,0.10971358890334765,0.611308898528417,0.13819630199768504,0.10044712096941276,0.04680943232579309,0.11910227417457299,0.13819630199768504,0.4474179901060511,0.9699795246124268,1.0506283044815063,0.9836252927780151,1.3997968435287476,1.7656795978546143,0.5058844089508057,1.6593466997146606,2.8465464115142822,0.5601832866668701,0.21085165441036224,2.4385929107666016,0.45434561371803284
105,0.0001,0.1970591184993585,0.8803250893599868,0.25289293708371335,0.8587001965283958,0.9233624831456908,40.22009515762329,0.10812542177736759,0.07902464761088292,0.06514062241961559,0.12023259041210016,0.10812542177736759,0.6139723728100459,0.11651816475586813,0.09566046938788696,0.06319630768944005,0.11632314544232165,0.11651816475586813,0.5540951793311072,0.9726942181587219,1.0560725927352905,0.985744059085846,1.4103111028671265,1.7710455656051636,0.5086125731468201,1.6520251035690308,2.8485829830169678,0.5618486404418945,0.2036750316619873,2.4302899837493896,0.45686253905296326
106,0.0001,0.1956568665802479,0.8801120556563696,0.2768957285118885,0.8320640956018409,0.9074990563852442,51.16324305534363,0.10827410692969958,0.07877696715295315,0.0637056319663922,0.11614522971212864,0.10827410692969958,0.6176721751689911,0.11528673560404387,0.10197293672893869,0.06713745242259542,0.11312322819330653,0.11528673560404387,0.6245656433652659,0.9764716029167175,1.0600517988204956,0.9891808032989502,1.4110045433044434,1.776919960975647,0.5110948085784912,1.6470115184783936,2.8485021591186523,0.5638115406036377,0.19513475894927979,2.4247477054595947,0.45958244800567627
107,0.0001,0.1770027332007885,0.9005352742812469,0.26502540243453665,0.853249979225546,0.9200584044312261,130.12761425971985,0.10483740977942943,0.07174995668853322,0.06260886043310165,0.11706354754666487,0.10483740977942943,0.6314385076363881,0.11775188734296893,0.10079271456257241,0.053005289347445375,0.11964684602667074,0.11775188734296893,0.5224778974642519,0.9736219048500061,1.0585343837738037,0.9921656250953674,1.4178978204727173,1.7800253629684448,0.5139755606651306,1.6441783905029297,2.8465025424957275,0.5646910667419434,0.18980908393859863,2.427572250366211,0.45995429158210754
108,0.0001,0.1795881760617097,0.8922214169669744,0.2534597450103916,0.8553736101497013,0.9215486065904472,128.7183482646942,0.10250268032153448,0.07302867360413075,0.06258326042443514,0.11768569834530354,0.10250268032153448,0.6288405602176984,0.11290573634085108,0.10008814595029002,0.050686921985422975,0.11528847745207489,0.11290573634085108,0.5758509860664117,0.9712215662002563,1.063364863395691,0.9953076243400574,1.4126036167144775,1.781781792640686,0.5166875720024109,1.6462606191635132,2.8453893661499023,0.5661243796348572,0.18483102321624756,2.421579122543335,0.46063366532325745
109,0.0001,0.18849405695994695,0.8899143005951952,0.3543127225559266,0.7752520052379736,0.8707630710907167,101.19648385047913,0.10350575509170691,0.07507678320010504,0.062306208287676176,0.11809849080940088,0.10350575509170691,0.6481617505351702,0.12787437206897578,0.1542017338950126,0.07077254330525633,0.11431432527596833,0.12787437206897578,0.5758741693418534,0.9736130833625793,1.0672413110733032,0.9975144267082214,1.4150776863098145,1.7857698202133179,0.5200455188751221,1.6454111337661743,2.844752788543701,0.5671420693397522,0.17957140505313873,2.41467547416687,0.46252360939979553
110,0.0001,0.19265970190366108,0.8805903816175833,0.2606263746980761,0.8451225100735147,0.9152742213419817,128.4450237751007,0.10289453454315663,0.08006356054296096,0.05989169428745906,0.11791719297568003,0.10289453454315663,0.6304164499044418,0.10978763025315082,0.10993769868719773,0.06135350502416736,0.12105294988780725,0.10978763025315082,0.6072407110792691,0.9777975678443909,1.0766984224319458,1.0003535747528076,1.4372961521148682,1.7870230674743652,0.5227745175361633,1.6494625806808472,2.8530640602111816,0.568658173084259,0.1875269114971161,2.4219226837158203,0.4659924805164337
111,0.0001,0.19190542648235956,0.8811978214263347,0.30986485960053617,0.7965727002045155,0.8851458473794567,199.39619612693787,0.10550314498444398,0.07842344399541616,0.06270359915991625,0.1203764603783687,0.10550314498444398,0.6288685987393061,0.1406366696856061,0.13831827484193396,0.08987970906691473,0.1224159732705257,0.1406366696856061,0.5697273357969815,0.9759534597396851,1.0826256275177002,1.0018991231918335,1.4494737386703491,1.7964400053024292,0.5251690149307251,1.6587997674942017,2.8677432537078857,0.5719739198684692,0.18752801418304443,2.408351421356201,0.4663577675819397
112,0.0001,0.18944371901452542,0.8822759298521574,0.2780727065000378,0.8257421987773524,0.9036385816832404,201.30144381523132,0.10384898769358794,0.07747286576777697,0.06100305952131748,0.11808159140249093,0.10384898769358794,0.6290510445833206,0.11632266982657011,0.1096696181864035,0.06022555918478575,0.11852158435055467,0.11632266982657011,0.5710505677051232,0.9757335782051086,1.08644437789917,1.0048158168792725,1.4416468143463135,1.8036011457443237,0.5284085273742676,1.6603209972381592,2.867253303527832,0.5741423964500427,0.18935717642307281,2.423226833343506,0.46898260712623596
113,0.0001,0.21050310879945755,0.8622036783095485,0.27358403215642835,0.8454572902375643,0.9153137083423738,75.19679093360901,0.11332834077378114,0.09023772645741701,0.06417314068724712,0.12059124521911144,0.11332834077378114,0.6106027608116468,0.11387540131318764,0.10710027337562843,0.06026851251477101,0.11574324672339392,0.11387540131318764,0.5793151122624757,0.9783865809440613,1.0951128005981445,1.0078938007354736,1.4542694091796875,1.8266762495040894,0.5287794470787048,1.6538221836090088,2.870380163192749,0.5776718258857727,0.20630206167697906,2.4148101806640625,0.47253841161727905
114,0.0001,0.1804377814133962,0.8875126647837457,0.2452341977690087,0.8460268088869702,0.9155025321106925,134.56412148475647,0.10670367038498323,0.0754381272320946,0.06229927850266297,0.11919086972872416,0.10670367038498323,0.625715734064579,0.11810779241753407,0.10001171453565848,0.05998047813773155,0.12323259024835023,0.11810779241753407,0.5982894135303185,0.9741690754890442,1.0959162712097168,1.0098401308059692,1.441057562828064,1.8282337188720703,0.5300522446632385,1.655068039894104,2.8863728046417236,0.5785797834396362,0.2116171270608902,2.415280342102051,0.4756634533405304
115,0.0001,0.19393623992800713,0.8770950965262394,0.254843355202284,0.8374443088854125,0.9109160665062458,74.63111662864685,0.10262624596556028,0.08076937254518271,0.060911221491793795,0.12193195136884848,0.10262624596556028,0.6253067160646121,0.1108133971202569,0.10535177698389428,0.06433507995527299,0.11478673227009226,0.1108133971202569,0.59442501869358,0.9778513312339783,1.1019350290298462,1.011766791343689,1.454095482826233,1.8378981351852417,0.533137321472168,1.6543837785720825,2.8922150135040283,0.5814593434333801,0.21163630485534668,2.42952036857605,0.47969600558280945
116,0.0001,0.18114770005146663,0.8894228078312982,0.23736113407572762,0.8652045197197374,0.9268560825313688,35.7724986076355,0.10299191412826379,0.07581862198809783,0.0613370556384325,0.11912508668998877,0.10299191412826379,0.6305495088299116,0.10311158538841811,0.09697496549027865,0.0603365951874217,0.11794765305812241,0.10311158538841811,0.6494155193938583,0.9740564823150635,1.106679081916809,1.0134345293045044,1.44658362865448,1.8440663814544678,0.5353740453720093,1.6616201400756836,2.893533229827881,0.5818694233894348,0.20663028955459595,2.432654857635498,0.4797099828720093
117,0.0001,0.17334167510271073,0.892414068787169,0.2367350058477433,0.8580335032884965,0.9230023978510181,55.4295608997345,0.10359682769825061,0.07347657382488251,0.06084670393417279,0.11848648463686308,0.10359682769825061,0.6353296597798666,0.1034766704332633,0.10418902166554185,0.06430466607457301,0.1193722595201164,0.1034766704332633,0.630984215462794,0.9798858165740967,1.1111847162246704,1.0158638954162598,1.445492148399353,1.8505507707595825,0.536334216594696,1.6695027351379395,2.8896241188049316,0.5842660069465637,0.20655405521392822,2.440281629562378,0.4811103641986847
118,0.0001,0.17291269215444724,0.8944138340013355,0.24003784040935705,0.8575803460818202,0.9227916320451921,148.11536645889282,0.10054996740072966,0.07293964599569638,0.05907440570493539,0.12108790489534536,0.10054996740072966,0.6384162217378616,0.10900928947280665,0.09897439096306192,0.0551612848629717,0.11541322288943119,0.10900928947280665,0.5776868472333814,0.9810170531272888,1.1121461391448975,1.0186963081359863,1.4481778144836426,1.860624074935913,0.5392900109291077,1.6558030843734741,2.8969147205352783,0.5851246118545532,0.21068306267261505,2.4451472759246826,0.4839596152305603
119,0.0001,0.17792320785423119,0.8864968193716244,0.2918130056779893,0.8231922989486263,0.9020180112204174,163.05165839195251,0.10010425367703041,0.07527711763978004,0.059632010944187644,0.1212130938967069,0.10010425367703041,0.6346328889330228,0.12046702377131728,0.1255629316705172,0.05801966926846348,0.1148655187399661,0.12046702377131728,0.5426109618827945,0.9860856533050537,1.1112900972366333,1.0205529928207397,1.4426138401031494,1.8626655340194702,0.5408923029899597,1.6610116958618164,2.903850555419922,0.5865303874015808,0.21467773616313934,2.4564146995544434,0.48637521266937256
120,0.0001,0.18724868682523568,0.8780529668284002,0.3118264753310407,0.7914213370279817,0.8796495364398053,131.18374586105347,0.10272702760994434,0.0795243775472045,0.06180571131408215,0.12459227864940961,0.10272702760994434,0.6358966489632925,0.13730216575939147,0.12523743204894613,0.08808785371604513,0.10897899528995889,0.13730216575939147,0.5507793533997457,0.9867383241653442,1.1174436807632446,1.023319959640503,1.453909158706665,1.8658571243286133,0.5432381629943848,1.668406367301941,2.912388324737549,0.5883967280387878,0.2192772477865219,2.4825525283813477,0.48938822746276855
121,0.0001,0.17064319960772992,0.8948867669487673,0.276755583579423,0.8383575603631758,0.9114147885646167,144.21000957489014,0.10079818858454624,0.07267668936401606,0.05950248533238967,0.12001280275483926,0.10079818858454624,0.6514777898788452,0.11538128994527411,0.10682964398235571,0.0464429673357088,0.11850104566480292,0.11538128994527411,0.5576481389217689,0.9803615808486938,1.1171095371246338,1.0254008769989014,1.4411262273788452,1.8721915483474731,0.5451322197914124,1.6555814743041992,2.916377305984497,0.5885005593299866,0.21410131454467773,2.474785089492798,0.49048909544944763
122,0.0001,0.17069248196979364,0.8936488904057055,0.2963752218934356,0.8334368812804975,0.9083076346705862,82.24128985404968,0.10012460052967072,0.07280108481645584,0.06001415569335222,0.12117002507050832,0.10012460052967072,0.6456379239757856,0.11899277543435331,0.11444161209415217,0.0587863842727708,0.10608836397772929,0.11899277543435331,0.5709492749855166,0.9835727214813232,1.1165095567703247,1.0286493301391602,1.4433038234710693,1.8709290027618408,0.5468880534172058,1.6492613554000854,2.913170576095581,0.5894694924354553,0.20735105872154236,2.4705450534820557,0.4935077726840973
123,0.0001,0.16382155815760294,0.9003177061691456,0.24889086431167165,0.8573473424022148,0.9225624041987407,34.94771599769592,0.09781954307109117,0.07077446679274241,0.05812072766323884,0.12042049529651801,0.09781954307109117,0.650018020470937,0.1042726963269906,0.10392850014518519,0.0705531730515058,0.12468180145885123,0.1042726963269906,0.6784072498806187,0.9858708381652832,1.120449423789978,1.0310670137405396,1.4500792026519775,1.867255449295044,0.5480550527572632,1.6565560102462769,2.9141576290130615,0.5920952558517456,0.19835828244686127,2.4641404151916504,0.4956853687763214
124,0.0001,0.17426122402151425,0.8860783500389573,0.3567255090494625,0.7770706506510855,0.8733598923640019,35.38869380950928,0.10424502454698086,0.07551070799430211,0.06007803939282894,0.12549447665611904,0.10424502454698086,0.6366829206546147,0.12104560190536937,0.15578508035081332,0.06194506072607197,0.12382910131919579,0.12104560190536937,0.5383286290481443,0.9857848286628723,1.1208022832870483,1.0328861474990845,1.4456530809402466,1.8841099739074707,0.5493658781051636,1.6464842557907104,2.9214460849761963,0.5938519835472107,0.192998006939888,2.466097831726074,0.49879682064056396
125,0.0001,0.18205427924791973,0.8836436401772055,0.2836283240161958,0.843185759539615,0.9140020218568964,35.512540340423584,0.10603618665287892,0.07772795241326094,0.059380431100726126,0.12814627289772035,0.10603618665287892,0.6200482209523519,0.1246251937795858,0.11247475811692535,0.052297361439368764,0.12617336347943447,0.1246251937795858,0.5250289049304899,0.9897812008857727,1.1279488801956177,1.0354400873184204,1.4576939344406128,1.8968027830123901,0.5519973635673523,1.6582156419754028,2.9526278972625732,0.5969374775886536,0.2124461978673935,2.484008550643921,0.503787636756897
126,0.0001,0.18958566437164942,0.8719959008516466,0.2713543855753101,0.833807424169573,0.9087756519020838,35.112701177597046,0.10339241232722998,0.08353493151565393,0.06114046983420849,0.12538792726894218,0.10339241232722998,0.6230629846453667,0.10958795493743459,0.11666697654567781,0.07257729451187321,0.12523591139766035,0.10958795493743459,0.6375581631894971,0.9962130188941956,1.1398725509643555,1.0371769666671753,1.4666192531585693,1.8976054191589355,0.554271399974823,1.6727572679519653,2.9749515056610107,0.5993481874465942,0.22622869908809662,2.492654323577881,0.5041568279266357
127,0.0001,0.17510332676271598,0.8879460296446553,0.25978802559805697,0.8584896753571603,0.92319706318982,35.56989598274231,0.09891931749880314,0.07693865044663349,0.06077585238963366,0.12629745403925577,0.09891931749880314,0.6526765038569768,0.11067540455059927,0.10131117225181861,0.06022005057970031,0.12436133769691968,0.11067540455059927,0.5984101608151295,0.9956405758857727,1.1477843523025513,1.03981351852417,1.475341796875,1.8992195129394531,0.5571179986000061,1.6709387302398682,2.969714403152466,0.600650429725647,0.2189619094133377,2.4873785972595215,0.5076393485069275
128,0.0001,0.16459955796599388,0.8970936173135098,0.25571248399429636,0.8485841287997254,0.9173080438462944,35.11786341667175,0.09908031051357587,0.07159638783584038,0.05996906378616889,0.12262830212712288,0.09908031051357587,0.658062548438708,0.10388096128819418,0.10756230549734147,0.05880971668196506,0.1249182329314654,0.10388096128819418,0.6351799251603298,0.9927094578742981,1.1397395133972168,1.0419600009918213,1.4779269695281982,1.8979525566101074,0.5588441491127014,1.6557570695877075,2.9665911197662354,0.6004956364631653,0.2144545018672943,2.493717670440674,0.5078639984130859
129,0.0001,0.17258815032740435,0.8851145669621732,0.32725783180995066,0.7816854524749476,0.8747856818011437,35.57516002655029,0.09835616412262121,0.07708096088220676,0.05926377239326636,0.12105491968492667,0.09835616412262121,0.6509756376345952,0.11601462080830434,0.1530801291104223,0.05912465418948502,0.11153330812688733,0.11601462080830434,0.5796497083101116,0.9933311939239502,1.1443302631378174,1.0428849458694458,1.4735543727874756,1.8938578367233276,0.5596171021461487,1.6622352600097656,2.966299533843994,0.6026129126548767,0.20919710397720337,2.479912757873535,0.5105218887329102
130,0.0001,0.16850642810265223,0.8907289292375401,0.24742027775186007,0.8475073902642378,0.9166259025521807,35.320863246917725,0.10037588613728682,0.07428406110654275,0.05649843129018942,0.12334876321256161,0.10037588613728682,0.6401282290617625,0.10384607852482405,0.10725428322788144,0.059098628700756634,0.12788724044307334,0.10384607852482405,0.6491439704035149,0.9905881881713867,1.1475341320037842,1.0445688962936401,1.4724571704864502,1.8973777294158936,0.5621291399002075,1.646776556968689,2.9660861492156982,0.6037760972976685,0.19589439034461975,2.4702131748199463,0.511997401714325
131,0.0001,0.1668298843006293,0.8953529081787124,0.28564994818851597,0.8255950990109968,0.9036229918088594,36.788349866867065,0.09600044594456753,0.07169118244200945,0.059135215481122334,0.12027687653899193,0.09600044594456753,0.660763111213843,0.11951680554718268,0.11667957095826259,0.06939886290518964,0.11448382512956369,0.11951680554718268,0.5865779401826077,0.9942368865013123,1.1502456665039062,1.0466443300247192,1.4835363626480103,1.8959786891937256,0.5645976662635803,1.64304518699646,2.9721033573150635,0.6058499813079834,0.19305796921253204,2.471391201019287,0.5138412117958069
132,0.0001,0.1809663879374663,0.8831955021737325,0.2494438603276112,0.8527521509327867,0.9196534715493581,37.08990287780762,0.10180903002619743,0.07916475379218658,0.057912154619892436,0.12282992452383042,0.10180903002619743,0.6398430695136388,0.11282509125646997,0.10000865906476974,0.05620616576710685,0.11015233177630628,0.11282509125646997,0.5927084342378085,0.9972577691078186,1.155699610710144,1.0474647283554077,1.4829241037368774,1.8976997137069702,0.5657681226730347,1.6609009504318237,2.9927148818969727,0.6102678179740906,0.2016478031873703,2.4947762489318848,0.5179538726806641
133,0.0001,0.16256756236155828,0.8961797834231002,0.2543095895012871,0.8452091630035401,0.9157717036781291,35.29453134536743,0.09857980671028296,0.07217811116327842,0.058490239828824994,0.12200775084396204,0.09857980671028296,0.6528446743885676,0.10243296806440978,0.110746688652234,0.06448156985103107,0.1203196573941434,0.10243296806440978,0.6675770673595491,0.994708776473999,1.1562920808792114,1.0485119819641113,1.4850056171417236,1.893006682395935,0.5675092339515686,1.670485258102417,2.990330457687378,0.611327588558197,0.2116011679172516,2.499303102493286,0.518108606338501
134,0.0001,0.15344313631455103,0.9071661401013985,0.2181090766289195,0.8699912054316553,0.9300835407819908,34.422120094299316,0.09234663806855678,0.06749789603054523,0.05593099966645241,0.11955481991171837,0.09234663806855678,0.6777313361565273,0.09411338802243842,0.09407688359745213,0.052282475057195445,0.11297322675341466,0.09411338802243842,0.6712422908329573,0.9915782809257507,1.1587220430374146,1.0493589639663696,1.4792367219924927,1.893066167831421,0.5687018632888794,1.6636335849761963,2.9892489910125732,0.6122234463691711,0.19726037979125977,2.484912633895874,0.5198144912719727
135,0.0001,0.14734318889677525,0.9058928882748466,0.2486681916186067,0.8412370315027302,0.9130172297144773,36.28679704666138,0.09242918429275354,0.06708143875002862,0.05685592070221901,0.1206582885235548,0.09242918429275354,0.6716513867179553,0.10090608503974852,0.11401978171751147,0.06145413879488335,0.11718826789836415,0.10090608503974852,0.6635080282805396,0.9883125424385071,1.1572457551956177,1.049996018409729,1.4785550832748413,1.8922441005706787,0.5699673295021057,1.6596028804779053,2.976832151412964,0.6131578087806702,0.18200919032096863,2.4764304161071777,0.5198438763618469
136,0.0001,0.16274495869874955,0.8940706220911495,0.2635246886581671,0.8285020977448191,0.90546996551273,35.61338496208191,0.09548852096001308,0.07309332409252724,0.05660989514241616,0.12003375080724557,0.09548852096001308,0.6643753940860431,0.11578216684646293,0.11724207122794918,0.060893086075294214,0.11806467871685497,0.11578216684646293,0.593628074302048,0.9866101741790771,1.159652590751648,1.051842451095581,1.470197081565857,1.8983662128448486,0.5715855360031128,1.6543582677841187,2.9749467372894287,0.6144007444381714,0.1739857941865921,2.4692885875701904,0.5196279883384705
137,0.0001,0.15606604938705762,0.9013731832760027,0.22840424883561056,0.8586826161564954,0.9234466757726492,36.40668082237244,0.09291369474182526,0.0686055830369393,0.05628423367937406,0.12225887477397919,0.09291369474182526,0.6772794072826703,0.10037965022149634,0.10263415328303321,0.06540138421000027,0.12513743670748884,0.10037965022149634,0.682420545914134,0.9822075366973877,1.159164309501648,1.054342269897461,1.4709981679916382,1.9029909372329712,0.5734910368919373,1.6492685079574585,2.9721882343292236,0.6150709390640259,0.16571590304374695,2.460341215133667,0.519863486289978
138,0.0001,0.15397346541285514,0.9009352849448058,0.24233312880406616,0.8384465293828977,0.9114624546370353,35.756613969802856,0.09517168582727512,0.06948329359292985,0.05635674192259709,0.12359394977490107,0.09517168582727512,0.6701628168423971,0.10115088913284365,0.11010316795990115,0.07098216111542749,0.11754511308963181,0.10115088913284365,0.6928508252394004,0.982477068901062,1.1577887535095215,1.0555375814437866,1.4787479639053345,1.9164959192276,0.5754343271255493,1.652487874031067,2.973386287689209,0.6173953413963318,0.160628080368042,2.463860034942627,0.5218048691749573
139,0.0001,0.17193619931737583,0.8865250384486446,0.346192899786058,0.7891640893281011,0.880469809892386,35.7013156414032,0.0997727886463205,0.07700776954491934,0.05704311759521564,0.12310484386980533,0.0997727886463205,0.6547511930267016,0.14823637145464538,0.14670321272044887,0.03981889955333022,0.1158756150818262,0.14823637145464538,0.4059278134439812,0.9859277009963989,1.162730097770691,1.056870698928833,1.4805026054382324,1.926660418510437,0.5778327584266663,1.6699806451797485,2.986046552658081,0.6198045015335083,0.16278615593910217,2.4525234699249268,0.5263586640357971
140,0.0001,0.1640367403626442,0.8969967653617944,0.22125414136003274,0.8558311458572707,0.9219325024916958,35.35556626319885,0.09611043569942315,0.07281945701688528,0.057724574704964955,0.12178063293298086,0.09611043569942315,0.6568807835380236,0.10439265971301032,0.09434262748624457,0.05077570860014587,0.11956595605025526,0.10439265971301032,0.6047952448735472,0.9895548224449158,1.1642404794692993,1.057902216911316,1.4765263795852661,1.927140235900879,0.5791841745376587,1.6678181886672974,2.9844655990600586,0.6216856241226196,0.16150180995464325,2.4519853591918945,0.5280163288116455
141,0.0001,0.15090849896272024,0.9057329361320481,0.22795895914562414,0.862550212164338,0.9252888657893698,35.514705419540405,0.09505210934827725,0.06667875045289597,0.05794165208935738,0.1227229737987121,0.09505210934827725,0.6618019104003906,0.09803483061126021,0.10299982411451027,0.06446782291912642,0.11766053821708335,0.09803483061126021,0.6870521932351784,0.9920135140419006,1.1638282537460327,1.0592882633209229,1.4802788496017456,1.9280284643173218,0.5806238055229187,1.6770325899124146,2.982421398162842,0.6231547594070435,0.15507616102695465,2.438746929168701,0.5283928513526917
142,0.0001,0.14812536810835203,0.9066098997799952,0.22793230121252966,0.8553588329399302,0.9212044600448557,35.47008490562439,0.09110088062783082,0.06533356023331484,0.05523014478385448,0.11906262362996738,0.09110088062783082,0.6848381886879603,0.0995584453959934,0.10199021218252964,0.05501121392504114,0.11878810065691589,0.0995584453959934,0.6622327839741942,0.9901697635650635,1.1619092226028442,1.062533974647522,1.4694652557373047,1.9278786182403564,0.5817091464996338,1.6761634349822998,2.9830970764160156,0.623526394367218,0.1428918093442917,2.4365074634552,0.5292785167694092
143,0.0001,0.15413247918089232,0.9001562523699909,0.2170110088391382,0.8719668981420928,0.9312061787421583,35.20824837684631,0.0918358334650596,0.06982332027206818,0.055114424663285415,0.11849691892663637,0.0918358334650596,0.6740133434534072,0.09997100957104417,0.09548030561599576,0.06050102321095154,0.11775197259715346,0.09997100957104417,0.6545585706585744,0.9964433908462524,1.1618155241012573,1.0637634992599487,1.4744688272476196,1.9240851402282715,0.5833806991577148,1.681505560874939,2.9841957092285156,0.6237608790397644,0.13660748302936554,2.4283366203308105,0.5308578014373779
144,0.0001,0.15207463031013807,0.9006398383846164,0.23641422390937805,0.8561243188302556,0.9221471332139102,36.55257606506348,0.09035691563040019,0.07016328107565642,0.05538412282864253,0.11934689457217852,0.09035691563040019,0.6956259985764821,0.10610652910392793,0.10039421305304667,0.07007563419517923,0.10836142631339245,0.10610652910392793,0.6522037865685635,0.9993310570716858,1.1639556884765625,1.066282033920288,1.4775042533874512,1.9270159006118774,0.5847916007041931,1.6781954765319824,2.9865169525146484,0.6243077516555786,0.12622033059597015,2.4270753860473633,0.5292754173278809
145,0.0001,0.15460812499125798,0.9011946313264668,0.22381132987679028,0.8529161333250537,0.9197077598535491,34.74027895927429,0.09356518437465032,0.07085389159619808,0.05519306312004725,0.11657465621829033,0.09356518437465032,0.6639068851868312,0.09923980788129275,0.10192160870208115,0.05825076319399427,0.1160562583168999,0.09923980788129275,0.6730356099175625,0.9987203478813171,1.165287971496582,1.0670403242111206,1.4774994850158691,1.9292218685150146,0.5873296856880188,1.6658804416656494,2.980637311935425,0.6263388991355896,0.1222275048494339,2.4400389194488525,0.5308437347412109
146,0.0001,0.14566979135076205,0.9061492267936582,0.2391972715248827,0.85690174851294,0.9222693581023105,37.080406188964844,0.09117589859912793,0.06781523165603479,0.055033575557172296,0.11743603013455868,0.09117589859912793,0.6848641787966092,0.09601459065910245,0.10928293134345383,0.05288919598841276,0.11400913386071315,0.09601459065910245,0.668850778556261,0.9975013136863708,1.1694449186325073,1.0682260990142822,1.4846959114074707,1.926722526550293,0.5890226364135742,1.672566533088684,2.9771649837493896,0.6276901364326477,0.11966529488563538,2.4481027126312256,0.5326703786849976
147,0.0001,0.1405811134725809,0.9107811755547064,0.2333135343477374,0.8487794507545521,0.9175048582740589,35.21042442321777,0.08987101552387079,0.06333692961682875,0.0530624320730567,0.11900424361228942,0.08987101552387079,0.6910661960641543,0.09274564536868549,0.1084309811474847,0.053412260090718505,0.12281412973267133,0.09274564536868549,0.7054592791150828,0.9928415417671204,1.1657824516296387,1.0693644285202026,1.4692219495773315,1.9270583391189575,0.590161919593811,1.673577070236206,2.9790964126586914,0.6277342438697815,0.11598008871078491,2.4413394927978516,0.5329000353813171
148,0.0001,0.146951179454724,0.9080748965238621,0.21805330646819757,0.8621210612394454,0.9252651288594606,36.057172536849976,0.08904136791825294,0.06767049022018909,0.05498951474825541,0.1170915000140667,0.08904136791825294,0.6914219910899798,0.10306480117752904,0.09941677956796083,0.05450018947241736,0.12107269832345306,0.10306480117752904,0.6531880468618675,0.9916833639144897,1.1667674779891968,1.0707666873931885,1.4786235094070435,1.924267053604126,0.5923090577125549,1.6704226732254028,2.981738805770874,0.6300383806228638,0.11327864229679108,2.439540386199951,0.5350386500358582
149,0.0001,0.141678524017334,0.9086020027578334,0.23244187870963676,0.8541068005844913,0.920382967658161,35.86116695404053,0.09029789523531993,0.06569079762945572,0.05418439699957768,0.11832357433935006,0.09029789523531993,0.6886888340115547,0.09728617807392215,0.10694051961429783,0.06056161102701406,0.11768006093677927,0.09728617807392215,0.6816809841843902,0.9936003684997559,1.1659009456634521,1.072220802307129,1.481711745262146,1.9219650030136108,0.5940523147583008,1.6705197095870972,2.9881279468536377,0.630579948425293,0.11021605134010315,2.439180374145508,0.5377945899963379
150,0.0001,0.13713522565861544,0.9132191997699863,0.2128898633308098,0.8655158042355233,0.9277112681685376,37.177255153656006,0.088855667039752,0.063317051405708,0.05305150871475538,0.11564231738448143,0.088855667039752,0.6896485487620035,0.09464193117178854,0.09311330953582389,0.0553297254516453,0.11238713000641494,0.09464193117178854,0.6747675645546835,0.9948026537895203,1.1690685749053955,1.0733822584152222,1.4808460474014282,1.9203665256500244,0.5952833890914917,1.6677502393722534,2.989957094192505,0.6323084831237793,0.10428128391504288,2.429410934448242,0.5384371280670166
151,0.0001,0.13458524743715922,0.9151841975280434,0.20979035926646875,0.8664016332035442,0.9280409508697259,34.932862758636475,0.0865298764159282,0.062443911315252384,0.053394805950423084,0.11486385414997737,0.0865298764159282,0.7034038613239925,0.09982301771152215,0.09910651552872579,0.05974872630150592,0.12066546546631172,0.09982301771152215,0.6727977355972665,0.9905454516410828,1.1658753156661987,1.0749272108078003,1.4758220911026,1.920735478401184,0.5967793464660645,1.6683064699172974,2.9881367683410645,0.6327272057533264,0.09983740746974945,2.423048734664917,0.5386406779289246
152,0.0001,0.1471623302747806,0.9071834467049765,0.21411768285954585,0.8642023303361852,0.9268071323836018,35.383264780044556,0.08868270814418792,0.06725486957778533,0.05372198720773061,0.11459595474104087,0.08868270814418792,0.6980003073811532,0.08995414757337726,0.1004279976496931,0.05111231483885499,0.11667198846574689,0.08995414757337726,0.6985504715169062,0.9917678833007812,1.165146827697754,1.0755711793899536,1.480032205581665,1.910920262336731,0.5987617373466492,1.6684452295303345,2.9916248321533203,0.6339738965034485,0.09795594960451126,2.4330127239227295,0.5407782196998596
153,0.0001,0.14680652456978957,0.9080409587367008,0.2291483805804956,0.8578132649279415,0.9228526558402244,34.74363374710083,0.08805310558527708,0.06667119438449541,0.051536041560272375,0.11623809350033601,0.08805310558527708,0.6932782004276912,0.09621316438815633,0.10552324159223525,0.0525811244351942,0.11981345957419912,0.09621316438815633,0.6731240553934066,0.9860823750495911,1.1616839170455933,1.0765595436096191,1.4752155542373657,1.9122494459152222,0.6000685095787048,1.6686064004898071,2.9940502643585205,0.6364947557449341,0.09789200872182846,2.4309940338134766,0.5423352122306824
154,0.0001,0.14650385454297066,0.9041965955689129,0.24543792058209904,0.8522383918219465,0.9192823409962727,35.08686923980713,0.08812277043859164,0.06786486227065325,0.05221914239227772,0.11938002879420916,0.08812277043859164,0.6933365369836489,0.09753783419728279,0.10482579274255721,0.050863915168848195,0.10901626773544999,0.09753783419728279,0.6619541664592555,0.9920896291732788,1.159864068031311,1.0775774717330933,1.478590726852417,1.9146218299865723,0.6018376350402832,1.665617823600769,2.995299816131592,0.6383726000785828,0.09934302419424057,2.427947998046875,0.5446065068244934
155,0.0001,0.1470697366942962,0.9022059730315583,0.22849829788090753,0.8644330019597563,0.9268935608994568,35.057263135910034,0.08791495642314355,0.06881267117957274,0.052347661616901554,0.11368909105658531,0.08791495642314355,0.6859551762541135,0.09686779426258119,0.09902518303667912,0.055084859372162426,0.10227284152976802,0.09686779426258119,0.6734933305959232,0.9969236850738525,1.162996530532837,1.0781424045562744,1.4825881719589233,1.9106154441833496,0.6033496856689453,1.6767162084579468,3.0005578994750977,0.640067458152771,0.09879091382026672,2.4445385932922363,0.5456582307815552
156,0.0001,0.14674594116707643,0.9021468664517612,0.22592092684057893,0.8592772351207699,0.9237086399095542,34.010215759277344,0.08791402236868938,0.06936407977094253,0.05444294170786937,0.11292961860696475,0.08791402236868938,0.6980576088031133,0.09770532807365792,0.11020820258093662,0.050433226723651414,0.11263736129784194,0.09770532807365792,0.653971194243822,0.9993274807929993,1.1645786762237549,1.0797621011734009,1.481454849243164,1.9155030250549316,0.6035972833633423,1.6832863092422485,2.9978861808776855,0.6415563225746155,0.09810756146907806,2.4383323192596436,0.5464786887168884
157,0.0001,0.14488324361542862,0.9059806063641525,0.2520384805612877,0.8370964794935091,0.9104699511594709,35.32380199432373,0.08613256042202314,0.0677775964140892,0.05268447982768218,0.11110219371815523,0.08613256042202314,0.698190176486969,0.10543610082298029,0.11333410686156789,0.06557401794879163,0.1071704094771479,0.10543610082298029,0.6602891585865959,0.9981676936149597,1.1632740497589111,1.0812349319458008,1.4738335609436035,1.9067803621292114,0.6043142676353455,1.6786195039749146,2.989798069000244,0.6425024271011353,0.09715750813484192,2.4467051029205322,0.5491090416908264
158,0.0001,0.1404991569618384,0.907233645608088,0.2747506255009135,0.8317808813103378,0.907482068131581,42.87951612472534,0.08564882036298513,0.06570938018461069,0.05294577808429798,0.10839720144867897,0.08564882036298513,0.7044040848811467,0.11746530943229551,0.11722726032870714,0.04604535476594675,0.10514667031706357,0.11746530943229551,0.5606200704809094,0.9962398409843445,1.1650292873382568,1.082486629486084,1.4612690210342407,1.9071511030197144,0.6046392321586609,1.6725338697433472,2.988990306854248,0.6437702178955078,0.09948644042015076,2.441718339920044,0.5488225221633911
159,0.0001,0.14079566585520903,0.9112893513413604,0.20276984816691915,0.8682214794298886,0.9290957770630203,91.22442674636841,0.08662336443861325,0.0652708958213528,0.05121166749546925,0.11161443727711837,0.08662336443861325,0.6953452204664549,0.09197503242824899,0.09626402498268691,0.061826813049980854,0.10902673103770272,0.09197503242824899,0.6980093873915125,0.9995521903038025,1.1619549989700317,1.0834232568740845,1.4670332670211792,1.9105587005615234,0.6054680347442627,1.66655695438385,2.991605520248413,0.6446276903152466,0.1030024066567421,2.439732074737549,0.5499939918518066
160,0.0001,0.14077174502114456,0.9064050963720999,0.2499103954092401,0.8513548630427609,0.9191255653329367,38.04950475692749,0.08577696060140928,0.06775311163316171,0.05231203213334083,0.11075262489418189,0.08577696060140928,0.6979318052530289,0.1061486902295566,0.1046263961518397,0.04533511528470477,0.10120712916870586,0.1061486902295566,0.6044486741550633,1.0019549131393433,1.1639384031295776,1.0839998722076416,1.4631386995315552,1.9060522317886353,0.6068114042282104,1.6580798625946045,2.98681378364563,0.6455228924751282,0.09975754469633102,2.434781789779663,0.5521848797798157
161,0.0001,0.1398267517487208,0.9076992139726546,0.24931916496792778,0.8540788179090125,0.9205034332457498,37.511969327926636,0.08609682793418566,0.06577506363391876,0.05121935438364744,0.1110449992120266,0.08609682793418566,0.6960529739658038,0.09645218365505094,0.11447941621796029,0.050326469247458414,0.10886664029027594,0.09645218365505094,0.6663681708398412,0.9993473291397095,1.165185809135437,1.0858449935913086,1.4643571376800537,1.9141072034835815,0.6080933213233948,1.6555545330047607,2.981999397277832,0.6465199589729309,0.09884626418352127,2.4536919593811035,0.5540122389793396
162,0.0001,0.13204770969847837,0.9141424835227766,0.21045376922263473,0.8646688180824323,0.9269353431924705,36.82373046875,0.08469497493157783,0.06283221592505774,0.052425047879417735,0.10904982127249241,0.08469497493157783,0.7081406965851784,0.09472493857878153,0.09678578083632422,0.060382373814211514,0.1063098567919653,0.09472493857878153,0.6912380056303056,0.9941346645355225,1.1616395711898804,1.0868829488754272,1.466525673866272,1.9146379232406616,0.6096776127815247,1.6578691005706787,2.9795114994049072,0.6478934288024902,0.09383042901754379,2.4407052993774414,0.5543713569641113
163,0.0001,0.13487092194457848,0.9114980507185935,0.21354004423149298,0.8676314832142896,0.9284874899828581,40.9620578289032,0.08551284236212571,0.06412607127179702,0.05301798768341541,0.11058168448507785,0.08551284236212571,0.7089962686101595,0.09132782180534034,0.09592888186701008,0.05189239862756651,0.1120549093504421,0.09132782180534034,0.6954253667690715,0.9911190867424011,1.1644468307495117,1.0868116617202759,1.461439609527588,1.917879581451416,0.6109350323677063,1.6540297269821167,2.9822609424591064,0.6488037109375,0.09255265444517136,2.443105697631836,0.5552700757980347
164,0.0001,0.1378011545787255,0.9085495002831281,0.2156776260645663,0.8648439486492869,0.9270855776817113,87.21405410766602,0.08503847811371087,0.06517296843230724,0.05108968826631705,0.11148069749275843,0.08503847811371087,0.6947166865070661,0.09646543897077685,0.09810770388509406,0.048786746429615335,0.11187017379237003,0.09646543897077685,0.6772857357244022,0.9880325794219971,1.166982650756836,1.0882670879364014,1.4540220499038696,1.911659836769104,0.6115614771842957,1.6517175436019897,2.9788875579833984,0.6493699550628662,0.0898979902267456,2.436201333999634,0.555391788482666
165,0.0001,0.13603274933993817,0.9128948470220745,0.21799951767335174,0.8713037307976139,0.9306766225928081,94.29772806167603,0.08522879835218192,0.06480206064879894,0.05198353584855795,0.11203977291782698,0.08522879835218192,0.713901566962401,0.09394669624381378,0.0940833289603718,0.05079130168820991,0.10830804974329276,0.09394669624381378,0.686789728578974,0.9861240983009338,1.1670361757278442,1.089701533317566,1.4530670642852783,1.908220887184143,0.6133918762207031,1.648673415184021,2.984992027282715,0.6509177088737488,0.08695060759782791,2.4316322803497314,0.5562058091163635
166,0.0001,0.13383053429424763,0.9130772412899132,0.24570467652844602,0.8501852011256328,0.9180870623248956,86.81825494766235,0.08639110829681158,0.06286677091072003,0.05158762224018574,0.10964798380931219,0.08639110829681158,0.7065474261840184,0.0998407718343813,0.11024256172727366,0.047407267890015585,0.10973721767058138,0.0998407718343813,0.6524037054327668,0.9866310954093933,1.1667526960372925,1.0905495882034302,1.4611189365386963,1.9111802577972412,0.6154041886329651,1.6443419456481934,2.977762460708618,0.652891993522644,0.08469729870557785,2.437507152557373,0.5586228370666504
167,0.0001,0.13192604122062523,0.914228827541919,0.19885737216863475,0.8722209473221602,0.9313973673084469,87.9035484790802,0.08296322083721558,0.06388233310232559,0.05041987889756759,0.11217777120570342,0.08296322083721558,0.7134528915087383,0.08663336932659149,0.09174617978393054,0.05420070336978944,0.10764214494189278,0.08663336932659149,0.7148485701592242,0.9871427416801453,1.1692962646484375,1.0914899110794067,1.4586198329925537,1.913685917854309,0.6170511245727539,1.6489499807357788,2.9782931804656982,0.6539768576622009,0.0870506539940834,2.4326393604278564,0.5602567791938782
168,0.0001,0.13081305858989556,0.9169817777011832,0.20227434009802145,0.8670428478359312,0.928519013842537,88.09252715110779,0.08289973363280297,0.06147088979681333,0.04991212909420331,0.10855463830133279,0.08289973363280297,0.7091315567493439,0.08753028188328274,0.09120450889477964,0.04764756377114624,0.10486277498182703,0.08753028188328274,0.7166450580612558,0.9817505478858948,1.1677278280258179,1.0927324295043945,1.4550375938415527,1.9107658863067627,0.6186612844467163,1.6388171911239624,2.969637870788574,0.654211699962616,0.08592776954174042,2.428126573562622,0.5602288842201233
169,0.0001,0.1257343656073014,0.9195029844727629,0.2463275785328912,0.8431866245971428,0.9139884864140613,94.43034076690674,0.08052720663448175,0.059798605646938084,0.04862160179764032,0.1101878672838211,0.08052720663448175,0.723660675684611,0.10635447783059761,0.111294901151149,0.04292871522121742,0.10584397015512967,0.10635447783059761,0.6461101340465858,0.982175886631012,1.1666570901870728,1.0942777395248413,1.4497194290161133,1.9048103094100952,0.6196942925453186,1.6368392705917358,2.9716999530792236,0.654416024684906,0.08760374039411545,2.4235033988952637,0.561570942401886
170,0.0001,0.14976821678380173,0.8926019456365889,0.3481209414904235,0.7713618448301027,0.8699709330918065,89.0733151435852,0.08859182229886452,0.07031615292653441,0.051447168737649915,0.10941039882600308,0.08859182229886452,0.6773541614413261,0.15616613797477033,0.16066527146784987,0.05573928765341884,0.10376072858200698,0.15616613797477033,0.44418421387672424,0.9859617948532104,1.1728776693344116,1.0956169366836548,1.4449563026428223,1.9100673198699951,0.6210414171218872,1.634727954864502,2.9783525466918945,0.6564639806747437,0.09245418012142181,2.42098069190979,0.569531261920929
171,0.0001,0.15855825146039326,0.89596000300158,0.3435433577807223,0.7621869060467039,0.8617719433227243,92.87377882003784,0.09340873124698798,0.07296625487506389,0.05428509209305048,0.11134441842635473,0.09340873124698798,0.6738129099210103,0.12291080235946374,0.16239406449384378,0.07484805339672526,0.10208779255874821,0.12291080235946374,0.6020736909303509,0.9901450872421265,1.1723265647888184,1.0959025621414185,1.4661575555801392,1.9111090898513794,0.6231535077095032,1.6465356349945068,2.9914393424987793,0.661349356174469,0.1392212212085724,2.4362337589263916,0.5743312835693359
172,0.0001,0.14630459435284138,0.9014632361501229,0.23245768615456877,0.8441077695379207,0.914688672455309,91.76483654975891,0.08789303979525963,0.06986604860673348,0.05046794215838114,0.11081941512723764,0.08789303979525963,0.6920714865128199,0.09141296209370503,0.11026294920288149,0.04685256129405538,0.11128150610650173,0.09141296209370503,0.6877220722495533,0.9929372072219849,1.175260305404663,1.0967694520950317,1.4766032695770264,1.9109221696853638,0.6237553358078003,1.6486014127731323,3.0040719509124756,0.6624751091003418,0.16978712379932404,2.4383509159088135,0.5747151970863342
173,0.0001,0.13735273083051044,0.9123471167229322,0.2138631062918022,0.8589487122000993,0.9237859385060595,91.3962676525116,0.0826450222482284,0.06571065932512284,0.05079617109149694,0.11312497692803541,0.0826450222482284,0.7106038570404053,0.08976596935850675,0.10194638530250455,0.04935828461998799,0.11573953694495999,0.08976596935850675,0.6992935704403236,0.9907585382461548,1.1729649305343628,1.098161220550537,1.4660695791244507,1.9138925075531006,0.6251207590103149,1.6397331953048706,3.0023117065429688,0.662639856338501,0.2018628716468811,2.4341094493865967,0.5749260187149048
174,0.0001,0.13503057410319647,0.9114279629371339,0.21112738818418783,0.8624514347759838,0.9256546032197438,88.79053044319153,0.08176836309333642,0.06536063347011804,0.05107188435892264,0.11391547297437986,0.08176836309333642,0.7248718614379565,0.09010790221270967,0.10204940802249753,0.051598816865780314,0.11988766784550714,0.09010790221270967,0.7012141171048899,0.9951798915863037,1.1705048084259033,1.09879732131958,1.4680122137069702,1.9148743152618408,0.6255003809928894,1.6517302989959717,3.0025570392608643,0.6639877557754517,0.21775494515895844,2.439878225326538,0.5758002996444702
175,0.0001,0.12723505323131878,0.9181291906430246,0.2081907716442327,0.8697386869616134,0.9297808163981904,89.91380023956299,0.0813956581056118,0.061347650301953154,0.05079245989521344,0.1150279284765323,0.0813956581056118,0.7194956908623378,0.08811584200526847,0.1007001628396941,0.04907691173377584,0.11368764277364386,0.08811584200526847,0.6999154081110095,0.9924260377883911,1.171129584312439,1.0996804237365723,1.4674758911132812,1.9163790941238403,0.626347541809082,1.6558817625045776,3.003390312194824,0.6645486950874329,0.19406042993068695,2.4379355907440186,0.5767571926116943
176,0.0001,0.13166130743920804,0.9170615565608693,0.2167911698095134,0.8589427482659844,0.9235077361250424,87.60426044464111,0.0813086594765385,0.06208813798924287,0.04953506458550692,0.10983991026878356,0.0813086594765385,0.7085104584693909,0.08823666733796479,0.10305932970320592,0.05439021023081952,0.10618833440249084,0.08823666733796479,0.7114513741164911,0.9884415864944458,1.1700904369354248,1.101487636566162,1.4587595462799072,1.909862995147705,0.6269770860671997,1.6405134201049805,2.993023157119751,0.6650646328926086,0.17840051651000977,2.4355998039245605,0.5766686797142029
177,0.0001,0.13610963287452857,0.9078321024050935,0.22674931659073125,0.8565968091400403,0.9220147590395664,92.71163892745972,0.08050027377903461,0.06489769611507654,0.0491517560556531,0.11169770446916422,0.08050027377903461,0.716583414375782,0.08825153405549097,0.11075226425147447,0.055172917601026474,0.10996289245906424,0.08825153405549097,0.7167989670253191,0.9916235208511353,1.1729933023452759,1.102636694908142,1.4696729183197021,1.9139076471328735,0.6286147236824036,1.6415691375732422,2.996368646621704,0.6664932370185852,0.16679589450359344,2.427124261856079,0.5810699462890625
178,0.0001,0.13916191545625528,0.9070196481838281,0.2587076418223928,0.8286619713289598,0.9052024597104723,90.58757543563843,0.0859092976897955,0.0669466994702816,0.05135453281303247,0.11239461190998554,0.0859092976897955,0.7004065558314323,0.11641524035911091,0.1169499427568717,0.04849378844020796,0.10725048294321435,0.11641524035911091,0.5817294159873587,0.9906510710716248,1.1747329235076904,1.1026531457901,1.4724292755126953,1.9090336561203003,0.6292424201965332,1.6474215984344482,2.9990079402923584,0.6682933568954468,0.15806235373020172,2.420034170150757,0.5804012417793274
179,0.0001,0.14241309352219106,0.9057288609809782,0.2162760950502802,0.8652406508017464,0.9273481488267163,89.2032880783081,0.083012572179238,0.06825991564740737,0.05189475622028113,0.11388917975127696,0.083012572179238,0.7147392203410466,0.09554824807116243,0.09191032950995398,0.055127756028878885,0.10352683006251445,0.09554824807116243,0.6721279826320585,0.9904801845550537,1.1783326864242554,1.102795124053955,1.4816031455993652,1.9162341356277466,0.6307719945907593,1.6449283361434937,3.0039591789245605,0.6711123585700989,0.17216317355632782,2.412397623062134,0.5842370986938477
180,0.0001,0.13796864623824756,0.9094565055206579,0.21005709884596652,0.864846449364536,0.9270622863264408,91.41090130805969,0.08332858408490816,0.06397527748097977,0.05024677521238725,0.10959321198364098,0.08332858408490816,0.711688498655955,0.08891009063017173,0.1007164763134034,0.05789264328167087,0.10935762805528328,0.08891009063017173,0.719839915877483,0.9887757301330566,1.1783769130706787,1.1032233238220215,1.4837766885757446,1.9244897365570068,0.6320086717605591,1.6540727615356445,3.0054898262023926,0.6713408827781677,0.16764745116233826,2.418590545654297,0.5861366987228394
181,0.0001,0.12494074826439222,0.9190689432208241,0.2086318201217495,0.8630365656493246,0.9258867021352736,93.5920045375824,0.08171212803572417,0.060723644432922205,0.050926755430797735,0.10948868828515211,0.08171212803572417,0.7288997362057368,0.08354974171665848,0.108795165282781,0.05635698487768408,0.11236605084821825,0.08354974171665848,0.7361614127628139,0.9887205958366394,1.1751151084899902,1.1039918661117554,1.4793647527694702,1.9225842952728271,0.6328510046005249,1.6483145952224731,3.0073182582855225,0.6724290251731873,0.15313902497291565,2.413104295730591,0.5860540866851807
182,0.0001,0.11813366239269575,0.9233460058724781,0.21462984578531297,0.8609832294094527,0.9246650398121846,95.5185079574585,0.08056749397267898,0.057634665817022326,0.048572260265549026,0.11217180863022805,0.08056749397267898,0.7273171951373418,0.08404662032596401,0.10880805955069964,0.0488185352477871,0.10938396561341207,0.08404662032596401,0.7166568900718063,0.9880368709564209,1.1753442287445068,1.1040582656860352,1.474560260772705,1.9196738004684448,0.6331002116203308,1.6468944549560547,3.0064234733581543,0.672214150428772,0.13964784145355225,2.40808367729187,0.585645318031311
183,0.0001,0.11875499462087949,0.9248264734574007,0.23661423315767383,0.8467165069712456,0.9161864022338467,97.10429215431213,0.07765245418995619,0.05694147323568662,0.04811213631182909,0.11111895131568114,0.07765245418995619,0.7340170194705328,0.0923002825164404,0.12428945180822591,0.04886414977859278,0.10671283097052184,0.0923002825164404,0.6746146669153308,0.986129641532898,1.1742523908615112,1.1057490110397339,1.4659137725830078,1.9206559658050537,0.6335352063179016,1.6493316888809204,3.005425214767456,0.6720299124717712,0.12613271176815033,2.400249481201172,0.5858696103096008
184,0.0001,0.11914883417387803,0.9237693439229294,0.22706835826889413,0.8592751231983298,0.9235201664070103,95.00918364524841,0.07639611226816972,0.05910640396177769,0.048202055506408215,0.11179364410539468,0.07639611226816972,0.7336159378290177,0.087328452433719,0.10361766937326213,0.04977781850783551,0.11140116377443564,0.087328452433719,0.7069038494688565,0.9868869185447693,1.171779751777649,1.1066656112670898,1.4664509296417236,1.9197583198547363,0.634667158126831,1.6477683782577515,2.9992380142211914,0.6723681092262268,0.11834899336099625,2.3931045532226562,0.5867144465446472
185,0.0001,0.123043966665864,0.9186487600511677,0.2466905830336399,0.8414400451865031,0.9126498343783969,92.9005434513092,0.07828056495636701,0.0596801886955897,0.04794208984822035,0.11171771039565405,0.07828056495636701,0.7351234088341395,0.0880097261950618,0.12230700254440308,0.049923571284677164,0.11039844289666316,0.0880097261950618,0.7113686760918039,0.9834244847297668,1.172348141670227,1.1074546575546265,1.4651881456375122,1.9161700010299683,0.6355094909667969,1.638374924659729,2.998680830001831,0.6728417277336121,0.11153475195169449,2.3917222023010254,0.5870946645736694
186,0.0001,0.12343693636357785,0.9209253167726977,0.2944557041418357,0.8133523805033673,0.8956542876441639,91.81186532974243,0.08076826240867377,0.060416208331783613,0.047555399624009925,0.11199882874886195,0.08076826240867377,0.7306783353288968,0.1168300707320698,0.14637694178057498,0.05179271101951599,0.1114497003985233,0.1168300707320698,0.6057046515042664,0.9841530323028564,1.1731691360473633,1.1086934804916382,1.4590526819229126,1.9146957397460938,0.6368536949157715,1.635292410850525,3.0010266304016113,0.6734409928321838,0.10261556506156921,2.391413450241089,0.588220477104187
187,0.0001,0.13216406119366486,0.9087567119253562,0.23535165068556052,0.854912488851924,0.9208033188282528,89.3747546672821,0.08079219969610373,0.06298384573310614,0.049511196774741015,0.11449245388309161,0.08079219969610373,0.7212778637806575,0.09203590825200081,0.12152815182678035,0.04549719255845078,0.11358658639622517,0.09203590825200081,0.6884335465118533,0.9853184819221497,1.1759153604507446,1.1090121269226074,1.460387945175171,1.9087200164794922,0.6375761032104492,1.6372814178466797,3.009439468383789,0.675026535987854,0.09698814898729324,2.3854939937591553,0.5884997844696045
188,0.0001,0.11957934238016606,0.9205141527160222,0.22502472801286666,0.8548068935921346,0.9207164046766899,68.53899049758911,0.07719596872727076,0.05903412302335103,0.04738756598283847,0.11052904911339283,0.07719596872727076,0.7309955070416133,0.08463290675741728,0.11466576513208326,0.050495100680921896,0.11334435886046926,0.08463290675741728,0.7223097691770459,0.9846922755241394,1.1750428676605225,1.1102815866470337,1.4642387628555298,1.9085888862609863,0.6384277939796448,1.6322599649429321,3.002593994140625,0.6757891178131104,0.08977226167917252,2.3840672969818115,0.5889915227890015
189,0.0001,0.11805206363399824,0.92337768192672,0.23187521832888244,0.848862162974052,0.9172040905618652,56.41306757926941,0.078292285092175,0.05687691078831752,0.04762242051462332,0.11244292780756951,0.078292285092175,0.731062138080597,0.08572676808374827,0.12047582278486157,0.053728487892229046,0.1081217560367506,0.08572676808374827,0.723799497377677,0.9798328876495361,1.1753429174423218,1.111921787261963,1.4596675634384155,1.908282995223999,0.6394740343093872,1.6292246580123901,3.0006766319274902,0.6769453287124634,0.0860285684466362,2.3817451000213623,0.589840292930603
190,0.0001,0.11490955849488577,0.9252233294236949,0.21112378063749093,0.8641318924978961,0.9261730730198251,57.635324478149414,0.07502909333755572,0.055722307537992795,0.04742965331921975,0.11041045859456063,0.07502909333755572,0.7494201441605886,0.08226142872552403,0.10096889416702458,0.04580687713183341,0.10394253447407582,0.08226142872552403,0.7251276921053402,0.9766386151313782,1.1721975803375244,1.1127293109893799,1.4585531949996948,1.9096535444259644,0.6405566930770874,1.6255662441253662,2.9981541633605957,0.6772920489311218,0.08062978088855743,2.371943950653076,0.5894502401351929
191,0.0001,0.11697105467319488,0.9255939271445339,0.20371177108561406,0.8721997717845448,0.9312987710927433,54.50648379325867,0.07659610087672869,0.05782539205004771,0.04635421428829432,0.11000962927937508,0.07659610087672869,0.7389991462230683,0.0816993451997882,0.09783823983591111,0.044787284414299196,0.10487653608204889,0.0816993451997882,0.723406509297793,0.9781175851821899,1.1688475608825684,1.1134896278381348,1.4582217931747437,1.9013736248016357,0.6418099999427795,1.6250253915786743,2.9950904846191406,0.6781516075134277,0.0745549201965332,2.3648569583892822,0.5898496508598328
192,0.0001,0.1162173304706812,0.9235639473992208,0.19877076002418018,0.8665368234001257,0.9276583541257346,61.39874625205994,0.07608962723364433,0.05698171934733788,0.046529925676683584,0.10730419891575972,0.07608962723364433,0.7415484448273977,0.08397812823780247,0.09935750470298235,0.04160960470555258,0.1073622030557179,0.08397812823780247,0.714722852237889,0.9763990044593811,1.1687527894973755,1.1135882139205933,1.4509468078613281,1.8966087102890015,0.6424597501754761,1.622628092765808,2.9917168617248535,0.6789231896400452,0.0696537047624588,2.3678553104400635,0.5906404256820679
193,0.0001,0.12077669215699037,0.9186340799156125,0.23320550508186466,0.8479309412944436,0.9166091209654412,60.51520800590515,0.07531171062340339,0.05979458298534155,0.045568163009981316,0.10874044584731261,0.07531171062340339,0.7373017027974129,0.08789275049186143,0.1203834586700455,0.05383497281152694,0.10851322224394219,0.08789275049186143,0.7118008459200624,0.9789983630180359,1.170663595199585,1.1140575408935547,1.454362392425537,1.890604019165039,0.6434523463249207,1.6250593662261963,2.984834909439087,0.6800898909568787,0.07100106030702591,2.378906011581421,0.5917960405349731
194,0.0001,0.13264074151714642,0.9072859895056341,0.20689773193148317,0.8658839468990629,0.9275030449222829,55.7986798286438,0.08168691396713257,0.06575547698885202,0.04702727782229583,0.114635261024038,0.08168691396713257,0.7218578283985456,0.08756604754045362,0.10275164747335871,0.05409066415712482,0.11074054546532083,0.08756604754045362,0.7098898496784147,0.9776176810264587,1.1687374114990234,1.1145573854446411,1.4601147174835205,1.8940118551254272,0.6444597840309143,1.6331032514572144,3.0028269290924072,0.6815744042396545,0.07140865921974182,2.3853235244750977,0.5929849147796631
195,0.0001,0.1218186886360248,0.9168396861115238,0.3938891433301519,0.7533395698779884,0.8546683181225546,55.07663011550903,0.07930120341479778,0.058259035212298235,0.04782108540336291,0.11268994783361753,0.07930120341479778,0.7281987299521764,0.17943241117430514,0.17327565467748485,0.04275835430646529,0.10902899821273616,0.17943241117430514,0.39730367406469874,0.9787322878837585,1.1666474342346191,1.1151821613311768,1.4460924863815308,1.891952633857727,0.645095944404602,1.634537935256958,3.0036275386810303,0.682247519493103,0.07055427879095078,2.384432792663574,0.5936968922615051
196,0.0001,0.13835140417019526,0.9077660133734696,0.24829320194291288,0.8461250401512097,0.9157843039919036,55.187419414520264,0.08190999453266462,0.06608380706359943,0.049836536248524986,0.11260094419121743,0.08190999453266462,0.7086838617920875,0.09186084299791054,0.11243021048483301,0.04918662935006814,0.10985402640749196,0.09186084299791054,0.6915331688083586,0.9803831577301025,1.1722290515899658,1.1166538000106812,1.4544192552566528,1.8949702978134155,0.6453801393508911,1.6558665037155151,3.0147902965545654,0.6833610534667969,0.08781255036592484,2.3932628631591797,0.5957822203636169
197,0.0001,0.11959915695091089,0.9213009994013899,0.20910168304795124,0.8745338077576675,0.9325273602450348,55.41870617866516,0.0768121341864268,0.05837081496914228,0.04827366191893816,0.1113268459836642,0.0768121341864268,0.7307239254315694,0.08544209043754906,0.09712656172084026,0.04608729335128284,0.11522894316032285,0.08544209043754906,0.7167326465981906,0.9799042344093323,1.1758463382720947,1.1169058084487915,1.4567499160766602,1.8957273960113525,0.6468931436538696,1.651728868484497,3.0089118480682373,0.6845689415931702,0.07772821187973022,2.3867969512939453,0.5959108471870422
198,0.0001,0.11742321526010831,0.9233846749476469,0.21932893209770077,0.86352964806452,0.926175940324584,57.48672866821289,0.07449786849319935,0.058553448567787804,0.04714393752316634,0.10722735573848088,0.07449786849319935,0.7368143637975056,0.08571382593668875,0.10599296943086092,0.046298852709473155,0.10260569572937293,0.08571382593668875,0.7130787695040468,0.9785907864570618,1.176764726638794,1.1176884174346924,1.4598757028579712,1.893022894859314,0.647576093673706,1.6546300649642944,3.0052578449249268,0.6851905584335327,0.07125774025917053,2.3873767852783203,0.59621262550354
199,0.0001,0.11641519951323669,0.9246053758468297,0.30439922335695047,0.7844613060935495,0.876803764483364,55.38947629928589,0.07455413496742645,0.05592532524218162,0.04550299389908711,0.10752316700915496,0.07455413496742645,0.7434968570868175,0.12010877164172344,0.14598208213927316,0.07652504662754106,0.10084343054255501,0.12010877164172344,0.6078904163642008,0.9774048328399658,1.1750614643096924,1.1181867122650146,1.4621721506118774,1.8923430442810059,0.6491403579711914,1.6567637920379639,2.995854377746582,0.686310887336731,0.06873564422130585,2.3780462741851807,0.5974876880645752
200,0.0001,0.12226984389126301,0.9216459895035223,0.22334594694805926,0.8669398190690492,0.9281647027323082,55.50561833381653,0.0757746304695805,0.06005188931400577,0.04765841035793225,0.10627102442085742,0.0757746304695805,0.7388741592566173,0.09143488304536851,0.10641725556772264,0.043033610846175525,0.10356625401582874,0.09143488304536851,0.6811076959625619,0.9757276177406311,1.1719650030136108,1.1185638904571533,1.4603642225265503,1.8910648822784424,0.649895429611206,1.6602325439453125,2.9967358112335205,0.6877972483634949,0.0670776218175888,2.375048875808716,0.5985942482948303
201,0.0001,0.1171189601222674,0.9245798649555274,0.22138539152067216,0.8698900187828972,0.9299297621511303,56.090490102767944,0.07543714928130309,0.058928068882475294,0.0453277338296175,0.1071320374806722,0.07543714928130309,0.74514439702034,0.09350302595584119,0.1031207061204754,0.05760856064372375,0.09911539197945204,0.09350302595584119,0.6942645047531754,0.9754603505134583,1.1693029403686523,1.1196013689041138,1.4645730257034302,1.88809072971344,0.6509950160980225,1.657365083694458,2.9943978786468506,0.6881858706474304,0.059521473944187164,2.371450185775757,0.5986045598983765
202,0.0001,0.12167654708027839,0.9211339320777632,0.2490311064681069,0.8435476986952177,0.9143200772501643,54.22550964355469,0.07541573761651914,0.05919422945007682,0.046703532834847766,0.10707686555882295,0.07541573761651914,0.7354597866535186,0.09432540113320116,0.11569634544067696,0.05779886612149536,0.10869124495103712,0.09432540113320116,0.6992656500613104,0.9729134440422058,1.168778896331787,1.1198434829711914,1.4648442268371582,1.8892112970352173,0.6527835726737976,1.6458280086517334,2.998957633972168,0.6890751123428345,0.05961637943983078,2.366886615753174,0.6008198857307434
203,0.0001,0.12081368938088417,0.9194728163256475,0.2484918222075603,0.8534909880897121,0.9203638663214493,57.238365650177,0.07606917054702839,0.05962973985200127,0.046925358660519126,0.1081578134248654,0.07606917054702839,0.7381300270557404,0.08925047284755551,0.11918903691846816,0.053534113725677866,0.10752333615158426,0.08925047284755551,0.7113373133002735,0.9710371494293213,1.1711070537567139,1.1207114458084106,1.4635305404663086,1.8882641792297363,0.6548767685890198,1.6427608728408813,2.996066093444824,0.6894454956054688,0.05997571721673012,2.3552067279815674,0.6001036763191223
204,0.0001,0.12223566422859827,0.9201896791861057,0.20785099976375454,0.8703334392536778,0.9299675398606875,54.77877593040466,0.07675846225271622,0.05970193734392524,0.04680539797991514,0.10905930275718372,0.07675846225271622,0.7379649902383486,0.08119054053161966,0.09838031843060353,0.045721947658257406,0.10654284340924904,0.08119054053161966,0.7378211363417203,0.9732048511505127,1.171134114265442,1.1214803457260132,1.4602525234222412,1.8876099586486816,0.6558647155761719,1.6309775114059448,3.0032246112823486,0.6903952360153198,0.060437608510255814,2.357046127319336,0.6009488701820374
205,0.0001,0.10907971002161503,0.9296253377810475,0.20640261031565119,0.8692735946511785,0.9294544524808374,58.200838804244995,0.0725493382041653,0.053916831283519664,0.045590926272173725,0.10964286352197329,0.0725493382041653,0.751586127281189,0.08430932889707753,0.09785124671752335,0.04109132628826821,0.10979632617997341,0.08430932889707753,0.7139349736151148,0.9741889834403992,1.1698493957519531,1.1224699020385742,1.4542404413223267,1.8881038427352905,0.6561766266822815,1.6354973316192627,2.9981906414031982,0.690539538860321,0.054775483906269073,2.3556530475616455,0.6010298132896423
206,0.0001,0.11150094345211983,0.9283676008784575,0.24484546677988084,0.8448908895898086,0.9152390117022097,54.20226240158081,0.07218885694940885,0.054222799154619375,0.04575960040092468,0.10802207104861736,0.07218885694940885,0.7576013952493668,0.10782844829754751,0.11396995870793453,0.06245790287608006,0.09658047837800667,0.10782844829754751,0.6664190370528424,0.9724385142326355,1.1644264459609985,1.1233694553375244,1.4470021724700928,1.8855705261230469,0.6563668251037598,1.6327089071273804,2.994767189025879,0.6908727288246155,0.05069117993116379,2.347111701965332,0.6010575294494629
207,0.0001,0.11457278691232205,0.92686349506848,0.20686448817370368,0.8718090005104382,0.9310541184183332,56.133376598358154,0.07148494813591241,0.0566469827045997,0.044302680715918544,0.10800306536257268,0.07148494813591241,0.7547891875108083,0.08264840559148398,0.09994791106122439,0.04061093431760053,0.10242270324073854,0.08264840559148398,0.71456927256506,0.9702226519584656,1.1641074419021606,1.1243664026260376,1.4399765729904175,1.8842483758926392,0.6574740409851074,1.6380609273910522,2.993618965148926,0.6915369033813477,0.05137995630502701,2.3448989391326904,0.6020214557647705
208,0.0001,0.10830491334199906,0.929949371846537,0.21313979708757558,0.8640428367470148,0.926439260609161,55.32784628868103,0.07289630696177482,0.05412740673248966,0.044849019559721155,0.10876146418352922,0.07289630696177482,0.7504629254341125,0.08538141626803601,0.10602097628546543,0.050334803027207733,0.10826256236091988,0.08538141626803601,0.7251996788822237,0.9697124361991882,1.164482831954956,1.1253929138183594,1.4378738403320312,1.881732702255249,0.6580526232719421,1.6338346004486084,2.990190029144287,0.6928394436836243,0.04674788564443588,2.3385164737701416,0.6024217009544373
209,0.0001,0.10796136173109214,0.9293845874871647,0.23258733553964583,0.8567797830344887,0.9222867411828651,56.133049964904785,0.07298593521118164,0.0534137183179458,0.044491835528363784,0.10791993774473667,0.07298593521118164,0.7499513218800227,0.08976810413305877,0.11224680601573381,0.04832804923663374,0.10952062416272085,0.08976810413305877,0.7026489572446855,0.9653295874595642,1.1621177196502686,1.1261615753173828,1.4293737411499023,1.8797385692596436,0.659543514251709,1.6266742944717407,2.987093448638916,0.6926887035369873,0.04315707087516785,2.328967332839966,0.6027346849441528
210,0.0001,0.10579608542223772,0.9309466234994763,0.21686754656619714,0.8645767280656897,0.9266930318457264,55.98213577270508,0.07276540876676639,0.05288052031149467,0.04481496860583623,0.10757235512137413,0.07276540876676639,0.7494201550881068,0.07956004167189364,0.10887481296648745,0.04357671413998135,0.1014123665260487,0.07956004167189364,0.7321374797430195,0.9638896584510803,1.1581653356552124,1.1268558502197266,1.4272371530532837,1.875350832939148,0.6603183150291443,1.6227095127105713,2.986398220062256,0.6927531361579895,0.039651352912187576,2.3244872093200684,0.6026914119720459
211,0.0001,0.10838246581455072,0.9273997099788122,0.22040297506285494,0.8572058145200477,0.9222826770318912,54.86587929725647,0.07310063435385625,0.053688750012467305,0.043844927474856375,0.10613427981734276,0.07310063435385625,0.7466763218243917,0.08890669169973155,0.12105498597270152,0.057472710604550406,0.10606040231517104,0.08890669169973155,0.7252783658074551,0.9602900743484497,1.1559351682662964,1.127500295639038,1.419658899307251,1.876260757446289,0.6603631973266602,1.617098331451416,2.983165979385376,0.6926306486129761,0.03566087782382965,2.3265578746795654,0.6028720140457153
212,0.0001,0.10570014913876852,0.9317907767559676,0.20934921649635815,0.8718543906697038,0.9309073269187258,55.68771958351135,0.06873198083291451,0.05366999103377263,0.0431427080805103,0.10540841507414976,0.06873198083291451,0.7715408682823182,0.08457344196370391,0.10232576459157662,0.039029226928460795,0.1003128671255268,0.08457344196370391,0.7068761977993074,0.9595733284950256,1.1545273065567017,1.1290488243103027,1.4144456386566162,1.8740555047988892,0.6608492732048035,1.6153781414031982,2.976500988006592,0.6927575469017029,0.032439008355140686,2.32670259475708,0.6030473113059998
213,0.0001,0.10710360109806061,0.9303833967580317,0.20695015690365776,0.8745492092505458,0.9324488348269352,55.125396490097046,0.07029073896507422,0.053602278449883065,0.0424969599271814,0.10649499520659447,0.07029073896507422,0.7561253746350606,0.08754129549030398,0.09691697847647746,0.03451581903901257,0.10078849423615659,0.08754129549030398,0.6951829224336342,0.9574152827262878,1.1535340547561646,1.1298984289169312,1.4102123975753784,1.877862572669983,0.6613562107086182,1.6092846393585205,2.971043825149536,0.693386435508728,0.029270697385072708,2.318591356277466,0.6032097339630127
214,0.0001,0.10981714638570944,0.9294285394831933,0.21661430939299162,0.8672228052220381,0.9284023001976885,55.54120326042175,0.07454002096007267,0.05487066376954317,0.0441025799450775,0.10648983394106229,0.07454002096007267,0.7459018915891648,0.08542689571126563,0.10548181636411635,0.04328252338483685,0.10355600189478671,0.08542689571126563,0.7056996460820808,0.9581615924835205,1.1511859893798828,1.1311196088790894,1.4077210426330566,1.8736923933029175,0.6621959209442139,1.6042976379394531,2.9703149795532227,0.693546712398529,0.02704109251499176,2.312441825866699,0.6039375066757202
215,0.0001,0.10775830460091432,0.9290426145335264,0.20869616797712984,0.869519807420797,0.9296585737165667,54.697850942611694,0.07175619043409824,0.054258734950174886,0.04381514682124058,0.10540262572467327,0.07175619043409824,0.7500380312403043,0.07872282945718921,0.10550044086135801,0.043210651817136125,0.10195237495860116,0.07872282945718921,0.7380037053686673,0.956872284412384,1.151081919670105,1.1319583654403687,1.403381109237671,1.8678785562515259,0.6623315811157227,1.6028625965118408,2.9714653491973877,0.6945101618766785,0.025300784036517143,2.3126161098480225,0.6039292812347412
216,0.0001,0.10708473635216555,0.9307294861652551,0.2109016028584027,0.8731631694314612,0.9318556375735265,53.20433306694031,0.06940924016137918,0.05323039411256711,0.04342099623754621,0.1056847463051478,0.06940924016137918,0.7690243492523829,0.07948095827806191,0.10518366831247924,0.04371106557425906,0.10321358969954193,0.07948095827806191,0.7414796166732663,0.9517696499824524,1.1500505208969116,1.1321654319763184,1.4015018939971924,1.8707706928253174,0.6631048321723938,1.5971068143844604,2.9682674407958984,0.695655107498169,0.023927276954054832,2.31215238571167,0.6031990647315979
217,0.0001,0.10566544594864051,0.9322615749495408,0.22063911767279515,0.8694653659073147,0.9296279014906852,57.66617512702942,0.07121084326257308,0.053103840257972476,0.04375384232650201,0.10629156964520613,0.07121084326257308,0.7568559547265371,0.08979698233917112,0.10370715670898313,0.04922736607125548,0.09527683270270706,0.08979698233917112,0.7010250355376572,0.952181875705719,1.1505959033966064,1.1328420639038086,1.4065710306167603,1.869246244430542,0.6638196110725403,1.5984735488891602,2.9653329849243164,0.6958392262458801,0.02231081761419773,2.3077545166015625,0.6036261916160583
218,0.0001,0.1128519872824351,0.9253228268214594,0.20510310630817882,0.8740518266661205,0.9321896089460548,58.93073511123657,0.07374481378744045,0.05677015834177534,0.04344372091193994,0.1074739990135034,0.07374481378744045,0.7514226630330085,0.08297252264179167,0.1005419629519103,0.04695840442522627,0.10668211393669004,0.08297252264179167,0.7220982215443595,0.9515561461448669,1.1525927782058716,1.1336262226104736,1.4073845148086548,1.8689024448394775,0.6642679572105408,1.5939863920211792,2.9635729789733887,0.6964386105537415,0.021857164800167084,2.3099427223205566,0.6036285758018494
219,0.0001,0.11611912983159224,0.9250019260775473,0.2195274978876114,0.8587964805237758,0.9233768064500772,58.40361571311951,0.07421572158734004,0.05538220169643561,0.04377478541185458,0.10585073841114839,0.07421572158734004,0.7410983105500539,0.09743264671720442,0.09959646876229615,0.03190931604533899,0.1007644990917112,0.09743264671720442,0.6736705694042269,0.9528318643569946,1.1544015407562256,1.134040117263794,1.414810061454773,1.8753230571746826,0.664849042892456,1.5903773307800293,2.9681408405303955,0.697509229183197,0.021272646263241768,2.2956387996673584,0.6029233932495117
220,0.0001,0.1141263042887052,0.9236461751069601,0.2297561325010706,0.8593183791221545,0.9236903532157831,55.17785930633545,0.07244953413804373,0.055792099237442015,0.04381750741352638,0.10711390351255735,0.07244953413804373,0.7542224476734797,0.08301511217580466,0.11677438839048636,0.046186401890438114,0.10666631553016725,0.08301511217580466,0.7273500297890335,0.953044593334198,1.1545151472091675,1.1343892812728882,1.4077147245407104,1.8749483823776245,0.6655138731002808,1.5851770639419556,2.967083215713501,0.6987679600715637,0.021196015179157257,2.28415584564209,0.603614091873169
221,0.0001,0.12100326791405677,0.9183528204399176,0.23211918502557474,0.8502914177696206,0.9183030354614657,55.27674436569214,0.07232615860799949,0.06066322857514024,0.044731508443752926,0.10563057673474154,0.07232615860799949,0.7444510718186697,0.08923305198550224,0.11757165132487407,0.0541844977462878,0.10155670833392222,0.08923305198550224,0.7195947043231277,0.9535477757453918,1.1541239023208618,1.1356587409973145,1.4192142486572266,1.8694976568222046,0.6664614081382751,1.6039032936096191,2.9654362201690674,0.7004106640815735,0.026048848405480385,2.3085944652557373,0.6053009033203125
222,0.0001,0.10861967653036117,0.9278800604326853,0.21084323476572506,0.8694239569034153,0.9293754740748116,54.82100009918213,0.06901615634560584,0.05485331217447917,0.04205313877513011,0.10605308984716734,0.06901615634560584,0.7681638876597087,0.08266875184461718,0.09966912523644869,0.045897004057149415,0.09929780857484849,0.08266875184461718,0.7244277410819883,0.9522943496704102,1.151507019996643,1.136813759803772,1.4182020425796509,1.8677799701690674,0.6682870388031006,1.6063668727874756,2.962968587875366,0.701696515083313,0.02879827283322811,2.301023006439209,0.6058935523033142
223,0.0001,0.10623347287376722,0.930756480656812,0.21211609684053015,0.8674894420186361,0.9281752860121274,54.19388270378113,0.07073898973564306,0.053613504270712535,0.04335343937079112,0.1044704315563043,0.07073898973564306,0.7627007911602656,0.08530852876481462,0.1052732301540062,0.03539622523134849,0.10237844776911814,0.08530852876481462,0.7181534581497068,0.9500201940536499,1.1489341259002686,1.1368954181671143,1.4138964414596558,1.8653175830841064,0.6691518425941467,1.604891300201416,2.959413528442383,0.7017320394515991,0.026480669155716896,2.2927839756011963,0.6064122915267944
224,0.0001,0.10595999670525393,0.9290751111428855,0.21336114821863955,0.8669379572672709,0.9280775801943545,55.49804162979126,0.07187045918156704,0.05390110521887739,0.04283139215161403,0.10526019682486852,0.07187045918156704,0.761338290075461,0.09400722543235684,0.11080904793543894,0.038838390474680996,0.10372502662119318,0.09400722543235684,0.6859660588327001,0.9495326280593872,1.14879310131073,1.1372967958450317,1.415951132774353,1.8665578365325928,0.669796884059906,1.5993231534957886,2.9561917781829834,0.7017359733581543,0.026623254641890526,2.2801575660705566,0.6068193316459656
225,0.0001,0.10712136539320151,0.9305738137225691,0.21944258300984493,0.8653469115990564,0.927063727670791,54.395700216293335,0.06909430498878161,0.05242337364082535,0.0430254278704524,0.10550649724900722,0.06909430498878161,0.7639368136723836,0.08228465401735462,0.10857697222076479,0.039677107248638495,0.09940623601929086,0.08228465401735462,0.7290024688986482,0.948863685131073,1.1477303504943848,1.1373738050460815,1.4164432287216187,1.8655411005020142,0.6700641512870789,1.6051050424575806,2.9496617317199707,0.7026098966598511,0.028874419629573822,2.2776272296905518,0.6084731817245483
226,0.0001,0.10517294779419899,0.9300887843507567,0.20453189093558516,0.8692772219495901,0.9295401751560254,56.18548607826233,0.06823710352182388,0.052433547625939055,0.04226363661388556,0.10540277510881424,0.06823710352182388,0.7671574542919795,0.08353218949231946,0.10112914076594055,0.05082369351484736,0.09892975502326841,0.08353218949231946,0.7311097168531574,0.9477865099906921,1.1482373476028442,1.138100266456604,1.4163103103637695,1.862406849861145,0.6709779500961304,1.609388828277588,2.9493415355682373,0.7036150097846985,0.030192092061042786,2.270798444747925,0.6081555485725403
227,0.0001,0.10721979389588038,0.9298767181806223,0.20143995030981596,0.8738878925689291,0.9320290114675431,55.53605079650879,0.06841168428460757,0.05321981410185496,0.042073753538231055,0.10374842894574006,0.06841168428460757,0.7668553625543912,0.07782890812539664,0.10370606501571468,0.0400122981518507,0.09675332378657138,0.07782890812539664,0.734236879426925,0.9462175369262695,1.1496633291244507,1.1387282609939575,1.414169192314148,1.8621848821640015,0.6714702248573303,1.6015681028366089,2.9499330520629883,0.7035152316093445,0.03022301010787487,2.26906681060791,0.6083614826202393
228,0.0001,0.10359059373537699,0.9331333969218638,0.24938271964182618,0.828933313106463,0.905252719999253,54.51181173324585,0.06962699828048548,0.05181462342540423,0.04156987542907397,0.10422431826591491,0.06962699828048548,0.766091042260329,0.09998790260221137,0.11263442479196142,0.053834820807468695,0.09021663604701152,0.09998790260221137,0.656904185404543,0.9460885524749756,1.150838017463684,1.139618158340454,1.4126046895980835,1.8639717102050781,0.6717617511749268,1.5996886491775513,2.9498472213745117,0.7039127349853516,0.029278943315148354,2.2860162258148193,0.6097052097320557
229,0.0001,0.1078872616092364,0.9292708654278232,0.21852092200615367,0.864234836505175,0.926627113258133,55.320621728897095,0.06962787465502819,0.054780076382060845,0.04264182324210803,0.10182297229766846,0.06962787465502819,0.7596844762563706,0.08671576090034891,0.10372507572174072,0.0429511441559088,0.09693846485165299,0.08671576090034891,0.7030492249082346,0.9466429352760315,1.1480571031570435,1.1397794485092163,1.4092273712158203,1.864891767501831,0.6725841760635376,1.5934653282165527,2.9579596519470215,0.7046359777450562,0.027065370231866837,2.2844557762145996,0.6103276610374451
230,0.0001,0.10606994566818079,0.9281880855493818,0.20429548596749542,0.8706621889366961,0.9300511260213635,53.57425308227539,0.07013884124656518,0.05382140862445037,0.04459152345856031,0.1012526262551546,0.07013884124656518,0.7642732957998911,0.07742768006979442,0.10915120471207822,0.04268785773730669,0.10098408797725303,0.07742768006979442,0.7417738486508854,0.9467296600341797,1.1486425399780273,1.1407588720321655,1.4092377424240112,1.862654447555542,0.6734644174575806,1.5928715467453003,2.953887462615967,0.7054939270019531,0.02564731054008007,2.2866790294647217,0.611534833908081
231,0.0001,0.10219036464889844,0.9330335027508738,0.20161998980357998,0.8665347982230934,0.9279823554799618,53.81210207939148,0.06794694035003583,0.05205265311524272,0.0413204822378854,0.10089391867319743,0.06794694035003583,0.7685902923345566,0.07694497673970754,0.10358875623491944,0.042334986759013815,0.09845905616635182,0.07694497673970754,0.7448814736037958,0.9458705186843872,1.1467657089233398,1.1412979364395142,1.4069440364837646,1.8566620349884033,0.6743137240409851,1.5870083570480347,2.9507973194122314,0.7054964303970337,0.024506038054823875,2.280198335647583,0.6116122007369995
232,0.0001,0.1170453113814195,0.9192138679608046,0.2960478665887332,0.8293142020349799,0.9057387334433388,56.0833899974823,0.07156039401888847,0.05787082153062026,0.04347992871577541,0.10182159977654616,0.07156039401888847,0.7518493553002675,0.10392433624775683,0.13748594752100649,0.03986077309876192,0.09560022515351654,0.10392433624775683,0.6369733233920863,0.9445186853408813,1.150038242340088,1.1416832208633423,1.4058637619018555,1.8495745658874512,0.6754425168037415,1.589581847190857,2.9461960792541504,0.7067646980285645,0.028759289532899857,2.294041633605957,0.6135377883911133
233,0.0001,0.1184838159630696,0.9202676430889402,0.2351932339980954,0.8403312916498402,0.9125910525318318,54.99811863899231,0.07090196534991264,0.05797429444889227,0.043361511640250684,0.105051564052701,0.07090196534991264,0.7589762111504873,0.09635416161818583,0.11038048198965729,0.06107383661094259,0.09858052945527875,0.09635416161818583,0.6908154292184798,0.9427814483642578,1.1488449573516846,1.1418797969818115,1.4103554487228394,1.8571432828903198,0.6771383285522461,1.603297233581543,2.948488235473633,0.7087118029594421,0.06121652200818062,2.2969095706939697,0.6159220337867737
234,0.0001,0.10638574908177058,0.9301145150966001,0.2137708666383243,0.8728170368993798,0.9315142029853006,55.66757822036743,0.06902807367344697,0.05299424473196268,0.04302780373642842,0.10239659088353316,0.06902807367344697,0.7639508316914241,0.07767533095645122,0.10230874990830656,0.04084230818953671,0.09595736311595948,0.07767533095645122,0.7367354768221496,0.9425000548362732,1.1479558944702148,1.1424704790115356,1.4071685075759888,1.854815125465393,0.677994430065155,1.6015172004699707,2.947317123413086,0.7090736031532288,0.07187113910913467,2.294389009475708,0.6164366006851196
235,0.0001,0.10211945436894894,0.9339883037470806,0.2480942250275221,0.8458679972680784,0.9158878245151026,55.504159927368164,0.06699541204919418,0.051172583488126595,0.04226772797604402,0.10172936643163363,0.06699541204919418,0.7793440540631612,0.11357478602010695,0.11656211951717002,0.055223990537104056,0.09385872485696292,0.11357478602010695,0.6349059841671928,0.9393855333328247,1.1456000804901123,1.1429260969161987,1.4013854265213013,1.8539812564849854,0.678519070148468,1.5951696634292603,2.9435441493988037,0.7093257904052734,0.06500599533319473,2.2891459465026855,0.6161946058273315
236,0.0001,0.10409605105717977,0.9318772477900559,0.20796865200410125,0.8738621764879478,0.9318971718341813,54.813573360443115,0.06754289753735065,0.052523251219342156,0.04287952979405721,0.10191341775159041,0.06754289753735065,0.7668267170588176,0.0829032552046854,0.10019592965235476,0.03639423883840686,0.09579415338449791,0.0829032552046854,0.71448643090295,0.9391384720802307,1.145677089691162,1.143715262413025,1.4008064270019531,1.853934645652771,0.6797318458557129,1.5946964025497437,2.942706823348999,0.7101904153823853,0.08029579371213913,2.2896227836608887,0.6165602207183838
237,0.0001,0.11180508484443029,0.9241277724935636,0.23257723059810576,0.8534444382585207,0.9200636209336043,56.44418454170227,0.07069902153064807,0.05665305148189267,0.04228042010217905,0.10323658163348834,0.07069902153064807,0.7557520220677058,0.089791012775214,0.11930809475359369,0.055011659249907634,0.09443114649076931,0.089791012775214,0.7171218991279602,0.9395793676376343,1.1464506387710571,1.1437633037567139,1.3990317583084106,1.8490347862243652,0.6805832386016846,1.5893323421478271,2.9397568702697754,0.7103878855705261,0.10095647722482681,2.276083469390869,0.616423487663269
238,0.0001,0.10642851653198401,0.930959502528027,0.18743763473190245,0.8779719203563602,0.934512074278966,53.40923810005188,0.06827458764115969,0.05297669606904189,0.04204212197413047,0.10124064932266871,0.06827458764115969,0.7692806184291839,0.0765471230032014,0.0956313540456725,0.04238422062309062,0.0985255379412995,0.0765471230032014,0.7385442188528718,0.9379684925079346,1.1457041501998901,1.1440843343734741,1.3955942392349243,1.8461564779281616,0.6804912686347961,1.587084412574768,2.936530590057373,0.7106917500495911,0.09970931708812714,2.270782947540283,0.6165299415588379
239,0.0001,0.10115295847256979,0.9346518670122256,0.1903955985288151,0.8846500952197364,0.9382604996403713,53.52657341957092,0.06877874204268059,0.05116989758486549,0.04232483251641194,0.10099862590432167,0.06877874204268059,0.7703284372886022,0.08163268216809288,0.09188662115179125,0.03506704199998105,0.09139624323512686,0.08163268216809288,0.726113558792677,0.9388890266418457,1.1446400880813599,1.144686222076416,1.3952034711837769,1.842064619064331,0.6809843182563782,1.58505380153656,2.9330713748931885,0.7107812762260437,0.08312395215034485,2.2679948806762695,0.6161915063858032
240,0.0001,0.10536950118839741,0.932049497159681,0.20360160826659593,0.8709507216132585,0.9305946211891613,55.250686168670654,0.0699340588102738,0.053510756511241195,0.0419416229861478,0.10090929629902044,0.0699340588102738,0.7642920697728793,0.08152932380555106,0.10421141786653487,0.04392814147667807,0.09879989457912132,0.08152932380555106,0.7315951321945816,0.9401651620864868,1.1430789232254028,1.1451374292373657,1.3936963081359863,1.8435693979263306,0.6816967129707336,1.5816879272460938,2.9276294708251953,0.7115424275398254,0.09365349262952805,2.2691237926483154,0.6168498396873474
241,0.0001,0.10190899123748144,0.933802598007484,0.19049777530255865,0.8782943439501922,0.9347673489523447,55.4926381111145,0.06879587844014168,0.05117522602279981,0.04100041420509418,0.10130418725311756,0.06879587844014168,0.7636682778596878,0.07536556223621134,0.09488980887366123,0.03982364719153428,0.09492138944199828,0.07536556223621134,0.7459570032651307,0.9390479922294617,1.1422364711761475,1.145687222480774,1.39382803440094,1.8428376913070679,0.6822289228439331,1.585105061531067,2.917283535003662,0.7124226689338684,0.10501232743263245,2.2650959491729736,0.6169787645339966
242,0.0001,0.10342119733492533,0.9331180340340774,0.20370519649787028,0.8766434792503428,0.9337713605634625,55.564868688583374,0.06887766302873691,0.052283798530697825,0.04122182313973705,0.09940446130931377,0.06887766302873691,0.7663999607165655,0.08110378340619509,0.10111526021214783,0.037874741754570944,0.09610239587357787,0.08110378340619509,0.7130190524898592,0.9408243894577026,1.1401358842849731,1.1460585594177246,1.391890525817871,1.8404572010040283,0.6827380061149597,1.5709043741226196,2.912088394165039,0.7124369740486145,0.1005091741681099,2.257702112197876,0.617371141910553
243,0.0001,0.10097541523476442,0.9336080820032956,0.2006299383327609,0.8786476358140485,0.9350750535514586,54.8924081325531,0.06690160011251768,0.05105453881745537,0.04055649967243274,0.09952139680584272,0.06690160011251768,0.7758499542872112,0.07766245818528973,0.10031241325081372,0.037402930196191446,0.09413655395390558,0.07766245818528973,0.7300307750701904,0.9391602277755737,1.1397837400436401,1.1469457149505615,1.3902736902236938,1.8385372161865234,0.6837158203125,1.5679304599761963,2.910402297973633,0.7125014662742615,0.08530928939580917,2.248751401901245,0.6178479790687561
244,0.0001,0.09542232888440291,0.9390171327982899,0.1873613962384521,0.8836966460111338,0.9378862794304249,55.89311480522156,0.06484027057886124,0.04816554586092631,0.04031232443327705,0.09985222853720188,0.06484027057886124,0.7865152418613434,0.0811550176290215,0.09332426600768919,0.035987934616745494,0.09452102150096268,0.0811550176290215,0.7242367736628799,0.9362813830375671,1.140012502670288,1.1478297710418701,1.3862541913986206,1.8367136716842651,0.6843738555908203,1.5658286809921265,2.9093010425567627,0.7128028273582458,0.0760432705283165,2.244472026824951,0.617565929889679
245,0.0001,0.09980245853463808,0.9359103402434436,0.1962311094413038,0.8763623585039731,0.9336448553205435,56.50926351547241,0.06891578324139118,0.05100830337032676,0.0413758613790075,0.09875049504141013,0.06891578324139118,0.7646956632534663,0.07653899417548883,0.10068226495727164,0.042492268881836874,0.09416641026246743,0.07653899417548883,0.7508374911839845,0.9356616139411926,1.1393132209777832,1.1482160091400146,1.382957100868225,1.8344056606292725,0.6851665377616882,1.5584309101104736,2.90657114982605,0.7127407193183899,0.06321503221988678,2.2390646934509277,0.6173496246337891
246,0.0001,0.10554927761356035,0.9307665656115185,0.2087186723947525,0.8727444498174601,0.9313189958812466,56.83680844306946,0.0676365311567982,0.0526965981349349,0.041048784150431554,0.098878346880277,0.0676365311567982,0.7688485324382782,0.08968591384711813,0.10014027063963843,0.03554915215392582,0.09587984788613241,0.08968591384711813,0.6946423933154247,0.9376612901687622,1.140918254852295,1.149097204208374,1.3700025081634521,1.831986427307129,0.6864392161369324,1.553452491760254,2.9027645587921143,0.7133530974388123,0.08452388644218445,2.2306580543518066,0.6176183223724365
247,0.0001,0.0951777105530103,0.9389793818324572,0.20608068025503,0.8715978456723318,0.9307442292520306,55.02897763252258,0.06419930669168632,0.047789496307571726,0.040281999545792736,0.09962886087596416,0.06419930669168632,0.7875781675179799,0.0784737404252662,0.1087387066151275,0.0430113216404055,0.09376842223229956,0.0784737404252662,0.7503394797200063,0.9335851073265076,1.1388921737670898,1.1496248245239258,1.3674606084823608,1.8322950601577759,0.6871054768562317,1.5528736114501953,2.899887800216675,0.7139695286750793,0.07772558927536011,2.2261228561401367,0.6176237463951111
248,0.0001,0.09900258829196294,0.934641366149395,0.189002910109817,0.8740281964057692,0.9321477764200854,55.09393906593323,0.06766222274551789,0.050546536470452944,0.04071061164140701,0.09809568288425605,0.06766222274551789,0.7697079877058665,0.0780394896864891,0.09909569594215174,0.045583544695963624,0.10099155443613647,0.0780394896864891,0.737701416015625,0.9322381019592285,1.1381306648254395,1.1500918865203857,1.3648066520690918,1.8295161724090576,0.6876463890075684,1.5465643405914307,2.894904613494873,0.7137662172317505,0.06909388303756714,2.2209815979003906,0.6174130439758301
249,0.0001,0.09550947286188602,0.9363868946825585,0.18578110293286745,0.8846051387070674,0.9384191916321025,52.60472822189331,0.06511217417816322,0.04881403005371491,0.039132449527581534,0.09916382990777492,0.06511217417816322,0.7790045976638794,0.07621711199400855,0.09296808929228392,0.038483774625375625,0.09777336213432375,0.07621711199400855,0.7410859621939112,0.9323455691337585,1.1383062601089478,1.151279330253601,1.3641630411148071,1.826574444770813,0.6880108118057251,1.5456109046936035,2.8923137187957764,0.7130955457687378,0.058980606496334076,2.211916446685791,0.6174768805503845
250,0.0001,0.09799587751428286,0.9363819374440013,0.195120883525395,0.8771607205324012,0.9340553430247688,56.4170618057251,0.06536109559237957,0.049023884286483126,0.040315148700028655,0.09911833939452966,0.06536109559237957,0.7740392178297043,0.07645595379051615,0.09819927017708294,0.03934213140460312,0.09639675060256583,0.07645595379051615,0.7491785483282121,0.9292966723442078,1.1376358270645142,1.151627779006958,1.3670456409454346,1.8252500295639038,0.6883161067962646,1.5436044931411743,2.890803098678589,0.7131194472312927,0.05309278890490532,2.213149070739746,0.617530882358551
251,0.0001,0.09321754736204942,0.9390530215468734,0.20219125586454986,0.8688472946700834,0.9291364213081957,44.593334674835205,0.06396223045885563,0.04782942564537128,0.039584531479825574,0.09979414939880371,0.06396223045885563,0.7846167465051015,0.07879434764140943,0.10955473621849154,0.04647077039861288,0.10172026983050049,0.07879434764140943,0.749203697579806,0.9286285638809204,1.136793851852417,1.1519166231155396,1.361153244972229,1.8229942321777344,0.6887952089309692,1.540964126586914,2.8874075412750244,0.7136768102645874,0.04522160813212395,2.2109758853912354,0.6177753210067749
252,0.0001,0.09806993280847867,0.9365474804898989,0.19811306527403535,0.8753082710260022,0.9329799424196595,51.467257261276245,0.0652132706095775,0.04915787884965539,0.03965430098275344,0.09902389322717985,0.0652132706095775,0.7850350608428319,0.0794078106762933,0.10272917395732442,0.03599548077241319,0.09592044890904036,0.0794078106762933,0.7408861371337391,0.9276016354560852,1.1361782550811768,1.1526061296463013,1.3603836297988892,1.8221454620361328,0.6892913579940796,1.5360701084136963,2.884920120239258,0.7138205170631409,0.04943733662366867,2.2050552368164062,0.6186485886573792
253,0.0001,0.09803949470321337,0.9358170967488609,0.20534915709104695,0.874737690830074,0.9326785213900168,70.5145616531372,0.06492447877923647,0.0502062663435936,0.040542469390978414,0.09904802925884723,0.06492447877923647,0.783358038465182,0.07736117972946557,0.10558770645837315,0.03713774363525578,0.09425186536839751,0.07736117972946557,0.740420461678114,0.9251314401626587,1.1353503465652466,1.1530941724777222,1.3589503765106201,1.8206313848495483,0.6896554827690125,1.5349700450897217,2.8833441734313965,0.7145068049430847,0.04554565250873566,2.202188730239868,0.6193529963493347
254,0.0001,0.09464125198622544,0.9383363750504657,0.19230224753989547,0.8768836687431624,0.933833772480291,60.497735261917114,0.06493688964595397,0.047576553747057916,0.039403989414374035,0.09818370093901953,0.06493688964595397,0.7766284306844076,0.08412404944662188,0.10045980344541737,0.05260013850008855,0.09552882074332628,0.08412404944662188,0.7347619308799994,0.9252529144287109,1.1339563131332397,1.1534881591796875,1.3597787618637085,1.8157620429992676,0.6898181438446045,1.5274543762207031,2.88083553314209,0.7148123383522034,0.04161875322461128,2.196833610534668,0.619210422039032
255,0.0001,0.09602057201166948,0.9367696278786131,0.2015653233059117,0.8759346053400073,0.9333157343928308,53.19804048538208,0.0654426625619332,0.04882999739299218,0.03953536100064715,0.09848033711314201,0.0654426625619332,0.7771214187145233,0.07626602762058134,0.1047069073700514,0.03993109436553033,0.09348212060381154,0.07626602762058134,0.7441870003450112,0.9240595102310181,1.1337337493896484,1.153985619544983,1.3626879453659058,1.8123997449874878,0.6901240944862366,1.5271849632263184,2.8764734268188477,0.7154709100723267,0.03961482271552086,2.189725399017334,0.619206964969635
256,0.0001,0.09780324188371499,0.9345537998666126,0.20239610017323104,0.8722607463568829,0.931214854435308,55.38338303565979,0.06426069997251034,0.04998043129841487,0.03912443453446031,0.09788323367635408,0.06426069997251034,0.7817777782678604,0.07494875312340064,0.10389240476928774,0.039549819392259,0.09479271730438607,0.07494875312340064,0.7557624246253342,0.9218111038208008,1.1337839365005493,1.154969573020935,1.3564109802246094,1.8143463134765625,0.690721333026886,1.526042103767395,2.876446008682251,0.7157941460609436,0.039215438067913055,2.180478572845459,0.6192225217819214
257,0.0001,0.09437373491624991,0.9389512140896635,0.2047809699519736,0.8710896595622536,0.9305458005935726,53.836469411849976,0.06579432922104994,0.04792647346233328,0.038871423061937097,0.09814556601146857,0.06579432922104994,0.7755227953195571,0.07710831337532059,0.10448041094131157,0.03543314924005602,0.09491732899771362,0.07710831337532059,0.7407050885137965,0.9224955439567566,1.1339662075042725,1.1557356119155884,1.3543057441711426,1.8121174573898315,0.6915270686149597,1.5252349376678467,2.874203681945801,0.7160434722900391,0.03654102608561516,2.1817095279693604,0.6192546486854553
258,0.0001,0.09442233853042126,0.9398013729265272,0.19963591655746835,0.876030896124819,0.9333463081303912,55.8019654750824,0.06279048056652149,0.04790139549101392,0.0393014688976109,0.09896479820211729,0.06279048056652149,0.7906168843309085,0.07550117605533756,0.1091023969357131,0.03738366055195449,0.0936495699599141,0.07550117605533756,0.7468885798923305,0.9212290048599243,1.1327444314956665,1.1557468175888062,1.3547320365905762,1.8108980655670166,0.6921441555023193,1.528509497642517,2.8731367588043213,0.7165002226829529,0.033101145178079605,2.1738688945770264,0.6195340752601624
259,0.0001,0.09222282071908315,0.9400640066683544,0.1940739462610151,0.8788874454031528,0.9349845648847791,41.7254695892334,0.06429930503169695,0.047237022469441094,0.038831942497442165,0.0976137675344944,0.06429930503169695,0.7788174837827683,0.07442894755084006,0.10283997337349125,0.03767466001579019,0.09461977882463424,0.07442894755084006,0.750465889446071,0.9211036562919617,1.1320278644561768,1.1560769081115723,1.355802297592163,1.8069771528244019,0.6924901604652405,1.5274184942245483,2.869731903076172,0.7165504693984985,0.027050042524933815,2.166658401489258,0.6191511154174805
260,0.0001,0.09205934988955657,0.9408897651204968,0.20777640528366215,0.8724680350558148,0.9313880726335785,59.957051277160645,0.0632372846826911,0.04693124669914444,0.038538600256045656,0.0986799040188392,0.0632372846826911,0.7886817793051402,0.07707426037456168,0.10980044183183889,0.03794597657244714,0.0958874523639679,0.07707426037456168,0.7381340861320496,0.9180789589881897,1.128715991973877,1.1560922861099243,1.353011965751648,1.8034756183624268,0.693166971206665,1.5260612964630127,2.867103099822998,0.7166064977645874,0.02153349667787552,2.1631107330322266,0.6193504929542542
261,0.0001,0.09227850660681725,0.9400553718400115,0.19500054052618684,0.8785561143273387,0.9348821599964414,55.91059851646423,0.06218276272217433,0.046255707802871866,0.03787412007028858,0.0983210933705171,0.06218276272217433,0.7876579334338506,0.0758993504110907,0.10584744102642184,0.03861975150763011,0.09844806741495601,0.0758993504110907,0.747709153128452,0.9178126454353333,1.1281657218933105,1.1564581394195557,1.3472799062728882,1.8011842966079712,0.6935293078422546,1.5219007730484009,2.864328145980835,0.7168098092079163,0.01876104809343815,2.1579599380493164,0.6195175647735596
262,0.0001,0.09316525086760521,0.9406825115307268,0.19501157959953683,0.884047198264427,0.9380833036472628,56.39069890975952,0.0636303070311745,0.04766738303005695,0.038422524183988574,0.09857807271182537,0.0636303070311745,0.7888399769862493,0.07908059632191893,0.09897054951699054,0.03258131969659055,0.09379664307735006,0.07908059632191893,0.7334742917389167,0.9173324704170227,1.126617431640625,1.1568148136138916,1.3455430269241333,1.8001381158828735,0.6941428184509277,1.522191047668457,2.8610739707946777,0.7167067527770996,0.01602105237543583,2.155791997909546,0.6198134422302246
263,0.0001,0.09485078267753125,0.9377601409762547,0.1975409190674297,0.8726344699856866,0.9314970237021661,54.3696014881134,0.06449590157717466,0.04834539859245221,0.038745380379259585,0.09828642855087916,0.06449590157717466,0.7789444416761399,0.07668464410989011,0.10833683744317195,0.043085598615837876,0.09627706899506147,0.07668464410989011,0.7503968711759224,0.914298951625824,1.1254585981369019,1.1569713354110718,1.3429577350616455,1.8001118898391724,0.6950192451477051,1.5199685096740723,2.859605073928833,0.7168459296226501,0.013600953854620457,2.153355598449707,0.6200656294822693
264,0.0001,0.09220752380788326,0.9404627381765038,0.18753447786706393,0.8834200596519348,0.9376765433022171,54.506561040878296,0.06292177264889082,0.04720708836490909,0.03796516247093677,0.098746532574296,0.06292177264889082,0.7840608497460683,0.07690863726569004,0.09713425963628487,0.03317864407159266,0.09271543326436496,0.07690863726569004,0.7323807653833608,0.9137715697288513,1.1251742839813232,1.157713770866394,1.3407689332962036,1.7974988222122192,0.6957492828369141,1.518799901008606,2.8578367233276367,0.7171633839607239,0.012058010324835777,2.1502525806427,0.6202271580696106
265,0.0001,0.09009671521683534,0.94094760258869,0.19621389322593563,0.8756846868949283,0.9331980183614611,42.88686537742615,0.06263263703634342,0.04588318283980091,0.038558596093207595,0.09887982582052549,0.06263263703634342,0.7820671399434408,0.07453865276985482,0.10677366422825173,0.04192992403614716,0.09742081714946715,0.07453865276985482,0.7553743651655854,0.9125123620033264,1.1246153116226196,1.1580896377563477,1.339855432510376,1.7980436086654663,0.6959302425384521,1.5137498378753662,2.8563320636749268,0.7175856232643127,0.010222762823104858,2.1487796306610107,0.6202229857444763
266,0.0001,0.09021267555654049,0.9428214115735609,0.20922065049898428,0.8673328233368303,0.9284362901086259,62.79623031616211,0.062447680595020455,0.0461991296770672,0.038971085225542386,0.09950749203562737,0.062447680595020455,0.7961305846770604,0.07670269185890917,0.11372935307807609,0.043985877674622614,0.09656671691136282,0.07670269185890917,0.7445331655564855,0.9116358160972595,1.122515082359314,1.1584911346435547,1.337269902229309,1.7953921556472778,0.6960938572883606,1.5081520080566406,2.852933645248413,0.7175468802452087,0.009134503081440926,2.14370059967041,0.620170533657074
267,0.0001,0.08771508646508058,0.9434078007330717,0.19837484081260492,0.8760135232235313,0.9333747127679719,62.011996269226074,0.06017343463997046,0.045001386137058334,0.03741931005691489,0.09908568970859051,0.06017343463997046,0.79337863723437,0.07552070054607313,0.10532085463160375,0.03648702354460466,0.09729834450561492,0.07552070054607313,0.7414929534568161,0.911613941192627,1.1228666305541992,1.1593371629714966,1.3340095281600952,1.7946714162826538,0.6963417530059814,1.5055458545684814,2.8482871055603027,0.7181942462921143,0.007454431615769863,2.141512155532837,0.6202452182769775
268,0.0001,0.08614399755994478,0.9441812514255953,0.1929399434660302,0.879005786185546,0.9350928043343879,52.918436765670776,0.060504061604539555,0.04374781533454855,0.0382827190682292,0.09771142229437828,0.060504061604539555,0.7972733934720357,0.07496022811678589,0.10652672303993194,0.041202857235416036,0.09709946518061591,0.07496022811678589,0.7551597337253758,0.9096364974975586,1.121546983718872,1.159677505493164,1.3306384086608887,1.7906931638717651,0.6968567967414856,1.5037288665771484,2.844034433364868,0.7185587286949158,0.006138866767287254,2.138772964477539,0.6203786134719849
269,0.0001,0.09015234696368377,0.943030287536666,0.1905311094444306,0.8811953653239962,0.9362439570526384,52.84477734565735,0.061473286462326845,0.04628963538755973,0.03729299958795309,0.0981800988316536,0.061473286462326845,0.7942595839500427,0.07862857362774552,0.10597138619813763,0.04046164404173366,0.09496565639484124,0.07862857362774552,0.7368246649132401,0.9097685217857361,1.120666265487671,1.1597857475280762,1.3303006887435913,1.7891252040863037,0.6973549127578735,1.5010478496551514,2.8416945934295654,0.7187320590019226,0.0050770896486938,2.132514715194702,0.6200989484786987
270,0.0001,0.08738384693861008,0.9440958181792014,0.1896187301541938,0.8849985575428027,0.9386449279171861,52.82879161834717,0.06160287894308567,0.044290814207245906,0.03744622233013312,0.09824752857287725,0.06160287894308567,0.7946638494729996,0.07824868879845885,0.09648269903464396,0.03968816213920468,0.09476914733159737,0.07824868879845885,0.737013623362682,0.9092078804969788,1.1199586391448975,1.1603440046310425,1.328715205192566,1.7877535820007324,0.6976532936096191,1.4999219179153442,2.8364367485046387,0.7187601327896118,0.004427901469171047,2.131366491317749,0.6197131872177124
271,0.0001,0.08993741472562154,0.94107300623601,0.18991769263978864,0.8802107707026888,0.9357376292063687,55.017587661743164,0.061695896772046885,0.046292914698521294,0.03776604638745387,0.09686593574782212,0.061695896772046885,0.7929574678341548,0.07772501826774879,0.10309755704442009,0.03446549326792115,0.09777977830562436,0.07772501826774879,0.74026884114156,0.9085915088653564,1.121720790863037,1.1605403423309326,1.328331470489502,1.7837529182434082,0.6981863975524902,1.4957407712936401,2.8338348865509033,0.7190881967544556,0.0037215924821794033,2.12579083442688,0.6199479699134827
272,0.0001,0.09150624678780635,0.9414146820084538,0.19294320217898633,0.876596231449417,0.9337152585015144,45.78736090660095,0.06454613897949457,0.04670575968921185,0.0385701068987449,0.09836665578186513,0.06454613897949457,0.787485933303833,0.07686945472340115,0.10360969016786481,0.04056273455746838,0.0962958757261761,0.07686945472340115,0.7385201454162598,0.9054221510887146,1.1203429698944092,1.1607757806777954,1.328123688697815,1.783257246017456,0.6984285712242126,1.4962815046310425,2.833306074142456,0.7197290658950806,0.0031464225612580776,2.116711139678955,0.6202561855316162
273,0.0001,0.08882244688769182,0.9425541967097113,0.18446840516856458,0.8854601744584609,0.9388547984097596,37.62675213813782,0.06214833570023378,0.04543858083585898,0.037962784090389806,0.09713848444322745,0.06214833570023378,0.7910499771436056,0.07443386865932433,0.09888856845800995,0.0417268732715337,0.09352500358077347,0.07443386865932433,0.7497471189889752,0.9047678709030151,1.1192044019699097,1.1606122255325317,1.3203673362731934,1.7823925018310547,0.6990752220153809,1.490044355392456,2.828378915786743,0.7199600338935852,0.0027560023590922356,2.1094746589660645,0.6209946274757385
274,0.0001,0.0917505644261837,0.9415227842186114,0.19352619691950376,0.8770283079454299,0.9339297660593054,37.341269969940186,0.06271352171897888,0.04606260278572639,0.03820078512653709,0.09834210537374019,0.06271352171897888,0.7871209571758906,0.07469331375399574,0.1065687790024476,0.040507101285897316,0.09799524592083009,0.07469331375399574,0.7492195494839402,0.9059620499610901,1.1191775798797607,1.1612917184829712,1.3199914693832397,1.77970552444458,0.6993494629859924,1.4918358325958252,2.8258979320526123,0.7201529145240784,0.002544383518397808,2.108156204223633,0.6205664873123169
275,0.0001,0.0998797015597423,0.9322522911962988,0.22175093825723305,0.8726279874938891,0.9316196911972583,37.201359272003174,0.06488229359189669,0.05194950302441915,0.03849066244438291,0.09826746955513954,0.06488229359189669,0.7809204220771789,0.08291449776438416,0.10998073818742252,0.036630925279660304,0.08743586232427691,0.08291449776438416,0.7108564034837191,0.9049804210662842,1.120714783668518,1.1618874073028564,1.3190062046051025,1.781233549118042,0.7001022696495056,1.4921245574951172,2.8327865600585938,0.721459150314331,0.003690476529300213,2.110383987426758,0.6224884986877441
276,0.0001,0.0977255392819643,0.9352158682526392,0.1834492742038164,0.8832489268555818,0.9376965585638948,36.098554611206055,0.06615450326353312,0.05033907030398647,0.03952488026892145,0.0990027565509081,0.06615450326353312,0.7758183509111405,0.0759032989134554,0.09657763506545396,0.04038795892943124,0.09637588506839315,0.0759032989134554,0.7533036548583234,0.9057291746139526,1.1204701662063599,1.162082552909851,1.3207242488861084,1.7825034856796265,0.7005249857902527,1.4940968751907349,2.836223602294922,0.7215865254402161,0.004075092729181051,2.110466241836548,0.6228171586990356
277,0.0001,0.09226243409017722,0.9398926793652854,0.20465949641876532,0.8856429241362855,0.9390450919440754,38.450159549713135,0.06405476698031028,0.04671974920978149,0.0390924503095448,0.09850869365036488,0.06405476698031028,0.7845148891210556,0.07635218589032283,0.10171981326869277,0.04112011878216853,0.09539110066949344,0.07635218589032283,0.7466620509741736,0.9067158102989197,1.120771884918213,1.1626914739608765,1.3269424438476562,1.7811373472213745,0.7012152075767517,1.4956854581832886,2.832517385482788,0.7215657830238342,0.0046056658029556274,2.110074758529663,0.6228913068771362
278,0.0001,0.08905267690618833,0.9427843265043218,0.19490874497616878,0.8881118334999819,0.9404351411372494,36.416282415390015,0.06371741450081268,0.045302184453854956,0.03890772086257736,0.09749140416582426,0.06371741450081268,0.7840666532516479,0.07612258818794469,0.09783538699638648,0.03380311591947665,0.09226739089019963,0.07612258818794469,0.7418188960825811,0.9043874740600586,1.1206673383712769,1.1626639366149902,1.324066400527954,1.7791093587875366,0.7016692161560059,1.492081880569458,2.8275527954101562,0.7217212319374084,0.004919081926345825,2.1062018871307373,0.6228300333023071
279,0.0001,0.0887741856276989,0.942837306127599,0.21631295368319653,0.8696284828472018,0.9293159559898909,37.555272579193115,0.0617623724664251,0.04515809156000614,0.038634233580281334,0.09844001655777296,0.0617623724664251,0.7952578117450079,0.07736586974781068,0.11156425735012429,0.043044396111222565,0.0938158819421393,0.07736586974781068,0.7518865720170443,0.9035301804542542,1.120375156402588,1.1625821590423584,1.3215090036392212,1.7764477729797363,0.7022424936294556,1.4918614625930786,2.8262078762054443,0.7224476933479309,0.004913800861686468,2.1058247089385986,0.623381495475769
280,0.0001,0.08965583095947902,0.9423372591696059,0.19522721308176635,0.8812359597108389,0.9363570962483705,47.000983238220215,0.061141255560020605,0.045594392251223324,0.03862453730156024,0.09621147873500983,0.061141255560020605,0.7943839182456335,0.07804984489425285,0.10096688299882607,0.03436281819079743,0.09551453382753936,0.07804984489425285,0.7382150067657721,0.9026444554328918,1.120107889175415,1.162803292274475,1.3219507932662964,1.7756507396697998,0.7027072310447693,1.4915978908538818,2.8241662979125977,0.7229256629943848,0.005074033048003912,2.103844404220581,0.6239087581634521
281,0.0001,0.08843773740033309,0.9436605163229512,0.20042870938777924,0.8785190438429076,0.9348836636907856,61.008540630340576,0.060950608116885026,0.04469875892003377,0.03758231103420258,0.09755001751085123,0.060950608116885026,0.7990114847819011,0.0812811762338779,0.10327055341884737,0.03277541220676704,0.09056432997105551,0.0812811762338779,0.7278551097776069,0.9020983576774597,1.1196188926696777,1.1627119779586792,1.3201055526733398,1.774107813835144,0.7031205892562866,1.4885481595993042,2.8214104175567627,0.7228639721870422,0.005261572543531656,2.097762107849121,0.6244190335273743
282,0.0001,0.08464322077731291,0.9450090664157376,0.18538649013785066,0.8841924303398899,0.9380737978256412,62.91886496543884,0.060382531583309175,0.04280972968166073,0.03767407716562351,0.0960631188005209,0.060382531583309175,0.7996293942133585,0.07448720663297372,0.10050545364129738,0.037873639190783265,0.09488656945893022,0.07448720663297372,0.7477735456873159,0.9001568555831909,1.119372010231018,1.163223385810852,1.3179172277450562,1.7729673385620117,0.7036538124084473,1.4895908832550049,2.817063093185425,0.7231400609016418,0.004831566940993071,2.0944223403930664,0.6245090365409851
283,0.0001,0.08647809165219465,0.9447640681301748,0.1771216534200262,0.8877224003363847,0.940170945212651,59.7897744178772,0.06121078381935755,0.044249496050179006,0.03693576597919067,0.09756015824774901,0.06121078381935755,0.7944454411665599,0.0724830800270448,0.0950059707536072,0.0358212657700308,0.09375346842847887,0.0724830800270448,0.7488874470601317,0.8994446992874146,1.1192721128463745,1.163514494895935,1.3176170587539673,1.7704477310180664,0.7038858532905579,1.4827359914779663,2.8125884532928467,0.7234933972358704,0.004919108469039202,2.096162796020508,0.6247817873954773
284,0.0001,0.08737748023122549,0.942445193729481,0.1991696154973546,0.8749184502715305,0.9326298572123507,58.91291832923889,0.06008187122642994,0.04492978208387891,0.0376498743891716,0.0959169551730156,0.06008187122642994,0.7980010122060776,0.07679962244678716,0.10831445382266748,0.03501682001792016,0.09187161629317236,0.07679962244678716,0.7516662761813304,0.896141767501831,1.1176718473434448,1.1636465787887573,1.3122873306274414,1.7704447507858276,0.7043673992156982,1.4829940795898438,2.809579372406006,0.723581850528717,0.004252547863870859,2.092883348464966,0.6251525282859802
285,0.0001,0.0864133029555281,0.943135781571549,0.19198201743305707,0.8802612981566168,0.9358637597903942,54.03883457183838,0.05955856380363305,0.044952387486894924,0.03679763354981939,0.09513150130709012,0.05955856380363305,0.800560446580251,0.0758663329188941,0.10567747105340489,0.03420911662158419,0.09010584713494191,0.0758663329188941,0.7392863875529805,0.8932440280914307,1.1160480976104736,1.164116621017456,1.3100839853286743,1.7692540884017944,0.7044686079025269,1.4821935892105103,2.806633234024048,0.7237916588783264,0.003915625624358654,2.0917561054229736,0.6250741481781006
286,0.0001,0.08892939674357574,0.942620802542439,0.1924522070855391,0.8770852677260698,0.933926478790916,55.29662227630615,0.06177467511345943,0.04538809166600307,0.037565637410928804,0.09631126436094443,0.06177467511345943,0.7903082390626271,0.0731870954031827,0.10864131201486119,0.03731935642293242,0.09616403904606084,0.0731870954031827,0.7476813539129789,0.8923344612121582,1.1144071817398071,1.164090633392334,1.307261347770691,1.7682956457138062,0.7050399780273438,1.4759137630462646,2.8038060665130615,0.7244266867637634,0.0036043720319867134,2.0879781246185303,0.624988853931427
287,0.0001,0.0862287071843942,0.9442995734675903,0.19151184646809688,0.8821305135646769,0.936896520198111,57.01929998397827,0.0617469746619463,0.043955393973737954,0.03760036273549001,0.0979762186606725,0.0617469746619463,0.7919757723808288,0.0781101287632692,0.10847612775740076,0.04629128224781302,0.09964293119360189,0.0781101287632692,0.744519896194583,0.8899002075195312,1.113324522972107,1.1644331216812134,1.3053183555603027,1.7680838108062744,0.7055469751358032,1.4719927310943604,2.800997257232666,0.7244219183921814,0.00403581652790308,2.084649085998535,0.6250656843185425
288,0.0001,0.08902050989369552,0.940408757017804,0.19820323806317125,0.8731537707463568,0.9316150958485576,55.33837151527405,0.06104458458721638,0.04652272012705604,0.037492731648186846,0.09631769532958666,0.06104458458721638,0.7954990833997726,0.07377328363354088,0.10927486248680802,0.033152636445936606,0.09132394121318567,0.07377328363354088,0.7448512628430226,0.889539361000061,1.1127599477767944,1.1647857427597046,1.3041057586669922,1.769081950187683,0.7060422301292419,1.469736099243164,2.8011045455932617,0.724777340888977,0.0062417504377663136,2.083390712738037,0.6251826286315918
289,0.0001,0.0847848067060113,0.9461409789544594,0.19403600472895827,0.8772148196777655,0.9339281104742553,55.09338736534119,0.0603743402287364,0.043474390730261804,0.03643456846475601,0.09722414190570514,0.0603743402287364,0.798904808362325,0.07643287567818752,0.1052193987320681,0.03949051161037117,0.0954079520506937,0.07643287567818752,0.747382402420044,0.8880715370178223,1.1128387451171875,1.1651204824447632,1.303230881690979,1.7665150165557861,0.7060936093330383,1.471069097518921,2.799264907836914,0.7249500751495361,0.006029760930687189,2.078794002532959,0.6252076029777527
290,0.0001,0.08435589162011942,0.9454583242747696,0.20101406364167324,0.8756250557419832,0.9330908450747998,54.48836421966553,0.059389137911299864,0.04332901577775677,0.0367522978844742,0.09663742557168006,0.059389137911299864,0.8023749937613806,0.07588720510973306,0.10527376928290383,0.035714142055052224,0.09322238457007487,0.07588720510973306,0.7454748612935426,0.8868401050567627,1.1121275424957275,1.1654536724090576,1.3023604154586792,1.7631525993347168,0.7066438794136047,1.4686853885650635,2.794724464416504,0.7247604131698608,0.005093400366604328,2.0745997428894043,0.625262439250946
291,0.0001,0.08653348684310913,0.9415268236614087,0.2084159184186185,0.8716977793924952,0.930899712783739,58.501927852630615,0.06040216069668532,0.04468342317268252,0.03691940453524391,0.09591938902934392,0.06040216069668532,0.7955028861761093,0.07813875902383054,0.10854294920553927,0.034363536500051375,0.08829128339153822,0.07813875902383054,0.7418346180290473,0.8849977254867554,1.1116265058517456,1.165976881980896,1.2988513708114624,1.7637728452682495,0.7073081135749817,1.4594752788543701,2.7884163856506348,0.7250425815582275,0.00555465929210186,2.0694756507873535,0.6251675486564636
292,0.0001,0.08654020093381405,0.943982947036819,0.19599705690243205,0.8753307091683501,0.9328582434614879,62.53550672531128,0.058404022641479966,0.04458255550513665,0.03686023087551196,0.09689156884948412,0.058404022641479966,0.8059238404035568,0.07506549425545286,0.10658891670039443,0.03879082819721738,0.09537253675402188,0.07506549425545286,0.7521238375882633,0.8834331631660461,1.1117916107177734,1.1662782430648804,1.300613522529602,1.7619510889053345,0.7076454162597656,1.4588791131973267,2.7877254486083984,0.725397527217865,0.008684027940034866,2.069688081741333,0.6260209083557129
293,0.0001,0.0864579726010561,0.9432675041653904,0.19895001146637026,0.8795065344795957,0.9351726730299441,66.40172290802002,0.059903185504178204,0.04489372071499626,0.03628784644727905,0.09760049742956957,0.059903185504178204,0.7982180645068486,0.07330827317276939,0.10638036078116933,0.03477843835583476,0.09381513871618959,0.07330827317276939,0.7545694659967892,0.8822106719017029,1.111205816268921,1.1667768955230713,1.299562931060791,1.763367772102356,0.7081925868988037,1.4528380632400513,2.787055492401123,0.7260027527809143,0.011335834860801697,2.0672965049743652,0.6267436742782593
294,0.0001,0.08628693173329036,0.9444903278528307,0.19974194980058513,0.8747567688763199,0.932497860661735,55.05282950401306,0.060780857938031355,0.04360411753877998,0.03719379737352332,0.09615378491580487,0.060780857938031355,0.7970693210760752,0.07588623366394981,0.1098418896559809,0.036963511349969225,0.09397455964420663,0.07588623366394981,0.7508358926069542,0.8827371597290039,1.110278844833374,1.1672157049179077,1.2999101877212524,1.7592869997024536,0.708558201789856,1.4534536600112915,2.7848808765411377,0.726116955280304,0.0128325829282403,2.063450813293457,0.6267554759979248
295,0.0001,0.08685393929481507,0.943006147550714,0.20644048735743664,0.8711990318084863,0.9305080646929228,54.605220317840576,0.05895697884261608,0.04470149052018921,0.036615920315186186,0.09550503107408682,0.05895697884261608,0.8021436403195064,0.07747016236430308,0.10685383736110124,0.03558252843432739,0.09467582025977432,0.07747016236430308,0.7414781382826509,0.8811883926391602,1.1100913286209106,1.1677231788635254,1.3009852170944214,1.7578704357147217,0.7089319229125977,1.4520540237426758,2.784614324569702,0.726240336894989,0.0147860711440444,2.059102773666382,0.6269434094429016
296,0.0001,0.08379484961430232,0.9459024972300359,0.1919741928577423,0.8753218268112373,0.9329456553518268,57.72171902656555,0.05893589028467735,0.042888540371010704,0.03670585999886195,0.0969985426714023,0.05893589028467735,0.808540956179301,0.07160750507819848,0.10589597984904149,0.037536915208472584,0.09243475719064963,0.07160750507819848,0.7605317704013137,0.8807680606842041,1.110295057296753,1.1678047180175781,1.2978969812393188,1.7566795349121094,0.7092710733413696,1.4487569332122803,2.7811331748962402,0.7263911962509155,0.012373661622405052,2.0574097633361816,0.6272184252738953
297,0.0001,0.0825839102268219,0.94678610551178,0.18546581268310547,0.8826997095060773,0.9371774445780507,55.275492668151855,0.059332414406041305,0.04200622783973813,0.03607928135121862,0.09478099457919598,0.059332414406041305,0.8022549907366435,0.07173308992727859,0.09931899094190753,0.03662239289918884,0.09234457719521444,0.07173308992727859,0.765264229696305,0.8795922994613647,1.1092400550842285,1.1682921648025513,1.2944591045379639,1.753563642501831,0.709648609161377,1.4444780349731445,2.777442693710327,0.7265198230743408,0.009592981077730656,2.051661968231201,0.6272295713424683
298,0.0001,0.08309675014267365,0.9467575659786162,0.1864035222374025,0.8826083969702252,0.9371482846215227,54.36697459220886,0.05840642110755046,0.04224818733831247,0.03565197655310234,0.09584851376712322,0.05840642110755046,0.8058212012052536,0.07497009732684151,0.0996045997885407,0.034996457397937775,0.09066054163897624,0.07497009732684151,0.7438094400968708,0.8766890168190002,1.1081514358520508,1.1686973571777344,1.2882152795791626,1.7527947425842285,0.7097955346107483,1.4404494762420654,2.774010419845581,0.7261908054351807,0.008713620714843273,2.050586462020874,0.6273901462554932
299,0.0001,0.08233512286096811,0.9468146004479292,0.1944040853957661,0.8798679877520399,0.9354103665849421,54.57674312591553,0.057685716263949874,0.04248628405233224,0.035826818520824116,0.09401674990852674,0.057685716263949874,0.8052798599004746,0.07185757941887026,0.10349693100471966,0.03448956575794298,0.08835313371458992,0.07185757941887026,0.7626900252748708,0.8757002353668213,1.1065609455108643,1.1692312955856323,1.2878831624984741,1.7524781227111816,0.7099193334579468,1.442456841468811,2.770984172821045,0.7262162566184998,0.008317315019667149,2.047395706176758,0.6273809671401978
300,0.0001,0.08443030677735805,0.9459039465385353,0.18477746648866622,0.8838391060775705,0.9377821424211682,54.181374311447144,0.05769133474677801,0.04252627069751422,0.03633097537482778,0.09558142224947612,0.05769133474677801,0.8097600082556407,0.07262012967076457,0.10199005730816575,0.037287176082857316,0.08942760539348008,0.07262012967076457,0.7542242378485008,0.8734155297279358,1.1052464246749878,1.169546127319336,1.2812708616256714,1.7525990009307861,0.7106419205665588,1.445741057395935,2.7687647342681885,0.7266644239425659,0.009471120312809944,2.041857957839966,0.6275790929794312
301,0.0001,0.08429211160788934,0.9458038008720693,0.192964179105446,0.8779769056550819,0.9346155030560753,55.13101148605347,0.06223339245965084,0.04267864907160401,0.03684763001898925,0.09645493080218633,0.06223339245965084,0.7943529824415843,0.07250067371813977,0.10780968602563513,0.04383882147366883,0.09482256762805533,0.07250067371813977,0.7614149021320655,0.8730312585830688,1.1049184799194336,1.169460415840149,1.2817842960357666,1.7509207725524902,0.7110267281532288,1.4419903755187988,2.7644402980804443,0.7265601754188538,0.015440642833709717,2.033231735229492,0.6271926164627075
302,0.0001,0.08286525967220465,0.9464688902435016,0.19263491254360948,0.8798898710033516,0.9354467409596551,55.99102973937988,0.05903108924006422,0.04247658628349503,0.036285635301222405,0.0947412555416425,0.05903108924006422,0.8038372615973155,0.07227128884587132,0.11171169310319619,0.037979545285467244,0.09426444720049373,0.07227128884587132,0.7523174559483763,0.8722153306007385,1.1055291891098022,1.169572114944458,1.2818655967712402,1.7504112720489502,0.7112054824829102,1.4399837255477905,2.763376235961914,0.7267987132072449,0.018176071345806122,2.0346858501434326,0.6271030902862549
303,0.0001,0.08506875988096,0.9451361659556701,0.19482898419020606,0.88280067792734,0.937260696312489,51.322675943374634,0.06217676755040884,0.043828979538132744,0.036683070162932076,0.09755589639147123,0.06217676755040884,0.7924989620844524,0.07367685333382888,0.1042033347194312,0.03882595374569541,0.09335067758306129,0.07367685333382888,0.7535950004077349,0.87215656042099,1.1048290729522705,1.1697932481765747,1.2819052934646606,1.7483885288238525,0.711439847946167,1.4380903244018555,2.7619051933288574,0.7267753481864929,0.01951024867594242,2.036741256713867,0.6273238658905029
304,0.0001,0.08238727127512296,0.9459255682403854,0.19582477187524078,0.8811018020621302,0.9363505818601721,52.383047103881836,0.059118355127672356,0.04216572493314743,0.03614333383738995,0.09649720465143521,0.059118355127672356,0.8013088564078014,0.07675078694449096,0.10232404472886539,0.03476867934719461,0.09357162992485234,0.07675078694449096,0.7484810469580478,0.8712963461875916,1.1037862300872803,1.1700096130371094,1.2808283567428589,1.748673915863037,0.7117857933044434,1.4371784925460815,2.7610321044921875,0.7269437313079834,0.01690596528351307,2.035046339035034,0.6274343132972717
305,0.0001,0.08379835225641727,0.9464911183056824,0.20923642203456067,0.8765027035551656,0.9337672979112266,52.473134994506836,0.06029315373549859,0.042812146401653685,0.03635639039178689,0.09750968416531881,0.06029315373549859,0.797701562444369,0.08648966784115697,0.10898435347881473,0.03384514504158106,0.09586671642104133,0.08648966784115697,0.7259272121992267,0.8705781102180481,1.1028820276260376,1.1703250408172607,1.2787351608276367,1.7504082918167114,0.712130606174469,1.4324253797531128,2.760755777359009,0.7267739772796631,0.03325524926185608,2.0335915088653564,0.6278676986694336
306,0.0001,0.08639540635049343,0.9442680145306436,0.20521353380601914,0.8786826646176276,0.9349617995928714,51.40228891372681,0.060291848766307034,0.044385787285864356,0.036561414568374556,0.09730294048786163,0.060291848766307034,0.7974968264500301,0.07747432894882608,0.10364658275588615,0.034127101851779904,0.09057879093729082,0.07747432894882608,0.7393175783704539,0.8710830211639404,1.1039655208587646,1.1705200672149658,1.283436894416809,1.7507781982421875,0.7123483419418335,1.4313780069351196,2.758791208267212,0.7271101474761963,0.06257039308547974,2.032808780670166,0.6275152564048767
307,0.0001,0.08268735048671563,0.946109766461904,0.1885524653509015,0.8818929200398219,0.9367371177371581,52.00042510032654,0.059911110003789264,0.042055665111790104,0.037007030689467986,0.09671045963962872,0.059911110003789264,0.7952177236477534,0.07561635592433273,0.101797061865447,0.03441125282742938,0.09513413869455213,0.07561635592433273,0.7467101890532697,0.8695985674858093,1.103137493133545,1.1706525087356567,1.2813701629638672,1.747177243232727,0.7125917673110962,1.4299774169921875,2.757481813430786,0.7273504137992859,0.06018747761845589,2.031545400619507,0.627473771572113
308,0.0001,0.0811965919410189,0.9488973113485748,0.17725679424942517,0.8882547661806329,0.9404468480691424,52.90431308746338,0.0597827710211277,0.041494429515053825,0.03608554753785332,0.09513248739143212,0.0597827710211277,0.8015462984641393,0.07104839421198016,0.0992775920961724,0.03759606558157772,0.09314555003017676,0.07104839421198016,0.7596489660075454,0.8691926002502441,1.102066159248352,1.170928716659546,1.279844880104065,1.745747685432434,0.7132059335708618,1.4307347536087036,2.7545676231384277,0.7273687124252319,0.05214836075901985,2.0284011363983154,0.6275044083595276
309,0.0001,0.08149394995222489,0.9460940857171078,0.18890466797547262,0.8815147965822606,0.9365079629337425,52.918997049331665,0.05807066609462102,0.04248547709236542,0.03564748493954539,0.09558440856635571,0.05807066609462102,0.8057910650968552,0.07306874433501823,0.10296401650202079,0.03411421387410555,0.09296665071952538,0.07306874433501823,0.7515791928181883,0.8678005337715149,1.1008169651031494,1.171203374862671,1.2784556150436401,1.744166612625122,0.7133312821388245,1.4268742799758911,2.7518272399902344,0.7275371551513672,0.04390060901641846,2.0263302326202393,0.6276698112487793
310,0.0001,0.07976195855687061,0.9484598687658614,0.1823999271041057,0.886889188167903,0.9396418608431168,54.85068464279175,0.05625403672456741,0.04114145720377564,0.035411708801984784,0.09576332941651344,0.05625403672456741,0.8129925549030304,0.07141042225917832,0.09903072089445396,0.03804736975275102,0.09207004675122558,0.07141042225917832,0.7594012735319919,0.8682669997215271,1.100653052330017,1.1714221239089966,1.2760995626449585,1.7429462671279907,0.7136249542236328,1.4250717163085938,2.747905969619751,0.727756142616272,0.0378376767039299,2.022834300994873,0.6278737783432007
311,0.0001,0.08190478204439083,0.9469055328036057,0.18913013451412075,0.8800713813697352,0.9357532414896462,55.86592650413513,0.05778089705854654,0.04304956160485744,0.03507762864852945,0.09465730413794518,0.05778089705854654,0.8050216943025589,0.07496038805998739,0.10388139610896345,0.031457845976606745,0.09134611646171475,0.07496038805998739,0.7455370807256855,0.8687074184417725,1.1003613471984863,1.1716328859329224,1.2758126258850098,1.7415772676467896,0.7138510942459106,1.4264613389968872,2.7458908557891846,0.7277308106422424,0.032881926745176315,2.0162577629089355,0.6281012892723083
312,0.0001,0.08093826615562041,0.9475292385194963,0.18130667165654604,0.8834896402907902,0.9377834991380302,55.37878441810608,0.059300414038201174,0.041692136072864136,0.036084115505218506,0.09562365698317686,0.059300414038201174,0.8036966363588969,0.07119346324537622,0.09922819120473549,0.037159791765887226,0.09489365862529786,0.07119346324537622,0.7631703478391053,0.8656941056251526,1.099457859992981,1.1717166900634766,1.27285635471344,1.7407046556472778,0.7140775322914124,1.4257550239562988,2.7441728115081787,0.7274184823036194,0.027706146240234375,2.0157201290130615,0.6280747056007385
313,0.0001,0.08142983422925075,0.9478980790012936,0.18785241539361047,0.8789124167816978,0.9350707387882181,54.53171491622925,0.0577613765373826,0.04158226562043031,0.03554093384494384,0.09665116233130296,0.0577613765373826,0.8065767655769984,0.06975797637075674,0.10635781593498636,0.0370499880709609,0.0931528028650362,0.06975797637075674,0.7662881026502515,0.8627051115036011,1.0979418754577637,1.1719869375228882,1.2698979377746582,1.7397798299789429,0.7146062254905701,1.4188110828399658,2.74316668510437,0.7277361750602722,0.023933423683047295,2.0098743438720703,0.6278873085975647
314,0.0001,0.08108444064855576,0.9477502713188304,0.18682304708684078,0.8789395659270407,0.9350539099488657,54.516470432281494,0.05853053110962113,0.04187507430712382,0.03506585002566377,0.09619081976513068,0.05853053110962113,0.799534660577774,0.07210641299359134,0.10320225700003202,0.03251719025925535,0.09070236736633738,0.07210641299359134,0.7503505691153104,0.8624635934829712,1.0986443758010864,1.172192931175232,1.2683377265930176,1.7371501922607422,0.7150627374649048,1.4186229705810547,2.739083766937256,0.7274966835975647,0.02374635636806488,2.010697603225708,0.6278432011604309
315,0.0001,0.08211200044800838,0.9463790423235067,0.19430303182758268,0.8736556365370489,0.9320251216955859,55.0684757232666,0.058195596809188524,0.0424833068313698,0.03577140082294742,0.09594287561873595,0.058195596809188524,0.8058298647403717,0.07343096823477355,0.1100162531508774,0.03793109672479942,0.09179556821701956,0.07343096823477355,0.7579050308368245,0.8618510961532593,1.0977439880371094,1.17253839969635,1.2675449848175049,1.7361661195755005,0.7152715921401978,1.4157392978668213,2.7355129718780518,0.7276656031608582,0.02108861319720745,2.00640606880188,0.6279768943786621
316,0.0001,0.08092944659292697,0.9483635581288051,0.18182143153714353,0.8833632938072166,0.9376461829125201,56.36448574066162,0.05796061319609483,0.04201659342894951,0.03587922087560098,0.09391542250911394,0.05796061319609483,0.8061527162790298,0.07161832710758584,0.10107847901641345,0.033925662153079864,0.09161953762417933,0.07161832710758584,0.7545962177339147,0.8599972128868103,1.097412347793579,1.1728193759918213,1.2664027214050293,1.7354354858398438,0.7156994938850403,1.4134125709533691,2.7323625087738037,0.7277320027351379,0.016784122213721275,2.004035472869873,0.6278344988822937
317,0.0001,0.07684489153325558,0.9509669539577444,0.18296550531856348,0.8847525559019677,0.9384509789693232,54.24551343917847,0.05605982026706139,0.03960121475781004,0.03481788315499822,0.09466921947896481,0.05605982026706139,0.8108422676722209,0.07184565684101621,0.10117898515013397,0.03397764360196278,0.09183991712624909,0.07184565684101621,0.7536325611051966,0.8583722710609436,1.0968563556671143,1.172957420349121,1.2637230157852173,1.7346211671829224,0.7160532474517822,1.414861798286438,2.73013973236084,0.7278483510017395,0.014024872332811356,2.002592086791992,0.6277481317520142
318,0.0001,0.07813517935574055,0.9494791174746334,0.18938338561136214,0.8783153970594842,0.9347233425913578,53.79136300086975,0.056972693341473736,0.03961309750253956,0.0352102185289065,0.09395747023324172,0.056972693341473736,0.8073922385772069,0.07152637753818857,0.1058421119070444,0.03537392222368326,0.0895935375182355,0.07152637753818857,0.7578067085782035,0.8570495247840881,1.0961121320724487,1.1731454133987427,1.2640165090560913,1.7323877811431885,0.7162739634513855,1.411206603050232,2.7270419597625732,0.7281716465950012,0.012280949391424656,1.9969844818115234,0.6276547312736511
319,0.0001,0.08011677948137125,0.9491867383894242,0.19545471546102744,0.875421865513798,0.9330183301441847,54.28653073310852,0.05857955987254779,0.041091415627549095,0.035443744529038666,0.09496451939145724,0.05857955987254779,0.8091485490401585,0.0756042160582347,0.11305891612514121,0.04125217452156739,0.09372902050858638,0.0756042160582347,0.7519424889908463,0.8553190231323242,1.0950285196304321,1.1733671426773071,1.262214183807373,1.7315192222595215,0.7165753841400146,1.4070261716842651,2.724536418914795,0.7280470132827759,0.011223097331821918,1.9942582845687866,0.6275887489318848
320,0.0001,0.07888321379820505,0.9494043141402302,0.1905286922806599,0.8834661014938592,0.9377717898240118,54.32488441467285,0.057958297555645306,0.04072316332409779,0.03471675577263037,0.09463542476296424,0.057958297555645306,0.8078096916278203,0.07159401213780778,0.10465300303013599,0.03574104573516572,0.09152581933580461,0.07159401213780778,0.7566420602016761,0.8542977571487427,1.0942121744155884,1.1734110116958618,1.2621138095855713,1.7310326099395752,0.716754138469696,1.407148003578186,2.7229864597320557,0.7278639674186707,0.01228320598602295,1.990016222000122,0.6275906562805176
321,0.0001,0.07809899970889092,0.9507856802259463,0.1847524982495386,0.8833852726649103,0.9376922104012022,53.763352394104004,0.057572431427737075,0.040018922587235765,0.03448413585623105,0.09380138466755548,0.057572431427737075,0.8103298395872116,0.07166700162848488,0.10450952194753241,0.03655969782075921,0.09403621283222417,0.07166700162848488,0.7595937496326008,0.8539947867393494,1.0930784940719604,1.1735202074050903,1.2611457109451294,1.7294206619262695,0.717087984085083,1.405272126197815,2.722637176513672,0.7277937531471252,0.01199416071176529,1.986202597618103,0.6278106570243835
322,0.0001,0.07811960354447364,0.9503403200666622,0.18527105572770852,0.8818044029916701,0.9367949245931381,53.59564185142517,0.05818808420250813,0.04035554512714346,0.03603370143100619,0.0930469145377477,0.05818808420250813,0.8085078358650207,0.07317038320127081,0.10238755738637487,0.03334550238901474,0.09098349511623383,0.07317038320127081,0.7477255180233815,0.8539104461669922,1.092751145362854,1.1737384796142578,1.2590175867080688,1.7266199588775635,0.7174619436264038,1.404441237449646,2.720400333404541,0.7281132340431213,0.010722033679485321,1.9844855070114136,0.6279683709144592
323,0.0001,0.07774003750334184,0.9503765809992146,0.1909531450173894,0.8779529837876817,0.934444481196677,58.36759066581726,0.05643936681250731,0.040011342521756886,0.03480547188470761,0.09477181447048982,0.05643936681250731,0.8148176530996959,0.07462402445371033,0.10848142585304917,0.03558132162348169,0.09302310608938093,0.07462402445371033,0.7462877621416186,0.854117751121521,1.0923832654953003,1.1741695404052734,1.2573291063308716,1.724475383758545,0.7176274657249451,1.4038258790969849,2.717327833175659,0.7283939719200134,0.00956194568425417,1.98087477684021,0.6283503174781799
324,0.0001,0.07716359328478575,0.949525853246993,0.18820061571285374,0.8794543837973818,0.9353327647458902,53.302420139312744,0.05603972561657429,0.03967566334952911,0.03433550912886858,0.0937751301874717,0.05603972561657429,0.8119208614031473,0.0745475981079164,0.10655526377138544,0.03738946070680853,0.09335459597775193,0.0745475981079164,0.7532563307246224,0.8526871204376221,1.09218168258667,1.1744694709777832,1.2561906576156616,1.7233349084854126,0.7177896499633789,1.4032763242721558,2.715540885925293,0.7283980250358582,0.008719616569578648,1.9777895212173462,0.6284440755844116
325,0.0001,0.0779342240964373,0.9494657011421683,0.18323848164472423,0.8843364237455222,0.9382204493888223,55.90904927253723,0.056439826264977455,0.039955590448031826,0.0348167112407585,0.09393383500476678,0.056439826264977455,0.809795805811882,0.07215163600249369,0.10385593637579778,0.037385735263834236,0.09376196807525197,0.07215163600249369,0.7530277801341698,0.8525761961936951,1.0917118787765503,1.1745260953903198,1.257374882698059,1.7233493328094482,0.7181167006492615,1.400891900062561,2.7130398750305176,0.7284828424453735,0.009451922960579395,1.9741714000701904,0.6283449530601501
326,0.0001,0.07757946408043305,0.9500499113085312,0.18157730581330472,0.8862823214968076,0.9393216626712296,54.561808586120605,0.05674168510983388,0.04022161085158586,0.03492703478162487,0.09313298252721627,0.05674168510983388,0.8117057989041011,0.07099713867560761,0.10250405234391571,0.03489615328487803,0.09335502078298663,0.07099713867560761,0.7545146052954627,0.8516680598258972,1.0910176038742065,1.1745514869689941,1.2552907466888428,1.7214285135269165,0.7184282541275024,1.398140788078308,2.7104856967926025,0.7283714413642883,0.007407214026898146,1.971537470817566,0.6283568143844604
327,0.0001,0.07643434914449851,0.9509820397017401,0.20140744599162555,0.8741611847300415,0.9321289069486415,54.274527072906494,0.05642222265402476,0.03897527065128088,0.03478013134251038,0.09437822215259076,0.05642222265402476,0.8139309376478195,0.0751451311297104,0.11224805429333547,0.03581652020821806,0.09319231366036368,0.0751451311297104,0.7534459672990392,0.8515597581863403,1.0910269021987915,1.1747463941574097,1.2531027793884277,1.7196013927459717,0.7186879515647888,1.3995583057403564,2.70973539352417,0.7284154295921326,0.006864483933895826,1.9687354564666748,0.62831711769104
328,0.0001,0.07670027514298756,0.951070396410092,0.1826937213295796,0.8864114264039653,0.9393887029899489,54.51565408706665,0.05797087550163269,0.03924206700176001,0.03487949715927243,0.09430153494079908,0.05797087550163269,0.805470077196757,0.07018573643242726,0.10271307361907646,0.03581654561347649,0.0908562224663672,0.07018573643242726,0.7669072415007919,0.8498972654342651,1.0902677774429321,1.1749886274337769,1.252454400062561,1.7182178497314453,0.7189279198646545,1.3950250148773193,2.7084476947784424,0.7283527851104736,0.006497429218143225,1.966670274734497,0.6282655000686646
329,0.0001,0.07614543618013461,0.9500674621089901,0.18053358158127206,0.8889984854898874,0.940907591418259,53.914252042770386,0.055712589000662165,0.0392660992530485,0.0344974867378672,0.09299054915706316,0.055712589000662165,0.8096005926529567,0.07076466804156538,0.09899292483192976,0.03262364467392202,0.08875680836986323,0.07076466804156538,0.7607754459146594,0.8499726057052612,1.0891038179397583,1.175436019897461,1.252724051475525,1.716494083404541,0.719001829624176,1.3933466672897339,2.7056000232696533,0.7281321287155151,0.005445376038551331,1.9622642993927002,0.6281888484954834
330,0.0001,0.07495743023852507,0.9517096611735412,0.18824616611981002,0.8830080381423233,0.9374483025366562,53.95027470588684,0.0557267644132177,0.03860457589228948,0.034599443121502794,0.09333666016658147,0.0557267644132177,0.819620622197787,0.07261619008466845,0.10727427362418565,0.04100986362480726,0.09197950778437443,0.07261619008466845,0.7612861492594735,0.8497453927993774,1.0887771844863892,1.175611972808838,1.250304937362671,1.7143665552139282,0.7193666100502014,1.391136646270752,2.7022817134857178,0.7281314134597778,0.004169723019003868,1.9601221084594727,0.627903163433075
331,0.0001,0.0750628829623262,0.9520776291990948,0.18683743134873812,0.8821574558483909,0.9369460982530642,54.41203022003174,0.05717784849305948,0.03830486567070087,0.034818238796045384,0.09342034595708053,0.05717784849305948,0.8137169390916824,0.0712975625131951,0.10711451949643307,0.036601270625337225,0.09160044007614011,0.0712975625131951,0.7578839210213207,0.849824070930481,1.088417410850525,1.1760092973709106,1.249017596244812,1.7133196592330933,0.7195269465446472,1.387742042541504,2.69988751411438,0.7280888557434082,0.003481757827103138,1.95624840259552,0.6278964877128601
332,0.0001,0.07706720232963563,0.9506069910326614,0.1842766367509717,0.8853412094450603,0.938858106336935,56.11343288421631,0.05595506293078264,0.03960221344605088,0.03452738386889299,0.09381585444013278,0.05595506293078264,0.8154305875301361,0.0728015779960351,0.10283046655479025,0.03273554460802039,0.0891858741152482,0.0728015779960351,0.7488622411352689,0.8482732772827148,1.0885097980499268,1.176179051399231,1.246069312095642,1.711625337600708,0.7199984788894653,1.3859084844589233,2.6974236965179443,0.7280041575431824,0.002897771541029215,1.9512078762054443,0.6276736259460449
333,0.0001,0.07492698356509209,0.9519256316121099,0.19300158004291723,0.8773037807315899,0.9342210489569016,54.644376039505005,0.056281999312341215,0.03846204926570256,0.03416822931418816,0.09403068025906881,0.056281999312341215,0.8067141741514205,0.07595441386592193,0.1118637594531794,0.03504421073393744,0.09262933801920688,0.07595441386592193,0.7473931762038685,0.8486481308937073,1.0884805917739868,1.1765638589859009,1.2446739673614502,1.7113962173461914,0.7203862071037292,1.385660171508789,2.6955645084381104,0.7283313274383545,0.0028851155657321215,1.950081706047058,0.627617597579956
334,0.0001,0.0769317697112759,0.9504044438695641,0.18355452916661247,0.88652592505241,0.939487364401785,53.09330677986145,0.05651654476920764,0.0403666122816503,0.034284453156093755,0.09392519158621629,0.05651654476920764,0.8146379450956981,0.07074716821557185,0.10541269390798005,0.034812769073931896,0.09082502883965851,0.07074716821557185,0.7525591244463061,0.8480287790298462,1.0877212285995483,1.1766196489334106,1.2413564920425415,1.7106467485427856,0.7205467820167542,1.3830387592315674,2.6930618286132812,0.7284989356994629,0.0023164597805589437,1.945792317390442,0.6274765133857727
335,0.0001,0.07405333550026019,0.9520385606410282,0.18661808650024603,0.8813840420299921,0.9365316654946413,54.02947402000427,0.05409011629720529,0.03827230778212349,0.033486949869741996,0.09273897061745326,0.05409011629720529,0.8222988049189249,0.069292136147374,0.10805322840565541,0.03492894762607872,0.09017815453107239,0.069292136147374,0.7632198294655221,0.8462280631065369,1.087641954421997,1.1768512725830078,1.2399448156356812,1.7093147039413452,0.7209298014640808,1.380613923072815,2.690868616104126,0.7285354733467102,0.0019143404206261039,1.9421929121017456,0.6275198459625244
336,0.0001,0.07577518777300914,0.9519114267556036,0.18319893787141706,0.8837342527649243,0.9378703027172692,53.268343687057495,0.056579292317231494,0.03882039751236637,0.034433448656151694,0.09319857706626257,0.056579292317231494,0.8110371609528859,0.07027245587745651,0.10511738794748901,0.03495964453723587,0.08991352236661755,0.07027245587745651,0.7602904468286232,0.845547616481781,1.0874673128128052,1.176937460899353,1.2400295734405518,1.7080861330032349,0.7212474942207336,1.381761074066162,2.6883633136749268,0.7284655570983887,0.001826710649766028,1.9392213821411133,0.6275147199630737
337,0.0001,0.07677006144076585,0.9500696330906631,0.19212220511475547,0.8782240685201429,0.9346772518374732,53.80955362319946,0.05594671480357647,0.03988905331740777,0.0344724594304959,0.09294462477167448,0.05594671480357647,0.8107649972041447,0.07145335207708546,0.10939146138605524,0.03383993962016262,0.08969639547047067,0.07145335207708546,0.754366648001749,0.8442825675010681,1.086822271347046,1.176926851272583,1.2376089096069336,1.7060450315475464,0.7216266393661499,1.3829337358474731,2.6854758262634277,0.7285206317901611,0.0018447942566126585,1.9333974123001099,0.6274887919425964
338,0.0001,0.07814734186977149,0.9499139495303621,0.18851805832542357,0.8796541350896931,0.9355366428356217,53.51235032081604,0.05827246326953173,0.04024471628169219,0.034332860819995405,0.09328276738524437,0.05827246326953173,0.8059046149253846,0.07311764151835051,0.10755251201449847,0.033565699870957706,0.0887780845409534,0.07311764151835051,0.7502409131800543,0.8429416418075562,1.0861984491348267,1.1770925521850586,1.237656831741333,1.7055668830871582,0.721987783908844,1.380812644958496,2.6838815212249756,0.7283653020858765,0.00257017370313406,1.9312273263931274,0.6275918483734131
339,0.0001,0.07515590277810892,0.9519957734353081,0.18532865604416268,0.8866599048309741,0.9395493650625975,54.4118812084198,0.05715406822661559,0.038438023844112955,0.034496165532618764,0.09323324176172415,0.05715406822661559,0.8060593912998836,0.07203953230723006,0.1057937992889373,0.034736536015741164,0.09063530310255583,0.07203953230723006,0.7526503801345825,0.8423939347267151,1.085255742073059,1.1773426532745361,1.2358806133270264,1.7046122550964355,0.7220643162727356,1.377872109413147,2.681957721710205,0.728411853313446,0.0036046800669282675,1.928077220916748,0.6275969743728638
340,0.0001,0.07454210308690866,0.9516295975963192,0.18214549783800468,0.8898283063545027,0.9413570113381471,54.91570019721985,0.05559594494601091,0.038674728168795504,0.0337593593634665,0.09262303188443184,0.05559594494601091,0.8182703286409378,0.07190133106024539,0.10168074645468446,0.032558055533493155,0.08915785431373315,0.07190133106024539,0.7540271760987454,0.8417706489562988,1.0848720073699951,1.1776530742645264,1.2341258525848389,1.7032244205474854,0.7220518589019775,1.3776583671569824,2.6810340881347656,0.7283716797828674,0.005083085503429174,1.9255000352859497,0.6278912425041199
341,0.0001,0.07318930172671874,0.9532700348886988,0.18206979627491998,0.8854015316457279,0.9387629098123799,53.36930751800537,0.05548145677894354,0.037474804030110435,0.033949578336129584,0.09278157862524192,0.05548145677894354,0.8201397160689036,0.07074484681008292,0.1060709292527105,0.03620676708514573,0.08945170167039652,0.07074484681008292,0.7591309899189433,0.8415765762329102,1.085075855255127,1.177834153175354,1.232677936553955,1.70111083984375,0.7221174836158752,1.3755429983139038,2.6789066791534424,0.7283962368965149,0.005380472633987665,1.9201091527938843,0.6280369758605957
342,0.0001,0.07531363784025112,0.9517516568101273,0.17853716699803462,0.8893365045595282,0.9409719884679946,55.91151809692383,0.05619343767563502,0.03828276967008908,0.034233346084753674,0.09219177303214868,0.05619343767563502,0.8100803832213084,0.06995563019738822,0.10385561087092415,0.03506936145121934,0.08833195000398354,0.06995563019738822,0.76340259684891,0.840928852558136,1.084531307220459,1.1780409812927246,1.2327603101730347,1.700232744216919,0.7223268151283264,1.3736751079559326,2.677121162414551,0.7285786867141724,0.006814072374254465,1.9150824546813965,0.6278154253959656
343,0.0001,0.07417482510209084,0.9527913804979201,0.18996861772459062,0.8818490663196105,0.9368131108644704,52.110536336898804,0.05600359893093507,0.03825157179186742,0.03401252580806613,0.09199389393130938,0.05600359893093507,0.8141199926535289,0.07475007075022479,0.10769132561370974,0.03383946266086375,0.08931718876615899,0.07475007075022479,0.7504496896853212,0.8391611576080322,1.084193468093872,1.1782915592193604,1.2315642833709717,1.698747158050537,0.7225937843322754,1.3707668781280518,2.6755788326263428,0.7285529375076294,0.005604354199022055,1.9128122329711914,0.6278181672096252
344,0.0001,0.07473250782738129,0.952627315728513,0.18688634892956155,0.8863590193894818,0.9392806984053269,42.136045694351196,0.055931767386694746,0.038737404905259606,0.033607140028228365,0.09165539493163427,0.055931767386694746,0.81322560608387,0.07071455531432981,0.10614698746653854,0.03585384554061733,0.08995432113526297,0.07071455531432981,0.7630736886477861,0.8375409245491028,1.0842983722686768,1.1786600351333618,1.2298530340194702,1.6975128650665283,0.7228877544403076,1.3685791492462158,2.672649383544922,0.7284346222877502,0.00511888787150383,1.9108185768127441,0.6279691457748413
345,0.0001,0.07358981240540743,0.9536491390390248,0.18564621933171008,0.8834496204542,0.9377424436274334,35.836626291275024,0.056290489497284095,0.03761207483087977,0.03444290046269695,0.0917209009329478,0.056290489497284095,0.8119797716538112,0.07121223138004053,0.10485666575001888,0.037633379890781936,0.08970937340474519,0.07121223138004053,0.7616980564398844,0.8363810181617737,1.0834903717041016,1.1788597106933594,1.227819800376892,1.6962684392929077,0.7231735587120056,1.3669452667236328,2.6710948944091797,0.7283022403717041,0.007712916005402803,1.9066516160964966,0.6279609203338623
346,0.0001,0.07538262779513995,0.9519333761360768,0.18000462504683948,0.8893414045558251,0.9410920362551239,34.9127995967865,0.05498261203368505,0.038891078035036726,0.033749637907991806,0.09204837083816528,0.05498261203368505,0.8138873050610225,0.07152255795529631,0.1008973944871152,0.03424599546878064,0.08990914472302453,0.07152255795529631,0.7574054071160613,0.8356838226318359,1.082885980606079,1.1789284944534302,1.2254018783569336,1.6957234144210815,0.7235088348388672,1.362645149230957,2.6685359477996826,0.7281545400619507,0.007813062518835068,1.9029779434204102,0.6280136108398438
347,0.0001,0.07187911296884218,0.9541605651556856,0.1846115222719849,0.8828878440858301,0.9373139587235726,35.30897045135498,0.05485014480849107,0.03691026813661059,0.033777903951704505,0.09155999422073365,0.05485014480849107,0.8223520239194234,0.07144035753168043,0.107188417041888,0.03485935975293644,0.0902645189742573,0.07144035753168043,0.7563036367541454,0.8353826999664307,1.0828526020050049,1.1788513660430908,1.224480152130127,1.6948076486587524,0.7239108085632324,1.3597732782363892,2.6662113666534424,0.728042721748352,0.007284931372851133,1.9006601572036743,0.6280062198638916
348,0.0001,0.07463784255087376,0.9520769743243399,0.18529730180247886,0.8856323684064524,0.9389603977435136,34.852320432662964,0.056434946072598295,0.03816967572396,0.034434214762101574,0.09148296390970548,0.056434946072598295,0.809805405139923,0.0709995684809372,0.1060306217338218,0.03445145151898509,0.08959967178888008,0.0709995684809372,0.7563411300299597,0.8350335359573364,1.0824145078659058,1.1790916919708252,1.2238273620605469,1.6945042610168457,0.7242250442504883,1.3591408729553223,2.66455078125,0.7281836271286011,0.008676490746438503,1.8987886905670166,0.627833902835846
349,0.0001,0.0729025743280848,0.953118786975142,0.18576561280938444,0.8861851892756166,0.9391369119718188,35.36640405654907,0.05414103971173366,0.037756059784442186,0.033310608969380456,0.09251015993456045,0.05414103971173366,0.8206469933191936,0.072390044810342,0.10624123535683898,0.03424311545295793,0.08982624516623919,0.072390044810342,0.756147599611126,0.834001362323761,1.0821784734725952,1.1793298721313477,1.2240419387817383,1.6934282779693604,0.7245129346847534,1.3577868938446045,2.6632354259490967,0.7282761335372925,0.008294259198009968,1.8960074186325073,0.6279010772705078
350,0.0001,0.07136362387488286,0.954855032865458,0.18621589047986953,0.8855524230682623,0.9388772809299663,35.406492948532104,0.054393724724650386,0.03657638772080342,0.033513855561614035,0.09171800650656223,0.054393724724650386,0.8236024131377538,0.07076231665054306,0.10724735284437899,0.03533208345780607,0.09016432649776583,0.07076231665054306,0.7574247737399867,0.8317962884902954,1.0821170806884766,1.1795799732208252,1.2227563858032227,1.6927032470703125,0.7249762415885925,1.3557167053222656,2.6609537601470947,0.7282083630561829,0.008193287998437881,1.8928861618041992,0.6281172633171082
351,0.0001,0.07320369593799114,0.9538907966136243,0.18559937569938723,0.886395627536127,0.9393656608776403,34.75139284133911,0.055033961807688075,0.038173211428026356,0.03367286364858349,0.09183030736943086,0.055033961807688075,0.8185500582059224,0.07025637758559868,0.10564708160083802,0.034048582534076735,0.08907997779181746,0.07025637758559868,0.7602394125500663,0.8321132659912109,1.0817559957504272,1.1796823740005493,1.220731258392334,1.6901671886444092,0.7250577211380005,1.3544211387634277,2.660072088241577,0.7282981872558594,0.008961325511336327,1.8900703191757202,0.6281589269638062
352,0.0001,0.07143986827383439,0.9543558794001545,0.18855080716922634,0.8834207025187069,0.9376434972786059,34.632333278656006,0.05480543555070957,0.036673844574640194,0.03338368569190304,0.0923824300368627,0.05480543555070957,0.8236873557170232,0.07411986369578565,0.1052975774299903,0.03046010721658097,0.08643717611910867,0.07411986369578565,0.7492401805080351,0.8305957913398743,1.0814024209976196,1.1799801588058472,1.2196905612945557,1.6895577907562256,0.7251730561256409,1.3543628454208374,2.658703565597534,0.7283126711845398,0.00986874382942915,1.8901070356369019,0.6282392740249634
353,0.0001,0.07209735438227653,0.9539370716260851,0.1901961484404861,0.8836909448294035,0.9377517224672303,34.678102016448975,0.055689120975633465,0.03736809805656473,0.033845972176641224,0.0920372724533081,0.055689120975633465,0.8173722813526789,0.07233471472243794,0.10922330104913867,0.0343140899890759,0.09012136974784195,0.07233471472243794,0.7502109945797529,0.8303526043891907,1.0805182456970215,1.1800568103790283,1.2179977893829346,1.688502550125122,0.7253673672676086,1.3528163433074951,2.6557416915893555,0.7282997369766235,0.008328141644597054,1.8882392644882202,0.628175675868988
354,0.0001,0.07255164378633101,0.9539915584465332,0.1907161716066423,0.8822654348403159,0.9369228044163579,34.25119948387146,0.05588313142458598,0.03726930341993769,0.03418144400541981,0.09128418204685053,0.05588313142458598,0.8135251402854919,0.07064048206952751,0.10804527033059323,0.03944382773803883,0.08966671064740321,0.07064048206952751,0.7621197583245449,0.8297191262245178,1.0803710222244263,1.1802891492843628,1.217155933380127,1.6865769624710083,0.7256055474281311,1.3503707647323608,2.6550559997558594,0.7282513380050659,0.0074388026259839535,1.8857430219650269,0.6281366348266602
355,0.0001,0.07314425483345985,0.9541164967788169,0.18719076401874668,0.881809556718953,0.9366216791096907,33.98104524612427,0.05611914216230313,0.037740289544065796,0.033632541975627345,0.09256172999739647,0.05611914216230313,0.8162690748771032,0.06985006505837206,0.10843042064397061,0.036836833677819515,0.08982577993244421,0.06985006505837206,0.7660140746929607,0.8294950127601624,1.080313801765442,1.1805611848831177,1.2149341106414795,1.6854770183563232,0.7259195446968079,1.348668098449707,2.6531946659088135,0.7282180786132812,0.007550494745373726,1.8824771642684937,0.6279885768890381
356,0.0001,0.07443599496036768,0.9534276834597167,0.18730156832054012,0.8843540164921756,0.9380288520232308,33.859198570251465,0.05793781224638224,0.038075266716380916,0.034561606931189696,0.09266244433820248,0.05793781224638224,0.8071602245171865,0.06938338865999316,0.1099877843602759,0.03385172576689329,0.0892044360764691,0.06938338865999316,0.7595116124778497,0.828185498714447,1.0800445079803467,1.180689811706543,1.2138376235961914,1.686693549156189,0.7260507941246033,1.345410704612732,2.6505768299102783,0.728081226348877,0.00965753011405468,1.8742055892944336,0.6281349658966064
357,0.0001,0.07217883995423714,0.9541963723686331,0.18328491879291223,0.888097980310852,0.9403322704686911,35.98795557022095,0.05527012987683217,0.03730495205769936,0.033999696963777144,0.09346212210754554,0.05527012987683217,0.8194497942924499,0.07023771455297705,0.10470632463693619,0.03514144807809689,0.0881528507490627,0.07023771455297705,0.7608390548190133,0.8277023434638977,1.079943299293518,1.180846929550171,1.2140215635299683,1.684838056564331,0.7263962626457214,1.3457958698272705,2.6496777534484863,0.7280851602554321,0.010500994510948658,1.8706682920455933,0.6282157301902771
358,0.0001,0.07019884201387565,0.9559040001601941,0.18659801072761661,0.885994850649687,0.9390868506478195,34.359074115753174,0.05250984920809666,0.035979200371851525,0.032880103091398875,0.09175528896351655,0.05250984920809666,0.8291668564081192,0.06983437193710296,0.10957873722568887,0.03424343930893257,0.08979688279452872,0.06983437193710296,0.7586035503715766,0.8278947472572327,1.0794153213500977,1.181045413017273,1.213486909866333,1.6833992004394531,0.7265670299530029,1.3453954458236694,2.647075653076172,0.7281976342201233,0.008890870958566666,1.8653925657272339,0.6280710697174072
359,0.0001,0.07028837514420351,0.9557268312817603,0.18555611591847215,0.8860295746331516,0.9391971131155783,34.040764570236206,0.05446223163356383,0.03595617183794578,0.03325069788843393,0.09157675579190254,0.05446223163356383,0.8223773568868638,0.07049646002591634,0.10839844824837856,0.034593645941282884,0.08874074174243896,0.07049646002591634,0.7617396106485461,0.827497124671936,1.079217553138733,1.1813194751739502,1.212170124053955,1.6824513673782349,0.7266548871994019,1.3427157402038574,2.6442039012908936,0.7280701994895935,0.008108953014016151,1.86192786693573,0.6278939247131348
360,0.0001,0.07120799676825602,0.9552342700887135,0.19049809164688236,0.8845749520732212,0.9382833793306792,34.197434425354004,0.05482089531918367,0.03603257977714141,0.03282996512328585,0.0910524133592844,0.05482089531918367,0.8186659961938858,0.07053920993062317,0.11042011443708764,0.03627198409350192,0.08942973491598348,0.07053920993062317,0.7614356807020844,0.8278799653053284,1.0792372226715088,1.1815129518508911,1.2113533020019531,1.681569218635559,0.7269431948661804,1.3408820629119873,2.6428275108337402,0.7280904650688171,0.007520793005824089,1.8583842515945435,0.6278135180473328
361,0.0001,0.07210749574005604,0.9544953354283572,0.19279698954253902,0.8816776242536846,0.936578203362695,33.898595571517944,0.055481743377943836,0.03731990155453483,0.03308000530426701,0.0915546632061402,0.055481743377943836,0.8221985340118408,0.07146929497601556,0.11129025455381049,0.032872829158775145,0.08794759971196534,0.07146929497601556,0.7580754541959919,0.8276757001876831,1.0785552263259888,1.1815786361694336,1.2110381126403809,1.6799994707107544,0.7272849082946777,1.3390119075775146,2.641146183013916,0.7283207774162292,0.007630253676325083,1.8594504594802856,0.6278732419013977
362,0.0001,0.07164599715421598,0.9535818015865499,0.1875142313417841,0.8849061088715916,0.9385170324498371,36.05543851852417,0.05458129060765107,0.03701383356625835,0.033712876277665296,0.09186852214237054,0.05458129060765107,0.820738477508227,0.07136979735777026,0.1074702471006112,0.03289559990411899,0.08838644745897074,0.07136979735777026,0.7531346385596228,0.826076865196228,1.0779151916503906,1.1817139387130737,1.2110812664031982,1.679177165031433,0.72747403383255,1.3373898267745972,2.6382832527160645,0.728385865688324,0.009420251473784447,1.8563752174377441,0.6280474662780762
363,0.0001,0.07149768738696972,0.9548287619810553,0.19434253456162626,0.878989084069029,0.934995732934622,34.835750102996826,0.05528261493891477,0.037080282873163624,0.03312442448611061,0.09349523894488812,0.05528261493891477,0.8164645294348399,0.07133197057686869,0.11457023879543679,0.035167299424771405,0.08975020881559027,0.07133197057686869,0.7563745770298067,0.8258722424507141,1.0775964260101318,1.1818979978561401,1.210094928741455,1.6774566173553467,0.7275968194007874,1.3343642950057983,2.6365976333618164,0.728351891040802,0.010330039076507092,1.8541477918624878,0.6280273199081421
364,0.0001,0.07012926110376914,0.9542423361397793,0.1912381175111552,0.8820823350820342,0.9367438334130748,35.356454849243164,0.053843533930679165,0.03591184333587686,0.032830631360411644,0.09141102395951747,0.053843533930679165,0.8214567452669144,0.07119784149967257,0.11217373291977116,0.031739438013708,0.08924958451849516,0.07119784149967257,0.7537624474431648,0.8247504234313965,1.0768775939941406,1.1820485591888428,1.2079163789749146,1.6768290996551514,0.7278656959533691,1.333694577217102,2.6349596977233887,0.7282269597053528,0.011324476450681686,1.852691411972046,0.6280378699302673
365,0.0001,0.07061330117285251,0.9554462330445443,0.18414797352962806,0.8874305282940936,0.9399618308679503,35.90241527557373,0.05495468967904647,0.03626331382741531,0.03384711236382524,0.09242338513334593,0.05495468967904647,0.8167392472426097,0.0697724946820345,0.10663548331768787,0.03440296912535292,0.08991514134113907,0.0697724946820345,0.7603795714065676,0.824303150177002,1.0765048265457153,1.1821861267089844,1.2072649002075195,1.676207184791565,0.728015661239624,1.331295132637024,2.633228302001953,0.7282523512840271,0.010331445373594761,1.8493623733520508,0.6280156373977661
366,0.0001,0.07131855183591446,0.9542819332050403,0.18656732679390517,0.8883214364526676,0.9405225902386164,34.55104374885559,0.05457403051356475,0.03680834795037905,0.03339696116745472,0.09255421906709671,0.05457403051356475,0.8163297524054846,0.070601189295288,0.10733721356411449,0.032995148760373474,0.08828068255889611,0.070601189295288,0.7592670956595999,0.8246214389801025,1.0761168003082275,1.182265043258667,1.2052931785583496,1.6757512092590332,0.7280880808830261,1.3287060260772705,2.631460189819336,0.7281181216239929,0.009368972852826118,1.846869945526123,0.628131091594696
367,0.0001,0.07023387743781011,0.9555854972603776,0.19425548857352773,0.887223300903909,0.9399145500238187,35.801252126693726,0.05346808104465405,0.03627639996508757,0.032925983021656675,0.09192203705509504,0.05346808104465405,0.8192305554946263,0.06992715939146574,0.10967148913711798,0.03417901300870981,0.08799466429675212,0.06992715939146574,0.7640082777523604,0.8245835900306702,1.0757222175598145,1.1824067831039429,1.204694151878357,1.6751114130020142,0.7283438444137573,1.324702501296997,2.628467559814453,0.7280157208442688,0.008182852528989315,1.8448539972305298,0.6280989646911621
368,0.0001,0.06882019974291324,0.956860988408295,0.19151800919751652,0.8842281970838235,0.938127518809595,34.267054319381714,0.05435493886470795,0.034968192409724,0.03384687704965472,0.0909156812975804,0.05435493886470795,0.8238605737686158,0.07114310025191697,0.1110955545159637,0.03210266685632408,0.08860415721037349,0.07114310025191697,0.7546687214100947,0.8239235281944275,1.075791358947754,1.1824851036071777,1.2031683921813965,1.6732350587844849,0.7286784648895264,1.32271146774292,2.6276814937591553,0.7279718518257141,0.008738629519939423,1.8451268672943115,0.6280505657196045
369,0.0001,0.06979659205923477,0.9556117324858524,0.18483773460153674,0.8869905439198017,0.9396464649025875,36.15015363693237,0.0548837002987663,0.03594205171490709,0.03323179952179392,0.09070683134098848,0.0548837002987663,0.8173215766747792,0.07006970707510339,0.10973706084196685,0.03365788608789444,0.08997261756267703,0.07006970707510339,0.7565405828053834,0.8231711387634277,1.0754306316375732,1.1826982498168945,1.2022655010223389,1.6720147132873535,0.7289897799491882,1.3240879774093628,2.6248161792755127,0.7281515002250671,0.0065280599519610405,1.8447209596633911,0.628117561340332
370,0.0001,0.06974824126809835,0.95683158492334,0.18779612295940273,0.8868142265369242,0.9396258944441656,37.00029635429382,0.055178451786438626,0.035529634449630976,0.033437283243983984,0.09088830053806304,0.055178451786438626,0.8190659443537395,0.06984446368745116,0.10872024761848763,0.03523174123685868,0.08951332762104566,0.06984446368745116,0.7626265746648194,0.8219430446624756,1.0749095678329468,1.1828258037567139,1.2009507417678833,1.671079158782959,0.72906494140625,1.322711706161499,2.6227056980133057,0.728127658367157,0.005489739123731852,1.840530514717102,0.6280642151832581
371,0.0001,0.06857218487809101,0.9563211214038937,0.18980791407530426,0.885729036735799,0.9389998160725034,36.99274396896362,0.05344153214246035,0.03517950965712468,0.032474617939442396,0.09132474847137928,0.05344153214246035,0.8233436644077301,0.07249852343172324,0.10943461514887262,0.031720571006174945,0.08849532181610827,0.07249852343172324,0.7530131115288031,0.8210678696632385,1.0750093460083008,1.182873010635376,1.2013076543807983,1.6697354316711426,0.7293828725814819,1.3219975233078003,2.6201913356781006,0.7281595468521118,0.005324393976479769,1.8372019529342651,0.6280579566955566
372,0.0001,0.06988096752514442,0.9552393994129095,0.19042802907404352,0.8843928938363433,0.9382891464047358,34.95672798156738,0.05436962135136127,0.03650967736418049,0.0326630805619061,0.09158205998440584,0.05436962135136127,0.8209975481033325,0.06982798434671808,0.10949744186440452,0.03323240840777022,0.08823560385919008,0.06982798434671808,0.7621584759383905,0.8207913041114807,1.0745865106582642,1.1829599142074585,1.1997556686401367,1.6680772304534912,0.7295175194740295,1.3209905624389648,2.618027925491333,0.7280906438827515,0.005128754302859306,1.8338578939437866,0.6280257701873779
373,0.0001,0.07002966447422902,0.9556774918360104,0.18631927864473374,0.887285459507183,0.9399207256173363,35.49361324310303,0.05466415509581566,0.03610215249160926,0.033067790387819214,0.09062431193888187,0.05466415509581566,0.8222139736016592,0.0711236702369862,0.10853343041705303,0.03564166998276945,0.08830024973779428,0.0711236702369862,0.7573689144165789,0.8196688294410706,1.0739563703536987,1.18312668800354,1.1983741521835327,1.6673201322555542,0.7295538783073425,1.3188512325286865,2.615354537963867,0.7280827760696411,0.0052718911319971085,1.8311197757720947,0.6280419826507568
374,0.0001,0.06874523671964804,0.9565582703903727,0.191495950593323,0.8836219518760099,0.9377994575045132,35.18239212036133,0.053828213115533194,0.035387317774196465,0.03279013261198997,0.09042502231895924,0.053828213115533194,0.8228494465351105,0.0716698419485913,0.11223084223074992,0.03199630743656002,0.08664313948056737,0.0716698419485913,0.7552921635205628,0.8188565969467163,1.073488473892212,1.1832677125930786,1.1959158182144165,1.6663357019424438,0.7297753095626831,1.316904902458191,2.6134188175201416,0.7280198335647583,0.00616317568346858,1.825119137763977,0.6278349757194519
375,0.0001,0.06791451722383499,0.9571892597330154,0.19162438174740212,0.8836022975409359,0.9377181593668509,34.60091972351074,0.0534030736113588,0.03486962706471483,0.0329070510653158,0.09097286686301231,0.0534030736113588,0.8275833944479625,0.07236795261746547,0.11132931562720752,0.031872584286038994,0.08710557161296001,0.07236795261746547,0.7542517136354916,0.8180628418922424,1.0734385251998901,1.1835054159164429,1.1945489645004272,1.6650162935256958,0.7300398945808411,1.3156436681747437,2.611665964126587,0.7282326817512512,0.0060424781404435635,1.822912335395813,0.6279175877571106
376,0.0001,0.06898057491828997,0.9563209370407143,0.19185611752213025,0.8843395882256231,0.9381018359291144,35.42805314064026,0.053688977658748624,0.03576050226887067,0.03246946179618438,0.08963690474629402,0.053688977658748624,0.8210939466953278,0.07037793893794544,0.11285486450937927,0.03377792208653982,0.08789445374344217,0.07037793893794544,0.7582505374658303,0.8177213072776794,1.0736268758773804,1.1836621761322021,1.1934581995010376,1.6642332077026367,0.7301876544952393,1.3141316175460815,2.6097328662872314,0.7282118797302246,0.0056318375281989574,1.819414734840393,0.6279524564743042
377,0.0001,0.06826669592410325,0.9568221588834384,0.18711883953360262,0.8873701627898172,0.9399132739035286,35.429195165634155,0.052684774870673814,0.03528512775277098,0.032698282568405075,0.08996264909704527,0.052684774870673814,0.825001656015714,0.07030773052915198,0.10997497962146509,0.03147917271393244,0.08744742342683136,0.07030773052915198,0.7585198654503119,0.8165867328643799,1.073239803314209,1.1836587190628052,1.191519856452942,1.6630144119262695,0.7304009199142456,1.3135769367218018,2.607445240020752,0.7281555533409119,0.006528827827423811,1.8157193660736084,0.6280639171600342
378,0.0001,0.0695462857062618,0.9561998848123934,0.1911686651530813,0.883298284817847,0.9375024683378496,35.91202664375305,0.05417485243330399,0.036182277960081895,0.03295927712072929,0.08988441427548727,0.05417485243330399,0.8198758413394293,0.07066690506505184,0.11286388716248215,0.032978667282178756,0.08668639254374583,0.07066690506505184,0.7596304660937825,0.816194474697113,1.0726842880249023,1.1838222742080688,1.1907222270965576,1.6617612838745117,0.7306798100471497,1.3121411800384521,2.605090379714966,0.7282593250274658,0.007505461107939482,1.8125817775726318,0.6280596852302551
379,0.0001,0.0710942342877388,0.953802624669228,0.19374035225539912,0.886269938043969,0.9392130644427068,39.19022560119629,0.05482922721033295,0.03712488596017162,0.03290590116133293,0.08959448039531707,0.05482922721033295,0.8157481024662654,0.07155391909792776,0.11093282333162964,0.029970035262283732,0.08611873830439615,0.07155391909792776,0.7563985214858758,0.815276563167572,1.072299599647522,1.183929204940796,1.1898322105407715,1.661925196647644,0.730881929397583,1.310584306716919,2.603973627090454,0.7281996607780457,0.009371303953230381,1.8093942403793335,0.6279590129852295
380,0.0001,0.06888670449455579,0.9569541859996994,0.19102110774790654,0.8853531693212758,0.9386666247922286,32.92161202430725,0.05386809464544058,0.03536760626981656,0.03238538270816207,0.09098568074405193,0.05386809464544058,0.8222828914721807,0.06869254133007566,0.11130390352890139,0.03372297603942332,0.08705780581861246,0.06869254133007566,0.768037558579054,0.8151181936264038,1.0715583562850952,1.1838679313659668,1.1897920370101929,1.6606241464614868,0.7310327291488647,1.3111927509307861,2.601977825164795,0.728129506111145,0.011373096145689487,1.8067554235458374,0.6276677250862122
381,0.0001,0.06956997973223528,0.9559822092700981,0.192413863588552,0.8863553998296567,0.9392966992309644,34.74723219871521,0.053482188812146586,0.03608429254963994,0.03261835432300965,0.09043329879641533,0.053482188812146586,0.8231090724468231,0.06974011830619124,0.10935108510197186,0.033380109267156635,0.08653420344239375,0.06974011830619124,0.765003568813449,0.8148479461669922,1.0713485479354858,1.1839154958724976,1.189402461051941,1.6590983867645264,0.731159508228302,1.3109195232391357,2.600285053253174,0.7282821536064148,0.012315875850617886,1.804308295249939,0.6277952790260315
382,0.0001,0.06850681714713573,0.9567836614882156,0.192499324923656,0.884532377806623,0.9382496805664959,33.5078341960907,0.05350800330440204,0.0349697339348495,0.032833524017284316,0.08932395527760188,0.05350800330440204,0.8239038169384003,0.07011180853501695,0.1121020365933903,0.03167598123555301,0.08528432042383757,0.07011180853501695,0.7608728926689898,0.8146725296974182,1.0708470344543457,1.1840956211090088,1.1892974376678467,1.6572041511535645,0.7314060926437378,1.3092515468597412,2.597806453704834,0.7281517386436462,0.013442810624837875,1.8015224933624268,0.6277206540107727
383,0.0001,0.06716837541510662,0.9583296221431529,0.1893040234925317,0.8870842173498018,0.9397338380862374,34.03539252281189,0.05422195748736461,0.034173112642019984,0.03236707597970963,0.08984356770912806,0.05422195748736461,0.8242076436678568,0.06861256203446232,0.11013484001159668,0.032548507583923025,0.08672640545934927,0.06861256203446232,0.7659883235321671,0.8146781921386719,1.0700856447219849,1.1842386722564697,1.1888759136199951,1.656529426574707,0.7315086126327515,1.3089466094970703,2.5959527492523193,0.7281554341316223,0.013766007497906685,1.800817847251892,0.6277691125869751
384,0.0001,0.06645076560477416,0.9584197859283461,0.18654671213665946,0.8883558926809981,0.9404592050254569,34.64335870742798,0.05286387763917446,0.034249109247078496,0.03250353063146273,0.08972979088624318,0.05286387763917446,0.8291131834189097,0.07137842329799152,0.10897694454818475,0.03172447336990325,0.08654984917308463,0.07137842329799152,0.758647304089343,0.8144004344940186,1.070019006729126,1.1843456029891968,1.1885483264923096,1.6554428339004517,0.7316844463348389,1.3066575527191162,2.594188690185547,0.7281582951545715,0.010475519113242626,1.7982734441757202,0.62786465883255
385,0.0001,0.06746718753129244,0.9580661990144441,0.19039964333909457,0.8855806518777803,0.9388390142371995,34.97152137756348,0.05299345689515273,0.034452746404955784,0.03255860541636745,0.0898027324428161,0.05299345689515273,0.8278056919574738,0.06855469319175501,0.11122942752525454,0.03371630740336708,0.08619952226271395,0.06855469319175501,0.7672121876575908,0.8131835460662842,1.0699586868286133,1.1845786571502686,1.185896396636963,1.6548069715499878,0.7319270968437195,1.3055278062820435,2.5924222469329834,0.7279812097549438,0.009158486500382423,1.7955282926559448,0.6276461482048035
386,0.0001,0.06798212652405103,0.9570955575608816,0.18720126152038574,0.8892937534571782,0.9410297150963297,33.777185678482056,0.05417041555047035,0.034976200014352796,0.03249321452652414,0.08890644448498884,0.05417041555047035,0.8186498443285625,0.06915323399618024,0.11090445176499789,0.031168122668979597,0.08553005510666331,0.06915323399618024,0.7569181059227615,0.8125991225242615,1.0698657035827637,1.1847779750823975,1.185105323791504,1.653301477432251,0.7321791052818298,1.30393385887146,2.5897388458251953,0.7279437184333801,0.0076439823023974895,1.79294753074646,0.6275826692581177
387,0.0001,0.06697447616606951,0.9583684488898816,0.1934525021275536,0.8851654597177027,0.9386540775025836,34.38385725021362,0.053049611890067655,0.034472069299469395,0.032011219300329685,0.0894392183671395,0.053049611890067655,0.824688587586085,0.07217512206464517,0.11141753025719377,0.029722471034429113,0.08528998762857719,0.07217512206464517,0.7559843639858433,0.8119010925292969,1.0694756507873535,1.185013771057129,1.1852424144744873,1.6516919136047363,0.7322794198989868,1.3031727075576782,2.587991237640381,0.727937638759613,0.0075810933485627174,1.7905701398849487,0.6275434494018555
388,0.0001,0.06656445649762949,0.958266351244792,0.19821061218371155,0.8814094909071607,0.9365197163092491,35.54160189628601,0.052798250162353115,0.03388932207599282,0.03244791437561313,0.08989934511482715,0.052798250162353115,0.8236468821763993,0.07060610875487328,0.11582513959681401,0.03184816247371376,0.08698300015730936,0.07060610875487328,0.7608580647921953,0.8111259937286377,1.0694935321807861,1.1852211952209473,1.1829079389572144,1.651005506515503,0.7323678135871887,1.3006290197372437,2.585322618484497,0.7280805706977844,0.006748091895133257,1.7881850004196167,0.6274652481079102
389,0.0001,0.06739986973504225,0.9579670155354424,0.19334891291915393,0.8877118608831133,0.9401447725022772,34.74939441680908,0.0532696608453989,0.034276090748608115,0.032135074213147166,0.08983414682249229,0.0532696608453989,0.8242907385031383,0.07003332821072125,0.11117748549727142,0.03165365392189534,0.08556490611346042,0.07003332821072125,0.7638355874624408,0.811187207698822,1.0691850185394287,1.1853278875350952,1.1833521127700806,1.6492327451705933,0.7326840162277222,1.298373818397522,2.582843065261841,0.7280005812644958,0.00675539206713438,1.7871977090835571,0.6272445917129517
390,0.0001,0.06755715987334648,0.9578136840614732,0.19433467138986119,0.885611321021014,0.938913297639002,34.13721203804016,0.0541687727595369,0.03461657523488005,0.032795786112546924,0.0894088264554739,0.0541687727595369,0.8176627904176712,0.07020674694756993,0.11311944439762929,0.03566519754221205,0.08673067280992133,0.07020674694756993,0.7612572605492639,0.8099520206451416,1.0690515041351318,1.1853817701339722,1.1821808815002441,1.6479899883270264,0.732948362827301,1.2983044385910034,2.5805110931396484,0.7279859185218811,0.007919366471469402,1.7863962650299072,0.627130389213562
391,0.0001,0.06774371303617954,0.956783440334105,0.19716050317052936,0.8818015722574741,0.9367148140282514,33.267253160476685,0.05325915558884541,0.03510601073503494,0.0331842255157729,0.08863541657725969,0.05325915558884541,0.829083796342214,0.07114172757404749,0.11546313787092928,0.03339693985390858,0.08674384519213536,0.07114172757404749,0.7565048757146616,0.8089995980262756,1.068786382675171,1.1855417490005493,1.179227590560913,1.6476610898971558,0.7332725524902344,1.297202229499817,2.5793654918670654,0.7278957366943359,0.006731367204338312,1.7845426797866821,0.6271634101867676
392,0.0001,0.06659299749881029,0.9576219849895218,0.1906271589095475,0.8862955011380096,0.9393213179883738,34.7448353767395,0.05314990871896346,0.03383689320956667,0.032723747100681065,0.0887901828934749,0.05314990871896346,0.8199751694997152,0.06942380170841686,0.11178169509426492,0.03197627105429524,0.08592829022739755,0.06942380170841686,0.7614820550699704,0.8081685900688171,1.0680426359176636,1.1857450008392334,1.177776575088501,1.6473511457443237,0.7333457469940186,1.2934738397598267,2.577671527862549,0.7278187274932861,0.007897334173321724,1.7800043821334839,0.6270300149917603
393,0.0001,0.06837127810964981,0.9564254937472738,0.18828682210601744,0.8878619110523484,0.940149033393994,34.64186358451843,0.054170302922526996,0.03549383481343587,0.0324158564209938,0.08866744923094909,0.054170302922526996,0.8166528036197026,0.06835936596159076,0.11270211759160777,0.03383315840094793,0.08764193866585122,0.06835936596159076,0.7656428325371664,0.807888388633728,1.0679179430007935,1.1859294176101685,1.178265929222107,1.6461116075515747,0.7335750460624695,1.2909806966781616,2.576249361038208,0.7277581691741943,0.008384020067751408,1.777378797531128,0.6269823908805847
394,0.0001,0.06758806761354208,0.9576289381082319,0.18874198833449943,0.8876803193096325,0.9400958427019351,34.91135311126709,0.05396073510249456,0.03472673318659266,0.032592595027138786,0.08885413371026515,0.05396073510249456,0.8239258855581284,0.07135599082122084,0.11131335233078628,0.031180341071525557,0.08564621429951465,0.07135599082122084,0.760308985827399,0.8069766163825989,1.0682138204574585,1.1860703229904175,1.1771546602249146,1.645608901977539,0.7338556051254272,1.2885785102844238,2.5734333992004395,0.7278376221656799,0.008896316401660442,1.775254726409912,0.626976728439331
395,0.0001,0.06678588905682166,0.9580974144322713,0.19313567803531398,0.8858844485890285,0.9390096061545535,36.04519510269165,0.052253448062886794,0.03425317484264572,0.03219820245479544,0.08997169906894366,0.052253448062886794,0.8316871742407481,0.06993136005323441,0.11177048758893716,0.034025803055675305,0.08577176989590535,0.06993136005323441,0.7633318236616792,0.8065119385719299,1.068188190460205,1.1861869096755981,1.1763213872909546,1.645066738128662,0.7340133786201477,1.2880346775054932,2.57179594039917,0.7279166579246521,0.011834700591862202,1.7731554508209229,0.6268119215965271
396,0.0001,0.06707251351326704,0.9585870392573655,0.1915670420791282,0.8857010915674279,0.9389961750845262,34.4544198513031,0.05369880069047213,0.0339347617700696,0.0323309869505465,0.08977249749004841,0.05369880069047213,0.8237447212139766,0.07025000831631363,0.11367724420594387,0.030526951932516255,0.08456572133009552,0.07025000831631363,0.7569294161483889,0.8053910732269287,1.067289113998413,1.1864877939224243,1.1746137142181396,1.644537329673767,0.7342892289161682,1.2867246866226196,2.569624423980713,0.727921187877655,0.01533263735473156,1.7691617012023926,0.6267920136451721
397,0.0001,0.06648307343324025,0.9580309468652544,0.18756751813849465,0.8867455439228003,0.9395045975613513,33.69009232521057,0.05383027593294779,0.03415731157486637,0.03218318888296683,0.0887362539768219,0.05383027593294779,0.8220909108718236,0.07087903066736753,0.11167173991437818,0.03221685277511839,0.0858167585779409,0.07087903066736753,0.7587742805480957,0.8045749664306641,1.0674844980239868,1.1865566968917847,1.173994779586792,1.642930269241333,0.7344356179237366,1.2863720655441284,2.568526268005371,0.7278037071228027,0.014447038061916828,1.7675758600234985,0.6267621517181396
398,0.0001,0.06685436622550091,0.9568804245182018,0.19505376356546997,0.8839260369141952,0.9378746219850094,33.63511800765991,0.05405919104814529,0.03447050042450428,0.03231163118034601,0.08897492736577987,0.05405919104814529,0.8156417826811473,0.06958245882978205,0.1166783798424924,0.032649360291781976,0.08622600846603269,0.06958245882978205,0.7637410857638375,0.8036940097808838,1.067326545715332,1.1867775917053223,1.1735422611236572,1.6424782276153564,0.7346981763839722,1.2844852209091187,2.5670037269592285,0.7278364896774292,0.013525063171982765,1.766110897064209,0.6266465187072754
399,0.0001,0.06615471094846725,0.9586057189877963,0.1953128478566154,0.8831419532316925,0.9373785742918884,32.702935218811035,0.055200854875147344,0.03377304427946607,0.03253164310008287,0.08914662674069404,0.055200854875147344,0.8214891165494919,0.0691575546611528,0.11742224177864731,0.031951602792642156,0.0848727708712953,0.0691575546611528,0.7651015568952091,0.802605390548706,1.0668022632598877,1.1869107484817505,1.1718111038208008,1.6421723365783691,0.7348554730415344,1.2830910682678223,2.5656585693359375,0.727642297744751,0.010694177821278572,1.7619712352752686,0.6266272664070129
