epoch,lr,loss,iou,val_loss,val_iou,val_dice,epoch_sec,train_ctrl,train_foc,train_ma_mean,train_rho_std,train_ctrl_bce,train_cell_iou,val_ctrl,val_foc,val_ma_mean,val_rho_std,val_ctrl_bce,val_cell_iou,norm_route1_wc,norm_route1_wa,norm_route1_beta,norm_route2_wc,norm_route2_wa,norm_route2_beta,norm_route3_wc,norm_route3_wa,norm_route3_beta,norm_route4_wc,norm_route4_wa,norm_route4_beta
0,0.0001,1.52220862172544,0.2803968258542303,1.5472677340874306,2.767902318772248e-10,5.535804635560091e-10,92.5811562538147,0.6707027452066541,0.5527853802777827,0.49462843872606754,0.002945149665038116,0.6707027452066541,2.6393581720185466e-05,0.6707415177271916,0.5045720228782067,0.49529195382044866,0.004176221042871475,0.6707415177271916,0.0,0.08277298510074615,0.06658488512039185,0.036579445004463196,0.0946502834558487,0.09192461520433426,0.029758252203464508,0.12295278906822205,0.18089473247528076,0.020191200077533722,0.1402970552444458,0.14854790270328522,0.017345517873764038
1,0.0001,1.4037177935242653,0.3754634804664375,1.403534779181847,0.371849333965355,0.5262557767316615,29.36628484725952,0.619895962998271,0.47987152356654406,0.47645476227626204,0.008842866533086635,0.619895962998271,0.000281460002042877,0.5955819001564613,0.48870288683817936,0.4657065574939434,0.01030470969585272,0.5955819001564613,0.000545308652978677,0.1473838984966278,0.11484364420175552,0.06882219761610031,0.1409272402524948,0.1466609239578247,0.05148299038410187,0.17975175380706787,0.3347012400627136,0.03299901261925697,0.18608754873275757,0.25088730454444885,0.0248124860227108
2,0.0001,1.3321291785687208,0.4218766390453829,1.354547408910898,0.3726252630934466,0.5291160282436524,32.3554470539093,0.5667887264862657,0.4373274343088269,0.44910823460668325,0.013575505450717174,0.5667887264862657,0.00198889774219424,0.5684743486917936,0.4518967234171354,0.45035031529573294,0.013627452775835991,0.5684743486917936,0.017416802127487384,0.20569446682929993,0.1522681713104248,0.09790612757205963,0.1801621913909912,0.19362181425094604,0.0726662203669548,0.21138328313827515,0.4062797725200653,0.04284094646573067,0.2066899836063385,0.28697267174720764,0.02993936836719513
3,0.0001,1.2900970801711082,0.44016085676619926,1.3464712216303898,0.3503335708755649,0.507398361660925,30.92310667037964,0.515842183958739,0.41693101124837995,0.41722780000418425,0.01764416195510421,0.515842183958739,0.010565111476353195,0.5200691534922673,0.47048967893307025,0.42094036340713503,0.017331364578925645,0.5200691534922673,0.039195158590491004,0.2583531141281128,0.18176688253879547,0.12377692013978958,0.21240030229091644,0.22894321382045746,0.09128469973802567,0.24241316318511963,0.49388477206230164,0.0513019822537899,0.22671599686145782,0.3345748484134674,0.03580199182033539
4,0.0001,1.2419860363006592,0.4941024688265185,1.3571632128495437,0.35327828824553487,0.5079797999337858,30.59461998939514,0.4689397541806102,0.3965042852796614,0.3851353176869452,0.02104446475277655,0.4689397541806102,0.03247652719801408,0.5269073302929218,0.5028045768921192,0.4222793854199923,0.022270402713463856,0.5269073302929218,0.11339247696674787,0.3069056570529938,0.20507265627384186,0.14578545093536377,0.24261687695980072,0.257900208234787,0.10694029182195663,0.26496171951293945,0.5767631530761719,0.05658206716179848,0.24157939851284027,0.385790079832077,0.04114143177866936
5,0.0001,1.2162692099809647,0.48639478448157974,1.3842275326068585,0.3207363416383667,0.473481314686748,30.373480796813965,0.42790680984035134,0.38563457131385803,0.3545851958915591,0.02414736122591421,0.42790680984035134,0.05147414831481001,0.4908959572131817,0.5402699360480675,0.39592060217490566,0.027893034741282463,0.4908959572131817,0.16237409046063056,0.35118892788887024,0.22757107019424438,0.16550764441490173,0.26858454942703247,0.2822185158729553,0.12282705307006836,0.28643155097961426,0.6367887258529663,0.06265294551849365,0.25384721159935,0.43494948744773865,0.04712340608239174
6,0.0001,1.1907134894281626,0.5091605571383598,1.325395939900325,0.3488917190342696,0.5044534289200092,30.365334272384644,0.3920393232256174,0.3802960133180022,0.3260758458636701,0.027019536326406524,0.3920393232256174,0.08033941530447919,0.466140734232389,0.48256758543161243,0.3795743153645442,0.034982755321722764,0.466140734232389,0.1885680635388081,0.3910622000694275,0.2459534853696823,0.1831912100315094,0.29322054982185364,0.30619731545448303,0.1352824717760086,0.3080998361110687,0.7382590770721436,0.071051687002182,0.2666109800338745,0.49454864859580994,0.051414236426353455
7,0.0001,1.1651017358526587,0.5171228069523638,1.2763131123322706,0.38459202407785475,0.5411644112496108,30.966169595718384,0.3619210487231612,0.37265972746536136,0.2999767092987895,0.02920756390085444,0.3619210487231612,0.1000757921647164,0.4747639756936293,0.436068436732659,0.3766597316815303,0.039848673400970605,0.4747639756936293,0.1878950373484538,0.42773398756980896,0.26311397552490234,0.19962063431739807,0.3170711100101471,0.32652953267097473,0.1486036628484726,0.3341238498687744,0.8095096945762634,0.07862574607133865,0.27926236391067505,0.5418481826782227,0.05580531060695648
8,0.0001,1.145807908847928,0.5177491403459218,1.4525393027525682,0.22737275878633753,0.36405082461955524,30.192790746688843,0.3374591968022287,0.3680246230214834,0.2759410263970494,0.03247851264313795,0.3374591968022287,0.11785574349050876,0.44268546058581426,0.5908456628139203,0.3489800333976746,0.048421724828389974,0.44268546058581426,0.17761589609659634,0.4638659954071045,0.2843286991119385,0.21659861505031586,0.3376340866088867,0.3498777747154236,0.16013182699680328,0.34131625294685364,0.869786262512207,0.08579091727733612,0.2846136689186096,0.5702720284461975,0.06083277612924576
9,0.0001,1.1247788900509477,0.5190786483947206,1.4649512492693388,0.2545533939954695,0.3985593117278107,29.82246708869934,0.31531534157693386,0.36227898113429546,0.25607866793870926,0.03755123997689225,0.31531534157693386,0.15363755263388157,0.47476569230739885,0.6356278639573317,0.3635524277503674,0.048521988896223216,0.47476569230739885,0.1972162643304238,0.4968560039997101,0.3027394413948059,0.2319214791059494,0.355159193277359,0.36396393179893494,0.16978010535240173,0.35734084248542786,0.9041765332221985,0.09327713400125504,0.2835471034049988,0.5949083566665649,0.06597286462783813
10,0.0001,1.1043505128473043,0.5286326424577223,1.421195679444533,0.23837013061070197,0.3782062770512871,30.317532062530518,0.29682903666980565,0.3534962232224643,0.23644270305521786,0.04052041255636141,0.29682903666980565,0.16419090022100136,0.4786213003672086,0.5675458807211656,0.3512557864189148,0.05860308403005967,0.4786213003672086,0.17535904966867888,0.5259888172149658,0.32888978719711304,0.24709102511405945,0.3743259906768799,0.38136565685272217,0.17900067567825317,0.3741774260997772,0.9789596796035767,0.10141143202781677,0.28357213735580444,0.649293065071106,0.07021225243806839
11,0.0001,1.0756026022136211,0.5495116593515451,1.3602783918380736,0.27701164736560824,0.42545661439208426,29.690603256225586,0.2821350786834955,0.3298364612273872,0.2202457480598241,0.04372832115041092,0.2821350786834955,0.16809936505160294,0.4234099626541138,0.5503418940764208,0.3244634623710926,0.058838092535734174,0.4234099626541138,0.1946034270983476,0.5514684319496155,0.34942683577537537,0.2615012526512146,0.39358803629875183,0.39695245027542114,0.18962940573692322,0.3863868713378906,1.0060930252075195,0.10905120521783829,0.2824288308620453,0.6809400320053101,0.07564941048622131
12,0.0001,1.0417257957160473,0.5660890121322522,1.5233821557118343,0.23720135099651993,0.3757099395034017,30.637633085250854,0.269569450058043,0.2998346113599837,0.20704519655555487,0.047974097600672394,0.269569450058043,0.1900597388157621,0.40623919046842133,0.7604825019836425,0.30641763577094444,0.07240305382471818,0.40623919046842133,0.20257896803892575,0.5750178098678589,0.37031155824661255,0.27577054500579834,0.4093751311302185,0.40156638622283936,0.1983329802751541,0.3883228003978729,1.0756011009216309,0.1180887445807457,0.2787046730518341,0.718937337398529,0.0816560611128807
13,0.0001,1.0210177721455693,0.5765984946121789,1.2233316687437203,0.38090100661595827,0.534817129221277,29.38963484764099,0.2589725856669247,0.2828397168777883,0.1949310004711151,0.0515988131519407,0.2589725856669247,0.203960761486087,0.3990962551190303,0.4616279198573186,0.30035921702018153,0.07418073404293794,0.3990962551190303,0.20719733467468848,0.5968942046165466,0.3947729170322418,0.2898825407028198,0.41851142048835754,0.4089139997959137,0.20873625576496124,0.40458983182907104,1.1263103485107422,0.12692518532276154,0.26755326986312866,0.7473719120025635,0.08440688252449036
14,0.0001,1.0063391290605068,0.5567757405437757,1.3220835759089544,0.31750348107995546,0.4711001379016876,30.24908208847046,0.2503782238345593,0.27331392117775977,0.18501787004061043,0.0556339337490499,0.2503782238345593,0.20484818902332336,0.3708933325914236,0.5794903608468863,0.27758729182756864,0.07699862867593765,0.3708933325914236,0.19843545258045198,0.6150684952735901,0.4192918837070465,0.3027365505695343,0.43228036165237427,0.42452043294906616,0.21812567114830017,0.41517385840415955,1.1721086502075195,0.13316640257835388,0.2600078582763672,0.8025420904159546,0.0893334224820137
15,0.0001,0.984025277197361,0.5762569215014808,1.5696157125326304,0.21729336434308014,0.35044248947863454,30.033432006835938,0.24310814891941845,0.25476360972970724,0.1748637156561017,0.05753872328205034,0.24310814891941845,0.2202051894273609,0.4112884576504047,0.8025389497096722,0.29567695947793815,0.08488394113687368,0.4112884576504047,0.19493724955962255,0.633220374584198,0.4405016005039215,0.31591054797172546,0.4413815438747406,0.4269774258136749,0.22851674258708954,0.44086670875549316,1.1990242004394531,0.14158515632152557,0.2536062002182007,0.8165254592895508,0.09453189373016357
16,0.0001,0.9645320484414697,0.5763199884717388,1.2976421796358548,0.30884084819075547,0.46039052095250765,30.76365375518799,0.2360711705405265,0.24550268286839128,0.16869794973172247,0.06225196330342442,0.2360711705405265,0.22856690565822646,0.41098817816147437,0.5206571560639601,0.297535029741434,0.0888904326237165,0.41098817816147437,0.20255567385600162,0.6495376825332642,0.4667934477329254,0.32891812920570374,0.45466679334640503,0.4394257664680481,0.23970302939414978,0.4560624659061432,1.2571793794631958,0.15109394490718842,0.244366854429245,0.8587586879730225,0.10068170726299286
17,0.0001,0.9578693425282836,0.5752896420464169,1.2193940015939566,0.35419458522160996,0.511495850458677,30.921825885772705,0.22989382641389966,0.24350486579351127,0.16282186936587095,0.06681701570050791,0.22989382641389966,0.23971060570329428,0.3494837614206167,0.501855155137869,0.25654902824988735,0.09172644317150117,0.3494837614206167,0.2096842972131876,0.6666789650917053,0.486469030380249,0.34211263060569763,0.4643198251724243,0.4469280540943146,0.24945613741874695,0.46012675762176514,1.2935973405838013,0.15988340973854065,0.23523156344890594,0.8744291663169861,0.10581571608781815
18,0.0001,0.9337186692282557,0.5744887495181906,1.321959871512193,0.2965029468933311,0.44816005542333226,28.823879718780518,0.22702886955812573,0.22769283154048026,0.15532501065172255,0.06953537784283981,0.22702886955812573,0.2354554343619384,0.3812671271654276,0.581661071227147,0.2786158236173483,0.09343357464441886,0.3812671271654276,0.21561934558244852,0.680037796497345,0.5074852108955383,0.35568296909332275,0.4709988236427307,0.4531683325767517,0.2576938271522522,0.4848266541957855,1.36630117893219,0.16953642666339874,0.2275274395942688,0.9200736880302429,0.1109754666686058
19,0.0001,0.9139328636229038,0.6027979855285758,1.2045410101230327,0.36168568250113375,0.5180502503273725,29.322619676589966,0.22283591493032873,0.21472669998183846,0.1485881614498794,0.07213577377842739,0.22283591493032873,0.2445774746593088,0.33911887269753677,0.49600015878677367,0.26653179388779863,0.08997196944860311,0.33911887269753677,0.27554082503685584,0.6946993470191956,0.519567608833313,0.36936089396476746,0.475186288356781,0.44969144463539124,0.2669098377227783,0.4881368577480316,1.4040372371673584,0.17484965920448303,0.21608392894268036,0.9245075583457947,0.11511144787073135
20,0.0001,0.9032941553741693,0.5916408770735396,1.1298923795039837,0.4057707346462989,0.5614177067986803,29.893290758132935,0.21731130895204842,0.2168235774151981,0.1459637158550322,0.07631788251455873,0.21731130895204842,0.25623599789105356,0.3368648579487434,0.43055538810216465,0.24963407424780037,0.09893256162221616,0.3368648579487434,0.25411667250669917,0.7050387859344482,0.5371870398521423,0.3823632597923279,0.48040175437927246,0.45418354868888855,0.2747906744480133,0.49067553877830505,1.424225926399231,0.18156857788562775,0.20489166676998138,0.9552628397941589,0.11867121607065201
21,0.0001,0.8886399641633034,0.587134914005413,1.11313882791079,0.4016894239956133,0.5594158242814927,29.98573637008667,0.2154648876748979,0.20889011048711836,0.14326168014667928,0.08091121062170714,0.2154648876748979,0.2678227921715006,0.3252110756360568,0.42306494804529043,0.24424235637371355,0.0966321540566591,0.3252110756360568,0.2514907346321986,0.7156125903129578,0.5604251623153687,0.39638781547546387,0.4887470602989197,0.4607062041759491,0.28374871611595154,0.5136619806289673,1.4557595252990723,0.18640778958797455,0.19701679050922394,0.9895820617675781,0.12231308966875076
22,0.0001,0.874108980409801,0.6121147655128841,1.0225852929628811,0.4662907102464375,0.6239624174523455,29.626972198486328,0.21364649827592075,0.20104899094440043,0.13973844796419144,0.08129798399750143,0.21364649827592075,0.26740713469916955,0.2625415508563702,0.34710377821555505,0.20749249687561622,0.09197418093681335,0.2625415508563702,0.3174454831160032,0.7238608598709106,0.5714635848999023,0.409146785736084,0.4989548325538635,0.46574854850769043,0.2914632260799408,0.5316010117530823,1.5239723920822144,0.19324852526187897,0.18701575696468353,1.0543256998062134,0.12817926704883575
23,0.0001,0.8567580608651042,0.6114780377387865,1.2537911846087528,0.31334330392273074,0.46696788268535255,28.31917691230774,0.21154272090643644,0.19722366565838456,0.13460850552655756,0.08332935359794647,0.21154272090643644,0.2750469583552331,0.3371217938569876,0.5676185429096222,0.24501841159967275,0.10331668739135448,0.3371217938569876,0.2434865965293004,0.7334547638893127,0.580795407295227,0.4233230650424957,0.5003824234008789,0.47443875670433044,0.3003809154033661,0.5532849431037903,1.5567463636398315,0.2012547105550766,0.17475420236587524,1.0805950164794922,0.13242614269256592
24,0.0001,0.8510127309709787,0.6005735000419083,1.468818840613732,0.2286757580601703,0.3644189336481093,29.76906704902649,0.211350531084463,0.19327956857159734,0.13137027900665998,0.08568612008821219,0.211350531084463,0.25939305522479117,0.37231183969057524,0.7434255765034602,0.25544951879061184,0.10899888976262166,0.37231183969057524,0.20732192053244664,0.7385376691818237,0.5953023433685303,0.43673473596572876,0.5063633322715759,0.4788719713687897,0.30781999230384827,0.5734581351280212,1.5786159038543701,0.20727980136871338,0.16644985973834991,1.1425647735595703,0.13854126632213593
25,0.0001,0.8407044941559434,0.6004767842533174,1.0324783380214984,0.43023140233454665,0.5889518115201822,29.828083753585815,0.20669620984699577,0.18959414726123214,0.12809052900411189,0.08603529096581042,0.20669620984699577,0.27406003267969936,0.2871824645079099,0.33727517769886894,0.21530483021185948,0.0985749099117059,0.2871824645079099,0.28294943777414466,0.7484855651855469,0.6022295355796814,0.4505673050880432,0.5134481191635132,0.4882073402404785,0.3149634003639221,0.6407006978988647,1.6729888916015625,0.21623952686786652,0.15803399682044983,1.2042872905731201,0.14423535764217377
26,0.0001,0.8334394013509154,0.5841947428939687,0.9314704592411335,0.5074163755628494,0.6576651900133106,29.444690465927124,0.20680803782306612,0.19138329406268895,0.1255344598321244,0.08819563419092447,0.20680803782306612,0.2755659781396389,0.2311526215993441,0.24214620452660782,0.15714245988772466,0.09185789640133198,0.2311526215993441,0.2698113159491466,0.7598869800567627,0.6209201216697693,0.46545305848121643,0.5192039608955383,0.4955114722251892,0.32430392503738403,0.6774153113365173,1.6852757930755615,0.22487406432628632,0.15095330774784088,1.267019510269165,0.15013043582439423
27,0.0001,0.8019996602088213,0.6304639044452047,0.8820664497522207,0.5252246742017747,0.6733473948390511,29.8790020942688,0.19943384686484933,0.17425588937476277,0.12422441353555769,0.09103130490984768,0.19943384686484933,0.2939737989800051,0.1967395956699665,0.1942071632697032,0.1175363125709387,0.08479015689629775,0.1967395956699665,0.26453270694384207,0.7701137065887451,0.6232098937034607,0.48225894570350647,0.5273647904396057,0.49710744619369507,0.33459123969078064,0.6957869529724121,1.7080271244049072,0.2296045571565628,0.14396058022975922,1.3076688051223755,0.15420305728912354
28,0.0001,0.7916831960901618,0.6314834213987349,0.9371619728895334,0.49146156279965003,0.642327723622364,30.135510683059692,0.20098258927464485,0.17168600228615105,0.1208479463821277,0.0924089647596702,0.20098258927464485,0.29149569873698056,0.260153610431231,0.3206173667540917,0.20838147493509146,0.10266779959201813,0.260153610431231,0.3490572484639975,0.7754673361778259,0.6270890831947327,0.49809208512306213,0.5304945707321167,0.5000268220901489,0.3421328365802765,0.7272250652313232,1.7731316089630127,0.23513922095298767,0.14173902571201324,1.3826487064361572,0.15863484144210815
29,0.0001,0.7779302466660738,0.644659180895848,0.9192570585470933,0.4869449076454247,0.6413791543797113,30.766750812530518,0.20059742755256593,0.17119021515827626,0.12045328901149333,0.09460052230861038,0.20059742755256593,0.29270612448453903,0.22628362499750576,0.2844260238684141,0.1725833704838386,0.09723877299290437,0.22628362499750576,0.34957394554064825,0.7798923850059509,0.6290420293807983,0.5144249796867371,0.5360117554664612,0.5037703514099121,0.35076141357421875,0.7521077394485474,1.7854669094085693,0.24173328280448914,0.13909868896007538,1.4271246194839478,0.162981316447258
30,0.0001,0.7785977516323328,0.6173521654803505,0.8677667654477633,0.5220533929864527,0.6773730113887129,29.8599534034729,0.199537594569847,0.17435627791564912,0.12016676994971931,0.09641716571059078,0.199537594569847,0.3035967292962596,0.2027763857291295,0.19217351583334116,0.12386332360597757,0.09247412417943661,0.2027763857291295,0.29475719332695005,0.7886112928390503,0.6405404806137085,0.5307276844978333,0.5370928645133972,0.5156546831130981,0.3595069944858551,0.7953621745109558,1.7733761072158813,0.24732531607151031,0.13136616349220276,1.4758561849594116,0.16788062453269958
31,0.0001,0.7604915769770741,0.6263102362748015,1.1070615346615131,0.3648357630121743,0.5170468962748105,29.9497389793396,0.19698325160425156,0.1691947371000424,0.11499189329333603,0.09503725112881511,0.19698325160425156,0.2998147882753983,0.3073180404993204,0.47440028190612793,0.22950883232630215,0.1116225166962697,0.3073180404993204,0.30239226863934443,0.7937747836112976,0.6412920355796814,0.547356903553009,0.5507425665855408,0.5249431729316711,0.3684830367565155,0.8232463002204895,1.8115482330322266,0.2561699450016022,0.128384068608284,1.5500571727752686,0.1733570545911789
32,0.0001,0.7406642781570554,0.6508786763233818,0.8069487241598275,0.5590255323438699,0.705189799344657,30.484720706939697,0.19653888558968902,0.1619802473578602,0.1144174583023414,0.09879696066491306,0.19653888558968902,0.3158760532969609,0.1980210556433751,0.1962911715874305,0.13531285982865554,0.0961542315207995,0.1980210556433751,0.3508825134772521,0.8037963509559631,0.6493707895278931,0.5636123418807983,0.5509935617446899,0.5309524536132812,0.377763569355011,0.8225319981575012,1.8476446866989136,0.26258909702301025,0.12595494091510773,1.6012556552886963,0.17733034491539001
33,0.0001,0.7316375439986587,0.6428096207609089,1.1237148605860197,0.35995266872637716,0.5151501141899003,29.03437900543213,0.19175228488165885,0.16269316233228892,0.11462194786872715,0.09837136801797897,0.19175228488165885,0.31966600730083883,0.34991703583643985,0.49789849061232344,0.24918166399002076,0.11001985428424982,0.34991703583643985,0.2620565448816006,0.8083733916282654,0.6476104855537415,0.5797426104545593,0.5596767067909241,0.5464721322059631,0.38613516092300415,0.8522306680679321,1.8880767822265625,0.2681582570075989,0.12067905068397522,1.6182818412780762,0.18271002173423767
34,0.0001,0.7163481954485178,0.6408519988416548,0.8558598078214206,0.5224695257916158,0.6733302153645422,28.764264822006226,0.19372089812532067,0.15884791186545044,0.11251043993979692,0.09888587973546237,0.19372089812532067,0.313734267023392,0.21492167298610393,0.22384483951788683,0.1506709215732721,0.09970406901377898,0.21492167298610393,0.32892542343873243,0.8152889609336853,0.6527658700942993,0.5958512425422668,0.5618152022361755,0.5559568405151367,0.39446792006492615,0.8493027687072754,1.8997063636779785,0.2730672359466553,0.10977067798376083,1.7009297609329224,0.18875710666179657
35,0.0001,0.7126432992517948,0.6455182270922596,0.9318230977425208,0.45560972046489084,0.6108065627462222,29.494220972061157,0.1927770848851651,0.16212271119002253,0.1102825574344024,0.09954744961578399,0.1927770848851651,0.32417274289764464,0.2847056352175199,0.32108675699967604,0.21213121184935937,0.11295573436296903,0.2847056352175199,0.300075273330395,0.8251043558120728,0.6580266356468201,0.6127983927726746,0.5764637589454651,0.5781025886535645,0.40281355381011963,0.8913323283195496,1.9573816061019897,0.2812937796115875,0.10857270658016205,1.7666605710983276,0.1945691853761673
36,0.0001,0.6886808285489678,0.657454600715646,0.770851311316857,0.5335195356967084,0.6814851017682645,29.385157823562622,0.19174484396353364,0.15559059311635792,0.10963731200899929,0.09963025059551,0.19174484396353364,0.3139047463191673,0.18597081624544584,0.1981309670668382,0.1131119681092409,0.09837954904024418,0.18597081624544584,0.3447539508342743,0.8359402418136597,0.6633943319320679,0.6295686960220337,0.5841529369354248,0.5922611951828003,0.41162145137786865,0.9261713624000549,2.001218557357788,0.2872353792190552,0.10297126322984695,1.8410173654556274,0.19897706806659698
37,0.0001,0.6918823253363371,0.6365907408451553,0.8002125354913565,0.5214570266186676,0.6734036012164206,28.761695384979248,0.19333901104982942,0.15951864141970873,0.10976348945405334,0.10076857567764819,0.19333901104982942,0.3347964531276375,0.20948212238458486,0.21196557191702037,0.14242268961209517,0.10198578949158009,0.20948212238458486,0.340571077970358,0.8440483212471008,0.6692026853561401,0.6452807188034058,0.5830948948860168,0.6095378994941711,0.4193291962146759,0.9216510057449341,2.036221742630005,0.2933257520198822,0.09857642650604248,1.8713257312774658,0.2037765234708786
38,0.0001,0.6753354854881763,0.6402717209150542,0.8070313866321858,0.4859757063848078,0.6376618536712726,29.521222829818726,0.19174951361492276,0.15554300544317812,0.10830293979961425,0.1015320752048865,0.19174951361492276,0.3292064815177582,0.18519254739467914,0.2230888701402224,0.11597213057371286,0.09907183876404395,0.18519254739467914,0.3318450235403501,0.8573894500732422,0.6798904538154602,0.6602972149848938,0.5996180772781372,0.6283681988716125,0.43043678998947144,0.92165607213974,2.0704410076141357,0.2989339828491211,0.09060944616794586,1.9606260061264038,0.211442768573761
39,0.0001,0.6617239299230278,0.6498293191107142,0.686288123864394,0.5519561387715423,0.6998763745521375,29.143532514572144,0.18856104044243693,0.15468486538156867,0.10601119173225015,0.1030161022208631,0.18856104044243693,0.32018179225269705,0.18451033922342153,0.17733547045634343,0.0959328605578496,0.10540711742181044,0.18451033922342153,0.31249420023881475,0.8686630725860596,0.6857330203056335,0.6770349144935608,0.6203686594963074,0.6536913514137268,0.4398391842842102,0.9622657895088196,2.105186939239502,0.3048647344112396,0.09194646775722504,1.971256136894226,0.21841274201869965
40,0.0001,0.6501345057040453,0.6598916364314769,0.7257305466211759,0.5528380281421544,0.698081046888843,28.871095418930054,0.18906485848128796,0.1508728062035516,0.10652009630575776,0.10459659469779581,0.18906485848128796,0.33888549567200243,0.19280937910079957,0.19844060494349552,0.12624978766991543,0.10475531472609594,0.19280937910079957,0.3737162842200353,0.8785659670829773,0.6979847550392151,0.6916775107383728,0.6254926919937134,0.6745356917381287,0.44819363951683044,0.9872415065765381,2.135763645172119,0.31046250462532043,0.08752550184726715,1.997202754020691,0.22552195191383362
41,0.0001,0.6310371332801878,0.6768333299594554,0.7614178813420809,0.528135131395924,0.6781021593145308,29.67786693572998,0.1876262315781787,0.1466783571522683,0.10683027992490679,0.10532825638074428,0.1876262315781787,0.34502460714429617,0.21096879381399888,0.2315904791538532,0.14752650490173927,0.10854158298327372,0.21096879381399888,0.3686021456351647,0.8875942230224609,0.704448401927948,0.7063320279121399,0.6294395327568054,0.6921713352203369,0.4572718143463135,1.013761281967163,2.174450635910034,0.3184616267681122,0.08430492132902145,2.0335628986358643,0.23011387884616852
42,0.0001,0.6186541328206658,0.6766245812077017,0.6679549904970022,0.5830740242855553,0.7202702307715182,30.008465051651,0.18636457703541964,0.14432465273421258,0.10734973871149123,0.10689775925129652,0.18636457703541964,0.3430023668333888,0.17662473000012913,0.16352239617934594,0.09657245794167886,0.10434177598127951,0.17662473000012913,0.3430942049393287,0.8992060422897339,0.7137579917907715,0.7215598225593567,0.6444675922393799,0.7091626524925232,0.46562930941581726,1.0374083518981934,2.211529016494751,0.3264981210231781,0.08685024827718735,2.0821125507354736,0.2345592975616455
43,0.0001,0.6128826346248388,0.6645645478057112,0.6480083997433003,0.596169845411189,0.7345595074388718,28.897199630737305,0.18747538956813514,0.1461259324569255,0.10486201371531934,0.10587633983232081,0.18747538956813514,0.3406240663025528,0.1776604473590851,0.1737371632686028,0.11184150003469907,0.103690704703331,0.1776604473590851,0.37356376762573534,0.9110718965530396,0.7216886878013611,0.7371859550476074,0.6642019748687744,0.726553738117218,0.4739767909049988,1.0482509136199951,2.238764762878418,0.3305826485157013,0.08924154192209244,2.1112897396087646,0.23792678117752075
44,0.0001,0.6124470750801265,0.6521408344172589,0.7301857563165518,0.5178613063922304,0.6659664119099084,29.488690614700317,0.18636067339684814,0.1504177366150543,0.10397769056726247,0.10700808593537658,0.18636067339684814,0.34284119843505323,0.21340006039692805,0.24387848102129422,0.15444839459199172,0.11192533247745955,0.21340006039692805,0.3668612470993629,0.9210793972015381,0.7408450245857239,0.7531996369361877,0.6838544011116028,0.7668219208717346,0.48403459787368774,1.068774938583374,2.2757699489593506,0.3345327377319336,0.08289918303489685,2.1181795597076416,0.24197354912757874
45,0.0001,0.5822186446748674,0.6795483532419487,0.7346934735774994,0.5282758313588723,0.6776910820556953,29.469892740249634,0.1822965956525877,0.14282437867950648,0.10421700007282197,0.1085321819409728,0.1822965956525877,0.3495336618507281,0.1932323327431312,0.21964189616533425,0.12088412802952986,0.10660683031265553,0.1932323327431312,0.3545310969536121,0.9268288612365723,0.7551097869873047,0.7689681053161621,0.6958511471748352,0.77820885181427,0.4912872612476349,1.0860679149627686,2.320128917694092,0.33831000328063965,0.08443467319011688,2.1142971515655518,0.2468341439962387
46,0.0001,0.5938260806724429,0.6586632497527563,0.7159932439143841,0.5274680632953422,0.6793246571486875,28.2860107421875,0.1911576953716576,0.1484477116027847,0.10105372266843915,0.1092633685329929,0.1911576953716576,0.33010062435641885,0.18299791446098915,0.1957360673409242,0.10616136674697582,0.10522382247906464,0.18299791446098915,0.33161554749195393,0.9347912073135376,0.775912880897522,0.7844812870025635,0.6958686113357544,0.8012014031410217,0.5004552006721497,1.1177451610565186,2.3507065773010254,0.34672611951828003,0.07701968401670456,2.171161413192749,0.25080668926239014
47,0.0001,0.5943573573604226,0.6515294305376818,0.6122992772322434,0.6216171819216593,0.7529202727840827,28.315820455551147,0.18858664180152118,0.1581219685031101,0.10703974741045386,0.1122976312180981,0.18858664180152118,0.3444000369636342,0.18685134053230285,0.1427838316330543,0.07461119087842795,0.11187471976647011,0.18685134053230285,0.3123918810716042,0.9529672265052795,0.79756760597229,0.8006235361099243,0.7196046113967896,0.8253570795059204,0.5074858665466309,1.1313599348068237,2.3682620525360107,0.3516051471233368,0.07530203461647034,2.1561453342437744,0.2572475075721741
48,0.0001,0.5513401865027845,0.6946186094598481,0.6185855617889991,0.5907198240802246,0.7296675333127713,27.121599435806274,0.18340462795458734,0.1388442439492792,0.10223054850939661,0.11158630379941314,0.18340462795458734,0.33939915522933006,0.17355306515326865,0.15972571189586932,0.09743571304357969,0.11269516589549872,0.17355306515326865,0.38492062252301434,0.9556177258491516,0.8084948062896729,0.8168912529945374,0.7383769750595093,0.8362880349159241,0.5162829160690308,1.1458393335342407,2.4098117351531982,0.3572603762149811,0.07878923416137695,2.175999164581299,0.26041916012763977
49,0.0001,0.5612207003869116,0.662242300355883,0.6083475828170777,0.5797492826913843,0.7162695802787575,29.494181156158447,0.18366458755917847,0.15545739058870822,0.10621796920895576,0.11532307649031281,0.18366458755917847,0.37897364143282175,0.19485150346389182,0.14274120445434862,0.07030323250935627,0.10787627639678808,0.19485150346389182,0.2501873606672654,0.9640876650810242,0.8248170614242554,0.8325088024139404,0.7516889572143555,0.8720682859420776,0.5252735614776611,1.1794664859771729,2.4520480632781982,0.3634450435638428,0.07438600808382034,2.197140693664551,0.2651888430118561
50,0.0001,0.5359413055703044,0.6951900219158998,0.6724660763373742,0.5150030456848175,0.6667793395459397,29.37889862060547,0.18366996804252267,0.13828348007518798,0.10203342721797526,0.112928525544703,0.18366996804252267,0.34791974467225373,0.17874749898910522,0.21460946385677043,0.11216030785670647,0.11183692411734508,0.17874749898910522,0.39820501598028035,0.9709511399269104,0.8431688547134399,0.848901629447937,0.7672393918037415,0.8892959356307983,0.5334435701370239,1.2166154384613037,2.4871139526367188,0.3683373034000397,0.07176806777715683,2.2272579669952393,0.2696961462497711
51,0.0001,0.5481737921945751,0.6684764930187873,0.6863375296959511,0.5450726623924804,0.69387702821877,30.25117301940918,0.18638885917607695,0.14799563447013497,0.10176037310156971,0.11300283437594771,0.18638885917607695,0.3510896328371018,0.22364634550534762,0.23706939495526827,0.17250231343966263,0.11980531444916358,0.22364634550534762,0.4030736716894003,0.9884871244430542,0.862923264503479,0.8644490838050842,0.8016406893730164,0.9130265116691589,0.5425782203674316,1.2758448123931885,2.5406880378723145,0.3759082555770874,0.07059209793806076,2.2619173526763916,0.276004433631897
52,0.0001,0.5111721651628613,0.7104526357704087,0.576257140819843,0.5845717556242772,0.7260943316722737,28.66433310508728,0.17986545711755753,0.1349272559164092,0.10362511267885566,0.11788141238503158,0.17986545711755753,0.38673505117185414,0.18596906707837033,0.14887367853751549,0.06756744522314806,0.11218327432870864,0.18596906707837033,0.26750864971142546,0.9965718388557434,0.8801650404930115,0.8801756501197815,0.8252136707305908,0.9356281161308289,0.5513062477111816,1.2927874326705933,2.5673904418945312,0.38124310970306396,0.0743323341012001,2.251715660095215,0.27841341495513916
53,0.0001,0.5386244873516262,0.6651449512719031,0.6661056853257693,0.5705481403405455,0.7058727555895439,29.349805116653442,0.18013837933540344,0.14976462617050856,0.0998253810685128,0.11649914702866226,0.18013837933540344,0.3611249547684565,0.21425596979948192,0.1292228542841398,0.049538240753687346,0.10987526648319684,0.21425596979948192,0.1941893014770288,1.0096609592437744,0.8994724154472351,0.8958727717399597,0.8520676493644714,0.9608955979347229,0.5586786270141602,1.3216592073440552,2.585909843444824,0.3880869150161743,0.07356620579957962,2.290306568145752,0.28377392888069153
54,0.0001,0.5240455870516598,0.6767528462488503,0.6911349686292502,0.5322673463251001,0.6793281480003333,28.677778959274292,0.18492229050025344,0.14588456077035517,0.10000013362150639,0.1158340162364766,0.18492229050025344,0.35012173920404166,0.20217519906850961,0.265630523287333,0.147428121475073,0.12186815555279072,0.20217519906850961,0.4036758968463311,1.01618492603302,0.9135248064994812,0.909578263759613,0.8670620322227478,0.9839834570884705,0.5669013857841492,1.330558180809021,2.6229734420776367,0.39346233010292053,0.0673333927989006,2.313213348388672,0.28616753220558167
55,0.0001,0.5046103433705866,0.6855211805852294,0.7272282164830428,0.49968070101875856,0.6525825438365691,28.356974363327026,0.18177856702823192,0.14463383419206366,0.10366380482446402,0.11948411364573985,0.18177856702823192,0.3921060017310083,0.22485157526456392,0.2775740153514422,0.16643855021550105,0.12400162059527177,0.22485157526456392,0.39011136430960436,1.0245428085327148,0.9314902424812317,0.9246165156364441,0.8777621984481812,0.9972453117370605,0.5725168585777283,1.3303496837615967,2.652301788330078,0.39696428179740906,0.06830532103776932,2.3232076168060303,0.2886124551296234
56,0.0001,0.47920959489420056,0.7159503640466705,0.5762174872251657,0.5632324503571305,0.7090052086279106,28.78354501724243,0.1810583701590076,0.13207707344554365,0.10006410733330995,0.12009368021972477,0.1810583701590076,0.37412468472030014,0.20551063005740827,0.15798019216610834,0.07561334039156253,0.11564930929587437,0.20551063005740827,0.26785046527018913,1.0279531478881836,0.9452396035194397,0.9389752745628357,0.8885248303413391,1.020979642868042,0.5797815322875977,1.3267897367477417,2.6726248264312744,0.40260598063468933,0.06739351898431778,2.328908920288086,0.29113784432411194
57,0.0001,0.49751421017572284,0.6981345634617466,0.5807890451871431,0.5619023413545557,0.7052790832901519,29.206177473068237,0.1843251590617001,0.1427559859585017,0.10253453138284385,0.12085143430158496,0.1843251590617001,0.37350059824530035,0.1809260382102086,0.1963036596775055,0.10817259022822746,0.1231072308925482,0.1809260382102086,0.39755032658576966,1.0411473512649536,0.9564886093139648,0.9528258442878723,0.9059621691703796,1.0296978950500488,0.5871686935424805,1.3509103059768677,2.6862332820892334,0.4072127044200897,0.07051084190607071,2.3349225521087646,0.2953168749809265
58,0.0001,0.48642904590815306,0.6865222535060491,0.6520617521726169,0.5534761075398219,0.6985354197052777,29.17446517944336,0.1832924784393981,0.13647721172310412,0.09555070661008358,0.11826785269659013,0.1832924784393981,0.3468937296420336,0.19833694513027483,0.24886551453517033,0.15340451919115505,0.11718938671625577,0.19833694513027483,0.4445000015772306,1.0496459007263184,0.9732491374015808,0.9678469300270081,0.9108055830001831,1.046523094177246,0.5942971706390381,1.399863362312317,2.733907699584961,0.41318994760513306,0.07828763127326965,2.3681676387786865,0.3011748492717743
59,0.0001,0.49033554224297404,0.6974740715655197,1.2715765219468338,0.3025920157323445,0.4559969699641009,29.631995677947998,0.1792940916493535,0.14755531505215913,0.10119101102463901,0.1211058049229905,0.1792940916493535,0.3767752068815753,0.377709777538593,0.707922874047206,0.2503897630251371,0.12958606412777535,0.377709777538593,0.24323017184550946,1.0581977367401123,0.9869480729103088,0.9807136654853821,0.9304791688919067,1.05811607837677,0.6009749174118042,1.3897807598114014,2.7620959281921387,0.41872531175613403,0.10545450448989868,2.3599026203155518,0.30770766735076904
60,0.0001,0.4799733399413526,0.6820215375704135,0.5128087924076961,0.6092256740664461,0.7477131321630806,28.74829864501953,0.18050000455696136,0.14687934308312833,0.09757342690136284,0.12078189989551902,0.18050000455696136,0.3769074436277151,0.17498011130553026,0.1598069640306326,0.07842376140447763,0.12086551533295559,0.17498011130553026,0.34955859573987813,1.0664589405059814,1.0068485736846924,0.9945092797279358,0.9486859440803528,1.0759353637695312,0.6063754558563232,1.3992210626602173,2.8047006130218506,0.4221711754798889,0.1313915103673935,2.3749094009399414,0.3106512129306793
61,0.0001,0.4506693105213344,0.7096450830083395,0.550623161976154,0.5875942224442212,0.7272894162122759,29.50518298149109,0.17578034044709057,0.13217437278945,0.09688480838667601,0.12286109360866249,0.17578034044709057,0.3817878128029406,0.2077102486903851,0.15663078404389896,0.06380045402508516,0.12068987087561533,0.2077102486903851,0.28994402323777857,1.0746852159500122,1.0163774490356445,1.0064743757247925,0.9606136083602905,1.0846989154815674,0.6136045455932617,1.4077808856964111,2.839766025543213,0.4269249141216278,0.14048516750335693,2.383866786956787,0.3145400285720825
62,0.0001,0.4513190588913858,0.7065755735062844,0.6165664494037628,0.5815257454828756,0.72063734508937,29.02939796447754,0.1817555611487478,0.13801466568838805,0.10332375066354871,0.12381387583445758,0.1817555611487478,0.39985029795207083,0.18389797852589534,0.14686033175541804,0.06806203287381392,0.12474000946833537,0.18389797852589534,0.34463129135278553,1.0818003416061401,1.0312089920043945,1.0186219215393066,0.9863660335540771,1.0947058200836182,0.6191067695617676,1.4134249687194824,2.842841863632202,0.431911826133728,0.1617588996887207,2.3646600246429443,0.31779998540878296
63,0.0001,0.4476185478270054,0.70482011963937,0.5383702241457425,0.5966120759069223,0.7347396942956316,30.419706344604492,0.18045316368807107,0.14055268984520808,0.09869158209767193,0.12255910236854106,0.18045316368807107,0.3778686828445643,0.1794055700302124,0.17663587836118844,0.10494868296843309,0.11947055023450118,0.1794055700302124,0.3877739727497101,1.088287591934204,1.0418009757995605,1.0329076051712036,1.0115971565246582,1.1118444204330444,0.623820960521698,1.4035673141479492,2.875786304473877,0.43510180711746216,0.16723991930484772,2.4097676277160645,0.32011476159095764
64,0.0001,0.4556888248771429,0.6955977272435432,0.539692102945768,0.6107097240908815,0.7465405902052457,29.32079315185547,0.17498537537176162,0.14292877598199993,0.10194329987280071,0.1214920423226431,0.17498537537176162,0.3951658122241497,0.1706719879920666,0.158309222643192,0.0842161964911681,0.12145066765638499,0.1706719879920666,0.37621877468549286,1.0964080095291138,1.0557382106781006,1.0462977886199951,1.0366621017456055,1.1193240880966187,0.630131185054779,1.4412972927093506,2.884632110595703,0.4392046630382538,0.15563082695007324,2.4251668453216553,0.324927419424057
65,0.0001,0.42659941082820296,0.7238517075685207,0.5293897702143743,0.6170773319616181,0.7492880043171499,29.79569983482361,0.17393284395802766,0.1330000918242149,0.09641215216834098,0.12100680579897016,0.17393284395802766,0.37915710418019444,0.1850489602639125,0.15403067836394677,0.06946332661005167,0.12117337446946363,0.1850489602639125,0.32056849277936494,1.1039314270019531,1.0691059827804565,1.059264063835144,1.0536972284317017,1.1405153274536133,0.6352804899215698,1.4371788501739502,2.9316694736480713,0.44287899136543274,0.14326904714107513,2.458961009979248,0.3272842466831207
66,0.0001,0.4189849514514208,0.7281043688714485,0.5413590733821575,0.6027090572575338,0.742082631049743,28.326601028442383,0.17598371882922947,0.13177781272679567,0.09826220769900829,0.12284937768708915,0.17598371882922947,0.3722873565275222,0.18848936557769774,0.1667126476764679,0.05936432285950734,0.12856776702862519,0.18848936557769774,0.31557051012149223,1.1084392070770264,1.070238471031189,1.0720983743667603,1.0789862871170044,1.15047287940979,0.6414772272109985,1.449459195137024,2.9225568771362305,0.44627705216407776,0.14143255352973938,2.4696640968322754,0.3317609429359436
67,0.0001,0.40591781213879585,0.7323657664278891,0.6535834780106178,0.5146535636037542,0.6654874453079443,30.502429962158203,0.17501359747257084,0.12739764736033976,0.09607976139523089,0.12341929238755256,0.17501359747257084,0.3846880183555186,0.2134751008107112,0.2746426162811426,0.15596219645096707,0.12442821860313416,0.2134751008107112,0.39910865426063535,1.1108171939849854,1.0828238725662231,1.0839769840240479,1.0835528373718262,1.1618828773498535,0.6462485194206238,1.4502977132797241,2.960817575454712,0.44996052980422974,0.1331557333469391,2.475193977355957,0.3354398310184479
68,0.0001,0.42209834000095725,0.7119887027536437,0.6153158362095172,0.5361982610890785,0.6865095061222324,28.627182960510254,0.1758881714195013,0.1364706786116585,0.09719124680850655,0.12308307224884629,0.1758881714195013,0.39406237355433404,0.24375425623013422,0.15200616396390476,0.04011272736466848,0.11871591279139886,0.24375425623013422,0.1791220393891518,1.1172913312911987,1.0941458940505981,1.0941001176834106,1.0956143140792847,1.1727689504623413,0.6516690254211426,1.4346290826797485,2.9744255542755127,0.45402804017066956,0.14611028134822845,2.4666225910186768,0.33819201588630676
69,0.0001,0.43698134925216436,0.7045879853931076,0.5778502335915199,0.5592311722285295,0.70479628783625,29.28403091430664,0.18260100134648383,0.1430638119345531,0.09581367170903832,0.12083207815885544,0.18260100134648383,0.34710409375838935,0.1832025170326233,0.22494356723932118,0.12203212219935197,0.12433522251936105,0.1832025170326233,0.4357579584305103,1.1238664388656616,1.1020519733428955,1.1053862571716309,1.1247259378433228,1.1797667741775513,0.6562773585319519,1.4528088569641113,3.006136655807495,0.4595623016357422,0.17702743411064148,2.533773899078369,0.34367266297340393
70,0.0001,0.4263595109805465,0.7060751358559014,0.5474251089187768,0.5917618445589785,0.7299556479286597,29.27733302116394,0.17603286972735077,0.14402177272131667,0.09509824705310166,0.12361412774771452,0.17603286972735077,0.3744263518601656,0.170413705935845,0.198018277493807,0.10383313710872943,0.1247220415335435,0.170413705935845,0.4181421724649576,1.12863028049469,1.1194506883621216,1.11751127243042,1.1591166257858276,1.185156226158142,0.6603580713272095,1.4797825813293457,3.0189428329467773,0.4634906053543091,0.20220831036567688,2.542463779449463,0.34866786003112793
71,0.0001,0.4034158024005592,0.7328727953921983,0.5131947462375347,0.6130701713092275,0.7515672024874706,28.288210153579712,0.1741752844536677,0.13396312936674803,0.09980300324968994,0.12427463242784142,0.1741752844536677,0.3943689656443894,0.1913809203184568,0.1432427507180434,0.05710275425360753,0.12377399744895788,0.1913809203184568,0.26773092185075464,1.1339613199234009,1.1275417804718018,1.129630208015442,1.1733866930007935,1.191438913345337,0.6649318337440491,1.5019078254699707,3.0248372554779053,0.4654582440853119,0.20056946575641632,2.5496468544006348,0.3511991500854492
72,0.0001,0.38237222703173757,0.7468152274550307,0.5165517669457655,0.5972492915929792,0.7388643093454464,28.68447232246399,0.17417630832642317,0.12498896842589602,0.09646271064411849,0.12450366909615695,0.17417630832642317,0.37956757959909737,0.18814399884297298,0.16065255243044632,0.059937125215163596,0.12757868927258711,0.18814399884297298,0.3165785952256276,1.1370526552200317,1.130327582359314,1.139461874961853,1.1738297939300537,1.1968549489974976,0.6690862774848938,1.5045043230056763,3.0647501945495605,0.4695933759212494,0.21133212745189667,2.5758345127105713,0.3547848165035248
73,0.0001,0.383995427750051,0.745644371225437,0.524452262199842,0.6098289842202994,0.7468296004228115,30.30422806739807,0.17467363108880818,0.12924997229129076,0.09800971334334463,0.12563720694743097,0.17467363108880818,0.38596596219576895,0.17154528361100416,0.2080150381876872,0.10946739820333627,0.12290860276955824,0.17154528361100416,0.4356938687654642,1.1419391632080078,1.139725685119629,1.149711012840271,1.1830641031265259,1.1908679008483887,0.6745541095733643,1.5243334770202637,3.060779571533203,0.47288596630096436,0.20312437415122986,2.5688223838806152,0.3563345670700073
74,0.0001,0.39208292798139155,0.7324761001271731,0.49744921143238363,0.6116273038226097,0.7486005870864141,30.180431842803955,0.1734609737759456,0.13118601078167558,0.09547894354909658,0.1247931751422584,0.1734609737759456,0.3842762797139585,0.16917002567878137,0.17343140702981216,0.08431578507790198,0.12765123981695908,0.16917002567878137,0.39931918795292193,1.1494477987289429,1.1493321657180786,1.159117341041565,1.1903948783874512,1.1995153427124023,0.679290235042572,1.467167615890503,3.0970458984375,0.4746656119823456,0.22562851011753082,2.5815532207489014,0.3602800667285919
75,0.0001,0.4012143083382398,0.7131306377132749,0.5291196117034325,0.5868763999845861,0.724540867127806,29.67510175704956,0.17693185259122401,0.14243396290112287,0.09932485211174935,0.12641453184187412,0.17693185259122401,0.39644505782052875,0.17359476410425626,0.1647956479054231,0.07566407964779781,0.11705880210949825,0.17359476410425626,0.31407622282321634,1.1523945331573486,1.1577399969100952,1.167543649673462,1.208054542541504,1.1986559629440308,0.6819252967834473,1.4437569379806519,3.079216957092285,0.4789223074913025,0.21096128225326538,2.597374439239502,0.3644019365310669
76,0.0001,0.3716733371838927,0.7506152264721678,0.5122473670886113,0.5914650053497719,0.7298104790594575,29.712400674819946,0.17673150089103729,0.12459307361859828,0.0964355415198952,0.12308191554620862,0.17673150089103729,0.35508564906194806,0.1878512469621805,0.16619211320693678,0.07953598556610254,0.12118901713536336,0.1878512469621805,0.3117945028039125,1.1568143367767334,1.1634711027145386,1.1768182516098022,1.2192853689193726,1.2054228782653809,0.6841725707054138,1.4616012573242188,3.1117589473724365,0.4807424545288086,0.19317884743213654,2.5920276641845703,0.36609333753585815
77,0.0001,0.3757566991262138,0.7398588099269778,0.5376470808799451,0.5787197599942768,0.7217457434272604,29.437994956970215,0.17338760651182383,0.1331804115907289,0.09969287691637874,0.12609497539233416,0.17338760651182383,0.39338516001589596,0.18033024439444909,0.19354423788877634,0.08412324511087858,0.11762046424242166,0.18033024439444909,0.3331652030348778,1.1552380323410034,1.1677930355072021,1.1850632429122925,1.2402464151382446,1.2114988565444946,0.689290463924408,1.489302635192871,3.142526626586914,0.485786110162735,0.18884678184986115,2.6079087257385254,0.3675215542316437
78,0.0001,0.37431169394403696,0.7383576921029775,0.6187005253938528,0.5011535158190571,0.6493341694544124,29.288609743118286,0.17847430799156427,0.13032346637919545,0.093030373333022,0.12671027448959649,0.17847430799156427,0.37812277232296765,0.17343645554322462,0.2135959451015179,0.08776889191224024,0.11860013053967403,0.17343645554322462,0.34643689531546373,1.1539446115493774,1.1779747009277344,1.1931638717651367,1.2537379264831543,1.2224091291427612,0.6931325793266296,1.4936790466308594,3.1569340229034424,0.48995935916900635,0.17756317555904388,2.657322406768799,0.3678502142429352
79,0.0001,0.3842864860780537,0.7259283353493271,0.5548165426804469,0.5683553245195156,0.7097849128264629,29.483057022094727,0.17733085341751575,0.13560878462158144,0.09603691508527845,0.12397866824176162,0.17733085341751575,0.37021714949514717,0.18604329228401184,0.21074301050259517,0.11867424066250142,0.1250786439730571,0.18604329228401184,0.4115689667371603,1.1580729484558105,1.1871821880340576,1.2020894289016724,1.2745400667190552,1.2366409301757812,0.6987106204032898,1.5105068683624268,3.175415277481079,0.4916078746318817,0.1952963024377823,2.6693596839904785,0.3710349202156067
80,0.0001,0.36558126262389123,0.7404470414696873,0.5693798221074617,0.5737591168447314,0.7164896993695947,29.132082223892212,0.17398500046692789,0.13323492230847478,0.09733656269963831,0.1278151033911854,0.17398500046692789,0.3903230386786163,0.18908733633848337,0.23706127313467174,0.14577536743420821,0.12429667206910941,0.18908733633848337,0.4479288004911863,1.1591389179229736,1.1902645826339722,1.2096951007843018,1.2907929420471191,1.2438360452651978,0.7029497623443604,1.5165735483169556,3.196383237838745,0.49517616629600525,0.1850840449333191,2.6481120586395264,0.3749493360519409
81,0.0001,0.35279028210788965,0.7569303589935418,0.6295299323705527,0.5447727960699453,0.6875741483255785,29.444544553756714,0.17026170797180384,0.1266839945456013,0.10004594177007675,0.1287253120681271,0.17026170797180384,0.4104170484934002,0.21232096415299637,0.28628080762349645,0.16555316585760851,0.12910441893797656,0.21232096415299637,0.43483222264509935,1.1551438570022583,1.1928983926773071,1.2187286615371704,1.298980474472046,1.240119218826294,0.7061409950256348,1.498315453529358,3.1861555576324463,0.49807924032211304,0.166704460978508,2.6631414890289307,0.3765019178390503
82,0.0001,0.3708343997132033,0.7292606019325959,0.5121995962583101,0.598701445531219,0.7339522299821112,29.671356201171875,0.17635961307678372,0.13374257262330502,0.09656919247936457,0.1282060706289485,0.17635961307678372,0.3797633186914027,0.16571718133412874,0.21448418360490065,0.10176362716234648,0.1291295411495062,0.16571718133412874,0.43477305265573357,1.154197335243225,1.1987857818603516,1.227851390838623,1.2997900247573853,1.2419894933700562,0.7094524502754211,1.5162047147750854,3.2023305892944336,0.5038372874259949,0.17024768888950348,2.691826581954956,0.3799203932285309
83,0.0001,0.36088090809062123,0.7422409697339445,0.5160585715220525,0.6127783821741175,0.7456255151664651,28.95209288597107,0.1721747308038175,0.13609624782111496,0.09830049611628056,0.12980679725296795,0.1721747308038175,0.40023138374090195,0.16652622268750117,0.187859610410837,0.09916139267958128,0.12814934712189893,0.16652622268750117,0.4348452315880702,1.1572840213775635,1.2077009677886963,1.2341080904006958,1.3047178983688354,1.2508792877197266,0.7132946848869324,1.5014668703079224,3.2117185592651367,0.5075477361679077,0.1741580367088318,2.6910858154296875,0.383991003036499
84,0.0001,0.3565785773098469,0.7404475069037837,0.5164018071614779,0.6006206927115021,0.7345282585227566,29.532033920288086,0.1717010143911466,0.13480779062956572,0.10039904131554067,0.129261702648364,0.1717010143911466,0.41525300592184067,0.17169644511662996,0.1831718411583167,0.07482410027430608,0.12759061249402853,0.17169644511662996,0.36940578428598553,1.1548861265182495,1.2099558115005493,1.2413309812545776,1.309977650642395,1.2548727989196777,0.7171025276184082,1.495574712753296,3.212268352508545,0.5093814134597778,0.16732938587665558,2.672781467437744,0.38574182987213135
85,0.0001,0.3500345416832715,0.7540322170707847,0.6994796230242802,0.49892628956429697,0.6510290764210132,29.133951902389526,0.16611090931110084,0.1312350151129067,0.0972306402400136,0.1284919383469969,0.16611090931110084,0.41548656136728823,0.23742916721564072,0.35219913996182955,0.1864701536985544,0.13443553745746611,0.23742916721564072,0.38516993201695954,1.1576054096221924,1.2121809720993042,1.2485510110855103,1.331783652305603,1.2471482753753662,0.7199519276618958,1.5040960311889648,3.229266405105591,0.5103543996810913,0.1591772586107254,2.6907432079315186,0.3870696723461151
86,0.0001,0.3501752591691911,0.7540784478115159,0.5062174478402505,0.6165045574633412,0.7505037677298491,28.73682427406311,0.17089086445048451,0.13045955111738294,0.09908043616451323,0.13007243000902236,0.17089086445048451,0.4194102177862078,0.16612489865376398,0.18757182588944069,0.09157027510496286,0.12621835814072535,0.16612489865376398,0.41103774034059964,1.1618988513946533,1.2133169174194336,1.258361577987671,1.3298084735870361,1.2432191371917725,0.7216403484344482,1.5356804132461548,3.255080223083496,0.5141956806182861,0.17384451627731323,2.6815359592437744,0.3890666663646698
87,0.0001,0.3475367692299187,0.7443718549284642,0.5250368265005259,0.5974862100736649,0.7357430338690737,28.913554430007935,0.17338282999116927,0.130671183927916,0.09672579925972968,0.1294564165873453,0.17338282999116927,0.40499478625133634,0.17318958915196933,0.20824686242983892,0.11115567225676316,0.1274496791454462,0.17318958915196933,0.4455150319979741,1.1634604930877686,1.2147842645645142,1.2675669193267822,1.3468021154403687,1.2508771419525146,0.7252236008644104,1.526871681213379,3.2573447227478027,0.5171381831169128,0.1608138233423233,2.691878080368042,0.3920254111289978
88,0.0001,0.3523187905084342,0.7477354976418636,0.5239305597085219,0.571625258866332,0.7163080177468861,28.891162395477295,0.16894671716727316,0.1379088634857908,0.09998038946650922,0.1313233399996534,0.16894671716727316,0.42892731656320393,0.17539018530112047,0.19910056568109072,0.06901710514838878,0.12631275195341843,0.17539018530112047,0.34625362559006767,1.1663013696670532,1.2240113019943237,1.2744009494781494,1.359399676322937,1.259416103363037,0.7290455102920532,1.5375045537948608,3.25278902053833,0.5200994610786438,0.15134122967720032,2.6918649673461914,0.39501431584358215
89,0.0001,0.3291858055163175,0.7793679954446918,0.5089009092404292,0.6123969745704768,0.7449795191156319,28.279184818267822,0.1683781307656318,0.12316170730628073,0.0980204640654847,0.12910109828226268,0.1683781307656318,0.4285822375677526,0.16669010795079744,0.19632982565806462,0.07053253341179627,0.13127071330180534,0.16669010795079744,0.3948181005624624,1.1673779487609863,1.2273166179656982,1.2823982238769531,1.3543050289154053,1.2646853923797607,0.7314339876174927,1.5341558456420898,3.2564334869384766,0.5225464105606079,0.15160292387008667,2.688105821609497,0.39731237292289734
90,0.0001,0.34465435589663684,0.7614194004789735,0.6015391166393573,0.5340259705249295,0.681862993764041,29.276716947555542,0.1692683947039768,0.13095985288964584,0.09476344869472086,0.13142733415588737,0.1692683947039768,0.41837399755604565,0.182121414404649,0.275238691843473,0.13608229252008291,0.13037767295654004,0.182121414404649,0.449098734672253,1.1702262163162231,1.2293730974197388,1.2895057201385498,1.3454135656356812,1.2651432752609253,0.7346912026405334,1.5297541618347168,3.2707762718200684,0.5252208709716797,0.15555433928966522,2.7092173099517822,0.3991989195346832
91,0.0001,0.33651900361292064,0.7656700000098533,0.4975919498847081,0.5981736174851798,0.7372872139203793,29.08668875694275,0.1689694126835093,0.1271132844267413,0.09739340713713318,0.13200219394639134,0.1689694126835093,0.4240789017640054,0.16487033917353702,0.18452836871147155,0.07606996045662806,0.1297390029980586,0.16487033917353702,0.39983198803204756,1.1694937944412231,1.233290195465088,1.2960693836212158,1.3550019264221191,1.272019863128662,0.7382523417472839,1.5171312093734741,3.2746193408966064,0.5294643640518188,0.15762411057949066,2.706237316131592,0.40294432640075684
92,0.0001,0.3166190981864929,0.7741131057272923,0.4868436235647935,0.6065320628699269,0.7437809939353127,29.01902985572815,0.1660093633690849,0.12148725136648864,0.09529176400974393,0.13138468842953444,0.1660093633690849,0.43243958964012563,0.1737231589280642,0.17701224294992593,0.05792213804446734,0.13284812420606612,0.1737231589280642,0.34925733758853034,1.1697559356689453,1.2367547750473022,1.3027045726776123,1.3692045211791992,1.2766704559326172,0.7411651015281677,1.5198078155517578,3.284397602081299,0.5315532088279724,0.1366296261548996,2.70656681060791,0.40522849559783936
93,0.0001,0.3267725030891597,0.7662435097649867,0.5004393820579235,0.6118288150087743,0.7498573481196898,29.758105993270874,0.16589974868111312,0.12731487402925268,0.09600910393055528,0.13266785396263003,0.16589974868111312,0.43357798689976335,0.2313576226051037,0.16438145224864667,0.03407091865172753,0.14084058564442856,0.2313576226051037,0.22725183138480554,1.1677229404449463,1.241239309310913,1.310091495513916,1.3730155229568481,1.282617211341858,0.7431739568710327,1.5158278942108154,3.304594039916992,0.5344394445419312,0.12678992748260498,2.7276344299316406,0.4076429307460785
94,0.0001,0.3258441740181297,0.7692542735364158,0.6921843157364772,0.4828771875360962,0.6360996929416615,29.434226036071777,0.16893929720390588,0.1252234957064502,0.09419212536886334,0.13223705836571753,0.16893929720390588,0.42042307555675507,0.2204931181210738,0.3477115300985483,0.16418280601501464,0.1298526949607409,0.2204931181210738,0.39265121083993176,1.1728413105010986,1.2441245317459106,1.3166671991348267,1.3688422441482544,1.2836765050888062,0.7441815733909607,1.5118794441223145,3.30972957611084,0.5372306108474731,0.12349428236484528,2.749173641204834,0.4098697602748871
95,0.0001,0.31779057160019875,0.7707510826732442,0.5234917044639588,0.5813696943245192,0.7181766909808387,29.31727647781372,0.16787724127061665,0.12367776094470173,0.09582316607702523,0.1320590537507087,0.16787724127061665,0.4369725580327213,0.1640495790885045,0.1985101784651096,0.08342667749294867,0.1268517533173928,0.1640495790885045,0.39696594041127425,1.176308035850525,1.2431983947753906,1.3236078023910522,1.3945521116256714,1.283975601196289,0.7462865710258484,1.513936161994934,3.3070151805877686,0.5382237434387207,0.12122499942779541,2.7461297512054443,0.41387152671813965
96,0.0001,0.33762837783433497,0.757360373526295,0.4763463570521428,0.6221610546480655,0.7547968372164849,28.649889707565308,0.16652294539380819,0.1372368459124118,0.09610346611589193,0.13297576550394297,0.16652294539380819,0.4380094697698951,0.17987442658497738,0.15430984737781378,0.06337790718445412,0.12860638396098065,0.17987442658497738,0.3251179853310952,1.1819933652877808,1.2471116781234741,1.330121397972107,1.4142931699752808,1.2880537509918213,0.7496050596237183,1.5393714904785156,3.3305020332336426,0.5412776470184326,0.117579385638237,2.7468674182891846,0.415860652923584
97,0.0001,0.3270283255260438,0.7751623004270468,0.4913639201567723,0.6022354840168267,0.740726384129708,28.316437482833862,0.16635545843746513,0.12652790726860985,0.09755500557366759,0.12938686879351735,0.16635545843746513,0.42702158773317933,0.16227067708969117,0.19378278049138875,0.08645879672123835,0.1249927505850792,0.16227067708969117,0.4013915823056148,1.1854065656661987,1.2482078075408936,1.3362947702407837,1.4260953664779663,1.2940890789031982,0.7526159882545471,1.548042893409729,3.3312442302703857,0.5465493202209473,0.11923426389694214,2.7533068656921387,0.42031148076057434
98,0.0001,0.3427293363492936,0.7526971115254031,0.5093250834024869,0.6032622201060133,0.7383131818867774,31.812827825546265,0.1692132030148059,0.13883376645389944,0.0999783807201311,0.13070936605799943,0.1692132030148059,0.45501315174624324,0.16535601111558768,0.21174901678011968,0.0972272501542018,0.13052851053384634,0.16535601111558768,0.4502388046338008,1.1869406700134277,1.2508726119995117,1.3422517776489258,1.4443806409835815,1.2932847738265991,0.7548742294311523,1.5369235277175903,3.3341901302337646,0.5481927394866943,0.12139890342950821,2.7319583892822266,0.4233001470565796
99,0.0001,0.3265698242466897,0.7670835761736337,0.6321585439718687,0.5052593743772412,0.6545359655226545,32.01988768577576,0.16811229207087308,0.1276812222204171,0.09559578739572316,0.12918240844737738,0.16811229207087308,0.4139455903787166,0.17624874023290782,0.29793902658499205,0.11091087964864878,0.12604407301315895,0.17624874023290782,0.4279551524382371,1.183010220527649,1.2495312690734863,1.3470834493637085,1.4443960189819336,1.2846118211746216,0.7584915161132812,1.5282635688781738,3.33197021484375,0.5490777492523193,0.1269095093011856,2.7347798347473145,0.42467039823532104
100,0.0001,0.32451818394474685,0.7683410261524196,0.4939835530060988,0.6182743106195612,0.7479740450108227,32.70661783218384,0.16593651485163718,0.1315243961289525,0.09714090975467116,0.12988027301616967,0.16593651485163718,0.4286771926563233,0.17109730793879582,0.18996645487271824,0.06807802376838831,0.12947206267943748,0.17109730793879582,0.35213603193943316,1.1855661869049072,1.2521255016326904,1.3515340089797974,1.4365516901016235,1.2935075759887695,0.7609816789627075,1.5165114402770996,3.3519906997680664,0.5513037443161011,0.1399610936641693,2.7354750633239746,0.4259586036205292
101,0.0001,0.3139633818063885,0.7697557692372303,1.1970443377128015,0.3350847953772252,0.4909869094283118,33.676162242889404,0.16794834227766842,0.12284546997398138,0.09604129521176219,0.1293619511416182,0.16794834227766842,0.42598170368000865,0.32472908175908605,0.7706779580849867,0.2133145265854322,0.13479886651039125,0.32472908175908605,0.2762690910926232,1.182332158088684,1.2551182508468628,1.3568860292434692,1.4517195224761963,1.2923271656036377,0.7625531554222107,1.5331902503967285,3.3539047241210938,0.5530049204826355,0.1448410302400589,2.7509803771972656,0.4274027943611145
102,0.0001,0.33200824563391507,0.7659803464571361,0.58269362449646,0.5870900746942852,0.7253687955047116,33.06858015060425,0.16851123282685876,0.13445347687229514,0.09327848278917372,0.13100653933361173,0.16851123282685876,0.4300281871110201,0.17907987603774436,0.2793749648791093,0.1205821651678819,0.12749653779543363,0.17907987603774436,0.432588594693404,1.1872864961624146,1.2587614059448242,1.3625682592391968,1.4586113691329956,1.2901818752288818,0.7646863460540771,1.5404229164123535,3.3744001388549805,0.5572301745414734,0.16203927993774414,2.7411813735961914,0.42999619245529175
103,0.0001,0.32183842617087066,0.7654537248084012,0.502255765749858,0.595382542977802,0.7354925431699364,33.698368310928345,0.17178759828675538,0.1289203765336424,0.09174025035463274,0.13185063120909035,0.17178759828675538,0.42124079749919474,0.1801250751201923,0.20525205364594093,0.06308108201393714,0.13145793779538228,0.1801250751201923,0.3621331267631971,1.1875821352005005,1.2623707056045532,1.367148756980896,1.4548553228378296,1.2926878929138184,0.7673008441925049,1.5369927883148193,3.389364719390869,0.5600745677947998,0.1580422818660736,2.741485595703125,0.4324091970920563
104,0.0001,0.3136775738094002,0.7710278341437089,0.5376256685990554,0.5941625144109385,0.7284859132118544,35.17153716087341,0.16770816943608224,0.12749996944330633,0.09757237578742206,0.13033937092404813,0.16770816943608224,0.4342239625984803,0.1696822111423199,0.2572272089811472,0.11390659488164462,0.12881045249792245,0.1696822111423199,0.4742798942785997,1.1877580881118774,1.2627742290496826,1.3718152046203613,1.4628183841705322,1.29369056224823,0.7697385549545288,1.5411196947097778,3.3853397369384766,0.561582624912262,0.14634718000888824,2.7365005016326904,0.4346170425415039
105,0.0001,0.30597024713642895,0.7717378171036753,0.5096726729319646,0.606324731302731,0.7399357131810335,33.757428884506226,0.1654779346426949,0.12674995395354927,0.09606020711362362,0.12998038716614246,0.1654779346426949,0.432750450912863,0.1618755578994751,0.20311771264443032,0.07661354679327745,0.12797979070590093,0.1618755578994751,0.4011140866921498,1.189056634902954,1.2705010175704956,1.3765723705291748,1.4643582105636597,1.2961112260818481,0.7713000774383545,1.5538182258605957,3.4128408432006836,0.5641688108444214,0.14559976756572723,2.73465895652771,0.4355045557022095
106,0.0001,0.29616192053072155,0.7875259086760015,0.48763350615134604,0.619026027659531,0.754799857279054,33.975111961364746,0.1650145136518404,0.11941488325828686,0.09319124685134739,0.13006241852417588,0.1650145136518404,0.43796128523536026,0.16286161541938782,0.20981986476824835,0.09211071110688723,0.1311884343624115,0.16286161541938782,0.46227833949602565,1.1956506967544556,1.2706212997436523,1.3822450637817383,1.4764279127120972,1.294527530670166,0.7733649611473083,1.5392045974731445,3.419614791870117,0.5659712553024292,0.14120618999004364,2.7514050006866455,0.4378965497016907
107,0.0001,0.2944785950239748,0.7980069407939886,0.5167837683971112,0.5902442122280824,0.7271490958444964,32.74648451805115,0.16609158331993967,0.11961570486892015,0.09616195946000516,0.1264029067242518,0.16609158331993967,0.43211650219745934,0.1614429616011106,0.213935071344559,0.08367934066515703,0.1265943351846475,0.1614429616011106,0.4166234850883484,1.2003388404846191,1.2674322128295898,1.3853323459625244,1.4911303520202637,1.2913761138916016,0.7749089598655701,1.5403339862823486,3.4138197898864746,0.5685896873474121,0.1391611546278,2.7570204734802246,0.43977880477905273
108,0.0001,0.30172623647376895,0.7881579263931613,0.834657607628749,0.39889957286463545,0.5566317237853421,33.74318790435791,0.16496544843539596,0.122660655179061,0.09645879629533738,0.13007815729361027,0.16496544843539596,0.4605799466371536,0.19297506534136258,0.4242739654504336,0.1339469143977532,0.12583007285228143,0.19297506534136258,0.4243541561640226,1.1961582899093628,1.2666566371917725,1.3908350467681885,1.4911832809448242,1.2943778038024902,0.7780122756958008,1.5144298076629639,3.4099838733673096,0.5701432824134827,0.14651739597320557,2.759538412094116,0.44205883145332336
109,0.0001,0.3071204770822078,0.7773417541827481,0.5307235836982727,0.6041165304071003,0.7422261430194703,36.06704115867615,0.1665134548675269,0.12759685685159639,0.09344840608537197,0.1296235310146585,0.1665134548675269,0.4374180731829256,0.1704695293536553,0.24773118106218484,0.10511073103317847,0.13023964831462273,0.1704695293536553,0.47140765556922326,1.1990100145339966,1.2699942588806152,1.3944950103759766,1.5082026720046997,1.300113320350647,0.7792538404464722,1.5318928956985474,3.426754951477051,0.5728440880775452,0.1504754275083542,2.7543280124664307,0.4444844722747803
110,0.0001,0.30461046914570034,0.7847927607251983,0.5540247797966004,0.5759715454116613,0.7171183168649186,32.723963260650635,0.16699215245898813,0.1248330568196252,0.09604374459013343,0.13110710342880338,0.16699215245898813,0.453396478202194,0.1869707274895448,0.21137277690263895,0.051201344224122855,0.13179008926336583,0.1869707274895448,0.32326346991153865,1.2022573947906494,1.270087480545044,1.3984146118164062,1.520427942276001,1.296980381011963,0.7816154956817627,1.56689453125,3.414679765701294,0.574752151966095,0.16151852905750275,2.745633602142334,0.44547465443611145
111,0.0001,0.302136548794806,0.7844550257277453,0.5302741940204914,0.5784683891236057,0.7190810754082918,32.36216449737549,0.16284911474213004,0.12501142220571637,0.09730940905865282,0.13012584997341037,0.16284911474213004,0.44452964421361685,0.183935959981038,0.1897434495962583,0.05192860960960388,0.13142805168261895,0.183935959981038,0.3302152590109752,1.2015538215637207,1.2746599912643433,1.40263831615448,1.5134741067886353,1.3010419607162476,0.7837195992469788,1.556379795074463,3.4210760593414307,0.5789392590522766,0.16028109192848206,2.7320430278778076,0.4496813416481018
112,0.0001,0.29299325682222843,0.7873096916954089,0.5398323939396785,0.5716460002337188,0.711671199924823,33.49193334579468,0.1625393475405872,0.12154542678035796,0.09573303570505232,0.13048090413212776,0.1625393475405872,0.4540370691101998,0.1583348613518935,0.24696357594086574,0.10271227015898778,0.12661336706234858,0.1583348613518935,0.47603582373032205,1.2039629220962524,1.273172378540039,1.40838623046875,1.514428973197937,1.3010342121124268,0.7868517637252808,1.5576450824737549,3.424686908721924,0.582161545753479,0.19710059463977814,2.7411932945251465,0.45225557684898376
113,0.0001,0.2931884608697146,0.7876342854600843,0.5264688950318557,0.5725584281362209,0.7186587450313202,30.42319107055664,0.1650566952303052,0.1215563224395737,0.09399144444614649,0.13093251874670386,0.1650566952303052,0.4438644861802459,0.16063336088107183,0.21742366896225856,0.07130480844240922,0.1313932507083966,0.16063336088107183,0.41132325140329506,1.2046527862548828,1.2733452320098877,1.4127849340438843,1.5157381296157837,1.3108166456222534,0.7882473468780518,1.5590190887451172,3.4240033626556396,0.5832648277282715,0.20075708627700806,2.7451353073120117,0.45323121547698975
114,0.0001,0.2879293840378523,0.7863632426448073,0.49989406053836527,0.5981666610913335,0.7368612701400983,34.923360109329224,0.16035794944036752,0.12105717009399086,0.09595832380000502,0.13330082828179002,0.16035794944036752,0.4615388009697199,0.15808441180449265,0.20268075970503,0.09256631319339459,0.13009008788145504,0.15808441180449265,0.4558362983740293,1.1994467973709106,1.2760807275772095,1.4170703887939453,1.5037798881530762,1.3063781261444092,0.7908663153648376,1.5596522092819214,3.425117015838623,0.5857932567596436,0.1941816359758377,2.7464003562927246,0.45409223437309265
115,0.0001,0.28660342493094504,0.7930660299464801,0.5131360824291523,0.6066235362349794,0.7437466175798543,32.9739556312561,0.16098605550359935,0.11894463008502498,0.09306191455107182,0.13149807788431644,0.16098605550359935,0.45510587887838483,0.16896417966255775,0.2119696685901055,0.07019651474860998,0.13140130868324867,0.16896417966255775,0.4044749668011299,1.2016706466674805,1.2769569158554077,1.42098069190979,1.506929874420166,1.3112688064575195,0.793059229850769,1.556735634803772,3.4377048015594482,0.587477445602417,0.17448990046977997,2.7547860145568848,0.455931156873703
116,0.0001,0.291719680884853,0.7911679832171128,0.6006051567884592,0.5594956394849498,0.7037422992690995,32.19109869003296,0.16307751194108278,0.12206926121143624,0.09738202707376331,0.1293644366087392,0.16307751194108278,0.4551261650631204,0.20645649708234348,0.3073170978289384,0.16482031712165246,0.12481574805883261,0.20645649708234348,0.4442471229113065,1.204491376876831,1.2730634212493896,1.4253169298171997,1.5143779516220093,1.308935284614563,0.7954195141792297,1.546321153640747,3.4318509101867676,0.5902817845344543,0.17862559854984283,2.7443737983703613,0.45789048075675964
117,0.0001,0.2994924155063927,0.7816930850808289,0.6922260532012352,0.4945030652087438,0.6496737236124221,35.01021766662598,0.16736905905418098,0.1259058818104677,0.09502276580315083,0.12996117863804102,0.16736905905418098,0.43252025614492595,0.21365298170309802,0.24920068062268771,0.08312560915946961,0.1271055042743683,0.21365298170309802,0.3483664957376627,1.2060068845748901,1.2763584852218628,1.428221344947815,1.5151625871658325,1.3104256391525269,0.7973235249519348,1.5476806163787842,3.4358890056610107,0.5906354188919067,0.18672557175159454,2.7644002437591553,0.46030259132385254
118,0.0001,0.30663780798204243,0.7811444961405347,0.5119985901392423,0.5919350741672239,0.7317448575713245,33.542771100997925,0.167238833848387,0.1265075149713084,0.09434892481658608,0.13437148020602763,0.167238833848387,0.45944666117429733,0.1617280886723445,0.22958313868596003,0.08489626966989958,0.13194207228147067,0.1617280886723445,0.4303587106557993,1.2073907852172852,1.2774351835250854,1.4318230152130127,1.5208266973495483,1.3150094747543335,0.7991714477539062,1.5618661642074585,3.4365341663360596,0.5918391346931458,0.19477128982543945,2.770909547805786,0.4605867564678192
119,0.0001,0.28730884683318436,0.794963539382414,0.6081488215006314,0.550592110609894,0.6936285671505134,32.55498242378235,0.16321364406030625,0.11984684271737933,0.0945737985894084,0.13079390989150852,0.16321364406030625,0.4420626547653228,0.17720659512739914,0.32675645993306085,0.1358903779433324,0.12680608882353855,0.17720659512739914,0.47499170211645275,1.2066361904144287,1.2806954383850098,1.4363805055618286,1.522170066833496,1.3173675537109375,0.8015609383583069,1.5823880434036255,3.4321417808532715,0.5931177735328674,0.18311230838298798,2.757765293121338,0.46181803941726685
120,0.0001,0.27975110337138176,0.8049842942932233,0.5155877691048842,0.6110210173863853,0.7498900617744565,34.437721252441406,0.1611119480803609,0.11587179137859493,0.09743957733735442,0.13263379351701587,0.1611119480803609,0.4737215593922883,0.16834230789771445,0.20763181608456832,0.07439814977920972,0.1311454916229615,0.16834230789771445,0.4121627388092188,1.2056492567062378,1.2802348136901855,1.4408183097839355,1.5226364135742188,1.3139734268188477,0.8028132319450378,1.5881797075271606,3.452002763748169,0.5948892831802368,0.1689109206199646,2.75130295753479,0.4642244577407837
121,0.0001,0.28304269816726446,0.7801049253140251,0.5238310749714191,0.5866648002144845,0.7237730365037497,32.173993825912476,0.16128593671601266,0.12122092512436211,0.09298450010828674,0.13345590082462877,0.16128593671601266,0.44030115008354187,0.1575566676946787,0.24554972740320058,0.09285743259466611,0.1331028585250561,0.1575566676946787,0.4619598108988542,1.2143027782440186,1.2812373638153076,1.4451298713684082,1.5441440343856812,1.3152347803115845,0.8045979142189026,1.6051015853881836,3.4509637355804443,0.5976884365081787,0.1652875691652298,2.7656514644622803,0.4644051194190979
122,0.0001,0.27245243662036955,0.7989098417221728,0.5835806553180402,0.5595836119187971,0.7064418945226695,31.52260446548462,0.1602550253737718,0.11337266198825091,0.09296904876828194,0.13290454598609358,0.1602550253737718,0.4520765929482877,0.16581346438481256,0.2935332245551623,0.12315235206714044,0.13104101992570438,0.16581346438481256,0.4857211965780992,1.2092522382736206,1.282214879989624,1.4478271007537842,1.5385420322418213,1.3150761127471924,0.8063272833824158,1.5692288875579834,3.4691479206085205,0.5991432666778564,0.17021022737026215,2.785428524017334,0.4674161970615387
123,0.0001,0.2827379615046084,0.7918817796695079,0.48652531871428856,0.6078892378995215,0.7439356150012719,31.86710524559021,0.161588522256352,0.11938476003706455,0.09573966113384813,0.13300673523917794,0.161588522256352,0.473731997422874,0.17280271007464482,0.20363462085907275,0.0637396324139375,0.13638205459484687,0.17280271007464482,0.39686293326891386,1.209189534187317,1.279680609703064,1.4514453411102295,1.5356624126434326,1.3156708478927612,0.8078435063362122,1.5739893913269043,3.4791982173919678,0.6018527150154114,0.16557100415229797,2.7750437259674072,0.4696637690067291
124,0.0001,0.29132194723933935,0.7744402636370953,0.5484679442185622,0.578316444070561,0.7174064595596862,32.16245937347412,0.16248131124302745,0.1269364565378055,0.09617563593201339,0.13283387548290193,0.16248131124302745,0.45610200986266136,0.16015038902942952,0.2584265791452848,0.09185277086037856,0.13564823407393237,0.16015038902942952,0.44972876998094413,1.2141296863555908,1.2827515602111816,1.4552702903747559,1.5458438396453857,1.321352243423462,0.8095624446868896,1.5888868570327759,3.480257511138916,0.6036168932914734,0.1610850691795349,2.774864435195923,0.47056087851524353
125,0.0001,0.28491756529547274,0.7940969228389199,0.6003089460042806,0.5617823068821296,0.7024730077330326,33.42834997177124,0.16335057746618986,0.1220688300090842,0.0970080173574388,0.13243813288863748,0.16335057746618986,0.45144380209967494,0.18390286335578332,0.3150236744147081,0.1396130227125608,0.12626646206929135,0.18390286335578332,0.45358419097386876,1.2159669399261475,1.2824121713638306,1.4581217765808105,1.5590554475784302,1.326654314994812,0.8097078800201416,1.5926374197006226,3.482276201248169,0.6057501435279846,0.16287128627300262,2.7936697006225586,0.47080644965171814
126,0.0001,0.2840848248451948,0.7904696568799829,0.5116809216829447,0.5680026404715464,0.7103930526234954,35.757817029953,0.16349817183800042,0.12095711415167898,0.09001714270561934,0.132666070247069,0.16349817183800042,0.445916561759077,0.16953213627521807,0.19471235321118283,0.05799832481604356,0.1349605449117147,0.16953213627521807,0.37378405240865853,1.2154340744018555,1.2850627899169922,1.460563063621521,1.55182683467865,1.3280049562454224,0.8118970394134521,1.5860999822616577,3.483212471008301,0.6077065467834473,0.16340923309326172,2.772982120513916,0.4713168144226074
127,0.0001,0.28110896050930023,0.7878761678251965,0.5174245467552772,0.5975849151020016,0.7325550938371622,35.48025631904602,0.16363500303123146,0.12284027005080134,0.0951532170874998,0.13176771870348603,0.16363500303123146,0.4483217347878963,0.16262163267685817,0.22217758871041812,0.06438924016860816,0.1338103161408351,0.16262163267685817,0.4056497984207593,1.2094464302062988,1.2817046642303467,1.4612576961517334,1.5604289770126343,1.327413558959961,0.8132293820381165,1.5897918939590454,3.48117995262146,0.6100339889526367,0.1632176637649536,2.7774856090545654,0.4723692834377289
128,0.0001,0.27583042113110423,0.7941395202985293,0.6582484997235811,0.5199281803182547,0.6667938273080677,32.699971437454224,0.16142356395721436,0.12023965804837644,0.09598018252290785,0.13222564349416643,0.16142356395721436,0.4602967291139066,0.1966434909747197,0.3359798188392933,0.14122573274832506,0.12768456660784208,0.1966434909747197,0.44338601644222553,1.2145113945007324,1.2818621397018433,1.4644200801849365,1.5682438611984253,1.3262397050857544,0.8147520422935486,1.5991512537002563,3.4750473499298096,0.6111307144165039,0.1820409744977951,2.77903151512146,0.4732750356197357
129,0.0001,0.2642436765599996,0.806799675304644,0.5434227613302377,0.5801983607506719,0.7150606210193369,33.16944932937622,0.16225360753014684,0.11171046504750848,0.09375393006484956,0.1338223002385348,0.16225360753014684,0.4511996884830296,0.15492008328437806,0.2548441767692566,0.09144170788618235,0.13296246115977947,0.15492008328437806,0.46837330414698675,1.2189831733703613,1.282073736190796,1.468199372291565,1.56795072555542,1.3298099040985107,0.8169397711753845,1.586829423904419,3.476214647293091,0.6116905212402344,0.16581763327121735,2.782158374786377,0.4750993549823761
130,0.0001,0.27536776498891413,0.7938712241614564,0.5194149081523601,0.6131986798168425,0.7457185595242256,34.79224181175232,0.1588140749372542,0.11834973521763459,0.09563752973917872,0.1331333329435438,0.1588140749372542,0.47696422948502004,0.1607658184491671,0.25045504845105687,0.09284832294170674,0.1335118612417808,0.1607658184491671,0.46953184788043684,1.2172247171401978,1.279770016670227,1.4716092348098755,1.5697824954986572,1.3233357667922974,0.8186526298522949,1.5722877979278564,3.4823312759399414,0.6130150556564331,0.15842801332473755,2.7811596393585205,0.47618377208709717
131,0.0001,0.27516046818345785,0.7944621969454269,0.5259883522987365,0.5941613819223474,0.7292771027285134,37.35692071914673,0.16259986127261072,0.11863002349855378,0.09682093374431133,0.13284641620703042,0.16259986127261072,0.46377225569449365,0.15999679221556737,0.25215761317656593,0.1103119751581779,0.13254783084759345,0.15999679221556737,0.49455118087621835,1.2171436548233032,1.2816143035888672,1.475207805633545,1.5640562772750854,1.3217310905456543,0.8195098042488098,1.5613322257995605,3.4698538780212402,0.6133393049240112,0.15668785572052002,2.774855852127075,0.47650760412216187
132,0.0001,0.2801164095290005,0.7976717112720472,0.5166182921482967,0.5941403925448694,0.7287631185838315,35.03229236602783,0.1624443057226017,0.12051401322241873,0.09297962812706828,0.13309600320644677,0.1624443057226017,0.46531741111539304,0.15361943199084355,0.2292928961607126,0.07563838339768923,0.13321133531056917,0.15361943199084355,0.4415184942575601,1.2185311317443848,1.2824290990829468,1.4781187772750854,1.5661839246749878,1.3234047889709473,0.8205885887145996,1.556240200996399,3.4823341369628906,0.614156186580658,0.16147448122501373,2.757085084915161,0.4774450361728668
133,0.0001,0.26258092373609543,0.8120532209060712,0.6157250904119932,0.5329562266975246,0.6783117184916653,30.65988326072693,0.15886896138545126,0.11403345473809168,0.092565031722188,0.13328326249029487,0.15886896138545126,0.4643294921843335,0.16898377812825716,0.30457184956623956,0.11892691919436822,0.12950155574541825,0.16898377812825716,0.47219604345468374,1.220496654510498,1.2827839851379395,1.4825657606124878,1.5696314573287964,1.3192338943481445,0.8222569227218628,1.5691418647766113,3.4793689250946045,0.6147811412811279,0.1573897749185562,2.7503082752227783,0.47985053062438965
134,0.0001,0.2841446422971785,0.7869690975771632,0.517145940890679,0.5940013519241233,0.7291236943423528,35.94156861305237,0.16105736687313765,0.12523157463874668,0.09601942170411348,0.13165413518436253,0.16105736687313765,0.4656621308531612,0.1550225147834191,0.2464875613267605,0.07815054953098297,0.12916812392381521,0.1550225147834191,0.4550102903292729,1.2222530841827393,1.284788727760315,1.4854614734649658,1.5786489248275757,1.3266063928604126,0.8236796855926514,1.5522747039794922,3.471033811569214,0.6173682808876038,0.1585330069065094,2.754896640777588,0.4813176393508911
135,0.0001,0.2579643661156297,0.8099078948241898,0.5425832537504343,0.5878821502707909,0.7243467352434317,33.49797439575195,0.15883825125638396,0.10890359408222139,0.09393915627151728,0.13199081679340452,0.15883825125638396,0.461489113047719,0.17251205352636484,0.2602574797777029,0.11626363900991586,0.12894557439363918,0.17251205352636484,0.44887826167620143,1.2187825441360474,1.2850407361984253,1.4883179664611816,1.5656481981277466,1.326276421546936,0.8256147503852844,1.524483561515808,3.4765286445617676,0.6182999014854431,0.17653395235538483,2.767090320587158,0.48248597979545593
136,0.0001,0.26461206446401775,0.8118716132836507,0.512181105522009,0.6082837669144399,0.7384634253383121,35.42953014373779,0.15833446371834725,0.1150116398348473,0.09370275749824941,0.13464718661271036,0.15833446371834725,0.47627097787335515,0.155285461132343,0.23839648847396558,0.07871317404967088,0.13380505373844734,0.155285461132343,0.46649769773850075,1.2195900678634644,1.2857552766799927,1.491837501525879,1.559342622756958,1.3285562992095947,0.8280200362205505,1.513434886932373,3.4830288887023926,0.6193234920501709,0.17732442915439606,2.7780399322509766,0.4837127923965454
137,0.0001,0.24222120642662048,0.8298626491217256,0.5126704431497133,0.6030194572952114,0.740616588392859,33.510411739349365,0.15568012278527021,0.10421537258662283,0.09215639857575297,0.13436702929902822,0.15568012278527021,0.4756899797357619,0.1592507385290586,0.23288416954187247,0.06989771081851079,0.1370301725772711,0.1592507385290586,0.43719859444178066,1.2175313234329224,1.2862039804458618,1.495461344718933,1.5489041805267334,1.3253902196884155,0.8297678828239441,1.5126657485961914,3.4750466346740723,0.6201842427253723,0.1626967340707779,2.7727608680725098,0.4841529130935669
138,0.0001,0.24426409718580544,0.825053378333961,0.4892152653290675,0.6206700535829832,0.7553822496245824,31.749139070510864,0.1554945296375081,0.10472561453934759,0.09300344868097454,0.1332220654003322,0.1554945296375081,0.476723431609571,0.15658692625852733,0.21991938742307515,0.06906865388154984,0.13441387839042224,0.15658692625852733,0.4265109855395097,1.219740390777588,1.2868489027023315,1.4992672204971313,1.5519182682037354,1.3276230096817017,0.8307458162307739,1.512264609336853,3.4814624786376953,0.6220530867576599,0.15071111917495728,2.770836591720581,0.4849053919315338
139,0.0001,0.2819606098346412,0.7873772930147112,2.051632701433622,0.2055419330713226,0.335495513002293,32.76770758628845,0.15989716781768948,0.12401652912376449,0.09146914025768638,0.13472357974387705,0.15989716781768948,0.4813437256962061,0.3935132879477281,1.5435535650986891,0.22639692563277025,0.13291671849214115,0.3935132879477281,0.2275611006296598,1.2220560312271118,1.2885112762451172,1.5022333860397339,1.5590945482254028,1.328590750694275,0.8330876231193542,1.4865081310272217,3.483603000640869,0.624762237071991,0.15714386105537415,2.769758462905884,0.4879935681819916
140,0.0001,0.2738856894429773,0.7952705380269517,0.5270372803394611,0.5947576578359698,0.7293598227878539,33.60877323150635,0.1591327681671828,0.12102632242022082,0.09123521693982184,0.13328575831837952,0.1591327681671828,0.46433174842968583,0.1577174961566925,0.24788387005145734,0.09645788348638094,0.13252166119905617,0.1577174961566925,0.4868339533989246,1.221006155014038,1.2912836074829102,1.504343867301941,1.5642977952957153,1.3332374095916748,0.8353750109672546,1.5061938762664795,3.4908835887908936,0.6273092031478882,0.15379977226257324,2.801753044128418,0.4908919334411621
141,0.0001,0.2542749522253871,0.8112219132664323,0.5170510140749124,0.5887442148908854,0.7264248170171008,36.12528467178345,0.15837825322523713,0.11117986537283286,0.09357433742843568,0.13443664112128317,0.15837825322523713,0.4739512838423252,0.16753028677060053,0.22632540808274196,0.0659974455833435,0.13135023174377589,0.16753028677060053,0.39791425328988295,1.2196123600006104,1.2900537252426147,1.5071496963500977,1.560892105102539,1.3311718702316284,0.8361759185791016,1.4995537996292114,3.4949951171875,0.6273506283760071,0.1494278609752655,2.7979326248168945,0.49110984802246094
142,0.0001,0.25761909456923604,0.8083998142184209,0.5149504895393665,0.6114994670612449,0.7438213229985173,36.92493772506714,0.15585707454010844,0.11338382761459798,0.09370274376124144,0.13572352391202003,0.15585707454010844,0.481809982098639,0.1607295233469743,0.2430091142654419,0.08183517731153048,0.13290677827138167,0.1607295233469743,0.4574466517338386,1.2164592742919922,1.2871432304382324,1.5090765953063965,1.5601857900619507,1.3281960487365723,0.8376975655555725,1.5147126913070679,3.4984054565429688,0.6283863186836243,0.14654582738876343,2.8063111305236816,0.49152544140815735
143,0.0001,0.25836181291379035,0.8085913818009123,0.582740867137909,0.5696878644975654,0.7084681630768298,31.484142780303955,0.1575138521147892,0.11311472521629184,0.09156009543221444,0.13634938199538738,0.1575138521147892,0.47633308032527566,0.16508349822117732,0.28980914056301116,0.10969494031025813,0.13062247175436753,0.16508349822117732,0.4905647488740774,1.221666693687439,1.2871328592300415,1.5128074884414673,1.5648455619812012,1.328870177268982,0.8389191627502441,1.4977800846099854,3.503643274307251,0.6288037300109863,0.15130771696567535,2.7939348220825195,0.49474582076072693
144,0.0001,0.25742902513593435,0.814138016528259,0.5742657212110666,0.5788439853236143,0.7144793887573905,33.512062788009644,0.15659340820275247,0.11214976746123284,0.09067544981371611,0.13314587506465614,0.15659340820275247,0.46350178122520447,0.15468408878032977,0.27126946334655466,0.08318247886804433,0.13363784895493433,0.15468408878032977,0.4485332764112032,1.2235702276229858,1.2877241373062134,1.5160348415374756,1.5684490203857422,1.3291089534759521,0.8409404158592224,1.5045424699783325,3.50630784034729,0.6301867365837097,0.15617595613002777,2.7941839694976807,0.496633380651474
145,0.0001,0.25429837917909026,0.8102051095072268,0.5120216034925901,0.5973324140947752,0.7330339624026686,33.51285767555237,0.15939945727586746,0.11339632846647874,0.09016689262352884,0.13195551733952016,0.15939945727586746,0.4685070973355323,0.15401151180267333,0.24109028669504018,0.082023247388693,0.12998946950985835,0.15401151180267333,0.45287312223361087,1.2230480909347534,1.2896003723144531,1.517486810684204,1.5662461519241333,1.3339614868164062,0.8422119617462158,1.5104931592941284,3.5130152702331543,0.6334841251373291,0.16155895590782166,2.810762882232666,0.4989037811756134
146,0.0001,0.23587360070087016,0.8285001455620753,0.5224721193313598,0.6037742393649808,0.7374395407035732,36.8918879032135,0.15452614147216082,0.10585674073081464,0.09297900227829814,0.13274862512480468,0.15452614147216082,0.47856383537873626,0.15271228918662438,0.25509894146369055,0.07625510669671572,0.13343766927719117,0.15271228918662438,0.4656668896858509,1.218621850013733,1.2877334356307983,1.5195029973983765,1.5560128688812256,1.3312394618988037,0.8433126211166382,1.502482533454895,3.514711618423462,0.6347575783729553,0.15499643981456757,2.802710771560669,0.5003353357315063
147,0.0001,0.2485741137061268,0.8177292307389818,0.5127978402834672,0.5997059205182443,0.7324821715409036,33.00848388671875,0.15515272074844688,0.11060044285841286,0.09268353180959821,0.13335963047575206,0.15515272074844688,0.47883304953575134,0.1528661072254181,0.24428353263781621,0.0748065533546301,0.13553241399618296,0.1528661072254181,0.46907403698334327,1.2219611406326294,1.2872334718704224,1.5224429368972778,1.5654202699661255,1.3335933685302734,0.8444675207138062,1.5017231702804565,3.519538402557373,0.6354973316192627,0.1533958464860916,2.798048973083496,0.5016589164733887
148,0.0001,0.23933505406603217,0.8257467772858181,0.5288006585377913,0.5838870358922409,0.7213099035049518,35.94431471824646,0.15242963272612542,0.10548928513890132,0.09073075267951936,0.1330548683181405,0.15242963272612542,0.4813112549018115,0.1503433841925401,0.2643119773039451,0.08714301013029539,0.12942281525868635,0.1503433841925401,0.4840290812345652,1.2279167175292969,1.2873377799987793,1.5254359245300293,1.5593550205230713,1.3305726051330566,0.8466487526893616,1.4857004880905151,3.5130395889282227,0.636570394039154,0.14522047340869904,2.799163579940796,0.5029429197311401
149,0.0001,0.24382227892056108,0.8283885512486079,0.5274658180200137,0.5828547113530903,0.7213308785373467,36.78249907493591,0.15326448320411146,0.1061392105766572,0.09247562766540796,0.1334029686404392,0.15326448320411146,0.49446097598411143,0.16725265429570124,0.23167396371181195,0.06666015203182514,0.1292960870724458,0.16725265429570124,0.397870641717544,1.227603793144226,1.2861288785934448,1.5282950401306152,1.5701565742492676,1.3312273025512695,0.8475498557090759,1.4970697164535522,3.515544891357422,0.6376787424087524,0.14938615262508392,2.7898366451263428,0.504977285861969
150,0.0001,0.2572663724422455,0.8130861434368719,0.5400195218049563,0.5819673168979868,0.7215138098234013,37.49409532546997,0.15713178168516606,0.11334359663305804,0.09127652086317539,0.1326667609391734,0.15713178168516606,0.47620194184128195,0.17415563051517194,0.24054368367561926,0.06273776017702543,0.13542713339512163,0.17415563051517194,0.4198637577203604,1.2295281887054443,1.2857987880706787,1.5311020612716675,1.5763576030731201,1.3322316408157349,0.8489297032356262,1.4873965978622437,3.522700309753418,0.6395890712738037,0.14935363829135895,2.7907748222351074,0.5059781074523926
151,0.0001,0.25099950446747243,0.8209524894802811,0.5236644476652146,0.5932705714278252,0.7331796563744293,33.49395728111267,0.15936264477204531,0.10790391970658675,0.09454084653407335,0.13426431233529001,0.15936264477204531,0.4879166134633124,0.15197892601673418,0.24700603118309608,0.0800891250371933,0.13098155363247946,0.15197892601673418,0.4762893722607539,1.2300641536712646,1.2833659648895264,1.5336164236068726,1.5645153522491455,1.3308254480361938,0.850029468536377,1.4720971584320068,3.519213914871216,0.6414299607276917,0.15023937821388245,2.789517641067505,0.5061814785003662
152,0.0001,0.2408685190603137,0.8254538196380068,0.5328149960591243,0.5821422388271328,0.7210865548069298,35.003971338272095,0.15650883002672344,0.10424803080968559,0.08951464178971946,0.13455285737290978,0.15650883002672344,0.4741297385189682,0.1596760772741758,0.26549532482257254,0.10405777188447805,0.1301781986768429,0.1596760772741758,0.4832170862417955,1.2270419597625732,1.282646894454956,1.5357601642608643,1.554679036140442,1.3298168182373047,0.8510282635688782,1.4690637588500977,3.5304691791534424,0.642032265663147,0.1481703221797943,2.7859151363372803,0.5064834952354431
153,0.0001,0.24493531277403235,0.8230007764874847,0.5578980597165915,0.5717887756648584,0.7108043790918185,32.06719923019409,0.15789930848404765,0.10848661354975775,0.09193013259209692,0.13244523387402296,0.15789930848404765,0.47761798673309386,0.15376438727745642,0.28463883262414197,0.0938370060462218,0.13131145834922792,0.15376438727745642,0.49051269338681147,1.2301052808761597,1.284336805343628,1.5387763977050781,1.5579066276550293,1.3370749950408936,0.8526634573936462,1.4760351181030273,3.549797534942627,0.6445763111114502,0.14727282524108887,2.7791638374328613,0.5060939788818359
154,0.0001,0.2431030550505966,0.8293638113061946,0.5384162863859764,0.5870485431067487,0.7260379712297542,32.23873805999756,0.1540680536418222,0.10580237541580573,0.09157111775130033,0.13272684789262712,0.1540680536418222,0.4898875193030108,0.16124442907480094,0.2501751808019785,0.08618404406767625,0.13134833436745863,0.16124442907480094,0.4523025732774001,1.2317572832107544,1.283202052116394,1.541610598564148,1.557984471321106,1.3394273519515991,0.8542706370353699,1.4806053638458252,3.547532320022583,0.6454569101333618,0.14171254634857178,2.7834970951080322,0.5070437788963318
155,0.0001,0.24394811317324638,0.8285577936768301,0.5188820536320026,0.5996651024708924,0.7350721365562964,33.46572542190552,0.1524774165591225,0.10746474826009944,0.09418027079664171,0.13393386686220765,0.1524774165591225,0.49469002755358815,0.15576052619860722,0.2419352263212204,0.06902738098914807,0.1343742047364895,0.15576052619860722,0.46338521517240083,1.2295061349868774,1.2831523418426514,1.543335199356079,1.5503259897232056,1.3349016904830933,0.8552599549293518,1.4587628841400146,3.5408995151519775,0.645203709602356,0.13832210004329681,2.7821433544158936,0.5079727172851562
156,0.0001,0.2653262750245631,0.7998680828166591,0.549968186708597,0.5822911368411697,0.7229721581328878,36.25319576263428,0.15843694389332086,0.1216437256662175,0.09244856156874448,0.13148805079981685,0.15843694389332086,0.46168456273153424,0.1977598419556251,0.22588523488778334,0.044696054664941934,0.13585195724780744,0.1977598419556251,0.33161555803739107,1.231338620185852,1.2849699258804321,1.5452353954315186,1.5556776523590088,1.3368773460388184,0.8571303486824036,1.4690724611282349,3.5411593914031982,0.6461483240127563,0.142116516828537,2.7966485023498535,0.5084472894668579
157,0.0001,0.25498722260817885,0.8140269112515286,0.5270182183155647,0.5939077758944942,0.7308085953381535,35.8089656829834,0.15721180895343423,0.10996491101104766,0.09370604157447815,0.13364500948227942,0.15721180895343423,0.48902771691791713,0.1625614427603208,0.26682357490062714,0.11202941651527698,0.1295344123473534,0.1625614427603208,0.4892782646876115,1.2362838983535767,1.2824642658233643,1.5476964712142944,1.5627541542053223,1.3317047357559204,0.85854572057724,1.4536540508270264,3.5416665077209473,0.6470693349838257,0.1396414339542389,2.7983944416046143,0.509243905544281
158,0.0001,0.2328911053482443,0.8333080610715148,0.49886047060673055,0.6152485591411232,0.7479959908044371,32.34012794494629,0.156905080890283,0.10343524219933897,0.091211216757074,0.13373137405142188,0.156905080890283,0.4876067142467946,0.15113120675086975,0.2392727446097594,0.0783521267083975,0.1329789276306446,0.15113120675086975,0.4700390508541694,1.2311760187149048,1.2826616764068604,1.5491321086883545,1.5603957176208496,1.3314183950424194,0.8594716191291809,1.4573588371276855,3.5434911251068115,0.6487184762954712,0.1355336308479309,2.804971218109131,0.5099361538887024
159,0.0001,0.23097614268772304,0.8371169649713477,0.5488891574052664,0.5894963984441529,0.7279149911845031,34.7085542678833,0.1530309678055346,0.10224013088736683,0.09029000764712691,0.1335241429042071,0.1530309678055346,0.48826899798586965,0.15274990728268256,0.2962657492894393,0.0944048835681035,0.13388747458274547,0.15274990728268256,0.4953236937522888,1.2309634685516357,1.2823985815048218,1.5517395734786987,1.551119089126587,1.333904504776001,0.8602887392044067,1.4524375200271606,3.5359179973602295,0.6492087244987488,0.1341124325990677,2.795863151550293,0.5102778077125549
160,0.0001,0.23660630593076348,0.835041593333174,0.6304892182350159,0.548757833861754,0.6939719062790127,36.074796199798584,0.1560580509249121,0.10444998071761802,0.09369951591361314,0.1332518873969093,0.1560580509249121,0.49572528642602265,0.19039177160996656,0.3526331154199747,0.14066377327992366,0.1214703211417565,0.19039177160996656,0.4544087079855112,1.2325468063354492,1.2812916040420532,1.5534268617630005,1.5489985942840576,1.3392335176467896,0.8614026308059692,1.458370327949524,3.53240966796875,0.6511828899383545,0.130327969789505,2.799670934677124,0.5117162466049194
161,0.0001,0.24672286747954786,0.8182724664614612,0.5909506272811156,0.5728785003969161,0.7150142899423925,34.70162892341614,0.15549690136685967,0.111229135945905,0.09262961882632226,0.13172797264996916,0.15549690136685967,0.4925188447814435,0.17838362317818862,0.3234077957960276,0.12736835250487694,0.12366375074936793,0.17838362317818862,0.4577623752447275,1.2341715097427368,1.283067226409912,1.55560302734375,1.5637556314468384,1.3329626321792603,0.8630090951919556,1.455519199371338,3.5335607528686523,0.6521229147911072,0.13564035296440125,2.8112597465515137,0.5127083659172058
162,0.0001,0.2431285767816007,0.8182034702531641,0.5461250827862666,0.5868476510714805,0.7230947565551001,35.114301681518555,0.1557124360697344,0.1067000535549596,0.09117042610887438,0.13344117649830878,0.1557124360697344,0.4771700764540583,0.15249755428387568,0.2688102027544608,0.08638388376969558,0.1322541349209272,0.15249755428387568,0.48025465653492855,1.2349302768707275,1.2811988592147827,1.5570317506790161,1.5598655939102173,1.3317034244537354,0.8627508878707886,1.4489468336105347,3.5366761684417725,0.6530225276947021,0.1380394548177719,2.8205909729003906,0.5144403576850891
163,0.0001,0.2568674786016345,0.8124731258312402,0.5749507761918582,0.56679068640937,0.7097504016490861,33.31266450881958,0.15671258186921477,0.11753492488060147,0.09494342433754355,0.13141142681706697,0.15671258186921477,0.48549361480399966,0.15789224230326138,0.3068850847390982,0.10524761860187237,0.12896557266895586,0.15789224230326138,0.5010278014036326,1.2347376346588135,1.280784010887146,1.5595016479492188,1.569230556488037,1.3332479000091553,0.8652690052986145,1.4458259344100952,3.532618522644043,0.6533187031745911,0.14466919004917145,2.820791721343994,0.5162138342857361
164,0.0001,0.271273028338328,0.8009226104374895,0.5373421746950883,0.5924605645906038,0.7300736023859009,34.84688901901245,0.16046407527755946,0.12284928763983771,0.09515170624945313,0.13322450418490916,0.16046407527755946,0.4807392111979425,0.1516716466500209,0.2675785699715981,0.09061050713062287,0.12751955137803003,0.1516716466500209,0.4754245272049537,1.2386406660079956,1.2791630029678345,1.5621334314346313,1.5708028078079224,1.3353558778762817,0.8669009804725647,1.4270557165145874,3.537684202194214,0.6544871926307678,0.14375661313533783,2.819392204284668,0.5165767669677734
165,0.0001,0.2518478923011571,0.8125957342455694,0.5820459553828606,0.5507396193959827,0.6952500387330323,34.24847960472107,0.15750885289162397,0.11034212331287563,0.08961789822205901,0.1323362133698538,0.15750885289162397,0.4979340089485049,0.16657747351206265,0.28986449516736545,0.09677869173196646,0.12631156398699833,0.16657747351206265,0.4738754753883068,1.2410197257995605,1.2766737937927246,1.5643465518951416,1.5639373064041138,1.3316752910614014,0.8677459359169006,1.408400058746338,3.5295534133911133,0.6543156504631042,0.1566869169473648,2.819199323654175,0.5185494422912598
166,0.0001,0.24422602681443095,0.8207536299929588,0.5471326878437629,0.5866635148945276,0.7249079404760946,32.85940718650818,0.15642920334357768,0.10724791680695489,0.09045316244009882,0.13310289126820862,0.15642920334357768,0.4810591412242502,0.15453770023125868,0.2951420545578003,0.10068928599357604,0.12699911410991963,0.15453770023125868,0.49166352519622214,1.2380026578903198,1.2768542766571045,1.5665088891983032,1.5583679676055908,1.3330310583114624,0.8691820502281189,1.4199326038360596,3.537644624710083,0.6556288003921509,0.17318904399871826,2.8172342777252197,0.5209227800369263
167,0.0001,0.2671481859870255,0.8040594230724796,0.5710506480473738,0.5850480956582713,0.7272570738801188,31.586748123168945,0.1583488913020119,0.11948659585323185,0.0931552485562861,0.13135286734905094,0.1583488913020119,0.47586519131436944,0.16197180289488572,0.28685721319455365,0.09781060218811036,0.11975489923587213,0.16197180289488572,0.45802948153935946,1.2419687509536743,1.2778550386428833,1.568176507949829,1.575486660003662,1.335028052330017,0.8705662488937378,1.4376426935195923,3.533682107925415,0.6579063534736633,0.1921345740556717,2.7918004989624023,0.521472156047821
168,0.0001,0.24590706021990627,0.818878260633919,0.526199766764274,0.589950141327215,0.7302146886715861,36.09603524208069,0.15593100001569837,0.1095390530244913,0.08980737661477178,0.13075048197060823,0.15593100001569837,0.4833183328155428,0.1563648636524494,0.23425544867148765,0.0659204308803265,0.13061670729747185,0.1563648636524494,0.4450693731124584,1.2416279315948486,1.2793371677398682,1.5706522464752197,1.5782856941223145,1.3340970277786255,0.872169554233551,1.4307228326797485,3.544257640838623,0.6599410772323608,0.20512738823890686,2.798800468444824,0.5231748819351196
169,0.0001,0.22468088078312576,0.8367507420064058,0.5613471661622708,0.5772482591946733,0.7185249228523084,35.38182997703552,0.150469055515714,0.10165310557931662,0.0934189468389377,0.13072921591810882,0.150469055515714,0.49375021690502763,0.15015355623685397,0.27906907567611106,0.07733181096040286,0.13184482822051416,0.15015355623685397,0.47896573130901043,1.2363388538360596,1.2767990827560425,1.57163667678833,1.569504737854004,1.3338871002197266,0.872963011264801,1.4306458234786987,3.5404741764068604,0.6602031588554382,0.19385625422000885,2.7962818145751953,0.524416446685791
170,0.0001,0.2362462596502155,0.8223992790494175,0.5148304659586687,0.6075667461649477,0.7419812478988767,34.258211851119995,0.15206987294368446,0.10572410211898386,0.08969954482745379,0.13223569304682314,0.15206987294368446,0.49204427748918533,0.14824184752427616,0.26150490504044754,0.08655223983984728,0.13104836780291337,0.14824184752427616,0.5027359164678133,1.2405412197113037,1.2797040939331055,1.573155403137207,1.5714967250823975,1.3335379362106323,0.8745737075805664,1.4414962530136108,3.523648262023926,0.6609811782836914,0.19271539151668549,2.802312135696411,0.5259947776794434
171,0.0001,0.23667431250214577,0.8283305115321027,0.526281189918518,0.6026351028680069,0.7374905144045667,32.0411434173584,0.15207700978498906,0.11042401858139783,0.09194965986534953,0.13212606799788773,0.15207700978498906,0.501202829182148,0.1520888938353612,0.25970254632142875,0.07782985957769248,0.13074759542942047,0.1520888938353612,0.4565173598436209,1.2434954643249512,1.2814866304397583,1.5744152069091797,1.5734201669692993,1.3387044668197632,0.8755580186843872,1.444632887840271,3.5281872749328613,0.6618174314498901,0.19637516140937805,2.7920358180999756,0.5266609191894531
172,0.0001,0.22212722362019122,0.8385660645551078,0.5471345094534067,0.592634056549839,0.7293939270091603,31.360753774642944,0.15384857822209597,0.09943986573489383,0.08982574578840286,0.1336333465296775,0.15384857822209597,0.4887100455816835,0.15111759625948393,0.28748295719806966,0.09444085451272818,0.1296429102237408,0.15111759625948393,0.4946169899060176,1.2426774501800537,1.2815048694610596,1.57771897315979,1.5717992782592773,1.3420299291610718,0.8767436742782593,1.4355309009552002,3.5288283824920654,0.6616223454475403,0.17892903089523315,2.786069393157959,0.5266783237457275
173,0.0001,0.22119942330755293,0.8453965669969957,0.5292579563764426,0.596722903315076,0.7354986207142988,33.64826059341431,0.14960105367936194,0.10040268138982356,0.09306740225292742,0.13300860160961747,0.14960105367936194,0.5141938263550401,0.15155123288814837,0.25032618916951693,0.07862725739295666,0.13063441583743463,0.15155123288814837,0.4785838062946613,1.244027018547058,1.2798304557800293,1.5799815654754639,1.5750980377197266,1.3408094644546509,0.8779836893081665,1.441132664680481,3.5235347747802734,0.6622023582458496,0.1847003847360611,2.781597137451172,0.5271871089935303
174,0.0001,0.21593396225944161,0.8443451214263854,0.5476450544137221,0.5978209966573419,0.7336335338917194,33.10480046272278,0.1484684591414407,0.09867877053329721,0.09038366749882698,0.13230048841796815,0.1484684591414407,0.4967108378186822,0.15104417227781736,0.2858800851381742,0.09203045459894034,0.12870161602130303,0.15104417227781736,0.5017175215941209,1.2440505027770996,1.2788959741592407,1.582475185394287,1.5716878175735474,1.343097448348999,0.878863513469696,1.4313586950302124,3.5273303985595703,0.6623334288597107,0.18329071998596191,2.787212371826172,0.5276437401771545
175,0.0001,0.21764477854594588,0.8462276434087597,0.5484335738878984,0.5775791073366647,0.7191613052919155,36.238051652908325,0.1523177963681519,0.09647687542019412,0.09253262425772846,0.13208649749867618,0.1523177963681519,0.5078492723405361,0.157409124649488,0.2515064427485833,0.06431459864744773,0.13150787777625597,0.157409124649488,0.43532154926886923,1.2423107624053955,1.2780119180679321,1.5844558477401733,1.5675476789474487,1.339258074760437,0.8791990876197815,1.4188859462738037,3.517957925796509,0.6617552638053894,0.1823231726884842,2.7802462577819824,0.5282033085823059
176,0.0001,0.22281548660248518,0.8363011759178908,0.5253087891982152,0.5910866887129692,0.7295945339654953,33.987186670303345,0.151250853901729,0.10168139508459717,0.08870526670943946,0.13228108861949295,0.151250853901729,0.48413799377158284,0.16174698380323557,0.23720528529240534,0.05790589898824692,0.13750380827830389,0.16174698380323557,0.4426783758860368,1.2423778772354126,1.279304027557373,1.585980772972107,1.5734519958496094,1.3382970094680786,0.8797467947006226,1.4233546257019043,3.508334159851074,0.6620437502861023,0.17512939870357513,2.7776923179626465,0.5292049646377563
177,0.0001,0.2291134726256132,0.8333056823822498,0.5862200736999512,0.5815149156585002,0.7206901498089436,34.61114025115967,0.15079847257584333,0.10457857488654554,0.09057752008084208,0.13226992113050073,0.15079847257584333,0.4999812366440892,0.16302224305959848,0.3245757886996636,0.1156899087704145,0.1258276077417227,0.16302224305959848,0.4760351456128634,1.242568850517273,1.2804700136184692,1.588126540184021,1.56855309009552,1.3441137075424194,0.8816062211990356,1.4275161027908325,3.5119376182556152,0.6643471121788025,0.17310772836208344,2.779892921447754,0.529535710811615
178,0.0001,0.23444342124275863,0.8305455297653033,0.5015694164312803,0.6030405204791268,0.7399931938959844,35.40458798408508,0.1535363394068554,0.10415167384780943,0.08734136144630611,0.12913431820925325,0.1535363394068554,0.4816863043233752,0.15928715880100544,0.22267612287631403,0.0587503847021323,0.1301346264206446,0.15928715880100544,0.41157219983064214,1.2436776161193848,1.2820935249328613,1.589585304260254,1.567060112953186,1.3436559438705444,0.8824889063835144,1.4295532703399658,3.5212700366973877,0.6668741106987,0.1671638786792755,2.789778470993042,0.5299007892608643
179,0.0001,0.22419129847548902,0.839194605505295,0.6293039253124824,0.5416740847003284,0.6885454880183568,31.69314956665039,0.1529172492446378,0.099878141481895,0.08899620536249131,0.13000791787635535,0.1529172492446378,0.4857087326236069,0.19414555292863112,0.36221511799555556,0.15141332814326652,0.12137367129325867,0.19414555292863112,0.44647624034148,1.2436158657073975,1.2806850671768188,1.5914702415466309,1.5742489099502563,1.3412961959838867,0.8832337260246277,1.4381822347640991,3.533318281173706,0.6674416661262512,0.16115400195121765,2.788297176361084,0.5305250287055969
180,0.0001,0.22902273084037006,0.8383034680568873,0.5568966714235453,0.5849386841644991,0.725467110594838,37.79631471633911,0.15131735673639923,0.10371166933327913,0.0925396754173562,0.13283003610558808,0.15131735673639923,0.5105542070232332,0.18967372431204868,0.25059064833017497,0.05202724532439158,0.13204788198837866,0.18967372431204868,0.3615084203389975,1.2438400983810425,1.2790395021438599,1.5942878723144531,1.5794869661331177,1.3409092426300049,0.8844029307365417,1.427747368812561,3.5211262702941895,0.6675131916999817,0.16653308272361755,2.7813966274261475,0.5317467451095581
181,0.0001,0.22375617292709649,0.8425823739258151,0.5644355161831929,0.5774912782238352,0.7161514059365341,34.864232301712036,0.1529423490865156,0.10326717351563275,0.09299083484802395,0.13096641248557717,0.1529423490865156,0.5069918399676681,0.1570663640132317,0.2910141266309298,0.09901262384194594,0.12679407619512997,0.1570663640132317,0.49389971769773044,1.2456464767456055,1.2794486284255981,1.5964771509170532,1.5861599445343018,1.3377220630645752,0.8851304650306702,1.4277161359786987,3.518970012664795,0.6681076884269714,0.15943561494350433,2.7805047035217285,0.5321687459945679
182,0.0001,0.22603453882038593,0.8421013543807321,0.5603893069120554,0.57273296819081,0.7133457924441655,30.516695022583008,0.15139645454473794,0.09952955244807526,0.08934410393703729,0.1321514913579449,0.15139645454473794,0.49006400583311915,0.1553667719547565,0.28998209834098815,0.0859939660017307,0.13159890541663535,0.1553667719547565,0.48615995049476624,1.2463135719299316,1.2794296741485596,1.5983238220214844,1.5919760465621948,1.3368088006973267,0.8859560489654541,1.4345710277557373,3.5185768604278564,0.6691951751708984,0.16367271542549133,2.7844064235687256,0.5334358811378479
183,0.0001,0.2261412888765335,0.8294773308493364,0.5155688991913429,0.6176357856179553,0.7475904831005238,35.38250398635864,0.1502337596612051,0.10208092560060322,0.08781897812150419,0.13269982754718512,0.1502337596612051,0.48744902736507356,0.16343666727726275,0.22343804377775925,0.05330677032470703,0.13733019232749938,0.16343666727726275,0.40861483262135434,1.2479463815689087,1.28012216091156,1.6003144979476929,1.5997909307479858,1.3408021926879883,0.8866919279098511,1.4480222463607788,3.5157783031463623,0.6694597005844116,0.16019952297210693,2.7963051795959473,0.5351132750511169
184,0.0001,0.21947346115484834,0.8470434913895858,0.5451367002267103,0.5942261873553822,0.7291092038629801,33.85872769355774,0.15139856247697026,0.09843413578346372,0.09251360956113786,0.1307760134804994,0.15139856247697026,0.5099684216547757,0.14928585841105535,0.2742686906686196,0.07977674167889814,0.12635830411544213,0.14928585841105535,0.486555998141949,1.244633674621582,1.2784332036972046,1.6019634008407593,1.5920673608779907,1.3426227569580078,0.8878783583641052,1.435932993888855,3.5129261016845703,0.6709925532341003,0.1628035008907318,2.791383743286133,0.5351659655570984
185,0.0001,0.2090960240457207,0.8558570354384104,0.5401266508377516,0.5836699753851173,0.7214525890704451,33.14397931098938,0.14878310658968985,0.09467654628679156,0.09147894429042935,0.13231489597819746,0.14878310658968985,0.5129193980246782,0.15263746151557336,0.24966654410729042,0.06969827574033004,0.1305865725645652,0.15263746151557336,0.4746504247188568,1.243327260017395,1.2769092321395874,1.604079008102417,1.588320016860962,1.3400068283081055,0.889205813407898,1.4254673719406128,3.5098605155944824,0.6712284088134766,0.15848247706890106,2.784288167953491,0.5350536704063416
186,0.0001,0.21331006137188524,0.8460146441035769,0.5313522733174838,0.60151499776673,0.7365961067900205,36.30185794830322,0.14847337850369513,0.09746355967945419,0.08969413046725094,0.13303285872098058,0.14847337850369513,0.5036908956244588,0.1560460727948409,0.24872288933167092,0.064885501907422,0.1359836227618731,0.1560460727948409,0.4635900391982152,1.243414282798767,1.2749052047729492,1.605472207069397,1.5889523029327393,1.338517665863037,0.8906310200691223,1.4208682775497437,3.5099847316741943,0.6728240251541138,0.16047349572181702,2.7903008460998535,0.5355145931243896
187,0.0001,0.21387181524187326,0.8482450603766317,0.5198428887587327,0.5992330783344755,0.7373749130197211,34.33016514778137,0.14822431025095284,0.09707306005293503,0.09212671895511448,0.13289269956294447,0.14822431025095284,0.5253384276293218,0.1678940883049598,0.2255587045962994,0.051418974766364464,0.1356697502044531,0.1678940883049598,0.41770094151680287,1.240072250366211,1.2750046253204346,1.6065202951431274,1.5818102359771729,1.3375256061553955,0.8914704322814941,1.4176287651062012,3.4978508949279785,0.6738486886024475,0.15728633105754852,2.793560266494751,0.535987138748169
188,0.0001,0.2185941447969526,0.8418887116519477,0.552716213464737,0.5727216243721426,0.7132004466107414,34.51403760910034,0.148833220184315,0.09886158246081322,0.08793956297449768,0.13131799933034927,0.148833220184315,0.5124499688390642,0.19923499730917124,0.23409510209010198,0.050681413939365975,0.12731425636089766,0.19923499730917124,0.34593133811767285,1.2433173656463623,1.2734192609786987,1.6079920530319214,1.5841765403747559,1.3408094644546509,0.8919790387153625,1.4235702753067017,3.4930036067962646,0.6746963858604431,0.1583193838596344,2.812556505203247,0.5364859104156494
189,0.0001,0.2252561175264418,0.8428803032571723,0.5961553646967961,0.573487479087495,0.7124871912867039,35.565688133239746,0.15024412795901299,0.10294893680838868,0.08917098515667021,0.13216564455069602,0.15024412795901299,0.5046606932301074,0.1736613067296835,0.33853581089239854,0.12137226875011738,0.12550631303053636,0.1736613067296835,0.4709888238173265,1.2404518127441406,1.2724870443344116,1.6098637580871582,1.5805481672286987,1.3414846658706665,0.8924543261528015,1.431282877922058,3.494288206100464,0.675478458404541,0.15836000442504883,2.813403606414795,0.5387798547744751
190,0.0001,0.21683414303697646,0.8362978540025742,0.5342098511182345,0.60732583670876,0.7417922122918164,37.30066394805908,0.14829139912035316,0.10000149247935042,0.08909343380946666,0.13259657507296652,0.14829139912035316,0.503768069902435,0.14731899545742916,0.26375182133454544,0.0808907715173868,0.1314830862558805,0.14731899545742916,0.5044038772583008,1.2426495552062988,1.2719721794128418,1.611840844154358,1.5791184902191162,1.3461318016052246,0.8935006260871887,1.4306343793869019,3.490957260131836,0.6758229732513428,0.15157026052474976,2.8137154579162598,0.5399236083030701
191,0.0001,0.229676483431831,0.8297586240563001,0.5078348191884848,0.6005465643180936,0.7393233791536542,32.427536487579346,0.1511767952470109,0.10741550714010373,0.08993913582526147,0.13377392699476331,0.1511767952470109,0.5059157572686672,0.16080668431061965,0.2284441264776083,0.060033061641913195,0.13499663151227512,0.16080668431061965,0.44742489548829883,1.241320013999939,1.27261221408844,1.6132811307907104,1.5770914554595947,1.3486837148666382,0.8941896557807922,1.420479416847229,3.4868907928466797,0.6774197816848755,0.14896440505981445,2.8057680130004883,0.540141224861145
192,0.0001,0.2379394832532853,0.8201618550475321,0.5359740092204167,0.5949349667264651,0.7320998843932385,31.286295413970947,0.15095468738581985,0.11072858551051468,0.09208403737284243,0.13203106226865202,0.15095468738581985,0.5123264801222831,0.15256812870502473,0.26782896151909463,0.08403055690802061,0.12972983259421128,0.15256812870502473,0.49786350635381843,1.2418780326843262,1.2734448909759521,1.6135716438293457,1.583192229270935,1.3532090187072754,0.8950573801994324,1.4499671459197998,3.4929707050323486,0.6792206168174744,0.1500016152858734,2.8104169368743896,0.5416136384010315
193,0.0001,0.21816458902321756,0.8383635334910265,0.5359200110802284,0.5990280307259349,0.7349106839568192,33.656630992889404,0.1492091512773186,0.09856415766989812,0.08608425804413855,0.13360225094947964,0.1492091512773186,0.5005899413954467,0.15024692324491648,0.27737312752466936,0.08296381464371315,0.1262895908493262,0.15024692324491648,0.4897291210981516,1.2423654794692993,1.2730122804641724,1.6149674654006958,1.5842825174331665,1.3523637056350708,0.8963263630867004,1.447305679321289,3.492159843444824,0.6798315048217773,0.14824409782886505,2.8097851276397705,0.5423496961593628
194,0.0001,0.20287517621181905,0.8571229783406977,0.5641523322233787,0.5984376717392244,0.7339617620430873,34.4022274017334,0.14542581723071635,0.092156587226782,0.08926929743029177,0.13342845859006047,0.14542581723071635,0.5210794159211218,0.15073958291457248,0.3108656644821167,0.09775154086259695,0.12777254696075732,0.15073958291457248,0.5096755715516897,1.2426780462265015,1.2710641622543335,1.6165159940719604,1.5789213180541992,1.3499462604522705,0.8971986174583435,1.4483071565628052,3.4863200187683105,0.6801739931106567,0.14362630248069763,2.8006725311279297,0.5424297451972961
195,0.0001,0.2055843691341579,0.8589652814850149,0.5157143464455238,0.6216596038461618,0.7526332914516178,32.60684514045715,0.14719527016859502,0.09319232346024364,0.08975917671341449,0.13425538956653327,0.14719527016859502,0.5113824284635484,0.15062511448676769,0.25324627894621626,0.06781441638102899,0.13232765335303087,0.15062511448676769,0.46801771246469936,1.2422947883605957,1.2692270278930664,1.618538737297058,1.5760890245437622,1.3519741296768188,0.8991156220436096,1.4354751110076904,3.4873621463775635,0.6801378130912781,0.140777587890625,2.7933406829833984,0.542578935623169
196,0.0001,0.21490895317401737,0.8438108772411341,0.5692524964992817,0.583392511630431,0.7248809238411961,32.08112406730652,0.14897491375450045,0.09828286548145115,0.08849811041727662,0.13348088087514043,0.14897491375450045,0.5065851961262524,0.164083547775562,0.2936009796766134,0.08700600747878735,0.12900272607803345,0.164083547775562,0.48114460981809176,1.2407673597335815,1.2691171169281006,1.6195303201675415,1.563575029373169,1.349147081375122,0.8999320268630981,1.426548957824707,3.474039077758789,0.6801394820213318,0.14310525357723236,2.788774013519287,0.5424820184707642
197,0.0001,0.218773900764063,0.8480946905438633,0.5836120749895389,0.5727346021163346,0.7147001324897865,33.81249284744263,0.14909635158255696,0.09978972456883639,0.08546018996275961,0.13477443647570908,0.14909635158255696,0.508241644827649,0.15314733661138094,0.3252816012272468,0.10513160778925969,0.12842560846071976,0.15314733661138094,0.5020570122278654,1.2380799055099487,1.268041729927063,1.6217468976974487,1.5646713972091675,1.3466053009033203,0.901366651058197,1.4305111169815063,3.4774374961853027,0.6812044978141785,0.1390123814344406,2.7900664806365967,0.5445106029510498
198,0.0001,0.21367556299082935,0.8478059820162431,0.5506315366579936,0.5933134253376959,0.732635630608331,34.00197076797485,0.14810861460864544,0.09841062797931954,0.09088623698335141,0.13063388387672603,0.14810861460864544,0.5147973261773586,0.14799996889554537,0.282459923854241,0.08278119151408855,0.12810692603771504,0.14799996889554537,0.5029379652096675,1.240938663482666,1.26713228225708,1.6233149766921997,1.5682058334350586,1.3459573984146118,0.9016826748847961,1.43267822265625,3.475459337234497,0.6820653676986694,0.13928502798080444,2.783231019973755,0.5456770062446594
199,0.0001,0.2077711430611089,0.8559192061287286,0.542130557848857,0.6051249158896452,0.740885869455196,34.6835572719574,0.14739837287925184,0.09350708173587918,0.08843489759601653,0.1320897643454373,0.14739837287925184,0.5090054525062442,0.14818910039388217,0.26758214418704696,0.07786244520774255,0.12866892505150576,0.14818910039388217,0.496811234492522,1.2395018339157104,1.2668397426605225,1.6252168416976929,1.5608688592910767,1.3436284065246582,0.9021704792976379,1.4292668104171753,3.471737861633301,0.6820076107978821,0.1380634754896164,2.7803311347961426,0.5457741022109985
200,0.0001,0.2047132921870798,0.8583261982125772,0.5630857318639755,0.5961924597110043,0.7335500004662538,32.49183702468872,0.14674419607035816,0.0942268970538862,0.088434795034118,0.13279783609323204,0.14674419607035816,0.521278542932123,0.15625486144652734,0.310772370833617,0.10545067420372596,0.12872321032560788,0.15625486144652734,0.5062104940414429,1.2381269931793213,1.2667378187179565,1.6270183324813843,1.5521283149719238,1.344774603843689,0.902284562587738,1.4253119230270386,3.470043182373047,0.6823561787605286,0.13838538527488708,2.7774012088775635,0.5459062457084656
201,0.0001,0.21475075627677143,0.8452488831048934,0.5502353642995541,0.5886244836115969,0.726285454140861,34.41600823402405,0.14956999069545418,0.10143050248734653,0.08864257950335741,0.1335214611608535,0.14956999069545418,0.5162450261414051,0.14935599725980025,0.2916162500014672,0.09923273141567523,0.1261105729983403,0.14935599725980025,0.5076183126522944,1.2395273447036743,1.2680681943893433,1.6284445524215698,1.545477032661438,1.3474208116531372,0.9027055501937866,1.4213758707046509,3.4698684215545654,0.6825957298278809,0.1397230327129364,2.7755002975463867,0.5460350513458252
202,0.0001,0.21479326975531876,0.8450968758346002,0.6283761629691491,0.5654062955320083,0.709324570924072,36.009418964385986,0.14606299996376038,0.09603785915533081,0.08697431546170264,0.13447007385548204,0.14606299996376038,0.5139038255438209,0.18146097935163058,0.34235117114507235,0.1199895611176124,0.12462665301102858,0.18146097935163058,0.4337968899653508,1.2439773082733154,1.266983985900879,1.6305983066558838,1.5473500490188599,1.3452924489974976,0.9034414291381836,1.4328210353851318,3.4833550453186035,0.6823615431785583,0.1395680457353592,2.7818431854248047,0.5479254722595215
203,0.0001,0.20940258435439318,0.8493833592305529,0.5978172171574373,0.5877825009573691,0.7263205973814519,31.545272827148438,0.14911108452361077,0.09614428295753896,0.08838021149858832,0.13268681266345084,0.14911108452361077,0.4961141445674002,0.15641489900075473,0.34732564504329977,0.11040057035592886,0.1244232592674402,0.15641489900075473,0.5137563650424664,1.246592402458191,1.265952229499817,1.6326793432235718,1.544363260269165,1.342272162437439,0.9038906097412109,1.4315738677978516,3.4782698154449463,0.6827477812767029,0.13836465775966644,2.7789180278778076,0.5485426187515259
204,0.0001,0.21189154870808125,0.8461608863644755,0.543520399240347,0.6021028446308625,0.7405819047160515,35.54806303977966,0.14744693995453417,0.09650259162299335,0.08986773644573987,0.131462890538387,0.14744693995453417,0.5245710948947817,0.14905631565130673,0.2915220987338286,0.08809364208808312,0.1261290648808846,0.14905631565130673,0.502779913865603,1.242026448249817,1.2656556367874146,1.6340700387954712,1.546830177307129,1.3424923419952393,0.9046672582626343,1.4273844957351685,3.4812443256378174,0.6835101842880249,0.13712945580482483,2.7789807319641113,0.5496134757995605
205,0.0001,0.20379426307044923,0.8548703786797255,0.5492573949006888,0.583214129274435,0.7226420748859171,32.776103496551514,0.14846133708488196,0.09130254900082946,0.08861255052033812,0.13236484385561198,0.14846133708488196,0.5144926700741053,0.16153033008942239,0.2703400634802305,0.0748745926297628,0.12407651451917795,0.16153033008942239,0.45713351919100836,1.241505742073059,1.2665306329727173,1.6353057622909546,1.5430430173873901,1.3384557962417603,0.9053468704223633,1.4102896451950073,3.4795117378234863,0.6839122176170349,0.13552910089492798,2.776684522628784,0.5500107407569885
206,0.0001,0.20021035661920905,0.8606063880431472,0.5464716851711273,0.6060390722906259,0.742164096712623,36.109517097473145,0.1427476991666481,0.09212288685375825,0.08723363804165274,0.13259769917931408,0.1427476991666481,0.5249367512296885,0.1491937761123364,0.2881071313069417,0.08625274965396294,0.12691276990450345,0.1491937761123364,0.5005664458641639,1.242611289024353,1.2650322914123535,1.6368945837020874,1.541128396987915,1.3428763151168823,0.9064898490905762,1.4078269004821777,3.473782777786255,0.6855307817459106,0.13688303530216217,2.773808240890503,0.5500443577766418
207,0.0001,0.20078628114424646,0.857523825885298,0.5339108833899865,0.604373136309313,0.7407981598503537,35.29998183250427,0.14847172726877034,0.09134704538155347,0.08907066250685602,0.13327759504318237,0.14847172726877034,0.521607382921502,0.14785628089537986,0.26926793731175935,0.08281497061252593,0.13032630063020267,0.14785628089537986,0.5074105005997878,1.2415952682495117,1.2636940479278564,1.6384981870651245,1.544629454612732,1.3423484563827515,0.9074425101280212,1.4184670448303223,3.4711108207702637,0.6861907243728638,0.13358667492866516,2.770419120788574,0.5500708222389221
208,0.0001,0.20036473462823778,0.8643136155511633,0.5396995471074031,0.5996448553228321,0.7375043027579117,35.63017654418945,0.14487655693665147,0.09086292696883902,0.08867587253917009,0.1324317652033642,0.14487655693665147,0.5225654426030815,0.14661216965088478,0.27332261961240034,0.0784024321115934,0.12686488857636086,0.14661216965088478,0.4955901246804457,1.238050937652588,1.2628597021102905,1.6397939920425415,1.5408246517181396,1.3387900590896606,0.9087896347045898,1.4167424440383911,3.4723992347717285,0.6869028210639954,0.13192306458950043,2.755852222442627,0.549848735332489
209,0.0001,0.20092550804838538,0.8611222452081037,0.5639688780674568,0.599652061996947,0.7344023894483215,33.51201629638672,0.14577978977467865,0.09321327367797494,0.08650941320229322,0.1314553781412542,0.14577978977467865,0.5119600100442767,0.1477040015734159,0.32202769105251017,0.09176275500884423,0.12615836537801303,0.1477040015734159,0.5051253181237441,1.2396384477615356,1.2623978853225708,1.6414985656738281,1.5458139181137085,1.336652159690857,0.9091859459877014,1.4235810041427612,3.473839521408081,0.687677264213562,0.1394139677286148,2.7514050006866455,0.5496393442153931
210,0.0001,0.19416499533690512,0.8571992652267225,0.5749428221812615,0.5917507996497889,0.7304092462077751,32.02376174926758,0.14506646001245826,0.09099278011126444,0.08816579612903297,0.13144882442429662,0.14506646001245826,0.5132540517952293,0.14929314164014962,0.31956852926657753,0.09472277531257042,0.12533980378737816,0.14929314164014962,0.5229315583522504,1.238154649734497,1.2603896856307983,1.6434147357940674,1.5362334251403809,1.3391108512878418,0.9091519117355347,1.4096734523773193,3.4707729816436768,0.6874263286590576,0.13378287851810455,2.7449440956115723,0.5494763851165771
211,0.0001,0.20067498902790248,0.8557419804572859,0.515400091272134,0.6139549547952591,0.7470739011555028,32.92851376533508,0.14447101822588593,0.09214558391249739,0.08804326527751982,0.13235524261835963,0.14447101822588593,0.5187780577689409,0.1459410479435554,0.2625090076373174,0.07342247550304119,0.12955416234639974,0.1459410479435554,0.5002737072797921,1.2341477870941162,1.260128378868103,1.6450308561325073,1.5272483825683594,1.3398282527923584,0.9107888340950012,1.4057785272598267,3.4706945419311523,0.6882713437080383,0.12882384657859802,2.742265462875366,0.5497207045555115
212,0.0001,0.20035507553257048,0.8611949775352399,0.5417532123052157,0.605129201074657,0.7399468603630226,37.26896548271179,0.1427611141698435,0.09222203871468082,0.0888734256150201,0.1302506704814732,0.1427611141698435,0.5243847393430769,0.14891699116963605,0.2916513126630049,0.09725723037352929,0.12516840444161342,0.14891699116963605,0.5164965730447035,1.2336359024047852,1.2591456174850464,1.6461541652679443,1.5245466232299805,1.3335974216461182,0.9120824933052063,1.4047588109970093,3.4689226150512695,0.6888958811759949,0.12607824802398682,2.737379789352417,0.5502243041992188
213,0.0001,0.1904435142641887,0.8664118533248311,0.5327466909702008,0.6041239758108605,0.7395402611230528,34.04055309295654,0.1446115499129519,0.08793886163039133,0.0871958831558004,0.1322756257141009,0.1446115499129519,0.5259525743313134,0.15099083872941824,0.26082899868488313,0.0693961099936412,0.13109858334064484,0.15099083872941824,0.48480162758093615,1.2317278385162354,1.2575184106826782,1.6469274759292603,1.5225979089736938,1.3327075242996216,0.9126865863800049,1.4044427871704102,3.4607627391815186,0.689965009689331,0.12516015768051147,2.7341043949127197,0.5510321259498596
214,0.0001,0.19611865596380085,0.8652577293431025,0.542854796235378,0.6149892021017734,0.7477576306639879,32.05958390235901,0.14448003517463803,0.0892313547374215,0.08640702115371823,0.13433496316429228,0.14448003517463803,0.5241113058291376,0.14755852405841535,0.29582394865842965,0.09421693109549009,0.13012443780899047,0.14755852405841535,0.5201039754427397,1.231826901435852,1.2549662590026855,1.6479777097702026,1.5250959396362305,1.330739974975586,0.9130327701568604,1.3992527723312378,3.458092451095581,0.6899579763412476,0.12259340286254883,2.7295355796813965,0.551501452922821
215,0.0001,0.19827850547153503,0.8634373923031943,0.5372880545946268,0.6073101713427216,0.7413454574881015,34.467724084854126,0.1468557631596923,0.09150996437529102,0.08753869240172207,0.136017223354429,0.1468557631596923,0.5209362448658794,0.14977998687670782,0.28561399441498975,0.07446326636351072,0.13223591309327345,0.14977998687670782,0.49688802361488343,1.230043649673462,1.2542673349380493,1.6490999460220337,1.526666283607483,1.3327250480651855,0.9138579964637756,1.3947697877883911,3.4587583541870117,0.690224289894104,0.12200844287872314,2.726212501525879,0.552482545375824
216,0.0001,0.19315683585591614,0.8683555125715937,0.5493494377686428,0.6145413407794713,0.7483863840280129,33.76571321487427,0.14476424199528992,0.08879014512058347,0.08754705695901066,0.13313832157291472,0.14476424199528992,0.5187193406745791,0.15255764035078195,0.3014878314275008,0.09844172023809873,0.12468469349237589,0.15255764035078195,0.502638467000081,1.2320302724838257,1.2534912824630737,1.6501924991607666,1.5252563953399658,1.333187222480774,0.914991557598114,1.3944566249847412,3.4640345573425293,0.6906216144561768,0.11904822289943695,2.7261292934417725,0.5524067282676697
217,0.0001,0.19356640614569187,0.8647108264621208,0.5247147936087388,0.6111233149599716,0.7443479667694409,32.49598145484924,0.14521393727045506,0.08938393063726835,0.0875233398983255,0.13214308605529368,0.14521393727045506,0.5220312867313623,0.14984129117085385,0.2525651429708187,0.07247049292692771,0.12790380808023305,0.14984129117085385,0.5099739413995009,1.229439377784729,1.2519240379333496,1.6511024236679077,1.516108512878418,1.3320163488388062,0.9158451557159424,1.3915642499923706,3.458463430404663,0.6915249824523926,0.1189488023519516,2.7183644771575928,0.5527637600898743
218,0.0001,0.1866215814370662,0.8716270540402133,0.5274459064006806,0.6136388495489286,0.7480991086480686,32.971884965896606,0.1435733160469681,0.0842105508199893,0.08606254262849689,0.1313558854162693,0.1435733160469681,0.5153587223030627,0.15232241933162396,0.2667282957297105,0.06471890990550701,0.13114142096959627,0.15232241933162396,0.48557943930992714,1.2292970418930054,1.2514890432357788,1.6526848077774048,1.5099265575408936,1.3311970233917236,0.915871262550354,1.3865621089935303,3.454583168029785,0.6908038258552551,0.11698438227176666,2.7095730304718018,0.5532019138336182
219,0.0001,0.19038064102642238,0.8715105034407232,0.5752216944327722,0.5922182261319526,0.7302570586998414,32.970784425735474,0.14305164839606732,0.08820727234706283,0.08797722088638693,0.1321002362528816,0.14305164839606732,0.5340088815428317,0.15082962398345653,0.3207466189677899,0.09770579567322364,0.12437413059748136,0.15082962398345653,0.5200148344039917,1.2265428304672241,1.2508856058120728,1.6540942192077637,1.5089008808135986,1.3287498950958252,0.9159492254257202,1.3869143724441528,3.450608968734741,0.6911556124687195,0.11421103775501251,2.7101762294769287,0.5531896352767944
220,0.0001,0.191738500026986,0.8630630096874915,0.5490636252439939,0.6075268893499952,0.7416893828185943,33.279019355773926,0.14452708209864795,0.08909683441743255,0.08733173122163862,0.1316811500582844,0.14452708209864795,0.527002023300156,0.152732580441695,0.2911008316736955,0.07627226183047661,0.12648716637721427,0.152732580441695,0.49992410036233753,1.2280056476593018,1.2503631114959717,1.654409408569336,1.5086066722869873,1.3289287090301514,0.9163978695869446,1.3869389295578003,3.4438319206237793,0.6916151642799377,0.11270932108163834,2.70857310295105,0.5534358620643616
221,0.0001,0.19680388527922332,0.8634624826323324,0.5366391321787467,0.603544067378939,0.7389954563774523,33.313459396362305,0.14354416419519112,0.08946690853917971,0.08348184858914465,0.13356561737600714,0.14354416419519112,0.5128998700529337,0.14546923362291775,0.26506762814063295,0.06710265714388627,0.13220729736181405,0.14546923362291775,0.48783273375951325,1.229831337928772,1.250104308128357,1.65554940700531,1.5122597217559814,1.3276667594909668,0.9174920916557312,1.3959547281265259,3.4497768878936768,0.6911585927009583,0.11317398399114609,2.7101335525512695,0.553568422794342
222,0.0001,0.1981578308623284,0.8658380032159835,0.5521614459844736,0.5989821461199271,0.7336797429118656,33.45856022834778,0.14483749098144472,0.08955665028770454,0.08716250851284713,0.13291516050230712,0.14483749098144472,0.5288199046626687,0.14642430887772487,0.2896292232550107,0.0796589223238138,0.12571851737224138,0.14642430887772487,0.5022240547033456,1.2313952445983887,1.249080777168274,1.6568341255187988,1.5089455842971802,1.3305201530456543,0.9182930588722229,1.3914905786514282,3.443929672241211,0.6921652555465698,0.11350685358047485,2.704577922821045,0.5534719824790955
223,0.0001,0.19397007359657437,0.8628354575668024,0.5656871841504023,0.6069303398633502,0.7405595089385265,32.58711624145508,0.14360709418542683,0.09154384466819465,0.0865803639171645,0.13310373353306204,0.14360709418542683,0.5402848161756992,0.1497486806832827,0.3163487883714529,0.09221733441719641,0.12659847759283505,0.1497486806832827,0.5083664490626408,1.2332994937896729,1.248910665512085,1.6584469079971313,1.503482460975647,1.3313336372375488,0.9182917475700378,1.385844349861145,3.4396610260009766,0.6926719546318054,0.1152486726641655,2.706259250640869,0.5535582304000854
224,0.0001,0.19096200563944876,0.8667394572026337,0.5240390630868765,0.612108458973739,0.7458846812720341,33.50602865219116,0.14306867576669902,0.08853892592014745,0.08508049545343965,0.1326461334247142,0.14306867576669902,0.5156397614628077,0.14594679383131173,0.2777245601782432,0.07675310740104088,0.1254498670880611,0.14594679383131173,0.5025274790250338,1.2303582429885864,1.2491109371185303,1.6590919494628906,1.5014469623565674,1.3284422159194946,0.9192870855331421,1.3819971084594727,3.4445669651031494,0.6929264068603516,0.11579649150371552,2.7091853618621826,0.5537022352218628
225,0.0001,0.19049651373643428,0.8665318571871047,0.5359705315186427,0.608469619044186,0.7428398255810023,31.60100531578064,0.1443460735026747,0.08699917217018083,0.08678056148346514,0.13114487065467983,0.1443460735026747,0.5336391534656286,0.1451254945534926,0.2878417393335929,0.0858354382790052,0.12795830093897306,0.1451254945534926,0.5154728110019977,1.229175090789795,1.2488088607788086,1.6599615812301636,1.4996583461761475,1.3269319534301758,0.9196783304214478,1.3795181512832642,3.4416236877441406,0.6938114762306213,0.1177724078297615,2.705775737762451,0.5544326901435852
226,0.0001,0.18862614827230573,0.8708825038891785,0.527672417805745,0.6020096172649209,0.7376296430452393,33.64224171638489,0.1411412135930732,0.08556278131436557,0.08484776527620852,0.13284558209124953,0.1411412135930732,0.540477437665686,0.14475072989097007,0.2745280128258925,0.07799691030612359,0.12676609674325356,0.14475072989097007,0.5133442897063035,1.2245985269546509,1.2473912239074707,1.661084771156311,1.4956082105636597,1.327603816986084,0.9200031161308289,1.3650004863739014,3.439678430557251,0.6940420269966125,0.11704232543706894,2.698646068572998,0.5545852184295654
227,0.0001,0.1879746315535158,0.8665713345315131,0.5612192215827795,0.6065889491480692,0.7422910548508679,35.20400953292847,0.14192677347455174,0.08806802338222042,0.08584386517759413,0.13330020278226584,0.14192677347455174,0.5332197193056345,0.15443220459497892,0.32002899279961217,0.10292011086757366,0.12594303076083843,0.15443220459497892,0.5150142302879921,1.2240878343582153,1.246126413345337,1.6625210046768188,1.4949012994766235,1.3266569375991821,0.920772910118103,1.3626694679260254,3.4460833072662354,0.6936266422271729,0.11608497053384781,2.702025890350342,0.5552763342857361
228,0.0001,0.18545867723878473,0.8707898492217917,0.5343833565711975,0.6205898877004417,0.7531114810964487,33.577534198760986,0.14128970069577917,0.08647934318287298,0.08612974104471505,0.1324341343715787,0.14128970069577917,0.5282729438040406,0.14886811329768254,0.2888299366602531,0.08656804699164171,0.13084340829115648,0.14886811329768254,0.5139233552492581,1.2235560417175293,1.2458909749984741,1.6637413501739502,1.4946688413619995,1.3264415264129639,0.9214921593666077,1.3582749366760254,3.4416565895080566,0.6941453218460083,0.11585460603237152,2.7031517028808594,0.5550550222396851
229,0.0001,0.18595376040320843,0.8753173316403696,0.5436638664740783,0.6159847381191601,0.7488593170144981,35.9464225769043,0.14133241574745625,0.08430543437134475,0.08538868161849678,0.13309867784846574,0.14133241574745625,0.5334122884087265,0.14555351252739246,0.2983447171174563,0.07716243083660419,0.13104798770867862,0.14555351252739246,0.5136103474176847,1.2226005792617798,1.2453491687774658,1.6651830673217773,1.4860949516296387,1.3254482746124268,0.9216688275337219,1.3504236936569214,3.4340875148773193,0.6937894225120544,0.11422321945428848,2.696516513824463,0.554804265499115
230,0.0001,0.19058263232000172,0.8687164264257193,0.5246017708228184,0.6143405441700508,0.7477739320236649,31.94826102256775,0.14096559793688357,0.0886880619218573,0.08730832114815712,0.13171080488245934,0.14096559793688357,0.5366279147565365,0.1456444527094181,0.26068906096311717,0.07685429992584082,0.12713240820627947,0.1456444527094181,0.5198098356907185,1.2207483053207397,1.2448705434799194,1.666685700416565,1.47411048412323,1.3237359523773193,0.9222889542579651,1.3551084995269775,3.431511163711548,0.694183886051178,0.11445096880197525,2.6869280338287354,0.5546446442604065
231,0.0001,0.18744726630393416,0.8667765827623944,0.5406190106501946,0.6050535047436845,0.741207502155079,31.567561864852905,0.139996605576016,0.08638621208956465,0.084726253291592,0.13300863141193986,0.139996605576016,0.5383315179497004,0.14852317846738375,0.2799058341062986,0.07480530853454884,0.13069560069304245,0.14852317846738375,0.5060722121825585,1.2196907997131348,1.244560718536377,1.6676889657974243,1.4699649810791016,1.3224270343780518,0.9226579666137695,1.3519634008407593,3.427546501159668,0.694199800491333,0.11558447778224945,2.678924798965454,0.5554412007331848
232,0.0001,0.18126477557234466,0.8750105216091061,0.5255000091516054,0.6154738665578127,0.7502502568439031,32.51346707344055,0.13950827671214938,0.0833519734442234,0.08544064708985388,0.1330400361912325,0.13950827671214938,0.5388020528480411,0.14542717819030468,0.2623371312251458,0.06867263683905968,0.13246293113781857,0.14542717819030468,0.5115808486938477,1.2174179553985596,1.243808388710022,1.6690874099731445,1.4722031354904175,1.3223384618759155,0.9233649373054504,1.3496756553649902,3.424506187438965,0.694301426410675,0.11520865559577942,2.667020320892334,0.5559424757957458
233,0.0001,0.18395542923826724,0.8742189133591116,0.5505407810211181,0.6058970846991302,0.7401481774092253,33.051472187042236,0.14101792278233916,0.08493124379310757,0.08547874237410724,0.13260822906158864,0.14101792278233916,0.5396815640851855,0.15028944061352656,0.2820946842432022,0.06556937236052293,0.13107976752978104,0.15028944061352656,0.49486306355549736,1.2163130044937134,1.2434065341949463,1.6705265045166016,1.4640477895736694,1.3215895891189575,0.9236164093017578,1.3420045375823975,3.425062417984009,0.6943081021308899,0.11473426222801208,2.6686906814575195,0.5563367009162903
234,0.0001,0.18063325295224786,0.8749839965510183,0.5534526215149806,0.6116168821845535,0.7457776432326261,35.57377600669861,0.14207745483145118,0.08479696611175314,0.08529888791963458,0.13432489125989377,0.14207745483145118,0.5376959494315088,0.1416897090581747,0.2976330660856687,0.07498455964601956,0.1298534576709454,0.1416897090581747,0.5144681160266583,1.2154368162155151,1.242655873298645,1.6719164848327637,1.4645706415176392,1.3187259435653687,0.9241970777511597,1.3419376611709595,3.4206271171569824,0.694485068321228,0.11442557722330093,2.6600449085235596,0.5562248826026917
235,0.0001,0.17857269069645554,0.8786483683061594,0.5677232196697822,0.6018522294311262,0.7384995104792572,34.7165687084198,0.13993871689308435,0.081602938240394,0.08476723113562912,0.13284597150050104,0.13993871689308435,0.5440925355069339,0.14596481735889727,0.31661511430373557,0.08459656238555908,0.12672564501945788,0.14596481735889727,0.5136178264251122,1.2174246311187744,1.2417271137237549,1.6730573177337646,1.4681618213653564,1.3180323839187622,0.9248388409614563,1.3434154987335205,3.415151357650757,0.6947433948516846,0.11217007786035538,2.655670642852783,0.5563819408416748
236,0.0001,0.18350069026928395,0.8721015786826132,0.5503747880458831,0.6080534374469214,0.7433111410434476,33.707499980926514,0.14161623467225581,0.085035384981893,0.08333428064361215,0.1339365199673921,0.14161623467225581,0.5287714537698776,0.15718478010250972,0.2703872925960101,0.05793421130913955,0.13019037922987572,0.15718478010250972,0.46835381663762604,1.2163136005401611,1.2406272888183594,1.6738208532333374,1.4717934131622314,1.3180550336837769,0.9250960946083069,1.3384788036346436,3.4132702350616455,0.6947491765022278,0.11165155470371246,2.65846848487854,0.5561889410018921
237,0.0001,0.18753897957503796,0.8702849633188092,0.5541382615382855,0.5975786330022732,0.7327247123408844,37.60997653007507,0.14386719453614205,0.0869346353574656,0.08661170385312289,0.13270400604233146,0.14386719453614205,0.5241031302139163,0.15200292353446668,0.2839582213988671,0.06371627335365002,0.13035788249510985,0.15200292353446668,0.4891557500912593,1.2169697284698486,1.2394236326217651,1.6746618747711182,1.475569248199463,1.3160278797149658,0.9251878261566162,1.3429133892059326,3.4147720336914062,0.695730984210968,0.11657476425170898,2.6586551666259766,0.5567471385002136
238,0.0001,0.19015953433699906,0.8722193239595033,0.5712111390553988,0.5906086460269856,0.7289158835148362,34.89918756484985,0.14154899888671935,0.08779247861821204,0.08487293956568465,0.13386484421789646,0.14154899888671935,0.5308105992153287,0.1593043863773346,0.3157398196367117,0.09554830422768226,0.12501680552959443,0.1593043863773346,0.49913940888184766,1.2167565822601318,1.2387245893478394,1.6757283210754395,1.470881462097168,1.3178004026412964,0.925723671913147,1.3350850343704224,3.40816068649292,0.6964141726493835,0.11534196138381958,2.6635353565216064,0.5572167634963989
239,0.0001,0.18791970459278673,0.8735116312321142,0.549649873146644,0.6038819726388998,0.7382620485085326,33.87470054626465,0.14062844315776601,0.0864059398882091,0.0829229011433199,0.1329468882177025,0.14062844315776601,0.5389212686568499,0.1666128396987915,0.28267333920185383,0.0593842395223104,0.1233205151099425,0.1666128396987915,0.42225772555057817,1.2138404846191406,1.2380335330963135,1.6767351627349854,1.4717940092086792,1.3174033164978027,0.9255788922309875,1.3307591676712036,3.404423236846924,0.6968599557876587,0.11699222028255463,2.664273262023926,0.5581396222114563
240,0.0001,0.19212380051612854,0.8676600051944199,0.5214148143163094,0.6147652708341413,0.7476131222812968,35.47920894622803,0.14220890565775335,0.08986744616413489,0.08726578776258975,0.1299147375393659,0.14220890565775335,0.533709276933223,0.14781876160548282,0.2687478148020231,0.06148495697058164,0.1298340522325956,0.14781876160548282,0.48812677401762744,1.2147645950317383,1.237712025642395,1.6773457527160645,1.4723621606826782,1.3163471221923828,0.9263906478881836,1.328894853591919,3.3977761268615723,0.6972349286079407,0.11863484233617783,2.6591362953186035,0.5582993030548096
241,0.0001,0.17583988478872925,0.8808293103486027,0.5465011605849632,0.5990193744068135,0.7344593297768299,33.27419877052307,0.14062077278504148,0.08080018789041787,0.08260176156181842,0.13307655730750412,0.14062077278504148,0.5429119041655213,0.15558440387248992,0.27981477952920475,0.0578926770732953,0.13365334409933824,0.15558440387248992,0.47516347811772275,1.210945963859558,1.236843466758728,1.6786484718322754,1.4708576202392578,1.3156510591506958,0.9267459511756897,1.3321654796600342,3.3933143615722656,0.6970710158348083,0.11848337948322296,2.657414674758911,0.5584940314292908
242,0.0001,0.18050840846262872,0.8746766698276928,0.6381904968848595,0.5709073989344498,0.7108562442940358,33.550658226013184,0.13947117456700653,0.08279711083741859,0.08576772431842983,0.13167846447322518,0.13947117456700653,0.5266543980687857,0.1681196242570877,0.3983011947228358,0.12374483644962311,0.12292064451254331,0.1681196242570877,0.49729145765304567,1.2119238376617432,1.2379167079925537,1.6790415048599243,1.4693365097045898,1.3160429000854492,0.9276683330535889,1.3388091325759888,3.382194995880127,0.697184681892395,0.11586444079875946,2.6634457111358643,0.5581645369529724
243,0.0001,0.18540313746780157,0.8712498619013286,0.562926008609625,0.5863622492730296,0.7250619039531668,31.702322959899902,0.1407437730813399,0.0857004675490316,0.08407956652808934,0.13085898221470416,0.1407437730813399,0.5300463363528252,0.15628947432224566,0.2887758672237396,0.06315982467853105,0.1301683587523607,0.15628947432224566,0.45945401100011973,1.2119061946868896,1.2366867065429688,1.6806813478469849,1.4663701057434082,1.3141016960144043,0.9283537268638611,1.3328330516815186,3.3769826889038086,0.6977621912956238,0.11434987187385559,2.6554648876190186,0.5587629079818726
244,0.0001,0.1822053960058838,0.8741124995383939,0.6343369454145431,0.5794766430314476,0.7189986273021816,32.59344840049744,0.1384581703459844,0.0850134618813172,0.08545209665317088,0.1335919110570103,0.1384581703459844,0.5466328943148255,0.18614806670408982,0.39175945199452916,0.1355408964248804,0.1251038127220594,0.18614806670408982,0.4598747794444744,1.2107839584350586,1.2358804941177368,1.6815260648727417,1.4645578861236572,1.3127456903457642,0.9285100698471069,1.3373368978500366,3.378156900405884,0.6979002356529236,0.11304432898759842,2.649195671081543,0.558760404586792
245,0.0001,0.17633561010006815,0.8828621109786662,0.592118030328017,0.5738232495627004,0.7123852593628778,35.39059567451477,0.1397426069015637,0.08126701816217974,0.08442077343352139,0.133464005892165,0.1397426069015637,0.546801689080894,0.1507508892279405,0.32938644221195806,0.08835716728980725,0.12576461961636176,0.1507508892279405,0.4976965376963982,1.2091765403747559,1.2350122928619385,1.6821397542953491,1.4643582105636597,1.3108943700790405,0.9289109706878662,1.3348861932754517,3.3722355365753174,0.6973376274108887,0.11023658514022827,2.648411273956299,0.558855414390564
246,0.0001,0.1860536093590781,0.8715627518805144,0.5329055831982539,0.6117257057274239,0.7460079587664563,37.14716362953186,0.1436553891398944,0.08577149809570983,0.08245309093035758,0.13272918469738215,0.1436553891398944,0.5286006040405482,0.1540042065657102,0.27793116248570954,0.062355288977806386,0.128734678373887,0.1540042065657102,0.4563211679458618,1.2081576585769653,1.2338480949401855,1.6829763650894165,1.4635021686553955,1.311335802078247,0.929547905921936,1.3314404487609863,3.365079164505005,0.6980873346328735,0.11610359698534012,2.6514663696289062,0.5582171678543091
247,0.0001,0.18043859547469765,0.8748633909630779,0.5348401910983599,0.6101766533604278,0.7451443015991018,34.75221061706543,0.14154302922543138,0.08361385756870732,0.08493020897731185,0.13485021924134344,0.14154302922543138,0.5371921835467219,0.14652828574180604,0.28054585915345415,0.0707039842238793,0.13171838109309858,0.14652828574180604,0.5084791431060204,1.2068796157836914,1.2331961393356323,1.6843276023864746,1.4621789455413818,1.3111753463745117,0.9298766255378723,1.3263039588928223,3.358478307723999,0.6978693008422852,0.12221835553646088,2.651886224746704,0.5585141181945801
248,0.0001,0.17628927004989237,0.8762062333834074,0.5527197645260737,0.6010842427535521,0.7363688152773352,35.15897464752197,0.14190577575936913,0.08264727762434632,0.08450935175642371,0.13194118929095566,0.14190577575936913,0.5249330708757043,0.15044146822049068,0.2875643936487345,0.06403058847555747,0.13123322198024162,0.15044146822049068,0.48694866070380577,1.2063220739364624,1.232109546661377,1.6849470138549805,1.462945818901062,1.3100188970565796,0.9300910830497742,1.3227908611297607,3.35861873626709,0.6983846426010132,0.12123453617095947,2.651181936264038,0.559050440788269
249,0.0001,0.17077537439763546,0.8835197851897473,0.5548677492600221,0.6085888173278351,0.7426671667128926,34.2057671546936,0.13504536321852356,0.07903815672034398,0.08369945036247373,0.1342774301301688,0.13504536321852356,0.5478486339561641,0.14542747690127447,0.30927564180814304,0.07732073584428201,0.13009785734690152,0.14542747690127447,0.5142925867667565,1.2051690816879272,1.2312544584274292,1.6859694719314575,1.4605273008346558,1.3105584383010864,0.9302542805671692,1.3207865953445435,3.3533124923706055,0.698514997959137,0.1166614294052124,2.6445846557617188,0.5593910217285156
250,0.0001,0.16951860231347382,0.8845418640077665,0.5330078714168989,0.6131489686613416,0.7478358341959832,34.979864835739136,0.1356169880600646,0.07853278526454233,0.08390160102862865,0.13349199679214507,0.1356169880600646,0.5477955178357661,0.1449427366256714,0.2836639844454252,0.06998387414675493,0.13117671379676232,0.1449427366256714,0.5081905539219196,1.202660322189331,1.2301690578460693,1.687120795249939,1.4554296731948853,1.309802770614624,0.9309259057044983,1.3166399002075195,3.3536574840545654,0.6984848976135254,0.11338174343109131,2.6436383724212646,0.5597944855690002
251,0.0001,0.17401490593329072,0.8812480990430054,0.5355139736945812,0.6134672609652566,0.7478625431708162,33.61705493927002,0.1382277279626578,0.08093453804031014,0.08330011938232929,0.13289968378376216,0.1382277279626578,0.5474739838391542,0.1477657893529305,0.2747434396010179,0.06596084580971645,0.13109413316616644,0.1477657893529305,0.49316358749683087,1.200329303741455,1.2282710075378418,1.687879204750061,1.4518765211105347,1.3090214729309082,0.931455671787262,1.3107707500457764,3.351292848587036,0.6989116072654724,0.11147450655698776,2.6409571170806885,0.5599571466445923
252,0.0001,0.17332108586560935,0.8818413268266405,0.5574410690711095,0.6030684653657766,0.7379490361461866,33.74397587776184,0.13879648211877793,0.07984812848735601,0.08350879850331694,0.13118398073129356,0.13879648211877793,0.5403463994152844,0.14682431587806113,0.31796604761710534,0.08529331477788779,0.12651660579901475,0.14682431587806113,0.5160309580656198,1.2014100551605225,1.2276105880737305,1.6886855363845825,1.4519429206848145,1.3083926439285278,0.9317481517791748,1.313779592514038,3.349588632583618,0.6992462277412415,0.11177310347557068,2.6335248947143555,0.5597344040870667
253,0.0001,0.17306105617899448,0.8814496135144143,0.54977843944843,0.6032086064341105,0.7385769875797509,32.12435245513916,0.1400544187054038,0.08000730990897864,0.08384049776941538,0.13089526200201362,0.1400544187054038,0.5441249017603695,0.14623097846141228,0.2842496592264909,0.06578144889611465,0.12643190530630258,0.14623097846141228,0.4824461185015165,1.1984974145889282,1.2263271808624268,1.6895555257797241,1.4426720142364502,1.3071632385253906,0.932079553604126,1.3085941076278687,3.348755359649658,0.6993023753166199,0.11028991639614105,2.629696846008301,0.5594760775566101
254,0.0001,0.18240903853438795,0.8753385244681319,0.5936039197903413,0.5880307416035587,0.7249904041660916,32.752164363861084,0.14081573113799095,0.08477845130255446,0.08493800833821297,0.13197570492047817,0.14081573113799095,0.5408196141943336,0.157596866442607,0.35974976420402527,0.10525285303592682,0.12332575275347783,0.157596866442607,0.5071538439163795,1.2007979154586792,1.2263637781143188,1.6905183792114258,1.4433003664016724,1.3076361417770386,0.932874858379364,1.3133113384246826,3.348724603652954,0.6997942328453064,0.11122650653123856,2.633167028427124,0.5595802664756775
255,0.0001,0.1801896261749789,0.8783910132295217,0.5588959615964156,0.6015668015065286,0.7363857327594008,32.38091421127319,0.14010582049377263,0.0817954478552565,0.08319832454435527,0.13280304695945233,0.14010582049377263,0.5368912918493152,0.14963128979389484,0.30059043444119965,0.06883692363133798,0.12810640931129455,0.14963128979389484,0.49294590124717125,1.200249433517456,1.2267396450042725,1.6913766860961914,1.4363003969192505,1.3065235614776611,0.9331444501876831,1.3074889183044434,3.351687431335449,0.6996920108795166,0.11186695843935013,2.6359915733337402,0.5598600506782532
256,0.0001,0.17526914563495666,0.8819563271826959,0.5487081594192065,0.5950736014489895,0.7302745794787243,34.17645192146301,0.14079304784536362,0.08186570959514938,0.08395666314754635,0.13008956727571785,0.14079304784536362,0.5384816313162446,0.14794076314339272,0.2856385914178995,0.06720572572488051,0.12682232478490243,0.14794076314339272,0.4968174952727098,1.1981691122055054,1.2263250350952148,1.6919814348220825,1.4325001239776611,1.3030019998550415,0.9337401390075684,1.3023818731307983,3.346101760864258,0.6995022892951965,0.11101873219013214,2.630875587463379,0.5604037642478943
257,0.0001,0.17103955138009042,0.8854811876003268,0.5485613155823488,0.6081398430406694,0.7441304562528595,33.05064392089844,0.13812137313652784,0.0784873902448453,0.08302002993877977,0.13326080387923867,0.13812137313652784,0.54848374100402,0.14473579273774073,0.3010790678171011,0.07928582063088051,0.12739325280372912,0.14473579273774073,0.517879555775569,1.196537971496582,1.2255970239639282,1.6931477785110474,1.431443691253662,1.3024240732192993,0.9346269369125366,1.2985769510269165,3.3390066623687744,0.6998752355575562,0.10955013334751129,2.6272897720336914,0.5609537363052368
258,0.0001,0.17235049942974,0.8846709559063579,0.5500541292704069,0.6066442988880026,0.7423062108023845,32.448357582092285,0.1386956716887653,0.08147587848361582,0.08443365839775652,0.13221533235628158,0.1386956716887653,0.5546086127869785,0.1420523097881904,0.3071784801208056,0.07861644831987527,0.12585131044571216,0.1420523097881904,0.5101318863721994,1.1921131610870361,1.2246321439743042,1.6944881677627563,1.425290584564209,1.3012809753417969,0.9350225925445557,1.2997145652770996,3.3367364406585693,0.7002105712890625,0.10885000228881836,2.6208088397979736,0.5607688426971436
259,0.0001,0.1708137053065002,0.8824104054466672,0.5636883820478733,0.6071419223976323,0.7420866136312654,32.45582818984985,0.13902433082694188,0.07967786095105112,0.08229239098727703,0.13151773565914482,0.13902433082694188,0.5329991735052317,0.15037838587394128,0.3218973356943864,0.08402173564984249,0.12590918174156776,0.15037838587394128,0.5129352780488822,1.1907278299331665,1.222551703453064,1.6952353715896606,1.4224355220794678,1.3037121295928955,0.9354084134101868,1.295961618423462,3.334120512008667,0.7003908753395081,0.1080087274312973,2.619070529937744,0.5617721080780029
260,0.0001,0.1670277229277417,0.8857558807254443,0.5692556626521624,0.5996001503438438,0.7360106969453579,34.28950834274292,0.13786280358908698,0.07838509941939265,0.08376328682061285,0.13181650429032743,0.13786280358908698,0.5530993011780083,0.14970054993262658,0.32444098179156966,0.09129580121773939,0.12349487978678483,0.14970054993262658,0.5158872402631319,1.1896846294403076,1.2219213247299194,1.6957746744155884,1.4199771881103516,1.3024355173110962,0.935769259929657,1.2955695390701294,3.32685923576355,0.7005090713500977,0.10764192044734955,2.61368465423584,0.5617018938064575
261,0.0001,0.1742029438028112,0.8835319410103936,0.5528371888857622,0.6067290648643132,0.7418630397376548,31.797553062438965,0.1368722131010145,0.07992454909253865,0.08276775327976793,0.13179197860881686,0.1368722131010145,0.5362091539427638,0.15190172974879926,0.29460810881394606,0.06306430731828395,0.13003735954944903,0.15190172974879926,0.4851711190663851,1.190656065940857,1.2215960025787354,1.6965539455413818,1.4197064638137817,1.30209481716156,0.9361873865127563,1.2918998003005981,3.324134111404419,0.7007417678833008,0.1079314649105072,2.6162843704223633,0.5618777871131897
262,0.0001,0.16778939892537892,0.89091286014553,0.53918524820071,0.6105358184495675,0.7461485402452074,33.052974462509155,0.1373624158441089,0.07756061211694032,0.08308195188874379,0.13287718198262155,0.1373624158441089,0.5525684347376227,0.1538297176361084,0.27584665555220383,0.060431754015959224,0.1304463097682366,0.1538297176361084,0.4858639680422269,1.1891582012176514,1.2211064100265503,1.6975303888320923,1.4138553142547607,1.3007382154464722,0.9366620182991028,1.2822275161743164,3.3200762271881104,0.7013622522354126,0.10736267268657684,2.612950086593628,0.5616456866264343
263,0.0001,0.16805385437328368,0.8874268167466833,0.5518605367495464,0.6097694288171668,0.7458229752863783,32.49153757095337,0.1398280622670427,0.07737975608324632,0.08272754796780646,0.13316466310061514,0.1398280622670427,0.545478492276743,0.14418566204034367,0.31181526550879846,0.07837833945567792,0.1294933944940567,0.14418566204034367,0.5170478252264169,1.189817190170288,1.2206391096115112,1.698477029800415,1.4119648933410645,1.3005677461624146,0.9368691444396973,1.280179500579834,3.318289279937744,0.7011938691139221,0.1070723682641983,2.6098122596740723,0.5618085861206055
264,0.0001,0.16812931408639997,0.8882430179573767,0.5565536366059229,0.6129679241432378,0.7467938217844635,32.28139519691467,0.1379862839821726,0.07800489300279878,0.08346778369741514,0.13227933819871396,0.1379862839821726,0.5493307537399232,0.14507477833674504,0.3158299012826039,0.08283784435345576,0.12655162192307987,0.14507477833674504,0.519632665010599,1.1874688863754272,1.2196333408355713,1.6993446350097656,1.4105045795440674,1.2991441488265991,0.9371160864830017,1.281401515007019,3.3137199878692627,0.7009539604187012,0.10690442472696304,2.605991840362549,0.561630129814148
265,0.0001,0.16773176426067948,0.8855037636659537,0.5624998899606558,0.6098044896917614,0.7449550640694034,33.761048793792725,0.13547413179185241,0.07778360578231514,0.08190195442875847,0.13201839430257678,0.13547413179185241,0.5617702538147569,0.14301366095359508,0.31177058586707485,0.0764010502741887,0.12829516392487747,0.14301366095359508,0.5140546844555781,1.1868647336959839,1.2186115980148315,1.7004289627075195,1.4102143049240112,1.2983338832855225,0.9376892447471619,1.2726340293884277,3.3097448348999023,0.7010272145271301,0.10949341207742691,2.607172727584839,0.5622777342796326
266,0.0001,0.17336085601709783,0.8785696081172282,0.54378091440751,0.6098084080914793,0.7427656956444417,31.001656770706177,0.13826750696171075,0.08271304762456566,0.0838569383486174,0.1329242594074458,0.13826750696171075,0.5549574713222682,0.16123033555654379,0.27222752341857326,0.0588155067884005,0.13037422792269635,0.16123033555654379,0.44532089462647073,1.1858731508255005,1.21779465675354,1.7010303735733032,1.4124191999435425,1.296744704246521,0.9380898475646973,1.2755889892578125,3.3115038871765137,0.7015846371650696,0.11429101228713989,2.605926036834717,0.5625502467155457
267,0.0001,0.17583373270463198,0.8761925658189863,0.5314896771541009,0.6165657757159486,0.7486486952664307,34.299943923950195,0.14082311082165688,0.08285138316568919,0.0807336971629411,0.13336256379261613,0.14082311082165688,0.5364509501960129,0.14628581931957832,0.26989910350396085,0.06580336414850675,0.13108778435450333,0.14628581931957832,0.49634478642390323,1.1871861219406128,1.216992735862732,1.7021459341049194,1.4157135486602783,1.295660376548767,0.9386454224586487,1.284224510192871,3.3118598461151123,0.7017649412155151,0.11154095083475113,2.6129884719848633,0.5627813339233398
268,0.0001,0.1720114613417536,0.8830576057314158,0.5537483499600337,0.6083653412519897,0.7437315690084593,31.97655153274536,0.13988892047200352,0.08116912329569459,0.0843709516339004,0.13169618835672736,0.13988892047200352,0.5433673895895481,0.14715794279025152,0.287444227704635,0.07028973469367394,0.1292093744644752,0.14715794279025152,0.5024190774330726,1.184504747390747,1.216551661491394,1.7028461694717407,1.420652151107788,1.2964918613433838,0.9386708736419678,1.2854878902435303,3.3087873458862305,0.7018598318099976,0.11296425014734268,2.6153557300567627,0.5628491044044495
269,0.0001,0.16601594944950193,0.8896483412230467,0.5395553983174838,0.6199486748382924,0.7528557831853122,33.990793228149414,0.13599847943987697,0.07680998399155214,0.08360161585733294,0.13137044629547745,0.13599847943987697,0.5574923283420503,0.14544201630812426,0.3088507629357852,0.08843707327659313,0.12331548035144806,0.14544201630812426,0.5184073869998639,1.182507872581482,1.215781331062317,1.7036943435668945,1.416340708732605,1.297476887702942,0.9387183785438538,1.2795642614364624,3.3143062591552734,0.7021104693412781,0.1147894337773323,2.6101081371307373,0.5628369450569153
270,0.0001,0.16855895332992077,0.886181725020068,0.56849226470177,0.6052988910672567,0.741069566772807,30.995392560958862,0.13727342884521931,0.07814516520011239,0.08324907888891175,0.13174458965659142,0.13727342884521931,0.5558281703852117,0.15287058422198663,0.3262400595041422,0.0999603503025495,0.12235481441020965,0.15287058422198663,0.51866462964278,1.1818382740020752,1.2149648666381836,1.7040590047836304,1.4190239906311035,1.2962875366210938,0.9394627809524536,1.2832252979278564,3.3153741359710693,0.7014629244804382,0.1184234544634819,2.6078174114227295,0.563405454158783
271,0.0001,0.16429496661294252,0.8867910904750694,0.5298889352725102,0.6104247345762711,0.7444082086314612,34.71878170967102,0.13653574883937836,0.07782138243783265,0.08314606762723997,0.131047313218005,0.13653574883937836,0.540945375803858,0.14408795741888192,0.27813722514189204,0.07355117752001836,0.1274817203099911,0.14408795741888192,0.5169377299455497,1.1818712949752808,1.2145038843154907,1.7046875953674316,1.415885329246521,1.2955354452133179,0.9401543736457825,1.2814390659332275,3.315579891204834,0.701593816280365,0.11269216239452362,2.604591131210327,0.5638705492019653
272,0.0001,0.16475481574889272,0.8904382915096495,0.551859102340845,0.6163251673263767,0.7486204294690351,31.67610812187195,0.1377669075736776,0.07660028510144912,0.08342686435207725,0.1286491525825113,0.1377669075736776,0.5500536938197911,0.1442638472868846,0.31026317798174347,0.078816257417202,0.125727618428377,0.1442638472868846,0.522302086536701,1.1807318925857544,1.2134426832199097,1.705727458000183,1.4177665710449219,1.293513298034668,0.9401412606239319,1.2783809900283813,3.310049533843994,0.7016574144363403,0.11078792065382004,2.5986642837524414,0.5640865564346313
273,0.0001,0.1630463368492201,0.8900501549992318,0.5571074224435366,0.6086804705348863,0.7434712774064046,34.2741494178772,0.140380845987238,0.07652706172666512,0.0826534089865163,0.13019011972937733,0.140380845987238,0.5451125442050397,0.14462994382931635,0.31889099226548123,0.08290013647996462,0.12397618087438436,0.14462994382931635,0.5272215705651503,1.1778239011764526,1.2124292850494385,1.7061187028884888,1.4082541465759277,1.294086217880249,0.9406620264053345,1.2718579769134521,3.307887077331543,0.7018902897834778,0.11156727373600006,2.5978896617889404,0.564312756061554
274,0.0001,0.16090079629793763,0.8917634570400533,0.5492953956127167,0.6061062550451357,0.7401141826405383,33.74200463294983,0.1344451509648934,0.0742003467748873,0.08289239415898919,0.1314931632950902,0.1344451509648934,0.5564866145141423,0.14468339681625367,0.28976318584038663,0.06414220516498272,0.1295080269758518,0.14468339681625367,0.4947259389437162,1.1763834953308105,1.2123565673828125,1.706946849822998,1.4078257083892822,1.2920010089874268,0.9404165744781494,1.2688449621200562,3.3061671257019043,0.7016416192054749,0.10636407136917114,2.600010633468628,0.564764142036438
275,0.0001,0.16659328155219555,0.8914414810011619,0.5584250505153949,0.6032456545909901,0.740566231079086,35.81250762939453,0.13839528837706894,0.07745905054616742,0.0808148393407464,0.13062557310331613,0.13839528837706894,0.5489676422439516,0.14549006590476402,0.3020824226049276,0.072446225468929,0.12597509760123032,0.14549006590476402,0.5177092368786151,1.176087498664856,1.2113492488861084,1.7076976299285889,1.4042912721633911,1.2907787561416626,0.9410226941108704,1.2593287229537964,3.307208776473999,0.7014852166175842,0.10522256791591644,2.594581365585327,0.5648820996284485
276,0.0001,0.1654230623971671,0.8881722364546396,0.5523258236738352,0.60108214454109,0.7363951033278969,34.95708084106445,0.13566032878588885,0.07846559575409628,0.0825676471577026,0.13088118436280638,0.13566032878588885,0.5597276408225298,0.14627191286820632,0.28674466839203466,0.06594086381105277,0.12867483439353797,0.14627191286820632,0.5121877927046555,1.1750737428665161,1.2116180658340454,1.7082420587539673,1.4015215635299683,1.2920571565628052,0.9415888786315918,1.2573871612548828,3.2994227409362793,0.7019033432006836,0.10463643819093704,2.594895839691162,0.5644221901893616
277,0.0001,0.1604020007653162,0.894574211188281,0.5859962722429862,0.5931464514282806,0.7310641947783869,33.63623118400574,0.1344894974026829,0.0746349900146015,0.08187281974824145,0.12977876421064138,0.1344894974026829,0.5460585677064955,0.14733531222893642,0.34568937099896946,0.09123124526097225,0.12420590474055364,0.14733531222893642,0.5270252796319815,1.1745355129241943,1.2110085487365723,1.7089794874191284,1.399153709411621,1.291568398475647,0.9418219923973083,1.2573463916778564,3.300748348236084,0.7018022537231445,0.10335415601730347,2.5876967906951904,0.5651768445968628
278,0.0001,0.16052773839328438,0.892789287262144,0.5578231988044885,0.6042423953478256,0.7402024240346509,32.87266254425049,0.13443821319378912,0.07580868387594819,0.08127477683592588,0.13234644988551736,0.13443821319378912,0.5608901032246649,0.1459266483783722,0.30123748687597424,0.06693333444687036,0.13037932010797354,0.1459266483783722,0.5099327481709994,1.175143837928772,1.2104395627975464,1.7095566987991333,1.397275686264038,1.2904733419418335,0.9421054720878601,1.2547907829284668,3.2962868213653564,0.7018734216690063,0.10203585773706436,2.583773612976074,0.5649070739746094
279,0.0001,0.15983517025597394,0.8933702160225188,0.5385297445150522,0.6179168734127837,0.7519663441898612,34.37130069732666,0.13402672798838466,0.0752628284972161,0.08033959433669224,0.1311445280443877,0.13402672798838466,0.556077694054693,0.14799910829617427,0.28903518754702345,0.0666741295502736,0.12892048817414503,0.14799910829617427,0.5089771619209876,1.1754052639007568,1.2095321416854858,1.7107666730880737,1.3932032585144043,1.2896517515182495,0.9424688816070557,1.2523210048675537,3.2952880859375,0.7021410465240479,0.10106560587882996,2.584707498550415,0.5651355981826782
280,0.0001,0.15898333105724305,0.8954026395991941,0.5552833962898988,0.6105386683975974,0.7451948695487657,34.689244985580444,0.1359050603932701,0.07416782929794863,0.08244838565587997,0.13094437494874,0.1359050603932701,0.5528707066550851,0.1456520621593182,0.3254663375707773,0.08649919950045072,0.12435874916039981,0.1456520621593182,0.5201237696867723,1.1736445426940918,1.208988070487976,1.7112505435943604,1.3923208713531494,1.2899298667907715,0.9423288702964783,1.2512059211730957,3.2906925678253174,0.7021504044532776,0.099875308573246,2.5815324783325195,0.5655245780944824
281,0.0001,0.1576658859848976,0.8934991550343262,0.5752272665500641,0.6052262890396691,0.7406503852314542,33.00834918022156,0.1336865705670789,0.07321249874075875,0.0809757390525192,0.13011866167653352,0.1336865705670789,0.5578206917271018,0.14389868011841409,0.3355792705829327,0.08506927708020577,0.12531230243352742,0.14389868011841409,0.5184975422345675,1.1727588176727295,1.2078831195831299,1.7122114896774292,1.387972354888916,1.2883654832839966,0.9425484538078308,1.2525206804275513,3.285614252090454,0.7013865113258362,0.09962305426597595,2.577145576477051,0.565604031085968
282,0.0001,0.1553671139990911,0.8992905030481795,0.5485698028252675,0.6112109758156015,0.7448568371585249,35.22220158576965,0.1345190352294594,0.0719637536094524,0.08219614584231749,0.12996732781175524,0.1345190352294594,0.551514268387109,0.14446000640208906,0.28289460860765897,0.06045312652221093,0.12937453939364507,0.14446000640208906,0.5100417843231788,1.170325517654419,1.2060966491699219,1.7127751111984253,1.3842668533325195,1.2874504327774048,0.9425328969955444,1.250045657157898,3.2796847820281982,0.7010995745658875,0.09852343052625656,2.575441598892212,0.5657647252082825
283,0.0001,0.162297508912161,0.8922778607996772,0.5659295554344471,0.6063035532301474,0.7405547669927818,31.742185592651367,0.136816002195701,0.07396850263467059,0.08020115981344134,0.13141286943573505,0.136816002195701,0.5507568949833512,0.14720965715555046,0.3138990835501598,0.07103767395019531,0.1279035034087988,0.14720965715555046,0.5162288546562195,1.169023036956787,1.2058708667755127,1.713537335395813,1.3813129663467407,1.2867037057876587,0.9428558945655823,1.241529107093811,3.276200771331787,0.7014548778533936,0.10102256387472153,2.5743894577026367,0.5664217472076416
284,0.0001,0.1755377345252782,0.8747818658718052,0.5393367290496827,0.6121717568782521,0.7472290997088312,32.673547983169556,0.139359844266437,0.08335756169981323,0.08355599362403154,0.13062896043993533,0.139359844266437,0.5381370836403221,0.15500923028359045,0.27722600927719704,0.06438920497894288,0.13069322132147276,0.15500923028359045,0.4795665245789748,1.1702004671096802,1.2063539028167725,1.7145200967788696,1.387568473815918,1.2892125844955444,0.9433919787406921,1.2516082525253296,3.288945436477661,0.7016819715499878,0.10664549469947815,2.5803749561309814,0.5671886205673218
285,0.0001,0.16561193205416203,0.8912314161105661,0.5637588730225196,0.6100253725253357,0.743748791110163,35.802449226379395,0.13686495984438807,0.07721500311163254,0.08150914200814441,0.13260100304614753,0.13686495984438807,0.5405437080189586,0.14663299941099606,0.31978801626425524,0.08147966334452995,0.1299657431932596,0.14663299941099606,0.5206170137111957,1.1694227457046509,1.205069661140442,1.715024471282959,1.3876075744628906,1.2880150079727173,0.9436191916465759,1.2473803758621216,3.284895181655884,0.7022497057914734,0.1069016382098198,2.5773239135742188,0.5671096444129944
286,0.0001,0.16009399213362485,0.8950684505346935,0.5422466282661145,0.6154505067820654,0.7498905443807435,35.231863498687744,0.13740483729634434,0.07471256321878172,0.08180263120448217,0.13241334003396332,0.13740483729634434,0.5528552117757499,0.1414605940763767,0.2984696303422634,0.0722862197802617,0.12714292567509872,0.1414605940763767,0.5146449932685265,1.167224407196045,1.2042975425720215,1.7157034873962402,1.3831192255020142,1.286993384361267,0.9440625905990601,1.2442209720611572,3.2855045795440674,0.7020667195320129,0.10532975196838379,2.572828531265259,0.5671883225440979
287,0.0001,0.15912479523103684,0.895725493595454,0.5610241809716592,0.6048015908796419,0.7404327315331141,33.88808488845825,0.13441812875680625,0.07341865764465183,0.08144806179916486,0.1324350006179884,0.13441812875680625,0.5559381362982094,0.14289320707321168,0.31184078454971315,0.07138601770767798,0.12964005859998556,0.14289320707321168,0.5179658871430617,1.166761875152588,1.203953504562378,1.7164320945739746,1.3812036514282227,1.2864885330200195,0.9442880749702454,1.2432280778884888,3.279933214187622,0.701883852481842,0.10403099656105042,2.572134017944336,0.5671916007995605
288,0.0001,0.15813732612878084,0.8950840816886688,0.572982475390801,0.6059304483231713,0.7398825708224465,32.91443848609924,0.13247726543340832,0.07397329376544803,0.08220477966824546,0.13225169200450182,0.13247726543340832,0.5677231196314096,0.14494984470880948,0.331434905070525,0.07849944165119759,0.12484895117007769,0.14494984470880948,0.514990023466257,1.1638269424438477,1.202967882156372,1.7169610261917114,1.3813782930374146,1.284445881843567,0.9447147846221924,1.2456891536712646,3.274770736694336,0.7018324732780457,0.10250237584114075,2.561091899871826,0.5669710636138916
289,0.0001,0.15701161953620613,0.8961608157527373,0.5915899496812087,0.5986796256082499,0.734326105950401,34.113105058670044,0.1365672891261056,0.07311781091266312,0.08262547513004392,0.13089020468760282,0.1365672891261056,0.5525109055452049,0.14912037551403046,0.35517171850571266,0.09161215103589572,0.12349059214958778,0.14912037551403046,0.5205948031865634,1.1636619567871094,1.2022713422775269,1.7174017429351807,1.3792414665222168,1.2824475765228271,0.9450571537017822,1.245620846748352,3.269730567932129,0.7018182873725891,0.0992308109998703,2.5596938133239746,0.5672192573547363
290,0.0001,0.15293823764659464,0.9005198034102867,0.5680704405674568,0.6025014147519648,0.7375794593660896,35.41945815086365,0.1345069344388321,0.07086186460219324,0.08162858890136704,0.13137530151288956,0.1345069344388321,0.5639319266192615,0.14387173010752752,0.31287731597056756,0.0683337845481359,0.12674990525612465,0.14387173010752752,0.5157770862946144,1.1644104719161987,1.2017911672592163,1.718026876449585,1.380211591720581,1.2834880352020264,0.9454273581504822,1.2426302433013916,3.270246982574463,0.7021686434745789,0.09951338917016983,2.5547585487365723,0.5673007369041443
291,0.0001,0.14897062408272177,0.8995671703029516,0.588261121740708,0.5985784879678977,0.7366188070137593,35.57164025306702,0.1303821027977392,0.0698820227989927,0.07990446977782995,0.13212542317342013,0.1303821027977392,0.5546561195515096,0.1483417144188514,0.35967115851549003,0.09173884804432209,0.12310028855617229,0.1483417144188514,0.5166697373756995,1.1639803647994995,1.2013040781021118,1.7185757160186768,1.377997636795044,1.2830915451049805,0.9454917311668396,1.2422817945480347,3.2693710327148438,0.7016023397445679,0.10031063109636307,2.552034854888916,0.5671594738960266
292,0.0001,0.16339772450737655,0.8928706997976162,0.5559531899598928,0.6081914312655686,0.7445429357524501,32.97495460510254,0.1359544104197994,0.07573431744822301,0.08025593304773793,0.1323526161722839,0.1359544104197994,0.5472780871205032,0.1496244707932839,0.30358913678389327,0.0639380061855683,0.13012665785275973,0.1496244707932839,0.5129638873613798,1.1629765033721924,1.2003779411315918,1.7190089225769043,1.3742409944534302,1.2810592651367188,0.9459402561187744,1.2392871379852295,3.2656469345092773,0.7012310028076172,0.1027580201625824,2.5492115020751953,0.5674432516098022
293,0.0001,0.15880056307651103,0.8935804052334401,0.5467183874203608,0.6056354046821854,0.7404961100780799,30.64126467704773,0.13668485556263477,0.07426672492874786,0.08097495994297788,0.1335339944344014,0.13668485556263477,0.5607564500533044,0.16722388359216545,0.2733455524994777,0.04976533880600562,0.1282172862153787,0.16722388359216545,0.43657441506019007,1.1632224321365356,1.1994671821594238,1.719659686088562,1.3712810277938843,1.2812246084213257,0.9462582468986511,1.2397140264511108,3.2617549896240234,0.7011731863021851,0.10300792753696442,2.549260139465332,0.5674741864204407
294,0.0001,0.15368978725746274,0.9005408210825678,0.5645560562610626,0.6002965842018976,0.735400033657397,33.29898190498352,0.13210724224336445,0.070349617570173,0.08158155961427838,0.1317330040037632,0.13210724224336445,0.5643443809822202,0.1425209063750047,0.31307689730937666,0.06958549847969642,0.12736373257178527,0.1425209063750047,0.5141771160639249,1.1610380411148071,1.1982805728912354,1.7206811904907227,1.371028184890747,1.2808785438537598,0.9465449452400208,1.2354596853256226,3.2579121589660645,0.7008800506591797,0.10270405560731888,2.5473036766052246,0.5671054124832153
295,0.0001,0.153377415263094,0.9005722125532105,0.5706988194814095,0.6088690184738157,0.742715511151084,35.81937909126282,0.13300457422155887,0.06986691281781532,0.07855113048572093,0.13252869353163987,0.13300457422155887,0.5560028431937099,0.1454096931677598,0.33155765166649454,0.07982605604025034,0.12676750444448912,0.1454096931677598,0.5246167916517991,1.1615005731582642,1.1981841325759888,1.7212557792663574,1.3704057931900024,1.2798315286636353,0.9468143582344055,1.2328685522079468,3.256894111633301,0.7008394002914429,0.10780665278434753,2.547776460647583,0.5674830675125122
296,0.0001,0.1581868587527424,0.8944272839110895,0.5425599242632205,0.6210453619542374,0.7530383524650753,31.282692909240723,0.1351779813412577,0.07390290312469006,0.07912846532417461,0.13140296912752092,0.1351779813412577,0.5587275826837867,0.15498673182267408,0.273732282106693,0.05622051404072688,0.1274118483066559,0.15498673182267408,0.48275679395749016,1.1592919826507568,1.198488473892212,1.7218656539916992,1.3638825416564941,1.2791006565093994,0.946888267993927,1.235025405883789,3.256894826889038,0.70054030418396,0.10415653884410858,2.5493783950805664,0.5679406523704529
297,0.0001,0.15727279160637408,0.8984988650652975,0.5682162257341238,0.6163609059836381,0.7494602658061671,31.736860275268555,0.13277271715924144,0.0732698277279269,0.08095738769043237,0.12990371359046549,0.13277271715924144,0.5657247737981379,0.1493914831143159,0.34078710904488196,0.0917117545237908,0.12339425935195042,0.1493914831143159,0.5187848283694341,1.15937077999115,1.19781494140625,1.722462773323059,1.3664979934692383,1.2792078256607056,0.9470061659812927,1.2387067079544067,3.2589759826660156,0.700670599937439,0.10362698137760162,2.5471222400665283,0.5682138204574585
298,0.0001,0.1549586191540584,0.8993026371783722,0.5477814880701212,0.6212796672787102,0.7523931597433373,33.44450879096985,0.13113241374958307,0.07246453582774848,0.08193739247508347,0.13065266283228993,0.13113241374958307,0.5735632348805666,0.1461812966145002,0.2956767627826104,0.06293040892252555,0.12764282673597335,0.1461812966145002,0.5103789045260503,1.1583994626998901,1.1969527006149292,1.723167896270752,1.3693047761917114,1.2777009010314941,0.947181761264801,1.236025094985962,3.2549383640289307,0.7007395625114441,0.1017717570066452,2.5429489612579346,0.5680873394012451
299,0.0001,0.1489127215463668,0.9022739640286622,0.5664063937388933,0.6133631774952583,0.7454755992880752,34.89197778701782,0.1319394267629832,0.0703909614821896,0.07923258322989568,0.13203600980341434,0.1319394267629832,0.5583085250109434,0.14380530348190895,0.323816809287438,0.07672585375033893,0.1280365132368528,0.14380530348190895,0.5250943816625155,1.157363772392273,1.1966068744659424,1.7237319946289062,1.3680026531219482,1.2780879735946655,0.9476771354675293,1.2342358827590942,3.2532739639282227,0.7003301978111267,0.1030571237206459,2.540416955947876,0.568228542804718
300,0.0001,0.15129339846316725,0.9028126721539644,0.5745862644452315,0.6131737336785129,0.7466246826179579,33.16400599479675,0.13113424996845424,0.07006312487646937,0.07942636037478223,0.13256896228995174,0.13113424996845424,0.5613852888345718,0.14501514870386858,0.3339350773737981,0.073381279867429,0.12574340311380533,0.14501514870386858,0.5137561422127944,1.1559960842132568,1.1966367959976196,1.7242045402526855,1.3634790182113647,1.2769999504089355,0.9480077028274536,1.234778881072998,3.2486467361450195,0.7004498839378357,0.1026909351348877,2.5410966873168945,0.568381667137146
301,0.0001,0.15122960461303592,0.9044681292238549,0.6039967995423537,0.5971815512893751,0.7336376217892592,34.41150903701782,0.131133207003586,0.07004492467967793,0.07857890042942017,0.1330758356489241,0.131133207003586,0.5630843751132488,0.1472081523675185,0.3629099749601804,0.08877853407309605,0.12319167944101186,0.1472081523675185,0.5209944239029518,1.156266450881958,1.1962100267410278,1.724861979484558,1.3617745637893677,1.2766870260238647,0.9482313394546509,1.232524037361145,3.2471795082092285,0.7008053064346313,0.09883993119001389,2.5370614528656006,0.5684611201286316
302,0.0001,0.15206387918442488,0.8978512603165028,0.5992689128105457,0.6012144415332893,0.7364085060424512,35.210567235946655,0.1343293673126027,0.07085352795547806,0.07981504686176777,0.13054758519865572,0.1343293673126027,0.5538907814770937,0.15296975786869343,0.3652576201237165,0.09905891556006212,0.12264837485093337,0.15296975786869343,0.5146582786853496,1.1560579538345337,1.196771264076233,1.7252528667449951,1.3591899871826172,1.2777506113052368,0.9482815265655518,1.2302438020706177,3.244659185409546,0.7006092667579651,0.09690513461828232,2.5380747318267822,0.5685570240020752
303,0.0001,0.15119362657424062,0.9044499259231538,0.5708315812624418,0.6078566909607552,0.7430680517634647,39.155797719955444,0.13335028069559485,0.07011481189692859,0.08014369965530932,0.13169491582084447,0.13335028069559485,0.5547933108173311,0.14433070444143736,0.332836407652268,0.08009616342874673,0.12543415748156034,0.14433070444143736,0.5258463593629691,1.1558380126953125,1.1963729858398438,1.725890874862671,1.3560352325439453,1.2772809267044067,0.9487366676330566,1.2299623489379883,3.2400381565093994,0.7005528807640076,0.09348462522029877,2.5348846912384033,0.568480908870697
304,0.0001,0.1477351450594142,0.9025852587531742,0.5563469056899731,0.6128995077201609,0.746246478643681,33.22662162780762,0.1312992818420753,0.0689872385119088,0.08002384740393609,0.13237931893672794,0.1312992818420753,0.5674114024732262,0.14741264444131116,0.29242317103422605,0.06083083462256652,0.1288588040150129,0.14741264444131116,0.518368872312399,1.1565231084823608,1.1960121393203735,1.7268002033233643,1.3563101291656494,1.2764942646026611,0.9488703608512878,1.2267308235168457,3.2387404441833496,0.7004884481430054,0.09153479337692261,2.53438138961792,0.5686432719230652
305,0.0001,0.14857383572962135,0.9043603607570279,0.5844715890976099,0.6006989486499992,0.7364364464618326,35.160162687301636,0.1328531785402447,0.06792750384192914,0.08143836562521756,0.13293126411736012,0.1328531785402447,0.5645451019518077,0.14703328838715188,0.3373322266798753,0.0758543698833539,0.12501647564081045,0.14703328838715188,0.5166802864808303,1.1583013534545898,1.1953189373016357,1.7276709079742432,1.3556054830551147,1.275067687034607,0.9493060111999512,1.2206521034240723,3.232588291168213,0.7003473043441772,0.09116236865520477,2.526283025741577,0.5687023997306824
306,0.0001,0.14963921555317938,0.9022230986927509,0.5720672889397694,0.6076130735032875,0.7414759132984609,34.58391523361206,0.1329216177109629,0.07044422387843952,0.07906916411593556,0.13111411698628217,0.1329216177109629,0.5645575146190822,0.14841021299362184,0.31491055351037245,0.06405256940768315,0.12749973787711216,0.14841021299362184,0.5065645346274743,1.1573866605758667,1.1951936483383179,1.728290319442749,1.355608344078064,1.2738021612167358,0.9496848583221436,1.2218399047851562,3.2287538051605225,0.7003521919250488,0.08860549330711365,2.524111747741699,0.568432092666626
307,0.0001,0.15205757261719555,0.9027251557336834,0.5780917353354967,0.6080706705265364,0.7433767168740462,33.567837715148926,0.1337102111428976,0.06971011712448671,0.07966161309741437,0.13068010192364454,0.1337102111428976,0.5569463670253754,0.14337631876652057,0.34631410791323736,0.08376025500205847,0.12388948993040966,0.14337631876652057,0.5268172750106225,1.156255841255188,1.1944609880447388,1.7287951707839966,1.3509775400161743,1.2725359201431274,0.9498574733734131,1.2193259000778198,3.2248528003692627,0.7002488374710083,0.08764614164829254,2.5246074199676514,0.5684998035430908
308,0.0001,0.14510563167277724,0.9061954288714108,0.5668204449690305,0.6116831070814479,0.7455843002074086,32.608771085739136,0.1300993615295738,0.06761017971439287,0.07973284501349553,0.13281342678237706,0.1300993615295738,0.5818144090007991,0.14444808272215037,0.3180135866770378,0.07215616267461043,0.12684662410846123,0.14444808272215037,0.5242197192632235,1.1560472249984741,1.1941481828689575,1.7294180393218994,1.347421407699585,1.2713011503219604,0.9497801065444946,1.2184122800827026,3.2234723567962646,0.7003201246261597,0.08682360500097275,2.523193120956421,0.5686270594596863
309,0.0001,0.14309599564876407,0.9074362058748755,0.5447215075676258,0.6166661882462963,0.7501481244812147,33.28834342956543,0.13215623190626502,0.06646510056452826,0.07961583719588816,0.13269669620785862,0.13215623190626502,0.5722230500541627,0.14811927882524636,0.28593283547804904,0.06011884900239798,0.12934403052696816,0.14811927882524636,0.5014011126298171,1.1541651487350464,1.1939451694488525,1.7300148010253906,1.3456488847732544,1.2705740928649902,0.9498987197875977,1.2143287658691406,3.221017837524414,0.7002811431884766,0.08652114123106003,2.5194573402404785,0.5687673091888428
310,0.0001,0.14389836613554507,0.9051630631386851,0.5487026265034309,0.6140377121235638,0.7483291145846365,32.21741843223572,0.13040408841334283,0.06695459666661918,0.07831432484090328,0.13170618191361427,0.13040408841334283,0.5639496250078082,0.1517547749556028,0.28223258371536547,0.055542440024706034,0.1310511990235402,0.1517547749556028,0.4857407019688533,1.1528269052505493,1.1933451890945435,1.7305922508239746,1.3433698415756226,1.2701683044433594,0.9502878785133362,1.2124844789505005,3.2154958248138428,0.6998923420906067,0.08576581627130508,2.5134103298187256,0.5687248706817627
311,0.0001,0.15416327479761094,0.8966310303750448,0.5679701578158599,0.6125444029479039,0.7446943227192705,36.39027762413025,0.13265090889763087,0.07274589367443696,0.08016532758483663,0.13262500101700425,0.13265090889763087,0.5606364184059203,0.14398056406241197,0.3251168200602898,0.07102958984099901,0.1271084113762929,0.14398056406241197,0.5222061652403611,1.153449296951294,1.1928597688674927,1.7312002182006836,1.3440645933151245,1.2704784870147705,0.9509661197662354,1.2106989622116089,3.214262008666992,0.7000935077667236,0.08519178628921509,2.5148823261260986,0.5688687562942505
312,0.0001,0.146885224734433,0.9046175528744559,0.562100873543666,0.6116256074062572,0.7449813344609715,31.653568029403687,0.13360536139225587,0.06830441002966836,0.07944747991859913,0.13112454570364207,0.13360536139225587,0.5523856137879193,0.1454266974559197,0.3115750938653946,0.07174865637834256,0.12502369032456326,0.1454266974559197,0.5259797050402715,1.1526411771774292,1.1922560930252075,1.731904149055481,1.3409185409545898,1.2704371213912964,0.9512224197387695,1.2074202299118042,3.212146759033203,0.7001063823699951,0.08428940922021866,2.512305736541748,0.5689058899879456
313,0.0001,0.1416090236743912,0.9101630705926502,0.5667078352891481,0.6107338889308946,0.7442403023199695,32.144591331481934,0.13113033957779408,0.06475485867122188,0.08006820175796747,0.13217542052734643,0.13113033957779408,0.5776671264320612,0.14235618068621708,0.3196728529838415,0.0725697846366809,0.12575561037430397,0.14235618068621708,0.5247008415368887,1.151238203048706,1.1917459964752197,1.732545018196106,1.3400877714157104,1.269467830657959,0.9516205787658691,1.2055021524429321,3.20912504196167,0.7002098560333252,0.08383243530988693,2.5108039379119873,0.5689505934715271
314,0.0001,0.14020986086688936,0.91045970798249,0.5689653483720926,0.6100253886707621,0.7435962453143219,34.1631064414978,0.13179956167005002,0.06592357147019356,0.07744043198181316,0.13199435221031308,0.13179956167005002,0.5606484194286168,0.1415668345414675,0.31733569640379683,0.06949008508370473,0.1264104982981315,0.1415668345414675,0.5263732204070458,1.1483064889907837,1.1911869049072266,1.7330671548843384,1.3345046043395996,1.2682644128799438,0.9519057869911194,1.2048745155334473,3.205962896347046,0.7002391815185547,0.08293721824884415,2.5105838775634766,0.5690085887908936
315,0.0001,0.14963757747318596,0.9014769362516964,0.5820008424612192,0.6059189271362885,0.7396605926482266,37.06941795349121,0.13434896373655647,0.06973266642307863,0.08044926868751645,0.1305507079232484,0.13434896373655647,0.5591048633214086,0.14490047234755296,0.3376423560656034,0.07910673171281815,0.12594440579414368,0.14490047234755296,0.5272731872705313,1.1486846208572388,1.1910101175308228,1.733607530593872,1.3339539766311646,1.2685178518295288,0.9519019722938538,1.1992838382720947,3.2055253982543945,0.7003613114356995,0.08278057724237442,2.511035203933716,0.5689440369606018
316,0.0001,0.14728542848024517,0.9017264625177178,0.5571829041609397,0.6139066121446215,0.7483878237852576,34.922059774398804,0.13317872630432248,0.06939378008246422,0.0789942733827047,0.13185581611469388,0.13317872630432248,0.5615611434914172,0.1455344578394523,0.3002818602782029,0.06076390261833484,0.12952702824886028,0.1455344578394523,0.5086338024873,1.1489102840423584,1.1906436681747437,1.7340564727783203,1.3338905572891235,1.2680327892303467,0.9524408578872681,1.1995768547058105,3.203185558319092,0.7005400657653809,0.08147348463535309,2.5077593326568604,0.5689054131507874
317,0.0001,0.14635527320206165,0.906909250312502,0.5658834792100467,0.6129706725397707,0.7470098452685253,35.4916410446167,0.13308290217537433,0.06810128092183731,0.0795046171406284,0.13247713213786483,0.13308290217537433,0.5645751859992743,0.1448286404976478,0.3207979885431436,0.07099699802123584,0.1266117485669943,0.1448286404976478,0.51983371422841,1.1497122049331665,1.1902096271514893,1.7346311807632446,1.334438443183899,1.2674880027770996,0.9525342583656311,1.2008370161056519,3.2019872665405273,0.7005510926246643,0.08156441897153854,2.501397132873535,0.5690962672233582
318,0.0001,0.14404883340466768,0.9058213545078615,0.5646916439900032,0.6129269866858418,0.7461125306198853,32.32825779914856,0.1300485887331888,0.06789429634227417,0.07838527561398223,0.13162907678633928,0.1300485887331888,0.572619550395757,0.14683868013895474,0.3099560180535683,0.06069862418449842,0.12798980932969314,0.14683868013895474,0.5113731448466962,1.1487095355987549,1.1904281377792358,1.7349929809570312,1.3323769569396973,1.267229437828064,0.9528504610061646,1.1996784210205078,3.19628643989563,0.7002753615379333,0.08094219863414764,2.4962406158447266,0.5691153407096863
319,0.0001,0.14521474961657077,0.9083557924769816,0.5582330772509941,0.6110628659181089,0.7449745182589342,36.736079931259155,0.13041610835352913,0.06640911113936454,0.07903811597498134,0.13171750190667808,0.13041610835352913,0.5750983594916761,0.1475248517898413,0.2968951394924751,0.058649297173206626,0.12598595859912726,0.1475248517898413,0.49687418754284196,1.149049162864685,1.1900516748428345,1.7356854677200317,1.3315809965133667,1.2657830715179443,0.9532347321510315,1.1991835832595825,3.192171812057495,0.7003056406974792,0.08010584115982056,2.4965131282806396,0.5686014890670776
320,0.0001,0.14422498748172075,0.9066029634392612,0.5830656404678638,0.6000562415593117,0.7366548555004758,35.255298376083374,0.13279970013536513,0.06707836376153864,0.08090178284328431,0.1291239446727559,0.13279970013536513,0.5593646569177508,0.14339832984484158,0.3344838378521112,0.07315638122650293,0.12452842547343328,0.14339832984484158,0.5203273204656748,1.1465574502944946,1.1898202896118164,1.7360877990722656,1.3310730457305908,1.2659552097320557,0.9534214735031128,1.198696255683899,3.189614772796631,0.7003467679023743,0.0802249163389206,2.498525619506836,0.56875079870224
321,0.0001,0.14451702032238245,0.906491866489156,0.5933382412562004,0.5982981746057383,0.7345745046500108,34.603522062301636,0.12945019477047026,0.06722021207679063,0.07822935114381835,0.13097023137379438,0.12945019477047026,0.5616829828359187,0.1431138128042221,0.3511189355300023,0.07623175497238453,0.12450840083452372,0.1431138128042221,0.5221785050172072,1.1451342105865479,1.1893764734268188,1.7363653182983398,1.3303595781326294,1.2654452323913574,0.9535251259803772,1.1962440013885498,3.1884069442749023,0.7004587650299072,0.07943711429834366,2.4948782920837402,0.5687646865844727
322,0.0001,0.1422344803577289,0.9062506491466711,0.6060140644128506,0.5960445338558954,0.7327370732324927,32.51437258720398,0.12969038751907647,0.06614711898146197,0.07828847353812307,0.13162555743474513,0.12969038751907647,0.5661810981109738,0.15135872455743643,0.36397199676587033,0.08858137394373233,0.12443564396638136,0.15135872455743643,0.5168952446717482,1.144679307937622,1.1886296272277832,1.7367671728134155,1.3289263248443604,1.2637051343917847,0.9536913633346558,1.1946617364883423,3.185739278793335,0.7003519535064697,0.07908669859170914,2.4916744232177734,0.568969190120697
323,0.0001,0.14338818192481995,0.9063700053685996,0.565834139402096,0.6116588294122476,0.7452265655515203,33.32474708557129,0.127739877672866,0.06766343530034646,0.07705653080483899,0.13255536486394703,0.127739877672866,0.581175850238651,0.1474487128166052,0.30673675605883965,0.058333826752809376,0.13002719695751483,0.1474487128166052,0.4969425283945524,1.1430894136428833,1.1885896921157837,1.7372061014175415,1.328273057937622,1.2629261016845703,0.9539172649383545,1.193445086479187,3.184396266937256,0.7003811001777649,0.0785246267914772,2.490708351135254,0.568981409072876
324,0.0001,0.13778479222673923,0.9124656933434248,0.5761363884577384,0.6123012693224122,0.746444671020247,34.093318700790405,0.1272403079783544,0.0642798967892304,0.07930655655218288,0.13147451961413026,0.1272403079783544,0.5632974868640304,0.1443302498413966,0.3265603088415586,0.06784241474591769,0.12693936412151044,0.1443302498413966,0.51766747878148,1.141272783279419,1.1879974603652954,1.7376435995101929,1.3271510601043701,1.2623149156570435,0.9540863633155823,1.1881041526794434,3.1830546855926514,0.7002788782119751,0.0782235786318779,2.486910581588745,0.5691140294075012
325,0.0001,0.14142676920164376,0.90955455796242,0.5606415065435263,0.6106510476236549,0.7455137177057048,32.17230796813965,0.12984411674551666,0.06595745441154577,0.07887646782910451,0.13127292948774993,0.12984411674551666,0.5678006610833108,0.14534403062783754,0.31295612569038683,0.06537156105041504,0.12643814591261057,0.14534403062783754,0.5148646244635948,1.140679121017456,1.1874359846115112,1.7380927801132202,1.3248980045318604,1.2622090578079224,0.9541890621185303,1.1908605098724365,3.1800551414489746,0.7004530429840088,0.07741465419530869,2.4870364665985107,0.5692743062973022
326,0.0001,0.1439770048018545,0.9083000492088863,0.5814792293768662,0.6098552048582834,0.7432102081560619,32.61385250091553,0.13097584096249193,0.06712181720649824,0.07829575875075534,0.13305020390544087,0.13097584096249193,0.5641401223838329,0.14308906472646274,0.3414402918173717,0.07768003986432002,0.12550211159082558,0.14308906472646274,0.5203312415343064,1.140771508216858,1.1870760917663574,1.738735556602478,1.323725938796997,1.2613753080368042,0.9542351961135864,1.1926311254501343,3.178610324859619,0.700653076171875,0.07732139527797699,2.4848222732543945,0.5695068836212158
327,0.0001,0.14012772613205016,0.9080563405535499,0.5851983872743753,0.6048403127673216,0.7388857042722058,31.34268355369568,0.13031055283499882,0.06582450930727646,0.07868808606872335,0.13157210976351053,0.13031055283499882,0.5713617876172066,0.15009673421199504,0.342832482778109,0.07960421855633075,0.1243971205674685,0.15009673421199504,0.5215950168096102,1.140848159790039,1.1865211725234985,1.738999605178833,1.3230770826339722,1.2607808113098145,0.954801619052887,1.1881104707717896,3.1776175498962402,0.7004716992378235,0.07771933823823929,2.482323408126831,0.5696395039558411
328,0.0001,0.1379880189197138,0.9121203512212684,0.5836789053220015,0.6042609273197208,0.7392526255834833,31.90053915977478,0.128931057988666,0.06424357718788087,0.07920936215668917,0.13163589139003307,0.128931057988666,0.5704124169424176,0.14568446370271537,0.34465528061756723,0.0789812805560919,0.12429246673217187,0.14568446370271537,0.5280584106078514,1.1403708457946777,1.185990810394287,1.7395567893981934,1.3206192255020142,1.258893609046936,0.9548614025115967,1.188634991645813,3.1737115383148193,0.7001587748527527,0.07729391008615494,2.479813814163208,0.5696604251861572
329,0.0001,0.13488130166660994,0.914970415326109,0.580883327126503,0.6127972623919129,0.7470811350180488,32.597360134124756,0.1310348130064085,0.06188493696390651,0.0785605704295449,0.13232509547378868,0.1310348130064085,0.5736923688091338,0.14744888223134556,0.34723161779917205,0.08034504239375774,0.1257797048642085,0.14744888223134556,0.5193477648955125,1.140267014503479,1.1856123208999634,1.7401043176651,1.3189834356307983,1.2585428953170776,0.9552110433578491,1.1854604482650757,3.1724185943603516,0.6999698281288147,0.07731335610151291,2.476804256439209,0.5696988105773926
330,0.0001,0.1401441291673109,0.9105655771461287,0.5703127342921037,0.6120627301851868,0.7455366678289231,34.5614128112793,0.12752704147715122,0.06425881595350802,0.07903996662935242,0.13160984870046377,0.12752704147715122,0.5646750726737082,0.1456175623031763,0.3179553343699529,0.06705309530863394,0.1275679709819647,0.1456175623031763,0.5232088226538438,1.137657642364502,1.1853400468826294,1.7405036687850952,1.3143600225448608,1.2574915885925293,0.9552417397499084,1.180843710899353,3.1690995693206787,0.699914813041687,0.0770963728427887,2.4732611179351807,0.5697532892227173
331,0.0001,0.13869951956439763,0.9117662886590914,0.574234971174827,0.6111377476551271,0.7458884646921564,34.008806467056274,0.12873714289162308,0.0640948407817632,0.07745709939626977,0.13194425241090357,0.12873714289162308,0.5735857076942921,0.14528032999772292,0.33415779356773084,0.07307441028264852,0.125104899589832,0.14528032999772292,0.5247039263065044,1.137938380241394,1.1852425336837769,1.7408937215805054,1.3123093843460083,1.2561973333358765,0.9553565382957458,1.1800345182418823,3.1665289402008057,0.7000256180763245,0.07645399123430252,2.471224069595337,0.5698243379592896
332,0.0001,0.13952783273998648,0.9132616352966535,0.6020050729696568,0.6002557759549066,0.7354246246846721,33.10954165458679,0.1287424360634759,0.06412842182908207,0.07872678025159985,0.13134432723745704,0.1287424360634759,0.5745447962544858,0.14590583168543303,0.35998926758766175,0.07989599911066202,0.12401145788339468,0.14590583168543303,0.5239488381605882,1.1378226280212402,1.1848357915878296,1.7417783737182617,1.3097221851348877,1.2556707859039307,0.955413818359375,1.1796258687973022,3.1633684635162354,0.700035035610199,0.07628694176673889,2.4699597358703613,0.5698570609092712
333,0.0001,0.14113124506548047,0.9121470299129276,0.5660492899326178,0.6173546091893588,0.7494845658298904,37.94667148590088,0.1297980021336116,0.06440671143354848,0.079446617863141,0.13123326795175672,0.1297980021336116,0.5737532177008688,0.14784682438923763,0.31539345796291646,0.06596069542261271,0.12410275867352119,0.14784682438923763,0.5048150314734532,1.1388951539993286,1.1844090223312378,1.7422139644622803,1.3087944984436035,1.2551798820495605,0.9556328058242798,1.183272123336792,3.1588218212127686,0.7000271081924438,0.07563984394073486,2.467580795288086,0.5700828433036804
334,0.0001,0.13639727572444826,0.9126747229363773,0.5542860033420416,0.623128319122421,0.7530866294641393,33.409754037857056,0.1284606971894391,0.063306258933153,0.07669672888005152,0.13060954038519412,0.1284606971894391,0.5701496247202158,0.148856638945066,0.29697793768002434,0.05914344386412547,0.12890044381985297,0.148856638945066,0.5079592457184425,1.1371307373046875,1.184421420097351,1.7426992654800415,1.3065954446792603,1.2554987668991089,0.9558607935905457,1.185479998588562,3.155759572982788,0.7000183463096619,0.07567613571882248,2.4663190841674805,0.5701581835746765
335,0.0001,0.1389815858565271,0.9103615318310867,0.560855456498953,0.6141368272957559,0.7473283830905801,35.40073561668396,0.1300498191267252,0.06580853386549279,0.07849678897764534,0.13180367613676935,0.1300498191267252,0.5759254903532565,0.15146920726849483,0.30853489683224605,0.061954357417730185,0.1264645060667625,0.15146920726849483,0.5063291916480431,1.1358777284622192,1.1843161582946777,1.7429823875427246,1.3050161600112915,1.2548660039901733,0.9560256600379944,1.1851140260696411,3.1530447006225586,0.699914276599884,0.07510212808847427,2.465172290802002,0.5702155828475952
336,0.0001,0.13750548439566046,0.9102155876977741,0.5734173375826616,0.6100655025941217,0.7431839692870416,33.97137665748596,0.12961722450563684,0.06446145012159832,0.07746332715032622,0.13018020847812295,0.12961722450563684,0.5632103234529495,0.14671283731093773,0.3175908996508672,0.06506312099786905,0.12497936361111127,0.14671283731093773,0.5087471430118268,1.134141206741333,1.1842151880264282,1.7433775663375854,1.3030012845993042,1.2553565502166748,0.95613694190979,1.1836438179016113,3.15226149559021,0.6997119188308716,0.07494518905878067,2.4646811485290527,0.5703667998313904
337,0.0001,0.1361478652106598,0.9127525837287505,0.5770098335467853,0.6117506162056867,0.7453444202086774,35.140472650527954,0.13060409552417696,0.06319986749440432,0.07796149968635291,0.13016724528279155,0.13060409552417696,0.5656429249793291,0.14507276828472432,0.32170405708826505,0.06608833051644838,0.1258523872265449,0.14507276828472432,0.515087798008552,1.1337273120880127,1.1839171648025513,1.7438398599624634,1.3032944202423096,1.2552651166915894,0.9562835693359375,1.1838116645812988,3.1513512134552,0.699734091758728,0.07478420436382294,2.4632606506347656,0.5704810619354248
338,0.0001,0.1354066478088498,0.9136287454617218,0.5787745785254699,0.6069249322587787,0.7415434095244027,33.38600277900696,0.1283510656794533,0.06308159633772448,0.07696529745589942,0.13119476602878422,0.1283510656794533,0.5794751825742424,0.1463501031582172,0.32271573635248035,0.0695296817100965,0.1242640325656304,0.1463501031582172,0.5299083838096031,1.132359504699707,1.1832127571105957,1.7442150115966797,1.298781394958496,1.2551146745681763,0.956578254699707,1.1818182468414307,3.149090051651001,0.6996890306472778,0.07467860728502274,2.4624879360198975,0.5705582499504089
339,0.0001,0.13537722046021372,0.9128301949525537,0.5639605632195106,0.614210374194855,0.7470058624859159,31.001991033554077,0.1286794554325752,0.06341017642989755,0.07649015460629016,0.1294688896741718,0.1286794554325752,0.5747398095554672,0.1506876711661999,0.29945986408453723,0.05673690529970022,0.12613138957665518,0.1506876711661999,0.49772030940422646,1.1320455074310303,1.182859182357788,1.7445954084396362,1.2977432012557983,1.2544093132019043,0.9567862153053284,1.1806321144104004,3.1482434272766113,0.6996340751647949,0.0742906853556633,2.4612228870391846,0.5707123279571533
340,0.0001,0.13473050796892494,0.9152193428450265,0.581218867806288,0.6098016555652302,0.7441617542813445,31.492406845092773,0.12961262464523315,0.06282620265847072,0.07823057140922174,0.12991422053892165,0.12961262464523315,0.5727549146395177,0.14411755891946645,0.335828312085225,0.06815927108893027,0.12345722455244798,0.14411755891946645,0.5197093083308293,1.1312915086746216,1.1827492713928223,1.7450114488601685,1.298609733581543,1.2539724111557007,0.9569089412689209,1.1800227165222168,3.1478445529937744,0.6997388005256653,0.07389896363019943,2.460231304168701,0.571002721786499
341,0.0001,0.13828504155389965,0.9137767051541872,0.6027692774167428,0.6088031905357587,0.7428014884728599,33.770641803741455,0.1302937570726499,0.06362734970753081,0.0792978439712897,0.12850012013223022,0.1302937570726499,0.5778344557620585,0.14983541598686806,0.3677699863910675,0.08646455590541546,0.1206244938648664,0.14983541598686806,0.5242636955701387,1.1307629346847534,1.1825318336486816,1.7454016208648682,1.2973016500473022,1.2525296211242676,0.9568716883659363,1.1808050870895386,3.1477603912353516,0.6996856927871704,0.0743153765797615,2.45929217338562,0.5711103677749634
342,0.0001,0.13503841182682663,0.9127992045970104,0.5652824007547819,0.6152855839610445,0.7478350957014228,35.632365703582764,0.12905335112009197,0.06362991582136601,0.07742282852996141,0.12876158254221082,0.12905335112009197,0.5663488432765007,0.1437693781577624,0.3140750804772744,0.06532479799710787,0.12585376157210423,0.1437693781577624,0.5278880229363074,1.1306480169296265,1.1820909976959229,1.7459683418273926,1.2962669134140015,1.252309799194336,0.9570924043655396,1.1812171936035156,3.145296335220337,0.6997741460800171,0.07421624660491943,2.4583282470703125,0.5711448788642883
343,0.0001,0.1381116157863289,0.9115542270316729,0.5949129407222454,0.6081229157590771,0.7424691214942338,35.374760150909424,0.12812115147244185,0.06434700929094106,0.0765153577667661,0.1303544722031802,0.12812115147244185,0.5707964291796088,0.14639541873565087,0.35330705207127794,0.07820405581822762,0.12361785310965318,0.14639541873565087,0.524582943549523,1.1301181316375732,1.1815993785858154,1.746405839920044,1.2975175380706787,1.2504150867462158,0.9572879076004028,1.1791282892227173,3.1425082683563232,0.6996063590049744,0.07482020556926727,2.4569144248962402,0.5710833072662354
344,0.0001,0.13363348436541855,0.9154684314141818,0.586399911917173,0.609354152429041,0.7434365918149275,36.72138810157776,0.12790602981112897,0.0616596833569929,0.07743666449096054,0.13124675676226616,0.12790602981112897,0.5722764348611236,0.14509967932334314,0.3357364968611644,0.06894440994812892,0.1260668701850451,0.14509967932334314,0.5271036569888775,1.1290531158447266,1.1813167333602905,1.7468150854110718,1.2945877313613892,1.2503947019577026,0.9574236273765564,1.1780058145523071,3.140519380569458,0.6997591853141785,0.07486053556203842,2.4553897380828857,0.5710806846618652
345,0.0001,0.13028659333940595,0.9186453912204762,0.5877223014831543,0.6128237878840893,0.7470193079520232,33.00459694862366,0.1266464844229631,0.05975113593740389,0.07602165441494435,0.13113334646914154,0.1266464844229631,0.5807407135143876,0.1452560713657966,0.35151080099435955,0.07904029419788948,0.12434726380384885,0.1452560713657966,0.5255546258046077,1.127590537071228,1.181020975112915,1.7472302913665771,1.2934527397155762,1.249824047088623,0.9576371312141418,1.176784634590149,3.139096736907959,0.69999098777771,0.07484972476959229,2.454594850540161,0.5711030960083008
346,0.0001,0.1343220075359568,0.9158902783634296,0.5695278685826521,0.6209604272677376,0.7533945793081,33.34467005729675,0.12927254661917686,0.06377264426555485,0.07544389116810635,0.13147574663162231,0.12927254661917686,0.5780244627967477,0.14980289660967314,0.310846362893398,0.05526621089531825,0.1275241588170712,0.14980289660967314,0.5044398555388817,1.1275544166564941,1.180708408355713,1.7475862503051758,1.2926037311553955,1.2494795322418213,0.9578640460968018,1.1775622367858887,3.137647867202759,0.699884295463562,0.07405977696180344,2.4506947994232178,0.5710116028785706
347,0.0001,0.13527000974863768,0.9134791757698617,0.5692180438683583,0.6115947474805773,0.746030688635788,31.774209022521973,0.12807963887462392,0.0632306786137633,0.0784244277747348,0.13108326343353838,0.12807963887462392,0.5744909360073507,0.1455636985026873,0.3230775480086987,0.06884610721698174,0.12568221711195432,0.1455636985026873,0.5181456639216496,1.1277588605880737,1.180391788482666,1.7479684352874756,1.2921810150146484,1.2494354248046875,0.958170473575592,1.1742373704910278,3.1356120109558105,0.6998570561408997,0.07350651174783707,2.4486782550811768,0.5709578394889832
348,0.0001,0.13660654402337968,0.912091052287255,0.5723716485958833,0.608749680481756,0.7435404121248046,32.583746910095215,0.1299570936243981,0.06341275619342923,0.07520219765137881,0.13163766893558204,0.1299570936243981,0.5778730725869536,0.1501058706870446,0.3086479200766637,0.05892131351507627,0.12674648314714432,0.1501058706870446,0.5121402392020592,1.126326084136963,1.1799509525299072,1.7483325004577637,1.2918263673782349,1.2490031719207764,0.9585291743278503,1.173053503036499,3.1367928981781006,0.6998752951622009,0.07343969494104385,2.448207139968872,0.5711216926574707
349,0.0001,0.13364104577340186,0.9169576198085746,0.5914954772362342,0.6077130594265194,0.7423040640131673,34.04257273674011,0.12794739607488737,0.06253728579031304,0.07760857901303098,0.13164648250676692,0.12794739607488737,0.5785618065856397,0.14590348601341246,0.3488200476536384,0.07840733917859885,0.12498588470312265,0.14590348601341246,0.5248854151138893,1.126886010169983,1.1797503232955933,1.7488003969192505,1.2927647829055786,1.248825192451477,0.9588114619255066,1.1724032163619995,3.1333632469177246,0.6997637748718262,0.07327761501073837,2.4461820125579834,0.5712214708328247
350,0.0001,0.12967823562212288,0.9174295618434181,0.5690210484541379,0.6144169897149575,0.7483852303324681,32.491963386535645,0.12860217469278723,0.060022507241228595,0.07582471490604803,0.13222647819202393,0.12860217469278723,0.5702858166769147,0.14655080025012676,0.3111920246711144,0.05879662793416243,0.12818484913844327,0.14655080025012676,0.5074993344453665,1.1254466772079468,1.1791983842849731,1.7492270469665527,1.2909189462661743,1.2482736110687256,0.9590440988540649,1.172026515007019,3.130486011505127,0.6995840072631836,0.07302983105182648,2.444973945617676,0.5713590383529663
351,0.0001,0.12698198447469622,0.9197085766781633,0.5828941952723723,0.6094252125999915,0.7445884698473844,32.73940706253052,0.1247136970050633,0.05907536298036575,0.07743925816612318,0.13104913756251335,0.1247136970050633,0.58100714860484,0.14471953878035912,0.3397938457819132,0.07450721607758448,0.12478241416124197,0.14471953878035912,0.5226228374701279,1.1246113777160645,1.1787737607955933,1.7496016025543213,1.288461685180664,1.247634768486023,0.9592012763023376,1.1704332828521729,3.128582239151001,0.6995222568511963,0.07225970178842545,2.4422976970672607,0.5713388323783875
352,0.0001,0.1321089540142566,0.9183579171682248,0.600285590153474,0.6049209012340107,0.7406249979905076,36.017271995544434,0.12789235287345946,0.06191450994811021,0.07841049967100844,0.1302700905362144,0.12789235287345946,0.5796547057107091,0.14726730562173404,0.36393337203906134,0.08164211672085982,0.12332653082334079,0.14726730562173404,0.524827464727255,1.123550295829773,1.1782280206680298,1.7500486373901367,1.2883578538894653,1.24713134765625,0.959471583366394,1.1720333099365234,3.1269912719726562,0.6996084451675415,0.07175583392381668,2.4424076080322266,0.5714491605758667
353,0.0001,0.1301240436732769,0.919090052946971,0.579567050246092,0.6082216902571695,0.7424212660628976,32.86949944496155,0.12575834355084226,0.060712173813953996,0.07629630225710571,0.12962971429806203,0.12575834355084226,0.574054810218513,0.14559217874820415,0.3316243442205282,0.06868070455697867,0.12436335843343001,0.14559217874820415,0.5234498638373155,1.1219472885131836,1.177869200706482,1.7503679990768433,1.2859419584274292,1.2470765113830566,0.9594624638557434,1.1691713333129883,3.1250672340393066,0.6994596123695374,0.07189268618822098,2.4424490928649902,0.5715311169624329
354,0.0001,0.13345310231670737,0.9173664473379419,0.585208404981173,0.6073929143568287,0.741515546803008,31.85383892059326,0.12823927286081016,0.061293398146517575,0.07732793258037418,0.1307631586678326,0.12823927286081016,0.5716460747644305,0.143722068804961,0.3413243520718354,0.07030448833337197,0.12525563836097717,0.143722068804961,0.5297227703608,1.122149109840393,1.1777621507644653,1.7506588697433472,1.2874095439910889,1.2463339567184448,0.9597625732421875,1.1660434007644653,3.1243767738342285,0.6993653774261475,0.07199162989854813,2.440138578414917,0.571607768535614
355,0.0001,0.13293201476335526,0.9168290475673503,0.5778743040103179,0.6114789919747733,0.7452069117959121,34.57634162902832,0.12774980952963233,0.061897611449239776,0.07631347805727273,0.1317183206556365,0.12774980952963233,0.5712809364777058,0.14558481069711537,0.33674903695399944,0.06800385896976177,0.12507517887995792,0.14558481069711537,0.5179381012916565,1.121785283088684,1.1772054433822632,1.7510367631912231,1.2857211828231812,1.2461715936660767,0.9599819183349609,1.1665743589401245,3.1227195262908936,0.6993022561073303,0.0725768581032753,2.436347723007202,0.5716351866722107
356,0.0001,0.13081068103201687,0.9172423108750448,0.5834364363780389,0.6078453204741245,0.7421913226586209,36.816914081573486,0.12859025393845513,0.061122234037611634,0.07601999136386439,0.13232981285545975,0.12859025393845513,0.5742090216372162,0.14477131504278917,0.327887466779122,0.059873795967835645,0.12723326614269845,0.14477131504278917,0.5175567544423617,1.1214745044708252,1.1770676374435425,1.7514640092849731,1.2870107889175415,1.2460448741912842,0.9600527882575989,1.1662371158599854,3.118974208831787,0.69910728931427,0.07327459752559662,2.435725688934326,0.5713273882865906
357,0.0001,0.13275317114312202,0.9170939038823397,0.5850385734668144,0.6093489967838199,0.7432934776011745,35.24752473831177,0.12910562846809626,0.06274623575154692,0.07759000750957057,0.1313932107295841,0.12910562846809626,0.5705435681156814,0.14558450808891885,0.34456166464548843,0.07151284091747724,0.12547266620856065,0.14558450808891885,0.5258405447006226,1.1207937002182007,1.1766357421875,1.7518519163131714,1.2858420610427856,1.246777057647705,0.9603127241134644,1.1651530265808105,3.1174237728118896,0.6990588307380676,0.07282435148954391,2.4338998794555664,0.5715011358261108
358,0.0001,0.1279946434078738,0.9205652833750109,0.5929275957437662,0.6106414342279243,0.7440440798910661,33.79205298423767,0.12586590345017612,0.05898439924931154,0.07613005657913163,0.1304942776914686,0.12586590345017612,0.5797937531024218,0.14626350632080665,0.36116360884446363,0.08047267668522322,0.12358682637031261,0.14626350632080665,0.5219290100611174,1.1205769777297974,1.1761595010757446,1.7521696090698242,1.2852944135665894,1.2467775344848633,0.9604415893554688,1.1648857593536377,3.1161372661590576,0.6991504430770874,0.07252351194620132,2.431013345718384,0.5716981887817383
359,0.0001,0.12817083636764437,0.9214138106120802,0.5825443517703276,0.6114929003282119,0.7455381791684834,34.8023362159729,0.12999733304604888,0.05877728477935307,0.07620828785002232,0.13060560228768736,0.12999733304604888,0.5822511869482696,0.14397756686577431,0.3321591345163492,0.06634966215262046,0.12533771785405967,0.14397756686577431,0.5256937384605408,1.1204882860183716,1.175795078277588,1.752694010734558,1.285394310951233,1.2454197406768799,0.9607367515563965,1.1637790203094482,3.113809108734131,0.6989578008651733,0.07183659076690674,2.429494619369507,0.5717262625694275
360,0.0001,0.1288629121845588,0.9178884477860271,0.5829267407839115,0.6117720725968032,0.7454970494474258,33.85990929603577,0.12603650090750307,0.05984010983956978,0.07733535801526159,0.130829444155097,0.12603650090750307,0.5779520242940634,0.14558301522181585,0.3390369795835935,0.0695944783779291,0.1256057028587048,0.14558301522181585,0.5196787549899174,1.1202195882797241,1.1755712032318115,1.7530081272125244,1.2837550640106201,1.2447246313095093,0.9609137773513794,1.1646995544433594,3.1112115383148193,0.6990016102790833,0.07081969082355499,2.428591728210449,0.5717176198959351
361,0.0001,0.1273847792763263,0.9212696289344198,0.5789324432611466,0.6094836862190989,0.7431187149867685,36.34972596168518,0.1277409553877078,0.05872249012463726,0.0767522247042507,0.13242704956792295,0.1277409553877078,0.5802733940072358,0.14487019456349887,0.32652021600649905,0.06320980065144026,0.12527265674792804,0.14487019456349887,0.51903116611334,1.1200132369995117,1.1750630140304565,1.7534799575805664,1.2830853462219238,1.2448437213897705,0.9610598683357239,1.1639446020126343,3.1092588901519775,0.6989530920982361,0.07047265768051147,2.4256398677825928,0.5717417001724243
362,0.0001,0.13320918625686318,0.9149152227631592,0.5968990759207652,0.6083878474958873,0.7422035348072347,32.02429676055908,0.12992516841040924,0.06280503838206641,0.07820427947444841,0.1295231053372845,0.12992516841040924,0.5730532240122557,0.1451921052657641,0.36619483461746805,0.08484740532361544,0.12178746393093696,0.1451921052657641,0.5285169115433326,1.118312120437622,1.1750510931015015,1.753793716430664,1.2819653749465942,1.2434771060943604,0.9613900780677795,1.1589713096618652,3.107637643814087,0.6988468766212463,0.07074199616909027,2.426396131515503,0.5717729926109314
363,0.0001,0.1252828175202012,0.922346982541164,0.5815118092757005,0.6105541865825205,0.7442211733994566,33.817092180252075,0.12903676723362878,0.05766534054419026,0.07557153812376782,0.13003172725439072,0.12903676723362878,0.5800941777415574,0.1427239301112982,0.34391486392571374,0.07112444089009212,0.12588164714666514,0.1427239301112982,0.5182457630450908,1.1177397966384888,1.174765706062317,1.7541444301605225,1.280442237854004,1.2431776523590088,0.9616078734397888,1.1601815223693848,3.1065146923065186,0.6989121437072754,0.07049515098333359,2.4249050617218018,0.5717082023620605
364,0.0001,0.12686151510570198,0.9209381530915299,0.6008079207860506,0.6052320362525969,0.7401489522947546,32.8251793384552,0.12488727294839919,0.05908958433428779,0.07688533060718328,0.1318223245907575,0.12488727294839919,0.5828387034125626,0.14284872229282672,0.3629173148136873,0.07316832611194024,0.12598040791658255,0.14284872229282672,0.5238654668514545,1.1170294284820557,1.1744781732559204,1.7544857263565063,1.2797232866287231,1.2429345846176147,0.9617265462875366,1.1598457098007202,3.105393409729004,0.6987712383270264,0.07061174511909485,2.4227378368377686,0.5716801285743713
365,0.0001,0.12517038662917912,0.9227274954264955,0.5884194637720401,0.6086107292278302,0.7428871327515729,34.54157567024231,0.1287137357867323,0.05768143670866266,0.0770841806079261,0.1300153925549239,0.1287137357867323,0.5724265384487808,0.14406618154965914,0.3366261321764726,0.06512832068479978,0.12639441925745745,0.14406618154965914,0.522473590190594,1.116503357887268,1.1742736101150513,1.754855751991272,1.2782158851623535,1.2428818941116333,0.9618942141532898,1.1582810878753662,3.1025118827819824,0.6986580491065979,0.07067719846963882,2.423707962036133,0.5715672969818115
366,0.0001,0.1287930445978418,0.9199357104081688,0.5952285459408393,0.6106038639892644,0.7447317164782858,34.93561601638794,0.12972613971214741,0.05932111744186841,0.07626018312294036,0.13062553037889302,0.12972613971214741,0.5689249252900481,0.14357316356438857,0.3538555117753836,0.07274444790986868,0.12520506702936612,0.14357316356438857,0.5277457934159498,1.1162934303283691,1.1740429401397705,1.7553694248199463,1.2763890027999878,1.2425318956375122,0.9618321061134338,1.1578123569488525,3.102569103240967,0.6986633539199829,0.07070726156234741,2.4212088584899902,0.5714845061302185
367,0.0001,0.12736394035164267,0.9207663523284623,0.5942901771802168,0.6098533046546317,0.7435346817291931,34.51349377632141,0.13014588976511732,0.0583791941171512,0.07611854805145413,0.13055554090533406,0.13014588976511732,0.5581783992238343,0.14606796273818382,0.3610048429324077,0.07833858327223704,0.12380775075692396,0.14606796273818382,0.5267389297485352,1.1152112483978271,1.1735336780548096,1.7557106018066406,1.2746421098709106,1.2425850629806519,0.9619726538658142,1.1565805673599243,3.1010890007019043,0.6988511085510254,0.0702468752861023,2.4200026988983154,0.5714577436447144
368,0.0001,0.12773838499560952,0.9221481883536967,0.5929170677295098,0.6109727261168078,0.744960653967007,33.70808386802673,0.1273900498636067,0.058262322476366535,0.07638981234049425,0.13082809140905738,0.1273900498636067,0.5760873057879508,0.14429681805463937,0.3519563528207632,0.06996341416468987,0.1256146864249156,0.14429681805463937,0.522981633589818,1.1147980690002441,1.1731486320495605,1.7560988664627075,1.2736842632293701,1.2422651052474976,0.9621284008026123,1.1553858518600464,3.0985217094421387,0.6988423466682434,0.06978713721036911,2.419593334197998,0.5715467929840088
369,0.0001,0.12858656456228346,0.9199348650586976,0.5856879747830904,0.610131236286795,0.7433047353824275,31.479373693466187,0.12806937051936984,0.060204185225302354,0.07544812781270593,0.1313242131145671,0.12806937051936984,0.573351432569325,0.14537567060727338,0.32764982145566207,0.06062602446629451,0.12680239516955155,0.14537567060727338,0.5187234924389765,1.1149592399597168,1.1730958223342896,1.7564623355865479,1.2735034227371216,1.2417429685592651,0.9622673988342285,1.153322458267212,3.096299886703491,0.6989492177963257,0.06924653053283691,2.4169881343841553,0.5716928243637085
370,0.0001,0.12444519530981779,0.9238796190594641,0.585758178967696,0.6093805624778645,0.7434250950622904,35.803070068359375,0.12485212326282635,0.05744639682234265,0.07502303196815774,0.13126554898917675,0.12485212326282635,0.5788197033107281,0.14397981969209817,0.3293390436814381,0.0642366193808042,0.12577671637901894,0.14397981969209817,0.5229373748485858,1.115663766860962,1.1725903749465942,1.7568631172180176,1.2739616632461548,1.2412526607513428,0.9624608755111694,1.1531636714935303,3.0953540802001953,0.6988584399223328,0.0692431852221489,2.416372537612915,0.571731448173523
371,0.0001,0.12389420252293348,0.9235229332486891,0.5872582096319933,0.6120691418047512,0.7457105737288273,35.64961218833923,0.12652326631359756,0.0578364698740188,0.07620782352751121,0.13123155594803393,0.12652326631359756,0.5822707391344011,0.14423404473524828,0.3409155792914904,0.06766134592202994,0.1249699680851056,0.14423404473524828,0.5174997843228853,1.1152452230453491,1.1723815202713013,1.7572509050369263,1.2724101543426514,1.2401353120803833,0.9626142382621765,1.152479887008667,3.093197822570801,0.6988157629966736,0.06894506514072418,2.415273904800415,0.5716954469680786
372,0.0001,0.1249211395625025,0.9227414632916964,0.5893695693749648,0.6076258406022738,0.7432284209610112,35.34409737586975,0.12849429610650986,0.0584017465589568,0.07736636797199026,0.13082117610611022,0.12849429610650986,0.574216341599822,0.14337333532480093,0.33972425621289476,0.06894619052226726,0.125108563212248,0.14337333532480093,0.5244781714219313,1.1150776147842407,1.1721609830856323,1.7575432062149048,1.2703919410705566,1.2398780584335327,0.9627435803413391,1.1504342555999756,3.0915956497192383,0.6986984610557556,0.06902982294559479,2.4132978916168213,0.5717985033988953
373,0.0001,0.1281474962597713,0.9220592655248537,0.5839672927673046,0.6092067771824599,0.7432262568968286,35.52698874473572,0.12709767476189882,0.058874071488389745,0.07524565409403294,0.1296626483090222,0.12709767476189882,0.5644436557777226,0.1487857094177833,0.3249216957734181,0.05911265290700472,0.12734814675954673,0.1487857094177833,0.5122669971906222,1.1134774684906006,1.1717414855957031,1.7578210830688477,1.268791913986206,1.239444375038147,0.962999701499939,1.1477808952331543,3.09039044380188,0.6986245512962341,0.0688735693693161,2.4113664627075195,0.5718269944190979
374,0.0001,0.12199204077478498,0.9257322946667605,0.5999942577802218,0.60841661620722,0.7417378182726934,34.01996946334839,0.12490184756461531,0.05604028777452186,0.07764816627604887,0.1313501070253551,0.12490184756461531,0.5873475605621934,0.14461784614966466,0.3540072037623479,0.06748406634880946,0.12525130395705883,0.14461784614966466,0.5227153420448303,1.1125743389129639,1.171499490737915,1.7581160068511963,1.2670563459396362,1.238434910774231,0.963234007358551,1.148078441619873,3.0884907245635986,0.6987122893333435,0.06861936300992966,2.408565044403076,0.5717871189117432
375,0.0001,0.12460428813938051,0.9221507121453307,0.5989697447189918,0.609485163656373,0.7441393676570516,34.52391695976257,0.12799649976659566,0.05828914878657088,0.07594223698833957,0.13046405208297074,0.12799649976659566,0.5766567075625062,0.14442457602574274,0.3644404044518104,0.07699824181886819,0.12365326904333555,0.14442457602574274,0.5253630647292504,1.1121463775634766,1.1715914011001587,1.7584505081176758,1.2660019397735596,1.238570213317871,0.9634011387825012,1.145500898361206,3.0864646434783936,0.6986697316169739,0.06844249367713928,2.407205820083618,0.5718868970870972
376,0.0001,0.12106926750857383,0.9274292775573765,0.599022991840656,0.6081395898493118,0.742994389720943,33.95661377906799,0.12515952216926962,0.05568701165611856,0.0760085215442814,0.130279679200612,0.12515952216926962,0.5793089331127703,0.14224784832734327,0.36143194712125337,0.07495482059625479,0.12284615819270794,0.14224784832734327,0.5310857002551739,1.1111791133880615,1.1714838743209839,1.7588173151016235,1.2652781009674072,1.2385337352752686,0.9635342955589294,1.143975019454956,3.0831360816955566,0.6985575556755066,0.06848498433828354,2.4060120582580566,0.571716845035553
377,0.0001,0.11982977297157049,0.926350404824146,0.5905665590212895,0.6045149044754282,0.738805041457959,33.24050951004028,0.12396693450864404,0.05599853617604822,0.07543113612337038,0.1294982909457758,0.12396693450864404,0.5906421411782503,0.1475619510962413,0.3318618127932915,0.06055458807028257,0.12626438095019413,0.1475619510962413,0.5110057042195246,1.1102720499038696,1.1712628602981567,1.7591904401779175,1.2644771337509155,1.2379525899887085,0.963686466217041,1.1434597969055176,3.081926107406616,0.6985584497451782,0.06826195865869522,2.405296564102173,0.5717593431472778
378,0.0001,0.12383365619461983,0.9246660416212125,0.5953304508557686,0.6081745289029045,0.7427620392882816,36.50882363319397,0.1250467604259029,0.05695064103929326,0.07641716301441193,0.13050772878341377,0.1250467604259029,0.57977837882936,0.14309310890161075,0.35976404410142165,0.07176077251250927,0.124312840287502,0.14309310890161075,0.5217642995027395,1.1093690395355225,1.1709425449371338,1.7595938444137573,1.2638962268829346,1.2383190393447876,0.9637952446937561,1.1427323818206787,3.079728364944458,0.698618471622467,0.06793450564146042,2.4032771587371826,0.5717968940734863
379,0.0001,0.12466130766551942,0.9234783556009561,0.6038029980200987,0.606753503957425,0.7406023583654073,36.8064706325531,0.12709447625093162,0.057262344169430435,0.0759322238736786,0.12890932941809297,0.12709447625093162,0.573233571369201,0.1445525247317094,0.36425097080377433,0.07680575710076552,0.12225547616298382,0.1445525247317094,0.526612022289863,1.1090788841247559,1.1707079410552979,1.759944200515747,1.2625367641448975,1.2377129793167114,0.9640180468559265,1.1398532390594482,3.079681158065796,0.6985572576522827,0.06825710088014603,2.401228666305542,0.5717452764511108
380,0.0001,0.12215316132642329,0.925897414379444,0.5949394359038427,0.6052466824797773,0.7398492346903089,35.734780073165894,0.12739153008442372,0.05633496618247591,0.07527250470593572,0.1297926235711202,0.12739153008442372,0.5772410719655454,0.1472135848723925,0.33840311467647555,0.062183297941317925,0.1250799440420591,0.1472135848723925,0.5215334369586064,1.1084771156311035,1.1704381704330444,1.7602331638336182,1.2608366012573242,1.2371150255203247,0.9641720056533813,1.1390643119812012,3.0792760848999023,0.6984403133392334,0.0683431401848793,2.397993326187134,0.5716724395751953
381,0.0001,0.1231183239724487,0.9253659885901527,0.5969024738440147,0.6086419846349672,0.7426475114009723,31.960869312286377,0.12628314283210784,0.056623904703883454,0.07585899083642289,0.12945258000399917,0.12628314283210784,0.5781412189826369,0.14409233996501336,0.34554748947803793,0.06585097886048831,0.12497424666698162,0.14409233996501336,0.5244323409520663,1.108435869216919,1.1701911687850952,1.7606546878814697,1.260229229927063,1.2365179061889648,0.9642832279205322,1.1391862630844116,3.0763626098632812,0.6984944939613342,0.06830824911594391,2.396928548812866,0.5717265605926514
382,0.0001,0.12256250937934965,0.9249559599357441,0.595674952176901,0.6119458569412886,0.7451040011791769,33.96888542175293,0.12578467885032296,0.0572310792922508,0.07654966239351779,0.13006707199383527,0.12578467885032296,0.5976383532397449,0.14620348513126374,0.34160413444042204,0.06640237478109506,0.1248269280562034,0.14620348513126374,0.5204233297934899,1.1079875230789185,1.1697883605957031,1.7609481811523438,1.2589662075042725,1.2362546920776367,0.964401125907898,1.1374602317810059,3.0733602046966553,0.6985611319541931,0.06804689019918442,2.3972926139831543,0.5716986656188965
383,0.0001,0.12192355468869209,0.9262355222175775,0.6044162715856846,0.6072081975577097,0.7414749300911585,33.122623920440674,0.12683109159115702,0.0560809709422756,0.0759783162502572,0.1304259280441329,0.12683109159115702,0.5790603505447507,0.14476696573770964,0.3594429387496068,0.07362796985186064,0.12337276408305535,0.14476696573770964,0.5248145433572623,1.107470154762268,1.1694436073303223,1.7613420486450195,1.2591253519058228,1.2366491556167603,0.9645100235939026,1.1357511281967163,3.0723180770874023,0.698452353477478,0.0680488720536232,2.3968417644500732,0.5718374848365784
384,0.0001,0.12065881513990462,0.9275468905068067,0.6153474871928876,0.6031596422324323,0.738020841194177,32.380409717559814,0.12613805732689798,0.05581677655573003,0.0740720356698148,0.13094648183323443,0.12613805732689798,0.5768790934234858,0.14923756741560423,0.3805553635725608,0.08480179378619561,0.12325945977981274,0.14923756741560423,0.5216201754716726,1.1071335077285767,1.1691440343856812,1.761591911315918,1.2577017545700073,1.2359566688537598,0.9646292328834534,1.1346569061279297,3.0707621574401855,0.6983240246772766,0.06774970144033432,2.395423173904419,0.5718346834182739
385,0.0001,0.1228440998820588,0.9250391662212296,0.5947814446229202,0.6077607385700486,0.7411658679629691,34.86505055427551,0.1250912629184313,0.057277030748082325,0.07601842004805803,0.1305727136787027,0.1250912629184313,0.5899596530944109,0.14425342885347514,0.33935636098568256,0.06191009283065796,0.12548143405180712,0.14425342885347514,0.521521361057575,1.1064972877502441,1.169046401977539,1.7617216110229492,1.2549585103988647,1.2350012063980103,0.9648275375366211,1.133438229560852,3.068206310272217,0.6980623006820679,0.06728760153055191,2.393975019454956,0.5716171860694885
386,0.0001,0.11629617807921022,0.9290187578802321,0.5984873567636196,0.6101508437940562,0.7442199835894536,32.82388186454773,0.12150597712025046,0.05378365400247276,0.07571827247738838,0.1302070674719289,0.12150597712025046,0.5834986600093544,0.14617115350869986,0.3529872898872082,0.07004487124773172,0.12462564890201275,0.14617115350869986,0.5261863506757296,1.1061184406280518,1.1687380075454712,1.7620936632156372,1.2540309429168701,1.2342339754104614,0.9649658203125,1.1333180665969849,3.065765619277954,0.6979866027832031,0.06651877611875534,2.3931703567504883,0.57139652967453
387,0.0001,0.1230431804433465,0.9247249169652489,0.5977314343819251,0.6098641347834647,0.7436579074751374,33.18619155883789,0.12603604892501608,0.05662450467934832,0.07472398446407169,0.1309064106317237,0.12603604892501608,0.5813627992756665,0.14816092321505914,0.3453152995843154,0.06641098673527057,0.12345474201899309,0.14816092321505914,0.5204432524167575,1.1055314540863037,1.1686094999313354,1.7623929977416992,1.2534115314483643,1.2338672876358032,0.9652679562568665,1.1337727308273315,3.0646286010742188,0.6979008316993713,0.06653312593698502,2.3919990062713623,0.5715203285217285
388,0.0001,0.12006290792487562,0.9268663601382279,0.5992090089963032,0.612484288697325,0.7459297159332327,31.84137749671936,0.12694556399947032,0.05510128292371519,0.07578814355656505,0.13139784231316298,0.12694556399947032,0.5833145254291594,0.14419031487061426,0.3557474814928495,0.06894936756445812,0.12593992421260247,0.14419031487061426,0.5270617769314693,1.1050013303756714,1.168365478515625,1.762697696685791,1.25234854221344,1.232836365699768,0.965484619140625,1.1320879459381104,3.063985586166382,0.6979778409004211,0.06632187962532043,2.389521837234497,0.5715819597244263
389,0.0001,0.11732275923714042,0.9292977887190019,0.5935360991037809,0.6115838097045816,0.7454732868382423,33.583624839782715,0.12412359309382737,0.05342237159493379,0.0755701542366296,0.13075355358887464,0.12412359309382737,0.580433985684067,0.1441656591800543,0.3416905157841169,0.06361478704672593,0.12413681562130267,0.1441656591800543,0.5192664898358859,1.1042256355285645,1.1681485176086426,1.7630672454833984,1.2508022785186768,1.2323194742202759,0.9656224250793457,1.1325091123580933,3.0624897480010986,0.6979156732559204,0.06606172025203705,2.3875319957733154,0.5716277360916138
390,0.0001,0.12111222988460213,0.92484841556652,0.5892310591844412,0.6133685835557178,0.7471294117857943,34.43230962753296,0.12597601453308016,0.05715864879311994,0.07424034964060411,0.13093807105906308,0.12597601453308016,0.5815987894311547,0.14386611993496234,0.3361239222379831,0.06285955860064579,0.1254431181229078,0.14386611993496234,0.5250926540448115,1.1044546365737915,1.1682833433151245,1.763419508934021,1.25090754032135,1.2324578762054443,0.9657662510871887,1.1327625513076782,3.0615909099578857,0.6979452967643738,0.06571455299854279,2.386786460876465,0.5717185139656067
391,0.0001,0.12074179691262543,0.9275728504480154,0.602598281777822,0.6085552835690996,0.7425491163585123,33.51565337181091,0.12559964216779917,0.054861131036886945,0.07583110383711755,0.1303725754842162,0.12559964216779917,0.575702041387558,0.14566709169974693,0.3571423736902384,0.07080441048512091,0.12419688220207507,0.14566709169974693,0.5241539129844078,1.1036159992218018,1.1679002046585083,1.7638415098190308,1.250920057296753,1.2322187423706055,0.9658711552619934,1.1311094760894775,3.061300039291382,0.698110044002533,0.06551792472600937,2.38620662689209,0.5716898441314697
392,0.0001,0.11922885070089251,0.9276580764400485,0.6027160660578654,0.6081555589591712,0.7428609536372417,35.44289541244507,0.12651490874122828,0.05499178229365498,0.07455286511685699,0.13060040317941457,0.12651490874122828,0.5743795894086361,0.14455631994284115,0.3551382715885456,0.06798772731652626,0.12571335068115821,0.14455631994284115,0.5243557929992676,1.1030571460723877,1.1679162979125977,1.7640794515609741,1.2508933544158936,1.232303500175476,0.9659764170646667,1.1309950351715088,3.059493064880371,0.6981993913650513,0.06508079171180725,2.3836896419525146,0.5716574192047119
393,0.0001,0.11943012604024261,0.9280677303774527,0.597805072252567,0.6082653094091476,0.7427857156278282,31.988728284835815,0.12355429877061397,0.054964520008070394,0.07537989836419001,0.1313762996578589,0.12355429877061397,0.591789620462805,0.14498251768258902,0.34685047429341537,0.06685595019505575,0.12486236806099231,0.14498251768258902,0.5191731407092168,1.102271556854248,1.1676238775253296,1.7643883228302002,1.2489299774169922,1.2307273149490356,0.9662473201751709,1.1296436786651611,3.0585622787475586,0.698164165019989,0.06476893275976181,2.3819663524627686,0.5717180967330933
394,0.0001,0.11764783971011639,0.9293159834343203,0.6092356539689577,0.6082559063044379,0.7423831342908109,33.90347242355347,0.12539244367508218,0.05485111224697903,0.07625958602875471,0.1289929390186444,0.12539244367508218,0.5845435145311058,0.14513693360181956,0.3661183510835354,0.07818979701170554,0.12360958044345562,0.14513693360181956,0.5261959250156696,1.102030634880066,1.1673938035964966,1.7648123502731323,1.2485700845718384,1.230831265449524,0.9663500785827637,1.130826473236084,3.057309150695801,0.6982166767120361,0.06468112766742706,2.379943370819092,0.5716413259506226
395,0.0001,0.1191544154426083,0.9274138897573478,0.5974293814255641,0.609909781250908,0.7444891639757143,35.545249462127686,0.12408923509065062,0.05501952875056304,0.07491268118610606,0.13047739921603352,0.12408923509065062,0.584418788086623,0.14465869344197788,0.3503527352443108,0.06776819355212725,0.12378118061102354,0.14465869344197788,0.5201747857607328,1.1022250652313232,1.1670663356781006,1.7650715112686157,1.2477818727493286,1.2305126190185547,0.9665473699569702,1.1297180652618408,3.0556514263153076,0.6982021331787109,0.06478425860404968,2.3777763843536377,0.5716603398323059
396,0.0001,0.11696603044401854,0.9286521784553939,0.6029852979458296,0.6072123720469932,0.7414936683576439,33.496450424194336,0.1230389202828519,0.05439322371967137,0.07508726057130843,0.1302670338191092,0.1230389202828519,0.5866484311409295,0.14495364725589752,0.35065643374736494,0.06792086110665248,0.1233684079005168,0.14495364725589752,0.5208963100726788,1.102073073387146,1.1664040088653564,1.7652835845947266,1.2482458353042603,1.230501651763916,0.9666568040847778,1.129811406135559,3.0538570880889893,0.6982567310333252,0.06395697593688965,2.3759965896606445,0.5716248154640198
397,0.0001,0.11574693187139928,0.9294952776254867,0.5994584879049888,0.6104959289736636,0.7452617077792537,35.748990297317505,0.12340463325381279,0.05333805063855834,0.07440126512665302,0.13023032224737108,0.12340463325381279,0.5941986530087888,0.14631240482513722,0.3529888602403494,0.06939911475548377,0.12377597185281607,0.14631240482513722,0.51963457602721,1.1014324426651,1.1660077571868896,1.7656033039093018,1.2469408512115479,1.2308655977249146,0.9667020440101624,1.1285499334335327,3.05301833152771,0.6983401775360107,0.06373830884695053,2.3753838539123535,0.5716933608055115
398,0.0001,0.12035083782393485,0.9262831922159802,0.6009439207040347,0.6080950685025797,0.7422769631777953,33.486331939697266,0.12533819873351604,0.055453205975936726,0.07572207448538393,0.12880607950501144,0.12533819873351604,0.5807877448387444,0.14693563259564912,0.33820068767437567,0.06136285846049969,0.12495723550136273,0.14693563259564912,0.5130552750367384,1.0998772382736206,1.1659362316131592,1.7658436298370361,1.2447282075881958,1.2297570705413818,0.9669130444526672,1.1273994445800781,3.0523879528045654,0.6983280181884766,0.06362676620483398,2.3734958171844482,0.5715529322624207
399,0.0001,0.11991039256099612,0.9271921074478672,0.5935261671359723,0.6106024472545245,0.7448820880112847,34.17769956588745,0.1254717892734334,0.05685810963041149,0.07500678056385368,0.12946780677884817,0.1254717892734334,0.5797521946951747,0.14844471491300143,0.33152998685836793,0.058374606646024264,0.12477968186140061,0.14844471491300143,0.5143348171160771,1.099197268486023,1.165420413017273,1.7662018537521362,1.2438188791275024,1.2291420698165894,0.9669756889343262,1.125771403312683,3.049647808074951,0.6982694268226624,0.06304636597633362,2.371699333190918,0.5714212656021118
