epoch,lr,loss,iou,val_loss,val_iou,val_dice,epoch_sec,train_ctrl,train_foc,train_ma_mean,train_rho_std,train_ctrl_bce,train_cell_iou,val_ctrl,val_foc,val_ma_mean,val_rho_std,val_ctrl_bce,val_cell_iou
0,0.0001,1.299300193786621,0.4434392501952433,1.362807035446167,0.48615342630281194,0.6526345568260551,47.8367063999176,0.6930056028068066,0.6385343782603741,0.498990923166275,0.0,0.6930056028068066,0.042524642833086546,0.6931668772841945,0.6928204370267463,0.4998601593754508,0.0,0.6931668772841945,0.0
1,0.0001,1.1738287508487701,0.597434630785887,1.3650971506581162,0.3898294957145768,0.5597337990490756,9.627912044525146,0.6920056417584419,0.5674468539655209,0.49807741306722164,0.0,0.6920056417584419,0.2852231031283736,0.6931688749428951,0.7025625254168655,0.49975307421250775,0.0,0.6931688749428951,0.18131814580975156
2,0.0001,1.1059375032782555,0.637662723947402,1.331283536824313,0.5288890491943832,0.6898204305204998,10.303528785705566,0.68972497433424,0.5315982326865196,0.49628917686641216,0.0,0.68972497433424,0.4379931930452585,0.6930064288052645,0.71743233276136,0.4984186670996926,0.0,0.6930064288052645,0.525477566502311
3,0.0001,1.0344122610986233,0.684547231632755,1.3408570289611816,0.5288890491943832,0.6898204305204998,9.619356393814087,0.685737207531929,0.49125601910054684,0.4930763505399227,0.0,0.685737207531929,0.4886788632720709,0.6928630037741228,0.7587366862730547,0.4967904271501483,0.0,0.6928630037741228,0.5254575438571699
4,0.0001,0.9999199733138084,0.698878095789849,1.330158146944913,0.5275313800732893,0.688601110120165,9.562329530715942,0.6799708120524883,0.474479254335165,0.48868172988295555,0.0,0.6799708120524883,0.5263517126441002,0.6923943161964417,0.7559965939232798,0.4935592972871029,0.0,0.6923943161964417,0.5260666346911228
5,0.0001,0.965179804712534,0.7180291058385749,1.2809182008107503,0.5178430436230897,0.6801199799934644,9.724992513656616,0.6733517572283745,0.4566776920109987,0.48305049911141396,0.0,0.6733517572283745,0.5502091851085424,0.6904951695239905,0.7027383193825231,0.4873769120736556,0.0,0.6904951695239905,0.5266097522143162
6,0.0001,0.9430253952741623,0.727690356632583,1.2019454565915195,0.5255382957110281,0.6856494938954684,9.50080418586731,0.665638729929924,0.4462653361260891,0.47727644070982933,0.0,0.665638729929924,0.5642436854541302,0.6864688793818156,0.604681650797526,0.4829706838636687,0.0,0.6864688793818156,0.5302183962229526
7,0.0001,0.9172024987637997,0.742633062357443,1.087018659620574,0.6212285758085759,0.7644640436875736,9.246114015579224,0.6560566499829292,0.43462240137159824,0.47048951126635075,0.0,0.6560566499829292,0.5904360860586166,0.6815534920403452,0.5490085663217487,0.4746723102800774,0.0,0.6815534920403452,0.539959913853443
8,0.0001,0.8861163109540939,0.7640847351566045,1.1569757172555635,0.5520840140017108,0.7100932601194336,10.051450729370117,0.6463271379470825,0.4185181763023138,0.46271984092891216,0.0,0.6463271379470825,0.5922214388847351,0.6786863117507009,0.5734864021792556,0.4699726068612301,0.0,0.6786863117507009,0.5439121786392096
9,0.0001,0.9004871435463428,0.7390578496531712,1.069066715962959,0.591215570589847,0.7419028622096707,10.744327306747437,0.6363898254930973,0.43423702381551266,0.45543058030307293,0.0,0.6363898254930973,0.6084647439420223,0.6727925051342357,0.5352321754802357,0.46483983596165973,0.0,0.6727925051342357,0.5477802563797344
10,0.0001,0.850101824849844,0.7801628902764218,1.0207870151057388,0.6782947503903521,0.8067304372457839,9.704655885696411,0.6235771849751472,0.4049440287053585,0.44772094674408436,0.0,0.6235771849751472,0.6329229846596718,0.6698796279502638,0.5167866836894642,0.45612865686416626,0.0,0.6698796279502638,0.547262862776265
11,0.0001,0.8378571681678295,0.785042308360217,1.0356339396852436,0.6438286282820879,0.7801679870419891,10.424834728240967,0.6124225035309792,0.4018853195011616,0.4371333662420511,0.0,0.6124225035309792,0.6222172304987907,0.6674088673158125,0.522453329779885,0.45603701291662274,0.0,0.6674088673158125,0.5532758804884824
12,0.0001,0.8341305032372475,0.7802154962968071,1.060228098522533,0.6214046979381148,0.7636808423639726,9.4813871383667,0.6018103696405888,0.4037148356437683,0.42997919768095016,0.0,0.6018103696405888,0.6390714235603809,0.6643916368484497,0.5412325949379893,0.4423008317297155,0.0,0.6643916368484497,0.5454466984127507
13,0.0001,0.814286857843399,0.7874062267486559,0.9959132960348418,0.6828284216843169,0.8085773829890759,13.61019253730774,0.5916584357619286,0.3954879492521286,0.4201424065977335,0.0,0.5916584357619286,0.6453025974333286,0.6606572342641426,0.5132103490106987,0.4358526107036706,0.0,0.6606572342641426,0.5471827839360093
14,0.0001,0.8051014356315136,0.7850183209834722,1.001637162584247,0.6661950137734006,0.7963545769182181,10.522719860076904,0.5802451856434345,0.39376301877200603,0.4136476628482342,0.0,0.5802451856434345,0.6524048671126366,0.6491397872115626,0.5030580885482557,0.4445869904575926,0.0,0.6491397872115626,0.5920756350864064
15,0.0001,0.8120263367891312,0.7775554705225014,0.9772456306399722,0.6775229798818723,0.805481794464233,9.785842418670654,0.575226653367281,0.40346078015863895,0.40605753660202026,0.0,0.575226653367281,0.659794582054019,0.6567122936248779,0.49055385047739203,0.43017410509514087,0.0,0.6567122936248779,0.55164978630615
16,0.0001,0.7775940597057343,0.8050003206787897,1.0697385036584102,0.5988814815157035,0.7447721708651597,9.871920824050903,0.5600474327802658,0.38375633768737316,0.39541832357645035,0.0,0.5600474327802658,0.6673158295452595,0.6523081985386935,0.533587907299851,0.4168239308126045,0.0,0.6523081985386935,0.5508444453730728
17,0.0001,0.7675005719065666,0.8037146483101172,0.9525616096727776,0.6842110687314216,0.8079973998124519,9.442218780517578,0.5511415563523769,0.38047072663903236,0.386160371825099,0.0,0.5511415563523769,0.6739327311515808,0.617714757269079,0.483759703058185,0.4259812262925235,0.0,0.617714757269079,0.6202858541951035
18,0.0001,0.742707833647728,0.8281150874962595,0.9218659256443833,0.7021561021469278,0.8217244479205146,10.049599409103394,0.5411412417888641,0.3701173197478056,0.3800861891359091,0.0,0.5411412417888641,0.6771429218351841,0.6315770510471228,0.46834390994274255,0.41091020992307953,0.0,0.6315770510471228,0.5813344464157567
19,0.0001,0.742092926055193,0.816484918829932,0.9773597934029319,0.6675969077029965,0.7961639585530191,9.580363273620605,0.5316260010004044,0.3745250925421715,0.37194034084677696,0.0,0.5316260010004044,0.6870617605745792,0.6336936463009227,0.49943779634706903,0.42017008589975763,0.0,0.6336936463009227,0.5906453620303761
20,0.0001,0.7393634133040905,0.8140060876892035,1.0436467546405215,0.6572878860540017,0.7884840856112092,9.906511545181274,0.527674600481987,0.3745203707367182,0.3675878681242466,0.0,0.527674600481987,0.6848042458295822,0.6490555748795018,0.5355275526191249,0.39065382155505096,0.0,0.6490555748795018,0.5456098209727894
21,0.0001,0.7276213839650154,0.8237966100284346,0.973587332349835,0.6721794896633919,0.8020183552602911,11.619725465774536,0.513431966304779,0.3702424429357052,0.3584602512419224,0.0,0.513431966304779,0.6918898113071918,0.634876838236144,0.4922678398363518,0.3944667975107829,0.0,0.634876838236144,0.5707176165147261
22,0.0001,0.7352763749659061,0.8143689889699973,1.0480383959683506,0.6170826391384057,0.7600485875979883,11.268563985824585,0.5056259837001562,0.3814730793237686,0.3520307596772909,0.0,0.5056259837001562,0.699181716889143,0.6499429236758839,0.5373133294510118,0.3657998596176957,0.0,0.6499429236758839,0.5420941511789957
23,0.0001,0.7048159465193748,0.833133365262521,0.9554526914249767,0.6646324804793441,0.797766523064592,11.200042724609375,0.4986495468765497,0.36322614178061485,0.3437731098383665,0.0,0.4986495468765497,0.6933807693421841,0.6163315773010254,0.4876210834040786,0.40624459674864105,0.0,0.6163315773010254,0.6139120847889872
24,0.0001,0.7137572728097439,0.8190670743426887,0.8760380528189919,0.7301018105103368,0.842987122331337,11.737502098083496,0.49348232708871365,0.3730413634330034,0.33993265219032764,0.0,0.49348232708871365,0.7033545970916748,0.60816818114483,0.45349376129381586,0.3828143603873975,0.0,0.60816818114483,0.6041033096385725
25,0.0001,0.6985326930880547,0.8302969657519639,0.8709800387873794,0.7211994101414543,0.8356374058464359,11.556526899337769,0.4829313363879919,0.3671337254345417,0.33121237345039845,0.0,0.4829313363879919,0.7086835317313671,0.5875734993905732,0.46009371316794195,0.3822312463413585,0.0,0.5875734993905732,0.633043337952007
26,0.0001,0.6867495737969875,0.836904749131883,0.8771896434552742,0.7105491578158121,0.8294595755224952,11.457833528518677,0.47350937873125076,0.3648277148604393,0.3256478700786829,0.0,0.47350937873125076,0.7144553735852242,0.6037290258841082,0.45129803997097595,0.37869802388277923,0.0,0.6037290258841082,0.608852328676166
27,0.0001,0.6820653937757015,0.8345225275224275,0.9019554167082815,0.7091140052327863,0.8279331292421117,11.494154930114746,0.4674402382224798,0.36352195031940937,0.3192189298570156,0.0,0.4674402382224798,0.7166186086833477,0.6255977280212172,0.46366726990902063,0.3599765960014228,0.0,0.6255977280212172,0.5739919344584147
28,0.0001,0.6609003134071827,0.8498460493987579,0.9123673583521987,0.6961997229583152,0.8187523049357469,10.666372537612915,0.45702386274933815,0.351497158408165,0.3103384356945753,0.0,0.45702386274933815,0.7311864160001278,0.5843474449533405,0.46976742238709424,0.36441118789441657,0.0,0.5843474449533405,0.623829368389014
29,0.0001,0.6458828561007977,0.8563064320351731,0.8665691758647109,0.715817062212889,0.8316243473664291,10.558570861816406,0.44862091168761253,0.34739562310278416,0.3069422021508217,0.0,0.44862091168761253,0.7379055321216583,0.599804466420954,0.4522855191519766,0.3387632794452436,0.0,0.599804466420954,0.5908162214539268
30,0.0001,0.660826038569212,0.8400465073129056,1.0725867025779956,0.5974064998021679,0.7439814561427821,12.753766298294067,0.4493819810450077,0.3573793824762106,0.3022366985678673,0.0,0.4493819810450077,0.7294608242809772,0.639905288363948,0.5691044583465114,0.3176949927301118,0.0,0.639905288363948,0.5563006608775167
31,0.0001,0.6670541577041149,0.8302953868784184,1.0074944387782703,0.6548489006011888,0.7880249946655223,10.994736909866333,0.4466175567358732,0.3644287809729576,0.297270979732275,0.0,0.4466175567358732,0.7228716351091862,0.6322885860096324,0.5704653082471906,0.32337068608312897,0.0,0.6322885860096324,0.5555189947287241
32,0.0001,0.6649530604481697,0.833702839288034,0.9744560718536377,0.6512301847180517,0.7849283993313984,10.45425534248352,0.43642965145409107,0.3665394354611635,0.2915838845074177,0.0,0.43642965145409107,0.7370886988937855,0.6295644622860532,0.5277865583246405,0.31402250311591406,0.0,0.6295644622860532,0.5632336789911444
33,0.0001,0.6455149427056313,0.8441678106131107,0.9250222625154437,0.6886449037804415,0.8123966204526751,11.412219285964966,0.4375900626182556,0.35486900806427,0.28802070766687393,0.0,0.4375900626182556,0.732960369437933,0.5655087250651736,0.5235570994290438,0.3337519493970004,0.0,0.5655087250651736,0.6262659755620089
34,0.0001,0.6437732540071011,0.84214871718967,0.8803408760013003,0.7095988816666711,0.8264953524586904,10.685383081436157,0.4320794101804495,0.35925057902932167,0.2810254115611315,0.0,0.4320794101804495,0.7297407388687134,0.5722840265794233,0.4778299458099134,0.3612286592974807,0.0,0.5722840265794233,0.6287751911264478
35,0.0001,0.6268138140439987,0.8512856621510537,0.9371436942707408,0.6758852358340712,0.8019286292263165,10.026959419250488,0.41978063620626926,0.3513458911329508,0.27757932245731354,0.0,0.41978063620626926,0.7449121698737144,0.5873577016772646,0.5024123372453632,0.3449972082268108,0.0,0.5873577016772646,0.607122079892592
36,0.0001,0.6081873998045921,0.8631441476623034,0.9022714080232562,0.6973733134866558,0.8184645364821469,11.216304540634155,0.4089862275868654,0.339982096105814,0.2725462131202221,0.0,0.4089862275868654,0.753498662263155,0.6298079743529811,0.4710521896680196,0.30767840508258704,0.0,0.6298079743529811,0.5676139990488688
37,0.0001,0.6228653155267239,0.8503860742282299,0.8759708838029341,0.7125433960696174,0.830696780130617,11.06653618812561,0.42001271434128284,0.3492699880152941,0.26829094253480434,0.0,0.42001271434128284,0.7340937182307243,0.6211474700407549,0.4574537385593761,0.30395569765206537,0.0,0.6211474700407549,0.5804841735146262
38,0.0001,0.6218038201332092,0.8478431103700415,0.8874330267761693,0.7127043194700078,0.8296566729668677,10.227813482284546,0.4140738118439913,0.35276441276073456,0.26965758949518204,0.0,0.4140738118439913,0.7433650195598602,0.6003205703966545,0.5264697436130408,0.2798789983445948,0.0,0.6003205703966545,0.5893664314891353
39,0.0001,0.6129981726408005,0.8527707752583845,0.856635368231571,0.7152482427587273,0.8307724991444908,9.992714166641235,0.40538173727691174,0.35256694816052914,0.25804101023823023,0.0,0.40538173727691174,0.7445359751582146,0.5520481087944724,0.4711590427340883,0.33799027403195697,0.0,0.5520481087944724,0.6434569413011725
40,0.0001,0.6027403697371483,0.8564399246920513,0.8876499479467218,0.699806068844496,0.8202390771424821,10.804203987121582,0.39798127859830856,0.346854493021965,0.2572528840973973,0.0,0.39798127859830856,0.7549009583890438,0.585135615233219,0.4689170483386878,0.3057734586975791,0.0,0.585135615233219,0.6033937931060791
41,0.0001,0.5890705920755863,0.8640288267744116,0.904524073456273,0.706838641967357,0.8237992495926382,10.756507396697998,0.38996269553899765,0.341223968192935,0.25122867431491613,0.0,0.38996269553899765,0.7596992962062359,0.6210817568229906,0.4981387095017867,0.2595827787211447,0.0,0.6210817568229906,0.5839036549582626
42,0.0001,0.6100922264158726,0.8493069535831526,0.9797439575195312,0.6698365688726446,0.7994416789678527,11.863238096237183,0.4002445302903652,0.3565813675522804,0.253393467515707,0.0,0.4002445302903652,0.748310249298811,0.6591898202896118,0.5730459437225804,0.24214013327251782,0.0,0.6591898202896118,0.5669049114891977
43,0.0001,0.603897288441658,0.8473398545343703,0.9222089738556833,0.6856527275571228,0.8102565717661856,10.58497667312622,0.3853710573166609,0.35675608552992344,0.24670144077390432,0.0,0.3853710573166609,0.7636170275509357,0.5491679726224957,0.5512847448840286,0.2852731292898005,0.0,0.5491679726224957,0.6251198080453005
44,0.0001,0.5990794599056244,0.8518884196369199,0.8191053361603708,0.7468279298985837,0.8525284197393643,11.036858558654785,0.3826780840754509,0.35594975017011166,0.24166592303663492,0.0,0.3826780840754509,0.7595907226204872,0.5560737776033806,0.45765057838324347,0.29030187744082825,0.0,0.5560737776033806,0.6278412170482405
45,0.0001,0.596475787460804,0.8537268634415478,0.7698589888485995,0.7662902405086419,0.8647748309552622,13.460824728012085,0.3887375332415104,0.35266161151230335,0.24194940086454153,0.0,0.3887375332415104,0.7556924223899841,0.5369743740919865,0.4314796400792671,0.28165598620067944,0.0,0.5369743740919865,0.6365017023953524
46,0.0001,0.5705470815300941,0.8692140939133716,0.8566160093654286,0.7239776075994749,0.8363346167424792,13.158939361572266,0.37554848566651344,0.3384188152849674,0.23745173029601574,0.0,0.37554848566651344,0.7672298885881901,0.5887830618656043,0.4860287435127027,0.25380850741357514,0.0,0.5887830618656043,0.6029846794677504
47,0.0001,0.5892562828958035,0.8538438996207474,0.8310693610798229,0.7343752735908565,0.8439665581520729,13.234923124313354,0.38119926676154137,0.352441918104887,0.23430801928043365,0.0,0.38119926676154137,0.7567174881696701,0.5636880993843079,0.46252903974417486,0.2749545754808368,0.0,0.5636880993843079,0.6226126244573882
48,0.0001,0.5922361835837364,0.8526638724261518,0.8430202874270353,0.7266814087063468,0.8391183511171647,12.613861560821533,0.3805234245955944,0.3571409285068512,0.23369625117629766,0.0,0.3805234245955944,0.7562965489923954,0.589412378542351,0.47676402511018695,0.25568814395052014,0.0,0.589412378542351,0.6024060231266599
49,0.0001,0.5833426676690578,0.8531889238164854,0.9127877155939738,0.6975664335104701,0.8180852521212317,12.357295513153076,0.3716428969055414,0.352717325091362,0.22926729917526245,0.0,0.3716428969055414,0.7619845867156982,0.6491328333363389,0.519149413614562,0.24412259369185477,0.0,0.6491328333363389,0.56628274195122
50,0.0001,0.5595626011490822,0.8697184130243731,0.8163590106097135,0.7330254214815454,0.8438537233803831,11.610544204711914,0.36369941383600235,0.3408494535833597,0.22607323992997408,0.0,0.36369941383600235,0.7745694629848003,0.5302746332052982,0.4599668257164233,0.27475426323486096,0.0,0.5302746332052982,0.6410744524363315
51,0.0001,0.5444589946419001,0.878996853725909,0.9775575038158533,0.689035569847297,0.8136987073560454,10.388351202011108,0.35677184350788593,0.3320626299828291,0.22118416521698236,0.0,0.35677184350788593,0.7816503643989563,0.6796660549712904,0.5803145441141996,0.22257880369822183,0.0,0.6796660549712904,0.5612854018355861
52,0.0001,0.5429948475211859,0.8764408130362382,0.8767167980020697,0.7056273335654868,0.8230394967908294,10.765165567398071,0.3548121005296707,0.3330421522259712,0.21733783185482025,0.0,0.3548121005296707,0.7729125022888184,0.544749834320762,0.5122192646517898,0.2631772648204457,0.0,0.544749834320762,0.6290522588021827
53,0.0001,0.543862147256732,0.8742943938482828,0.8678237452651515,0.7168349332563472,0.8325737568727198,10.472480535507202,0.360311446711421,0.3342984300106764,0.21848087385296822,0.0,0.360311446711421,0.7686889618635178,0.6271755117358584,0.4738026496135827,0.2431637721531319,0.0,0.6271755117358584,0.5814797282218933
54,0.0001,0.5471786353737116,0.8713206794338282,0.8117049679611669,0.7423361383312523,0.8496969769090256,9.77168869972229,0.3562578484416008,0.3370895925909281,0.2154911020770669,0.0,0.3562578484416008,0.7750891223549843,0.5630872357975353,0.4816146492958069,0.24568362308271002,0.0,0.5630872357975353,0.6239264146848158
55,0.0001,0.5268461033701897,0.8834306707249224,0.7795473012057218,0.7558939746840937,0.8584391152879933,12.942508220672607,0.3488213215023279,0.33051921240985394,0.21088865399360657,0.0,0.3488213215023279,0.7814840562641621,0.4988327676599676,0.48570022077271435,0.2466453801501881,0.0,0.4988327676599676,0.661962221066157
56,0.0001,0.5440680216997862,0.8716762258091699,0.867837956457427,0.7003037801929366,0.8185254791856613,13.705698728561401,0.353274317458272,0.3409676104784012,0.2098061442375183,0.0,0.353274317458272,0.7749078683555126,0.5073300744547988,0.5086450468410145,0.2688199949987007,0.0,0.5073300744547988,0.6640455614436757
57,0.0001,0.5473578982055187,0.8707825111766412,0.7949731349945068,0.7488676758624138,0.8547345239919389,12.304397344589233,0.3524030465632677,0.3431324027478695,0.2090990599244833,0.0,0.3524030465632677,0.7788405530154705,0.5544535409320485,0.4617449334173491,0.23143896641153278,0.0,0.5544535409320485,0.6251274672421542
58,0.0001,0.5277451649308205,0.877636784098866,0.7572549762147845,0.7597903547464664,0.860458429421927,10.772403478622437,0.34430222772061825,0.33688453771173954,0.20511138811707497,0.0,0.34430222772061825,0.7817467898130417,0.47283543601180567,0.46561073353796295,0.2602959121718551,0.0,0.47283543601180567,0.6877750718232357
59,0.0001,0.5244996827095747,0.8787507691174333,0.7405833620013613,0.7724518267721491,0.8693616575207848,10.956863641738892,0.3452956788241863,0.33050731383264065,0.20538341160863638,0.0,0.3452956788241863,0.7786463387310505,0.5480662060506416,0.43398808710502856,0.23330062627792358,0.0,0.5480662060506416,0.6266868150595463
60,0.0001,0.5234946236014366,0.8778181986519837,0.6912092151063861,0.7961058993659698,0.8851002268271589,11.480868339538574,0.34034365601837635,0.3326108418405056,0.20299428049474955,0.0,0.34034365601837635,0.783315870910883,0.46288148562113446,0.422795750878074,0.23826014363404477,0.0,0.46288148562113446,0.6923598638086608
61,0.0001,0.5252890549600124,0.8771136919478862,0.7370434168613318,0.774247707622751,0.8710384491116872,10.873311042785645,0.34660101123154163,0.3324178997427225,0.20223383605480194,0.0,0.34660101123154163,0.7777680978178978,0.47658526716810284,0.4566590804042238,0.23982130307139773,0.0,0.47658526716810284,0.6830743045517893
62,0.0001,0.4994055535644293,0.8905682933501118,0.7195316444743763,0.7764975838736021,0.8719537509420107,10.513298749923706,0.33305625431239605,0.31957386061549187,0.19928393699228764,0.0,0.33305625431239605,0.7902682423591614,0.49331198858492303,0.42809661590691767,0.23188493287924564,0.0,0.49331198858492303,0.6634991593433149
63,0.0001,0.5051795542240143,0.8868038957889572,0.7111231811118849,0.7812038671405739,0.8741756353704584,11.142454862594604,0.3316486943513155,0.3250032737851143,0.19432738423347473,0.0,0.3316486943513155,0.7909311316907406,0.47510848262093286,0.42188823584354285,0.25645995952866296,0.0,0.47510848262093286,0.6847549776236216
64,0.0001,0.48996983654797077,0.8921038909033965,0.7915170301090587,0.7411092863752594,0.8484242665719568,11.400661945343018,0.3246297612786293,0.31821682676672935,0.1917578186839819,0.0,0.3246297612786293,0.7945218905806541,0.49440219727429474,0.4718409234827215,0.23124625104846377,0.0,0.49440219727429474,0.6619898107918826
65,0.0001,0.5008004978299141,0.8855820396000563,0.7584806138818915,0.7670337124856368,0.8655701643343374,9.907351732254028,0.33232563361525536,0.3237267192453146,0.19531522411853075,0.0,0.33232563361525536,0.7880302779376507,0.5429353966857448,0.4720049590775461,0.19894268295981668,0.0,0.5429353966857448,0.6381951010588444
66,0.0001,0.5035551190376282,0.881473618818334,0.7801778894482236,0.7435426346890388,0.8498206542303354,11.133376121520996,0.3260383978486061,0.3303132001310587,0.188310194760561,0.0,0.3260383978486061,0.791298408061266,0.46987118504264136,0.49526940873174957,0.22204026083151499,0.0,0.46987118504264136,0.6890980167822405
67,0.0001,0.4981814045459032,0.8841704390890202,0.7027662089376738,0.7841068652841766,0.8775095903756315,10.516289949417114,0.3257537614554167,0.32561229914426804,0.18732068315148354,0.0,0.3257537614554167,0.7889744490385056,0.48676300771308667,0.42246084141008783,0.22061549533497204,0.0,0.48676300771308667,0.6725051854595994
68,0.0001,0.4912944994866848,0.8864556801407324,0.7463106531085391,0.767692639463038,0.8656392419660036,10.160515785217285,0.3263357747346163,0.3240129332989454,0.18795032426714897,0.0,0.3263357747346163,0.7881646603345871,0.5265400229078351,0.45787548476999457,0.22207645123655145,0.0,0.5265400229078351,0.649821296785817
69,0.0001,0.49582904390990734,0.8839413949377928,0.8285617972865249,0.7375483010723771,0.8450359963171596,10.282254219055176,0.32696820981800556,0.32922289334237576,0.1876843012869358,0.0,0.32696820981800556,0.7902398034930229,0.6297275478189642,0.47911569927677966,0.19575544740214493,0.0,0.6297275478189642,0.6007873126954744
70,0.0001,0.4862993862479925,0.8899454702844288,0.7133233438838612,0.7903775786229353,0.8817136511696771,11.160429954528809,0.32246637158095837,0.32389896735548973,0.1822324711829424,0.0,0.32246637158095837,0.7938370071351528,0.5093454592155687,0.42182389714501123,0.2281636004195069,0.0,0.5093454592155687,0.6547826122153889
71,0.0001,0.48590770922601223,0.8887951048369993,0.710474310499249,0.7859604520769125,0.8779525460719659,10.805974960327148,0.322837607935071,0.3239579629153013,0.18435505591332912,0.0,0.322837607935071,0.7931773215532303,0.5243561340100837,0.42843260728951654,0.21080485031460272,0.0,0.5243561340100837,0.6474971590620099
72,0.0001,0.48413391038775444,0.8864116056275549,0.6959617065660881,0.7893299210024831,0.8797056060977076,10.542153120040894,0.32041971758008003,0.32435210049152374,0.18338626995682716,0.0,0.32041971758008003,0.7962589934468269,0.46673749432419287,0.4474648255290407,0.20869416359699133,0.0,0.46673749432419287,0.6859314396525874
73,0.0001,0.4833570756018162,0.8894155096268577,0.760028474258654,0.7674472281627285,0.8658659054185813,10.39552354812622,0.32297031953930855,0.3252139799296856,0.17875315621495247,0.0,0.32297031953930855,0.78926195576787,0.5842888788743452,0.44796797001000604,0.18901924472866635,0.0,0.5842888788743452,0.6137237648169199
74,0.0001,0.4750216957181692,0.8905854599185449,0.7292218930793531,0.7785676050750101,0.8740678458378871,11.068039178848267,0.31298774667084217,0.32101851142942905,0.1763284420594573,0.0,0.31298774667084217,0.800347026437521,0.4995258143453887,0.4717483267639623,0.2079002337925362,0.0,0.4995258143453887,0.662694437937303
75,0.0001,0.4692778345197439,0.8953876588305268,0.6975030068195227,0.7757511012320387,0.8720630494672075,10.24633240699768,0.31642640568315983,0.3161290157586336,0.17596876993775368,0.0,0.31642640568315983,0.7967052087187767,0.41597567905079236,0.43976978460947674,0.21869882580005762,0.0,0.41597567905079236,0.7308672269185384
76,0.0001,0.47624300979077816,0.8919312309979361,0.7142251188104803,0.7809517122527636,0.8750172290086432,10.395704746246338,0.3252396136522293,0.32075030729174614,0.179836118593812,0.0,0.3252396136522293,0.7908788658678532,0.5207523071404659,0.4545332699111014,0.18880101315902942,0.0,0.5207523071404659,0.649658436124975
77,0.0001,0.4784622546285391,0.8870451160451258,0.7325611620238333,0.7674238396683528,0.8667115474668343,9.858299255371094,0.31810735911130905,0.324520792812109,0.1776683982461691,0.0,0.31810735911130905,0.7938807234168053,0.4492270657510469,0.4565886277140993,0.21183949528318463,0.0,0.4492270657510469,0.6973835311152718
78,0.0001,0.4682046063244343,0.8924976086736602,0.6728317773703373,0.7945193222763882,0.8837900147178065,10.809292078018188,0.3205611649900675,0.31497377902269363,0.17554591689258814,0.0,0.3205611649900675,0.7948944233357906,0.43784865827271435,0.43070936383623065,0.2055684725443522,0.0,0.43784865827271435,0.7084852122899258
79,0.0001,0.4460844248533249,0.9041928347448334,0.7627924283345541,0.7590290632991851,0.8606369283399181,10.531869888305664,0.30660480819642544,0.3040655981749296,0.17061113100498915,0.0,0.30660480819642544,0.8024989515542984,0.5219500877640464,0.4645430391485041,0.20252018083225598,0.0,0.5219500877640464,0.6451669633388519
80,0.0001,0.45556220784783363,0.8985665316540163,0.6754856470859412,0.7923756117526805,0.8820321973918976,11.452515125274658,0.31366180535405874,0.3116928059607744,0.17159066163003445,0.0,0.31366180535405874,0.7959375306963921,0.42400918043021,0.44053598606225214,0.21921065901265,0.0,0.42400918043021,0.7208139625462618
81,0.0001,0.45974916964769363,0.8941322483711256,0.7399502595265707,0.7696344889088175,0.867879511677273,10.895194292068481,0.3091745814308524,0.31549072079360485,0.1721454607322812,0.0,0.3091745814308524,0.8004784248769283,0.5471476533196189,0.4535663760069645,0.19752105754433255,0.0,0.5471476533196189,0.6364503611217845
82,0.0001,0.4566561635583639,0.8958915550803979,0.7770230047630541,0.7581330542111777,0.8608352835342702,10.541333675384521,0.3047258034348488,0.31828827410936356,0.16927015967667103,0.0,0.3047258034348488,0.8029589466750622,0.507780746980147,0.49930905573295825,0.19874964699600683,0.0,0.507780746980147,0.6592845266515558
83,0.0001,0.47242046147584915,0.8851454642889972,0.6657209540858413,0.7939490822662162,0.8831382883716652,9.889186143875122,0.31217058189213276,0.32503276132047176,0.16817220207303762,0.0,0.31217058189213276,0.8002423569560051,0.41988258289568353,0.44571864785570087,0.1983866845116471,0.0,0.41988258289568353,0.7216687310825695
84,0.0001,0.46085680834949017,0.8907718904983509,0.6489192572506991,0.8063304603955368,0.8902591021072755,10.578973531723022,0.3090952318161726,0.3175200540572405,0.16950352676212788,0.0,0.3090952318161726,0.8010608404874802,0.40304968573830346,0.45604871981071704,0.16232226834152685,0.0,0.40304968573830346,0.7417687204751101
85,0.0001,0.49621712416410446,0.8735963409038786,0.8398795127868652,0.728664068532821,0.8385502104605058,10.963950634002686,0.32957406528294086,0.34125389344990253,0.16664809733629227,0.0,0.32957406528294086,0.7799923233687878,0.6530856652693315,0.4992772376898563,0.15372351173198584,0.0,0.6530856652693315,0.6159031824632124
86,0.0001,0.49817467108368874,0.8701510268828357,0.7497040286208644,0.7590747682034817,0.8613200319333879,10.281578063964844,0.33496261574327946,0.3370829001069069,0.17820857279002666,0.0,0.33496261574327946,0.7745787352323532,0.4340993491086093,0.5264888857350205,0.16834225708788092,0.0,0.4340993491086093,0.7215549747149149
87,0.0001,0.4734260831028223,0.8833423269005195,0.765014218561577,0.7584891109226249,0.8601973724184793,9.442097187042236,0.31428040470927954,0.3293263614177704,0.168056377209723,0.0,0.31428040470927954,0.7993879616260529,0.45636403199398157,0.5143889315200575,0.1915151612325148,0.0,0.45636403199398157,0.697963333491123
88,0.0001,0.43458651937544346,0.903192982124213,0.7011177828817656,0.7891186523803725,0.8798776149403335,10.282796382904053,0.3000514190644026,0.3052386920899153,0.16385237127542496,0.0,0.3000514190644026,0.8056326359510422,0.4815363504669883,0.44544106180017645,0.19892987789529742,0.0,0.4815363504669883,0.6764030140457731
89,0.0001,0.44141088984906673,0.8995790956243062,0.7284485282319965,0.7656120976010976,0.8650505626293977,9.822938680648804,0.30426074005663395,0.30634021386504173,0.1634301571175456,0.0,0.30426074005663395,0.8026938810944557,0.4433591871550589,0.4798147262948932,0.1937445645982569,0.0,0.4433591871550589,0.7058875723318621
90,0.0001,0.4342533051967621,0.903634090844843,0.6924348708355066,0.7872119492343859,0.8784047768382752,10.566216468811035,0.3028155844658613,0.30245086923241615,0.16318016219884157,0.0,0.3028155844658613,0.8033089898526669,0.45838872049794055,0.4543392929163846,0.1970261073473728,0.0,0.45838872049794055,0.6915655325759541
91,0.0001,0.4236250016838312,0.9066002763872063,0.7018747835448294,0.7896306466781676,0.8794559577122688,10.131093740463257,0.29956417344510555,0.2966869305819273,0.16146283876150846,0.0,0.29956417344510555,0.8108457066118717,0.5010156161857374,0.4498449925220374,0.17306498957402777,0.0,0.5010156161857374,0.6686947490229751
92,0.0001,0.4201922807842493,0.9101074788525696,0.6774399425044204,0.7895812687896795,0.8799607774943445,10.270814895629883,0.2979317456483841,0.29934028163552284,0.15838083531707525,0.0,0.2979317456483841,0.806911401450634,0.4385663722500657,0.44784164067470666,0.18918662360220245,0.0,0.4385663722500657,0.7107941634727247
93,0.0001,0.43134442530572414,0.9033939608051001,0.691029555869825,0.7867073605549869,0.8779380504384643,10.707250833511353,0.30165599659085274,0.30537571758031845,0.1596106430515647,0.0,0.30165599659085274,0.7993744239211082,0.434009875311996,0.4707224495483167,0.17682697691700675,0.0,0.434009875311996,0.7098720353661161
94,0.0001,0.4259734507650137,0.9030508538205799,0.7005633260264541,0.7792593149945232,0.8733875550009831,10.064654350280762,0.29555468540638685,0.3015459254384041,0.15708932746201754,0.0,0.29555468540638685,0.8078251034021378,0.4362654974966338,0.4752296010653178,0.1807509705875859,0.0,0.4362654974966338,0.7119706860094359
95,0.0001,0.4294873122125864,0.9016140259151942,0.7000280221303304,0.782309629779517,0.8758976701066468,9.804797649383545,0.2932892572134733,0.31046971678733826,0.15600276086479425,0.0,0.2932892572134733,0.8095347583293915,0.42236276828881464,0.4823145198099541,0.186420404549801,0.0,0.42236276828881464,0.718795199285854
96,0.0001,0.41146327927708626,0.9102206948511947,0.727971178112608,0.7730854495391214,0.8702874389743612,9.612500190734863,0.2916042394936085,0.29289062693715096,0.15633080806583166,0.0,0.2916042394936085,0.8136641830205917,0.4724774830269091,0.4825922630049966,0.1783640831708908,0.0,0.4724774830269091,0.6914090712865194
97,0.0001,0.4302419610321522,0.8999579836579622,0.6781371976390029,0.8018297441159935,0.8878191562560922,9.875014305114746,0.2981320805847645,0.30937888845801353,0.1568090347573161,0.0,0.2981320805847645,0.8080140240490437,0.5490004799582742,0.4090513930176244,0.16589660174918897,0.0,0.5490004799582742,0.6477582797859655
98,0.0001,0.42361119017004967,0.9018584598776334,0.6090806397524747,0.8204939783907703,0.8996113251180423,10.598665952682495,0.28776475321501493,0.3040180914103985,0.15466484241187572,0.0,0.28776475321501493,0.8203017227351665,0.38788462046420935,0.4209897680716081,0.1954857792818185,0.0,0.38788462046420935,0.7468715860988154
99,0.0001,0.43516481667757034,0.9000656379722106,0.7505436377091841,0.7642290956597575,0.8631438115356592,10.548077821731567,0.3050047568976879,0.3101906105875969,0.15588881447911263,0.0,0.3050047568976879,0.8007033504545689,0.5535973563338771,0.4720033226591168,0.18020084139072534,0.0,0.5535973563338771,0.6386394329143293
100,0.0001,0.44754497706890106,0.8883181525516862,0.5923238053466334,0.824182430150302,0.9020043022002479,10.333061695098877,0.3015532959252596,0.31985450349748135,0.15543910302221775,0.0,0.3015532959252596,0.8015570975840092,0.3503316947908113,0.4228413791367502,0.16595259308815002,0.0,0.3503316947908113,0.7781926935369318
101,0.0001,0.41923016496002674,0.9044598102031458,0.6571458252993497,0.8014311998542543,0.8884513033096064,10.468332767486572,0.29544668830931187,0.2985353972762823,0.15671882033348083,0.0,0.29544668830931187,0.8090865351259708,0.46370608336997754,0.4326667514714328,0.19336215790474054,0.0,0.46370608336997754,0.687925094907934
102,0.0001,0.4010610170662403,0.9124542115757119,0.6289262699358391,0.8126743982751073,0.8949828486606838,10.351031064987183,0.2855963371694088,0.29074507020413876,0.14984300173819065,0.0,0.2855963371694088,0.8163469657301903,0.4291566935452548,0.42253022663521045,0.17832635884935205,0.0,0.4291566935452548,0.7136063747333757
103,0.0001,0.42079257778823376,0.9024737394305269,0.6571242592551492,0.7987357551564052,0.8861976251304717,9.974334001541138,0.289438315667212,0.30843256413936615,0.14958383981138468,0.0,0.289438315667212,0.8154670149087906,0.45855332323999115,0.43802441611434473,0.18314686914285025,0.0,0.45855332323999115,0.694699412945545
104,0.0001,0.410840542986989,0.9050772603399574,0.7313556454398416,0.7664052621568759,0.8654007279447767,10.98562741279602,0.2873979043215513,0.2970837391912937,0.15260807145386934,0.0,0.2873979043215513,0.8144407868385315,0.481536713513461,0.48393402135733404,0.180528668291641,0.0,0.481536713513461,0.6770758375977025
105,0.0001,0.42456030659377575,0.8994807437054648,0.668033910520149,0.7864921125084177,0.8778415178351929,9.858863592147827,0.29330575093626976,0.31084247678518295,0.1516513042151928,0.0,0.29330575093626976,0.8048112206161022,0.4144205469073671,0.4566196311603893,0.16430616830334518,0.0,0.4144205469073671,0.7322513244368813
106,0.0001,0.41125033237040043,0.9040347587198759,0.6189574906320283,0.8141198198977883,0.8953890393968924,10.437437057495117,0.29429187811911106,0.2946076598018408,0.15237344428896904,0.0,0.29429187811911106,0.8081367388367653,0.3948885906826366,0.4255605647058198,0.18072672775297455,0.0,0.3948885906826366,0.73828632181341
107,0.0001,0.414645092561841,0.9033909990901442,0.6429356372717655,0.7946143268073161,0.8836977234449033,10.719055414199829,0.28978696558624506,0.3012362401932478,0.14762145094573498,0.0,0.28978696558624506,0.8128025010228157,0.42667598435373016,0.42425230416384613,0.17989657458030817,0.0,0.42667598435373016,0.7161375735745286
108,0.0001,0.4125156495720148,0.903973808669945,0.6159892551826708,0.8147959155246095,0.8963466517494981,9.75484037399292,0.2899997439235449,0.3002391355112195,0.1520553631708026,0.0,0.2899997439235449,0.8144016936421394,0.39553981838804303,0.43549545605977374,0.1772201183167371,0.0,0.39553981838804303,0.7440031640457384
109,0.0001,0.3994154278188944,0.9098377040702824,0.6975125002138542,0.7790151259107942,0.873278150722539,9.618290662765503,0.2843246031552553,0.2949063330888748,0.14660357497632504,0.0,0.2843246031552553,0.8179967999458313,0.5158009926478068,0.44493410804054956,0.1724324416030537,0.0,0.5158009926478068,0.6618537649963842
110,0.0001,0.4162073489278555,0.9024561675419183,0.8661252404704238,0.7311413032450619,0.8421131872027443,10.70535135269165,0.28780215699225664,0.29854690469801426,0.14524683728814125,0.0,0.28780215699225664,0.8124368451535702,0.6313525185440526,0.5698469479878744,0.15915012901479547,0.0,0.6313525185440526,0.6135965477336537
111,0.0001,0.3965819478034973,0.9108207107144966,0.6509228222297899,0.8011023913006237,0.8876885971525876,9.979207277297974,0.2811141172423959,0.2936537731438875,0.14435538463294506,0.0,0.2811141172423959,0.8199943006038666,0.4762323227795688,0.4275639129407478,0.17177681895819577,0.0,0.4762323227795688,0.6897576261650432
112,0.0001,0.38551628217101097,0.914985934532349,0.6568283817984841,0.7978923178742132,0.8852831009520149,9.945863962173462,0.2771365065127611,0.28738056495785713,0.14490867219865322,0.0,0.2771365065127611,0.8232740089297295,0.47849872618010547,0.4201532204945882,0.16484743717944983,0.0,0.47849872618010547,0.6863814402710308
113,0.0001,0.38213948532938957,0.9147269212944598,0.6969294259042451,0.7886824072169202,0.8793957585578225,10.004567861557007,0.2743918979540467,0.2821816289797425,0.14312371984124184,0.0,0.2743918979540467,0.8248846121132374,0.543382875847094,0.44425939429890027,0.16022602671926672,0.0,0.543382875847094,0.6528012878967054
114,0.0001,0.39192243851721287,0.9131583198659412,0.6518887751030199,0.7981794361231775,0.8853989124083631,9.679625034332275,0.28400329127907753,0.2900861753150821,0.1439807489514351,0.0,0.28400329127907753,0.8199329860508442,0.39260474660179834,0.45563002066178754,0.17158316482197156,0.0,0.39260474660179834,0.7424464153520989
115,0.0001,0.37792775221168995,0.9177186909180364,0.6427344806266554,0.8050311087063806,0.8893135616359951,9.835914850234985,0.27512633614242077,0.281263941898942,0.14238727651536465,0.0,0.27512633614242077,0.8219865374267101,0.4041502403490471,0.453893345413786,0.17357654734091324,0.0,0.4041502403490471,0.732455773787065
116,0.0001,0.3917568139731884,0.9108788420700265,0.5724841753641764,0.8316816587092387,0.9063491720484697,10.276914358139038,0.2854865686967969,0.29145034682005644,0.14589024242013693,0.0,0.2854865686967969,0.8154757767915726,0.3523327310880025,0.417520952947212,0.16101567176255313,0.0,0.3523327310880025,0.7767541119546602
117,0.0001,0.3777356185019016,0.9178256926486473,0.6306418433333888,0.8038023139871626,0.8891357593368548,10.181902647018433,0.273608909919858,0.2815556665882468,0.14112331997603178,0.0,0.273608909919858,0.8247184716165066,0.36683860330870655,0.452270021944335,0.165181630488598,0.0,0.36683860330870655,0.7644644144809607
118,0.0001,0.4099636059254408,0.9036036879882938,0.6399135625723636,0.8062133107072251,0.8905019902272567,10.092858791351318,0.2936925748363137,0.3038004096597433,0.14370412938296795,0.0,0.2936925748363137,0.8087226040661335,0.36901060378912726,0.4628888928528988,0.16838614507154984,0.0,0.36901060378912726,0.764668269590898
119,0.0001,0.38478872179985046,0.9129148166510528,0.6417952956575336,0.8025701914676315,0.8883901926840516,10.589412450790405,0.2745427284389734,0.29259852319955826,0.14210514537990093,0.0,0.2745427284389734,0.8224974609911442,0.3804974953333537,0.4551892099958478,0.18189686040083566,0.0,0.3804974953333537,0.7527804681749055
120,0.0001,0.37887842766940594,0.9145497199527267,0.6284059322241581,0.811340998461482,0.8939136469680639,10.317412614822388,0.2763674780726433,0.2866784706711769,0.14075972000136971,0.0,0.2763674780726433,0.8228477723896503,0.4470525582631429,0.426587391983379,0.1597471855806582,0.0,0.4470525582631429,0.7058955132961273
121,0.0001,0.3695445414632559,0.9196581628219149,0.6113165327996919,0.8174161685976453,0.8976873882232641,10.191597938537598,0.2720013055950403,0.27649489883333445,0.14127449039369822,0.0,0.2720013055950403,0.8288759328424931,0.38240902532230725,0.4408522808190548,0.16111132547710882,0.0,0.38240902532230725,0.7536258336269495
122,0.0001,0.37075261026620865,0.9173952770637899,0.6410802205403646,0.8161585527504486,0.896972870540144,9.755097389221191,0.2763162199407816,0.27855046186596155,0.13909344188869,0.0,0.2763162199407816,0.825289998203516,0.42926989179669006,0.4546271020715887,0.15424101641683868,0.0,0.42926989179669006,0.7235015603629026
123,0.0001,0.360082658007741,0.9227903156611171,0.5495295307853005,0.8394602224256072,0.9113846693641177,10.71193552017212,0.2697656759992242,0.2713684728369117,0.13966443482786417,0.0,0.2697656759992242,0.8275342360138893,0.323554252133225,0.4062294869711905,0.15526610161318924,0.0,0.323554252133225,0.8008539405736056
124,0.0001,0.35911754705011845,0.9229206781652596,0.5778092615532152,0.8293092278081576,0.9048515158991888,10.452441692352295,0.26859468314796686,0.27170275896787643,0.13633356196805835,0.0,0.26859468314796686,0.8260495103895664,0.35886968265880237,0.41343576257879083,0.16235533040581326,0.0,0.35886968265880237,0.7713968844124766
125,0.0001,0.36184994503855705,0.9216352437985859,0.616967519124349,0.8177598926485375,0.8978294082953496,10.610609292984009,0.2705093305557966,0.2750174319371581,0.13942897971719503,0.0,0.2705093305557966,0.8271850384771824,0.42353962406967627,0.4302042144717592,0.16287529920086716,0.0,0.42353962406967627,0.7195062709577156
126,0.0001,0.3715093769133091,0.9162920974956381,0.6165924036141598,0.8157732029202112,0.8967896437903891,9.976352453231812,0.274000508710742,0.2768284063786268,0.13824694231152534,0.0,0.274000508710742,0.8242757245898247,0.355744076497627,0.4592615564664205,0.1660442018147671,0.0,0.355744076497627,0.7767709331078962
127,0.0001,0.3635147921741009,0.9200134363679272,0.590296026432153,0.8246302770328686,0.9019650227026599,10.819451093673706,0.26814891304820776,0.27613693848252296,0.13794727344065905,0.0,0.26814891304820776,0.8290944471955299,0.35215974937785754,0.4380289948347843,0.16182185844941574,0.0,0.35215974937785754,0.779108545996926
128,0.0001,0.3661968782544136,0.9186843122911394,0.585692185344118,0.8257284611467884,0.9024802602123786,9.84788465499878,0.27107664477080107,0.277581756003201,0.137152761220932,0.0,0.27107664477080107,0.8291878625750542,0.3273852052110614,0.4391952229268623,0.1578873802315105,0.0,0.3273852052110614,0.8002017700310909
129,0.0001,0.3552876506000757,0.9229773390325559,0.616233645063458,0.8153986549250706,0.8964213333456712,10.245337724685669,0.26846617460250854,0.26862804498523474,0.13553414260968566,0.0,0.26846617460250854,0.828393891453743,0.41543358022516425,0.4319566921754317,0.14908918196504767,0.0,0.41543358022516425,0.7282113712845426
130,0.0001,0.3656833842396736,0.9186336951609376,0.5537390419931123,0.8422660385394695,0.9132087867175844,10.327352285385132,0.27219717111438513,0.2777616120874882,0.13800517795607448,0.0,0.27219717111438513,0.8231660425662994,0.3661417708252416,0.4001787341002262,0.1517351432280107,0.0,0.3661417708252416,0.7640015934452866
131,0.0001,0.3615476284176111,0.9198682924807416,0.5689988569779829,0.8331316313344065,0.9072470973617003,10.314351558685303,0.2700446452945471,0.274403465911746,0.13573633693158627,0.0,0.2700446452945471,0.8242914490401745,0.33790835286631726,0.4233209400465994,0.15583085336468436,0.0,0.33790835286631726,0.7876549959182739
132,0.0001,0.3766319304704666,0.914922678100293,0.6443271131226511,0.8026924265002814,0.8885629528911644,10.983765602111816,0.28018688317388296,0.2834828356280923,0.13863054662942886,0.0,0.28018688317388296,0.818870659917593,0.4214884584600275,0.45453890525933466,0.15770485500494638,0.0,0.4214884584600275,0.7291901156757817
133,0.0001,0.35405632480978966,0.9228821205726716,0.5930745059793646,0.8258862387744834,0.9028070434570473,11.125768423080444,0.26842720340937376,0.2703319024294615,0.13501766044646502,0.0,0.26842720340937376,0.830087136477232,0.38716015129378345,0.424861414866014,0.15689813819798556,0.0,0.38716015129378345,0.7520336147510644
134,0.0001,0.350079832598567,0.9235092732294449,0.5705011794061372,0.8337332263263245,0.9075698693403216,9.728703498840332,0.26774956565350294,0.26650351006537676,0.13615165371447802,0.0,0.26774956565350294,0.8313268944621086,0.32964623696876294,0.42720729473865393,0.15808025815270163,0.0,0.32964623696876294,0.7988923517140475
135,0.0001,0.35660772770643234,0.9209542272923751,0.6075583515745221,0.8223680762075652,0.9002298575786033,10.223681211471558,0.26924814749509096,0.2742088073864579,0.1339263333939016,0.0,0.26924814749509096,0.8283977620303631,0.4725527185382265,0.4095431493990349,0.14223485327128207,0.0,0.4725527185382265,0.7027086453004316
136,0.0001,0.36545103043317795,0.9183928539622352,0.573718042084665,0.8249633504036168,0.9024272866766283,10.818117618560791,0.2812670050188899,0.2793237343430519,0.13751053484156728,0.0,0.2812670050188899,0.8147879205644131,0.3191089630126953,0.4298694206006599,0.1503397190209591,0.0,0.3191089630126953,0.8063645380916018
137,0.0001,0.3584856204688549,0.9204867851556209,0.609893368952202,0.8138292179728084,0.8951556864718855,11.299233675003052,0.27251330576837063,0.2738079661503434,0.13663775753229856,0.0,0.27251330576837063,0.8248479962348938,0.3780679630510735,0.44079922365419794,0.16674590517174115,0.0,0.3780679630510735,0.755201442675157
138,0.0001,0.35635617934167385,0.9198978938514939,0.6333670074289496,0.8088899670978871,0.8925567367025145,9.952625751495361,0.269475307315588,0.2718045134097338,0.135552650783211,0.0,0.269475307315588,0.826215673238039,0.4262381466952237,0.4484093062805407,0.16503836350007492,0.0,0.4262381466952237,0.7225520854646509
139,0.0001,0.35391074791550636,0.9210015697043633,0.6226807037989298,0.8100392137687321,0.8930312378742133,9.927237749099731,0.2678163591772318,0.2739164028316736,0.13195585692301393,0.0,0.2678163591772318,0.8267110474407673,0.3837961789333459,0.45038431521618005,0.15495187586004083,0.0,0.3837961789333459,0.7522373343958999
140,0.0001,0.3614092469215393,0.9160872288511219,0.5799943389314594,0.8277624795948505,0.9038208486810761,11.276951789855957,0.27023524791002274,0.27648075204342604,0.1351959598250687,0.0,0.27023524791002274,0.8267763070762157,0.32722043629848596,0.4501564322095929,0.15430798358989484,0.0,0.32722043629848596,0.7902803854508833
141,0.0001,0.35944948717951775,0.9189640541621902,0.5955733963937471,0.8184459323141378,0.8982949504924433,10.748121500015259,0.27052291110157967,0.27924407459795475,0.1336847385391593,0.0,0.27052291110157967,0.8257487006485462,0.3410796342474042,0.45057770338925446,0.16235758860905966,0.0,0.3410796342474042,0.7866234309745558
142,0.0001,0.3510395251214504,0.92219603436035,0.5947351022200151,0.8208813086296843,0.8996787695233499,10.523127555847168,0.2723764209076762,0.2675961200147867,0.13407474709674716,0.0,0.2723764209076762,0.8285449519753456,0.3440669124776667,0.45242665933840204,0.1521705723170078,0.0,0.3440669124776667,0.7813822879935756
143,0.0001,0.35743461549282074,0.9201402797094761,0.6046978415864886,0.8171230272389323,0.8976263611741933,10.375033140182495,0.2688278341665864,0.2796573266386986,0.1331367064267397,0.0,0.2688278341665864,0.8261438757181168,0.3556207526813854,0.45157675670854974,0.16119035265662454,0.0,0.3556207526813854,0.7735303550055532
144,0.0001,0.3374129366129637,0.9263058524456742,0.5787833603945646,0.8282095692620355,0.9044778305781979,10.57440447807312,0.2603478403761983,0.2596560474485159,0.1291457088664174,0.0,0.2603478403761983,0.8352252468466759,0.3651394121574633,0.42504001024997595,0.143158829573429,0.0,0.3651394121574633,0.771191909457698
145,0.0001,0.3430552128702402,0.9257817624683757,0.5739008007627545,0.8294599769285201,0.9050841492202074,10.45301342010498,0.2683990839868784,0.26113114692270756,0.13502003531903028,0.0,0.2683990839868784,0.8293419145047665,0.31356143228935474,0.4493789058743101,0.1436897927161419,0.0,0.31356143228935474,0.807451914657246
146,0.0001,0.3397408239543438,0.9265021871753273,0.5695718888080481,0.8290882538308293,0.9048420590198463,10.595719575881958,0.2674669036641717,0.26178521011024714,0.1290871948003769,0.0,0.2674669036641717,0.8283093981444836,0.3095792495843136,0.4409942392146949,0.15647776289419693,0.0,0.3095792495843136,0.8146320978800455
147,0.0001,0.34996834583580494,0.9210628438459623,0.609042839570479,0.8140101337286102,0.8955910506945358,10.789822101593018,0.26828952692449093,0.26769344974309206,0.129998411051929,0.0,0.26828952692449093,0.8282996416091919,0.411622090773149,0.427509398171396,0.16572618303876935,0.0,0.411622090773149,0.7309089429450758
148,0.0001,0.3545860480517149,0.9193308976506962,0.5954581173983488,0.820376697405615,0.8995401870728151,10.648468732833862,0.26775962207466364,0.2745240777730942,0.12998214550316334,0.0,0.26775962207466364,0.8262012414634228,0.3485487193772287,0.4476282668836189,0.1532400254950379,0.0,0.3485487193772287,0.7783420898697593
149,0.0001,0.3506108243018389,0.9214720214872343,0.6776775591301195,0.7907372073326724,0.881795546284158,10.302280187606812,0.2679957449436188,0.2700329693034291,0.1325269346125424,0.0,0.2679957449436188,0.8269274346530437,0.44275950663017505,0.475001107562672,0.16635140957254352,0.0,0.44275950663017505,0.7123667146220352
150,0.0001,0.360889557749033,0.9154405903038652,0.5767344055753766,0.8218898518336154,0.900627645817505,10.450180292129517,0.2714181933552027,0.2813111590221524,0.130953517742455,0.0,0.2714181933552027,0.8263630047440529,0.3020241874637026,0.4514173160899769,0.1425840574683565,0.0,0.3020241874637026,0.8142266526366725
151,0.0001,0.3438450340181589,0.9228974180097963,0.5494820024027969,0.8417554479088215,0.9124495606844577,9.644435405731201,0.2625325685366988,0.26734261494129896,0.1320297010242939,0.0,0.2625325685366988,0.8335671424865723,0.327801809166417,0.427047483848803,0.14437346160411835,0.0,0.327801809166417,0.7826094356450167
152,0.0001,0.3500064928084612,0.921138828939457,0.5630884387276389,0.8312470295737203,0.9059758510367536,10.117126703262329,0.2713379543274641,0.27306436002254486,0.13096213899552822,0.0,0.2713379543274641,0.8263467401266098,0.3243527520786632,0.43052509698000824,0.14724363793026318,0.0,0.3243527520786632,0.8013534437526356
153,0.0001,0.33447781950235367,0.9256990087847421,0.562960664431254,0.8314491714010216,0.9060253256907796,10.582885265350342,0.2615560945123434,0.26056323386728764,0.1316387872211635,0.0,0.2615560945123434,0.8351870179176331,0.3170334750955755,0.4310446056452664,0.15093384818597275,0.0,0.3170334750955755,0.7957013755133657
154,0.0001,0.3354982119053602,0.9253973952386251,0.6728059450785319,0.7998568568045943,0.8865028211507553,10.479999303817749,0.2583531364798546,0.2596056507900357,0.12809245195239782,0.0,0.2583531364798546,0.8375060297548771,0.5223470239928274,0.45061199592821527,0.15342995072856094,0.0,0.5223470239928274,0.669028204498869
155,0.0001,0.33109122700989246,0.9268682924904033,0.6252416697415438,0.8116242098539225,0.8938417119494644,10.335032224655151,0.26281650736927986,0.25802269857376814,0.12924231681972742,0.0,0.26281650736927986,0.8291019350290298,0.34352540969848633,0.4754759542869799,0.1607019512942343,0.0,0.34352540969848633,0.7840094566345215
156,0.0001,0.3308593016117811,0.9271899475221107,0.5911013971675526,0.8250928040359575,0.9023939805797849,10.572268962860107,0.2603319361805916,0.26017044950276613,0.1292611053213477,0.0,0.2603319361805916,0.8341881446540356,0.3828130346356016,0.4381039792841131,0.15265074643221768,0.0,0.3828130346356016,0.7524535529541246
157,0.0001,0.3202533144503832,0.930825264642629,0.5756100885795824,0.8304844795305009,0.9056472814910452,9.633718967437744,0.25715815741568804,0.24976235255599022,0.12808085279539227,0.0,0.25715815741568804,0.835747592151165,0.3197851361650409,0.45180582638942834,0.14720678239157706,0.0,0.3197851361650409,0.8031591140862667
158,0.0001,0.32857732474803925,0.9273575488194647,0.5897012768369733,0.8293672040498125,0.9053762622356223,11.089457511901855,0.2541300328448415,0.2584189139306545,0.127493966370821,0.0,0.2541300328448415,0.8399779014289379,0.412473100604433,0.4251893397533532,0.15019317106767135,0.0,0.412473100604433,0.7347874207930132
159,0.0001,0.32304250821471214,0.9291766784891398,0.5836346799677069,0.8268609298203698,0.9032556955120346,10.299715518951416,0.2564190234988928,0.2527564065530896,0.1293628579005599,0.0,0.2564190234988928,0.8344469740986824,0.3436692808613633,0.44856986674395477,0.15330961482091385,0.0,0.3436692808613633,0.7843074599901835
160,0.0001,0.32591640390455723,0.9265438614388876,0.5853243957866322,0.826933985508679,0.903532105116434,10.878981113433838,0.25243104714900255,0.25694176089018583,0.12589294696226716,0.0,0.25243104714900255,0.8382080867886543,0.37147868221456354,0.44138093428178266,0.15112440288066864,0.0,0.37147868221456354,0.7628814307126132
161,0.0001,0.33369194343686104,0.9255791701159836,0.5730635252865878,0.8301790465606941,0.9059588597957775,10.469173669815063,0.26231090631335974,0.26061441469937563,0.1287188157439232,0.0,0.26231090631335974,0.8319753706455231,0.36094669139746466,0.4323102759592461,0.14084539404421142,0.0,0.36094669139746466,0.7681330225684426
162,0.0001,0.33050596714019775,0.9278237133885492,0.5735772053400675,0.8276692865734806,0.904042077139273,10.424453258514404,0.2627950683236122,0.2595767481252551,0.1269353972747922,0.0,0.2627950683236122,0.8319168426096439,0.3111365293011521,0.44791851802305743,0.13681621172211386,0.0,0.3111365293011521,0.8096030462871898
163,0.0001,0.32271219976246357,0.9288025660758726,0.5947699221697721,0.827615614050243,0.9044196038304114,10.703518152236938,0.2538006668910384,0.2552518108859658,0.1256084437482059,0.0,0.2538006668910384,0.840057834982872,0.3407307899359501,0.46613412553613837,0.14109621264717795,0.0,0.3407307899359501,0.7847985137592662
164,0.0001,0.32819549180567265,0.9276926542565768,0.5834268548271873,0.8223971742125288,0.9007100016029737,10.128471851348877,0.2604950834065676,0.25867459177970886,0.12727714283391833,0.0,0.2604950834065676,0.8319724835455418,0.3158222617525043,0.45276899590636743,0.1407784828633973,0.0,0.3158222617525043,0.805175087668679
165,0.0001,0.325196098536253,0.9272492199685123,0.6016173579476096,0.8144749243279176,0.8960253114124733,10.788274049758911,0.25454004388302565,0.2585847703740001,0.1254447316750884,0.0,0.25454004388302565,0.8387409932911396,0.3324778007738518,0.46191504868594085,0.14340711362434155,0.0,0.3324778007738518,0.7932159882603269
166,0.0001,0.32528683356940746,0.928021264990159,0.5726676167863788,0.830435213057923,0.9052935992579076,10.428739786148071,0.25865005515515804,0.2532325377687812,0.12617055233567953,0.0,0.25865005515515804,0.8327201269567013,0.30984459681944415,0.45605779055393103,0.13790890393835126,0.0,0.30984459681944415,0.8129174908002218
167,0.0001,0.32612612657248974,0.9272776807267117,0.5478446339115952,0.8388999025604263,0.9109035731909969,10.342709064483643,0.2554957717657089,0.25220896769315004,0.1264084647409618,0.0,0.2554957717657089,0.8364492505788803,0.2990210381421176,0.44435854933478613,0.1436349316076799,0.0,0.2990210381421176,0.8157405365597118
168,0.0001,0.3334478158503771,0.9223733618213479,0.5839840896201857,0.8189642904786264,0.8982015322673589,10.34332823753357,0.2600467521697283,0.2583890687674284,0.12903593620285392,0.0,0.2600467521697283,0.8353129364550114,0.3204118049505985,0.46431979988560534,0.13833709873936392,0.0,0.3204118049505985,0.7982653523936416
169,0.0001,0.31953237392008305,0.9293667806068773,0.5381258184259589,0.8433533511860402,0.913552302269705,10.17454743385315,0.25307710003107786,0.2542008515447378,0.1242405897937715,0.0,0.25307710003107786,0.8370836675167084,0.30781876318382495,0.42921760046120844,0.13615986343586084,0.0,0.30781876318382495,0.812598138144522
170,0.0001,0.3219719845801592,0.929318636228824,0.5828977498141202,0.8208929775580396,0.8999469270288515,10.757944583892822,0.26018199510872364,0.2551258746534586,0.1262774718925357,0.0,0.26018199510872364,0.832502257078886,0.3027018778251879,0.4638078411420186,0.14126647241187817,0.0,0.3027018778251879,0.8135646653897834
171,0.0001,0.32354568503797054,0.9272338756258373,0.559706677090038,0.8356844623331185,0.9087987929186641,10.204641103744507,0.2552017327398062,0.25711777061223984,0.12504539405927062,0.0,0.2552017327398062,0.8384238928556442,0.3048838557619037,0.451396416534077,0.13608185811476273,0.0,0.3048838557619037,0.8160832849415866
172,0.0001,0.322806503623724,0.9288942561260598,0.55875250787446,0.8280249180853351,0.9040571719318157,10.111021757125854,0.2608600156381726,0.25306148640811443,0.126192984636873,0.0,0.2608600156381726,0.8378029428422451,0.3120305935541789,0.4301745855447018,0.13805843167232745,0.0,0.3120305935541789,0.8121094775922371
173,0.0001,0.32993932627141476,0.9253024700422153,0.5820626345547762,0.8224614018739145,0.9008543260362747,11.104395866394043,0.2595905112102628,0.2606513127684593,0.12485209433361888,0.0,0.2595905112102628,0.835970476269722,0.3065135189981172,0.4565259868448431,0.13454766436056656,0.0,0.3065135189981172,0.8195132143569716
174,0.0001,0.32830592058598995,0.927293260665253,0.5674113251946189,0.8334051383302155,0.9076662442114987,10.11582636833191,0.2645307369530201,0.2569741662591696,0.12862566206604242,0.0,0.2645307369530201,0.8293862864375114,0.31214281465068006,0.44652935049750586,0.14648974032113046,0.0,0.31214281465068006,0.8117783358602813
175,0.0001,0.3265649899840355,0.9271604875681505,0.5342266415104722,0.8465492070922831,0.9157254429208512,10.209988355636597,0.2621183628216386,0.2596435509622097,0.12545234384015203,0.0,0.2621183628216386,0.8312281034886837,0.32500608762105304,0.42144924944097345,0.14691297484166693,0.0,0.32500608762105304,0.7948896469491901
176,0.0001,0.3208769503980875,0.927584688549484,0.5677806211240364,0.8261437550787808,0.9033795027966436,10.342934131622314,0.25436489563435316,0.2554058190435171,0.12444474454969168,0.0,0.25436489563435316,0.8397783562541008,0.30693993785164575,0.4529391491051876,0.15277674974817218,0.0,0.30693993785164575,0.8103034135067102
177,0.0001,0.31033859215676785,0.9319158835828509,0.5257634105104388,0.8488529489355608,0.9171462683109558,10.212476968765259,0.251117673702538,0.24485438782721758,0.12263637688010931,0.0,0.251117673702538,0.8414129242300987,0.3017083930246758,0.4188507253473455,0.13363407642552347,0.0,0.3017083930246758,0.8182614517934395
178,0.0001,0.3089933805167675,0.9329661920578438,0.5445755322774252,0.8456714159160037,0.9152221552351842,11.247966051101685,0.24963010754436255,0.2442246489226818,0.1226102220825851,0.0,0.24963010754436255,0.8453614600002766,0.32161679412379407,0.43641844301512744,0.1341251049077872,0.0,0.32161679412379407,0.8008923404144518
179,0.0001,0.3088798951357603,0.9315411665790299,0.5505987297404896,0.8403026752280612,0.9119270271553384,10.369300842285156,0.2501373151317239,0.2433548904955387,0.12003401014953852,0.0,0.2501373151317239,0.8431042321026325,0.35234987193887884,0.4276648868214,0.14291376597953565,0.0,0.35234987193887884,0.7747239145365629
180,0.0001,0.30252189561724663,0.9342869401090313,0.5476446296229507,0.8377430728413375,0.9106979123312159,10.128022909164429,0.2444925718009472,0.24146373569965363,0.1208472978323698,0.0,0.2444925718009472,0.8461142592132092,0.3008414254044042,0.4393235914634936,0.13049139579137167,0.0,0.3008414254044042,0.8165802504077102
181,0.0001,0.3077631890773773,0.9327751812873047,0.5492511229081587,0.8360917523092579,0.909139601373049,10.823501110076904,0.2532942947000265,0.24281898234039545,0.1231352798640728,0.0,0.2532942947000265,0.8406533375382423,0.3080055262103225,0.44340616645235004,0.1324911785848213,0.0,0.3080055262103225,0.8052917899507465
182,0.0001,0.3008098639547825,0.9343590506806221,0.5431912234335234,0.8415030971713363,0.9123874907978159,10.189679145812988,0.24326467234641314,0.23969317320734262,0.11994010442867875,0.0,0.24326467234641314,0.8467719368636608,0.3113218365293561,0.4376700430205374,0.13919849332534906,0.0,0.3113218365293561,0.8079292358774127
183,0.0001,0.34476884454488754,0.9161724125080369,0.6329586361393784,0.8179923295357695,0.8986717679854711,9.851850748062134,0.2714762780815363,0.26693230494856834,0.12852773582562804,0.0,0.2714762780815363,0.8184453174471855,0.41424934430555865,0.49556185621203797,0.1329171820120378,0.0,0.41424934430555865,0.7354071031917225
184,0.0001,0.3408829811960459,0.9181726714541407,0.6289779778682825,0.8005009425983454,0.8872201091425387,10.596033811569214,0.2568445224314928,0.270640772767365,0.12327864207327366,0.0,0.2568445224314928,0.835146252065897,0.3496738274892171,0.48521889520413947,0.15137550641189923,0.0,0.3496738274892171,0.7770232576312441
185,0.0001,0.32031688280403614,0.9278993948437816,0.5840419711488666,0.8296772414925757,0.9055086711881463,10.505928993225098,0.25876304041594267,0.2544387402012944,0.12614624667912722,0.0,0.25876304041594267,0.8384779542684555,0.3942990790713917,0.43784408858328155,0.14731979189497052,0.0,0.3942990790713917,0.7469491796060042
186,0.0001,0.31043477915227413,0.9306187803093612,0.5474440401250665,0.8374711629152037,0.9103556612848277,10.998209476470947,0.2498519802466035,0.24937245715409517,0.1231206483207643,0.0,0.2498519802466035,0.8410241715610027,0.31561979019280634,0.43647735769098456,0.14638346975499933,0.0,0.31561979019280634,0.8094796718973102
187,0.0001,0.31277581956237555,0.9303021126206515,0.5507550275687015,0.8372075953259542,0.9100242760600104,10.418622493743896,0.25563482753932476,0.24784784857183695,0.12098499806597829,0.0,0.25563482753932476,0.8355804719030857,0.33299976045435126,0.43513882702047174,0.1361109506000172,0.0,0.33299976045435126,0.7923328731999253
188,0.0001,0.30558617413043976,0.9330476733821863,0.5484535983114531,0.8373411175259118,0.9097180911180521,10.390851259231567,0.2528117261826992,0.24400201346725225,0.12199931917712092,0.0,0.2528117261826992,0.8428696766495705,0.3091553612188859,0.44425846591140283,0.12774575524257892,0.0,0.3091553612188859,0.8105657209049572
189,0.0001,0.3104253690689802,0.9300828075924731,0.5433202476212473,0.839558828150185,0.9111320526774076,9.289066553115845,0.2487904103472829,0.25080005917698145,0.12050833879038692,0.0,0.2487904103472829,0.843498632311821,0.29493027383630926,0.4416053385445566,0.13834330168637363,0.0,0.29493027383630926,0.8250851811784686
190,0.0001,0.301275672391057,0.9337259736108331,0.5381001992659136,0.8412900924825617,0.9122144611301358,11.045318841934204,0.24447247851639986,0.24311784096062183,0.11956488620489836,0.0,0.24447247851639986,0.8482055962085724,0.3039160497260816,0.4332180348309604,0.1349803823413271,0.0,0.3039160497260816,0.8165272907777266
191,0.0001,0.3026578277349472,0.9336104901939326,0.5750296224247325,0.8312283273377002,0.9058928996460566,9.812982082366943,0.25149518344551325,0.24107104074209929,0.11932103615254164,0.0,0.25149518344551325,0.8408322930335999,0.34121512282978406,0.4475716912385189,0.14136167593074567,0.0,0.34121512282978406,0.7865204395669879
192,0.0001,0.3238805904984474,0.9256353066500054,0.5759185082984694,0.8262843964070797,0.9030194443061326,9.858956336975098,0.25754142459481955,0.2532606953755021,0.12364130979403853,0.0,0.25754142459481955,0.8342522047460079,0.30295607176694,0.4601186206846526,0.13928085746187152,0.0,0.30295607176694,0.8185055743564259
193,0.0001,0.3070944473147392,0.9309757555428013,0.5653302525029038,0.8367550546243487,0.9094372881668543,10.690270185470581,0.24762717634439468,0.2437201989814639,0.12301747826859355,0.0,0.24762717634439468,0.8465222716331482,0.3468539064580744,0.4434965758612662,0.12770732334165863,0.0,0.3468539064580744,0.7842697103818258
194,0.0001,0.3101403024047613,0.9299077325533334,0.5573712515108513,0.8360882777206399,0.9090770573600878,10.20398759841919,0.25126069504767656,0.2514820694923401,0.12307814275845885,0.0,0.25126069504767656,0.8416292332112789,0.34012386293122265,0.434168512170965,0.13708781428409345,0.0,0.34012386293122265,0.788393289753885
195,0.0001,0.2947574807330966,0.9354380570682189,0.5414736596020785,0.840234424873652,0.9117733236666173,10.828934669494629,0.24180225376039743,0.2362209316343069,0.11842530313879251,0.0,0.24180225376039743,0.849129494279623,0.298555952129942,0.4414351257410916,0.13977482282754147,0.0,0.298555952129942,0.820675840883544
196,0.0001,0.2914050491526723,0.9375090100675691,0.5235547369176691,0.8499258634037328,0.9178561056356732,10.455211162567139,0.24376363772898912,0.23486871365457773,0.12016404280439019,0.0,0.24376363772898912,0.8521189726889133,0.29578049074519763,0.4277084343361132,0.12429609488357198,0.0,0.29578049074519763,0.8187591180656896
197,0.0001,0.28900246322155,0.9385085081909132,0.5355606404217806,0.844651028776037,0.9146069323649135,10.582809925079346,0.2425225842744112,0.23328559938818216,0.11775177204981446,0.0,0.2425225842744112,0.8506090641021729,0.28842192165779346,0.44350719090664026,0.12601517547260632,0.0,0.28842192165779346,0.8251237056472085
198,0.0001,0.3017078433185816,0.9341973509910686,0.5454808329090928,0.8417954511950239,0.9125317702916954,10.477729082107544,0.2514721490442753,0.2439778344705701,0.1209563622251153,0.0,0.2514721490442753,0.8416020832955837,0.2939606507619222,0.45198524178880634,0.12990694696252997,0.0,0.2939606507619222,0.8205807353511001
199,0.0001,0.28623270988464355,0.9384505729260585,0.5310342564727321,0.845772958964543,0.9151496015748294,10.547510862350464,0.2417516252025962,0.23059184569865465,0.11793691106140614,0.0,0.2417516252025962,0.8499550260603428,0.28529317812486127,0.4405044877167904,0.12557580254294656,0.0,0.28529317812486127,0.8302700501499753
200,0.0001,0.29318948462605476,0.9347963035034892,0.5466625076351743,0.8380007318534063,0.9105323855272218,11.100056171417236,0.23939883057028055,0.23903163895010948,0.11815614392980933,0.0,0.23939883057028055,0.8505644872784615,0.2913690715125113,0.4547890695658597,0.1356087119290323,0.0,0.2913690715125113,0.8176398367592783
201,0.0001,0.30475209187716246,0.9297180561061305,0.5753795089143695,0.8318423021835175,0.9068914175746957,9.316232442855835,0.24903803411871195,0.24267055559903383,0.11911586532369256,0.0,0.24903803411871195,0.8427776359021664,0.33594048565084283,0.46676974404941907,0.13814653411056055,0.0,0.33594048565084283,0.7861339720812711
202,0.0001,0.3051344957202673,0.9305402826877934,0.5802930485118519,0.8326023742419091,0.907194308644091,9.439369916915894,0.25603333953768015,0.24069520272314548,0.12241898756474257,0.0,0.25603333953768015,0.8374310843646526,0.3981748494234952,0.4441487464037808,0.12602667645974594,0.0,0.3981748494234952,0.7501350171638258
203,0.0001,0.29804700799286366,0.9346563092872315,0.5846629865241774,0.8278833130112652,0.9043743363517806,10.031018733978271,0.24973314628005028,0.24066353309899569,0.1188412900082767,0.0,0.24973314628005028,0.8407770358026028,0.33358451453122223,0.46638259381958935,0.13231546228582208,0.0,0.33358451453122223,0.7896711121905934
204,0.0001,0.3123096637427807,0.9282748746062925,0.5326183275742964,0.8473284175158979,0.9163356311513291,10.74246621131897,0.25389792770147324,0.25002000015228987,0.12099894834682345,0.0,0.25389792770147324,0.8387690745294094,0.32388045932307385,0.4299718033183705,0.13269319407867664,0.0,0.32388045932307385,0.7999326279669097
205,0.0001,0.30567043740302324,0.9316754521495928,0.5327263456402402,0.8448686697307862,0.9144978345653261,9.515411615371704,0.25283653661608696,0.2462655883282423,0.12062141112983227,0.0,0.25283653661608696,0.8391533270478249,0.30097141410365247,0.4349140904166482,0.12820894113092712,0.0,0.30097141410365247,0.8176847046071832
206,0.0001,0.30207611806690693,0.9328567723307228,0.5283895152987856,0.8482984874311345,0.916890280892879,9.565537452697754,0.24821548536419868,0.24523020442575216,0.12011784082278609,0.0,0.24821548536419868,0.8445814289152622,0.2877434455987179,0.4352819323539734,0.12883268070943427,0.0,0.2877434455987179,0.8270006830042059
207,0.0001,0.28719196282327175,0.9377465459290341,0.5559870871630582,0.8397087191145518,0.9112125093808163,9.836770296096802,0.24028627388179302,0.2339491881430149,0.11660285340622067,0.0,0.24028627388179302,0.8483679257333279,0.30676490971536347,0.45797287875955756,0.1382504322312095,0.0,0.30676490971536347,0.8097202380498251
208,0.0001,0.29515051655471325,0.9351288377037158,0.541590538891879,0.8402929195331341,0.911780809062195,10.451361894607544,0.2450942536816001,0.23810155224055052,0.11872395034879446,0.0,0.2450942536816001,0.8460932895541191,0.29404211044311523,0.4464000535733772,0.13070895545410388,0.0,0.29404211044311523,0.8153103445515488
209,0.0001,0.3096983879804611,0.9278009254189009,0.5983890692392985,0.8214193049853161,0.9001682157817102,9.97221302986145,0.24419055506587029,0.24982804246246815,0.1217200206592679,0.0,0.24419055506587029,0.8480918630957603,0.30815497672919073,0.5006831143841599,0.12244286410736316,0.0,0.30815497672919073,0.8025023720481179
210,0.0001,0.31056498270481825,0.9287844779241493,0.5623335260333437,0.8353408321719773,0.9089447029394041,11.388891696929932,0.25449461303651333,0.25065850652754307,0.11789982300251722,0.0,0.25449461303651333,0.8351259604096413,0.32157772598844586,0.45405131578445435,0.1188920664064812,0.0,0.32157772598844586,0.8019667014931188
211,0.0001,0.29131984896957874,0.93605797750126,0.5536396358952378,0.8400724409116835,0.9116223277096438,15.42271113395691,0.24200775008648634,0.23793092649430037,0.11675658263266087,0.0,0.24200775008648634,0.8491346277296543,0.29331379587000067,0.46278349377892236,0.13336157618146954,0.0,0.29331379587000067,0.8280807408419523
212,0.0001,0.3174008745700121,0.9244874677456906,0.5518951018651327,0.841797562112097,0.9130562120764165,15.415643692016602,0.2586960159242153,0.25554049480706453,0.11918124463409185,0.0,0.2586960159242153,0.8346826210618019,0.29649587833520136,0.4535423679785295,0.12994704327800058,0.0,0.29649587833520136,0.8255041675134138
213,0.0001,0.30023408588021994,0.9316854929361654,0.5673564311229822,0.8282764627425417,0.9041494388163387,10.837303876876831,0.24427834246307611,0.24339235946536064,0.11621584370732307,0.0,0.24427834246307611,0.8439080789685249,0.30406177405155066,0.4646036173358108,0.1335704836881522,0.0,0.30406177405155066,0.8172876148512869
214,0.0001,0.2939868839457631,0.9342379288409711,0.5467033891966848,0.8377287078292437,0.910199764098279,10.257592678070068,0.24203019682317972,0.2392498180270195,0.11983442446216941,0.0,0.24203019682317972,0.8514955565333366,0.3048106576457168,0.44729294379552204,0.1322656770547231,0.0,0.3048106576457168,0.8138879411148302
215,0.0001,0.2985236309468746,0.9343861169397786,0.5389797398538301,0.8410832091900846,0.9123051201512783,10.369374513626099,0.25054263696074486,0.2409415179863572,0.11787179997190833,0.0,0.25054263696074486,0.8421207740902901,0.30844680829481647,0.4366782470182939,0.12611206824129279,0.0,0.30844680829481647,0.8137101061416395
216,0.0001,0.2856879588216543,0.9382113480502516,0.5493086793205955,0.8383866790239503,0.9106793651168363,9.766203880310059,0.24320040550082922,0.23309874720871449,0.11645068181678653,0.0,0.24320040550082922,0.8497892282903194,0.2890741897351814,0.4596178748390891,0.1296350865653067,0.0,0.2890741897351814,0.8257726719885161
217,0.0001,0.2870657593011856,0.9363146907052271,0.5517299969991049,0.8359091255169079,0.9091073463239653,10.509735584259033,0.2371832225471735,0.23561323061585426,0.11513115605339408,0.0,0.2371832225471735,0.8510821834206581,0.3020653616298329,0.45438116427623865,0.13704157236850623,0.0,0.3020653616298329,0.8150160818388967
218,0.0001,0.28447418939322233,0.9395812720858306,0.5379978020985922,0.8406916828561152,0.9120430276681729,10.873302698135376,0.24609341099858284,0.2283003032207489,0.11680682701990008,0.0,0.24609341099858284,0.8449260927736759,0.2901638601765488,0.44553334243369824,0.1278612848484155,0.0,0.2901638601765488,0.8294258171861822
219,0.0001,0.28131826780736446,0.9387197545408178,0.5302709846785574,0.845623290136514,0.9149276053673049,10.104187488555908,0.2410338083282113,0.22823580913245678,0.1162664145231247,0.0,0.2410338083282113,0.8478686474263668,0.28739803126364044,0.4432409604390462,0.11919374312415268,0.0,0.28739803126364044,0.831596006046642
220,0.0001,0.2795491321012378,0.9393306869059456,0.5442393078948512,0.8421837233610088,0.9129592459768554,10.795410871505737,0.24023801181465387,0.22777004912495613,0.11449495842680335,0.0,0.24023801181465387,0.8517782054841518,0.30514061812198523,0.44968028863271076,0.13056939975781875,0.0,0.30514061812198523,0.8127645741809498
221,0.0001,0.29195897839963436,0.9359269346328657,0.5400964527419119,0.8440395792508184,0.9139506833473638,10.746384382247925,0.24782582931220531,0.23594210017472506,0.11764296423643827,0.0,0.24782582931220531,0.846595149487257,0.2922910704757228,0.4516063458991773,0.12174717675555836,0.0,0.2922910704757228,0.826527906186653
222,0.0001,0.28473956882953644,0.9383993249971346,0.5455072359605269,0.8410181767731488,0.9123366710809315,10.077643632888794,0.24096750654280186,0.23012812621891499,0.11752947652712464,0.0,0.24096750654280186,0.8492739237844944,0.2865862882498539,0.4597800030852809,0.12482280080968683,0.0,0.2865862882498539,0.8266499150883068
223,0.0001,0.28066007792949677,0.9394803785543522,0.5444411942453096,0.8423694549490339,0.9129708840776295,9.998056411743164,0.24403195828199387,0.22607844602316618,0.11614346690475941,0.0,0.24403195828199387,0.8455350995063782,0.29141627297256933,0.45605346831408416,0.11980441212654114,0.0,0.29141627297256933,0.8269301851590475
224,0.0001,0.2763479631394148,0.9404527428951124,0.538457270824548,0.8432530954486958,0.9135095927213741,10.816886901855469,0.239767175167799,0.22355271689593792,0.11686760233715177,0.0,0.239767175167799,0.8500220216810703,0.29344998887090973,0.44518779263351904,0.12105401718255246,0.0,0.29344998887090973,0.8316151355252122
225,0.0001,0.28198319114744663,0.9378418976495804,0.5415936744574344,0.840447610856299,0.9118682541530905,10.680010318756104,0.2412947714328766,0.2303769150748849,0.11432381207123399,0.0,0.2412947714328766,0.8492679223418236,0.29450035456455115,0.44735730958707404,0.12918778305703943,0.0,0.29450035456455115,0.8266853509527264
226,0.0001,0.26988936215639114,0.9419354703442362,0.5426421598954634,0.8421396015259236,0.9128409017443034,10.448628187179565,0.23352267686277628,0.2189549095928669,0.11373050604015589,0.0,0.23352267686277628,0.8545491993427277,0.2902959097515453,0.45581343499096955,0.12934925429748767,0.0,0.2902959097515453,0.8277006799524481
227,0.0001,0.2809933200478554,0.9391391030580636,0.5472080526929913,0.8400292433436916,0.9116904996951869,10.01662278175354,0.24510054662823677,0.22724604699760675,0.11683748615905643,0.0,0.24510054662823677,0.8459123186767101,0.299752748373783,0.45279858509699505,0.13030867233420862,0.0,0.299752748373783,0.8130800778215582
228,0.0001,0.28227356262505054,0.9379391492972193,0.5479203101360437,0.8414340065676594,0.9125204896713163,9.620779991149902,0.24119945894926786,0.2293752683326602,0.11368810199201107,0.0,0.24119945894926786,0.8486331664025784,0.29518634261506976,0.4588933623198307,0.1356745840925159,0.0,0.29518634261506976,0.8204338658939708
229,0.0001,0.2673649312928319,0.9429831634474484,0.5517678224679196,0.8384597485551125,0.9108046683669764,10.433007955551147,0.23321270197629929,0.21767207607626915,0.1167076020501554,0.0,0.23321270197629929,0.8589236885309219,0.2908170692848437,0.4580686218810804,0.12338243876442764,0.0,0.2908170692848437,0.8291641347336046
230,0.0001,0.2785290777683258,0.9388518317759451,0.5667949625940034,0.8309610703661916,0.9065655270220676,11.569602012634277,0.24067760817706585,0.22457842156291008,0.11543611297383904,0.0,0.24067760817706585,0.8492356091737747,0.29424484932061395,0.4705789594939261,0.12098989251888159,0.0,0.29424484932061395,0.8284331144708575
231,0.0001,0.27864547446370125,0.9399690511564079,0.564687866153139,0.8340174117422725,0.9081042635845973,10.070433616638184,0.24443758837878704,0.22529396694153547,0.11395346373319626,0.0,0.24443758837878704,0.8426741808652878,0.31352660150238965,0.4633771108858513,0.13410861970800342,0.0,0.31352660150238965,0.8077118017456748
232,0.0001,0.2703786175698042,0.9420013088704288,0.5556557178497314,0.8371019071727287,0.9096465296825768,10.620444774627686,0.23904793430119753,0.21852736920118332,0.11499590706080198,0.0,0.23904793430119753,0.8489157818257809,0.2920247171864365,0.46346296324874414,0.13113756793918033,0.0,0.2920247171864365,0.8263743971333359
233,0.0001,0.27803102508187294,0.9394888639377313,0.5488640611821954,0.838953704236599,0.9108973367032916,10.869568347930908,0.2450788328424096,0.2236580951139331,0.11602346692234278,0.0,0.2450788328424096,0.8470299020409584,0.2950091813549851,0.45717404647306964,0.12350785912889423,0.0,0.2950091813549851,0.82527084422834
234,0.0001,0.2689245641231537,0.9426617759801298,0.5443656011061235,0.8410673201718349,0.912426245041889,10.643359661102295,0.23969526402652264,0.21583777852356434,0.11189559008926153,0.0,0.23969526402652264,0.8457307890057564,0.288982194481474,0.4583674199653394,0.12482712304953372,0.0,0.288982194481474,0.8326792482173804
235,0.0001,0.2772743757814169,0.9402226334022378,0.5396281300169049,0.8427650558807662,0.9134323726710151,10.007641792297363,0.24362738616764545,0.22439138311892748,0.11483165947720408,0.0,0.24362738616764545,0.8450913950800896,0.2881919290080215,0.45395458647699066,0.12007728670582626,0.0,0.2881919290080215,0.8255736882036383
236,0.0001,0.2722972109913826,0.9412828065233599,0.5530924508065889,0.8362107894333959,0.909277585207632,10.399634838104248,0.23964905738830566,0.22014439944177866,0.11308183567598462,0.0,0.23964905738830566,0.8498240821063519,0.2853346358646046,0.46370838085810345,0.12510949237780136,0.0,0.2853346358646046,0.8280926310654843
237,0.0001,0.26774350833147764,0.9421579981381234,0.5490414843414769,0.840284285117077,0.9117506046672745,10.52602505683899,0.23370957281440496,0.21844736579805613,0.11351551674306393,0.0,0.23370957281440496,0.8522210121154785,0.29075309905138885,0.4629823113932754,0.12618492092147018,0.0,0.29075309905138885,0.8291052886933992
238,0.0001,0.26485022250562906,0.9437928552959768,0.5613111365925182,0.832908179521583,0.9073988721051705,10.103756427764893,0.2374565852805972,0.2135423654690385,0.1150442878715694,0.0,0.2374565852805972,0.8512205518782139,0.2899309721860019,0.470838057272362,0.12721393234802014,0.0,0.2899309721860019,0.8289197845892473
239,0.0001,0.26938299648463726,0.9435704722824136,0.5474465760317716,0.8397876293017733,0.9115028217452176,10.825528144836426,0.24189637880772352,0.2148392517119646,0.1161007178016007,0.0,0.24189637880772352,0.8467183075845242,0.298239017977859,0.4532777215495254,0.12483142226031332,0.0,0.298239017977859,0.8221258466893976
240,0.0001,0.2663844330236316,0.9432840633719677,0.5430677767955896,0.8428824166076511,0.9133107692246575,10.971410036087036,0.23689341824501753,0.2170014102011919,0.11395258037373424,0.0,0.23689341824501753,0.8549371100962162,0.289935644828912,0.45435391953497223,0.12150399206262646,0.0,0.289935644828912,0.8300486965612932
241,0.0001,0.2652125833556056,0.9445866534493206,0.5465374065167976,0.8401779759352688,0.9116961297971184,10.254830598831177,0.24110349547117949,0.210934242233634,0.1147901532240212,0.0,0.24110349547117949,0.8497558757662773,0.2866728594808867,0.45895601763869776,0.12377557835795662,0.0,0.2866728594808867,0.8283918698628744
242,0.0001,0.26621448900550604,0.9431864968400953,0.5392178080298684,0.8446651035087334,0.9144565282234153,11.090415477752686,0.23706400860100985,0.21630091220140457,0.11398376198485494,0.0,0.23706400860100985,0.8511363193392754,0.2867554245573102,0.45641303423679236,0.12080237630641821,0.0,0.2867554245573102,0.8319527019153942
243,0.0001,0.2760909805074334,0.9403804646043824,0.5406244415225405,0.84290121979658,0.9134873205804616,10.999770641326904,0.24473929405212402,0.22545505966991186,0.11446859082207084,0.0,0.24473929405212402,0.842920821160078,0.297902580463525,0.4548195925625888,0.12403816255656155,0.0,0.297902580463525,0.8222145961992668
244,0.0001,0.2663235692307353,0.9433778393730228,0.5476920424085675,0.8420143493466677,0.9129161217778362,11.258400678634644,0.23461503628641367,0.21684343740344048,0.11340598156675696,0.0,0.23461503628641367,0.8572802320122719,0.3001272877057393,0.462513060280771,0.11917065219445662,0.0,0.3001272877057393,0.8232847867590009
245,0.0001,0.26451131235808134,0.9425345271276876,0.5456957672581528,0.8399335582733883,0.911721434699354,9.857172966003418,0.23031634371727705,0.21779586747288704,0.11106600798666477,0.0,0.23031634371727705,0.858248881995678,0.28696683500752307,0.4615804769776084,0.12070418036345279,0.0,0.28696683500752307,0.8267958615765427
246,0.0001,0.26372488122433424,0.9442541908969266,0.5687492002140392,0.8336576971670303,0.9079238790632944,10.208233833312988,0.23557653091847897,0.21389064751565456,0.1129946717992425,0.0,0.23557653091847897,0.8546706661581993,0.2948659152695627,0.48389671246210736,0.12299745778242747,0.0,0.2948659152695627,0.823003680417032
247,0.0001,0.2621379988268018,0.9432302730265743,0.5435470812248461,0.8449090754113493,0.9146102088315498,9.812769412994385,0.23245084565132856,0.21497717313468456,0.11081591947004199,0.0,0.23245084565132856,0.8562596887350082,0.28912828185341577,0.4624002015951908,0.12216118068406076,0.0,0.28912828185341577,0.8287242018815243
248,0.0001,0.2652446096763015,0.9432838602085946,0.5606291366345955,0.8394577976476469,0.9112671124024868,9.899603843688965,0.23345020040869713,0.21625459287315607,0.11372476164251566,0.0,0.23345020040869713,0.8583238124847412,0.2925498900991498,0.4783825892390627,0.1241730298056747,0.0,0.2925498900991498,0.8178138055584647
249,0.0001,0.25339364167302847,0.946207562133536,0.5446748516776345,0.8431517162697415,0.9134881103763816,10.072468280792236,0.22427474986761808,0.20732551906257868,0.10855170153081417,0.0,0.22427474986761808,0.8641356714069843,0.2863043420242541,0.4624592354803374,0.12537722605647464,0.0,0.2863043420242541,0.8278815800493414
250,0.0001,0.25323403626680374,0.9459681678694601,0.534227349541404,0.8489187030161505,0.9170309544494937,10.351758241653442,0.22682617139071226,0.20689863245934248,0.11006784485653043,0.0,0.22682617139071226,0.8628003187477589,0.28657485499526514,0.4577726523081462,0.1274110512299971,0.0,0.28657485499526514,0.8317888975143433
251,0.0001,0.2572159757837653,0.9454903379039205,0.549809192166184,0.8434129324741253,0.9136827718239943,10.207459449768066,0.23388272151350975,0.20852342899888754,0.11127222049981356,0.0,0.23388272151350975,0.855038546025753,0.2906635277199023,0.46945893945115985,0.12779630043289877,0.0,0.2906635277199023,0.8285905718803406
252,0.0001,0.2603745339438319,0.9438441828299122,0.5557932781450676,0.8376397177165158,0.9104070066012779,10.99839997291565,0.2300053220242262,0.21389931626617908,0.11125012626871467,0.0,0.2300053220242262,0.8571687676012516,0.28515250755078864,0.4736589121096062,0.12215982242064043,0.0,0.28515250755078864,0.8303164623000405
253,0.0001,0.26362690702080727,0.9436222983224074,0.5505138527263295,0.8442298528377896,0.9142644972415523,10.103883266448975,0.23777296300977468,0.21480784937739372,0.11258497321978211,0.0,0.23777296300977468,0.8542962521314621,0.320411331725843,0.45989436453038995,0.13044321762792993,0.0,0.320411331725843,0.8016855283216997
254,0.0001,0.2597450613975525,0.9445591017999334,0.5543651436314438,0.8393173822207823,0.9113260679045806,10.28642725944519,0.23366464767605066,0.21233057137578726,0.10957042360678315,0.0,0.23366464767605066,0.8577618971467018,0.29294792449835577,0.46957899223674426,0.12363948334347118,0.0,0.29294792449835577,0.8254343686681805
255,0.0001,0.26377994287759066,0.9430677939537148,0.5721577080813322,0.831027798898745,0.9063625725552434,11.084465265274048,0.23524627927690744,0.21659904159605503,0.11195094976574183,0.0,0.23524627927690744,0.8519618883728981,0.2891628597721909,0.4859677751859029,0.11931993473659862,0.0,0.2891628597721909,0.8262702822685242
256,0.0001,0.2625910248607397,0.9443686638454317,0.5524341626600786,0.8399952388554107,0.9117603043135767,11.037075996398926,0.24046085309237242,0.21156733855605125,0.11322778463363647,0.0,0.24046085309237242,0.8493956737220287,0.28866910753828107,0.47381781628637604,0.1261089448675965,0.0,0.28866910753828107,0.8285723581458583
257,0.0001,0.25392543990164995,0.9455637405278156,0.5531880060831705,0.8409303239747042,0.9122722099176744,10.771806001663208,0.22782472148537636,0.20870234724134207,0.10943299159407616,0.0,0.22782472148537636,0.8614474721252918,0.29176374637719354,0.4751564282359499,0.12516442934672037,0.0,0.29176374637719354,0.8253178144946243
258,0.0001,0.26181217562407255,0.9431313930477594,0.5481220339283799,0.8417571491239371,0.9127285687358924,11.239495754241943,0.23467640113085508,0.21380735095590353,0.11181048955768347,0.0,0.23467640113085508,0.8527379967272282,0.28849453275853937,0.4675887497988614,0.12280841849066994,0.0,0.28849453275853937,0.830432799729434
259,0.0001,0.24799835495650768,0.9474648927045669,0.5424736918825092,0.8443211855071632,0.9142286256801164,9.842372417449951,0.22134538646787405,0.20427799224853516,0.10821028472855687,0.0,0.22134538646787405,0.8643748573958874,0.2890149499430801,0.4611413803967563,0.1194903678966291,0.0,0.2890149499430801,0.8304840398557258
260,0.0001,0.25420621130615473,0.9466801222830337,0.54452573891842,0.84418808679963,0.9143100336638429,10.424698829650879,0.23502652812749147,0.20369205623865128,0.11158371903002262,0.0,0.23502652812749147,0.8530420660972595,0.29373226201895514,0.4635861534060854,0.12958109378814697,0.0,0.29373226201895514,0.8224840146122556
261,0.0001,0.25582265108823776,0.9449926354536867,0.5618201602589,0.8380855428716606,0.9104009572443312,10.012118339538574,0.2299295049160719,0.20913465227931738,0.10926632955670357,0.0,0.2299295049160719,0.8571886979043484,0.29376011364387744,0.47907617236628675,0.1147608422871792,0.0,0.29376011364387744,0.8240391711393992
262,0.0001,0.25964860431849957,0.944472823418702,0.5535136316761826,0.8410275208257552,0.9123225307161255,10.98305869102478,0.23714375030249357,0.21339263021945953,0.11138552892953157,0.0,0.23714375030249357,0.8533455058932304,0.3007051402872259,0.46793557116479584,0.1292819200140057,0.0,0.3007051402872259,0.8185145927198005
263,0.0001,0.2596062971279025,0.9456237417325377,0.5506844303824685,0.8416518656362749,0.9127567331593194,11.1936776638031,0.235422495752573,0.2118895072489977,0.11247353348881006,0.0,0.235422495752573,0.8546119593083858,0.2888804854768695,0.4681258002916972,0.1253272272420652,0.0,0.2888804854768695,0.8285030632308035
264,0.0001,0.2557588554918766,0.9454496109226376,0.5599837736649946,0.8382560833463488,0.9106136842162642,10.204815864562988,0.23421660810709,0.20620495919138193,0.11188246682286263,0.0,0.23421660810709,0.855833362787962,0.291210873560472,0.48036408604997577,0.12712073461575943,0.0,0.291210873560472,0.8274554104516001
265,0.0001,0.24954570271074772,0.9473342598700286,0.5571255322658655,0.8413132769678524,0.912377089068041,10.179269313812256,0.22793197818100452,0.20384048763662577,0.10957099730148911,0.0,0.22793197818100452,0.8600929342210293,0.29451881394241797,0.47682806759169605,0.12375648816426595,0.0,0.29451881394241797,0.8256907174081514
266,0.0001,0.24733063206076622,0.9484410856082701,0.5632858131871079,0.8368623051129601,0.90987744617157,10.340919256210327,0.22657074686139822,0.1998646492138505,0.10974803101271391,0.0,0.22657074686139822,0.8617251850664616,0.29351124980232934,0.48078674258607806,0.1253825742186922,0.0,0.29351124980232934,0.8245369539116368
267,0.0001,0.25958845764398575,0.9444353305432013,0.5614580421736746,0.8371860919418612,0.9100027212572998,10.215473175048828,0.23983129020780325,0.20861294958740473,0.11293934471905231,0.0,0.23983129020780325,0.8474575281143188,0.2989520520874948,0.4714741977778348,0.12007696384733374,0.0,0.2989520520874948,0.8229004812963081
268,0.0001,0.25521240662783384,0.9452337767372323,0.5711017449696859,0.8354539602367405,0.9088903813550993,10.225668668746948,0.2281752722337842,0.20950030628591776,0.11009023571386933,0.0,0.2281752722337842,0.8614564724266529,0.28855926701516815,0.48796274084033386,0.12032897634939714,0.0,0.28855926701516815,0.8283336722489559
269,0.0001,0.25464041717350483,0.9468881561361848,0.5683352224754564,0.8382273510469015,0.9105210778278465,11.085742950439453,0.2361249765381217,0.205127926543355,0.11104901088401675,0.0,0.2361249765381217,0.8551878593862057,0.2922135049646551,0.487021475127249,0.11882209235971625,0.0,0.2922135049646551,0.8268625898794695
270,0.0001,0.26119735185056925,0.9448377913838478,0.5604021007364447,0.8364593584806904,0.9095600507597938,9.982707977294922,0.24016970489174128,0.21061119437217712,0.11374384490773082,0.0,0.24016970489174128,0.8493557721376419,0.28625258893677685,0.4739207553141045,0.12002513806025188,0.0,0.28625258893677685,0.8303972229813085
271,0.0001,0.2498184973374009,0.9474419154118645,0.5645376552234996,0.8387451196430362,0.91095681657681,10.139003038406372,0.2289831517264247,0.2037422126159072,0.11038619512692094,0.0,0.2289831517264247,0.8623987659811974,0.2874750838135228,0.4862896438800927,0.126050640687798,0.0,0.2874750838135228,0.8299428423245748
272,0.0001,0.24949300661683083,0.9470420223446808,0.552386923269792,0.8395316548473818,0.9113759505795633,10.334082841873169,0.23063956014811993,0.20185879804193974,0.11053068516775966,0.0,0.23063956014811993,0.8558187149465084,0.2853896419207255,0.4711434534101775,0.11703975092280995,0.0,0.2853896419207255,0.8346328482483373
273,0.0001,0.2527952939271927,0.9462987879482413,0.5470135284192634,0.8434749717021037,0.9138278632849794,10.52493929862976,0.23257062770426273,0.20555290207266808,0.10972078610211611,0.0,0.23257062770426273,0.8569429963827133,0.2834293842315674,0.4723247939890081,0.11828064692742897,0.0,0.2834293842315674,0.8324909553383336
274,0.0001,0.2545673744753003,0.9465926274479313,0.5850620486519553,0.8305052114736278,0.9060500868187203,12.117095232009888,0.238525060005486,0.2035331428050995,0.11201343359425664,0.0,0.238525060005486,0.8492165729403496,0.3081473166292364,0.49788795095501526,0.12303059209476817,0.0,0.3081473166292364,0.8121891401030801
275,0.0001,0.24960769154131413,0.9476306877420124,0.5707301732265588,0.8335677768096875,0.9078976854878171,10.449691534042358,0.23179224785417318,0.20225290022790432,0.11180112510919571,0.0,0.23179224785417318,0.8571366257965565,0.2901813333684748,0.48702822128931683,0.12048105489123952,0.0,0.2901813333684748,0.8282625169465037
276,0.0001,0.25878932885825634,0.9455310538083189,0.5493537223700321,0.8418128622605553,0.912779253867005,10.246398448944092,0.24019072856754065,0.21108537260442972,0.11141939414665103,0.0,0.24019072856754065,0.8501509763300419,0.29076939821243286,0.4694210471528949,0.12734198796026636,0.0,0.29076939821243286,0.8255985686273286
277,0.0001,0.24906912446022034,0.9476937674691617,0.5600829557939009,0.8368689371583771,0.909864356306846,9.796370029449463,0.22914135362952948,0.2034262716770172,0.10943909920752048,0.0,0.22914135362952948,0.8601981215178967,0.2852385170531995,0.4780666394667192,0.12036790224638852,0.0,0.2852385170531995,0.8301410313808557
278,0.0001,0.2497419910505414,0.9473008193002636,0.5432807459975734,0.8460518324780668,0.9153151400603751,10.156538009643555,0.2280331440269947,0.20373065117746592,0.1090850681066513,0.0,0.2280331440269947,0.8600896298885345,0.2828702384775335,0.47083886103196576,0.11947745084762573,0.0,0.2828702384775335,0.8344196026975458
279,0.0001,0.24123256187886,0.9498539752404269,0.5609239628820708,0.8393239022759313,0.9112625304029547,11.002768754959106,0.22704468667507172,0.1954825697466731,0.109622563701123,0.0,0.22704468667507172,0.8631388060748577,0.28453197984984424,0.48565520842870075,0.12226698299249013,0.0,0.28453197984984424,0.8280415534973145
280,0.0001,0.245802516117692,0.9478211231444651,0.5801292910720363,0.833071536003714,0.9074528496244749,11.21883225440979,0.22733069956302643,0.20000767055898905,0.10779992258176208,0.0,0.22733069956302643,0.8587718307971954,0.2847413763855443,0.5042297226009946,0.1259169036691839,0.0,0.2847413763855443,0.8294270074728763
281,0.0001,0.24730442371219397,0.9477723107574976,0.5655238845131614,0.83770454651563,0.9103446730463131,10.661669731140137,0.2290268884971738,0.20074159279465675,0.10813777288421988,0.0,0.2290268884971738,0.8587702885270119,0.29108324917879974,0.4887892007827759,0.12227715958248485,0.0,0.29108324917879974,0.8213526985862039
282,0.0001,0.2515927869826555,0.9458079903830792,0.5834577589324026,0.8304292046419839,0.9059703175367603,10.427462339401245,0.2311805309727788,0.20429186522960663,0.1088059600442648,0.0,0.2311805309727788,0.8569097556173801,0.28827111648790765,0.5028820724198313,0.12180208888920871,0.0,0.28827111648790765,0.8242721431183092
283,0.0001,0.24190214835107327,0.9489806110399523,0.5618138963525946,0.8391555659534161,0.9111919381006833,10.217570543289185,0.22587401047348976,0.19716115109622478,0.11031294893473387,0.0,0.22587401047348976,0.8626293800771236,0.2849683436480435,0.4865021380511197,0.11679934281291383,0.0,0.2849683436480435,0.8315954045815901
284,0.0001,0.255359023809433,0.9454116341556076,0.5515880187352499,0.8407554300612753,0.91212689964703,10.020541429519653,0.23848831932991743,0.20744442474097013,0.10939021361991763,0.0,0.23848831932991743,0.8466190248727798,0.28457240624861285,0.4712153980226228,0.1172445768659765,0.0,0.28457240624861285,0.8338271271098744
285,0.0001,0.2455633832141757,0.9491578355497562,0.5524900212432399,0.8420357455795958,0.9128510079492878,9.93833303451538,0.23285795096307993,0.19663326907902956,0.10966938268393278,0.0,0.23285795096307993,0.8582879304885864,0.2829163507981734,0.47884444756941363,0.12287062225919781,0.0,0.2829163507981734,0.83160256616997
286,0.0001,0.23726154770702124,0.9517869754650953,0.5527533184398304,0.8410411928513316,0.9123101117698892,11.07086443901062,0.22803725954145193,0.18823771458119154,0.10927939740940928,0.0,0.22803725954145193,0.8601548261940479,0.278647729844758,0.47851348103898944,0.11703942806431741,0.0,0.278647729844758,0.8363037723483462
287,0.0001,0.23587294109165668,0.951124105767906,0.5612361142129609,0.8399250156644044,0.9115996017310745,10.344857215881348,0.222223449498415,0.19072065968066454,0.10660684900358319,0.0,0.222223449498415,0.8648050092160702,0.2800327864560214,0.4884138432416049,0.11713373164335887,0.0,0.2800327864560214,0.8330385341788783
288,0.0001,0.24902166239917278,0.9478557899463329,0.5566913106224753,0.8420614138599412,0.9129997778442429,10.068320512771606,0.2354378141462803,0.20279191248118877,0.11067431746050715,0.0,0.2354378141462803,0.8569276183843613,0.28308907422152435,0.48302809577999695,0.11772558183381052,0.0,0.28308907422152435,0.8298482642029271
289,0.0001,0.2494456274434924,0.9483249356069603,0.5536192800059463,0.842649393644693,0.9133960094934596,10.229901552200317,0.2371484348550439,0.19876456912606955,0.113237373996526,0.0,0.2371484348550439,0.8509600423276424,0.28794368830594147,0.48025739192962646,0.1154101129734155,0.0,0.28794368830594147,0.8256490411180438
290,0.0001,0.24717286322265863,0.947468266792243,0.5652372114586107,0.8378127261172087,0.9104338956451038,10.027941703796387,0.23035871423780918,0.20304371137171984,0.10840800916776061,0.0,0.23035871423780918,0.8563827313482761,0.2923553640192205,0.4877359451669635,0.12015355355811841,0.0,0.2923553640192205,0.8244435245340521
291,0.0001,0.24390870332717896,0.9494253146517796,0.5540772712591923,0.8435160283803371,0.9138775375540269,10.472615718841553,0.23274232260882854,0.19716781936585903,0.10935600660741329,0.0,0.23274232260882854,0.8545142747461796,0.2905858773173708,0.48018667192170117,0.12180446404399294,0.0,0.2905858773173708,0.8260597676941843
292,0.0001,0.24447480868548155,0.9480077904874615,0.5665003458658854,0.8361948548990379,0.9094132673457108,9.423988103866577,0.22761376481503248,0.20173014421015978,0.10762875434011221,0.0,0.22761376481503248,0.8624510355293751,0.2863114963878285,0.4893176266641328,0.12132904249610323,0.0,0.2863114963878285,0.829874808138067
293,0.0001,0.23671497963368893,0.9505832718090935,0.5502632603500829,0.8413608402694468,0.9125995568706369,9.341033220291138,0.22823706548660994,0.190322189591825,0.10802432196214795,0.0,0.22823706548660994,0.857888363301754,0.28438573172598175,0.4711746338642005,0.11671587147495964,0.0,0.28438573172598175,0.8339998884634539
294,0.0001,0.2461114963516593,0.9494043634573301,0.5699136473915793,0.8373479100423054,0.9100354401832026,10.387808322906494,0.23546259384602308,0.1954419845715165,0.11099885264411569,0.0,0.23546259384602308,0.8540019951760769,0.2884039156364672,0.49333916649673926,0.11628648096864874,0.0,0.2884039156364672,0.8291542493935787
295,0.0001,0.23787818104028702,0.9510548540943468,0.5550981507156835,0.8411004875209852,0.912255705822671,10.162414789199829,0.22995947860181332,0.19022918492555618,0.10984763642773032,0.0,0.22995947860181332,0.8593867495656013,0.279651352853486,0.48327661102468317,0.12095718537316177,0.0,0.279651352853486,0.8324408531188965
296,0.0001,0.24080306198447943,0.9498349202950362,0.5530253323641691,0.8429169521862218,0.9134709436305227,10.846096515655518,0.22909074276685715,0.19463710207492113,0.10954446438699961,0.0,0.22909074276685715,0.8563892878592014,0.28752394156022504,0.4805085767399181,0.11886592841509616,0.0,0.28752394156022504,0.8288505041238033
297,0.0001,0.23358072247356176,0.9523346442227254,0.5719789158214222,0.8355174281157836,0.9089827933662049,11.472787141799927,0.2270868495106697,0.18881834112107754,0.10810458613559604,0.0,0.2270868495106697,0.8602494187653065,0.2848182374780828,0.49631055376746436,0.11951025056116509,0.0,0.2848182374780828,0.8302250432245659
298,0.0001,0.23222171049565077,0.9521765234248489,0.5671028404524832,0.8382914025201308,0.9105949385786761,10.02773928642273,0.22287428192794323,0.18919850327074528,0.10666860407218337,0.0,0.22287428192794323,0.866488840430975,0.2847840135747736,0.4928543910835729,0.11794301596554843,0.0,0.2847840135747736,0.835032096414855
299,0.0001,0.23466261569410563,0.9509955977467501,0.5614410133072825,0.841275461716246,0.912495918853208,9.526480197906494,0.22298574820160866,0.19087425526231527,0.10746611142531037,0.0,0.22298574820160866,0.8650315329432487,0.2835755239833485,0.49123218384656037,0.12101021634809898,0.0,0.2835755239833485,0.8333856770486543
300,0.0001,0.2424681168049574,0.9500183274654459,0.556607950817455,0.8410471295431065,0.9123203666272415,11.13503885269165,0.23405185528099537,0.1952098971232772,0.11035427544265985,0.0,0.23405185528099537,0.8541339337825775,0.2817642291386922,0.48167009245265613,0.11776506720167218,0.0,0.2817642291386922,0.833952085538344
301,0.0001,0.23655338864773512,0.9511100081189875,0.555836973768292,0.8422257797040485,0.9129666143752911,10.259893417358398,0.2265226198360324,0.1912472452968359,0.10754769947379827,0.0,0.2265226198360324,0.8615585006773472,0.28034147349270905,0.4847550229592757,0.11461147214427139,0.0,0.28034147349270905,0.8372459519993175
302,0.0001,0.2406521150842309,0.9502574145020726,0.5634296121019305,0.8400792805374937,0.9118089618283124,9.847612380981445,0.23232751712203026,0.19469331949949265,0.10884495778009295,0.0,0.23232751712203026,0.8557678647339344,0.27925317576437286,0.4946801391514865,0.12091225475975961,0.0,0.27925317576437286,0.8345461343273972
303,0.0001,0.2398865995928645,0.9495114670510196,0.5571929108012806,0.8411749987989281,0.9124518380298032,10.453293085098267,0.2296415939927101,0.1942309532314539,0.10859660105779767,0.0,0.2296415939927101,0.8572756461799145,0.28147744409965747,0.4823953924757062,0.11451838052634036,0.0,0.28147744409965747,0.8383905237371271
304,0.0001,0.2371877310797572,0.950173109966162,0.5743536371173281,0.8357250219874413,0.9091079315256803,10.740973711013794,0.22412144020199776,0.1925910385325551,0.10696163168177009,0.0,0.22412144020199776,0.8624520748853683,0.2845454721739798,0.4983213327147744,0.11838097193024376,0.0,0.2845454721739798,0.8333850755836024
305,0.0001,0.23652725666761398,0.9502441258912454,0.5724493301276005,0.8367983582595004,0.9097443320318734,9.749377012252808,0.22353234142065048,0.19427045620977879,0.10709297750145197,0.0,0.22353234142065048,0.8623409643769264,0.2813585527015455,0.4989431392062794,0.11520378156141801,0.0,0.2813585527015455,0.8353537086284522
306,0.0001,0.23075039498507977,0.9526797930752718,0.5612495053898204,0.8415858532272305,0.912604203183014,11.287031888961792,0.22040454298257828,0.1877387361600995,0.10682026762515306,0.0,0.22040454298257828,0.865431409329176,0.2847711136846831,0.4915098547935486,0.12144991033004993,0.0,0.2847711136846831,0.8313545945918921
307,0.0001,0.23361326102167368,0.9516173644064234,0.564451232100978,0.8414213703084769,0.9125095162137757,10.500829458236694,0.2222288977354765,0.1903822422027588,0.10800255555659533,0.0,0.2222288977354765,0.8637812621891499,0.2837206342003562,0.49651001980810455,0.12132199605305989,0.0,0.2837206342003562,0.8314809835318363
308,0.0001,0.24171408358961344,0.9504570358336788,0.5600661075476444,0.8404114012606987,0.9119108643245498,11.120099067687988,0.2378560258075595,0.19256019219756126,0.10963808791711926,0.0,0.2378560258075595,0.8510061949491501,0.28235099893627746,0.4874612002661734,0.11775330341223514,0.0,0.28235099893627746,0.8331787044351752
309,0.0001,0.24213742185384035,0.9495246491553546,0.5596403750506315,0.8398960486805002,0.9116036555485245,11.395221710205078,0.22992566972970963,0.19770306255668402,0.10880919825285673,0.0,0.22992566972970963,0.8601738288998604,0.28300234404477204,0.4860817085612904,0.11654347136165157,0.0,0.28300234404477204,0.8357118061094573
310,0.0001,0.22926462907344103,0.9523842460548824,0.5596271392070886,0.8420098263267572,0.9128077900665499,10.803725242614746,0.22115875780582428,0.18610780220478773,0.10702600050717592,0.0,0.22115875780582428,0.864907544106245,0.28234604633215704,0.49049596894871106,0.11852198026397011,0.0,0.28234604633215704,0.8351756785855149
311,0.0001,0.241435787640512,0.9502582144380131,0.5821874683553522,0.8338539190172449,0.9079091204464297,10.909718751907349,0.23725301213562489,0.19051904045045376,0.10876906011253595,0.0,0.23725301213562489,0.8519274964928627,0.28597952380324854,0.5097399480415113,0.11825603607929114,0.0,0.28597952380324854,0.8314825603456208
312,0.0001,0.23488193843513727,0.9514889212724389,0.5646881840445779,0.8392704761466958,0.9111953430856944,10.236308097839355,0.22926501464098692,0.18803933076560497,0.10845277272164822,0.0,0.22926501464098692,0.8603077419102192,0.28694559227336536,0.4910719701738069,0.11880792271007191,0.0,0.28694559227336536,0.8316715847362172
313,0.0001,0.23170800507068634,0.952809290950098,0.5650098034829805,0.8407726491882654,0.9120848548203168,10.106225967407227,0.22432148549705744,0.18865444231778383,0.10741843422874808,0.0,0.22432148549705744,0.8675006479024887,0.28484545332012756,0.4950960043704871,0.117043650059989,0.0,0.28484545332012756,0.8330242579633539
314,0.0001,0.23046944569796324,0.9526256666441839,0.5665078307643081,0.8391829811366297,0.9111181648578377,10.108184337615967,0.22279245499521494,0.1861815545707941,0.10708657233044505,0.0,0.22279245499521494,0.8670684956014156,0.28699694619034277,0.4952471978736646,0.11946660009297458,0.0,0.28699694619034277,0.8331654342738065
315,0.0001,0.22988223284482956,0.952965012320849,0.571791258725253,0.8375104704069896,0.9102109770627546,10.982989311218262,0.22455504350364208,0.18532086536288261,0.10671416204422712,0.0,0.22455504350364208,0.8632612638175488,0.28576074585770117,0.5011021801919648,0.12135592103004456,0.0,0.28576074585770117,0.8341908743887236
316,0.0001,0.2296787053346634,0.953194779644434,0.5684762940262303,0.8393925635244527,0.9113146346504752,9.896323680877686,0.2257613092660904,0.18469929229468107,0.10721179656684399,0.0,0.2257613092660904,0.8644041083753109,0.286961833635966,0.4957278154113076,0.11624328656630083,0.0,0.286961833635966,0.8330787492520881
317,0.0001,0.23233224544674158,0.9520475478159348,0.5574981660553904,0.8422380609954536,0.9130640037472039,10.681371450424194,0.22597967274487019,0.18747004866600037,0.10615253867581487,0.0,0.22597967274487019,0.8597856536507607,0.285286236893047,0.48454857233798865,0.11748461199529243,0.0,0.285286236893047,0.8323989962086533
318,0.0001,0.23310653492808342,0.9528154009088642,0.5620827566493641,0.8403169545677064,0.9118252100202622,10.292682886123657,0.2295859856531024,0.18782659713178873,0.10910348175093532,0.0,0.2295859856531024,0.8580864891409874,0.2856820063157515,0.4907573660214742,0.11790020854184122,0.0,0.2856820063157515,0.8330215613047282
319,0.0001,0.23622089624404907,0.9513900991908234,0.5744083469564264,0.8346452483953076,0.9083917133241922,10.458631753921509,0.2352042105048895,0.18809179309755564,0.10981597332283854,0.0,0.2352042105048895,0.8535980433225632,0.28686688524304016,0.49848028927138355,0.11503273790532892,0.0,0.28686688524304016,0.8325978896834634
320,0.0001,0.22438781522214413,0.9544322150509249,0.5708167083335646,0.837766191447958,0.9103621966235009,10.675459861755371,0.2214129539206624,0.18017007503658533,0.1061198404058814,0.0,0.2214129539206624,0.8649423457682133,0.282826178001635,0.5018430839885365,0.12052845503344681,0.0,0.282826178001635,0.8317812645074093
321,0.0001,0.23192958999425173,0.9528612544935532,0.5632545948028564,0.840667065056116,0.912118341510559,10.121441841125488,0.2300988808274269,0.1860550157725811,0.10827339347451925,0.0,0.2300988808274269,0.8567821681499481,0.28563552191763214,0.49383196686253406,0.11679578459624088,0.0,0.28563552191763214,0.8298677007357279
322,0.0001,0.2291947603225708,0.9529805839963489,0.5622948372002804,0.8404830642588127,0.9120418455354323,10.665349960327148,0.22444197069853544,0.18697432149201632,0.10532485041767359,0.0,0.22444197069853544,0.8640123307704926,0.28283535169832635,0.4921909046895576,0.11468978587425116,0.0,0.28283535169832635,0.8345757488048438
323,0.0001,0.22388338111341,0.9550175422763084,0.5659479986537587,0.8402675317518755,0.9119199376589817,10.674314260482788,0.22115066833794117,0.17961169593036175,0.10723580326884985,0.0,0.22115066833794117,0.8686693459749222,0.2807972232500712,0.499691493583448,0.11920759533390854,0.0,0.2807972232500712,0.8331397175788879
324,0.0001,0.22781671211123466,0.953120249926364,0.5707438172716083,0.8383128282299742,0.9107244959915857,10.628630876541138,0.2232440821826458,0.18434756435453892,0.10602736659348011,0.0,0.2232440821826458,0.8656443692743778,0.280211582328334,0.502181994192528,0.11722516561999466,0.0,0.280211582328334,0.8335366375518568
325,0.0001,0.22758506424725056,0.953975170334534,0.5648384852842852,0.8409477350484753,0.91235941636596,9.988767147064209,0.22958630044013262,0.18123937025666237,0.1061914311721921,0.0,0.22958630044013262,0.8583571389317513,0.2851548483877471,0.4978390552780845,0.11883114233161464,0.0,0.2851548483877471,0.8276519269654246
326,0.0001,0.22642842587083578,0.9550831789653584,0.5546242251540675,0.8443433659925342,0.9143474886175059,10.264763355255127,0.22867688443511724,0.17874480597674847,0.10799537319689989,0.0,0.22867688443511724,0.8573921248316765,0.28330510674100934,0.487175009467385,0.11405109185161012,0.0,0.28330510674100934,0.8339771664503849
327,0.0001,0.22542517352849245,0.9538145474646038,0.5726141785130356,0.8386853405836264,0.9109414451698539,11.048746585845947,0.21974189020693302,0.1835703058168292,0.10725039383396506,0.0,0.21974189020693302,0.8687981069087982,0.28426295338254987,0.506319233865449,0.1198094676841389,0.0,0.28426295338254987,0.8329790957046278
328,0.0001,0.2345496853813529,0.9517775064276486,0.5833547151449955,0.8346810379675833,0.9087017157329516,10.936875820159912,0.23031598515808582,0.18812806997448206,0.10776751628145576,0.0,0.23031598515808582,0.8554699309170246,0.2852836341568918,0.5155065511212205,0.11570752028262976,0.0,0.2852836341568918,0.8307018876075745
329,0.0001,0.21909756492823362,0.9561892076929525,0.5715902754754731,0.8386860274143504,0.9109492481351571,10.196572303771973,0.22279225755482912,0.17502358416095376,0.10518479393795133,0.0,0.22279225755482912,0.8663890846073627,0.2847291953635938,0.5032395630171804,0.11915874029650833,0.0,0.2847291953635938,0.8314094669891127
330,0.0001,0.2286724280565977,0.954345965689265,0.5630972349282467,0.8407912491609232,0.9122555486039161,10.622817277908325,0.23103301879018545,0.18155479431152344,0.10875239269807935,0.0,0.23103301879018545,0.8574575446546078,0.28067822167367645,0.4966705333102833,0.11744643115636075,0.0,0.28067822167367645,0.8322485432480321
331,0.0001,0.22194187436252832,0.9555500011058664,0.5601663119865187,0.843255330048778,0.9137095451309158,12.860412120819092,0.22393538430333138,0.17715289909392595,0.1062063742429018,0.0,0.22393538430333138,0.8620229326188564,0.2824197501847238,0.49326602437279443,0.1156543493270874,0.0,0.2824197501847238,0.8321951808351459
332,0.0001,0.22424970846623182,0.9536530841087831,0.5633078777428829,0.8428475614410919,0.9135283609688196,10.738229751586914,0.22210821509361267,0.18179820198565722,0.10536459786817431,0.0,0.22210821509361267,0.8640066161751747,0.2846737305323283,0.49817675893956964,0.11954992467706854,0.0,0.2846737305323283,0.8300043507055803
333,0.0001,0.22190216649323702,0.9558304926767583,0.5601711309317386,0.8434695329422244,0.9138300934677518,10.804888010025024,0.22537462506443262,0.17643279675394297,0.104990697465837,0.0,0.22537462506443262,0.8645108863711357,0.2821890982714566,0.49415754730051215,0.11418833561015851,0.0,0.2821890982714566,0.835553871862816
334,0.0001,0.21797771472483873,0.9561457919689824,0.5643116994337602,0.8405889257990162,0.9120628792467205,9.966824054718018,0.21648865099996328,0.17474248725920916,0.10494652204215527,0.0,0.21648865099996328,0.870670098811388,0.28251536867835303,0.4946719046795007,0.11468176272782413,0.0,0.28251536867835303,0.8348680337270101
335,0.0001,0.2183051686733961,0.9564326854931671,0.5667686462402344,0.8415089091163669,0.9126060815794778,10.168421030044556,0.22242932114750147,0.17266641557216644,0.1054464210756123,0.0,0.22242932114750147,0.8624768257141113,0.28138966993852094,0.5014976353356333,0.11607417960961659,0.0,0.28138966993852094,0.8335606220996741
336,0.0001,0.22596005722880363,0.9540866441175655,0.5667623534347072,0.8398848775424794,0.9116988489559887,10.000942945480347,0.22507816832512617,0.18219500221312046,0.10779282916337252,0.0,0.22507816832512617,0.8621907196938992,0.281948775956125,0.49847585143464984,0.11547215779622395,0.0,0.281948775956125,0.8344439123616074
337,0.0001,0.2213918622583151,0.9555146163632738,0.5607019409988866,0.842981175420811,0.9135749996203447,10.490445613861084,0.22514066193252802,0.17379050375893712,0.10815377812832594,0.0,0.22514066193252802,0.8609694018959999,0.28917458021279535,0.49157355770920264,0.11858086017045108,0.0,0.28917458021279535,0.8277402845295992
338,0.0001,0.22029554937034845,0.955340401709207,0.5804245508078373,0.8354197986018262,0.9089918904870147,10.637542009353638,0.22057243809103966,0.1766881411895156,0.10541243245825171,0.0,0.22057243809103966,0.8650312200188637,0.2857824545918089,0.5106999260006528,0.11582060338872852,0.0,0.2857824545918089,0.8317518487121119
339,0.0001,0.2140067657455802,0.9578181411005778,0.5776780374122389,0.8368102835902714,0.9098036688793123,10.310612440109253,0.2193250497803092,0.16759873274713755,0.10436025401577353,0.0,0.2193250497803092,0.8674791604280472,0.2830116261135448,0.5085450898517262,0.11721801396572229,0.0,0.2830116261135448,0.8334505756696066
340,0.0001,0.2235567243769765,0.9555073580596917,0.5674037138621012,0.8407821259781744,0.9122840498888629,10.921245336532593,0.22595174051821232,0.1775887617841363,0.10709731327369809,0.0,0.22595174051821232,0.8646539933979511,0.2797080422892715,0.5028200294032241,0.11574123122475365,0.0,0.2797080422892715,0.8360851045810815
341,0.0001,0.213473092764616,0.9572822059568843,0.5766609690406106,0.8382582600801514,0.9106998995853077,10.284759521484375,0.21855689119547606,0.16989495512098074,0.10611948929727077,0.0,0.21855689119547606,0.866922602057457,0.2835542180321433,0.5101822434049664,0.11655610167618954,0.0,0.2835542180321433,0.8333355928912307
342,0.0001,0.21913317125290632,0.9556139204600617,0.5720199165922223,0.8395626195332261,0.9114235486562985,10.669383764266968,0.22303321957588196,0.17528419848531485,0.10595070803537965,0.0,0.22303321957588196,0.8637369908392429,0.2824020168998025,0.5054050250486894,0.11671283931443185,0.0,0.2824020168998025,0.8337221922296466
343,0.0001,0.22695409879088402,0.9542637630425379,0.5667315540891705,0.8424888632572479,0.9132149159851437,10.299198389053345,0.23075131326913834,0.17789255175739527,0.10843447456136346,0.0,0.23075131326913834,0.8567116372287273,0.2823936000014796,0.5042157407962915,0.11649373851039192,0.0,0.2823936000014796,0.833311502680634
344,0.0001,0.2162316031754017,0.9561121396599744,0.5683658123016357,0.8406542468954195,0.9120221918819199,10.110401391983032,0.21820697840303183,0.17341090366244316,0.10522427503019571,0.0,0.21820697840303183,0.8681095503270626,0.2822872833772139,0.5024992661042647,0.11676399500081033,0.0,0.2822872833772139,0.8350143974477594
345,0.0001,0.2143566431477666,0.9573640723288078,0.5777821721452655,0.8370053277703554,0.9097983944396905,10.126830577850342,0.21916787326335907,0.17061208002269268,0.10455658612772822,0.0,0.21916787326335907,0.869436901062727,0.28499980586947815,0.509639151168592,0.11944405508763863,0.0,0.28499980586947815,0.8333024996699709
346,0.0001,0.2263222075998783,0.953513468931781,0.5775608366185968,0.8381264178877577,0.9105600510304033,10.987587928771973,0.22590016201138496,0.18275153823196888,0.10620110668241978,0.0,0.22590016201138496,0.8595683090388775,0.280709577329231,0.5117764147845182,0.1160572198304263,0.0,0.280709577329231,0.834402575637355
347,0.0001,0.2157556926831603,0.9567595835684549,0.5761637001326589,0.8366864728001473,0.9096858142681463,10.790117502212524,0.2243027575314045,0.16991166397929192,0.10504047526046634,0.0,0.2243027575314045,0.8646733239293098,0.28086064259211224,0.5088966615272291,0.11659036260662657,0.0,0.28086064259211224,0.8336585687868523
348,0.0001,0.21663515735417604,0.9572637959360927,0.5772726391301011,0.838326053102972,0.9106782211497042,11.374464511871338,0.22085590101778507,0.17367700906470418,0.10498443245887756,0.0,0.22085590101778507,0.8678956553339958,0.2847049164049553,0.510616067684058,0.11544124375690114,0.0,0.2847049164049553,0.8334561315449801
349,0.0001,0.21806476172059774,0.956001113502578,0.5801354502186631,0.8365233292017629,0.9096551653947512,10.303512334823608,0.22436368372291327,0.17255310155451298,0.10525697097182274,0.0,0.22436368372291327,0.8604984320700169,0.28382739515015576,0.5144740794644211,0.11958611372745398,0.0,0.28382739515015576,0.8334589781183185
350,0.0001,0.2142103724181652,0.9574065575609745,0.5801714767109264,0.8374144929525352,0.910117408541034,10.776951551437378,0.22000201232731342,0.1701506394892931,0.1061605866998434,0.0,0.22000201232731342,0.8670924790203571,0.28381437785697705,0.5139848680207224,0.11759497225284576,0.0,0.28381437785697705,0.8339342998735833
351,0.0001,0.2195180542767048,0.9558029150248711,0.577940998655377,0.8388052858203282,0.9109570115195208,10.209802389144897,0.22641571052372456,0.17346462793648243,0.10634241765365005,0.0,0.22641571052372456,0.860078863799572,0.2836662368340926,0.5127863233739679,0.11616422055345593,0.0,0.2836662368340926,0.8352302276726925
352,0.0001,0.2179370140656829,0.9561865275533131,0.577474442395297,0.837063150054482,0.9099188898548163,9.8510582447052,0.2249444341287017,0.1723144082352519,0.10789445927366614,0.0,0.2249444341287017,0.8608859442174435,0.28288601564638544,0.5100022735017719,0.11327759379690344,0.0,0.28288601564638544,0.8351673140670314
353,0.0001,0.21570628695189953,0.9569365511932627,0.572835857217962,0.8409396897718937,0.9122062037456379,11.207711458206177,0.22099877428263426,0.17207184992730618,0.1051013246178627,0.0,0.22099877428263426,0.8685977049171925,0.28581783265778515,0.5082307674668052,0.11476737667213786,0.0,0.28581783265778515,0.8330378369851545
354,0.0001,0.21400668658316135,0.9583560042529634,0.579814051136826,0.8387563070262849,0.9109199738326751,10.70695948600769,0.22757240571081638,0.1649828925728798,0.10701446980237961,0.0,0.22757240571081638,0.8610888943076134,0.28356233510104095,0.5152885787414782,0.11655462962208372,0.0,0.28356233510104095,0.8330801183527167
355,0.0001,0.21481542382389307,0.9571442542643777,0.5860850594260476,0.8361541390104823,0.9093559859158429,10.21135663986206,0.21843314450234175,0.17067506210878491,0.10430453205481172,0.0,0.21843314450234175,0.8677021861076355,0.2850559155146281,0.5207143263383345,0.11750407200871092,0.0,0.2850559155146281,0.8317640152844515
356,0.0001,0.21348341275006533,0.9580854424740555,0.578322399746288,0.8386361879232626,0.9107770827404147,10.605275392532349,0.22022630088031292,0.1678833868354559,0.10633599990978837,0.0,0.22022630088031292,0.8689520135521889,0.2857109886227232,0.5102727069999232,0.11657491506952228,0.0,0.2857109886227232,0.8343532085418701
357,0.0001,0.21422947850078344,0.9570492217180855,0.576357516375455,0.8399748336453143,0.9116084541162177,10.95209264755249,0.2226390866562724,0.17051424738019705,0.10653426591306925,0.0,0.2226390866562724,0.8619911260902882,0.28366032152464893,0.5113314281810414,0.11679855846997464,0.0,0.28366032152464893,0.8330270991180883
358,0.0001,0.2143880780786276,0.957317955323355,0.5806226947090842,0.8387461043032038,0.9109144783085927,10.974538564682007,0.22052775043994188,0.17117413505911827,0.10369722358882427,0.0,0.22052775043994188,0.8642438426613808,0.2837185064951579,0.5163651777036262,0.11774265450058562,0.0,0.2837185064951579,0.833394877838366
359,0.0001,0.21147465985268354,0.9573841776986656,0.5892443295681116,0.8359926351516486,0.9092457505402977,10.60092568397522,0.21685689315199852,0.16934040188789368,0.10385601874440908,0.0,0.21685689315199852,0.868733573704958,0.28659540956670587,0.5246470913742528,0.11685666667692589,0.0,0.28659540956670587,0.8319399970950503
360,0.0001,0.2109350422397256,0.958448899685775,0.591266646529689,0.8341775092947566,0.9081904465361943,10.469262838363647,0.21812614891678095,0.16725974529981613,0.10436437278985977,0.0,0.21812614891678095,0.870397862046957,0.2873108856605761,0.5232542608723496,0.11552442519953757,0.0,0.2873108856605761,0.8329520586765173
361,0.0001,0.20874520298093557,0.9591530140684652,0.5801320979089448,0.8392944526775217,0.9112490040381399,9.89950966835022,0.21802456304430962,0.1647348739206791,0.10447068093344569,0.0,0.21802456304430962,0.8679652735590935,0.28476384733662463,0.514719034686233,0.1179764758456837,0.0,0.28476384733662463,0.8327967578714545
362,0.0001,0.21176814194768667,0.9573434289251002,0.5799135872811982,0.839159937857418,0.9112258078175564,10.197309732437134,0.2151655899360776,0.17029238026589155,0.10326875932514668,0.0,0.2151655899360776,0.8694557622075081,0.2819706743413752,0.5163591504096985,0.11724362861026418,0.0,0.2819706743413752,0.8342019283410275
363,0.0001,0.21544481720775366,0.9576864130476164,0.5813240932695793,0.8377642133891704,0.9103593278703018,9.982144355773926,0.22416252829134464,0.16819370165467262,0.10521291196346283,0.0,0.22416252829134464,0.8646688275039196,0.28403969425143616,0.5126347018010688,0.11416371844031593,0.0,0.28403969425143616,0.8351854934836879
364,0.0001,0.21072109695523977,0.9584645323587845,0.5800645965518374,0.8376708472440616,0.9102990908481445,9.7162926197052,0.2211349280551076,0.1650807550176978,0.10506287682801485,0.0,0.2211349280551076,0.8646519556641579,0.2847364562930483,0.5106219595128839,0.1155413831725265,0.0,0.2847364562930483,0.8362017021034703
365,0.0001,0.21535217110067606,0.9568267662357428,0.5794809984438347,0.8389940237161614,0.9109950945651029,10.035537004470825,0.22214380837976933,0.17136721592396498,0.10482911393046379,0.0,0.22214380837976933,0.8620647676289082,0.2840768839373733,0.5134271148479346,0.11664566578287067,0.0,0.2840768839373733,0.8336649934450785
366,0.0001,0.21230932231992483,0.9578089744637698,0.5783426833875251,0.8400092727791103,0.9116315697027461,10.161979913711548,0.22298157308250666,0.16672240616753697,0.10584694147109985,0.0,0.22298157308250666,0.864909440279007,0.2853909261298902,0.5128692424658573,0.1149893430146304,0.0,0.2853909261298902,0.8310177831938772
367,0.0001,0.21159623470157385,0.9588197757422883,0.5790747440222538,0.8380370163460114,0.9104545863663442,10.172580242156982,0.22544434946030378,0.16528310533612967,0.10445877630263567,0.0,0.22544434946030378,0.8622031658887863,0.2827981421441743,0.5114333846352317,0.11542013693939555,0.0,0.2827981421441743,0.8343080318335331
368,0.0001,0.21430903766304255,0.9571886429126908,0.5854831103122595,0.8380440111473401,0.9105522616978907,11.731169700622559,0.22217058669775724,0.1702479673549533,0.10478299204260111,0.0,0.22217058669775724,0.8664007298648357,0.2835012403401462,0.5215258923443881,0.1176223921956438,0.0,0.2835012403401462,0.8325628186717178
369,0.0001,0.20550664979964495,0.9593551860827615,0.5779540322043679,0.8398265585633918,0.9116146879868049,10.224730968475342,0.21557824965566397,0.16223619878292084,0.10406148480251431,0.0,0.21557824965566397,0.8687252029776573,0.28076236898248846,0.5154581702116764,0.11728879177209103,0.0,0.28076236898248846,0.8350811311692903
370,0.0001,0.2088378118351102,0.9593666583373216,0.5779752370082971,0.8390350585086507,0.9111917869050106,10.958206176757812,0.22142914030700922,0.16309257876127958,0.1051154462620616,0.0,0.22142914030700922,0.8658364601433277,0.281214486468922,0.5123185696023883,0.11574441104224234,0.0,0.281214486468922,0.835518049471306
371,0.0001,0.21372087858617306,0.9575247656891229,0.576469746502963,0.8397637067543146,0.9116111054152418,10.321926593780518,0.22348435036838055,0.16792680695652962,0.10461023217067122,0.0,0.22348435036838055,0.8631399907171726,0.2786453059225371,0.5122357281771573,0.11369334522521857,0.0,0.2786453059225371,0.8362463586258165
372,0.0001,0.21507966332137585,0.9567215526246958,0.5837677175348456,0.8381776657197951,0.9106005075162823,10.855266332626343,0.22316065710037947,0.17016719561070204,0.10431006737053394,0.0,0.22316065710037947,0.8610817193984985,0.2815142869949341,0.5188655492031213,0.11509110530217488,0.0,0.2815142869949341,0.835419830047723
373,0.0001,0.2055017165839672,0.9601168020624892,0.5832191741827762,0.8378408964453863,0.9103850963857156,9.858019590377808,0.21937481500208378,0.16004449594765902,0.10424387129023671,0.0,0.21937481500208378,0.8684114217758179,0.2834008751493512,0.5166092948480085,0.11594924556486534,0.0,0.2834008751493512,0.8346545624010491
374,0.0001,0.20778104476630688,0.9591380705753754,0.583967671249852,0.8381269848645478,0.910558470779342,10.526934385299683,0.22114016767591238,0.1645714994519949,0.10424603940919042,0.0,0.22114016767591238,0.8664895109832287,0.2832164637970202,0.5178992459268281,0.11580819433385675,0.0,0.2832164637970202,0.833678505637429
375,0.0001,0.208054237999022,0.9586583010599791,0.5827746680288604,0.8378464631126624,0.9104495533056826,10.08323860168457,0.21857036650180817,0.16410308610647917,0.1040994212962687,0.0,0.21857036650180817,0.8674065694212914,0.2812141902518995,0.517351331132831,0.11575008025675108,0.0,0.2812141902518995,0.83497241229722
376,0.0001,0.21216971334069967,0.958251562488976,0.5898961840253888,0.8358918117132956,0.9092252611132368,10.00562572479248,0.22514373064041138,0.16597683541476727,0.10466084256768227,0.0,0.22514373064041138,0.8610188663005829,0.28477371461463696,0.5240932721080203,0.11402932035200523,0.0,0.28477371461463696,0.8333490472851377
377,0.0001,0.21318237204104662,0.9583660530503567,0.5860400055394028,0.8389153193033625,0.911055959438862,10.482529878616333,0.2295596105977893,0.16649061907082796,0.10701736668124795,0.0,0.2295596105977893,0.8596259467303753,0.2857306364810828,0.523483187863321,0.11459072747013786,0.0,0.2857306364810828,0.8334345799503904
378,0.0001,0.20737787801772356,0.9596293488385641,0.5763977513168798,0.8398420528540961,0.9116438855690382,9.502758741378784,0.22190190106630325,0.16019766964018345,0.10393974371254444,0.0,0.22190190106630325,0.8612687401473522,0.28318914319529676,0.5099513061118849,0.11238115574374344,0.0,0.28318914319529676,0.8351928393046061
379,0.0001,0.2124404590576887,0.957676884217532,0.5795114798979326,0.8393327861135694,0.9113158892375602,9.674904823303223,0.22490420378744602,0.16663883719593287,0.10566300805658102,0.0,0.22490420378744602,0.8639108017086983,0.28277690121621796,0.5153553052382036,0.1126285655931993,0.0,0.28277690121621796,0.8362360163168474
380,0.0001,0.20779610890895128,0.9601653701153906,0.5779083714340673,0.8394000814576413,0.911379099191806,11.935847043991089,0.2240581726655364,0.1587392734363675,0.10505152912810445,0.0,0.2240581726655364,0.8627970926463604,0.2823025313290683,0.5147721695177483,0.11561025272716176,0.0,0.2823025313290683,0.8363655796556762
381,0.0001,0.2114115245640278,0.9588262426378283,0.5773969346826727,0.8397842590254078,0.9116318165791496,9.741576194763184,0.22589753940701485,0.1648319996893406,0.10721699334681034,0.0,0.22589753940701485,0.8605223000049591,0.28184725299026026,0.5143795681722236,0.11731252977342317,0.0,0.28184725299026026,0.8350234140049327
382,0.0001,0.2063540555536747,0.9604198639356019,0.583232399189111,0.8383530770310044,0.9107096246970657,10.248027086257935,0.22572483494877815,0.1562758949585259,0.10587684065103531,0.0,0.22572483494877815,0.8612267524003983,0.2839013464523084,0.5212495399243904,0.114789551857746,0.0,0.2839013464523084,0.8326766229037083
383,0.0001,0.20390220638364553,0.9603237173497857,0.5873133847207734,0.8375555689734251,0.9102211437601875,10.122162342071533,0.21538904774934053,0.1617416776716709,0.10191375249996781,0.0,0.21538904774934053,0.8721307329833508,0.2848586277528243,0.5246408238555446,0.11656418713656339,0.0,0.2848586277528243,0.832921587156527
384,0.0001,0.21032258961349726,0.9589668385371353,0.5795574766216856,0.8390278914558039,0.9111330838093366,10.315838098526001,0.226023243740201,0.1630317149683833,0.10587499151006341,0.0,0.226023243740201,0.8628012910485268,0.282007249918851,0.5161890116604891,0.11509441787546332,0.0,0.282007249918851,0.8373316544474978
385,0.0001,0.20504743698984385,0.9601502564652136,0.5797789205204357,0.8401122514110362,0.9117490368537364,10.53936243057251,0.2209855169057846,0.15821354370564222,0.10590182291343808,0.0,0.2209855169057846,0.866971630603075,0.28287344267874054,0.5191810239445079,0.1167781109159643,0.0,0.28287344267874054,0.8338983311797633
386,0.0001,0.19977830816060305,0.961224809178962,0.586834091128725,0.83744194283564,0.9101492601251989,10.152641534805298,0.2184724435210228,0.1540663824416697,0.10287158051505685,0.0,0.2184724435210228,0.8662634119391441,0.28131218751271564,0.5267088611920675,0.11588814403071548,0.0,0.28131218751271564,0.8331529317480145
387,0.0001,0.20136348064988852,0.9614396598656844,0.5890606208281084,0.8375588074784457,0.9101996283356285,10.15092945098877,0.21984608937054873,0.1546885445713997,0.10415974259376526,0.0,0.21984608937054873,0.8704213537275791,0.2822821176413334,0.5297087394829952,0.1192524487322027,0.0,0.2822821176413334,0.8327784393772935
388,0.0001,0.20133427251130342,0.9611110106525979,0.5811578432718912,0.8401660737980159,0.9117845662447899,10.339781284332275,0.21652661450207233,0.1558348718099296,0.10441616456955671,0.0,0.21652661450207233,0.871589370071888,0.28056525280981354,0.5207153323924902,0.11351885533694064,0.0,0.28056525280981354,0.8354667262597517
389,0.0001,0.20751748606562614,0.9596066346079254,0.5833703676859537,0.8389454882145726,0.9111025320872358,10.303810358047485,0.22405463550239801,0.16114680375903845,0.10417845891788602,0.0,0.22405463550239801,0.8617976866662502,0.2815998070167773,0.5220173109661449,0.11512870048031662,0.0,0.2815998070167773,0.8355707255276766
390,0.0001,0.1983285965397954,0.9613464110063679,0.5864329049081514,0.8376109972917415,0.9102313252770268,10.054612398147583,0.21289912052452564,0.15533414296805859,0.10332868713885546,0.0,0.21289912052452564,0.8745453916490078,0.2811930938200517,0.5246597998069994,0.1131236684141737,0.0,0.2811930938200517,0.8364469788291238
391,0.0001,0.20390153396874666,0.9603010536616724,0.585375554633863,0.8383638262734551,0.9106985313053931,10.753408432006836,0.2173718549311161,0.1599641628563404,0.10252760956063867,0.0,0.2173718549311161,0.8666494376957417,0.2832665027994098,0.5227095520857609,0.11378612753116724,0.0,0.2832665027994098,0.835660356463808
392,0.0001,0.19630701560527086,0.962591628066576,0.5846816337469852,0.8381306482792651,0.9105595149950749,10.29825735092163,0.21346935257315636,0.1522878259420395,0.10221951501443982,0.0,0.21346935257315636,0.8724799901247025,0.28459827466444537,0.5206390763774063,0.11592278697273949,0.0,0.28459827466444537,0.8327483137448629
393,0.0001,0.20494774915277958,0.9599097891861477,0.5900219642754757,0.8372178738925738,0.910041564100949,11.206043720245361,0.22081802040338516,0.15859434846788645,0.10489326203241944,0.0,0.22081802040338516,0.8665576763451099,0.2815120581424598,0.5288998484611511,0.11443669868238045,0.0,0.2815120581424598,0.83634507114237
394,0.0001,0.20363725256174803,0.9604192085546717,0.5910896749207468,0.8371432998354329,0.9100431208820562,11.707147121429443,0.22265989240258932,0.15861963666975498,0.10379893146455288,0.0,0.22265989240258932,0.8655487522482872,0.28216246763865155,0.5302536577889414,0.11546798547108968,0.0,0.28216246763865155,0.8356045827721105
395,0.0001,0.20632460620254278,0.9590803398313573,0.5927807779023142,0.8372701085659635,0.9100909861777674,9.977824211120605,0.22112332936376333,0.16216128272935748,0.10438834736123681,0.0,0.22112332936376333,0.8630411326885223,0.2808414733771122,0.5331673874999537,0.11550236199841354,0.0,0.2808414733771122,0.8342233426643141
396,0.0001,0.20235149003565311,0.9609765677445404,0.5885853478402803,0.8374699359856951,0.9102596510563201,10.059549331665039,0.22117523197084665,0.15457700844854116,0.10280036646872759,0.0,0.22117523197084665,0.864361722022295,0.28076779661756573,0.52814130710833,0.11728307966030005,0.0,0.28076779661756573,0.8347371039968549
397,0.0001,0.20153573155403137,0.960477764893752,0.5974665771831166,0.8359490739379646,0.9093028909035286,11.365643978118896,0.21850136015564203,0.1571768932044506,0.1035401588305831,0.0,0.21850136015564203,0.8707053661346436,0.28487670240980206,0.5356233047716545,0.11538783618898103,0.0,0.28487670240980206,0.8330366774038835
398,0.0001,0.20436495542526245,0.959904220209406,0.5958911830728705,0.8364534630211952,0.9096791433675288,10.210163116455078,0.21887402050197124,0.16104668099433184,0.10368749592453241,0.0,0.21887402050197124,0.8676908239722252,0.284453935695417,0.5330041195407058,0.11684558518005139,0.0,0.284453935695417,0.8353402126919139
399,0.0001,0.2087165294215083,0.9595962657452674,0.5980951713793206,0.8355044102658239,0.9090561713130226,9.982632160186768,0.22193605173379183,0.16423408221453428,0.1056579896248877,0.0,0.22193605173379183,0.8666479736566544,0.2810427456191092,0.5374318957328796,0.11474301598288796,0.0,0.2810427456191092,0.8348906852982261
