epoch,lr,loss,iou,val_loss,val_iou,val_dice,epoch_sec,train_ctrl,train_ma_mean,train_rho_std,train_ctrl_bce,train_cell_iou,val_ctrl,val_ma_mean,val_rho_std,val_ctrl_bce,val_cell_iou,norm_route1_wc,norm_route1_wa,norm_route1_beta,norm_route2_wc,norm_route2_wa,norm_route2_beta,norm_route3_wc,norm_route3_wa,norm_route3_beta,norm_route4_wc,norm_route4_wa,norm_route4_beta
0,0.0001,0.9831743910908699,0.4283192129362181,1.0495926936467488,3.866296202796424e-05,7.732255577023652e-05,72.91857552528381,0.6930875405669212,0.497166870161891,0.0008283026973003871,0.6930875405669212,0.07215451056799793,0.6931762460506323,0.4985820506558274,8.486953954685085e-05,0.6931762460506323,0.0,0.02574290707707405,0.025324342772364616,0.009951140731573105,0.03925348445773125,0.039614856243133545,0.009495383128523827,0.07522835582494736,0.07474305480718613,0.01157165877521038,0.0784747377038002,0.07896208018064499,0.011456124484539032
1,0.0001,0.8979079350829124,0.5859455648042073,1.0588799100933652,0.12372951591432568,0.21996450469870713,9.787687540054321,0.6923046186566353,0.4907518569380045,0.0029737775621470064,0.6923046186566353,0.41576028522104025,0.6931438807285193,0.4954212687232278,0.0007176768849603832,0.6931438807285193,0.4865507754412564,0.050519976764917374,0.0487375482916832,0.02127963677048683,0.06634896248579025,0.06704463064670563,0.02007696032524109,0.11300184577703476,0.11213365197181702,0.01721658743917942,0.1052471399307251,0.10595429688692093,0.016557684168219566
2,0.0001,0.8439776971936226,0.6389576417073634,0.9625091263742158,0.5288890491943832,0.6898204305204998,10.300428867340088,0.6905157044529915,0.48289159312844276,0.005256540782283992,0.6905157044529915,0.5043217074126005,0.6928737524783972,0.4893876819899588,0.0017672294052317739,0.6928737524783972,0.5262488162878788,0.07299238443374634,0.07014933973550797,0.0323188342154026,0.0890282616019249,0.08986178785562515,0.03036622889339924,0.14322993159294128,0.1432294100522995,0.021677741780877113,0.12622028589248657,0.12711551785469055,0.021119963377714157
3,0.0001,0.7835481911897659,0.6933122515096423,0.966566284497579,0.5288890491943832,0.6898204305204998,10.178691625595093,0.6868642643094063,0.4747343473136425,0.007377709582215175,0.6868642643094063,0.5463724881410599,0.692733266136863,0.4843895001844926,0.0024278438015078955,0.692733266136863,0.5262488162878788,0.094023197889328,0.09008020162582397,0.042868226766586304,0.10824231058359146,0.10870460420846939,0.04048566520214081,0.16494132578372955,0.1637456864118576,0.02506805583834648,0.14225713908672333,0.14169545471668243,0.024446208029985428
4,0.0001,0.7670967355370522,0.6860255483345307,0.9769740249171401,0.5318000538797784,0.6922397547637278,9.784019947052002,0.6820259429514408,0.4662395268678665,0.009490739495959133,0.6820259429514408,0.553136358037591,0.6924174536358226,0.4803607924418016,0.0037706205974135437,0.6924174536358226,0.526166019114581,0.11228036135435104,0.1074017882347107,0.051784660667181015,0.12604795396327972,0.125721275806427,0.049768999218940735,0.18443867564201355,0.18296587467193604,0.028706809505820274,0.15839876234531403,0.15665218234062195,0.028669772669672966
5,0.0001,0.7384925223886967,0.7114004034161762,0.9278133926969586,0.521099663366091,0.6823202940231177,10.963968992233276,0.6742287948727608,0.4576369281858206,0.011182661750353873,0.6742287948727608,0.5873655751347542,0.6901692874503859,0.4742973212039832,0.004209315869957209,0.6901692874503859,0.5269536637898647,0.12808524072170258,0.12213469296693802,0.05938364192843437,0.14151863753795624,0.14077870547771454,0.05790494382381439,0.2006932646036148,0.19914211332798004,0.03161359950900078,0.17199678719043732,0.16851864755153656,0.03240134194493294
6,0.0001,0.7120827920734882,0.7345194124500253,0.869971311453617,0.559689572865009,0.7138053366274494,10.512183904647827,0.665659349411726,0.4488251321017742,0.013850008370354772,0.665659349411726,0.6031589638441801,0.684188678409114,0.4626085667899161,0.006303800382848942,0.684188678409114,0.5340434195417346,0.14323636889457703,0.1359487622976303,0.06669338047504425,0.15673846006393433,0.1551729291677475,0.06602072715759277,0.21444036066532135,0.2134184092283249,0.034896790981292725,0.18501627445220947,0.17849767208099365,0.03587224707007408
7,0.0001,0.6994834318757057,0.7355291519005611,0.8167561834508722,0.5960655490414313,0.7436860360674629,13.850017786026001,0.6560316942632198,0.4390324093401432,0.015746564196888357,0.6560316942632198,0.6037237346172333,0.677482337662668,0.45379434390501544,0.007933318191631273,0.677482337662668,0.5494496551426974,0.15752486884593964,0.14854583144187927,0.07346867769956589,0.17060068249702454,0.16884349286556244,0.07371397316455841,0.22742629051208496,0.2262529730796814,0.03823556751012802,0.19720906019210815,0.18867775797843933,0.039411675184965134
8,0.0001,0.6807133853435516,0.7457218173042717,0.7984811248201312,0.635190200078657,0.7739287708738523,11.35896110534668,0.6465783827006817,0.4305219054222107,0.016889858641661704,0.6465783827006817,0.6273880079388618,0.6701112190882365,0.4475798751368667,0.009238891218873587,0.6701112190882365,0.5727651399193388,0.17089690268039703,0.15986368060112,0.07972535490989685,0.18436922132968903,0.18157829344272614,0.08057858794927597,0.24067702889442444,0.23915477097034454,0.04204297065734863,0.21416205167770386,0.20069950819015503,0.04313123971223831
9,0.0001,0.6677631959319115,0.7566663880768542,0.7904393781315197,0.6352497189930474,0.7755782485834674,13.118044137954712,0.6342768371105194,0.4197090268135071,0.018736741272732615,0.6342768371105194,0.6369790360331535,0.6692651618610729,0.43912070628368494,0.009841855530711737,0.6692651618610729,0.5546965102354685,0.18373800814151764,0.17024852335453033,0.08564044535160065,0.1987340897321701,0.1937425583600998,0.0878051370382309,0.25308671593666077,0.25218912959098816,0.04560071602463722,0.22653259336948395,0.20915870368480682,0.04748842492699623
10,0.0001,0.6577537581324577,0.7643021428573769,0.777754834204009,0.6423826834901537,0.7791501554986469,64.99983978271484,0.6232837587594986,0.40933416225016117,0.020889961975626647,0.6232837587594986,0.6360272727906704,0.6596971894755508,0.4226548960714629,0.012518420815467834,0.6596971894755508,0.5664698057102434,0.19612902402877808,0.18004609644412994,0.09123089909553528,0.2113027274608612,0.20522746443748474,0.09389466047286987,0.26449504494667053,0.26208779215812683,0.04838208854198456,0.23841245472431183,0.21731358766555786,0.04966157674789429
11,0.0001,0.6451134048402309,0.7689898888471127,0.7446059367873452,0.6770593870492301,0.8058169140142414,92.81072282791138,0.6124151349067688,0.3978581950068474,0.02324094087816775,0.6124151349067688,0.6461694538593292,0.6561702598224987,0.41376914309732843,0.013759842170684627,0.6561702598224987,0.5629589386058577,0.20867502689361572,0.1892552673816681,0.09693323820829391,0.22345848381519318,0.21528664231300354,0.10125058889389038,0.27345892786979675,0.2706739604473114,0.050373755395412445,0.24808338284492493,0.2232581526041031,0.052632566541433334
12,0.0001,0.6249077990651131,0.7777252023331261,0.7837860042398627,0.6038708428288021,0.7503553643685739,72.79535722732544,0.5982311256229877,0.3887114617973566,0.026281473226845264,0.5982311256229877,0.6679918840527534,0.6402117122303356,0.4128310499769269,0.01652697298788663,0.6402117122303356,0.6019322501890587,0.22147317230701447,0.19823402166366577,0.10264193266630173,0.234220489859581,0.22439227998256683,0.10771428048610687,0.28265807032585144,0.2789372205734253,0.053445495665073395,0.2576223611831665,0.2289716750383377,0.05622990429401398
13,0.0001,0.614297803491354,0.7878914367388163,0.7208040446946116,0.7042397999694893,0.8246136901284532,80.79672241210938,0.5886343792080879,0.3780747000128031,0.029872235492803156,0.5886343792080879,0.6524966508150101,0.6513800873900905,0.3956069765668927,0.015501401246045574,0.6513800873900905,0.5495395181757031,0.23379884660243988,0.2064199447631836,0.10808765143156052,0.24458058178424835,0.23276907205581665,0.11465474963188171,0.28909116983413696,0.2825796604156494,0.05502171441912651,0.2661430835723877,0.2329881638288498,0.05958922579884529
14,0.0001,0.601068764925003,0.7960703344592029,0.7579797253464208,0.6684721737900333,0.7991128621496992,78.70115971565247,0.5744430646300316,0.36735499650239944,0.031033341656439006,0.5744430646300316,0.6765338815748692,0.6410470839702722,0.389143427213033,0.017548580061305653,0.6410470839702722,0.571278534152291,0.24604319036006927,0.2143632173538208,0.1136365681886673,0.254962295293808,0.24166372418403625,0.12151208519935608,0.298292338848114,0.28853219747543335,0.057063259184360504,0.2744688391685486,0.23651956021785736,0.062392331659793854
15,0.0001,0.5930242165923119,0.7929657277148243,0.747388097372922,0.6419788421465593,0.779997625612604,29.23650336265564,0.5686186142265797,0.3615623712539673,0.03203094576019794,0.5686186142265797,0.6775956749916077,0.631802681720618,0.398614994504235,0.016367299030676033,0.631802681720618,0.6165065458326628,0.25786495208740234,0.22217957675457,0.11896713078022003,0.2653294503688812,0.249826118350029,0.1280057728290558,0.3069702982902527,0.29395779967308044,0.05969328060746193,0.28211089968681335,0.24038852751255035,0.06441785395145416
16,0.0001,0.5848166383802891,0.7998255444641708,0.7516865549665509,0.6412585346094186,0.7787600066658946,30.707299947738647,0.5551734194159508,0.35014509223401546,0.03459687647409737,0.5551734194159508,0.6840598843991756,0.6383786056980942,0.35576531742558337,0.022450048420013802,0.6383786056980942,0.5648577719023733,0.2691408097743988,0.22930768132209778,0.1239757314324379,0.27445322275161743,0.2567324638366699,0.1343536376953125,0.3148944675922394,0.29983189702033997,0.06215153634548187,0.28947100043296814,0.24274633824825287,0.0668531134724617
17,0.0001,0.578330609947443,0.7978562895635005,0.707887483365608,0.6856655681999185,0.8114559676666087,52.9807493686676,0.5451925992965698,0.34311979822814465,0.036703500896692276,0.5451925992965698,0.6798217855393887,0.6355509342569293,0.3670327464739482,0.01872824245330059,0.6355509342569293,0.5660859337358763,0.2801099419593811,0.23606495559215546,0.1287800818681717,0.2838728427886963,0.2633238434791565,0.14027062058448792,0.32069140672683716,0.3018924593925476,0.06388424336910248,0.29685696959495544,0.24524126946926117,0.07108692824840546
18,0.0001,0.5714127011597157,0.7992004993162307,0.7270155874165621,0.6740333448302014,0.8025724073629028,49.10015892982483,0.5333912447094917,0.33331470377743244,0.03852991946041584,0.5333912447094917,0.6851329915225506,0.6245099577036771,0.36841023600462713,0.01803757058400096,0.6245099577036771,0.5896158191290769,0.29153987765312195,0.24261297285556793,0.13392482697963715,0.29219168424606323,0.2692485749721527,0.14576928317546844,0.32826197147369385,0.30845290422439575,0.06679274141788483,0.3052331805229187,0.24927718937397003,0.07456543296575546
19,0.0001,0.5529316030442715,0.8167796390505103,0.799611301133127,0.5629849695284417,0.714527773868066,56.34063529968262,0.5253634285181761,0.3266737684607506,0.03936739615164697,0.5253634285181761,0.6898169443011284,0.6025150111227324,0.3756138772675485,0.022317505526271732,0.6025150111227324,0.6437505194635103,0.3026273548603058,0.24910160899162292,0.13881824910640717,0.3019164204597473,0.27652600407600403,0.15227457880973816,0.33553749322891235,0.3135676085948944,0.06916362047195435,0.31220781803131104,0.25101226568222046,0.07767996937036514
20,0.0001,0.5553274434059858,0.8011822421878154,0.6777622519117413,0.7060209746288861,0.8259209475245763,12.719085454940796,0.517982130870223,0.3203896041959524,0.040325591806322336,0.517982130870223,0.6962444260716438,0.6217748902060769,0.3185251328078183,0.025488186740514004,0.6217748902060769,0.5613751248879866,0.31316590309143066,0.2552763521671295,0.14356133341789246,0.3127431273460388,0.28400877118110657,0.1583544760942459,0.34243080019950867,0.3165609836578369,0.07086985558271408,0.31960025429725647,0.25229912996292114,0.08028769493103027
21,0.0001,0.5405159071087837,0.8166103220212856,0.6768124356414332,0.7087381941868092,0.8271712994216338,13.89352035522461,0.50527673214674,0.3113096561282873,0.04130940418690443,0.50527673214674,0.7068121433258057,0.6064050522717562,0.3702717929175406,0.020336037783911735,0.6064050522717562,0.6210556933374116,0.3245171904563904,0.26096951961517334,0.14837339520454407,0.32050153613090515,0.28847256302833557,0.16479118168354034,0.34871160984039307,0.32053232192993164,0.07295416295528412,0.32601267099380493,0.25398433208465576,0.08378777652978897
22,0.0001,0.5296770967543125,0.8259609701454427,0.6781004540848009,0.7155773007839896,0.8319118148235969,63.994829177856445,0.49304198659956455,0.3015512637794018,0.043006167048588395,0.49304198659956455,0.7140053659677505,0.608934344667377,0.3673784886345719,0.01988805875633702,0.608934344667377,0.6083200185587911,0.3354073762893677,0.2663569152355194,0.15337687730789185,0.3295600712299347,0.2949681878089905,0.171627938747406,0.35191628336906433,0.32236599922180176,0.074834905564785,0.3302454948425293,0.2532137334346771,0.08503654599189758
23,0.0001,0.5233239755034447,0.8273129124359068,0.6813871643759988,0.688361382690367,0.8140867192909309,62.012526988983154,0.48815467953681946,0.2974288985133171,0.04333074809983373,0.48815467953681946,0.7130756601691246,0.6186686031746141,0.3358600844036449,0.02103920749416857,0.6186686031746141,0.5777465547576095,0.34591469168663025,0.27169615030288696,0.15805979073047638,0.3365263044834137,0.29950428009033203,0.17705561220645905,0.3576272130012512,0.32351967692375183,0.0766824409365654,0.3353504538536072,0.25200921297073364,0.0864395946264267
24,0.0001,0.5084485206753016,0.8341564143743853,0.7340202150922833,0.6550319966093587,0.788965860511003,28.245761156082153,0.4752611555159092,0.28935269825160503,0.044475110014900565,0.4752611555159092,0.7236290946602821,0.6229955644318552,0.3059625806230487,0.02723589234731414,0.6229955644318552,0.5657745590715697,0.3569130003452301,0.2766849398612976,0.16278107464313507,0.34463241696357727,0.3047850430011749,0.18215343356132507,0.36362895369529724,0.32702571153640747,0.07993731647729874,0.3384861946105957,0.2508276700973511,0.08819150179624557
25,0.0001,0.5021953973919153,0.8373670656192862,0.6627629200617472,0.7029080398125775,0.8229513187782151,57.89867639541626,0.47048058919608593,0.28353353403508663,0.0449782176874578,0.47048058919608593,0.7241802401840687,0.5792729782335686,0.3457228595560247,0.024893763277566795,0.5792729782335686,0.6384325569326227,0.36766931414604187,0.2814132571220398,0.1675073355436325,0.35287415981292725,0.31047573685646057,0.18882791697978973,0.3639404773712158,0.32642850279808044,0.0812014564871788,0.3431541323661804,0.25004515051841736,0.09043294936418533
26,0.0001,0.5140811651945114,0.8176519372523945,0.6786747123255874,0.6816280474942975,0.807918912219346,61.19221568107605,0.4677857905626297,0.27824463322758675,0.04649374424479902,0.4677857905626297,0.7178740501403809,0.605628434455756,0.3258845869338874,0.02298978433916063,0.605628434455756,0.5859108224059596,0.3775019943714142,0.2858845591545105,0.17187921702861786,0.3601052165031433,0.31470516324043274,0.1928245723247528,0.37088561058044434,0.3305334150791168,0.08318361639976501,0.348937451839447,0.2497553825378418,0.09308287501335144
27,0.0001,0.4973331857472658,0.8289282798181452,0.6714235779010889,0.6921006369917704,0.8159975705631791,68.01155591011047,0.4581502266228199,0.27173105627298355,0.04699439834803343,0.4581502266228199,0.7233255282044411,0.5779992829669606,0.32768663041519397,0.025094237291451656,0.5779992829669606,0.6254720462091041,0.3884393870830536,0.29085445404052734,0.17634595930576324,0.36832794547080994,0.3186940848827362,0.19734619557857513,0.37617072463035583,0.33365029096603394,0.08603531122207642,0.3550599217414856,0.2498435378074646,0.0955100953578949
28,0.0001,0.4930352531373501,0.8302800110440907,0.7448537710941199,0.6431566765344569,0.7795750763350073,22.809186697006226,0.4496784768998623,0.26776874251663685,0.04578700382262468,0.4496784768998623,0.7348208650946617,0.6633411645889282,0.24473045179338165,0.034072158124410744,0.6633411645889282,0.5479047081687234,0.3985713720321655,0.2955559194087982,0.18078181147575378,0.3754308223724365,0.3211921751499176,0.2034980207681656,0.37873032689094543,0.33463919162750244,0.08816982805728912,0.3577764928340912,0.2480965256690979,0.09791016578674316
29,0.0001,0.49069239757955074,0.8289643206497538,0.7528457569353508,0.6269317338264083,0.7655927351158229,23.212817430496216,0.44957733526825905,0.26394048146903515,0.04818635946139693,0.44957733526825905,0.7273227460682392,0.6321917103998589,0.26647137331240106,0.031566293627926796,0.6321917103998589,0.5657863589850339,0.4091796875,0.3001096248626709,0.18502339720726013,0.383187860250473,0.32587435841560364,0.20834548771381378,0.3827476501464844,0.3373098373413086,0.09090034663677216,0.36095771193504333,0.24673156440258026,0.09946832805871964
30,0.0001,0.47770024836063385,0.8402313498094094,0.6771925344611659,0.6776711783343913,0.8049888168151804,19.07080626487732,0.4413011912256479,0.25606154929846525,0.047370652202516794,0.4413011912256479,0.7338115274906158,0.5837659402327104,0.31898187778212805,0.024490240453319115,0.5837659402327104,0.6152462038126859,0.41917523741722107,0.3045264184474945,0.18946443498134613,0.390227735042572,0.33078229427337646,0.21448490023612976,0.3858703374862671,0.33896100521087646,0.09283579140901566,0.3622899353504181,0.24440644681453705,0.10155294090509415
31,0.0001,0.46114170365035534,0.851048871775322,0.6967799916411891,0.6769694732057866,0.8036688991919433,14.555313348770142,0.42358557879924774,0.2504117554053664,0.046715539414435625,0.42358557879924774,0.7509535849094391,0.620141883691152,0.2772549670754057,0.029048697063417145,0.620141883691152,0.5722916595863573,0.4298534393310547,0.3086148798465729,0.19392935931682587,0.39531663060188293,0.33287033438682556,0.21956732869148254,0.38832443952560425,0.3402370512485504,0.09459225833415985,0.36396023631095886,0.24139273166656494,0.104193314909935
32,0.0001,0.4733564034104347,0.835550534147388,0.7368231108694365,0.5888276619343984,0.7381565011868414,20.39726686477661,0.42855821549892426,0.24578015506267548,0.04683052864857018,0.42855821549892426,0.7379973381757736,0.5660634889747157,0.33592747648557025,0.029459801925854248,0.5660634889747157,0.6316429033423915,0.43914899230003357,0.3121064007282257,0.19828692078590393,0.4015754759311676,0.33742645382881165,0.22465597093105316,0.38922762870788574,0.3407944440841675,0.09696736186742783,0.36528390645980835,0.23820920288562775,0.1059645488858223
33,0.0001,0.4608770366758108,0.8430276865904368,0.6896985263535471,0.6777825970689298,0.8042787010518021,25.392117977142334,0.4218660295009613,0.2431580275297165,0.04870781511999667,0.4218660295009613,0.7440608143806458,0.618993423201821,0.2435095048311985,0.032663518619356735,0.618993423201821,0.5703688417420243,0.44965291023254395,0.3163827955722809,0.20230711996555328,0.40937915444374084,0.34125491976737976,0.2285524606704712,0.3929160237312317,0.3420679569244385,0.09956062585115433,0.36582252383232117,0.23545622825622559,0.10685017704963684
34,0.0001,0.45610747672617435,0.8467839163315469,0.6850379452560887,0.6569259592426004,0.7901099369876073,38.49862360954285,0.4182927943766117,0.2360954312607646,0.048609261168166995,0.4182927943766117,0.7371783256530762,0.587022299116308,0.2887919716762774,0.02653340148654851,0.587022299116308,0.595555659496423,0.45947161316871643,0.3197178244590759,0.2066553831100464,0.4150400757789612,0.34520411491394043,0.2334212064743042,0.3948383331298828,0.3465456962585449,0.10137918591499329,0.3685225248336792,0.2340989112854004,0.10868692398071289
35,0.0001,0.45315592363476753,0.8429002268643261,0.6566562327471647,0.6828498655919376,0.8082904645660555,42.337961196899414,0.41450115479528904,0.23318164609372616,0.04754218924790621,0.41450115479528904,0.742304690182209,0.5532981193426884,0.29834525151686236,0.027905421726631397,0.5532981193426884,0.6410187130624597,0.4684252142906189,0.3231734335422516,0.21089652180671692,0.4199739694595337,0.34792667627334595,0.23881761729717255,0.39684098958969116,0.347355455160141,0.1029381975531578,0.3725547194480896,0.232426717877388,0.11169331520795822
36,0.0001,0.4420089218765497,0.8484805902709017,0.5932858062512947,0.7490702661402479,0.8537287878739311,11.371418476104736,0.4022091031074524,0.2308517349883914,0.04730965010821819,0.4022091031074524,0.760128740221262,0.5499104261398315,0.29155640529863763,0.02676847819803339,0.5499104261398315,0.6355454677885229,0.4779667854309082,0.32672908902168274,0.21506914496421814,0.4261951446533203,0.3520982265472412,0.24298882484436035,0.4000864028930664,0.34957122802734375,0.10442787408828735,0.37457674741744995,0.22939607501029968,0.11381302028894424
37,0.0001,0.4343244433403015,0.8582469679878078,0.6239490328413068,0.7156190375998057,0.8305287825762526,43.51203513145447,0.3998422846198082,0.22619496937841177,0.04694892792031169,0.3998422846198082,0.7575777918100357,0.5448231769330574,0.2676638283512809,0.029647751570199474,0.5448231769330574,0.6392080576130839,0.4886496663093567,0.3298880457878113,0.21949096024036407,0.4318721294403076,0.35577693581581116,0.24770495295524597,0.4011770486831665,0.3506128489971161,0.10630451142787933,0.37254342436790466,0.22565853595733643,0.11428916454315186
38,0.0001,0.42542929016053677,0.8592940013712984,0.6568242564345851,0.6907353986006842,0.8142568385666735,90.49439597129822,0.39264674112200737,0.22254416532814503,0.04844464571215212,0.39264674112200737,0.764046736061573,0.5648393667105472,0.2610433282274188,0.02809474210847508,0.5648393667105472,0.6155676019914222,0.4981832504272461,0.3335074484348297,0.22379767894744873,0.4362238645553589,0.3586966395378113,0.253349632024765,0.4024757146835327,0.3524501621723175,0.10801348835229874,0.37359607219696045,0.22300851345062256,0.11639384180307388
39,0.0001,0.4317867327481508,0.8492800925934816,0.7363947810548724,0.5956592630898719,0.7426125319541255,66.09206461906433,0.3936136029660702,0.21842616517096758,0.048496870789676905,0.3936136029660702,0.7555941641330719,0.5621958248543016,0.27655970418091974,0.027766847362120945,0.5621958248543016,0.6192735252958356,0.5071437358856201,0.336559534072876,0.22819174826145172,0.4400678277015686,0.360276460647583,0.2580493092536926,0.403724730014801,0.3527563810348511,0.10982899367809296,0.3758452832698822,0.22048541903495789,0.11806289851665497
40,0.0001,0.4221971891820431,0.8575431397485561,0.6359470071214618,0.7019329108561291,0.8221796040709758,76.8935878276825,0.3885521572083235,0.21957112662494183,0.04814170626923442,0.3885521572083235,0.7631519548594952,0.5566727519035339,0.2581443560845924,0.03146059015257792,0.5566727519035339,0.6195680399735769,0.5163863897323608,0.34105706214904785,0.23211735486984253,0.44586271047592163,0.3627679646015167,0.2626887857913971,0.4067220985889435,0.3544366657733917,0.1121310219168663,0.37818020582199097,0.21791942417621613,0.12027210742235184
41,0.0001,0.42774868570268154,0.84567721915013,0.5982823733127478,0.7275023162216865,0.8401228556090324,77.49315237998962,0.3854624107480049,0.21459275763481855,0.04805132141336799,0.3854624107480049,0.7620174959301949,0.5180469895854141,0.23523618732437943,0.0374566727515423,0.5180469895854141,0.6467497782273726,0.5246169567108154,0.3440796136856079,0.236350417137146,0.4501837193965912,0.3654758632183075,0.2659241557121277,0.4082012176513672,0.357224702835083,0.11378728598356247,0.3792622685432434,0.21615885198116302,0.12175057828426361
42,0.0001,0.45054682716727257,0.8229463434079073,0.5801438346053615,0.7324190588326112,0.8434758983094565,78.28945088386536,0.3964880481362343,0.20915278512984514,0.04724543238990009,0.3964880481362343,0.7454559840261936,0.5320337667609706,0.26558973933711194,0.029028164505055458,0.5320337667609706,0.6429284765864863,0.5330589413642883,0.3474998474121094,0.2400566041469574,0.45527586340904236,0.36778751015663147,0.2692491114139557,0.41042837500572205,0.3621063530445099,0.11614002287387848,0.3829765021800995,0.21406826376914978,0.1241450384259224
43,0.0001,0.4233103580772877,0.8462916423218939,0.619289963534384,0.730898610001258,0.8429802054599274,69.19727230072021,0.3803807031363249,0.20860286336392164,0.04602451669052243,0.3803807031363249,0.764387771487236,0.6063422632939888,0.2386956779342709,0.02864918005511616,0.6063422632939888,0.5849605437481042,0.5399978756904602,0.35085588693618774,0.2436511218547821,0.4585374593734741,0.3686862885951996,0.27267757058143616,0.41433796286582947,0.36775922775268555,0.11872072517871857,0.3846428096294403,0.21125377714633942,0.1267370581626892
44,0.0001,0.42469653859734535,0.8440223080198916,0.5937353950558286,0.7299967042016202,0.8413301703036629,21.218255519866943,0.382912989705801,0.20582292694598436,0.047496153973042965,0.382912989705801,0.751465205103159,0.5656364090514906,0.2403702221133492,0.03256612022717794,0.5656364090514906,0.6160846090678013,0.5489892363548279,0.35442739725112915,0.24748137593269348,0.4623492956161499,0.36969587206840515,0.2776576280593872,0.41533148288726807,0.36840373277664185,0.12118595093488693,0.385948121547699,0.2090310901403427,0.1289529651403427
45,0.0001,0.4249051809310913,0.8407703682275588,0.5695044922106194,0.7460306415173171,0.8522593701231658,30.066917896270752,0.3816909212619066,0.20436509046703577,0.04649367369711399,0.3816909212619066,0.7552889697253704,0.5357662023920001,0.24042400446805087,0.032515024596994575,0.5357662023920001,0.6381605556516936,0.5568406581878662,0.3576435446739197,0.25102272629737854,0.46824517846107483,0.37340137362480164,0.28141987323760986,0.41741806268692017,0.37483683228492737,0.12317600846290588,0.3900187909603119,0.20692837238311768,0.1331302523612976
46,0.0001,0.4043053239583969,0.853952207900353,0.545156074292732,0.7568153517744326,0.8594465362609309,80.7025978565216,0.36922183260321617,0.20257197972387075,0.04585025925189257,0.36922183260321617,0.7698314115405083,0.506214333303047,0.2614268886320519,0.03128599302109444,0.506214333303047,0.6678861957607847,0.5664253830909729,0.36088642477989197,0.2546050250530243,0.4739498794078827,0.37679627537727356,0.285910427570343,0.41867712140083313,0.38139063119888306,0.12501993775367737,0.3900589644908905,0.20391874015331268,0.1350429803133011
47,0.0001,0.4009966403245926,0.8596747495802848,0.5614956906347564,0.7463024626513921,0.8521978443186335,66.99934935569763,0.36451535671949387,0.19638806488364935,0.0459046543110162,0.36451535671949387,0.7742218747735023,0.5219984777045973,0.2417805754777157,0.03123318607156927,0.5219984777045973,0.648367270375743,0.5763111710548401,0.36432042717933655,0.25839290022850037,0.47867757081985474,0.37923920154571533,0.291941374540329,0.41880738735198975,0.38323482871055603,0.1269875466823578,0.39191004633903503,0.2013055682182312,0.13834348320960999
48,0.0001,0.3811976835131645,0.8712693367387346,0.5921345136382363,0.7243193490029831,0.8362832308610609,79.19744348526001,0.35392428934574127,0.19289738405495882,0.04541253671050072,0.35392428934574127,0.7833849377930164,0.5364827098268451,0.245962533083829,0.028664722982229607,0.5364827098268451,0.6351915923031893,0.5848820805549622,0.36820727586746216,0.2623456120491028,0.4832797944545746,0.3816821873188019,0.29670819640159607,0.41932713985443115,0.3887998163700104,0.12860333919525146,0.39043566584587097,0.19746403396129608,0.13915370404720306
49,0.0001,0.3832306284457445,0.8691968398361816,0.5581322619409272,0.7483040999083274,0.8523743988444078,69.52346873283386,0.35489508882164955,0.19064662232995033,0.04535291250795126,0.35489508882164955,0.7766899727284908,0.5005327697956201,0.2555330287326466,0.031052786631114555,0.5005327697956201,0.6705272008072246,0.5936912894248962,0.3727540969848633,0.26629990339279175,0.48684823513031006,0.3832016885280609,0.3004905879497528,0.41935744881629944,0.3941516578197479,0.13070133328437805,0.38913145661354065,0.19405987858772278,0.14089542627334595
50,0.0001,0.3657747954130173,0.8832034015679973,0.5887189218492219,0.7283063440620225,0.8396818059154727,20.795215845108032,0.344806794077158,0.1877152742817998,0.0457464805804193,0.344806794077158,0.7867429181933403,0.5256418658025337,0.25029987503181805,0.02888769989438129,0.5256418658025337,0.6444477158965487,0.6019638180732727,0.37667298316955566,0.2702094614505768,0.4907985031604767,0.38430774211883545,0.30478787422180176,0.41848883032798767,0.3927980661392212,0.13223421573638916,0.3853297233581543,0.18969014286994934,0.14134277403354645
51,0.0001,0.3787472564727068,0.8674698474614211,0.575853244824843,0.7222563699100346,0.8347976713416037,63.51807403564453,0.3462216332554817,0.18639311846345663,0.04434039397165179,0.3462216332554817,0.7838520109653473,0.4838653929305799,0.24820954510659882,0.03499007987027818,0.4838653929305799,0.6812132100264231,0.609107255935669,0.37955552339553833,0.2742626368999481,0.4928298592567444,0.38565146923065186,0.30849528312683105,0.41847679018974304,0.3988558351993561,0.1344587802886963,0.3835505545139313,0.185308039188385,0.1426202654838562
52,0.0001,0.3937315121293068,0.8532582225467485,0.6255427291899016,0.713410234299673,0.8297093587321646,70.89838290214539,0.3564027175307274,0.18555232230573893,0.04478515591472387,0.3564027175307274,0.7753069661557674,0.6004571643742648,0.22943675563190924,0.027121001572319954,0.6004571643742648,0.5936088905189977,0.616578996181488,0.3841625154018402,0.2774806022644043,0.4989970326423645,0.38954126834869385,0.31182852387428284,0.4203084409236908,0.4070412814617157,0.13683710992336273,0.38174235820770264,0.18120400607585907,0.14402426779270172
53,0.0001,0.37241583690047264,0.8709465038564109,0.6528724431991577,0.6640060059544036,0.7933081101094314,42.054214000701904,0.35122731514275074,0.1864065807312727,0.04333394090645015,0.35122731514275074,0.7785988263785839,0.4991306752869577,0.2574197902823939,0.030298442608027748,0.4991306752869577,0.6715371382958961,0.6241724491119385,0.3890790045261383,0.2807106375694275,0.5049058794975281,0.39356109499931335,0.3163454234600067,0.4223896563053131,0.41763439774513245,0.13888736069202423,0.3811063766479492,0.17779138684272766,0.14617151021957397
54,0.0001,0.3830458074808121,0.8613677293570979,0.5941509983756326,0.7213534583802335,0.8340202359841502,14.390963077545166,0.35935582406818867,0.18220946192741394,0.04285154398530722,0.35935582406818867,0.7650976665318012,0.5366826924410734,0.22176471171957074,0.02958389772384456,0.5366826924410734,0.6363744708624753,0.6301975250244141,0.3910091519355774,0.2845052182674408,0.5070258975028992,0.39631542563438416,0.3205195665359497,0.4215483069419861,0.42302972078323364,0.14075905084609985,0.37998080253601074,0.17397546768188477,0.14751344919204712
55,0.0001,0.3669275585561991,0.8714307090879403,0.5384991837270332,0.7440830859450787,0.849380753670139,88.70659947395325,0.3428462017327547,0.1815980589017272,0.04284141189418733,0.3428462017327547,0.7823723889887333,0.4563634684591582,0.23577845096588135,0.033403926782987335,0.4563634684591582,0.699860315431248,0.6382298469543457,0.39556556940078735,0.2879515588283539,0.5122620463371277,0.39851614832878113,0.3255501687526703,0.4210740625858307,0.42755556106567383,0.14294645190238953,0.3772834837436676,0.1705605834722519,0.14873407781124115
56,0.0001,0.3865979555994272,0.8527838678814679,0.611656640515183,0.7180450216906773,0.8334534868135801,70.90976548194885,0.3537602834403515,0.18294583447277546,0.04150680219754577,0.3537602834403515,0.772093091160059,0.5839465964924205,0.19586116030360712,0.0318119116127491,0.5839465964924205,0.6088636409152638,0.6451524496078491,0.3991142809391022,0.2913501262664795,0.5156335830688477,0.3992880880832672,0.3296627998352051,0.42233166098594666,0.42856565117836,0.1457797884941101,0.37691494822502136,0.16744118928909302,0.1518278270959854
57,0.0001,0.36403202824294567,0.8687277886663635,0.5788484920154918,0.7329591424515468,0.843738325732696,78.28236961364746,0.33910177275538445,0.17945659160614014,0.04255634290166199,0.33910177275538445,0.7825041376054287,0.5671484145251188,0.2143430502125711,0.030585096753907925,0.5671484145251188,0.6171010967456934,0.6530177593231201,0.4029507339000702,0.2948063313961029,0.5193595886230469,0.4009428322315216,0.3335205316543579,0.4239245057106018,0.4394562542438507,0.14725278317928314,0.37674134969711304,0.16368038952350616,0.15376858413219452
58,0.0001,0.3480462320148945,0.8808829279769951,0.5739103736299457,0.7247884590149066,0.8381554688362388,67.20295906066895,0.3298194259405136,0.17518792767077684,0.043231756426393986,0.3298194259405136,0.7934789434075356,0.5005945761998495,0.24096238884058865,0.02756495110577706,0.5005945761998495,0.6623460794940139,0.6600961685180664,0.4077470004558563,0.2984056770801544,0.5222263932228088,0.4031708240509033,0.33734238147735596,0.4244343340396881,0.44828155636787415,0.14923791587352753,0.37340134382247925,0.15983614325523376,0.15436320006847382
59,0.0001,0.3793295454233885,0.8520900287362885,0.577412050781828,0.7293693843258685,0.8416324853207717,27.599843502044678,0.34763380140066147,0.17877544835209846,0.04126530117355287,0.34763380140066147,0.7714414969086647,0.5674465930823124,0.1892325896205324,0.029052168525981182,0.5674465930823124,0.6305387426506389,0.667522668838501,0.4112386107444763,0.3020148277282715,0.5238965153694153,0.4041402339935303,0.34143635630607605,0.42466849088668823,0.4469265937805176,0.15097969770431519,0.37389346957206726,0.1557789295911789,0.15585994720458984
60,0.0001,0.3581470102071762,0.8687218524312408,0.5230206088586287,0.7519012844598586,0.8556167433686998,37.87031364440918,0.3340676072984934,0.17659202311187983,0.04203047719784081,0.3340676072984934,0.7840598002076149,0.4324305129773689,0.22027396794521448,0.03417790839166352,0.4324305129773689,0.7205786127032656,0.6756095886230469,0.41436663269996643,0.30543768405914307,0.5263950228691101,0.4046679735183716,0.3456115424633026,0.4241819679737091,0.4619497060775757,0.1539427936077118,0.37330225110054016,0.15348544716835022,0.15750500559806824
61,0.0001,0.34957688860595226,0.8729770295150882,0.5593416997880647,0.7367707531702472,0.8448539937441233,77.1846489906311,0.3332331795245409,0.17282400932163,0.042113767471164465,0.3332331795245409,0.7825103178620338,0.5017192002498743,0.22483022465850366,0.03179760113584273,0.5017192002498743,0.6588245494799181,0.6831269264221191,0.4185434877872467,0.30867481231689453,0.5299087166786194,0.4070926308631897,0.3490164279937744,0.424441397190094,0.48151659965515137,0.15656061470508575,0.3694213032722473,0.15039516985416412,0.15827827155590057
62,0.0001,0.3591754250228405,0.8620175522955471,0.48423262617804785,0.7870880263672552,0.8789653312681344,57.87959909439087,0.33794772811234,0.1742700608447194,0.04057055525481701,0.33794772811234,0.7796073779463768,0.4546124212669604,0.20451367939963486,0.03339697883436174,0.4546124212669604,0.7024283056909387,0.6876972317695618,0.4227389395236969,0.311869353055954,0.5339298844337463,0.40750426054000854,0.3521776795387268,0.42287158966064453,0.478602796792984,0.15800267457962036,0.3673592805862427,0.1474035680294037,0.1603466421365738
63,0.0001,0.35251646488904953,0.8692157067796605,0.5427954269177986,0.7548174140854442,0.8587054063972981,14.103786706924438,0.3369825929403305,0.17343231104314327,0.04075952246785164,0.3369825929403305,0.7805705182254314,0.5299289190407955,0.1992022575754108,0.03020228496329351,0.5299289190407955,0.6414345728628563,0.6933180689811707,0.4275296628475189,0.31495630741119385,0.535699725151062,0.4066491723060608,0.3563481271266937,0.4224356412887573,0.48439061641693115,0.16079850494861603,0.3650779128074646,0.14394915103912354,0.16242466866970062
64,0.0001,0.34096633456647396,0.8777114385692063,0.5407354145339041,0.7532160639505204,0.855878011649542,79.79018568992615,0.3228670824319124,0.1675957776606083,0.041499141370877624,0.3228670824319124,0.7925128750503063,0.5129290313431711,0.22798136960376392,0.02960102559264862,0.5129290313431711,0.6546821991602579,0.6996945738792419,0.4320610761642456,0.31811052560806274,0.5384329557418823,0.4064353108406067,0.3599943518638611,0.4236412048339844,0.4886133670806885,0.16336017847061157,0.363129198551178,0.14073790609836578,0.16437555849552155
65,0.0001,0.3387898989021778,0.8792297852301044,0.5696218266631617,0.7400475283392116,0.847296182572511,59.70033931732178,0.32686892338097095,0.1688357936218381,0.040607502683997154,0.32686892338097095,0.7889130264520645,0.5463607347372806,0.2031166305144628,0.030567033780795155,0.5463607347372806,0.629854934685158,0.7048598527908325,0.43574321269989014,0.3215560019016266,0.5395874381065369,0.4061279594898224,0.3637244999408722,0.42451682686805725,0.4932093322277069,0.16516782343387604,0.35854363441467285,0.13732261955738068,0.16541868448257446
66,0.0001,0.332148939371109,0.8799654927435159,0.5319274429118994,0.7555084202168151,0.8577831774220267,16.508464097976685,0.316291281953454,0.16394017077982426,0.04029281181283295,0.316291281953454,0.8014446869492531,0.5009738098491322,0.19672197825980908,0.0320799435404214,0.5009738098491322,0.665855864683787,0.7095901966094971,0.43941232562065125,0.3250170350074768,0.5417498350143433,0.40834569931030273,0.3674265444278717,0.4236062467098236,0.5093845725059509,0.16724719107151031,0.35764622688293457,0.13448500633239746,0.1673973649740219
67,0.0001,0.3365993853658438,0.8731227876028447,0.4937384670430964,0.7708083838261065,0.8678508667013834,17.09621500968933,0.3228302951902151,0.16585874371230602,0.039736741222441196,0.3228302951902151,0.7927547506988049,0.4368660558353771,0.19704878239920645,0.03479757515544241,0.4368660558353771,0.7105204950679432,0.7182086706161499,0.4436415433883667,0.32804974913597107,0.546096682548523,0.4086740016937256,0.3708456754684448,0.4226981997489929,0.5042476058006287,0.16939105093479156,0.35508519411087036,0.13187581300735474,0.1692521721124649
68,0.0001,0.32352757453918457,0.8861998830664224,0.5281042456626892,0.75212232613455,0.8551367194090564,12.711609363555908,0.3177978340536356,0.1630921931937337,0.03967535845004022,0.3177978340536356,0.7957529053092003,0.4958766012480765,0.1886563743605758,0.035989967259493744,0.4958766012480765,0.6651336514588558,0.7237997651100159,0.44563910365104675,0.33155879378318787,0.5478546023368835,0.4087946116924286,0.37369781732559204,0.4221073389053345,0.5035045146942139,0.1705227494239807,0.3515835106372833,0.12836728990077972,0.169785276055336
69,0.0001,0.3162085022777319,0.8912948272610615,0.49316623536023224,0.7704787259691144,0.867868706993665,15.394325017929077,0.3129561711102724,0.16461092326790094,0.04040212766267359,0.3129561711102724,0.8014284633100033,0.437103630918445,0.1965667578307065,0.033648090324167046,0.437103630918445,0.7088928141377189,0.7309533357620239,0.45190081000328064,0.334699422121048,0.5511327385902405,0.40890440344810486,0.3765242099761963,0.4209531545639038,0.5053836107254028,0.17257286608219147,0.34808626770973206,0.12483002245426178,0.17072230577468872
70,0.0001,0.31386659666895866,0.8888879484686266,0.5208086606227991,0.7623423659393407,0.86160567158648,16.029571771621704,0.31082582101225853,0.16105802357196808,0.0390773881226778,0.31082582101225853,0.8006204068660736,0.5118249329653654,0.18659959011005633,0.0339839645858967,0.5118249329653654,0.6603093345959982,0.735537588596344,0.4548931121826172,0.3381025493144989,0.5523549914360046,0.41053929924964905,0.3802345097064972,0.4201931357383728,0.5204342007637024,0.174756720662117,0.3436872661113739,0.12176519632339478,0.171144500374794
71,0.0001,0.33120932057499886,0.8758413912804754,0.6308274485848167,0.7103934354735456,0.8270655261457683,19.59283947944641,0.3252117969095707,0.16274334862828255,0.03889718325808644,0.3252117969095707,0.7892989926040173,0.6949929179567279,0.14409236113230386,0.031514394181695854,0.6949929179567279,0.5886117328297008,0.7413241267204285,0.4594273567199707,0.3410065472126007,0.5569620132446289,0.41457855701446533,0.38429784774780273,0.4189293384552002,0.5297653079032898,0.17683933675289154,0.33825933933258057,0.11907672882080078,0.172112837433815
72,0.0001,0.33831832744181156,0.8710671435980961,0.5878935384027886,0.7222717042251637,0.8367066079288765,41.91273856163025,0.32682287134230137,0.1642916388809681,0.039980189176276326,0.32682287134230137,0.7857526354491711,0.5773323593717633,0.20190248435193842,0.03000408738399997,0.5773323593717633,0.6209069553649786,0.7457314729690552,0.4638482928276062,0.3439893424510956,0.5599604845046997,0.4172542095184326,0.3873871862888336,0.4172890782356262,0.5386340618133545,0.1785290241241455,0.3377307653427124,0.11624105274677277,0.17346949875354767
73,0.0001,0.32384029030799866,0.8777644051584598,0.5008755633325288,0.7674115066252112,0.8654554259996087,74.20344924926758,0.31629258394241333,0.16337888594716787,0.039820373291149735,0.31629258394241333,0.7964525371789932,0.46796618085919006,0.19048923434633197,0.03459005210209976,0.46796618085919006,0.6859872675303257,0.7519292831420898,0.4685305655002594,0.34706154465675354,0.5615634918212891,0.41440045833587646,0.3900943696498871,0.41682949662208557,0.5358622074127197,0.18075770139694214,0.33562925457954407,0.1133844181895256,0.1742546260356903
74,0.0001,0.3182611744850874,0.8803496614626193,0.5037648316585657,0.7702688922947853,0.867205815609306,61.12096905708313,0.31028437800705433,0.16133665014058352,0.04079636815004051,0.31028437800705433,0.8052223883569241,0.4930470170396747,0.19399959029573383,0.034926170370343956,0.4930470170396747,0.669053437131824,0.7580325603485107,0.4726877212524414,0.3501359224319458,0.5631099343299866,0.4150795638561249,0.39329659938812256,0.4168250262737274,0.5554409027099609,0.18277046084403992,0.3326922059059143,0.11163219064474106,0.17529843747615814
75,0.0001,0.31059910356998444,0.886985280890189,0.5441546620744647,0.752306304532931,0.8568197231775968,15.476587057113647,0.31037696823477745,0.16007162537425756,0.03990361816249788,0.31037696823477745,0.7991680018603802,0.5603813005216194,0.17492703054890488,0.030791225532690685,0.5603813005216194,0.6315994524594509,0.7633439898490906,0.4761308431625366,0.3534226715564728,0.5647972822189331,0.4159007668495178,0.3966693580150604,0.41600602865219116,0.5677894949913025,0.18520556390285492,0.3294157385826111,0.109089694917202,0.17681162059307098
76,0.0001,0.3035104274749756,0.8913193098375136,0.47783085432919586,0.7843892863157546,0.8772181939496291,15.583122968673706,0.3060656329616904,0.15889110881835222,0.040764409117400646,0.3060656329616904,0.8046857640147209,0.4484485008499839,0.20840555158528415,0.03186287431780136,0.4484485008499839,0.70386664704843,0.7695522308349609,0.47929927706718445,0.356674462556839,0.565418541431427,0.4159778952598572,0.4004647731781006,0.4141116738319397,0.5824427604675293,0.1875726729631424,0.32568174600601196,0.10649174451828003,0.17795194685459137
77,0.0001,0.314770694822073,0.8788404213033938,0.5288977333993623,0.7599437832597388,0.8593655594217839,11.277262210845947,0.3097485564649105,0.15728364046663046,0.0392415861133486,0.3097485564649105,0.8020365051925182,0.5156321959062056,0.18809291539770184,0.034675099294294014,0.5156321959062056,0.6560666398568586,0.7732453942298889,0.48427265882492065,0.35948967933654785,0.5675858855247498,0.4192105531692505,0.4028730094432831,0.41412603855133057,0.5896666646003723,0.1899680644273758,0.32260066270828247,0.10412255674600601,0.179303839802742
78,0.0001,0.3009696174412966,0.8892224191685183,0.6001534353603016,0.7135739833126833,0.8293890979588351,15.67318844795227,0.29928184673190117,0.1569065758958459,0.04018524871207774,0.29928184673190117,0.8072740770876408,0.5632142840009747,0.18191302274212692,0.030918299926049782,0.5632142840009747,0.6302859250343207,0.7799779772758484,0.4882251024246216,0.36238741874694824,0.568795382976532,0.41733264923095703,0.4065513610839844,0.41248250007629395,0.6088926196098328,0.19161266088485718,0.31880831718444824,0.10126867145299911,0.17995616793632507
79,0.0001,0.3150687161833048,0.8785666801386599,0.5282896847435923,0.7553693764329371,0.8580163660356447,16.783509016036987,0.30812095664441586,0.1564628928899765,0.03983009746298194,0.30812095664441586,0.7981107905507088,0.5179227554436886,0.18656746591582443,0.03394905449540326,0.5179227554436886,0.6525886302644556,0.785205602645874,0.49100905656814575,0.36531493067741394,0.570952296257019,0.4180797338485718,0.4096670150756836,0.4115922749042511,0.6195051074028015,0.19389475882053375,0.31537631154060364,0.09878525137901306,0.1811467558145523
80,0.0001,0.29715543426573277,0.8900376155051175,0.4766061811736136,0.7803858414463144,0.8733726861067191,37.38979434967041,0.30083981342613697,0.15662129875272512,0.040473285829648376,0.30083981342613697,0.8066533543169498,0.461509877985174,0.17672736897613062,0.036290971618710144,0.461509877985174,0.6947369394880353,0.7903420925140381,0.4944191873073578,0.36851370334625244,0.5724828243255615,0.41946735978126526,0.41320255398750305,0.41082772612571716,0.6423793435096741,0.19571906328201294,0.31179261207580566,0.0959148108959198,0.1814255565404892
81,0.0001,0.2971202889457345,0.8880096308692224,0.4634850296107205,0.7845916545264767,0.8766235272338405,75.29247045516968,0.29818145371973515,0.15517900418490171,0.03968262067064643,0.29818145371973515,0.8079555556178093,0.4370732813170462,0.17536047913811423,0.036281253126534546,0.4370732813170462,0.7113222642378374,0.7936978340148926,0.49947598576545715,0.37181583046913147,0.5727702379226685,0.4177853465080261,0.4157002866268158,0.4095550775527954,0.6419015526771545,0.19797347486019135,0.3081430494785309,0.09368979930877686,0.1822919398546219
82,0.0001,0.3057223707437515,0.883836364193963,0.47045362718177564,0.7770176862412981,0.8714709923938616,63.77112174034119,0.30902431812137365,0.15790299233049154,0.038923790911212564,0.30902431812137365,0.7994867376983166,0.43282547864046966,0.19606197422200983,0.03402429779596401,0.43282547864046966,0.7149741532224597,0.7974931001663208,0.5066690444946289,0.3741488456726074,0.574724018573761,0.41695305705070496,0.4194095730781555,0.40928933024406433,0.6474902033805847,0.19980105757713318,0.30291059613227844,0.09072141349315643,0.18214952945709229
83,0.0001,0.2966384682804346,0.8894565739807957,0.45300674799716834,0.792287408581955,0.8818301638251437,16.70924949645996,0.3015230894088745,0.1558826109394431,0.04031380545347929,0.3015230894088745,0.8063103891909122,0.4682413845351248,0.16825011146791052,0.03793259664918437,0.4682413845351248,0.6907035952264612,0.8010258078575134,0.5125951766967773,0.37689438462257385,0.576155424118042,0.4195513129234314,0.42231500148773193,0.40859633684158325,0.6546527743339539,0.20140701532363892,0.30051150918006897,0.08830372989177704,0.1830034852027893
84,0.0001,0.29180615581572056,0.889872281222297,0.5955445332960649,0.7224521157761185,0.836264942212638,83.08203125,0.2952909953892231,0.15202571917325258,0.04104100936092436,0.2952909953892231,0.8116476349532604,0.6164064660216823,0.17488725302797375,0.03298250309219866,0.6164064660216823,0.6131114869406729,0.8051828742027283,0.5189464688301086,0.3793782591819763,0.5771076083183289,0.4194194972515106,0.4256463050842285,0.40727320313453674,0.6526013612747192,0.203382208943367,0.29838019609451294,0.08510962873697281,0.18298883736133575
85,0.0001,0.2877744548022747,0.8944458007277662,0.5250411033630371,0.7682282905132419,0.8666219931336886,66.08889651298523,0.30056549329310656,0.15494927112013102,0.03871548245660961,0.30056549329310656,0.8044609278440475,0.5820554530981815,0.1672527329488234,0.0323952061660362,0.5820554530981815,0.629973539800355,0.8099779486656189,0.5220792293548584,0.3821641206741333,0.5782454013824463,0.4220084547996521,0.4284941554069519,0.4066680371761322,0.6762743592262268,0.20553214848041534,0.2955975830554962,0.08377700299024582,0.1843637228012085
86,0.0001,0.28667035326361656,0.8949633683061817,0.43672766468741675,0.7959402761329297,0.8840093681399009,62.88038444519043,0.29795103147625923,0.15303316805511713,0.03975565335713327,0.29795103147625923,0.8057477623224258,0.3931539239305438,0.18378897417675366,0.03503550013357943,0.3931539239305438,0.7414025899135706,0.8145465850830078,0.5252357125282288,0.38532236218452454,0.5801621675491333,0.4231545627117157,0.4315740466117859,0.405721515417099,0.6843880414962769,0.2070627063512802,0.291934072971344,0.08141821622848511,0.18518128991127014
87,0.0001,0.2749342266470194,0.9002714980568375,0.4613810633168076,0.7811889419757722,0.8740292841651341,85.79810690879822,0.28775518015027046,0.15168222039937973,0.04010594519786537,0.28775518015027046,0.8178490027785301,0.41799358888105914,0.1854504608746731,0.035408199510791084,0.41799358888105914,0.7186778196782777,0.8179824352264404,0.5307139754295349,0.3879837393760681,0.5811572670936584,0.4233252704143524,0.43448856472969055,0.40386050939559937,0.6882694959640503,0.2087872177362442,0.2882393002510071,0.0791475847363472,0.18574585020542145
88,0.0001,0.2734833164140582,0.9045006324017313,0.4732398878444325,0.7945232793538504,0.8828315571160331,71.20262718200684,0.2969222292304039,0.15278023481369019,0.04010577802546322,0.2969222292304039,0.8068011775612831,0.5127873348467278,0.17060123790394177,0.03527726904686653,0.5127873348467278,0.6639074629003351,0.8208481073379517,0.535068154335022,0.3909261226654053,0.5817072987556458,0.42319270968437195,0.4379276633262634,0.40173161029815674,0.6846737265586853,0.21037635207176208,0.285638689994812,0.07602649927139282,0.18668901920318604
89,0.0001,0.27947473526000977,0.8976720516758933,0.45207322908170294,0.7838041885997848,0.8759850253873122,83.6051549911499,0.2919226875528693,0.15203286707401276,0.03998855291865766,0.2919226875528693,0.8103211708366871,0.3971315062407291,0.18895101366621075,0.0353579701234897,0.3971315062407291,0.7408707828232737,0.8248802423477173,0.5384817719459534,0.39407429099082947,0.5818285942077637,0.4222252666950226,0.44171565771102905,0.4002802073955536,0.691583514213562,0.21187624335289001,0.28118041157722473,0.07304738461971283,0.18764793872833252
90,0.0001,0.28120823483914137,0.8936954272186136,0.4363234241803487,0.8095802939450476,0.8925920090359359,76.24254250526428,0.2960877288132906,0.15125304739922285,0.04062155005522072,0.2960877288132906,0.80247613042593,0.46497365922638867,0.17298093483303534,0.03502542192511486,0.46497365922638867,0.6910928108475425,0.8283734917640686,0.5418546199798584,0.39695432782173157,0.5829547047615051,0.4214921295642853,0.44504663348197937,0.3989027738571167,0.6999870538711548,0.21362219750881195,0.2767042815685272,0.07013799995183945,0.18883411586284637
91,0.0001,0.27872976660728455,0.8965092380617469,0.45484122001763544,0.7909198418046413,0.8805896452570967,16.41022777557373,0.2960717398673296,0.1516783107072115,0.038834761595353484,0.2960717398673296,0.8077874928712845,0.4481968012723056,0.17737311350576807,0.03351488511896494,0.4481968012723056,0.7010656279144865,0.832813024520874,0.5447325110435486,0.3998241722583771,0.5840378999710083,0.422457754611969,0.44854748249053955,0.3963690996170044,0.712319016456604,0.21564175188541412,0.2733561396598816,0.06797454506158829,0.1900835782289505
92,0.0001,0.27056429255753756,0.90062258157776,0.617724339167277,0.708387177896529,0.8274219706400904,81.36349415779114,0.2878066450357437,0.14842201303690672,0.040349105605855584,0.2878066450357437,0.8142025880515575,0.6157074733213945,0.182247081489274,0.029026362254764095,0.6157074733213945,0.6159092052416368,0.8368288278579712,0.5516184568405151,0.4020013213157654,0.5858427882194519,0.4215335249900818,0.4515492916107178,0.39547908306121826,0.7146649956703186,0.2176927626132965,0.2693609297275543,0.06531970947980881,0.19094569981098175
93,0.0001,0.2835544813424349,0.890666796890879,0.38492193366542005,0.8295821122800394,0.9053761640305386,86.70042061805725,0.3002096861600876,0.1519133299589157,0.03937647747807205,0.3002096861600876,0.8039406388998032,0.3712689623688207,0.17608621219793955,0.03778932503227032,0.3712689623688207,0.7608291615139354,0.8407155871391296,0.5534704923629761,0.40488019585609436,0.5859766006469727,0.4204605221748352,0.4547371566295624,0.3935029208660126,0.7250591516494751,0.2201073169708252,0.2658291459083557,0.06268567591905594,0.19140148162841797
94,0.0001,0.2713145799934864,0.8978274096176526,0.3860881978815252,0.8298114779608384,0.9054099838846325,79.397381067276,0.28938386403024197,0.15213139913976192,0.04265447240322828,0.28938386403024197,0.8139437474310398,0.3830808328859734,0.1929050087928772,0.037550473980831375,0.3830808328859734,0.7510120660969706,0.8454418778419495,0.5582691431045532,0.4072595536708832,0.5886293649673462,0.4230048358440399,0.45768484473228455,0.3928419351577759,0.7301403880119324,0.22274622321128845,0.26265546679496765,0.06037412956357002,0.1922144740819931
95,0.0001,0.2634215299040079,0.9024897970269676,0.3964044993573969,0.8110631108005051,0.8941122046787445,63.39069747924805,0.2827396411448717,0.14695555344223976,0.04186310479417443,0.2827396411448717,0.8203602954745293,0.3515186978108955,0.18017708487582929,0.03794838623567061,0.3515186978108955,0.7797423781770648,0.8491270542144775,0.5621582269668579,0.40988609194755554,0.5895721912384033,0.4249492287635803,0.4607178866863251,0.39165687561035156,0.7428788542747498,0.22392794489860535,0.2593056857585907,0.05837089195847511,0.19333305954933167
96,0.0001,0.27276375237852335,0.8945472553989988,0.405342080376365,0.8154587476680836,0.8966969573081156,42.20551919937134,0.28382594138383865,0.1462207669392228,0.04264070140197873,0.28382594138383865,0.8172457665205002,0.40890662959127716,0.16984601454301315,0.039039532230658966,0.40890662959127716,0.7324193011630665,0.8545935750007629,0.5664789080619812,0.4127746820449829,0.5901293754577637,0.4241430163383484,0.4634144902229309,0.391082763671875,0.7607498168945312,0.224817156791687,0.25534161925315857,0.05719350650906563,0.1949506402015686
97,0.0001,0.270168281160295,0.8966810214134286,0.4926322734717167,0.7670675678053491,0.8655961682255845,13.823319673538208,0.28478538803756237,0.14849488344043493,0.04256085422821343,0.28478538803756237,0.813803780823946,0.4864715373877323,0.16889380595900796,0.03843833353709091,0.4864715373877323,0.6798981780355627,0.8599357604980469,0.5720114707946777,0.41527774930000305,0.5915509462356567,0.4211331903934479,0.4665566086769104,0.39167359471321106,0.7531046271324158,0.2273545116186142,0.25174278020858765,0.05478280037641525,0.19619697332382202
98,0.0001,0.2836842266842723,0.8856806008917751,0.48562744892004767,0.7620135367650498,0.8608368738082146,12.948342084884644,0.29293699003756046,0.14690454117953777,0.04267408372834325,0.29293699003756046,0.805063534528017,0.42787761399240204,0.18447440320795233,0.03808868168429895,0.42787761399240204,0.7139640414353573,0.8640152812004089,0.5761632323265076,0.41763952374458313,0.5949477553367615,0.42483314871788025,0.46939918398857117,0.39010292291641235,0.7619109749794006,0.2295372486114502,0.2503824532032013,0.05308264493942261,0.19748415052890778
99,0.0001,0.26962274592369795,0.8937771540029479,0.44321079687638715,0.7893231528401193,0.8787987969222595,14.071845769882202,0.2868465632200241,0.151001350954175,0.042322600493207574,0.2868465632200241,0.8158771768212318,0.39861768664735736,0.17631499017729904,0.039945955924464,0.39861768664735736,0.7396283881230787,0.8671410083770752,0.5779964327812195,0.420593798160553,0.5943501591682434,0.42385807633399963,0.4720533788204193,0.39133116602897644,0.7774980664253235,0.2322879284620285,0.24900920689105988,0.05100474879145622,0.19861018657684326
100,0.0001,0.27936839684844017,0.8902261455766171,0.4919149225408381,0.7713725779010343,0.8692572836755057,14.266002178192139,0.29990509152412415,0.1491966638714075,0.04386498429812491,0.29990509152412415,0.8000074177980423,0.5420687090266835,0.16156822443008423,0.04260009589294592,0.5420687090266835,0.651539913632653,0.8697376847267151,0.5834783911705017,0.4227979779243469,0.5950332283973694,0.42276665568351746,0.4738955497741699,0.39226844906806946,0.7796183228492737,0.23337766528129578,0.24609024822711945,0.04901055991649628,0.1991138607263565
101,0.0001,0.2873756382614374,0.8798529719948616,0.38670807534998114,0.8100940449716376,0.8933923773351822,20.900909423828125,0.30278441961854696,0.15231960732489824,0.04736195155419409,0.30278441961854696,0.7993403300642967,0.33872663432901556,0.1571748572768587,0.047146802711667435,0.33872663432901556,0.7725285201361685,0.8720783591270447,0.5862793326377869,0.42546525597572327,0.594674825668335,0.4215763807296753,0.47659000754356384,0.392667680978775,0.7888402938842773,0.23555894196033478,0.2468978315591812,0.047334957867860794,0.20227043330669403
102,0.0001,0.2746005207300186,0.8894463668591814,0.417721177592422,0.791849028585455,0.8816479173102726,34.79371666908264,0.2923608301207423,0.14790781494230032,0.04894163436256349,0.2923608301207423,0.8071095533668995,0.3519833413037387,0.16718590395017105,0.04641610141279119,0.3519833413037387,0.7668309302041025,0.8752740621566772,0.589789092540741,0.4277404248714447,0.5952392816543579,0.425054132938385,0.47950848937034607,0.39260533452033997,0.8243498206138611,0.2375432550907135,0.24355736374855042,0.04615580663084984,0.20418046414852142
103,0.0001,0.2783659975975752,0.8865755837556689,0.3882589267961907,0.8147431469627566,0.8961449991703236,76.99979329109192,0.29303493071347475,0.1498798169195652,0.04829321871511638,0.29303493071347475,0.8091394305229187,0.35251950495170825,0.1780572352987347,0.044161701913584366,0.35251950495170825,0.7735860474181898,0.8790857195854187,0.5929290056228638,0.4302159547805786,0.5948705673217773,0.421062171459198,0.48199665546417236,0.3950527012348175,0.8248916864395142,0.23890867829322815,0.24282735586166382,0.0450737364590168,0.2056896835565567
104,0.0001,0.26030694879591465,0.8967316349933958,0.43248655398686725,0.8093731994489307,0.892426395470878,61.305330991744995,0.2743833940476179,0.14636153541505337,0.045930095948278904,0.2743833940476179,0.8227030858397484,0.46234104850075464,0.16944138660575403,0.04414938537008835,0.46234104850075464,0.6992010420018976,0.8804945945739746,0.5968100428581238,0.4326680302619934,0.5946844220161438,0.42057979106903076,0.4836789071559906,0.39214104413986206,0.8205841779708862,0.2405305653810501,0.24055880308151245,0.043932247906923294,0.20677486062049866
105,0.0001,0.25447325594723225,0.904032417473217,0.43242635148944275,0.7945086344519419,0.8832074374001491,10.317211866378784,0.2784446198493242,0.14656595140695572,0.04495268245227635,0.2784446198493242,0.8236220553517342,0.40243485840884125,0.182506288542892,0.04216660130204576,0.40243485840884125,0.7310329693736453,0.8842213153839111,0.6017934083938599,0.43487799167633057,0.5956665277481079,0.4176306426525116,0.48695871233940125,0.39093017578125,0.8227449059486389,0.24229231476783752,0.23686550557613373,0.042954981327056885,0.20741869509220123
106,0.0001,0.2534775026142597,0.9026745926808812,0.3891538923436945,0.8174587520599919,0.8979175514914977,35.60962629318237,0.27784774638712406,0.14444733783602715,0.04546607006341219,0.27784774638712406,0.8196604698896408,0.35623969453753845,0.18913909521969882,0.04113011858002706,0.35623969453753845,0.7762241742827676,0.8860661387443542,0.6053495407104492,0.4375169575214386,0.5967078804969788,0.41966432332992554,0.48994046449661255,0.3895980715751648,0.8241431713104248,0.2437286674976349,0.2326025664806366,0.04158128798007965,0.20797255635261536
107,0.0001,0.26282963063567877,0.8980406274572635,0.4283818620623964,0.8076155677730356,0.8917732371459797,84.30186200141907,0.2880996558815241,0.14718169625848532,0.045847168657928705,0.2880996558815241,0.8132804594933987,0.4565101645209573,0.16210387692306982,0.04570734094489704,0.4565101645209573,0.7067231824903777,0.8891971707344055,0.607512354850769,0.4399982988834381,0.5971495509147644,0.41934967041015625,0.4924875795841217,0.3882989287376404,0.8423262238502502,0.24524730443954468,0.23092639446258545,0.04028492793440819,0.20947517454624176
108,0.0001,0.2571561047807336,0.8995091371417221,0.43884024836800317,0.7925083471562026,0.8819514329391327,57.698050022125244,0.27992040291428566,0.14566541649401188,0.04542320058681071,0.27992040291428566,0.8189870975911617,0.4359729398380626,0.1658910278118018,0.04480320384556597,0.4359729398380626,0.720694158113364,0.891552209854126,0.6102654933929443,0.4423055648803711,0.5987824201583862,0.4196372330188751,0.4948003888130188,0.3878638446331024,0.8438419699668884,0.24731484055519104,0.2281549870967865,0.038991399109363556,0.21082936227321625
109,0.0001,0.2596446508541703,0.8999470089503885,0.3586577285419811,0.8370654612483106,0.909974354628252,68.7125735282898,0.29006653279066086,0.14742129296064377,0.04753998131491244,0.29006653279066086,0.8083281256258488,0.3496061852484038,0.16452252232667172,0.04599647336837017,0.3496061852484038,0.7804127498106523,0.8937988877296448,0.6112616658210754,0.44472023844718933,0.5981838703155518,0.4164680242538452,0.4968069791793823,0.38583165407180786,0.8475163578987122,0.2486727088689804,0.22423706948757172,0.03750252351164818,0.21135421097278595
110,0.0001,0.25338532496243715,0.901999681887836,0.38573416074117023,0.8233500387940956,0.901473438769027,72.79977869987488,0.2832004679366946,0.14410397317260504,0.04671742464415729,0.2832004679366946,0.81684560328722,0.38910000252001214,0.1788844714562098,0.04434039680795236,0.38910000252001214,0.7500228890866945,0.8955308198928833,0.6141268014907837,0.4472973942756653,0.5993695855140686,0.41515204310417175,0.49929502606391907,0.3848539888858795,0.8479732871055603,0.2496754229068756,0.22141282260417938,0.0363626703619957,0.2118179202079773
111,0.0001,0.24531165231019258,0.9062357537512742,0.3969505013841571,0.8044305331752543,0.8894419348034429,45.50921154022217,0.274419535882771,0.14336816128343344,0.047284925589337945,0.274419535882771,0.8262461833655834,0.33828456474073004,0.17374811840779852,0.04348847744139758,0.33828456474073004,0.7870044961120143,0.8983557224273682,0.6204167604446411,0.4494747817516327,0.6004382371902466,0.4162616431713104,0.5024271607398987,0.3850732743740082,0.8482820987701416,0.2510867118835449,0.2177438735961914,0.03502560406923294,0.2117493897676468
112,0.0001,0.25096136610955,0.9017158722687353,0.41772648059960565,0.7991290032276714,0.8857141030313761,35.78670811653137,0.2762244790792465,0.14246326312422752,0.04633534769527614,0.2762244790792465,0.8217860385775566,0.40241070227189496,0.17518535933711313,0.04526969169576963,0.40241070227189496,0.7383696030486714,0.9011591076850891,0.6212013959884644,0.4523504078388214,0.5997799038887024,0.41323062777519226,0.5059221386909485,0.38402995467185974,0.8428600430488586,0.2525749206542969,0.21460343897342682,0.03407633677124977,0.21277108788490295
113,0.0001,0.24650992639362812,0.9055969546316407,0.3600813186529911,0.8308538147113673,0.9060579662903538,45.60459566116333,0.2790148928761482,0.14466094505041838,0.04585028067231178,0.2790148928761482,0.8239157311618328,0.33128499081640533,0.17279735839728153,0.04330347630787979,0.33128499081640533,0.7962420492461233,0.9042864441871643,0.6231203675270081,0.4548470377922058,0.6002006530761719,0.4135291278362274,0.5087800621986389,0.38217195868492126,0.8584524393081665,0.2539145052433014,0.21164372563362122,0.032788001000881195,0.21318019926548004
114,0.0001,0.23643088340759277,0.9120931161116277,0.42018017624363757,0.8082910683803687,0.8915012105501116,42.20686149597168,0.26730536948889494,0.14133855467662215,0.047777349362149835,0.26730536948889494,0.8314325585961342,0.44360992402741406,0.1810895475474271,0.04576914503493092,0.44360992402741406,0.7085119955467455,0.9064683318138123,0.6247528195381165,0.45728054642677307,0.5990543365478516,0.4140479862689972,0.5111965537071228,0.37983375787734985,0.871260941028595,0.25505271553993225,0.2077348232269287,0.03156459331512451,0.21347416937351227
115,0.0001,0.24123807437717915,0.9084984835382905,0.37065061114051123,0.8241060692574463,0.9019326084570396,45.377777338027954,0.2740512564778328,0.14580717217177153,0.04707425553351641,0.2740512564778328,0.8281224332749844,0.33717979806842224,0.16416902794982446,0.04622165277374513,0.33717979806842224,0.7893024177262278,0.9088134765625,0.6265556216239929,0.4597225785255432,0.5995588898658752,0.4133947491645813,0.513891339302063,0.3786042630672455,0.886800229549408,0.25678712129592896,0.20456059277057648,0.03049095906317234,0.2142637073993683
116,0.0001,0.25336921866983175,0.8991280252262916,0.44649376291217224,0.780683230191992,0.8742489855695114,14.146381616592407,0.2826074408367276,0.143428526353091,0.047494781436398625,0.2826074408367276,0.8126143142580986,0.3873604806986722,0.1562071108456814,0.04726994929440094,0.3873604806986722,0.7471661540594968,0.9108220338821411,0.6282930374145508,0.46221891045570374,0.5989473462104797,0.4111042618751526,0.5162007212638855,0.3784444034099579,0.8830397129058838,0.25780603289604187,0.2011060267686844,0.0297823678702116,0.2149553745985031
117,0.0001,0.275248097255826,0.8830968082512031,0.36307379693695996,0.8371266502634087,0.9101129747331609,75.99911284446716,0.29751096200197935,0.14748626481741667,0.04455006355419755,0.29751096200197935,0.7971276305615902,0.3963290344585072,0.15668898820877075,0.04785770877744212,0.3963290344585072,0.7458713506207322,0.9119912385940552,0.6289874315261841,0.46423086524009705,0.597369909286499,0.4071364402770996,0.5186562538146973,0.3780239522457123,0.8847625255584717,0.259492427110672,0.2005695253610611,0.028380177915096283,0.21556127071380615
118,0.0001,0.25159958470612764,0.8989028323462928,0.4171000610698353,0.7954152788328248,0.8842865430599439,70.11898803710938,0.2784638097509742,0.14577153231948614,0.04633081960491836,0.2784638097509742,0.8222177177667618,0.3842564821243286,0.18641850352287292,0.04558220042875319,0.3842564821243286,0.7492222253120306,0.9140172600746155,0.6328433156013489,0.4662622809410095,0.5993283987045288,0.4086688756942749,0.5223599672317505,0.37771064043045044,0.9101475477218628,0.2615283131599426,0.20031821727752686,0.02735024131834507,0.21736542880535126
119,0.0001,0.2400684030726552,0.9051195530161044,0.411290295196302,0.8186690253591926,0.8989195625554188,28.788496494293213,0.2725092899054289,0.14390168711543083,0.046601464971899986,0.2725092899054289,0.8245107233524323,0.45605800007328845,0.16453585254423547,0.04686317717035612,0.45605800007328845,0.7024676917177258,0.9160956144332886,0.6359342932701111,0.46865296363830566,0.5977696776390076,0.4040459096431732,0.5248985886573792,0.3801014721393585,0.9080867171287537,0.26350829005241394,0.19970108568668365,0.026649098843336105,0.21871231496334076
120,0.0001,0.23816388007253408,0.906881559896561,0.38203608628475305,0.8168478904671075,0.8972614085718044,72.06927275657654,0.2730517517775297,0.14279586914926767,0.04631231096573174,0.2730517517775297,0.8236785307526588,0.3366356510104555,0.17358398979360407,0.0435070726230289,0.3366356510104555,0.787769714088151,0.9187671542167664,0.6405799388885498,0.4708404839038849,0.5995439887046814,0.40344658493995667,0.5276157855987549,0.3792155981063843,0.9120360016822815,0.2647348940372467,0.19543695449829102,0.02603236772119999,0.21935029327869415
121,0.0001,0.23233344871550798,0.9110814971905461,0.382194024143797,0.8172870953408896,0.8977129828121392,62.88880705833435,0.2696779826655984,0.1423076931387186,0.04812705353833735,0.2696779826655984,0.8268027901649475,0.36309731006622314,0.1692611945397926,0.04657385701482946,0.36309731006622314,0.7600267466270563,0.9214934706687927,0.6425502896308899,0.47339269518852234,0.5995427966117859,0.40542489290237427,0.5308112502098083,0.3772704005241394,0.9191514253616333,0.26596543192863464,0.19140931963920593,0.025247616693377495,0.21982134878635406
122,0.0001,0.22959801461547613,0.9106952207565925,0.379424380533623,0.8159878219448914,0.8971391366126604,53.29309415817261,0.26297113951295614,0.14069513324648142,0.04715993069112301,0.26297113951295614,0.8339679166674614,0.34475416486913507,0.1681877076625824,0.0444695238927097,0.34475416486913507,0.7807807958487308,0.9237409830093384,0.647879958152771,0.4755502939224243,0.599500834941864,0.40625640749931335,0.5328991413116455,0.3748191297054291,0.9289823174476624,0.26694291830062866,0.18783876299858093,0.02458099275827408,0.22030174732208252
123,0.0001,0.23819454200565815,0.9067810520289366,0.38456316969611426,0.8153038543596312,0.8965752608147893,59.4035747051239,0.27229115553200245,0.144019671715796,0.04710463946685195,0.27229115553200245,0.8241725079715252,0.3690248420744231,0.16775174168023196,0.04507765038446947,0.3690248420744231,0.7624144048401804,0.9252908825874329,0.6495566368103027,0.47755172848701477,0.5985039472579956,0.4015660881996155,0.535469651222229,0.3740430176258087,0.9329679012298584,0.26850253343582153,0.18491564691066742,0.02377631701529026,0.22089546918869019
124,0.0001,0.23051943723112345,0.9113790293643577,0.36004647702881787,0.8236570315547139,0.9018841349179152,71.90824604034424,0.27002891432493925,0.14125346671789885,0.04696103883907199,0.27002891432493925,0.8266184590756893,0.3284357280442209,0.1669778029123942,0.04496616379103877,0.3284357280442209,0.7977908596847997,0.9269279837608337,0.6505460143089294,0.4799572825431824,0.5977543592453003,0.40047866106033325,0.5379499197006226,0.3738456964492798,0.9288568496704102,0.2697480618953705,0.1812448352575302,0.02282225899398327,0.22137980163097382
125,0.0001,0.22575765661895275,0.9112398510634898,0.3780820405844486,0.8222778672242957,0.9010345526905614,64.58581328392029,0.2586996601894498,0.1384098008275032,0.04778664140030742,0.2586996601894498,0.8327951841056347,0.37685898939768475,0.16787650187810263,0.046126935123042626,0.37685898939768475,0.7571917591672955,0.9279568791389465,0.651563286781311,0.4821425974369049,0.5962281227111816,0.39747485518455505,0.5404519438743591,0.3719659149646759,0.9278965592384338,0.27066442370414734,0.17739030718803406,0.021922944113612175,0.22132454812526703
126,0.0001,0.23096573259681463,0.9104895485658964,0.4044161926616322,0.797616673538833,0.8854594024224557,15.352072715759277,0.2707887478172779,0.14158150553703308,0.04655630490742624,0.2707887478172779,0.8269246630370617,0.3506984096584898,0.15703391306328052,0.04867211108406385,0.3506984096584898,0.7725259779077588,0.9297767281532288,0.6546910405158997,0.4847010672092438,0.5961607694625854,0.39696091413497925,0.5430750846862793,0.3706153333187103,0.9322381019592285,0.27176231145858765,0.1735505312681198,0.021339865401387215,0.22141309082508087
127,0.0001,0.22962001897394657,0.9127051086161185,0.3932804772348115,0.8197911135139911,0.8993990291977326,58.2345654964447,0.2709311358630657,0.1408216953277588,0.04771908186376095,0.2709311358630657,0.8255620524287224,0.4180881724213109,0.16939760518796515,0.0450651091382359,0.4180881724213109,0.7271943074284177,0.9338444471359253,0.6576526165008545,0.48704636096954346,0.5975501537322998,0.3943779170513153,0.5457873344421387,0.36779868602752686,0.9321238398551941,0.2729097604751587,0.17112043499946594,0.020448118448257446,0.22186918556690216
128,0.0001,0.22201238572597504,0.9147479233192416,0.3866999131260496,0.8090902391792297,0.8923522712172433,68.80725455284119,0.26018933951854706,0.13837327156215906,0.04773699166253209,0.26018933951854706,0.8363943137228489,0.3421571904962713,0.15803380265380396,0.04789050025018779,0.3421571904962713,0.7819055138212262,0.9345951676368713,0.659969687461853,0.48941993713378906,0.5963537096977234,0.39531782269477844,0.5484659671783447,0.3670843243598938,0.9403155446052551,0.27428311109542847,0.16861902177333832,0.019733976572752,0.22255674004554749
129,0.0001,0.22677864599972963,0.9109942259498561,0.34398627642429236,0.8388026019033631,0.9110737316167478,60.10037565231323,0.26472253631800413,0.14011965598911047,0.048398563638329506,0.26472253631800413,0.8308205604553223,0.33084014329043304,0.15954601854989023,0.04688395452544545,0.33084014329043304,0.795721583294146,0.937659502029419,0.6616665124893188,0.4916287958621979,0.5972264409065247,0.3950216770172119,0.5513632297515869,0.36523279547691345,0.9473210573196411,0.2756769359111786,0.16584928333759308,0.019039392471313477,0.2229728400707245
130,0.0001,0.23074805457144976,0.9084158592145929,0.3678963617845015,0.8240805482465764,0.9027741665321178,54.10847783088684,0.26949164643883705,0.1402552123181522,0.04689942370168865,0.26949164643883705,0.8247270323336124,0.33662984226689197,0.16806006837974896,0.04487009052977418,0.33662984226689197,0.7864059553001866,0.9383803009986877,0.664722740650177,0.4938042461872101,0.5969405174255371,0.39620646834373474,0.5541163086891174,0.3635996878147125,0.9521157145500183,0.27713149785995483,0.16350498795509338,0.018553579226136208,0.22369596362113953
131,0.0001,0.22182294446974993,0.9129123960858258,0.3503529555869825,0.833935846644141,0.9083299792715381,77.80894017219543,0.26280970871448517,0.13953252881765366,0.04874665616080165,0.26280970871448517,0.8294814042747021,0.35652190627473773,0.1510257969299952,0.05047679478020379,0.35652190627473773,0.7741868550127203,0.9410287141799927,0.6650014519691467,0.4961112439632416,0.5964823365211487,0.3938983082771301,0.5567646026611328,0.36272120475769043,0.9561224579811096,0.27883222699165344,0.16011296212673187,0.01827157847583294,0.22439877688884735
132,0.0001,0.23262791242450476,0.9069148832206194,0.3588208267183015,0.8314486258047226,0.9067684371433177,57.2822904586792,0.2704804390668869,0.14301376696676016,0.04929688875563443,0.2704804390668869,0.8273282274603844,0.3614642854892846,0.1573903840599638,0.051255071705037895,0.3614642854892846,0.769696132703261,0.9431455135345459,0.667802631855011,0.49817079305648804,0.5974633097648621,0.3937065005302429,0.5597835183143616,0.36201703548431396,0.9565246105194092,0.2808053493499756,0.15728533267974854,0.017649849876761436,0.2248469740152359
133,0.0001,0.22396056447178125,0.9107323083217946,0.3595203450231841,0.8302872984905049,0.9054014025650465,58.30494213104248,0.2621416887268424,0.13647848647087812,0.04923352668993175,0.2621416887268424,0.8299362398684025,0.3464040864597667,0.17271635974898483,0.04767417885137327,0.3464040864597667,0.7784680453213778,0.9449570775032043,0.6695406436920166,0.5003501176834106,0.5970883369445801,0.3918485641479492,0.5621526837348938,0.3613725006580353,0.9541361927986145,0.28167933225631714,0.15460819005966187,0.0169234462082386,0.22572627663612366
134,0.0001,0.217020308598876,0.9172153753197068,0.340399418816422,0.8405603173213009,0.9122245149624947,63.01429462432861,0.26066682767122984,0.13816652353852987,0.048905971460044384,0.26066682767122984,0.8342965133488178,0.3336290681000912,0.17126670750704678,0.04687820871671041,0.3336290681000912,0.7941104634241625,0.9464654326438904,0.6698029637336731,0.5027844309806824,0.595323920249939,0.38781094551086426,0.5645434856414795,0.36197590827941895,0.9516357183456421,0.28286805748939514,0.1526298075914383,0.016336383298039436,0.22659090161323547
135,0.0001,0.22099262662231922,0.9117921943109633,0.36780819025906647,0.823513312400247,0.9018943177587606,11.511433362960815,0.2631114134564996,0.1371811917051673,0.049573086900636554,0.2631114134564996,0.8293334990739822,0.36741982806812634,0.1609774764740106,0.04880803608984658,0.36741982806812634,0.763717664010597,0.9484764933586121,0.671944797039032,0.5051553845405579,0.5963150858879089,0.3882291316986084,0.5677007436752319,0.3591729700565338,0.9618229269981384,0.2839199900627136,0.14963389933109283,0.015781361609697342,0.22672510147094727
136,0.0001,0.2151924092322588,0.9172574966332078,0.36349898396116315,0.829372411509602,0.9051885127187345,26.274911642074585,0.2605731710791588,0.1370383147150278,0.05025011021643877,0.2605731710791588,0.8335416838526726,0.3603079355124271,0.1680252795869654,0.04908420529329416,0.3603079355124271,0.7715558644497034,0.9500824809074402,0.6741966009140015,0.507192850112915,0.5957598686218262,0.38956910371780396,0.5698100328445435,0.359218955039978,0.9682033658027649,0.28503087162971497,0.1476956158876419,0.015070325694978237,0.22694581747055054
137,0.0001,0.2176593067124486,0.9159794588350408,0.37015476010062476,0.8240366670445806,0.9019290037646132,67.98720908164978,0.2634854428470135,0.13899261923506856,0.049057886470109224,0.2634854428470135,0.8337598405778408,0.34932523423975165,0.15809652480212125,0.05000372558380618,0.34932523423975165,0.7797486276337595,0.9508423209190369,0.6759029030799866,0.5093356370925903,0.5956622362136841,0.3904631733894348,0.5720765590667725,0.3580595552921295,0.9684581160545349,0.2863256335258484,0.14518170058727264,0.014426139183342457,0.22750484943389893
138,0.0001,0.21141542308032513,0.9184231673713813,0.3352090355121728,0.8406787962679593,0.9123508934420864,60.13063979148865,0.258486345410347,0.13625902403146029,0.04883838933892548,0.258486345410347,0.8380885273218155,0.3318087982408928,0.16081794464226926,0.049621167733813774,0.3318087982408928,0.7915837168693542,0.9507175087928772,0.678558349609375,0.511349081993103,0.5939257144927979,0.38991665840148926,0.5747445821762085,0.35772693157196045,0.9677725434303284,0.2867387533187866,0.1419706791639328,0.013529058545827866,0.22742018103599548
139,0.0001,0.22152305766940117,0.9137905261901526,0.3255646427472432,0.8419902573332955,0.9132571812104806,61.196272134780884,0.267929844558239,0.14187684468925,0.049903481965884566,0.267929844558239,0.8264961093664169,0.3139425172950282,0.15830257896221045,0.049865020382584946,0.3139425172950282,0.8071615894635519,0.9523037075996399,0.6815863847732544,0.513458251953125,0.5942596793174744,0.3887092173099518,0.5775597095489502,0.3569529354572296,0.9615883231163025,0.287523478269577,0.13932548463344574,0.012662777677178383,0.2274170219898224
140,0.0001,0.21772282756865025,0.9143240992325133,0.3437348495830189,0.8344961679973669,0.9087650751412415,55.90844702720642,0.26109516993165016,0.13687113113701344,0.0515915947034955,0.26109516993165016,0.8343271352350712,0.3294358957897533,0.16335986509467615,0.0495131653592442,0.3294358957897533,0.7956592783783422,0.9547759294509888,0.6844667196273804,0.5155216455459595,0.5954052805900574,0.38553282618522644,0.5801324844360352,0.35669103264808655,0.9538282155990601,0.28807324171066284,0.13780760765075684,0.012123370543122292,0.22768902778625488
141,0.0001,0.21555648557841778,0.9143055495103863,0.33785125703522656,0.8319744047349956,0.906925456614079,61.79650640487671,0.2613206887617707,0.13796409126371145,0.051110453670844436,0.2613206887617707,0.8306932486593723,0.3057773438366977,0.15138614809874332,0.049423949284987015,0.3057773438366977,0.8071769638495012,0.954616129398346,0.6859016418457031,0.5175881385803223,0.5945923328399658,0.3855183720588684,0.5823477506637573,0.3572883605957031,0.9653440713882446,0.2896052896976471,0.13573969900608063,0.011820055544376373,0.22871826589107513
142,0.0001,0.2145270872861147,0.9143633513421338,0.36312756032654736,0.8229555997256766,0.9012851153749626,43.01363778114319,0.26217807456851006,0.13866680953651667,0.05159996775910258,0.26217807456851006,0.8333968929946423,0.3273328903949622,0.15049291108593796,0.05140925232659687,0.3273328903949622,0.7929967425086282,0.9573444128036499,0.6875727772712708,0.5196667909622192,0.5959887504577637,0.3830077648162842,0.5848439931869507,0.3569287657737732,0.9703324437141418,0.2908910810947418,0.13426673412322998,0.011438501998782158,0.22921590507030487
143,0.0001,0.2131631663069129,0.9161763596741079,0.35375228795138275,0.8289088977840489,0.9048399815048633,36.12567591667175,0.26211252715438604,0.13630654523149133,0.04947070754133165,0.26211252715438604,0.8318224176764488,0.347780830932386,0.17019886952458005,0.05219951915470036,0.347780830932386,0.7820934544910084,0.9573656916618347,0.6890557408332825,0.5214830040931702,0.5952004194259644,0.38170990347862244,0.5870687961578369,0.3566083014011383,0.97038733959198,0.29200470447540283,0.1326727718114853,0.011084837839007378,0.22957147657871246
144,0.0001,0.2101596537977457,0.917390274727016,0.34366900451255566,0.8362394510067082,0.9094805338170548,34.60051774978638,0.2551269680261612,0.13972628209739923,0.052202097373083234,0.2551269680261612,0.838289100676775,0.3375012224370783,0.16070379813512167,0.050698012565121506,0.3375012224370783,0.7880992690722147,0.9590461254119873,0.6904754638671875,0.5237014293670654,0.594276487827301,0.3803769052028656,0.5893696546554565,0.3560597598552704,0.9742238521575928,0.2935771346092224,0.13168452680110931,0.010802566073834896,0.23062783479690552
145,0.0001,0.20532488264143467,0.9194078173794795,0.34423559000997833,0.8341095558159275,0.9083352128359281,28.277960062026978,0.25229232758283615,0.13542111916467547,0.05004296149127185,0.25229232758283615,0.8386760614812374,0.3212465860626914,0.17190902883356268,0.047745971460685585,0.3212465860626914,0.8012751431176157,0.9607449173927307,0.6907958984375,0.5257804989814758,0.5937904715538025,0.3789529800415039,0.591593861579895,0.3554077446460724,0.9779236912727356,0.29457888007164,0.12947691977024078,0.010551274754106998,0.23162861168384552
146,0.0001,0.20369461365044117,0.9220736101885725,0.36110697370586975,0.8262630495859998,0.9026747161906467,40.31625962257385,0.25839734729379416,0.13618998927995563,0.04858950222842395,0.25839734729379416,0.8347522020339966,0.3342498649250377,0.14513815939426422,0.05038731138814579,0.3342498649250377,0.7864916974847967,0.9604822397232056,0.6921974420547485,0.527856171131134,0.5927990078926086,0.3784855306148529,0.5936856865882874,0.35573455691337585,0.9766110777854919,0.2955867648124695,0.12652119994163513,0.010149388574063778,0.23239341378211975
147,0.0001,0.2067051511257887,0.9183570163777727,0.34962014718489215,0.8260933971272935,0.9031923617429617,12.646536111831665,0.2582704797387123,0.13610345590859652,0.05030482797883451,0.2582704797387123,0.834790050983429,0.30574446374719794,0.1485109943332094,0.04916501925750212,0.30574446374719794,0.804335021611416,0.961555540561676,0.6912431120872498,0.5300606489181519,0.5914949774742126,0.375710129737854,0.5960791707038879,0.35022541880607605,0.9838659763336182,0.2964411675930023,0.12425906956195831,0.009591021575033665,0.23265103995800018
148,0.0001,0.208176183514297,0.9160855287663255,0.36251175222974835,0.8285475196770831,0.9050958800798182,52.3515088558197,0.25104942731559277,0.1340655405074358,0.050466237822547555,0.25104942731559277,0.8408074751496315,0.37240641767328436,0.1578153854969776,0.05131194988886515,0.37240641767328436,0.7631337389801488,0.9626545310020447,0.6903639435768127,0.5318961143493652,0.5906549692153931,0.3730926811695099,0.5980281829833984,0.34968599677085876,0.9879424571990967,0.29750293493270874,0.12294433265924454,0.009111926890909672,0.23323795199394226
149,0.0001,0.21476917434483767,0.9137890819785233,0.34389178680651117,0.8324965560802314,0.9078859942552983,72.10988569259644,0.26416607666760683,0.13870198838412762,0.05028129066340625,0.26416607666760683,0.8323476165533066,0.3008476965355151,0.14543448162801337,0.05123193234656796,0.3008476965355151,0.8182303363626654,0.9635326862335205,0.6903675198554993,0.5340267419815063,0.5909644961357117,0.3730638921260834,0.5996761322021484,0.3474997282028198,0.9841209053993225,0.29886770248413086,0.12130182236433029,0.008703028783202171,0.23334693908691406
150,0.0001,0.20385663863271475,0.920112691172943,0.33894792289444897,0.8379479174485754,0.9109685843222978,25.005431652069092,0.25436317920684814,0.13654639199376106,0.05196672584861517,0.25436317920684814,0.838651068508625,0.32124669443477283,0.15853464874354276,0.04947566511956128,0.32124669443477283,0.8004345207503347,0.9643518924713135,0.6913734078407288,0.5359757542610168,0.5915713310241699,0.3733709156513214,0.6018418669700623,0.3456745743751526,0.9835186004638672,0.29985231161117554,0.11968280375003815,0.008347081020474434,0.2336159348487854
151,0.0001,0.20479489210993052,0.919426587124372,0.3424419507835851,0.8328078519593963,0.9071102648443015,33.68761157989502,0.25499808974564075,0.13445142982527614,0.051207524025812745,0.25499808974564075,0.8405168205499649,0.32112918478069885,0.1565522113532731,0.05177114316911408,0.32112918478069885,0.7946382580381451,0.965111494064331,0.6934459805488586,0.5376552939414978,0.5908219814300537,0.37319669127464294,0.604218065738678,0.3444335162639618,0.9802318811416626,0.30097275972366333,0.11791207641363144,0.0080560352653265,0.23427258431911469
152,0.0001,0.20165519695729017,0.9216146636947451,0.33596567312876385,0.8389253239317596,0.9114319150903395,29.31348204612732,0.25418774876743555,0.13624522788450122,0.05138320615515113,0.25418774876743555,0.8397509753704071,0.32163492116061126,0.14697525898615518,0.05314284969459881,0.32163492116061126,0.800489275744467,0.9660374522209167,0.6936642527580261,0.5397287607192993,0.5892364978790283,0.3702411949634552,0.6068128347396851,0.34212884306907654,0.9816672205924988,0.302228182554245,0.11584123969078064,0.007612539920955896,0.2349988967180252
153,0.0001,0.20679034665226936,0.9169226795881237,0.34982751535646844,0.8305992819852062,0.9058293416164968,28.78701114654541,0.2530937287956476,0.13392204232513905,0.05060948524624109,0.2530937287956476,0.8441110737621784,0.3367832646225438,0.16313528201796793,0.04986263258439122,0.3367832646225438,0.7879974589203343,0.9671171307563782,0.6944843530654907,0.541740894317627,0.5885857939720154,0.36966219544410706,0.6088895797729492,0.34368589520454407,0.9804925322532654,0.3038632273674011,0.11445481330156326,0.007239550352096558,0.23594599962234497
154,0.0001,0.20204088743776083,0.9195401151373837,0.3430189616752393,0.831547221502709,0.9064116256545499,31.490302801132202,0.2497090995311737,0.13355704071000218,0.050266958540305495,0.2497090995311737,0.8413330391049385,0.31068469538833154,0.15043965749668353,0.04836214785322999,0.31068469538833154,0.8071887764063749,0.9693483114242554,0.6958611607551575,0.5439085364341736,0.5887571573257446,0.36828726530075073,0.6110427975654602,0.3447856903076172,0.9721411466598511,0.3056214153766632,0.11285560578107834,0.006930175237357616,0.2367093414068222
155,0.0001,0.21122250519692898,0.9130054375537294,0.3532144336989432,0.8230565165799172,0.9005271649911631,49.19891166687012,0.25823031924664974,0.13545911852270365,0.04983652918599546,0.25823031924664974,0.8335585184395313,0.31067218925013684,0.15109463623075775,0.05025644927765384,0.31067218925013684,0.8063700325561293,0.9719639420509338,0.6962974071502686,0.5457531809806824,0.5890377759933472,0.36698198318481445,0.6129210591316223,0.3461187779903412,0.9712436199188232,0.30634239315986633,0.11129149049520493,0.006628075148910284,0.2368314117193222
156,0.0001,0.23337627667933702,0.8998047687823093,0.5540390448136763,0.7654910757713345,0.8654027569701028,13.41329574584961,0.2820073748007417,0.139357621781528,0.05008707148954272,0.2820073748007417,0.8149965740740299,0.7213049151680686,0.1385436107714971,0.05182960911682158,0.7213049151680686,0.6192189319567247,0.9727120995521545,0.6981936693191528,0.5473467707633972,0.5894731283187866,0.3698696792125702,0.6149387955665588,0.3431044816970825,0.9824263453483582,0.3074314296245575,0.11068073660135269,0.006382223218679428,0.23757310211658478
157,0.0001,0.22009551152586937,0.9068415999896994,0.35602558742869983,0.8267208840221595,0.9037126020339918,14.504476308822632,0.26375333312898874,0.13635177165269852,0.05342791019938886,0.26375333312898874,0.832747083157301,0.34558110706733935,0.16818561111435745,0.04704363215150255,0.34558110706733935,0.7751633904197,0.973781168460846,0.6996549367904663,0.5488399863243103,0.5893946886062622,0.3733282685279846,0.6164575815200806,0.34410905838012695,0.9954003095626831,0.3094198405742645,0.1123134046792984,0.0061595141887664795,0.23901155591011047
158,0.0001,0.2133843544870615,0.9115096325627356,0.3354895187146736,0.8303396736417888,0.9057700610675162,10.807128190994263,0.26341452449560165,0.1360003985464573,0.05253514740616083,0.26341452449560165,0.8299317844212055,0.30878905094031134,0.16683545528036176,0.048215734349055725,0.30878905094031134,0.8065659205118815,0.9758567810058594,0.6976436376571655,0.5506273508071899,0.5893329381942749,0.3717510998249054,0.6184003949165344,0.34707653522491455,1.0101613998413086,0.31076088547706604,0.11264853924512863,0.0059235915541648865,0.23961442708969116
159,0.0001,0.20789518393576145,0.9152288931601661,0.3371461160255201,0.8351987866435568,0.9083717247149334,9.52001166343689,0.2569856131449342,0.1349071366712451,0.05337206763215363,0.2569856131449342,0.8361566588282585,0.31516187660621875,0.15777382886771,0.04940686724854238,0.31516187660621875,0.7962052352500685,0.9771336913108826,0.6990214586257935,0.5524430871009827,0.5890780687332153,0.37005144357681274,0.6201176047325134,0.34320947527885437,1.007670283317566,0.31133148074150085,0.11142271012067795,0.005604762118309736,0.24006587266921997
160,0.0001,0.20163956377655268,0.919726180422917,0.324195971994689,0.8458604107247071,0.9152804644144843,15.05356740951538,0.2525419909507036,0.13598682265728712,0.05164020345546305,0.2525419909507036,0.8379010707139969,0.33320728395924426,0.165776660044988,0.05101232795101224,0.33320728395924426,0.7920298630541022,0.9790759682655334,0.699426531791687,0.5543218851089478,0.5890700817108154,0.36845263838768005,0.6220935583114624,0.34915149211883545,1.0035367012023926,0.3125663697719574,0.1097765564918518,0.005203745793551207,0.2406749576330185
161,0.0001,0.20010350458323956,0.9182075978370505,0.3278916803273288,0.8392278855420586,0.9114814584712039,13.545410633087158,0.2489228853955865,0.13176559517160058,0.0526678548194468,0.2489228853955865,0.8418915756046772,0.31420235200361774,0.16087692705067722,0.04880782832024676,0.31420235200361774,0.8077656482205247,0.9798576831817627,0.6999062895774841,0.5562032461166382,0.5874574184417725,0.3664606511592865,0.6240137219429016,0.34794995188713074,1.000105619430542,0.3135075569152832,0.10773352533578873,0.004868348129093647,0.24112708866596222
162,0.0001,0.19438537675887346,0.9232084447004248,0.31787382833885425,0.844421826941069,0.9146192793418173,25.220629692077637,0.24930563662201166,0.13357090950012207,0.05037678452208638,0.24930563662201166,0.8438841067254543,0.2942056366891572,0.14681009316083157,0.049364359654260406,0.2942056366891572,0.8207161011117877,0.9805196523666382,0.6995981335639954,0.5582043528556824,0.5861464738845825,0.36461585760116577,0.6263101100921631,0.3452276885509491,0.9984363317489624,0.31427985429763794,0.10671007633209229,0.004552858415991068,0.2416236847639084
163,0.0001,0.19481522217392921,0.9225357952818473,0.323853384364735,0.842780336707024,0.9135287370147627,48.08309364318848,0.24998369347304106,0.13352799275889993,0.0526555182877928,0.24998369347304106,0.8398524634540081,0.31213748996908014,0.1475916915770733,0.052223736250942406,0.31213748996908014,0.8034957918253812,0.9793623089790344,0.7011036276817322,0.55996173620224,0.5847002267837524,0.36515459418296814,0.6285650134086609,0.3427644371986389,1.000824213027954,0.31510886549949646,0.10577572137117386,0.004324152134358883,0.2423248589038849
164,0.0001,0.19671928510069847,0.921839651991325,0.330653600620501,0.8392370969514941,0.9112731977355324,50.702261447906494,0.25183695647865534,0.1330651161260903,0.05230661341920495,0.25183695647865534,0.841205395758152,0.31603365233450226,0.15155552101857733,0.05139971513188246,0.31603365233450226,0.8081561092174414,0.9801948070526123,0.7028713226318359,0.5616876482963562,0.5852786302566528,0.3643478751182556,0.6305433511734009,0.343689501285553,0.9949615001678467,0.31594109535217285,0.1037495881319046,0.00406150845810771,0.24247042834758759
165,0.0001,0.1948037426918745,0.9220240659563512,0.33945219083265826,0.8337993858577915,0.9079841464810148,57.01453948020935,0.24746287520974874,0.13202311377972364,0.050396675476804376,0.24746287520974874,0.8446225598454475,0.31399007457675354,0.15692045878280292,0.04894113800290859,0.31399007457675354,0.8045726418495178,0.9797853827476501,0.7033141851425171,0.5635862946510315,0.5839158892631531,0.3631230592727661,0.6324066519737244,0.34657207131385803,0.9920547008514404,0.31683608889579773,0.10169947892427444,0.0038380660116672516,0.24297228455543518
166,0.0001,0.20069048460572958,0.9197516866211057,0.34132259181051544,0.8318464583837086,0.9068857976797066,14.375621795654297,0.2544530387967825,0.13490314781665802,0.052762278355658054,0.2544530387967825,0.8401728235185146,0.3110200853058786,0.16262012178247626,0.04878693807757262,0.3110200853058786,0.8028416967753208,0.9808388352394104,0.7044481039047241,0.5655477046966553,0.5848638415336609,0.3614268898963928,0.6345735788345337,0.3459746539592743,0.9935442209243774,0.317850798368454,0.10088274627923965,0.0036544539034366608,0.24397878348827362
167,0.0001,0.20033156964927912,0.9190674545558105,0.34086542960369226,0.8291829570825857,0.9057348136972584,61.494943380355835,0.2540509160608053,0.13192717963829637,0.051830238196998835,0.2540509160608053,0.83780138194561,0.3013028484402281,0.1565116300727382,0.0484246127307415,0.3013028484402281,0.8103101325757576,0.9816996455192566,0.7038366794586182,0.5676465034484863,0.5841766595840454,0.3613531291484833,0.6366628408432007,0.3430187702178955,1.0023589134216309,0.31861329078674316,0.09983139485120773,0.003460010513663292,0.24468612670898438
168,0.0001,0.19616844784468412,0.922209779443021,0.32772669286438916,0.835473531512295,0.9089876405276249,71.02787280082703,0.2507148012518883,0.13559570629149675,0.05205828067846596,0.2507148012518883,0.8418309539556503,0.29840631557233405,0.14889357351895535,0.04944750158624216,0.29840631557233405,0.8137586748961246,0.9836052656173706,0.7038171887397766,0.5694704055786133,0.583876371383667,0.35962456464767456,0.6386711597442627,0.3460089862346649,1.0029585361480713,0.3198973536491394,0.09868524223566055,0.0033292805310338736,0.24499480426311493
169,0.0001,0.19797739293426275,0.9189694830965632,0.3279084653565378,0.8388331400005422,0.9113397273040469,51.79317879676819,0.2496929718181491,0.13286680867895484,0.05108588305301964,0.2496929718181491,0.84064856544137,0.31043068567911786,0.1466074161457293,0.05276618322188204,0.31043068567911786,0.8127534732674108,0.9830395579338074,0.7045853734016418,0.5713683366775513,0.5833969712257385,0.3589633107185364,0.6407707929611206,0.3440910875797272,1.0036276578903198,0.32085898518562317,0.09780896455049515,0.0031630322337150574,0.24521003663539886
170,0.0001,0.2008015178143978,0.9202927889459631,0.355889795404492,0.8255063766338966,0.9031740072131167,67.6021819114685,0.2561769960448146,0.1325596310198307,0.05256238766014576,0.2561769960448146,0.8359914384782314,0.33610772183447174,0.1568093290834716,0.05283680140520587,0.33610772183447174,0.7929448069948138,0.98385089635849,0.7050914168357849,0.5731027126312256,0.5832854509353638,0.35734009742736816,0.6428249478340149,0.34189730882644653,1.0090488195419312,0.3217633366584778,0.09638447314500809,0.003033270826563239,0.24525831639766693
171,0.0001,0.18957498762756586,0.9251532582352744,0.32199599345525104,0.8420750337766751,0.9132328188565068,64.8827452659607,0.2440778026357293,0.13090603845193982,0.051845664624124765,0.2440778026357293,0.8459252081811428,0.30642159779866535,0.16496224295009265,0.04893797737630931,0.30642159779866535,0.8139982187386715,0.98514723777771,0.7062093019485474,0.574985146522522,0.5825690627098083,0.3559272587299347,0.6447138786315918,0.3421972990036011,1.0056312084197998,0.32274526357650757,0.09443062543869019,0.002886255271732807,0.2456093728542328
172,0.0001,0.18619579542428255,0.9252615300499565,0.317867378393809,0.8423755404006953,0.91341430065214,56.593833446502686,0.23878581915050745,0.1295822411775589,0.051465311320498586,0.23878581915050745,0.853011678904295,0.2942023421778823,0.15673941825375412,0.04833641467672406,0.2942023421778823,0.820373515288035,0.9858435392379761,0.7071540951728821,0.5768281817436218,0.5817239880561829,0.3555225133895874,0.6463291645050049,0.34182026982307434,1.0081781148910522,0.3237287998199463,0.09313376992940903,0.002715370152145624,0.24589483439922333
173,0.0001,0.18624993786215782,0.9252249656600215,0.3166935552250255,0.8431925541637514,0.9138477108637059,62.99910354614258,0.2410185830667615,0.13028231775388122,0.050854434724897146,0.2410185830667615,0.8482708036899567,0.2966839490514813,0.16014872897755017,0.04674455444469596,0.2966839490514813,0.8148267341382576,0.9861359000205994,0.70609050989151,0.5787776708602905,0.5807424783706665,0.35492825508117676,0.6482365131378174,0.3421555161476135,1.011261224746704,0.32475507259368896,0.09114262461662292,0.0025645499117672443,0.24634584784507751
174,0.0001,0.1869060955941677,0.9254392535151801,0.3258351882298787,0.840512890451433,0.9123696295071102,63.52076435089111,0.2439507907256484,0.13011780614033341,0.05096501158550382,0.2439507907256484,0.8456580825150013,0.3066012209111994,0.1582029786976901,0.04948345560467604,0.3066012209111994,0.8135488069418705,0.9873356223106384,0.7067683935165405,0.58062744140625,0.5802041292190552,0.3534637987613678,0.6501079797744751,0.34031128883361816,1.0095126628875732,0.3257136046886444,0.0896909162402153,0.002406505635008216,0.24678659439086914
175,0.0001,0.19158167392015457,0.9231096426917356,0.30941660115213104,0.8492168341096851,0.917313076818222,11.263158798217773,0.24951352272182703,0.13140582526102662,0.05256904778070748,0.24951352272182703,0.8405274637043476,0.29900909012014215,0.14363320939468616,0.054232946851036766,0.29900909012014215,0.8205994132793311,0.9876193404197693,0.706760585308075,0.5822687149047852,0.5798095464706421,0.35024940967559814,0.6517539620399475,0.34148740768432617,1.0059287548065186,0.3263868987560272,0.08806505799293518,0.0022784117609262466,0.2468627542257309
176,0.0001,0.18605841509997845,0.9251598158973399,0.3099683667674209,0.8499609887297251,0.9181502076951379,13.337678670883179,0.24473439808934927,0.1311987666413188,0.05297082802280784,0.24473439808934927,0.8481794409453869,0.2923686612736095,0.13916927395444928,0.05194848008228071,0.2923686612736095,0.8285546393105478,0.9878203272819519,0.706240177154541,0.5838770866394043,0.5788798928260803,0.3502592444419861,0.6536799073219299,0.34082987904548645,1.007133960723877,0.3274655342102051,0.08696161955595016,0.0021671943832188845,0.2473400980234146
177,0.0001,0.18386947270482779,0.9262947282894709,0.33108431100845337,0.8382228169223086,0.9111846850534298,16.13487482070923,0.2392141241580248,0.12937013478949666,0.05355323199182749,0.2392141241580248,0.8498443737626076,0.3145412676262133,0.15548498251221396,0.04965358724196752,0.3145412676262133,0.8065290685855981,0.9890152812004089,0.7067021131515503,0.5856261849403381,0.5781089067459106,0.3491506576538086,0.6553729176521301,0.33916613459587097,1.0060921907424927,0.32862842082977295,0.08594220131635666,0.0020435554906725883,0.24721112847328186
178,0.0001,0.18820771295577288,0.9249222124782791,0.307161858587554,0.8506220426665407,0.9183066180860804,16.64496612548828,0.24686245806515217,0.13143913866952062,0.05167809966951609,0.24686245806515217,0.842593178153038,0.28930059346285736,0.1474222753084067,0.05044696999318672,0.28930059346285736,0.8246475674889304,0.9900819659233093,0.7066368460655212,0.5873538851737976,0.5778296589851379,0.34837305545806885,0.6571511626243591,0.33983123302459717,1.002829670906067,0.3296690583229065,0.0845208689570427,0.0019474320579320192,0.24737654626369476
179,0.0001,0.18325915466994047,0.9264347118176344,0.3229894276821252,0.8439369306185148,0.9144870704803498,12.61754059791565,0.2432789346203208,0.131419257260859,0.053372401744127274,0.2432789346203208,0.8482776880264282,0.3162006771925724,0.15118326472513605,0.055532879337216866,0.3162006771925724,0.8069195530631326,0.9902336597442627,0.7074874043464661,0.5890218019485474,0.5767437815666199,0.3478490710258484,0.6587822437286377,0.3369208872318268,1.004294991493225,0.3308812379837036,0.08285000920295715,0.001859214506112039,0.2478218972682953
180,0.0001,0.19106180034577847,0.9238327002213323,0.3237221222935301,0.8406062539288939,0.9119686048189982,10.01112985610962,0.2526732226833701,0.13217843510210514,0.052130697993561625,0.2526732226833701,0.839460339397192,0.3071874741351966,0.14729825520154202,0.052123485189495666,0.3071874741351966,0.8043256618759849,0.9912827610969543,0.7090854048728943,0.5907039046287537,0.5774048566818237,0.34723711013793945,0.6609963774681091,0.3362070322036743,0.998469352722168,0.33159419894218445,0.08244657516479492,0.0017604384338483214,0.2480851709842682
181,0.0001,0.1833510072901845,0.926434839563073,0.30905926046949445,0.8474467070662374,0.9163711677636425,10.856103420257568,0.2415014272555709,0.12956808088347316,0.05236522085033357,0.2415014272555709,0.8482059948146343,0.2892237829439568,0.1473383777069323,0.05521713377851428,0.2892237829439568,0.827066472082427,0.9919049739837646,0.7098767757415771,0.592370867729187,0.5764697790145874,0.34602129459381104,0.6628909111022949,0.33467403054237366,0.9947051405906677,0.33201009035110474,0.08161679655313492,0.0017030457966029644,0.24827240407466888
182,0.0001,0.19025188125669956,0.9245219561423834,0.3136546846592065,0.8443204540667056,0.9144947892764153,14.794008493423462,0.25158724933862686,0.13181021995842457,0.052877324633300304,0.25158724933862686,0.8427881486713886,0.29261512647975574,0.1434657835599148,0.05366955776557778,0.29261512647975574,0.8197048505147299,0.9921289086341858,0.7101473212242126,0.5939234495162964,0.5742751955986023,0.3451048731803894,0.6648495197296143,0.3354191482067108,0.9953005313873291,0.33277347683906555,0.08002622425556183,0.001628719619475305,0.24875399470329285
183,0.0001,0.18114128336310387,0.9268081302738027,0.3143835591547417,0.8442347655370939,0.914495237923151,14.573354482650757,0.2381370598450303,0.1283675255253911,0.05217620776966214,0.2381370598450303,0.8505976684391499,0.292858336911057,0.139535360715606,0.05218412738406297,0.292858336911057,0.8175704497279543,0.9925656914710999,0.7103957533836365,0.5954393148422241,0.572844922542572,0.34445396065711975,0.6666472554206848,0.33596327900886536,0.9976479411125183,0.333707720041275,0.07812659442424774,0.0015439108246937394,0.24926190078258514
184,0.0001,0.17948780488222837,0.9286906548661362,0.32056088158578583,0.8390464604704434,0.9114137059620913,14.592037439346313,0.23767747078090906,0.12880708929151297,0.05222989548929036,0.23767747078090906,0.8515761382877827,0.29159312356602063,0.15238798793518182,0.05175459678425933,0.29159312356602063,0.8250806747060834,0.9925983548164368,0.710433840751648,0.5970786213874817,0.5713472366333008,0.34410855174064636,0.6679941415786743,0.33637258410453796,0.9985056519508362,0.334462434053421,0.0771380290389061,0.0014797680778428912,0.24957919120788574
185,0.0001,0.17801747284829617,0.9300263365764854,0.32885711482076935,0.8362863289223136,0.9097116907983896,12.47254467010498,0.23791936412453651,0.12819972774013877,0.05299245612695813,0.23791936412453651,0.8530701883137226,0.30840790271759033,0.15037465276140155,0.05092468801321405,0.30840790271759033,0.8015823761622111,0.9932429790496826,0.7111705541610718,0.5987043380737305,0.5714690685272217,0.34401464462280273,0.6696576476097107,0.3342727720737457,0.9956530332565308,0.3349430561065674,0.07606898248195648,0.0014163786545395851,0.24998784065246582
186,0.0001,0.18326988816261292,0.926785859994284,0.3038879795507951,0.8496055757288585,0.9177618471284601,12.786147832870483,0.23981259670108557,0.1290599713101983,0.05234799184836447,0.23981259670108557,0.8500199653208256,0.2839492956797282,0.13610291255242896,0.055308729748834266,0.2839492956797282,0.8298786878585815,0.9939417839050293,0.7097454071044922,0.6006335020065308,0.5701576471328735,0.3419298231601715,0.6712125539779663,0.3351806700229645,0.992974042892456,0.3355371356010437,0.07439792901277542,0.001348379417322576,0.250223845243454
187,0.0001,0.17992243822664022,0.9276983628599165,0.32177316961866437,0.8401447768235542,0.9118243234956243,11.50363278388977,0.24035951774567366,0.12795614963397384,0.054033040534704924,0.24035951774567366,0.8486955761909485,0.2998748150738803,0.14972588510224313,0.052128180184147575,0.2998748150738803,0.8147141969565189,0.9939857721328735,0.7094566822052002,0.6024145483970642,0.5692523717880249,0.34045273065567017,0.6726000905036926,0.3343377709388733,0.9865176677703857,0.3363925516605377,0.07279424369335175,0.001270695822313428,0.2504276931285858
188,0.0001,0.17906052339822054,0.9280242087948707,0.31021902055451367,0.8496454565601805,0.917880137740082,12.128124475479126,0.24074298795312643,0.12688112119212747,0.052827432518824935,0.24074298795312643,0.8473726212978363,0.2946261095278191,0.14673007211901926,0.052898640208172074,0.2946261095278191,0.8258469917557456,0.9929063320159912,0.7093273997306824,0.6039710640907288,0.5677802562713623,0.34039947390556335,0.6740607023239136,0.3324141800403595,0.9823369979858398,0.33699795603752136,0.07122529298067093,0.0011988097103312612,0.25035905838012695
189,0.0001,0.18942446541041136,0.9214462933000138,0.3345007697741191,0.8288353509183531,0.9050342467261925,12.16123342514038,0.2457879763096571,0.13018585881218314,0.05269059166312218,0.2457879763096571,0.8471231609582901,0.29201180826533923,0.15051337625041153,0.051760493354363876,0.29201180826533923,0.8269880161140905,0.993212103843689,0.7089488506317139,0.6056642532348633,0.5678396821022034,0.33760866522789,0.6757622361183167,0.3328942060470581,0.9751642942428589,0.3377298414707184,0.07010558247566223,0.0011407046113163233,0.25028297305107117
190,0.0001,0.18351387418806553,0.9239795743373215,0.3208924586122686,0.8427917113193139,0.9137095809804041,11.526878833770752,0.24000644031912088,0.1296436064876616,0.05204955581575632,0.24000644031912088,0.8472653515636921,0.3059978141929164,0.1464281759478829,0.052127601861050636,0.3059978141929164,0.8132658907861421,0.9932799339294434,0.7092999815940857,0.607294499874115,0.567395031452179,0.3366962969303131,0.67744380235672,0.33257225155830383,0.9746626019477844,0.338713139295578,0.0689636766910553,0.0010825986973941326,0.25080299377441406
191,0.0001,0.1882076831534505,0.9245127831986993,0.30575581752892694,0.8490040806781386,0.9176182538271447,10.452107667922974,0.251990239135921,0.13109305314719677,0.051665218779817224,0.251990239135921,0.8388994336128235,0.284354132233244,0.1360565676833644,0.0563890559203697,0.284354132233244,0.8294140732649601,0.9935727715492249,0.7097873091697693,0.6090771555900574,0.5671253800392151,0.33734071254730225,0.6795632243156433,0.332474946975708,0.9757518172264099,0.3398668169975281,0.06841753423213959,0.00102017424069345,0.25129827857017517
192,0.0001,0.17754053696990013,0.9291867957290403,0.3063318043044119,0.8510032311443989,0.9185672988882648,14.13239049911499,0.23627309687435627,0.12629174487665296,0.05231782188639045,0.23627309687435627,0.8539619408547878,0.29707191568432434,0.14282157068902795,0.05306819826364517,0.29707191568432434,0.8171254486748667,0.9943434596061707,0.7096809148788452,0.6106309294700623,0.5662394165992737,0.33769336342811584,0.6812116503715515,0.3313981592655182,0.9766896963119507,0.3403968811035156,0.0672985389828682,0.0009614727459847927,0.25138112902641296
193,0.0001,0.17266249749809504,0.93082221790031,0.3272728956106937,0.8348393244361058,0.908545939947979,16.459081411361694,0.22919370885938406,0.12383522186428308,0.05124505143612623,0.22919370885938406,0.859116867184639,0.3060865546717788,0.14447312147328348,0.05208136288054062,0.3060865546717788,0.8018861051761743,0.9957109093666077,0.7087131142616272,0.6123695373535156,0.5657742023468018,0.337176114320755,0.6829497218132019,0.33136722445487976,0.9790733456611633,0.3412063419818878,0.06653854995965958,0.000910670030862093,0.25150957703590393
194,0.0001,0.1761980503797531,0.9306282574349527,0.31108198563257855,0.8445941144551801,0.9148240004566135,12.314037322998047,0.23830363620072603,0.12863973947241902,0.05113350530155003,0.23830363620072603,0.8516102507710457,0.288170828963771,0.13957779199788065,0.04932176265301126,0.288170828963771,0.8247413526881825,0.9959459900856018,0.7092193365097046,0.6140294671058655,0.5646279454231262,0.3368064761161804,0.684704601764679,0.3293781280517578,0.9783844351768494,0.3419885039329529,0.06608814001083374,0.0008556519169360399,0.25163552165031433
195,0.0001,0.17421608604490757,0.9307838245878611,0.2927453662409927,0.8600964057575099,0.9238459735465693,12.399476766586304,0.23510687984526157,0.1258381363004446,0.051911191549152136,0.23510687984526157,0.8528371453285217,0.29231292551214044,0.1414960731159557,0.051457755493395256,0.29231292551214044,0.8267702586723097,0.9956143498420715,0.709123432636261,0.6156352162361145,0.5631529688835144,0.33488211035728455,0.6863397359848022,0.33059853315353394,0.9765850901603699,0.34269189834594727,0.0656602531671524,0.0008052454795688391,0.25181248784065247
196,0.0001,0.17401244957000017,0.9314089117185994,0.30995580644318554,0.8479802052840173,0.9167138123190615,10.125598907470703,0.2389032430946827,0.12731032446026802,0.05166901112534106,0.2389032430946827,0.8487562164664268,0.2926637187148585,0.1451015124718348,0.04926694342584321,0.2926637187148585,0.8227073405728196,0.9963634610176086,0.7094992995262146,0.6171703338623047,0.5637564659118652,0.3346657156944275,0.6883020401000977,0.33025386929512024,0.9734621047973633,0.34334680438041687,0.06470508128404617,0.0007571839960291982,0.2518482804298401
197,0.0001,0.17593028116971254,0.9286093718693752,0.32698689807545056,0.835764116900037,0.9096815757137492,13.901873350143433,0.23372833989560604,0.12600826332345605,0.05247146845795214,0.23372833989560604,0.856421809643507,0.29476652903990314,0.13842044003082044,0.0512226860631596,0.29476652903990314,0.8159383697943254,0.9964167475700378,0.708361029624939,0.619061291217804,0.5628669261932373,0.3345140516757965,0.6894526481628418,0.3321920335292816,0.9742807149887085,0.34415531158447266,0.06436290591955185,0.000718870956916362,0.25201135873794556
198,0.0001,0.18097734078764915,0.9251304766591801,0.314571019374963,0.8493312592829254,0.9178742632218125,13.064748287200928,0.23660233058035374,0.1269561662338674,0.054108441807329655,0.23660233058035374,0.8518121726810932,0.3151985768115882,0.14968211723096442,0.0519612781477697,0.3151985768115882,0.8081664984876459,0.9975084662437439,0.7089811563491821,0.6202719211578369,0.5627337098121643,0.33257266879081726,0.6912156343460083,0.3323509395122528,0.9691411256790161,0.3451678454875946,0.0642426386475563,0.0006861220463179052,0.2521384656429291
199,0.0001,0.1801729742437601,0.9260633756349459,0.3441908106659398,0.8288170890283765,0.9057356383741885,15.984153509140015,0.2392494808882475,0.1269919602200389,0.05273644742555916,0.2392494808882475,0.8493684194982052,0.2944654117931019,0.14681318402290344,0.05213570165814775,0.2944654117931019,0.8226405797582684,0.9975491166114807,0.7084943056106567,0.6218749284744263,0.562115490436554,0.3303286135196686,0.6929932832717896,0.33297592401504517,0.9697693586349487,0.3466016352176666,0.06348681449890137,0.0006562118069268763,0.25280073285102844
200,0.0001,0.18322124145925045,0.9238615182981834,0.3126797278722127,0.8466706769850469,0.9161701327496203,13.623428583145142,0.237126674503088,0.12702343938872218,0.05206372984685004,0.237126674503088,0.8559280671179295,0.28762464992927783,0.1329955837943337,0.055589700851476555,0.28762464992927783,0.8258072733879089,0.9968884587287903,0.7083783745765686,0.6235167980194092,0.560798704624176,0.329554945230484,0.6946846842765808,0.33233940601348877,0.970647394657135,0.3477364480495453,0.06302235275506973,0.0006247927085496485,0.2531197667121887
201,0.0001,0.17998339608311653,0.9260085052039481,0.3404679533207055,0.8298373085031217,0.9060744976324229,13.383083820343018,0.24316196329891682,0.12818393483757973,0.0531235272064805,0.24316196329891682,0.8464457131922245,0.29658579645734845,0.14654019926533554,0.05208395523103801,0.29658579645734845,0.8160166505611304,0.9981205463409424,0.7076306343078613,0.6250162720680237,0.5610635280609131,0.32723167538642883,0.6965028643608093,0.3326708972454071,0.9712782502174377,0.3486988842487335,0.06216488033533096,0.0005830706213600934,0.2532690167427063
202,0.0001,0.18489563185721636,0.9238697182135127,0.3128063010446953,0.8483037175094099,0.9170269472868359,11.419593095779419,0.2481920449063182,0.12973233358934522,0.05425890861079097,0.2481920449063182,0.8429205045104027,0.29718145999041473,0.1497665210203691,0.05334474654360251,0.29718145999041473,0.8178657058513525,0.9991003274917603,0.7076894044876099,0.6263545751571655,0.5612897276878357,0.3258461654186249,0.6981511116027832,0.33392098546028137,0.9684767723083496,0.34996819496154785,0.06094537675380707,0.0005463052075356245,0.25356724858283997
203,0.0001,0.17695214319974184,0.9287255828981391,0.3098556706399629,0.8483557391531202,0.917059239538913,13.437828540802002,0.23947931360453367,0.1276154932565987,0.05402112449519336,0.23947931360453367,0.8491105288267136,0.2947609749707309,0.14310346950184216,0.05234932831742547,0.2947609749707309,0.8164081212246057,0.9986163973808289,0.7073604464530945,0.6279499530792236,0.5601764917373657,0.3263128697872162,0.6996434330940247,0.33523204922676086,0.9665220379829407,0.35093218088150024,0.05972190946340561,0.0005151812802068889,0.2538197636604309
204,0.0001,0.17747407872229815,0.9274249446389965,0.31575707413933496,0.8422622233646554,0.9135424910072556,14.65825366973877,0.23835545405745506,0.12608318636193871,0.05388957425020635,0.23835545405745506,0.8492574729025364,0.28804179032643634,0.14140910903612772,0.05235174546639124,0.28804179032643634,0.8250660878239255,0.9986779689788818,0.7069528102874756,0.6294914484024048,0.5599565505981445,0.32677334547042847,0.7012304663658142,0.33394667506217957,0.9647391438484192,0.35147011280059814,0.0587192140519619,0.0004863594367634505,0.2542872130870819
205,0.0001,0.17091575171798468,0.9314133714043693,0.32101828401738947,0.8399314567372433,0.9119832515868161,13.387449502944946,0.23262547329068184,0.12405708711594343,0.05362377711571753,0.23262547329068184,0.856379546225071,0.29240551139369153,0.14986686634294916,0.05303575008204489,0.29240551139369153,0.8228084770115939,0.998345673084259,0.7061072587966919,0.6310940980911255,0.5585001707077026,0.3255614936351776,0.7027567625045776,0.33180567622184753,0.9580892324447632,0.35201001167297363,0.057573530822992325,0.0004592117911670357,0.2544739246368408
206,0.0001,0.16977982129901648,0.9319942424352725,0.30485171260255756,0.852932887760455,0.9197766079447153,9.419454574584961,0.2333403993397951,0.12325540883466601,0.05429596244357526,0.2333403993397951,0.8541428484022617,0.2997578057375821,0.14034821138237463,0.05500623843435085,0.2997578057375821,0.8195803201559818,0.9981425404548645,0.7055197358131409,0.6327151656150818,0.5564579367637634,0.3239138424396515,0.7041552662849426,0.3318737745285034,0.9576417803764343,0.3524095416069031,0.056570131331682205,0.00043545340304262936,0.2544485330581665
207,0.0001,0.16753974743187428,0.9340324162415988,0.32374570225224353,0.8391083121300129,0.9112212336472288,13.774366617202759,0.23357135243713856,0.12617721827700734,0.05295519554056227,0.23357135243713856,0.8591279871761799,0.2971304582827019,0.1399290110125686,0.05201270713499098,0.2971304582827019,0.8118843345931082,0.999019980430603,0.7050732374191284,0.6341851353645325,0.5558841228485107,0.32296472787857056,0.705539345741272,0.33221083879470825,0.9550157785415649,0.3530031740665436,0.0556643083691597,0.00041300521115772426,0.25428614020347595
208,0.0001,0.17229753267019987,0.9290959357629486,0.31067410743597784,0.8468782887488502,0.9161976109922858,13.606789350509644,0.23518202174454927,0.12327027833089232,0.053975886665284634,0.23518202174454927,0.8535072766244411,0.28536314675302216,0.13879438151012768,0.05081077349005324,0.28536314675302216,0.8291886412736141,0.9990089535713196,0.7049203515052795,0.6357342600822449,0.5547261834144592,0.3217307925224304,0.7069399356842041,0.3289563059806824,0.9555572271347046,0.3534441292285919,0.05483592301607132,0.00039102090522646904,0.2544178068637848
209,0.0001,0.1768596963956952,0.9276316932733064,0.31183150139721955,0.8449264220132476,0.9148916459571654,12.5618417263031,0.23988064657896757,0.1272810730151832,0.05438754498027265,0.23988064657896757,0.8517041355371475,0.28879141265695746,0.14187864868929892,0.051219016426440445,0.28879141265695746,0.8179010170878787,0.9996225833892822,0.7048341631889343,0.6371250152587891,0.5531063675880432,0.3200916051864624,0.7081357836723328,0.3286711275577545,0.9486039876937866,0.353890597820282,0.053974200040102005,0.0003690762387122959,0.2545311748981476
210,0.0001,0.1731013087555766,0.930298220779677,0.32391890070655127,0.8397987896001741,0.9117930216908957,14.594653844833374,0.23707072343677282,0.12657292699441314,0.05287211085669696,0.23707072343677282,0.8517831712961197,0.30890411499774817,0.13615487651391464,0.0551079311831431,0.30890411499774817,0.8174538088567329,0.9995445013046265,0.7052813768386841,0.6386681199073792,0.5528736710548401,0.32001984119415283,0.7095574140548706,0.32431069016456604,0.9504477381706238,0.3548707365989685,0.053239353001117706,0.0003497547877486795,0.2547035217285156
211,0.0001,0.16634796932339668,0.9324866426515352,0.3055065996719129,0.8524412930602493,0.9194862863688137,11.935508728027344,0.2308870479464531,0.12320010783150792,0.05221229838207364,0.2308870479464531,0.8544465973973274,0.3029366406527432,0.1517654639301878,0.053729326548901474,0.3029366406527432,0.8129119565992644,0.998370885848999,0.704826295375824,0.6400027275085449,0.5510005950927734,0.31883788108825684,0.7111920118331909,0.32473549246788025,0.9500851631164551,0.3555702269077301,0.05240139737725258,0.0003320593968965113,0.2548060119152069
212,0.0001,0.17343988921493292,0.9281295229365935,0.3107506614742857,0.8484050783783862,0.9170871850516669,15.538923263549805,0.2379688024520874,0.12508387444540858,0.054683372378349304,0.2379688024520874,0.8495658598840237,0.3027275836828983,0.14869493517008694,0.05337610479557153,0.3027275836828983,0.8155891642426,0.9988476037979126,0.703655481338501,0.64139324426651,0.5499472618103027,0.3171028196811676,0.7122737169265747,0.3221973180770874,0.9516668915748596,0.35611146688461304,0.051841117441654205,0.00031531849526800215,0.2548825144767761
213,0.0001,0.16834336146712303,0.9318189446427593,0.30492915709813434,0.8497697763097609,0.9180838627434176,16.16016697883606,0.2324371663853526,0.12439713813364506,0.05296568456105888,0.2324371663853526,0.8571695536375046,0.29298875187382556,0.1446616631565672,0.05066203506606998,0.29298875187382556,0.8123754660288492,0.9990758299827576,0.7041695713996887,0.6426223516464233,0.549199640750885,0.3166898787021637,0.7133577466011047,0.3200046122074127,0.9495105147361755,0.35659292340278625,0.05081930756568909,0.00030032635550014675,0.2548683285713196
214,0.0001,0.1668731113895774,0.9340132725600028,0.334678590297699,0.8384636744902071,0.9108246714332358,13.109951257705688,0.23111010156571865,0.12449275748804212,0.05378395668230951,0.23111010156571865,0.858712587505579,0.34353173140323523,0.1361881946072434,0.05466891204317411,0.34353173140323523,0.7905398679502083,0.999214768409729,0.7035659551620483,0.6439825296401978,0.5476641654968262,0.31663116812705994,0.7145398259162903,0.31974902749061584,0.9501619338989258,0.3568585515022278,0.05003654584288597,0.00028502041823230684,0.2551906406879425
215,0.0001,0.1662624441087246,0.9321952688798539,0.3166094079162135,0.8415814146988092,0.913136377849163,11.011165618896484,0.22944206185638905,0.12215784657746553,0.05205982201732695,0.22944206185638905,0.8585708253085613,0.29445894920464716,0.14691553377743924,0.053353442612922554,0.29445894920464716,0.8248561638774294,0.9991632103919983,0.7039366364479065,0.645348310470581,0.5466450452804565,0.3166431486606598,0.71580970287323,0.3197070062160492,0.9502400755882263,0.3574906289577484,0.04950409755110741,0.0002702044730540365,0.25553008913993835
216,0.0001,0.17147027980536222,0.931996274090298,0.3104727466901143,0.844182324008171,0.914599337886332,12.734102725982666,0.2399015361443162,0.12873451737686992,0.05219477252103388,0.2399015361443162,0.8504944704473019,0.2871516870729851,0.14263936109615094,0.05223452153079437,0.2871516870729851,0.8246525074496414,0.9994674921035767,0.7039340138435364,0.6467297673225403,0.545574963092804,0.31568771600723267,0.7171311974525452,0.3187715411186218,0.95143723487854,0.3580765724182129,0.048957906663417816,0.0002552688820287585,0.2557421028614044
217,0.0001,0.16930486541241407,0.932059212332978,0.32546960946285364,0.8439721535615468,0.9146233738532966,12.681089162826538,0.23352190107107162,0.12222782522439957,0.05360914207994938,0.23352190107107162,0.8544461913406849,0.3266996813542915,0.1454810518206972,0.0555379232673934,0.3266996813542915,0.7981245463544672,0.9991310238838196,0.7030733823776245,0.6481570601463318,0.5441070795059204,0.31367355585098267,0.7183971405029297,0.3189238905906677,0.9480274319648743,0.358684778213501,0.04877622798085213,0.00024102648603729904,0.25578194856643677
218,0.0001,0.1712075425311923,0.9302438279504333,0.3134063139106288,0.8413977397073895,0.9128198325217559,12.606374740600586,0.2364592058584094,0.12382447114214301,0.05265155923552811,0.2364592058584094,0.8523462973535061,0.2816035133419615,0.13195467085549326,0.05449026800466306,0.2816035133419615,0.8325591520829634,0.9996607899665833,0.7026069164276123,0.6495741605758667,0.5437087416648865,0.31332436203956604,0.7195252776145935,0.31759369373321533,0.949383020401001,0.3591212034225464,0.04793655499815941,0.00022753716621082276,0.2559143006801605
219,0.0001,0.16866453923285007,0.9316422454280834,0.3139274933121421,0.844882977948418,0.9148086957461855,15.57310175895691,0.23277813009917736,0.12483768910169601,0.052070298697799444,0.23277813009917736,0.856541134417057,0.30007465680440265,0.13845889857321075,0.05104138295758854,0.30007465680440265,0.806611848599983,0.9998372793197632,0.702996015548706,0.6509842276573181,0.5440252423286438,0.31279247999191284,0.7208461761474609,0.31625694036483765,0.948136031627655,0.35977357625961304,0.04713566601276398,0.00021456384274642915,0.2563784122467041
220,0.0001,0.1674829851835966,0.9322061437296529,0.3080239946191961,0.8480410769814929,0.9167503704039328,12.277462005615234,0.23177473153918982,0.12386378878727555,0.051314958138391376,0.23177473153918982,0.857114989310503,0.30251003756667627,0.14560349240447534,0.05065760930830782,0.30251003756667627,0.8082761294914015,0.9999620914459229,0.7029602527618408,0.6521928310394287,0.5432929396629333,0.3119954764842987,0.7223092317581177,0.3151981830596924,0.9465010166168213,0.36064767837524414,0.04639987647533417,0.00020283895719330758,0.25665879249572754
221,0.0001,0.16488913632929325,0.9333865914250671,0.3024973616455541,0.8505273137261559,0.9183327428112765,11.89872431755066,0.23350038658827543,0.1224277364090085,0.05090892128646374,0.23350038658827543,0.8539231233298779,0.28643255161516595,0.13759718158028342,0.051430211938691864,0.28643255161516595,0.8264088847420432,0.9995344877243042,0.7031955122947693,0.6534441709518433,0.5414877533912659,0.31151625514030457,0.7236009836196899,0.3146589398384094,0.9457835555076599,0.36126261949539185,0.045617394149303436,0.00019229484314564615,0.2569049000740051
222,0.0001,0.17301809135824442,0.9296933616227567,0.2935872150189949,0.8560615957783608,0.9214764702581791,10.509195327758789,0.2372079836204648,0.12566738156601787,0.05238861683756113,0.2372079836204648,0.8520341627299786,0.2861786827896581,0.13298078919901993,0.05142110326524937,0.2861786827896581,0.8327792720361189,0.999605655670166,0.7014325261116028,0.6547034978866577,0.5396716594696045,0.30938073992729187,0.7247667908668518,0.3170781135559082,0.9458838105201721,0.36188942193984985,0.04509995877742767,0.00018213168368674815,0.25723186135292053
223,0.0001,0.17254339437931776,0.9280244285461211,0.30653592673214997,0.851862494928032,0.9191373640498944,12.009302139282227,0.23453437816351652,0.12418948439881206,0.051395760383456945,0.23453437816351652,0.8518274649977684,0.30274824662642047,0.14092725876605872,0.05325360957420233,0.30274824662642047,0.8154314955075582,0.9996082782745361,0.7013857364654541,0.6561630964279175,0.539817750453949,0.3091500699520111,0.7263091802597046,0.3175845444202423,0.9458629488945007,0.3632243573665619,0.044338129460811615,0.0001729816576698795,0.25750240683555603
224,0.0001,0.16322301421314478,0.9337109055713065,0.3038417895634969,0.8508964506117473,0.9185199477090615,16.504302978515625,0.22928133141249418,0.12209822284057736,0.05174614652059972,0.22928133141249418,0.8579296916723251,0.29033108913537226,0.14059441830172684,0.0505131527104161,0.29033108913537226,0.8301344297148965,1.0007879734039307,0.7009163498878479,0.6577206254005432,0.5399577021598816,0.3074134886264801,0.72785884141922,0.31562304496765137,0.9465745687484741,0.36423608660697937,0.04368368908762932,0.00016455852892249823,0.25766417384147644
225,0.0001,0.16808614879846573,0.9315508677162966,0.3018275029731519,0.8522020206994209,0.9193875135328266,10.81676697731018,0.2351828869432211,0.12498220521956682,0.05277975765056908,0.2351828869432211,0.8546697348356247,0.2855320247736844,0.13578049025752328,0.05158119050390793,0.2855320247736844,0.8304612275325891,1.0008716583251953,0.7001534104347229,0.6589352488517761,0.5389407277107239,0.307018905878067,0.7289687991142273,0.3146311938762665,0.9497559666633606,0.3648376762866974,0.04312833026051521,0.0001561418321216479,0.2579057514667511
226,0.0001,0.16336410213261843,0.9345377925112538,0.2986764799464833,0.8514434530272111,0.9190373646669878,11.962471008300781,0.22754085157066584,0.12188148871064186,0.05216399137862027,0.22754085157066584,0.8579981029033661,0.28219910462697345,0.1357121350187244,0.04990313111832648,0.28219910462697345,0.8219743407133854,1.0009257793426514,0.6992232799530029,0.6604312062263489,0.5380704998970032,0.3062877953052521,0.7301916480064392,0.313921719789505,0.9476300477981567,0.3654995858669281,0.043006449937820435,0.00014791420835535973,0.25781503319740295
227,0.0001,0.16160161513835192,0.9341033229651384,0.3230464494589603,0.8372675649766366,0.91055316658535,16.33244228363037,0.2253497652709484,0.12088314350694418,0.053730650804936886,0.2253497652709484,0.8625198975205421,0.2982338269551595,0.1358834035468824,0.05045886507088488,0.2982338269551595,0.8098158258380312,1.0012892484664917,0.6987867951393127,0.6617929339408875,0.5377641916275024,0.3055707514286041,0.7315369248390198,0.31401607394218445,0.9481532573699951,0.36628201603889465,0.042327411472797394,0.00014113423821981996,0.2578255832195282
228,0.0001,0.16835254523903131,0.9312303526810434,0.3025198958136819,0.8481402252542442,0.9170241147913605,13.80458378791809,0.23253875970840454,0.12346369912847877,0.05338305654004216,0.23253875970840454,0.8560457676649094,0.2797689979726618,0.1349072831146645,0.052730095996098084,0.2797689979726618,0.8342384244456436,1.0017503499984741,0.6986435055732727,0.6629893779754639,0.5367714762687683,0.30474933981895447,0.7325385808944702,0.3150167763233185,0.946487545967102,0.36699923872947693,0.04163872078061104,0.00013447724631987512,0.2580210268497467
229,0.0001,0.16938523575663567,0.931493170982527,0.300800899664561,0.8525932499130919,0.9197103462306426,9.495712757110596,0.2359383823350072,0.12402381654828787,0.05166911333799362,0.2359383823350072,0.8533708490431309,0.2973491025693489,0.13445271958004346,0.05114880667039842,0.2973491025693489,0.8085789373426726,1.002037763595581,0.6982536315917969,0.6643511056900024,0.5363278985023499,0.3048110008239746,0.734153151512146,0.3139050602912903,0.9504838585853577,0.36743032932281494,0.040849242359399796,0.00012837225222028792,0.2583225667476654
230,0.0001,0.16256798431277275,0.9350433158257725,0.3091112736499671,0.8449003707742587,0.9150369590039423,12.85019063949585,0.23183598741889,0.12099525053054094,0.052632959093898535,0.23183598741889,0.8557631708681583,0.2897353605790572,0.13760294336261172,0.05248315711364602,0.2897353605790572,0.8280262965144534,1.0020344257354736,0.6981126070022583,0.6657834053039551,0.5359638929367065,0.304410457611084,0.7359411716461182,0.3121773302555084,0.9491574764251709,0.36807453632354736,0.040363699197769165,0.00012208583939354867,0.25852376222610474
231,0.0001,0.16398447565734386,0.9337440090602849,0.2945880059039954,0.8528788477181347,0.9197131999908494,16.60955262184143,0.2308123093098402,0.1235019825398922,0.050743899773806334,0.2308123093098402,0.8562833555042744,0.2791926698251204,0.1323169216965184,0.05184224180199883,0.2791926698251204,0.8375756054213552,1.0018187761306763,0.6973407864570618,0.6671892404556274,0.5344892144203186,0.3037540018558502,0.7374993562698364,0.31174513697624207,0.9443277716636658,0.368638813495636,0.03974028304219246,0.00011627543426584452,0.25854161381721497
232,0.0001,0.16347490809857845,0.9351603843222098,0.3170829505631418,0.842056355114403,0.9131808612975942,12.251953840255737,0.23424643464386463,0.12397546786814928,0.05105460132472217,0.23424643464386463,0.853608749806881,0.29586627266623755,0.14029283595807623,0.05007819402398485,0.29586627266623755,0.820760474060521,1.0016918182373047,0.6976850628852844,0.6685299873352051,0.5336596369743347,0.3040546178817749,0.7389047145843506,0.3105720281600952,0.9440249800682068,0.3692364990711212,0.039145465940237045,0.00011078068928327411,0.2586967945098877
233,0.0001,0.15807952731847763,0.9375986520334073,0.3035298802635886,0.8486873384385797,0.9174472422527269,10.203904151916504,0.22844269406050444,0.12391153117641807,0.0519710851367563,0.22844269406050444,0.8593590930104256,0.28388016693519824,0.1375425403768366,0.050036021705829735,0.28388016693519824,0.8300407492753231,1.0012953281402588,0.6968847513198853,0.6699777841567993,0.5324267745018005,0.30299490690231323,0.7401977181434631,0.30941691994667053,0.9417701959609985,0.369598388671875,0.0385267548263073,0.00010513824236113578,0.2588452994823456
234,0.0001,0.16088800225406885,0.9354033181262444,0.31399521321961377,0.8426684579404122,0.9140549122941535,16.736623764038086,0.22964290250092745,0.1227539461106062,0.05218131048604846,0.22964290250092745,0.8611673191189766,0.28471495527209656,0.13971616779312943,0.05199638979904579,0.28471495527209656,0.8299468177737612,1.0010567903518677,0.6963428258895874,0.6713792681694031,0.5311307907104492,0.30217480659484863,0.7414188981056213,0.3091996908187866,0.9398385882377625,0.3699783682823181,0.03793444111943245,0.00010004157229559496,0.25881484150886536
235,0.0001,0.16147656319662929,0.933450466456609,0.314369002978007,0.8431170285358147,0.9141370114890841,12.557735204696655,0.2258744603022933,0.12124340096488595,0.05223607458174229,0.2258744603022933,0.8619090653955936,0.2832504258011327,0.13747845003099152,0.05193054224505569,0.2832504258011327,0.832333479866837,1.0009028911590576,0.6964111328125,0.6726223230361938,0.5304531455039978,0.30197420716285706,0.7426124811172485,0.30844083428382874,0.9374546408653259,0.37049728631973267,0.03731992468237877,9.502430475549772e-05,0.258806437253952
236,0.0001,0.16735931765288115,0.9320157879921819,0.3147344769853534,0.843964931272587,0.9144631896710635,14.140377759933472,0.2361264629289508,0.12496842071413994,0.05275535769760609,0.2361264629289508,0.8492625243961811,0.30384128563331836,0.1404844657941298,0.05556055068066626,0.30384128563331836,0.8162452993970929,1.0009595155715942,0.6955093145370483,0.6738408207893372,0.5294182300567627,0.3008559048175812,0.7436843514442444,0.3076437711715698,0.9333247542381287,0.37104374170303345,0.03681059926748276,9.061799210030586e-05,0.2588755786418915
237,0.0001,0.16374832391738892,0.9337450136322287,0.3228252746842124,0.8361011596415955,0.909926920804275,11.136415719985962,0.23261246923357248,0.12228880124166608,0.05146705429069698,0.23261246923357248,0.852837935090065,0.2996701110493053,0.13223202526569366,0.05182535720594002,0.2996701110493053,0.8066932613199408,1.0011651515960693,0.6948460340499878,0.6753495931625366,0.5288459062576294,0.30071350932121277,0.7449657320976257,0.30667755007743835,0.9367597103118896,0.3717986047267914,0.036252710968256,8.656622230773792e-05,0.25917360186576843
238,0.0001,0.16074612643569708,0.9365180531758929,0.3086870890675169,0.8445810022978949,0.9148435005340362,12.45525050163269,0.23111945018172264,0.12267765821889043,0.053230113349854946,0.23111945018172264,0.8577140420675278,0.287781581734166,0.1329198285485759,0.05151848607894146,0.287781581734166,0.8223118348555132,1.001425862312317,0.6946603059768677,0.6766300201416016,0.5280007123947144,0.2992129325866699,0.746189296245575,0.3060521185398102,0.9337828755378723,0.3724384903907776,0.035830240696668625,8.268454985227436e-05,0.25937971472740173
239,0.0001,0.15983125008642673,0.9352838218874674,0.2998014742677862,0.8506439575468471,0.9184820941809985,14.211175441741943,0.22831247188150883,0.12080132588744164,0.05212277756072581,0.22831247188150883,0.8617203757166862,0.2800240498600584,0.13765394687652588,0.05262048226414305,0.2800240498600584,0.831041693687439,1.0014865398406982,0.6940006017684937,0.6777423620223999,0.5265698432922363,0.2991146743297577,0.7473359704017639,0.3035928010940552,0.9342575073242188,0.3730108439922333,0.03532058000564575,7.905889651738107e-05,0.2594623565673828
240,0.0001,0.15405967272818089,0.9377463694366568,0.3035767331267848,0.8466572107813761,0.9161423461912914,13.498179197311401,0.2207785015925765,0.12096409872174263,0.051741021452471614,0.2207785015925765,0.8630245178937912,0.2820923292275631,0.1351675165422035,0.05078515128204317,0.2820923292275631,0.8279455936316288,1.00173020362854,0.6932312846183777,0.6789012551307678,0.5255625247955322,0.2986202836036682,0.7484723925590515,0.3020270764827728,0.932231605052948,0.37367546558380127,0.03499132767319679,7.546712731709704e-05,0.25949645042419434
241,0.0001,0.1596986958757043,0.9367054336526747,0.310141409888412,0.8431877029789893,0.9140455515271647,16.69719171524048,0.23127072863280773,0.12194567825645208,0.05218581180088222,0.23127072863280773,0.8568857163190842,0.2829696463816094,0.13810734541127176,0.05096373786077355,0.2829696463816094,0.8288599559755037,1.0009827613830566,0.6927915215492249,0.6802526712417603,0.5244548320770264,0.2973514795303345,0.7496082782745361,0.3016383647918701,0.9307644963264465,0.37402084469795227,0.034560877829790115,7.198337698355317e-05,0.2596339285373688
242,0.0001,0.1545833721756935,0.9377518353511896,0.2994939377813628,0.8515470749427055,0.919164442719727,10.662974119186401,0.2228808281943202,0.11928251665085554,0.05155568406917155,0.2228808281943202,0.8633549325168133,0.28999843019427674,0.13540089762572086,0.05254392032370423,0.28999843019427674,0.8275319373968876,1.0004652738571167,0.6922128796577454,0.6816620826721191,0.52288419008255,0.29629793763160706,0.7505263090133667,0.29997876286506653,0.9300349354743958,0.3743388056755066,0.03397555276751518,6.895888509461656e-05,0.2596266269683838
243,0.0001,0.16286173276603222,0.9323110698595107,0.3007437496474295,0.8497818505432948,0.918193615994193,9.311691761016846,0.22961780615150928,0.12285484466701746,0.052685921313241124,0.22961780615150928,0.8585795722901821,0.28219645673578436,0.1327202505234516,0.050479734147136864,0.28219645673578436,0.8332977999340404,1.0006740093231201,0.6916741132736206,0.682783305644989,0.5224754214286804,0.2954055070877075,0.7516604065895081,0.30035635828971863,0.9287500381469727,0.37491291761398315,0.033483508974313736,6.569948163814843e-05,0.25970056653022766
244,0.0001,0.15821163542568684,0.9369310951126872,0.297368302489772,0.8531374486040835,0.9200890045408908,13.231051445007324,0.22712253965437412,0.11896147299557924,0.05211762501858175,0.22712253965437412,0.8597238287329674,0.296837001135855,0.1330889327959581,0.052095722294215,0.296837001135855,0.819917664383397,1.0004671812057495,0.6911843419075012,0.6840319037437439,0.5217002630233765,0.29536741971969604,0.752611517906189,0.29999467730522156,0.9296568632125854,0.3752776086330414,0.03282627835869789,6.258692155824974e-05,0.25978192687034607
245,0.0001,0.1630864990875125,0.9336510937154747,0.309794034018661,0.8466391422477707,0.9162347598353304,12.18348479270935,0.23519915342330933,0.12332241190597415,0.051174524473026395,0.23519915342330933,0.8545678071677685,0.29184988050749805,0.14479457158030887,0.050696118198560944,0.29184988050749805,0.8185512766693578,1.0005853176116943,0.6901142597198486,0.6853458881378174,0.5212147831916809,0.2933768928050995,0.7537983059883118,0.30039042234420776,0.928266704082489,0.3759974539279938,0.032371386885643005,5.965630043647252e-05,0.25989437103271484
246,0.0001,0.15918658208101988,0.9355306261774461,0.31140434019493335,0.8461996176942884,0.9157851307936321,12.064299821853638,0.22706032544374466,0.12042331788688898,0.053779550129547715,0.22706032544374466,0.861151710152626,0.30209231918508356,0.1367068773869312,0.05199617091001886,0.30209231918508356,0.8119037620949022,1.000299096107483,0.689996063709259,0.6866079568862915,0.52069091796875,0.2928840219974518,0.754913866519928,0.2991424798965454,0.9268594980239868,0.37692949175834656,0.031899187713861465,5.6736993428785354e-05,0.2600783109664917
247,0.0001,0.16298620402812958,0.9351420376610193,0.30301176417957654,0.8513064740613815,0.9189077853146006,13.493143320083618,0.23405425250530243,0.1226687952876091,0.04988897615112364,0.23405425250530243,0.8532015979290009,0.28409229986595386,0.1288947548830148,0.0524331507357684,0.28409229986595386,0.8296100117943503,1.0002354383468628,0.6891684532165527,0.6877777576446533,0.5201919674873352,0.29251110553741455,0.7561378479003906,0.2984789311885834,0.9267154335975647,0.37762123346328735,0.031374454498291016,5.4207470384426415e-05,0.26016032695770264
248,0.0001,0.16055409517139196,0.9363097817893737,0.3010891043778622,0.8507916513541705,0.918623325799878,9.519849300384521,0.23193472065031528,0.12068580649793148,0.05155794229358435,0.23193472065031528,0.8559040725231171,0.28823795282479486,0.14124271002682773,0.05102393968087254,0.28823795282479486,0.8274939945249846,1.0007256269454956,0.6888419985771179,0.6888704895973206,0.5196290016174316,0.2918914556503296,0.7574403882026672,0.29920294880867004,0.9227423667907715,0.3779461979866028,0.031083766371011734,5.1681039622053504e-05,0.26013508439064026
249,0.0001,0.154763444326818,0.9373251918128666,0.30594064250136865,0.8488857198984765,0.9175909000956978,13.372375249862671,0.22345983516424894,0.11916765524074435,0.051620843820273876,0.22345983516424894,0.8624831363558769,0.28251766977888165,0.13561663483128403,0.04916117746721615,0.28251766977888165,0.8315752907232805,1.0008503198623657,0.6882994771003723,0.690086305141449,0.5188539624214172,0.2916911840438843,0.7586706280708313,0.29900699853897095,0.9190170764923096,0.3783862292766571,0.03073117882013321,4.9237565690418705e-05,0.2600690424442291
250,0.0001,0.15378199145197868,0.9384722643685731,0.30257418842026684,0.8487313741143504,0.91730313809964,9.628807306289673,0.22375223506242037,0.11917161615565419,0.05233134375885129,0.22375223506242037,0.8611885383725166,0.2854365525823651,0.13571451649521338,0.050766506091211784,0.2854365525823651,0.8309622840447859,1.001020073890686,0.6875265836715698,0.6911510229110718,0.5173921585083008,0.2906394302845001,0.7595809102058411,0.29821765422821045,0.9166762828826904,0.37857308983802795,0.03039056807756424,4.685911335400306e-05,0.259973406791687
251,0.0001,0.15268638916313648,0.9391482679571328,0.296742861921137,0.8524362065210823,0.9195704515736124,12.121782064437866,0.22265478502959013,0.11933697294443846,0.05060294130817056,0.22265478502959013,0.8631819784641266,0.2803006587606488,0.1318349756977775,0.04889427362517877,0.2803006587606488,0.8318022128307458,1.0013362169265747,0.6870552897453308,0.6923222541809082,0.5166179537773132,0.2904241681098938,0.7605275511741638,0.29706525802612305,0.914688229560852,0.37878870964050293,0.02998843416571617,4.4539607188198715e-05,0.25990310311317444
252,0.0001,0.15732719283550978,0.9369826352036948,0.2938919175754894,0.8527625718219132,0.9197352327171463,14.514346361160278,0.2291532214730978,0.12233710428699851,0.05070379073731601,0.2291532214730978,0.8605298288166523,0.2802036296237599,0.13324776020917026,0.04925612642457991,0.2802036296237599,0.8232583259091233,1.0014243125915527,0.6868273019790649,0.6934828162193298,0.5163557529449463,0.28990790247917175,0.7615604996681213,0.29579687118530273,0.9122194647789001,0.3790828585624695,0.029347656294703484,4.2440908146090806e-05,0.2598886489868164
253,0.0001,0.15896114986389875,0.9375315887053406,0.3105005549662041,0.8473923244049074,0.9164359050769658,13.633684158325195,0.2338326470926404,0.12308930372819304,0.05179594806395471,0.2338326470926404,0.8533945865929127,0.32114158254681213,0.13579696010459552,0.05314892620751352,0.32114158254681213,0.8047413699554674,1.0008814334869385,0.6863846182823181,0.6947095990180969,0.5152148008346558,0.28915974497795105,0.762644350528717,0.2966843545436859,0.9100188612937927,0.37965813279151917,0.028860611841082573,4.044787783641368e-05,0.2600008249282837
254,0.0001,0.16339920368045568,0.9343146177372579,0.30049269488363556,0.8471038824660186,0.9164384657781379,12.63307499885559,0.23712135199457407,0.12390969786792994,0.05223250132985413,0.23712135199457407,0.848782304674387,0.27757182446393097,0.13244020487322952,0.051107629907853676,0.27757182446393097,0.8325442346659574,1.0011928081512451,0.6862523555755615,0.6959667801856995,0.5151228308677673,0.28807657957077026,0.7638168931007385,0.2963400185108185,0.907651960849762,0.38015657663345337,0.028494080528616905,3.85884013667237e-05,0.26019537448883057
255,0.0001,0.16211867611855268,0.9332342802198742,0.3149822119510535,0.8384684400611371,0.9114636539920444,9.97339391708374,0.23169970139861107,0.12137762224301696,0.05392323387786746,0.23169970139861107,0.8557860851287842,0.29193796172286524,0.12665361707860773,0.054089361519524544,0.29193796172286524,0.8166145664272886,1.0011667013168335,0.6860286593437195,0.6968143582344055,0.5144723653793335,0.2869775593280792,0.7647386789321899,0.29511064291000366,0.9079166650772095,0.38059255480766296,0.02805892936885357,3.679855217342265e-05,0.26028257608413696
256,0.0001,0.15992522798478603,0.9359117570735377,0.3079590074943774,0.8448258279296275,0.9150170142179856,15.362120151519775,0.23130198381841183,0.12038402957841754,0.05399396037682891,0.23130198381841183,0.858035285025835,0.28802954428123706,0.12335221920952652,0.05600743955283454,0.28802954428123706,0.8288064201672872,1.0010778903961182,0.6861606240272522,0.6979852914810181,0.5139214396476746,0.2857525050640106,0.765638530254364,0.29691311717033386,0.9036786556243896,0.3813251554965973,0.027492478489875793,3.493444819469005e-05,0.26026812195777893
257,0.0001,0.157332394272089,0.9359721309034489,0.3142697883374763,0.8407097299687474,0.9124266545195778,11.800894260406494,0.22681472916156054,0.12103688297793269,0.05284263985231519,0.22681472916156054,0.8606104217469692,0.2839373458515514,0.125890443722407,0.051769072697921234,0.2839373458515514,0.8255157669385275,1.0013105869293213,0.6854960322380066,0.6989879608154297,0.5131962299346924,0.2851286828517914,0.7666105628013611,0.29451659321784973,0.9037280082702637,0.3817999064922333,0.02734547294676304,3.324574572616257e-05,0.2602682113647461
258,0.0001,0.1600223183631897,0.9355016663118755,0.30617633191022003,0.8481612641848417,0.9169513918491479,13.225453853607178,0.23065238911658525,0.1214354308322072,0.05196474469266832,0.23065238911658525,0.8599765077233315,0.2948497569922245,0.13623880436926178,0.05335594883019274,0.2948497569922245,0.8263867641940261,1.001003623008728,0.6848409175872803,0.7000455856323242,0.5121248960494995,0.28382283449172974,0.7673537731170654,0.29445797204971313,0.8996129631996155,0.38237249851226807,0.027258846908807755,3.168879993609153e-05,0.26055532693862915
259,0.0001,0.15727798081934452,0.9364823383070762,0.30779289476799243,0.8446492271510256,0.9149663072407266,9.975635528564453,0.22934769466519356,0.1202626395970583,0.052609752397984266,0.22934769466519356,0.858738400042057,0.27893271951964405,0.13033768173420068,0.052727732694510254,0.27893271951964405,0.8329147028200554,1.0008550882339478,0.6844387054443359,0.7012328505516052,0.5118807554244995,0.2836025655269623,0.7685939073562622,0.29258236289024353,0.8992173671722412,0.3826582431793213,0.026882987469434738,3.0250670533860102e-05,0.26069894433021545
260,0.0001,0.1557420063763857,0.9360918023634821,0.30570547327850806,0.8468364833483387,0.9161626150510661,11.872745990753174,0.2249725228175521,0.120240009855479,0.05316412029787898,0.2249725228175521,0.8622138164937496,0.28202066999493225,0.1287064231706388,0.053755162678884735,0.28202066999493225,0.8317391167987477,1.0006248950958252,0.6841335892677307,0.7023236155509949,0.5107743740081787,0.2822834551334381,0.7695634961128235,0.29246431589126587,0.8940220475196838,0.3830692768096924,0.026490578427910805,2.889335337386001e-05,0.260868638753891
261,0.0001,0.15663196425884962,0.9376903142350544,0.30275104623852356,0.8508042295553543,0.9187616268383015,12.661484003067017,0.23032287042587996,0.12256653420627117,0.05168386176228523,0.23032287042587996,0.8593356795608997,0.2779110200477369,0.135912198008913,0.05039327106241024,0.2779110200477369,0.8325326045354208,1.0005338191986084,0.683235228061676,0.7032730579376221,0.5098293423652649,0.28243109583854675,0.7704329490661621,0.2895087003707886,0.894971489906311,0.38339629769325256,0.026193954050540924,2.757476431725081e-05,0.26084068417549133
262,0.0001,0.15552620170637965,0.93756301958672,0.31279155702301953,0.8409744906410027,0.9127503213375182,12.99064302444458,0.22800444532185793,0.12043378269299865,0.051819314481690526,0.22800444532185793,0.8584870658814907,0.28311470421877777,0.13320520294435095,0.0496122602260474,0.28311470421877777,0.8225031657652422,1.0003033876419067,0.6826674938201904,0.7044619917869568,0.5088269710540771,0.2820816934108734,0.7715446352958679,0.28902071714401245,0.8935837149620056,0.3837331533432007,0.025887034833431244,2.6322884878027253e-05,0.2608053386211395
263,0.0001,0.15155654959380627,0.938779453783481,0.30269526532202057,0.8488695380355848,0.9175160499262354,12.487643003463745,0.2221172908321023,0.11926806019619107,0.05173137132078409,0.2221172908321023,0.8653618097305298,0.27720824877421063,0.126294190233404,0.05138730878631274,0.27720824877421063,0.8353175376400803,1.0007647275924683,0.6824834942817688,0.705687940120697,0.5082606077194214,0.28151190280914307,0.7727060914039612,0.28812718391418457,0.8935805559158325,0.3839489817619324,0.0254819318652153,2.5124832973233424e-05,0.26079443097114563
264,0.0001,0.15403668582439423,0.937616260112466,0.30219833597992407,0.8485192767504933,0.917232266220919,11.778742551803589,0.22553037758916616,0.11904407292604446,0.05146701820194721,0.22553037758916616,0.8598456904292107,0.2808936328598947,0.12919633677511505,0.051916432990269226,0.2808936328598947,0.8328430219130083,1.0004467964172363,0.6821374893188477,0.7066904902458191,0.5069324970245361,0.28025710582733154,0.773566722869873,0.28940993547439575,0.8906055092811584,0.38447216153144836,0.02509278990328312,2.39978835452348e-05,0.2608567774295807
265,0.0001,0.15511143300682306,0.9384130850783429,0.31614146088108874,0.8405964211888686,0.9125064002864066,11.634011030197144,0.2268993193283677,0.11846567690372467,0.05214943550527096,0.2268993193283677,0.8587600588798523,0.29359618822733563,0.1321705530087153,0.05028350459355296,0.29359618822733563,0.8146967707258282,1.0000377893447876,0.6821287274360657,0.7078116536140442,0.5062426924705505,0.2806839644908905,0.7745057344436646,0.2893640697002411,0.8887966275215149,0.3852043151855469,0.02482219599187374,2.2945729142520577e-05,0.26093795895576477
266,0.0001,0.1529690884053707,0.9388816730464359,0.29969575549616956,0.8499108754826601,0.9180996032543058,13.728960752487183,0.22581727616488934,0.11963526858016849,0.05146209057420492,0.22581727616488934,0.8590315096080303,0.2859789024699818,0.13279979879205878,0.0505472949960015,0.2859789024699818,0.8216139331008449,1.0001988410949707,0.6813137531280518,0.7089200019836426,0.5053870677947998,0.2800653278827667,0.775485098361969,0.2889341711997986,0.8854688405990601,0.3855030834674835,0.024581462144851685,2.1900335923419334e-05,0.26089051365852356
267,0.0001,0.14937011012807488,0.9397004986284245,0.29872964187101886,0.8496974864834844,0.9180014075374257,12.8870210647583,0.21713244169950485,0.11768010817468166,0.05321084754541516,0.21713244169950485,0.8677396960556507,0.2760896682739258,0.1303991743109443,0.0506529314725688,0.2760896682739258,0.831927321173928,1.0005545616149902,0.6807188987731934,0.7099811434745789,0.5051520466804504,0.2797529697418213,0.7765352129936218,0.2874300181865692,0.8813067674636841,0.38559067249298096,0.024247540161013603,2.0927338482579216e-05,0.2609390914440155
268,0.0001,0.15051471767947078,0.9393605149717641,0.30051437291232025,0.8509062585106513,0.9187247594258755,11.018260717391968,0.22193905152380466,0.11754608480259776,0.05068483902141452,0.22193905152380466,0.8635992333292961,0.2952613559636203,0.13264847072688016,0.0516230430115353,0.2952613559636203,0.8220577456734397,1.000699520111084,0.6802173852920532,0.7109954953193665,0.5046521425247192,0.2793799936771393,0.7774232625961304,0.28635773062705994,0.8810685873031616,0.3858833909034729,0.02386612258851528,2.0022438548039645e-05,0.2609764337539673
269,0.0001,0.14714794233441353,0.9416186059713387,0.30853837006019824,0.842326313792239,0.9136552783726042,12.067811012268066,0.2192122284322977,0.11791344312950969,0.05163728049956262,0.2192122284322977,0.869769599288702,0.28306219252673065,0.13196433583895364,0.050781067912325714,0.28306219252673065,0.8252873240095197,1.0002790689468384,0.6796913146972656,0.7119711637496948,0.5037282705307007,0.27884459495544434,0.7782391905784607,0.2853339612483978,0.8789438605308533,0.3862689435482025,0.023471904918551445,1.914035965455696e-05,0.26103201508522034
270,0.0001,0.15397110022604465,0.937344236330355,0.302567770986846,0.8482989994206664,0.9172219359305297,13.125434875488281,0.2251120563596487,0.11608121683821082,0.05107822851277888,0.2251120563596487,0.860881146043539,0.2826428232770978,0.13658496285929825,0.051619218944600136,0.2826428232770978,0.831390259843884,1.0007528066635132,0.6790372133255005,0.7130633592605591,0.5031516551971436,0.2781356871128082,0.7790980935096741,0.2846420407295227,0.8776121139526367,0.3866586685180664,0.02316204458475113,1.8284357793163508e-05,0.2610557973384857
271,0.0001,0.1447060890495777,0.9419234220998011,0.2957647208011512,0.8533664986289456,0.9199421060949088,9.979940176010132,0.21158495359122753,0.11707585118710995,0.052080076187849045,0.21158495359122753,0.8745234981179237,0.28128383376381616,0.13737703904961096,0.05182198322180546,0.28128383376381616,0.8330192096305616,1.0010020732879639,0.678496778011322,0.7140770554542542,0.501494824886322,0.27691155672073364,0.7798792719841003,0.2853187024593353,0.8767887949943542,0.38707491755485535,0.023030385375022888,1.7460841263527982e-05,0.2612288296222687
272,0.0001,0.14775877073407173,0.9399280658008863,0.29824885816285107,0.8507641561468572,0.9184468347755493,13.075175523757935,0.2175776893272996,0.11644385661929846,0.053218889283016324,0.2175776893272996,0.8665799684822559,0.28487376191399316,0.13339654965834183,0.052321091068513466,0.28487376191399316,0.8309341073036194,1.0007261037826538,0.6776226162910461,0.7151076793670654,0.5006497502326965,0.27606454491615295,0.7805968523025513,0.2845757305622101,0.8770286440849304,0.3872714936733246,0.022745946422219276,1.669715129537508e-05,0.261257141828537
273,0.0001,0.1476520597934723,0.9404520967043961,0.290484115932927,0.8556792243010615,0.9213386372821374,11.083139181137085,0.21772683877497911,0.11715701501816511,0.05190855055116117,0.21772683877497911,0.8683819063007832,0.2751195430755615,0.13242206248370084,0.0499124520204284,0.2751195430755615,0.8316902915636698,1.000787615776062,0.6771071553230286,0.7159789800643921,0.5000333189964294,0.2760486900806427,0.781364381313324,0.2827419340610504,0.8757109045982361,0.38758790493011475,0.02248210459947586,1.5973495465004817e-05,0.2612355053424835
274,0.0001,0.1490737395361066,0.9402222665732687,0.2971358353441412,0.8517298274551423,0.919049825332818,14.783950805664062,0.22177370265126228,0.11721439380198717,0.05192460911348462,0.22177370265126228,0.8661257587373257,0.27871869549606787,0.13631532589594522,0.05090840488220706,0.27871869549606787,0.8280107469269724,1.0003951787948608,0.6766293048858643,0.7168178558349609,0.4988558888435364,0.27513211965560913,0.7819357514381409,0.28260213136672974,0.8719912767410278,0.3878636658191681,0.022249266505241394,1.530415829620324e-05,0.26130446791648865
275,0.0001,0.15557328145951033,0.9384168829057301,0.29391208742604114,0.8546555563855913,0.9208695733663914,13.35662579536438,0.22866166848689318,0.12189292581751943,0.051538035506382585,0.22866166848689318,0.858264334499836,0.2756626949165807,0.12538528442382812,0.05370716558712901,0.2756626949165807,0.8376160029209021,1.0000048875808716,0.6760444641113281,0.7178497314453125,0.49799013137817383,0.27529510855674744,0.7826346755027771,0.2808976173400879,0.8719964027404785,0.38819724321365356,0.021962516009807587,1.464343131374335e-05,0.26150983572006226
276,0.0001,0.14818186266347766,0.9403695222402908,0.29267752531803015,0.8575017747392533,0.9224492228735964,12.20238184928894,0.21848655492067337,0.11675228178501129,0.05175014538690448,0.21848655492067337,0.8686233870685101,0.2867062669811827,0.13753154241677487,0.05220381351131381,0.2867062669811827,0.829657458897793,0.9999985098838806,0.6757301092147827,0.7188714742660522,0.49696528911590576,0.27496522665023804,0.7835540175437927,0.28171050548553467,0.869999885559082,0.3884487450122833,0.02180320955812931,1.4012158317200374e-05,0.2617184519767761
277,0.0001,0.15055961813777685,0.9401205127392961,0.2949278535264911,0.85425323207024,0.9206964795328999,14.194048643112183,0.2268703542649746,0.11925015971064568,0.051247018622234464,0.2268703542649746,0.8585809357464314,0.27919663804950134,0.13396117362109097,0.051996882440465866,0.27919663804950134,0.8342128576654376,1.0000964403152466,0.675150454044342,0.7198665142059326,0.49633127450942993,0.2749496102333069,0.7844164967536926,0.28053826093673706,0.8688124418258667,0.3887465298175812,0.021518077701330185,1.340525795967551e-05,0.2617247700691223
278,0.0001,0.14738087728619576,0.9403561884929046,0.307778076692061,0.8451114615716935,0.9152909086509537,13.362971544265747,0.22033707611262798,0.11680660117417574,0.05167747661471367,0.22033707611262798,0.8641270324587822,0.2886381203478033,0.12636445146618466,0.053057045534704673,0.2886381203478033,0.8286909479083437,0.9999178647994995,0.6747459173202515,0.7208163142204285,0.4951472878456116,0.27449357509613037,0.7851927280426025,0.2808220684528351,0.8664901256561279,0.3892354369163513,0.02125859260559082,1.2833136679546442e-05,0.2616525888442993
279,0.0001,0.15379960276186466,0.9393056264057235,0.3036206328507626,0.8469617998386811,0.9163035446321185,13.49472713470459,0.23057643324136734,0.11954314261674881,0.0528034707531333,0.23057643324136734,0.8544794991612434,0.27895785281152435,0.1260306347500194,0.05257501272541104,0.27895785281152435,0.8288682753389532,1.0000296831130981,0.6740204691886902,0.7219907641410828,0.4946095049381256,0.27456578612327576,0.7860873937606812,0.28021714091300964,0.8660995960235596,0.3895256519317627,0.020986849442124367,1.2279611837584525e-05,0.2617139220237732
280,0.0001,0.1489363769069314,0.9408530220186521,0.2957604545535463,0.8525214225138197,0.9196674373771325,11.45272445678711,0.22086730506271124,0.1175035540945828,0.0523313048761338,0.22086730506271124,0.8675425387918949,0.2754267020659013,0.125336130008553,0.05238223990256136,0.2754267020659013,0.8360254222696478,1.0007025003433228,0.673878014087677,0.7230039238929749,0.49436721205711365,0.2740311920642853,0.7869210243225098,0.2787390649318695,0.8655188083648682,0.3899919092655182,0.020663190633058548,1.1766940588131547e-05,0.2616499662399292
281,0.0001,0.15075245033949614,0.9384799738027462,0.2933510397419785,0.8559590655401831,0.9216129645101012,10.287464380264282,0.22402073815464973,0.11848570127040148,0.05197543581016362,0.22402073815464973,0.8616982623934746,0.2873098741878163,0.13130054419690912,0.05217419711477829,0.2873098741878163,0.8299995064735413,1.0006189346313477,0.6731774806976318,0.7239906787872314,0.49383264780044556,0.2736344039440155,0.7877625226974487,0.2790217101573944,0.863972008228302,0.39044785499572754,0.020411457866430283,1.1276527402515057e-05,0.26180344820022583
282,0.0001,0.14998536184430122,0.9400742161973573,0.29471644488247956,0.8536553126377238,0.9203214300881943,11.825639247894287,0.22469372116029263,0.11844560410827398,0.05034496635198593,0.22469372116029263,0.8601830080151558,0.27707841902068164,0.12950944900512695,0.051782622594725,0.27707841902068164,0.8316964561289008,1.0007028579711914,0.6727280020713806,0.7249125242233276,0.49385467171669006,0.273174911737442,0.7886616587638855,0.2787284553050995,0.8616504073143005,0.3907603621482849,0.020106574520468712,1.0796652532008011e-05,0.26193588972091675
283,0.0001,0.1450591953471303,0.9413415194593938,0.2888785853530421,0.8573537278585817,0.9224290884318496,11.777151107788086,0.2175136785954237,0.11700032511726022,0.05192662449553609,0.2175136785954237,0.8699571490287781,0.277241871212468,0.13339864349726474,0.05012531488230734,0.277241871212468,0.8324019493478717,1.0005743503570557,0.6718391180038452,0.7258027195930481,0.4925159513950348,0.2726612687110901,0.7893996834754944,0.2784646451473236,0.8611041307449341,0.3909393548965454,0.019946865737438202,1.033890112012159e-05,0.2619781494140625
284,0.0001,0.1488979421555996,0.9397240625707184,0.2976371266625144,0.8521107829002105,0.9193123677589845,13.77613353729248,0.22296084836125374,0.11750865913927555,0.05150086432695389,0.22296084836125374,0.8621951043605804,0.2756048260313092,0.12484638121995059,0.05159552124413577,0.2756048260313092,0.8336238933332039,1.0005147457122803,0.6713681817054749,0.7267083525657654,0.4916113317012787,0.27168068289756775,0.790144681930542,0.27716559171676636,0.8611519932746887,0.39121347665786743,0.019643981009721756,9.911947017826606e-06,0.2620779573917389
285,0.0001,0.14241765486076474,0.9424900271077298,0.30210580789681635,0.8491386711432127,0.9174744358688002,12.638072967529297,0.2131610531359911,0.11499886168166995,0.050863448763266206,0.2131610531359911,0.8744746819138527,0.28139890323985706,0.1298901235515421,0.051389268401897316,0.28139890323985706,0.8290509671875925,1.0000420808792114,0.6714614033699036,0.7274956107139587,0.4905974864959717,0.2717265486717224,0.7906910181045532,0.27581101655960083,0.8610814809799194,0.39154866337776184,0.01940639317035675,9.515403689874802e-06,0.26212412118911743
286,0.0001,0.13813515612855554,0.9447192207655328,0.29685656410275085,0.8526165537721287,0.9196119827810555,13.91867995262146,0.20672540459781885,0.1135211973451078,0.05146963521838188,0.20672540459781885,0.8775074779987335,0.2790807792634675,0.1301080399390423,0.049346621402285316,0.2790807792634675,0.8301455143726233,0.999829113483429,0.6707769632339478,0.728369951248169,0.49001699686050415,0.27164897322654724,0.791324257850647,0.2746875584125519,0.8616952896118164,0.3918299078941345,0.019140468910336494,9.128508281719405e-06,0.26214319467544556
287,0.0001,0.14180610422044992,0.9435565919110562,0.2984129623933272,0.8506976206230723,0.9184552433100253,13.749778032302856,0.21144284773617983,0.11175925191491842,0.05229052249342203,0.21144284773617983,0.8746275119483471,0.2792167808070327,0.1312291662801396,0.04881279497887149,0.2792167808070327,0.8311168551445007,0.9997022747993469,0.6699504852294922,0.7293087244033813,0.48939770460128784,0.2708083987236023,0.7921160459518433,0.27355334162712097,0.8581053018569946,0.3920290470123291,0.01889297552406788,8.755634553381242e-06,0.26223546266555786
288,0.0001,0.14708081912249327,0.9417175058497347,0.3009388248125712,0.8514836473400826,0.918959842329655,13.830414295196533,0.2205510539934039,0.11640574363991618,0.05239777127280831,0.2205510539934039,0.8653612844645977,0.283858212557706,0.12977634686412234,0.053077412148316704,0.283858212557706,0.8310437708189993,0.9996373653411865,0.6694127917289734,0.730215311050415,0.48818716406822205,0.27036014199256897,0.7927998900413513,0.2716282308101654,0.8571471571922302,0.39224913716316223,0.018736565485596657,8.406686902162619e-06,0.2622084319591522
289,0.0001,0.14788131602108479,0.9418809313103116,0.30180564432433155,0.8499264724135304,0.918085732394877,14.146677732467651,0.22079720813781023,0.1169357467442751,0.050636118510738015,0.22079720813781023,0.863519687205553,0.27824465794996783,0.127987392020948,0.05001729162353458,0.27824465794996783,0.8347980795484601,0.9995733499526978,0.6688308715820312,0.7310943007469177,0.48762011528015137,0.27028656005859375,0.7934107780456543,0.27050697803497314,0.857795774936676,0.3925034701824188,0.018473736941814423,8.065081601671409e-06,0.26223161816596985
290,0.0001,0.14948618039488792,0.9405086264191596,0.2910218130458485,0.8569880021467222,0.9221551064320803,13.551036596298218,0.22436366137117147,0.11719657341018319,0.05114762322045863,0.22436366137117147,0.860981073230505,0.27475682171908294,0.130343496799469,0.04970431937412782,0.27475682171908294,0.8359132607777914,0.9993376731872559,0.6685523986816406,0.731960654258728,0.4868795573711395,0.2701241075992584,0.7941598296165466,0.27036991715431213,0.8571887016296387,0.39285433292388916,0.01829550787806511,7.73403917264659e-06,0.26226547360420227
291,0.0001,0.15203153947368264,0.940886877310928,0.29845225630384503,0.8519282299045712,0.9191427857163723,11.717317581176758,0.23129556979984045,0.11889836937189102,0.05085565452463925,0.23129556979984045,0.8559907861053944,0.28265357198137225,0.12805413206418356,0.049029522547216126,0.28265357198137225,0.8199632276188243,0.9996833205223083,0.6679607033729553,0.7329627871513367,0.4867699146270752,0.27021777629852295,0.7950084805488586,0.2699977159500122,0.8578259348869324,0.3932780623435974,0.01818677969276905,7.418478162435349e-06,0.26232409477233887
292,0.0001,0.14561850624158978,0.9405707247798792,0.29099681521906995,0.8541067404223842,0.9204655268192193,9.677648782730103,0.21841812785714865,0.11640044441446662,0.05082859518006444,0.21841812785714865,0.8670397959649563,0.2737672076080785,0.13114014945246957,0.052372211195302734,0.2737672076080785,0.8316154823158727,0.9998611211776733,0.6677838563919067,0.7338405847549438,0.4859252870082855,0.26967865228652954,0.7955592274665833,0.2699587643146515,0.8573093414306641,0.3936833143234253,0.018011054024100304,7.118781923054485e-06,0.26227280497550964
293,0.0001,0.1441751872189343,0.9432577766124186,0.2899710987553452,0.8568037189067129,0.9220234530009687,13.092793226242065,0.2182079842314124,0.11584409093484282,0.04977156175300479,0.2182079842314124,0.8677613846957684,0.27331190940105554,0.12898280268365686,0.050086195157332855,0.27331190940105554,0.8335562474799879,0.9998911023139954,0.6672728657722473,0.7346842288970947,0.4851754605770111,0.2690049111843109,0.7961902022361755,0.2692936062812805,0.8554750084877014,0.3940598666667938,0.01770857349038124,6.835431122453883e-06,0.2622793912887573
294,0.0001,0.14529949706047773,0.9416255697168406,0.29130744030981354,0.8561581647581561,0.9217614776537699,12.603504657745361,0.21917373780161142,0.1166691710241139,0.050655760103836656,0.21917373780161142,0.8662029951810837,0.2780076572389314,0.12674701123526602,0.04889261530655803,0.2780076572389314,0.8281434738274777,1.0002624988555908,0.6663656830787659,0.7356058955192566,0.48444703221321106,0.2682499587535858,0.7968712449073792,0.26807865500450134,0.8543056845664978,0.3943650424480438,0.017459115013480186,6.55718349662493e-06,0.2622120678424835
295,0.0001,0.144156773108989,0.943061595410544,0.28941615241946594,0.8571971034769509,0.9222734043881143,16.017630338668823,0.22005613800138235,0.11490683071315289,0.050545665668323636,0.22005613800138235,0.8668412938714027,0.27373870575066767,0.12761935591697693,0.04951711981133981,0.27373870575066767,0.8319123008034446,0.9999751448631287,0.6657096147537231,0.7364675402641296,0.4836225211620331,0.2677088677883148,0.7974393963813782,0.267372727394104,0.8524864315986633,0.3946254253387451,0.01729677803814411,6.293125807133038e-06,0.26223060488700867
296,0.0001,0.14330613100901246,0.9423176047824742,0.30932767102212616,0.845496314710824,0.9154991860346643,13.452713012695312,0.21784172672778368,0.11565387109294534,0.051006863825023174,0.21784172672778368,0.8690001778304577,0.28833906036434753,0.12634368466608453,0.05037876703973972,0.28833906036434753,0.821042335394657,0.9994403719902039,0.6652251482009888,0.7372756004333496,0.4827866852283478,0.2675561308860779,0.797961950302124,0.26674574613571167,0.8515110015869141,0.3949856460094452,0.017071982845664024,6.0447964642662555e-06,0.2622062861919403
297,0.0001,0.13941323943436146,0.9441431980122745,0.3027142051494483,0.8480827634093335,0.9170013383134781,10.46881628036499,0.21123015228658915,0.1127096083946526,0.051016041776165366,0.21123015228658915,0.8740852437913418,0.2761381756175648,0.12886296573913458,0.04987758748007543,0.2761381756175648,0.8339688687613516,0.9995500445365906,0.6648836135864258,0.7380519509315491,0.48241308331489563,0.2671329081058502,0.7985647916793823,0.26586925983428955,0.8490307331085205,0.3952644467353821,0.016875823959708214,5.805722594232066e-06,0.2621803879737854
298,0.0001,0.1411458607763052,0.9437652850021772,0.29727655107324774,0.8523412735059794,0.9194898528106938,13.619052648544312,0.21213143225759268,0.11518949503079057,0.05119736981578171,0.21213143225759268,0.8736896589398384,0.2769209850918163,0.1270001499038754,0.05119763111526316,0.2769209850918163,0.8351108178947911,0.9990406036376953,0.6646741628646851,0.738852322101593,0.4813637435436249,0.26684945821762085,0.7992512583732605,0.26570025086402893,0.8466135263442993,0.3955179750919342,0.01674054190516472,5.579111075348919e-06,0.2621959447860718
299,0.0001,0.14649268426001072,0.9424672563840988,0.2979352835452918,0.8520439023723849,0.9192497539294646,12.11380386352539,0.22158323973417282,0.11537631414830685,0.05164109240286052,0.22158323973417282,0.8654125072062016,0.2800894578297933,0.1307385554819396,0.05060152630462791,0.2800894578297933,0.8301071994232408,0.9988720417022705,0.6641393899917603,0.7396571636199951,0.4809272587299347,0.26624125242233276,0.7999472618103027,0.26464226841926575,0.8457902669906616,0.3955978751182556,0.016597917303442955,5.361066087061772e-06,0.26222100853919983
300,0.0001,0.14615350076928735,0.9420841537963132,0.29530653989676275,0.8538109820376387,0.9202922908739137,10.020314455032349,0.2204412715509534,0.1145703736692667,0.052028378238901496,0.2204412715509534,0.866157304495573,0.27962391846107715,0.12682908818577276,0.051648739612463745,0.27962391846107715,0.8306053949124885,0.9987537264823914,0.663749635219574,0.740439236164093,0.48031309247016907,0.2657828629016876,0.8006196022033691,0.2642269730567932,0.8457154035568237,0.39582934975624084,0.016395535320043564,5.153810434421757e-06,0.26226842403411865
301,0.0001,0.14817245351150632,0.940260522844491,0.3030083053039782,0.8483512103491215,0.9170947221419388,12.883225202560425,0.22199784871190786,0.11747700395062566,0.051395887741819024,0.22199784871190786,0.8631357774138451,0.27701783722097223,0.12661918817144452,0.05023103275082328,0.27701783722097223,0.8306446292183616,0.9985042214393616,0.663324773311615,0.7412805557250977,0.4795980453491211,0.2659355700016022,0.8013182878494263,0.2647832930088043,0.8450384736061096,0.39619675278663635,0.016169939190149307,4.953842108079698e-06,0.262338787317276
302,0.0001,0.143027454148978,0.9424543588237122,0.2987934152285258,0.8501484903198387,0.9181003504241823,9.752160549163818,0.21623025555163622,0.11414006445556879,0.05075113056227565,0.21623025555163622,0.8685262948274612,0.2733142827496384,0.1287784350640846,0.0498836992139166,0.2733142827496384,0.8350497628703262,0.9985761046409607,0.6629465222358704,0.7420644760131836,0.47921714186668396,0.26574352383613586,0.8019704818725586,0.2648303806781769,0.8438596725463867,0.39656493067741394,0.016032187268137932,4.759127932629781e-06,0.2624320685863495
303,0.0001,0.14347268640995026,0.9434723933062683,0.3018594600937583,0.8484015040190013,0.9171302073584152,10.41495656967163,0.22258149087429047,0.11773397494107485,0.05053392006084323,0.22258149087429047,0.8630030639469624,0.27693225036967883,0.12660586021163248,0.05158514010183739,0.27693225036967883,0.8355994405168475,0.9984238147735596,0.6622102856636047,0.7429138422012329,0.47824904322624207,0.26471060514450073,0.8025802969932556,0.2646244168281555,0.8426522612571716,0.3969014286994934,0.015918603166937828,4.578917469189037e-06,0.26233235001564026
304,0.0001,0.13742494443431497,0.9449460777478926,0.3019216096762455,0.8499253607294588,0.918072709130771,12.4199960231781,0.20973294507712126,0.11307561816647649,0.04984541120938957,0.20973294507712126,0.874451108276844,0.27983062195055414,0.12320668408364961,0.050228884838747254,0.27983062195055414,0.8328553709116849,0.9984206557273865,0.6614214777946472,0.7437241673469543,0.4775741994380951,0.2643795907497406,0.803217887878418,0.26335227489471436,0.8417611718177795,0.3971348702907562,0.015755370259284973,4.402507329359651e-06,0.262410968542099
305,0.0001,0.14142564218491316,0.9441682679842124,0.30421925674785266,0.8519682143068003,0.9193049349965765,16.95561122894287,0.21937305945903063,0.11503635067492723,0.05071461689658463,0.21937305945903063,0.8662530705332756,0.28997400493332837,0.1338867802511562,0.051615002367532616,0.28997400493332837,0.8246343262267836,0.9986619353294373,0.6609297394752502,0.7445204854011536,0.4770522713661194,0.2636801302433014,0.8038854002952576,0.26272082328796387,0.8401759266853333,0.39738747477531433,0.015585779212415218,4.234526841173647e-06,0.26245585083961487
306,0.0001,0.1452155988663435,0.9428456272320548,0.2996459386565469,0.8514222677987662,0.9189026130893715,14.5207998752594,0.22311049699783325,0.1164818569086492,0.049470166908577085,0.22311049699783325,0.8612584732472897,0.27743037902947626,0.12404026407184023,0.050760936895103165,0.27743037902947626,0.8377768216711102,0.9987545609474182,0.6604825258255005,0.7453423142433167,0.4765436351299286,0.2632080614566803,0.8045241832733154,0.2618193030357361,0.838474452495575,0.39758914709091187,0.015466935001313686,4.0727177292865235e-06,0.26242274045944214
307,0.0001,0.14629929093644023,0.941881430365056,0.31105944785204803,0.8433349674569407,0.9139389346808727,11.997357368469238,0.22186904214322567,0.11682271584868431,0.04904342535883188,0.22186904214322567,0.8617595359683037,0.2830377925526012,0.13076276580492655,0.04949240149422125,0.2830377925526012,0.8273342378211744,0.9983655214309692,0.6603438258171082,0.7461112141609192,0.47544991970062256,0.26282793283462524,0.8052550554275513,0.2607080042362213,0.8374793529510498,0.397809237241745,0.015338943339884281,3.919396476703696e-06,0.2624429166316986
308,0.0001,0.13775690970942378,0.9456736454872654,0.3063723896488999,0.8472823497216091,0.9164994680629661,13.650800228118896,0.2124121431261301,0.11445345869287848,0.05183854419738054,0.2124121431261301,0.8738517016172409,0.279532304315856,0.12574423172257163,0.05244581152995428,0.279532304315856,0.8376367995233247,0.9985332489013672,0.6599370241165161,0.746928870677948,0.4750775098800659,0.2623244822025299,0.8059078454971313,0.26027947664260864,0.8355976939201355,0.39813223481178284,0.01521900575608015,3.7719034935435047e-06,0.262507826089859
309,0.0001,0.14117775717750192,0.9451871282833332,0.30996684233347577,0.8444749248474555,0.914783931797572,11.002689838409424,0.21814279165118933,0.11432514619082212,0.04945833096280694,0.21814279165118933,0.8679520599544048,0.2809851855942697,0.1257885969949491,0.051537885810389664,0.2809851855942697,0.8332112846952496,0.9984642863273621,0.6592909097671509,0.7477844953536987,0.47440266609191895,0.2618660628795624,0.8065213561058044,0.2591848373413086,0.8350057601928711,0.39837029576301575,0.014980998821556568,3.630868832260603e-06,0.2625645399093628
310,0.0001,0.13646185118705034,0.9463372875292951,0.29964965762514056,0.851147069569137,0.9188473915391508,15.894996643066406,0.2118148310109973,0.11454267054796219,0.05019489559344947,0.2118148310109973,0.8726029843091965,0.2759860663702994,0.12354050486376791,0.05179328674619848,0.2759860663702994,0.8375890273036379,0.9988847970962524,0.6585590839385986,0.7485805153846741,0.4738634526729584,0.2610461711883545,0.8070370554924011,0.25857222080230713,0.8343430757522583,0.3987283706665039,0.014820868149399757,3.4964496080647223e-06,0.26257210969924927
311,0.0001,0.14413533825427294,0.9437656504365485,0.2994496316620798,0.8525774217490838,0.9197015717346507,15.001668453216553,0.22504908498376608,0.11481790104880929,0.05105454521253705,0.22504908498376608,0.8626094087958336,0.2778808871905009,0.1264045238494873,0.05163147650433309,0.2778808871905009,0.8326728307839596,0.9989155530929565,0.6581287980079651,0.7493192553520203,0.47344937920570374,0.26051223278045654,0.8075905442237854,0.257392942905426,0.8321704268455505,0.3989733159542084,0.014645562507212162,3.366656756043085e-06,0.2626006603240967
312,0.0001,0.13804488815367222,0.9453242888629904,0.3036304929039695,0.8491523625645399,0.9176346626616084,9.42573857307434,0.21230901218950748,0.11382771097123623,0.05115943029522896,0.21230901218950748,0.8717144168913364,0.2801500847845366,0.11826067756522786,0.052780676068681656,0.2801500847845366,0.8331043377067103,0.9985579252243042,0.6574888825416565,0.7500962018966675,0.47252357006073,0.26027536392211914,0.8080818057060242,0.25690758228302,0.8315562009811401,0.3991684913635254,0.014525504782795906,3.2379007279814687e-06,0.26258933544158936
313,0.0001,0.14179271832108498,0.9434718772311468,0.2951632160128969,0.853129453917786,0.9200672995197956,12.58312201499939,0.21720660384744406,0.11445357976481318,0.050041605019941926,0.21720660384744406,0.871461383998394,0.2743065826820605,0.12990723414854569,0.05028175935149193,0.2743065826820605,0.837995727856954,0.9979936480522156,0.6573390960693359,0.7507057785987854,0.4720180034637451,0.2599506080150604,0.8085976839065552,0.2565620541572571,0.8304930329322815,0.39945247769355774,0.014330815523862839,3.116396101177088e-06,0.26259440183639526
314,0.0001,0.14175535552203655,0.9448717432800523,0.301921010017395,0.8530005954991323,0.9198967843897292,10.027397155761719,0.21995984017848969,0.11573882214725018,0.04987351829186082,0.21995984017848969,0.8634756356477737,0.2935648975950299,0.13599662166653256,0.05076722529801456,0.2935648975950299,0.8223596955790664,0.9979616403579712,0.6569492816925049,0.7513958215713501,0.4717317819595337,0.25932714343070984,0.8091205954551697,0.25562649965286255,0.8316399455070496,0.399734228849411,0.01408698782324791,3.001442109962227e-06,0.26260605454444885
315,0.0001,0.14056904101744294,0.9451564954255453,0.29950695326834015,0.8511777459980275,0.9188909534479643,11.87317419052124,0.22003099136054516,0.11644251272082329,0.05063589056953788,0.22003099136054516,0.8648499138653278,0.2727509014534228,0.12561139825618628,0.050479859452355995,0.2727509014534228,0.8380573753154639,0.9976857900619507,0.656551718711853,0.7521375417709351,0.47098231315612793,0.25877439975738525,0.8097472190856934,0.25567400455474854,0.8305299282073975,0.3999556005001068,0.013930696994066238,2.8916281280544354e-06,0.2626643478870392
316,0.0001,0.1423373413272202,0.9442320027220636,0.3010756319219416,0.8501805755102984,0.9183526499274648,14.950981378555298,0.22248801961541176,0.11543218465521932,0.0512211334425956,0.22248801961541176,0.8614525534212589,0.27720646063486737,0.130380394783887,0.051708188811034866,0.27720646063486737,0.8340381709012118,0.9973790645599365,0.6558650135993958,0.7528550028800964,0.469970166683197,0.2582505941390991,0.8103781342506409,0.25562626123428345,0.8285869359970093,0.40024900436401367,0.013835114426910877,2.784040134429233e-06,0.2626788914203644
317,0.0001,0.13803558517247438,0.9468086296440442,0.2991603269721522,0.8525463853874621,0.9196540308264591,13.316535711288452,0.21471112314611673,0.11487371195107698,0.052067521726712584,0.21471112314611673,0.8724518604576588,0.2803817355271542,0.12692529008244025,0.05272000316869129,0.2803817355271542,0.8341261690313165,0.9974624514579773,0.6553489565849304,0.7535749077796936,0.469635546207428,0.2578953802585602,0.8109815120697021,0.2548716068267822,0.8278813362121582,0.4005626440048218,0.013685699552297592,2.6832362891582306e-06,0.262775182723999
318,0.0001,0.13703233748674393,0.946073821767931,0.30175589792656177,0.8498680718476879,0.918015023887148,12.87774658203125,0.21384576987475157,0.11365962168201804,0.05135885742492974,0.21384576987475157,0.8718443475663662,0.27432734316045587,0.12859123854926138,0.05078569607752742,0.27432734316045587,0.8347647551334265,0.9974945187568665,0.6549108624458313,0.754368245601654,0.46901196241378784,0.2574579417705536,0.8115312457084656,0.2544094920158386,0.8269388675689697,0.40080490708351135,0.013534953817725182,2.5848903533187695e-06,0.2628040909767151
319,0.0001,0.14106003614142537,0.944002838280291,0.2981771429379781,0.8532396510751549,0.9200060830626561,10.580480575561523,0.2174006076529622,0.11428370140492916,0.05165596725419164,0.2174006076529622,0.8668282777070999,0.27683611169005884,0.12799916303519046,0.05063351153424292,0.27683611169005884,0.8374203678333398,0.9975769519805908,0.6543293595314026,0.755045473575592,0.4683871865272522,0.25719407200813293,0.8120536804199219,0.25416919589042664,0.8263458013534546,0.40091705322265625,0.013405605219304562,2.491449549779645e-06,0.2627384662628174
320,0.0001,0.13839799584820867,0.9461863847373491,0.2993382847670353,0.8524647848743522,0.9194781807787448,14.762292385101318,0.2141452133655548,0.11483421502634883,0.04977922234684229,0.2141452133655548,0.8727262802422047,0.28710908058917883,0.12922645247343814,0.05136425398064382,0.28710908058917883,0.8276534152753425,0.997516393661499,0.6542081832885742,0.7556620240211487,0.46793827414512634,0.2570899426937103,0.8125649094581604,0.25432705879211426,0.824581503868103,0.40112540125846863,0.01326782163232565,2.401677193120122e-06,0.2626640796661377
321,0.0001,0.14119401900097728,0.9449099734535275,0.3003553061774283,0.8514017794424528,0.9189014813700175,10.895153284072876,0.22191995196044445,0.11643712455406785,0.05037013650871813,0.22191995196044445,0.8662204965949059,0.27798990950439917,0.12049540290326784,0.05233776851585417,0.27798990950439917,0.8376676584735061,0.9978131055831909,0.6535273194313049,0.756446123123169,0.4677814245223999,0.2566489279270172,0.8132285475730896,0.25388360023498535,0.8227574825286865,0.4013717472553253,0.013156016357243061,2.3155525923357345e-06,0.2626674771308899
322,0.0001,0.14260462578386068,0.9447529132822625,0.3017781972885132,0.8503999055828262,0.9182927754001712,14.758256673812866,0.22380439192056656,0.11601875722408295,0.05077084433287382,0.22380439192056656,0.8606195822358131,0.27990215474909,0.1286366961219094,0.051561286277843246,0.27990215474909,0.83180930036487,0.9977691173553467,0.6530583500862122,0.7571520209312439,0.4673190116882324,0.25633883476257324,0.8137912154197693,0.2529313266277313,0.822640061378479,0.40155404806137085,0.013092528097331524,2.2323681605485035e-06,0.2626432478427887
323,0.0001,0.14012060454115272,0.9464040020308352,0.3070447264295636,0.8442220471604751,0.9146448595020573,15.49169921875,0.22087534982711077,0.11537905223667622,0.05105176498182118,0.22087534982711077,0.8671416081488132,0.28082715381275525,0.1229386239340811,0.050654048608108,0.28082715381275525,0.8288890448483553,0.9976109266281128,0.6529516577720642,0.7578356266021729,0.467133492231369,0.25642892718315125,0.8144156336784363,0.2514922022819519,0.8233764171600342,0.40179193019866943,0.012972339056432247,2.153403784177499e-06,0.26260507106781006
324,0.0001,0.1366497832350433,0.9471329083265546,0.2982291308316318,0.8506672811206025,0.9184758157867609,12.132269620895386,0.21508212387561798,0.11382062593474984,0.05013327160850167,0.21508212387561798,0.8725420720875263,0.2780196088733095,0.12616129174376978,0.05033455405271414,0.2780196088733095,0.8348362951567678,0.997407078742981,0.6528216004371643,0.7584253549575806,0.46669772267341614,0.2562108039855957,0.8149248361587524,0.2516835033893585,0.8220991492271423,0.40202319622039795,0.012838177382946014,2.0762238364113728e-06,0.2626173198223114
325,0.0001,0.14009886467829347,0.9451458800523289,0.298985865983096,0.851536875214489,0.91914405161169,12.502001285552979,0.2162926411256194,0.11355673661455512,0.0504774721339345,0.2162926411256194,0.8675572387874126,0.27636301878726843,0.12303529544310136,0.050857155499133194,0.27636301878726843,0.8372839219642408,0.9974574446678162,0.6524938344955444,0.759064257144928,0.4662250876426697,0.2560601532459259,0.8154165744781494,0.2512490451335907,0.8220441937446594,0.40226811170578003,0.012668960727751255,2.0031200165249174e-06,0.2626383304595947
326,0.0001,0.13476297119632363,0.9474530307996705,0.2956863966855136,0.8529029840042412,0.9198760021308348,14.142879247665405,0.2120709242299199,0.11413621250540018,0.049740708200261,0.2120709242299199,0.8720076531171799,0.27597199244932696,0.1266821198391192,0.051276061006567696,0.27597199244932696,0.834858881704735,0.9976537823677063,0.651677131652832,0.759867787361145,0.46558353304862976,0.2551553547382355,0.8159531950950623,0.2508092522621155,0.8203029036521912,0.4024538993835449,0.012518920004367828,1.9343935946380952e-06,0.2625500559806824
327,0.0001,0.13793607614934444,0.9463213287982402,0.3001870242032138,0.8494540816532574,0.9177927099734703,10.02327013015747,0.2160921562463045,0.11400418495759368,0.051164759788662195,0.2160921562463045,0.8699995055794716,0.2749961759104873,0.12626347848863312,0.04974799196828495,0.2749961759104873,0.8355533950256578,0.9974963068962097,0.6514583826065063,0.7604718208312988,0.46506181359291077,0.2552241086959839,0.8164743781089783,0.2506145238876343,0.8190999031066895,0.40273115038871765,0.012407680042088032,1.8673655404199963e-06,0.26258179545402527
328,0.0001,0.13804872334003448,0.945666342779022,0.29295241471492883,0.8550902865288289,0.9211569446686281,9.671674966812134,0.21341059636324644,0.11360502848401666,0.05019815778359771,0.21341059636324644,0.8697574399411678,0.27640636400742963,0.12309766944610712,0.050430244907285225,0.27640636400742963,0.8372319051713655,0.997136116027832,0.6509493589401245,0.7611393928527832,0.4643417000770569,0.2552586495876312,0.8169555068016052,0.2502097487449646,0.8182110786437988,0.4030075669288635,0.012270900420844555,1.8027682244792231e-06,0.26268094778060913
329,0.0001,0.1390894460491836,0.946634783428707,0.3008722717111761,0.8481273784663755,0.9169569913832927,14.351800918579102,0.2186960456892848,0.11514415359124541,0.05055851605720818,0.2186960456892848,0.8688769601285458,0.27364443468325067,0.12540183735616278,0.04995487461035902,0.27364443468325067,0.8345276713371277,0.9972114562988281,0.6504071950912476,0.7618971467018127,0.46394655108451843,0.25478777289390564,0.817523717880249,0.24975556135177612,0.817613959312439,0.40324845910072327,0.012124195694923401,1.7398168665749836e-06,0.2627362906932831
330,0.0001,0.1316091208718717,0.9487988260015686,0.30533356377572723,0.8463607673674424,0.9159485117843241,13.434484720230103,0.20801514387130737,0.11129612056538463,0.04999881982803345,0.20801514387130737,0.8774690888822079,0.2791021592689283,0.12441519444639032,0.049142480009433,0.2791021592689283,0.830509440465407,0.9973690509796143,0.6499582529067993,0.7625221610069275,0.4631165862083435,0.2547740340232849,0.8179502487182617,0.24933701753616333,0.8170612454414368,0.4033726155757904,0.011999589391052723,1.6797059743112186e-06,0.2627337574958801
331,0.0001,0.13228267198428512,0.9476241395292706,0.29864527239943994,0.8521102898691436,0.9194450436707701,11.53863263130188,0.20529515948146582,0.11035822657868266,0.050551613327115774,0.20529515948146582,0.8793226480484009,0.27908575534820557,0.12665936125047278,0.05134697337493752,0.27908575534820557,0.8321857849756876,0.9971944093704224,0.6495012044906616,0.763102114200592,0.46240130066871643,0.2542925477027893,0.8183639049530029,0.2488444596529007,0.816493034362793,0.4035293459892273,0.011897471733391285,1.621412593522109e-06,0.26276227831840515
332,0.0001,0.13413154100999236,0.9482847485712118,0.3020584492972403,0.8498039142265879,0.9180886696567253,12.85844612121582,0.21166397724300623,0.11222983337938786,0.04955174750648439,0.21166397724300623,0.8728877380490303,0.2738757476662145,0.12642809161634155,0.04965961013327946,0.2738757476662145,0.8354620897408688,0.9971149563789368,0.6491453051567078,0.7637364864349365,0.46182313561439514,0.2540651261806488,0.8188057541847229,0.24775297939777374,0.8157343864440918,0.40367868542671204,0.011748475953936577,1.565479465170938e-06,0.2627871334552765
333,0.0001,0.13287765998393297,0.9482527973876231,0.2984678095037287,0.8521272355178059,0.9194627563951329,13.724152088165283,0.20748161803930998,0.11104824207723141,0.050464961444959044,0.20748161803930998,0.8794171623885632,0.27306622447389545,0.12298199263485995,0.05039159648797729,0.27306622447389545,0.8384357528253035,0.9970465302467346,0.6488972902297974,0.7643005847930908,0.4614082872867584,0.25393831729888916,0.8192089796066284,0.24707801640033722,0.8145239949226379,0.40382423996925354,0.011643653735518456,1.5119069303182187e-06,0.2628185451030731
334,0.0001,0.13405418023467064,0.9473134358845502,0.3015246842846726,0.8494486259010348,0.9178737829554553,13.929819107055664,0.20996833685785532,0.11354477098211646,0.050417346181347966,0.20996833685785532,0.875017061829567,0.27452608852675464,0.12576723369685086,0.049931366899699875,0.27452608852675464,0.8374191865776525,0.9968288540840149,0.6487665772438049,0.7648231983184814,0.46096155047416687,0.25404074788093567,0.819607138633728,0.2460816502571106,0.8144957423210144,0.4040294885635376,0.011572376824915409,1.4604347597924061e-06,0.26287341117858887
335,0.0001,0.1313568176701665,0.9488675099313422,0.2977529601617293,0.8517171649601424,0.9191940212709894,10.497570991516113,0.20859754085540771,0.11048254184424877,0.04990819818340242,0.20859754085540771,0.8747188150882721,0.2744134682597536,0.12210589376362888,0.05068358857974862,0.2744134682597536,0.8366942477948738,0.9970307946205139,0.6482478976249695,0.7654627561569214,0.46071773767471313,0.2538119852542877,0.8200455904006958,0.24568849802017212,0.8137288689613342,0.404202401638031,0.011518245562911034,1.4118702438281616e-06,0.26292136311531067
336,0.0001,0.1378903230652213,0.9460823446061775,0.2988315640073834,0.8519442623567087,0.9192406277638192,12.279191970825195,0.21650190372020006,0.11316144280135632,0.05017371731810272,0.21650190372020006,0.868894699960947,0.2758850726214322,0.11907420059045155,0.05316098147269451,0.2758850726214322,0.8386727806293603,0.9967265725135803,0.6480373740196228,0.7659885287284851,0.4602380096912384,0.25360941886901855,0.8205047845840454,0.24530693888664246,0.8126512765884399,0.4044661223888397,0.011407903395593166,1.3641532632391318e-06,0.26294535398483276
337,0.0001,0.13593056285753846,0.9473845747177703,0.3008840932990565,0.8525180150550067,0.9195786961405928,13.38021445274353,0.21467657014727592,0.113751161377877,0.04927078285254538,0.21467657014727592,0.8707313612103462,0.28529999653498334,0.12871991233392197,0.05181942281849457,0.28529999653498334,0.8326027971325498,0.9964337944984436,0.647487998008728,0.7665750980377197,0.4596056640148163,0.25288569927215576,0.8209906816482544,0.24510572850704193,0.8113231062889099,0.4046191871166229,0.011326543055474758,1.3178870403862675e-06,0.2629537582397461
338,0.0001,0.13401309354230762,0.9478194647882896,0.3018217845396562,0.8497970427722887,0.9179589892996715,14.265319585800171,0.21059149783104658,0.11183524783700705,0.04997493466362357,0.21059149783104658,0.8752058334648609,0.2748788197835286,0.12451970622395024,0.051087302127570816,0.2748788197835286,0.8364922006924947,0.9962485432624817,0.6473999619483948,0.7671582698822021,0.4592204988002777,0.2527812421321869,0.8214725852012634,0.24419328570365906,0.8110616207122803,0.4047028422355652,0.011173143051564693,1.2737535826090607e-06,0.2629947364330292
339,0.0001,0.13167901942506433,0.9496129430347099,0.3003380425048597,0.8510614276036359,0.9187693639429243,14.122798442840576,0.21139970887452364,0.11272514285519719,0.050413726130500436,0.21139970887452364,0.8738692328333855,0.2759887395483075,0.12696476732239578,0.05079559236764908,0.2759887395483075,0.8375943447604324,0.9961637854576111,0.6471889615058899,0.7677655816078186,0.4586782157421112,0.25245699286460876,0.8219348788261414,0.24287942051887512,0.8103846907615662,0.404812216758728,0.011059055104851723,1.2310666761550237e-06,0.2630556523799896
340,0.0001,0.13304734649136662,0.9484060658541159,0.293960098064307,0.8551829438596298,0.9211715713190334,16.808613061904907,0.20885014440864325,0.11163917696103454,0.04921565903350711,0.20885014440864325,0.8770506978034973,0.27912696202596027,0.12352256702654289,0.050045877807971206,0.27912696202596027,0.8367070230570707,0.9959813356399536,0.6468221545219421,0.7683500647544861,0.4580920934677124,0.25216594338417053,0.8223499059677124,0.2426549345254898,0.8092100024223328,0.4049486815929413,0.010952796787023544,1.1894909448528779e-06,0.2630736231803894
341,0.0001,0.13658771477639675,0.9477973463266391,0.29437340570218634,0.8531504404311929,0.9199855561447499,13.165714979171753,0.21607935801148415,0.11349950637668371,0.04839861788786948,0.21607935801148415,0.8679651245474815,0.27059499242089013,0.12577538643822525,0.050750359215519646,0.27059499242089013,0.8373035156365597,0.9958709478378296,0.6463407874107361,0.7689390778541565,0.4577693045139313,0.25167977809906006,0.822858989238739,0.24229274690151215,0.8077601194381714,0.40510293841362,0.010839497670531273,1.1493287956909626e-06,0.2630288898944855
342,0.0001,0.13168550794944167,0.9501837046888736,0.3038483135627978,0.8466169838794037,0.9159566906731719,11.25249433517456,0.21067319996654987,0.11292927339673042,0.04872159450314939,0.21067319996654987,0.8744801729917526,0.2738495451031309,0.12474625580238574,0.04988618341810776,0.2738495451031309,0.8354357282320658,0.9955031871795654,0.646149754524231,0.7694679498672485,0.45728155970573425,0.25135520100593567,0.8233001828193665,0.2436443716287613,0.8068617582321167,0.4052814245223999,0.010708332993090153,1.112780523726542e-06,0.26301589608192444
343,0.0001,0.1305694649927318,0.9506795180104638,0.29741434436855896,0.8516647703512522,0.9190223865056715,13.411548614501953,0.21070191636681557,0.11266795545816422,0.049255949445068836,0.21070191636681557,0.873916931450367,0.2755077300649701,0.12450273831685384,0.05100492320277474,0.2755077300649701,0.8366510380398143,0.9954864382743835,0.6461232900619507,0.7700470089912415,0.4569810926914215,0.2510208487510681,0.8238080143928528,0.24277235567569733,0.8056638240814209,0.4054298996925354,0.010580084286630154,1.0762505553429946e-06,0.2630153298377991
344,0.0001,0.13090057391673326,0.9496933622666585,0.296858397397128,0.8517976794187221,0.91913849951105,13.45093059539795,0.2094968631863594,0.11196973081678152,0.050718369195237756,0.2094968631863594,0.8763098046183586,0.2721296079231031,0.12133281068368391,0.0500843958421187,0.2721296079231031,0.8368968313390558,0.9953921437263489,0.6457534432411194,0.7706907987594604,0.4567457139492035,0.2509364187717438,0.824314534664154,0.24256017804145813,0.8047246932983398,0.40562012791633606,0.010457226075232029,1.0408645039206021e-06,0.262951523065567
345,0.0001,0.1317702648229897,0.9501868962422587,0.2906611290845004,0.8558017988860077,0.9215155721813977,12.790879726409912,0.21175705455243587,0.1118012429215014,0.04971484746783972,0.21175705455243587,0.8717044182121754,0.2705525051463734,0.12544164151856393,0.050135913784756805,0.2705525051463734,0.8396168206677292,0.9955349564552307,0.645306408405304,0.7712780237197876,0.4560191035270691,0.25071585178375244,0.8247077465057373,0.24212993681430817,0.8049458265304565,0.4057586193084717,0.010357474908232689,1.0065145943372045e-06,0.2630000710487366
346,0.0001,0.13532667281106114,0.9480737610622215,0.30154942563085846,0.8491448208817932,0.9176329040623931,11.814434289932251,0.216372175142169,0.113343704957515,0.050326121505349874,0.216372175142169,0.8694602362811565,0.2764076662786079,0.1246722557327964,0.05087067773847869,0.2764076662786079,0.8338948759165677,0.9954406023025513,0.6449184417724609,0.7718386650085449,0.4553692042827606,0.2506340742111206,0.8251304626464844,0.24074408411979675,0.8050761818885803,0.4059174656867981,0.01024366170167923,9.733369097375544e-07,0.26302072405815125
347,0.0001,0.13002951396629214,0.9503092717738735,0.30636952501354797,0.845706238599485,0.9156194442544047,11.544657468795776,0.20829264353960752,0.11109901871532202,0.05063084070570767,0.20829264353960752,0.8782988302409649,0.27588597210970794,0.12381277752645088,0.049346834646933006,0.27588597210970794,0.8342065178986752,0.9954095482826233,0.6447653770446777,0.7723410725593567,0.45471206307411194,0.25049135088920593,0.8255455493927002,0.2399163544178009,0.8048426508903503,0.40604689717292786,0.010144601576030254,9.413625434717687e-07,0.2630358636379242
348,0.0001,0.13555004494264722,0.9483332011426987,0.2977843934839422,0.8518010457326771,0.9192734683299885,15.578697204589844,0.2157662808895111,0.11437585717067122,0.04967614868655801,0.2157662808895111,0.8688716813921928,0.2717591704744281,0.12708005173639816,0.05038694010087938,0.2717591704744281,0.8362844965674661,0.9954588413238525,0.6442344188690186,0.7729021310806274,0.45407241582870483,0.2499188780784607,0.8260253071784973,0.23972491919994354,0.8040728569030762,0.4062659442424774,0.010094615630805492,9.102678291128541e-07,0.2629552483558655
349,0.0001,0.13103302754461765,0.9500807534223885,0.29664227998617926,0.8521771221142855,0.9194765523250766,12.607775688171387,0.2112813899293542,0.11176107218489051,0.04993394762277603,0.2112813899293542,0.8743041045963764,0.27141141349619086,0.12396290762857957,0.04968329575477225,0.27141141349619086,0.8371375871427131,0.9956953525543213,0.6438003778457642,0.7734484076499939,0.45385774970054626,0.24981380999088287,0.8264418840408325,0.23852621018886566,0.8042358756065369,0.4064890742301941,0.010013082064688206,8.804157118902367e-07,0.2630000710487366
350,0.0001,0.13317362777888775,0.9483627194478894,0.29481802925919043,0.8541927755115432,0.9206119109764774,13.981749296188354,0.21225428953766823,0.11247834842652082,0.050874982262030244,0.21225428953766823,0.8716368861496449,0.2737238985119444,0.12524122360980872,0.05098620057106018,0.2737238985119444,0.8369117162444375,0.9953696131706238,0.6436096429824829,0.7739655375480652,0.45330265164375305,0.24970366060733795,0.8268445134162903,0.2383497953414917,0.8026486039161682,0.4066965878009796,0.00992423016577959,8.515610261383699e-07,0.26305243372917175
351,0.0001,0.12845066329464316,0.9506058617229374,0.29497585513375024,0.8551012089193624,0.9211120980214503,10.630062341690063,0.205747714266181,0.11002246057614684,0.05031119869090617,0.205747714266181,0.878085408359766,0.27718247428084863,0.12331579535296469,0.050958578220822594,0.27718247428084863,0.8359828175920428,0.995491087436676,0.6435348987579346,0.7745030522346497,0.4531642198562622,0.2496388554573059,0.8272140026092529,0.23705919086933136,0.8019573092460632,0.4068458378314972,0.009832833893597126,8.239463227255328e-07,0.26312029361724854
352,0.0001,0.13630101922899485,0.9465170619110146,0.29756676428245776,0.8517322761281182,0.9192404216865226,13.035084962844849,0.2150080967694521,0.11378718167543411,0.04936210857704282,0.2150080967694521,0.8689283169806004,0.2711865920009035,0.12488379893880902,0.049962419790752007,0.2711865920009035,0.8364441376743894,0.995274543762207,0.6430099606513977,0.7750293016433716,0.45272478461265564,0.24922966957092285,0.8276127576828003,0.23718774318695068,0.8005721569061279,0.4069797992706299,0.009758669883012772,7.973185915943759e-07,0.26311489939689636
353,0.0001,0.13192552933469415,0.9507759904205467,0.305591370120193,0.8475016947560092,0.9167589851346438,14.661851406097412,0.21371953282505274,0.1121133747510612,0.04994433862157166,0.21371953282505274,0.8707568421959877,0.28053798820033216,0.1224899562922391,0.04877043176781048,0.28053798820033216,0.8269628485043844,0.9950606822967529,0.6426712274551392,0.7756106853485107,0.45214176177978516,0.24893704056739807,0.8279942274093628,0.23661170899868011,0.7994968295097351,0.40712249279022217,0.009687894023954868,7.719062864453008e-07,0.2630997896194458
354,0.0001,0.12903723074123263,0.9504706680561085,0.29719067884213995,0.8527276480835079,0.9197878465217887,14.078266382217407,0.20722061209380627,0.11234540725126863,0.049847041722387075,0.20722061209380627,0.8778624944388866,0.2782848368991505,0.12410777175065243,0.05049606356205362,0.2782848368991505,0.8358800609906515,0.9949753880500793,0.6423018574714661,0.7761006355285645,0.45155420899391174,0.24855859577655792,0.8283589482307434,0.23616380989551544,0.7982640862464905,0.4072568118572235,0.009603573009371758,7.467909881597734e-07,0.2630881667137146
355,0.0001,0.13241159031167626,0.9495242338217202,0.30063515359705145,0.8514200888123107,0.9189715603033992,13.662583589553833,0.21357158198952675,0.11312843952327967,0.04856108874082565,0.21357158198952675,0.8725030720233917,0.2772154482928189,0.11996196120074301,0.050757140146963524,0.2772154482928189,0.8327466195279901,0.9952232241630554,0.6419923305511475,0.7766402363777161,0.45126187801361084,0.24812836945056915,0.8287821412086487,0.23589889705181122,0.7972328066825867,0.4073798656463623,0.009546990506350994,7.226887532851833e-07,0.2630845904350281
356,0.0001,0.1345332721248269,0.9494781719025239,0.2981142130765048,0.8526038979923171,0.9197450330638789,15.418738603591919,0.2193222949281335,0.11292791552841663,0.0508728101849556,0.2193222949281335,0.8665109053254128,0.27476195494333905,0.12182749175664151,0.05016476819009492,0.27476195494333905,0.8357340910217979,0.9952675104141235,0.6416305303573608,0.7771868705749512,0.45106080174446106,0.24780340492725372,0.8292553424835205,0.23537170886993408,0.7969040870666504,0.40757253766059875,0.00947851873934269,6.994538921389903e-07,0.26310649514198303
357,0.0001,0.12769202748313546,0.9508857533214343,0.29786262006470654,0.851987763124585,0.9192900504670664,11.992449283599854,0.20641121082007885,0.11121771903708577,0.0493270019069314,0.20641121082007885,0.8779164738953114,0.2734282955978856,0.11977775078831297,0.050461608352083145,0.2734282955978856,0.8375602201981978,0.9949750304222107,0.6415757536888123,0.777660071849823,0.4507414400577545,0.2475965917110443,0.8296731114387512,0.23468390107154846,0.7962052226066589,0.4077188968658447,0.009352287277579308,6.773049108232954e-07,0.26306337118148804
358,0.0001,0.12831940269097686,0.9501995374063784,0.29791803070993134,0.8520782292960284,0.9193524604004129,14.510734558105469,0.2038209941238165,0.10990541288629174,0.04922752524726093,0.2038209941238165,0.8804209120571613,0.27327027826598194,0.12390688693884647,0.05016878687522628,0.27327027826598194,0.8380713824069861,0.9948239922523499,0.6413069367408752,0.7781394720077515,0.45021411776542664,0.24773834645748138,0.8300682902336121,0.23401711881160736,0.7958390712738037,0.4078543484210968,0.009253831580281258,6.558313430105045e-07,0.2630138397216797
359,0.0001,0.13336542015895247,0.95081534787119,0.2973839152943004,0.8530817736511672,0.9199846584686021,13.960110187530518,0.21994656044989824,0.11317691439762712,0.05011559370905161,0.21994656044989824,0.8677192106842995,0.27901019833304663,0.12508337289998026,0.049795497434608864,0.27901019833304663,0.8327708822308164,0.9945105910301208,0.641040027141571,0.7786288261413574,0.44952788949012756,0.24751651287078857,0.8305028676986694,0.23370137810707092,0.7952237129211426,0.40805721282958984,0.009179736487567425,6.350765033857897e-07,0.26298123598098755
360,0.0001,0.13237119279801846,0.949685173715603,0.2957143187522888,0.8541653798068767,0.9206230137996855,13.768470525741577,0.2158501809462905,0.11184469889849424,0.04962994158267975,0.2158501809462905,0.8677814491093159,0.2752941431421222,0.12479468818866846,0.05011195587840947,0.2752941431421222,0.8374673092004025,0.9947830438613892,0.6405835747718811,0.7791692018508911,0.44925057888031006,0.2471437305212021,0.8309286832809448,0.232440784573555,0.7945834994316101,0.4082271158695221,0.009091288782656193,6.14778173257946e-07,0.26297467947006226
361,0.0001,0.1295126718468964,0.9524752657662153,0.3001125870328961,0.8513418623420606,0.9189372905540648,12.055859088897705,0.2116963630542159,0.11265452671796083,0.05007858783937991,0.2116963630542159,0.8745957836508751,0.2767357284372503,0.1261090026660399,0.04962596963300849,0.2767357284372503,0.8339124936046023,0.9946269392967224,0.6400343775749207,0.7797237634658813,0.44873711466789246,0.24677512049674988,0.831295907497406,0.2320556640625,0.7950670123100281,0.40840181708335876,0.009007303975522518,5.953982054052176e-07,0.26301154494285583
362,0.0001,0.1291888547129929,0.951093858040511,0.29729083631977893,0.852445016708422,0.9196334152870037,14.905558347702026,0.20818788930773735,0.10978334257379174,0.049423601012676954,0.20818788930773735,0.8765180520713329,0.2717948682380445,0.12320755196340157,0.04968318252852469,0.2717948682380445,0.8357175335739598,0.9942678809165955,0.6396818161010742,0.7802265882492065,0.4481303095817566,0.24654561281204224,0.8316382169723511,0.231838658452034,0.7941579818725586,0.40858641266822815,0.00889524258673191,5.766499953097082e-07,0.2630602717399597
363,0.0001,0.12783610867336392,0.9509202791577397,0.29798419005943066,0.8524221331281305,0.9195901844668106,12.610632419586182,0.20701731648296118,0.10975013067945838,0.05003355466760695,0.20701731648296118,0.8770567663013935,0.2753517447095929,0.12677643064296606,0.049199196538238815,0.2753517447095929,0.8331285769289191,0.9939244389533997,0.6394996047019958,0.7806817889213562,0.44770681858062744,0.24622876942157745,0.8320491313934326,0.2311684489250183,0.7924110889434814,0.4087720811367035,0.008821356110274792,5.581992468250974e-07,0.2630215883255005
364,0.0001,0.1280660256743431,0.9525757586698346,0.3005816466880567,0.8512411481962117,0.9188912273874731,11.468680143356323,0.21010500565171242,0.11146074021235108,0.049234762554988265,0.21010500565171242,0.875454492866993,0.27652611876979016,0.12409198555079373,0.050160755488005554,0.27652611876979016,0.8359685431827198,0.9939476251602173,0.6391964554786682,0.7811968922615051,0.44718223810195923,0.2459082156419754,0.8324073553085327,0.23036101460456848,0.7915293574333191,0.4089197814464569,0.00875914003700018,5.405082674769801e-07,0.2630278766155243
365,0.0001,0.1310660126619041,0.9510805644498962,0.29802859551978833,0.8516459971408157,0.9191806401924175,13.702522993087769,0.2157362224534154,0.11330804135650396,0.05088461912237108,0.2157362224534154,0.870658777654171,0.27512129328467627,0.12289350863659021,0.05135288913593148,0.27512129328467627,0.835475453824708,0.9939010739326477,0.6388272643089294,0.7816911935806274,0.4465274214744568,0.24570149183273315,0.8327966928482056,0.22956927120685577,0.7906647324562073,0.40906980633735657,0.008693203330039978,5.234770696915803e-07,0.263013631105423
366,0.0001,0.12577965715900064,0.9525389741150186,0.2999990094791759,0.8508295559683176,0.9187156493751908,15.357800245285034,0.20547872502356768,0.10928082466125488,0.04951203684322536,0.20547872502356768,0.8776682429015636,0.27318562160838733,0.12171629161545724,0.050014353385477356,0.27318562160838733,0.8388601053844799,0.993812620639801,0.6389031410217285,0.7821471691131592,0.4465171992778778,0.24557724595069885,0.8331705927848816,0.2284954935312271,0.7895434498786926,0.4091916084289551,0.008613889105618,5.068033033239772e-07,0.2630615830421448
367,0.0001,0.13047372922301292,0.9507093682619739,0.3018951488263679,0.8504065880583112,0.9184630692880253,14.025376319885254,0.21332959830760956,0.11267494596540928,0.048923519207164645,0.21332959830760956,0.8693529888987541,0.2765568603168834,0.12571071901104666,0.05008266132437822,0.2765568603168834,0.8350078355182301,0.9933518767356873,0.6384450793266296,0.7826229333877563,0.44585904479026794,0.2452421486377716,0.8335415720939636,0.22861553728580475,0.7879738807678223,0.4093562066555023,0.00855561625212431,4.906333970211563e-07,0.26304906606674194
368,0.0001,0.13453532150015235,0.9495123152477065,0.3020286740678729,0.8499717381552993,0.918189014498078,9.829029560089111,0.21930703148245811,0.11374060390517116,0.05066566984169185,0.21930703148245811,0.8649901859462261,0.2778187556700273,0.12794755670157346,0.05034594226515654,0.2778187556700273,0.8338703838261691,0.9933396577835083,0.6385564208030701,0.7830989360809326,0.4456559121608734,0.24483409523963928,0.833942711353302,0.22781270742416382,0.7864483594894409,0.4096134305000305,0.008487503044307232,4.749781226109917e-07,0.26306217908859253
369,0.0001,0.12936881557106972,0.953034286415843,0.30328414295658923,0.8477691044760711,0.9168398732388298,10.819847106933594,0.21257849410176277,0.11276485351845622,0.05023270263336599,0.21257849410176277,0.8727500811219215,0.27313304308689,0.12433773098569928,0.04939297868898421,0.27313304308689,0.834634699604728,0.9929390549659729,0.638280987739563,0.783603847026825,0.4452977180480957,0.24482695758342743,0.8343642354011536,0.22754248976707458,0.7859487533569336,0.4098623991012573,0.008415326476097107,4.598587395321374e-07,0.26308512687683105
370,0.0001,0.12608466111123562,0.9528526722170266,0.298117666533499,0.8519087306487867,0.9192935904427788,9.8311607837677,0.20831242762506008,0.11000232398509979,0.0499085842166096,0.20831242762506008,0.8762891665101051,0.2750624616940816,0.12509573950912012,0.05003162529883963,0.2750624616940816,0.8380404475963477,0.992978036403656,0.637996256351471,0.7841368317604065,0.4449726343154907,0.24445725977420807,0.8347742557525635,0.22700832784175873,0.7844443917274475,0.4100326597690582,0.008348867297172546,4.4531643084155803e-07,0.26307809352874756
371,0.0001,0.12780368607491255,0.9521920844737645,0.30502442157629767,0.8480715307659878,0.9169728377324068,13.083462953567505,0.2094570379704237,0.11058546463027596,0.04915291420184076,0.2094570379704237,0.8747733160853386,0.27764191049518006,0.12452796733740604,0.05018994742722222,0.27764191049518006,0.8352705818234067,0.9932056665420532,0.637678861618042,0.7846647500991821,0.44479432702064514,0.24395853281021118,0.835117757320404,0.2260352075099945,0.7840453386306763,0.4101915657520294,0.008282589726150036,4.312762484914856e-07,0.2631218731403351
372,0.0001,0.12854498531669378,0.9515563987881059,0.30268331910624646,0.8492684556003665,0.9177436657969812,12.585983037948608,0.211002916097641,0.11003129463642836,0.04894343274645507,0.211002916097641,0.8709629327058792,0.2761679111105023,0.12417150808103157,0.0502781207588586,0.2761679111105023,0.8345443913430879,0.9933314323425293,0.6372978091239929,0.785135805606842,0.44441094994544983,0.24388831853866577,0.8354451656341553,0.22522905468940735,0.7838249206542969,0.4103620946407318,0.00821001548320055,4.176133643341018e-07,0.26315227150917053
373,0.0001,0.1283303233794868,0.9534332151201729,0.2981963229901863,0.8513255642976996,0.9189442933978114,12.871252536773682,0.21286348160356283,0.11325859511271119,0.04948494606651366,0.21286348160356283,0.8755102753639221,0.2749006748199463,0.12461134339823868,0.04991674626415426,0.2749006748199463,0.8337577780087789,0.9934057593345642,0.6370494961738586,0.7856406569480896,0.44400715827941895,0.24360892176628113,0.8357808589935303,0.22471830248832703,0.7827275395393372,0.41050389409065247,0.008127537555992603,4.0435989490106294e-07,0.2631774842739105
374,0.0001,0.13057776959612966,0.952295060812697,0.29613060120380286,0.8523941734694945,0.9196189416627422,12.606092929840088,0.2186641050502658,0.11345941154286265,0.0503105535171926,0.2186641050502658,0.8679209090769291,0.2736201322439945,0.12219271018649593,0.05165156609181202,0.2736201322439945,0.838962045582858,0.9932816624641418,0.6368354558944702,0.7861798405647278,0.44370725750923157,0.24357204139232635,0.836186945438385,0.224551260471344,0.7818037271499634,0.4106210172176361,0.008052677847445011,3.9157134779088665e-07,0.2631259560585022
375,0.0001,0.12607361190021038,0.9534050395825127,0.2985469536347823,0.8518554264506671,0.9192880705202306,11.408611059188843,0.2095019957050681,0.11016878066584468,0.049529398093000054,0.2095019957050681,0.8749181143939495,0.27689750266797614,0.11955210476210623,0.05067466515483278,0.27689750266797614,0.8353463266835068,0.9930326342582703,0.6367724537849426,0.7866716980934143,0.44325560331344604,0.2435394525527954,0.8364877700805664,0.22387279570102692,0.7816437482833862,0.41081008315086365,0.007967195473611355,3.791869573888107e-07,0.2630869150161743
376,0.0001,0.12847296614199877,0.9521268352166949,0.2998334927992387,0.8508148268764038,0.9186932867450769,13.83858323097229,0.21182977315038443,0.10995741048827767,0.050161844585090876,0.21182977315038443,0.8748634569346905,0.27458507364446466,0.12457053498788313,0.0496909503232349,0.27458507364446466,0.8366998090888514,0.9929425716400146,0.6364248991012573,0.78717041015625,0.4428488612174988,0.24317382276058197,0.8368804454803467,0.2233639657497406,0.7807326912879944,0.41097745299339294,0.007893522270023823,3.671101467261906e-07,0.263088196516037
377,0.0001,0.12672753306105733,0.9526173572009852,0.3073500322573113,0.8468566583813427,0.9163680573865238,9.917161226272583,0.21086969133466482,0.11015258403494954,0.049349171575158834,0.21086969133466482,0.8744008354842663,0.2780781839833115,0.12153411092180194,0.04954043651620547,0.2780781839833115,0.8323646747704708,0.9930390119552612,0.6360104084014893,0.7876200079917908,0.442456990480423,0.2427966296672821,0.8372045755386353,0.22265304625034332,0.7800613641738892,0.4111069440841675,0.007815702818334103,3.554412160156062e-07,0.2631106376647949
378,0.0001,0.12352349935099483,0.9544212704922852,0.3007333748268359,0.8505763346022989,0.9185868216520584,10.190532922744751,0.2048190962523222,0.10988316358998418,0.04932265402749181,0.2048190962523222,0.8806945532560349,0.2751354990583478,0.12462088375380545,0.049672829043684585,0.2751354990583478,0.8372276624043783,0.9927694201469421,0.6357652544975281,0.7880565524101257,0.4419746398925781,0.2428099811077118,0.8375534415245056,0.2221406102180481,0.779475212097168,0.41124826669692993,0.0077487207017838955,3.441329567976936e-07,0.2631050944328308
379,0.0001,0.13426091382279992,0.9502840946044037,0.30347139726985584,0.8490710248008774,0.9176937940819263,12.098408222198486,0.2225185977295041,0.11504639405757189,0.05010775453411043,0.2225185977295041,0.8645659014582634,0.27691459475141583,0.11869380510214603,0.05180944005648295,0.27691459475141583,0.8374922745155565,0.9926238059997559,0.6354369521141052,0.7885391116142273,0.4413905441761017,0.24250876903533936,0.8379236459732056,0.22142913937568665,0.7794913053512573,0.4114063084125519,0.00768353883177042,3.3314279335172614e-07,0.263135701417923
380,0.0001,0.1309480988420546,0.9535251658275222,0.30273887424757984,0.8494231825771255,0.9178435674938601,11.58311676979065,0.2217827858403325,0.1113601722754538,0.04956923611462116,0.2217827858403325,0.8647019788622856,0.2823841625993902,0.1258850178935311,0.05101643988128864,0.2823841625993902,0.8362646428021517,0.9925505518913269,0.6352666616439819,0.7889966368675232,0.4412147104740143,0.24250353872776031,0.838346540927887,0.22029994428157806,0.7802576422691345,0.41160687804222107,0.00760311633348465,3.224753584163409e-07,0.2631496489048004
381,0.0001,0.1300062625668943,0.9523696907437944,0.30253753698233404,0.8485050414490283,0.9173111324861045,13.569451570510864,0.2164360797032714,0.11360360821709037,0.050159570295363665,0.2164360797032714,0.8679952099919319,0.2748874407826048,0.12004703870325377,0.053129648620432075,0.2748874407826048,0.8393244364044883,0.992493212223053,0.6349146962165833,0.7894870042800903,0.44092196226119995,0.24234198033809662,0.8387337327003479,0.2201531082391739,0.7796987891197205,0.4118054211139679,0.0075369481928646564,3.1207602546601265e-07,0.26313289999961853
382,0.0001,0.1251216740347445,0.9539876623372834,0.30745398637020227,0.8457830612073972,0.9156192068529143,12.22105598449707,0.20966719090938568,0.11193016776815057,0.0487562429625541,0.20966719090938568,0.8754570111632347,0.2743119416814862,0.12178027313767058,0.05071673813191327,0.2743119416814862,0.8354849743120598,0.9924934506416321,0.6343565583229065,0.7900933027267456,0.44067147374153137,0.24194833636283875,0.8391841053962708,0.22045697271823883,0.7786319851875305,0.41195058822631836,0.007474330719560385,3.019946177573729e-07,0.26316508650779724
383,0.0001,0.12622440280392766,0.9532655669852723,0.3000532099694917,0.8503645381896223,0.9184204852821832,13.697329044342041,0.21114878822118044,0.11087942821905017,0.049200491746887565,0.21114878822118044,0.872294507920742,0.2730915510293209,0.12138742479411038,0.05079729335777687,0.2730915510293209,0.8406318805434487,0.9924013018608093,0.6341211795806885,0.790576159954071,0.44041597843170166,0.24179649353027344,0.839553713798523,0.2198886126279831,0.7779838442802429,0.4120849370956421,0.00739482743665576,2.923107160768268e-07,0.2631988227367401
384,0.0001,0.1259046532213688,0.9529840344436991,0.30456356207529706,0.8478975536825747,0.9169263946916056,11.400697708129883,0.2105361893773079,0.11084889527410269,0.05058347410522401,0.2105361893773079,0.872635792940855,0.2763722466700005,0.12517006153410132,0.050278432328592644,0.2763722466700005,0.8357970750693119,0.9922353029251099,0.6337495446205139,0.7910493612289429,0.4399957060813904,0.24143189191818237,0.8398745656013489,0.21924182772636414,0.7774225473403931,0.4122244119644165,0.007326686289161444,2.828602418958326e-07,0.2632277309894562
385,0.0001,0.12866704864427447,0.9532039057477595,0.30055726838834357,0.8516519265675349,0.9191486120990343,10.02109169960022,0.2155991392210126,0.11093505658209324,0.049691371619701385,0.2155991392210126,0.8669213019311428,0.2793819308280945,0.12424026249033032,0.051040156772642425,0.2793819308280945,0.8357074477455833,0.9921085834503174,0.633465051651001,0.7915282845497131,0.43967562913894653,0.24126483500003815,0.8402537703514099,0.21857890486717224,0.7764208316802979,0.41239452362060547,0.007252347189933062,2.7367110533305095e-07,0.26324352622032166
386,0.0001,0.12237876886501908,0.9547421966708796,0.3021076267415827,0.8503422383846954,0.9183646763008692,12.678452730178833,0.20531549490988255,0.11068351520225406,0.04887491627596319,0.20531549490988255,0.8794682621955872,0.28107512177843036,0.12564445038636526,0.05020254331104683,0.28107512177843036,0.835208332899845,0.9920074343681335,0.6330022811889648,0.7920278310775757,0.43921905755996704,0.2407306432723999,0.8406099081039429,0.21867474913597107,0.7752082347869873,0.41253259778022766,0.007184601854532957,2.6472673653188394e-07,0.26328733563423157
387,0.0001,0.12269843695685267,0.9539300883075501,0.3049050443100207,0.8470447890181652,0.9164520352244739,13.231467962265015,0.20338859781622887,0.10835407115519047,0.0489217599388212,0.20338859781622887,0.877956997603178,0.27489142706899933,0.12306665290485728,0.04936516905824343,0.27489142706899933,0.8347847913250779,0.9920003414154053,0.6327676773071289,0.7924879193305969,0.43888619542121887,0.24079559743404388,0.8409186005592346,0.21820774674415588,0.7753961086273193,0.4127151370048523,0.007136981934309006,2.560380210070434e-07,0.2632657587528229
388,0.0001,0.12202109536156058,0.9555336496811979,0.30158546115412854,0.8496573450903739,0.9180111340159269,11.624622344970703,0.20393624063581228,0.10823985235765576,0.04922930523753166,0.20393624063581228,0.8790745101869106,0.27279806859565503,0.12358784720753178,0.04941757282975948,0.27279806859565503,0.8373632810332559,0.9920943975448608,0.6324902176856995,0.7929730415344238,0.43871206045150757,0.2406897246837616,0.8412604331970215,0.2171754390001297,0.7751839756965637,0.41284602880477905,0.007075392175465822,2.476585336808057e-07,0.26323065161705017
389,0.0001,0.12766700983047485,0.9532155673699093,0.3029848048181245,0.8482225005274097,0.917164138117574,14.817266464233398,0.21353622246533632,0.11185853462666273,0.04932152503170073,0.21353622246533632,0.8719027861952782,0.2718300674900864,0.1222433556209911,0.0507411083037203,0.2718300674900864,0.8382313684983687,0.9920344948768616,0.6322193145751953,0.7934535145759583,0.4386938214302063,0.24022649228572845,0.841687798500061,0.21696363389492035,0.7737698554992676,0.4129679203033447,0.007045847363770008,2.395163960500213e-07,0.26320749521255493
390,0.0001,0.12411502283066511,0.9542797848686632,0.30299297787926416,0.8480019649108119,0.9169936764425527,12.192939519882202,0.2070487281307578,0.1105516254901886,0.0501385685056448,0.2070487281307578,0.8764896839857101,0.2705949761650779,0.12233526869253679,0.04936948858878829,0.2705949761650779,0.8374178788878701,0.9920867681503296,0.631977379322052,0.7939481139183044,0.4384502172470093,0.24021752178668976,0.8420174717903137,0.21643520891666412,0.7731490731239319,0.4131014347076416,0.0069723790511488914,2.3163556761574e-07,0.263258159160614
391,0.0001,0.12691466975957155,0.952265609576821,0.3045692371599602,0.8472704761922089,0.9165507350160036,13.335834264755249,0.21284947358071804,0.11082034558057785,0.04958199756219983,0.21284947358071804,0.8714336305856705,0.27157475370349304,0.12190381731047775,0.04948250012415828,0.27157475370349304,0.8364501830303308,0.991952121257782,0.6316388845443726,0.7943778038024902,0.43806055188179016,0.24019308388233185,0.8423231840133667,0.2158614695072174,0.7731393575668335,0.4132489562034607,0.006914603058248758,2.2406182154099952e-07,0.26323455572128296
392,0.0001,0.1256027538329363,0.9547321526514181,0.30332998073462286,0.8481955854091812,0.9171213463785945,12.256706237792969,0.21396187134087086,0.11003894871100783,0.048581497045233846,0.21396187134087086,0.8708898834884167,0.2736182086395495,0.12512455293626495,0.0497597259553996,0.2736182086395495,0.834760687567971,0.9920406341552734,0.6314501762390137,0.7948408126831055,0.43776825070381165,0.23967310786247253,0.8426933288574219,0.21541756391525269,0.7725407481193542,0.41341397166252136,0.006862981244921684,2.166828494409856e-07,0.26321759819984436
393,0.0001,0.1260142745450139,0.9538152680210138,0.29963054440238257,0.8512304260337524,0.9189302581035054,16.826679706573486,0.21270684525370598,0.11135005857795477,0.05009758984670043,0.21270684525370598,0.8740503452718258,0.27277965076041943,0.12188888092835744,0.050587907997947754,0.27277965076041943,0.8368899135878591,0.9919710159301758,0.6310420036315918,0.7953206300735474,0.4373185336589813,0.23926645517349243,0.8430502414703369,0.2150607854127884,0.7722819447517395,0.4135727286338806,0.006809484213590622,2.0937285682975926e-07,0.2632422149181366
394,0.0001,0.1246679313480854,0.9542080268205029,0.3013739730372573,0.8498652531758185,0.9180934042208589,13.100625038146973,0.20885238703340292,0.10994525766000152,0.04912089859135449,0.20885238703340292,0.8741062618792057,0.2726194641806863,0.12246193759369128,0.050071352810570686,0.2726194641806863,0.8378094199931982,0.9919788241386414,0.6306069493293762,0.7957773804664612,0.43684476613998413,0.23883450031280518,0.8434242606163025,0.21496181190013885,0.7714096903800964,0.41370588541030884,0.00674679409712553,2.0223319552314933e-07,0.26324087381362915
395,0.0001,0.12377419089898467,0.9541052017219398,0.3032004508105191,0.8487111158643674,0.9174812374244741,13.70055890083313,0.2082480527460575,0.10995541792362928,0.048958290833979845,0.2082480527460575,0.8732058145105839,0.2739045330972383,0.12369205102776036,0.049571707167408684,0.2739045330972383,0.8347242095253684,0.9919151067733765,0.6303195953369141,0.7961781024932861,0.43664970993995667,0.2389591634273529,0.8437676429748535,0.2143344283103943,0.7714102864265442,0.413874089717865,0.006695218849927187,1.9535301021278428e-07,0.2632925808429718
396,0.0001,0.11968326242640615,0.9560639464189503,0.3012220028674964,0.8500474848997182,0.9182880795526602,13.390653133392334,0.200388309545815,0.10836892854422331,0.04909340781159699,0.200388309545815,0.8833529390394688,0.27125777439637616,0.12203220887617632,0.05041504617441784,0.27125777439637616,0.8394881035342361,0.9918835163116455,0.6301681995391846,0.7966209053993225,0.4362529516220093,0.23913952708244324,0.8441079258918762,0.21385003626346588,0.7718795537948608,0.41402125358581543,0.0066370912827551365,1.8867149265133776e-07,0.2632759213447571
397,0.0001,0.12523857410997152,0.9541246932108471,0.303051775152033,0.8483560329202535,0.9172665352323816,11.575690507888794,0.209404606372118,0.11066484590992332,0.05000600195489824,0.209404606372118,0.8767254836857319,0.27255231322664203,0.1219652435093215,0.049571978549162544,0.27255231322664203,0.8363276629736929,0.9920519590377808,0.6297774910926819,0.7971140146255493,0.43596896529197693,0.23875907063484192,0.844449520111084,0.21386145055294037,0.7706767916679382,0.4141380488872528,0.00655757263302803,1.821808410795711e-07,0.2632712423801422
398,0.0001,0.1216259803622961,0.9556058852915744,0.30218553001230414,0.848667230630598,0.9174205882882279,9.653904438018799,0.20701530762016773,0.10995508125051856,0.048901467584073544,0.20701530762016773,0.8761820085346699,0.27150913621440076,0.12189624481128924,0.04991504437092579,0.27150913621440076,0.838812737753897,0.9920278191566467,0.6293914318084717,0.7975830435752869,0.4355725347995758,0.23861227929592133,0.8447927832603455,0.21388640999794006,0.7700737714767456,0.4142589867115021,0.006495827343314886,1.7584787315172434e-07,0.2632679343223572
399,0.0001,0.12544173700734973,0.9529643704140264,0.3013333154447151,0.8489615567148387,0.917565193095202,14.221735715866089,0.20950873475521803,0.11064871540293097,0.04915184644050896,0.20950873475521803,0.8753209188580513,0.27205901434927277,0.12284450142672568,0.04974771945765524,0.27205901434927277,0.836373710271084,0.9919375777244568,0.6292093396186829,0.7980114817619324,0.43513959646224976,0.23834353685379028,0.8451061844825745,0.21338430047035217,0.7690528035163879,0.4144555628299713,0.006417997647076845,1.6960879634098092e-07,0.26330482959747314
