epoch,lr,loss,iou,val_loss,val_iou,val_dice,epoch_sec,train_ctrl,train_foc,train_ma_mean,train_rho_std,train_ctrl_bce,train_cell_iou,val_ctrl,val_foc,val_ma_mean,val_rho_std,val_ctrl_bce,val_cell_iou,norm_route1_wc,norm_route1_wa,norm_route1_beta,norm_route2_wc,norm_route2_wa,norm_route2_beta,norm_route3_wc,norm_route3_wa,norm_route3_beta,norm_route4_wc,norm_route4_wa,norm_route4_beta
0,0.0001,1.5433635134249926,0.2647413480660515,1.6038020244011513,0.12481938904161634,0.21586556017503533,95.57363891601562,0.6709485063329339,0.5645197494886816,0.49401885131374,0.002782416887157524,0.6709485063329339,2.7079722713097e-05,0.6719773329221286,0.5853894389592684,0.4960545934163607,0.003440874152315351,0.6719773329221286,0.0,0.07904807478189468,0.06179313361644745,0.032119620591402054,0.08639213442802429,0.08608997613191605,0.02673362009227276,0.12277087569236755,0.18092168867588043,0.018229765817523003,0.1349884271621704,0.16732490062713623,0.02035558596253395
1,0.0001,1.4026086777448654,0.38837183798113734,1.3778453716864953,0.40232327166324605,0.5651943027013455,38.513806104660034,0.6203531846404076,0.47685182420536876,0.47659244015812874,0.008537086250726134,0.6203531846404076,0.0007679334721615305,0.5966177995388324,0.45370703568825355,0.46600067661358757,0.00930410656504906,0.5966177995388324,0.0006126761651382997,0.14785034954547882,0.11412010341882706,0.06638520956039429,0.13420148193836212,0.13765673339366913,0.052426889538764954,0.17426130175590515,0.3503808379173279,0.028119925409555435,0.17438562214374542,0.2738869786262512,0.026991305872797966
2,0.0001,1.349409507587552,0.3911392831191073,1.319133866750277,0.4318835403103422,0.5999307386878518,28.981841564178467,0.5674850856885314,0.4451856310479343,0.4504631133750081,0.012546219324576668,0.5674850856885314,0.0022568050444533583,0.5452595765774066,0.43529812601896434,0.43843413774783796,0.014998130729565254,0.5452595765774066,0.005401091198795117,0.20577438175678253,0.15307468175888062,0.09249898791313171,0.1727590411901474,0.18088068068027496,0.07258175313472748,0.22591395676136017,0.49299129843711853,0.04230252280831337,0.2151709944009781,0.34951311349868774,0.0364648774266243
3,0.0001,1.2900450993329287,0.45129450970606955,1.3671030374673696,0.3525640938943693,0.514835234377482,29.051055192947388,0.515840488485992,0.4166627791710198,0.419658865313977,0.017085576939280145,0.515840488485992,0.008636419675895013,0.4948709487915039,0.5046458904559795,0.40481722584137547,0.018217652720900684,0.4948709487915039,0.009018231699099908,0.25663602352142334,0.18145309388637543,0.11367546766996384,0.20438902080059052,0.21479324996471405,0.08785010874271393,0.2504999339580536,0.5958779454231262,0.053930044174194336,0.23279914259910583,0.3986494243144989,0.04274309054017067
4,0.0001,1.2552724964916706,0.46156095072749165,1.3554633378982544,0.33736920598664644,0.4982177589753885,30.422565937042236,0.4693868225440383,0.4026675783097744,0.387281337287277,0.019814590748865157,0.4693868225440383,0.026254173350025667,0.456853043116056,0.5161416072111863,0.3747814004237835,0.021933619248179288,0.456853043116056,0.020645600109576032,0.3019699156284332,0.2054300606250763,0.13185428082942963,0.2295009046792984,0.2375786006450653,0.1032511293888092,0.2736709415912628,0.6541407108306885,0.06401191651821136,0.24895620346069336,0.43253570795059204,0.05030272156000137
5,0.0001,1.2258211486041546,0.4691887720977136,1.2539814435518706,0.40358367174207094,0.5699716878990467,29.385631799697876,0.42878689523786306,0.3908330393023789,0.35528330225497484,0.02276435072417371,0.42878689523786306,0.04131299444998149,0.44961657890906703,0.4222180403195895,0.3651067623725304,0.02792748361825943,0.44961657890906703,0.11731685560483199,0.3397271931171417,0.22369632124900818,0.14739170670509338,0.2515251040458679,0.2567223012447357,0.11699079722166061,0.3000381290912628,0.7103992700576782,0.07336202263832092,0.2673923671245575,0.47674301266670227,0.05789545178413391
6,0.0001,1.188042875379324,0.49251536033077603,1.2274209902836726,0.42926038733856725,0.5898808020633125,29.698687314987183,0.392571191303432,0.375928420573473,0.3248314126394689,0.024282285594381392,0.392571191303432,0.060755037498893216,0.4147319697416746,0.41698593818224394,0.3391857092197125,0.02775920996299157,0.4147319697416746,0.13541753011254165,0.3736237585544586,0.23825697600841522,0.16208037734031677,0.27094122767448425,0.27411723136901855,0.12978972494602203,0.3144627809524536,0.7554485201835632,0.08184155076742172,0.27487310767173767,0.4964952766895294,0.060220398008823395
7,0.0001,1.1652860473841429,0.5095428987776836,1.2349774580735426,0.44257370266162077,0.6033578402083425,29.374786615371704,0.36183532793074846,0.36981732165440917,0.296986389439553,0.0265063161496073,0.36183532793074846,0.09003358686277352,0.39698344973417427,0.4446782336785243,0.32606024742126466,0.03235324240074708,0.39698344973417427,0.19210184859470106,0.4025493562221527,0.25334587693214417,0.1752002090215683,0.2897893786430359,0.2884969115257263,0.1407497376203537,0.33699336647987366,0.7941688299179077,0.0911853164434433,0.28217512369155884,0.5379542112350464,0.06754962354898453
8,0.0001,1.1465964373201132,0.5135541952620459,1.1814163538125846,0.40768792956719296,0.5688162700876283,28.26303768157959,0.33505791798233986,0.36333775240927935,0.273495617788285,0.029049173404928297,0.33505791798233986,0.11874345355317928,0.3686428427696228,0.37588172142322246,0.2981292119392982,0.0349330138701659,0.3686428427696228,0.1936570330737875,0.43308699131011963,0.26863476634025574,0.18802709877490997,0.3057510554790497,0.30268394947052,0.14989325404167175,0.3441246449947357,0.8715628981590271,0.09833160042762756,0.28885549306869507,0.6097780466079712,0.07507696002721786
9,0.0001,1.1277880147099495,0.5236727517267764,1.192627114516038,0.4632698729929509,0.625036154048889,29.348668336868286,0.3149464507587254,0.36087168799713254,0.2523414858151227,0.03342620833427645,0.3149464507587254,0.13328802493197145,0.39144794207352857,0.4147576222052941,0.30551897837565495,0.042662668686646685,0.39144794207352857,0.20053751004429965,0.45695725083351135,0.28712883591651917,0.1994711011648178,0.3213583528995514,0.31635546684265137,0.15777114033699036,0.3638207018375397,0.9141214489936829,0.10869180411100388,0.2885485291481018,0.6278335452079773,0.07972557097673416
10,0.0001,1.1065950281918049,0.5260760307150066,1.140216379899245,0.46792372214870576,0.6252837092808834,29.59109354019165,0.2956862722057849,0.3537504211999476,0.23470828984864056,0.037928693694993854,0.2956862722057849,0.16543408267898485,0.345021862250108,0.3584345863415645,0.2790867026035602,0.04113276371589074,0.345021862250108,0.23711651370215875,0.4760400652885437,0.3082907795906067,0.21072931587696075,0.3360899090766907,0.3409680426120758,0.16526509821414948,0.3738974332809448,0.9544629454612732,0.11903508007526398,0.2906394302845001,0.6587581634521484,0.08475151658058167
11,0.0001,1.0781471114605665,0.5292075050040989,1.2908386597266563,0.36730032238177407,0.526334053793739,29.508930683135986,0.28316868050023913,0.3239666912704706,0.2172706441488117,0.03998265793779865,0.28316868050023913,0.15673581941518933,0.38619378621761613,0.5333683298184322,0.2978452810874352,0.052410830500034186,0.38619378621761613,0.23851667871842017,0.49662575125694275,0.32990318536758423,0.22156593203544617,0.3461380898952484,0.3518308699131012,0.1729627400636673,0.3922560214996338,1.0137430429458618,0.1291111409664154,0.2872231900691986,0.6964488625526428,0.08963391184806824
12,0.0001,1.0552626764401793,0.5387717045378102,1.131396462367131,0.43684493062463836,0.5962994915670725,29.809749841690063,0.2695167532656342,0.30641053104773164,0.2036672872491181,0.042831687664147466,0.2695167532656342,0.16447130090091377,0.32271213760742773,0.3645990481743446,0.2439607702768766,0.04993261219217227,0.32271213760742773,0.2603414639830589,0.516745388507843,0.3517943024635315,0.23217852413654327,0.3539304733276367,0.3633297383785248,0.18139462172985077,0.40591368079185486,1.0632063150405884,0.13851165771484375,0.28922900557518005,0.7614974975585938,0.0984460860490799
13,0.0001,1.030635803937912,0.5431802303521823,1.0891919447825504,0.509802221222262,0.6701717650149699,29.337201833724976,0.25780990649946034,0.2839140729047358,0.19075912120752037,0.0461445405962877,0.25780990649946034,0.17087278881808743,0.2758565710141109,0.34280147460790783,0.21233471219356242,0.04926473228977277,0.2758565710141109,0.2263554473909048,0.5343911051750183,0.3796952962875366,0.2435823380947113,0.3606756031513214,0.3696962296962738,0.18841016292572021,0.4267861545085907,1.1286786794662476,0.14727701246738434,0.28401997685432434,0.7827391624450684,0.10470154881477356
14,0.0001,1.0181874223053455,0.5477867976585786,1.1333031269220206,0.46479178897762835,0.6213359793135182,29.433048963546753,0.24850938003510237,0.2777123833075166,0.18087701685726643,0.05039904313161969,0.24850938003510237,0.191456414089771,0.2757207632064819,0.41700118963535016,0.20325084007703342,0.05424299320349327,0.2757207632064819,0.22552857169738183,0.5545334815979004,0.40619778633117676,0.25467148423194885,0.3674810528755188,0.37136271595954895,0.19458769261837006,0.4322696030139923,1.1761645078659058,0.15430976450443268,0.2794693112373352,0.8227212429046631,0.1106375902891159
15,0.0001,0.9935656925663352,0.5398796493310678,1.0859155031350942,0.5047272808236161,0.6642097656109764,29.624380588531494,0.24188787094317377,0.2609064532443881,0.17062760260887444,0.053655734402127564,0.24188787094317377,0.19853017438435927,0.3121565043926239,0.3814143070807824,0.24608758985996246,0.06409648181154178,0.3121565043926239,0.3104331917487658,0.5726542472839355,0.43394917249679565,0.264954149723053,0.3763197958469391,0.386065274477005,0.20181231200695038,0.43342727422714233,1.2092350721359253,0.1625758409500122,0.2725151479244232,0.8500347137451172,0.11563048511743546
16,0.0001,0.9716136800125241,0.5550731089444693,1.0884147735742422,0.5169379513416775,0.6750209752508531,29.535250902175903,0.23457585857249796,0.24293644819408655,0.16362734255380929,0.05728735151933506,0.23457585857249796,0.22028449299978092,0.3514920881161323,0.3552013589785649,0.26312371675784774,0.07160746638591473,0.3514920881161323,0.2620038615969511,0.5907907485961914,0.4650099277496338,0.27608588337898254,0.3775188624858856,0.3997577726840973,0.20750252902507782,0.4405050575733185,1.2457144260406494,0.1731196641921997,0.2616216242313385,0.8536685705184937,0.11956726014614105
17,0.0001,0.9571227468550205,0.5610192000954717,0.9841287099398099,0.5467040214070642,0.6992026155443517,29.501612186431885,0.23127542389556766,0.23392224521376193,0.1553989837411791,0.058674734842497855,0.23127542389556766,0.22322533401893452,0.2611589275873624,0.2876400324014517,0.19749977565728702,0.06109758667074717,0.2611589275873624,0.24286537009936113,0.6096911430358887,0.49933329224586487,0.2873324155807495,0.38558799028396606,0.41255122423171997,0.21519508957862854,0.4490511417388916,1.2887654304504395,0.18045559525489807,0.25112298130989075,0.8820728659629822,0.12629541754722595
18,0.0001,0.9332962222397327,0.5907443189692041,0.9751264333724976,0.5631093326142487,0.7125105986367388,28.95695471763611,0.22249375260435045,0.22305245231837034,0.15197405871003866,0.06365201162407175,0.22249375260435045,0.23536636476637796,0.23749827742576599,0.25287731794210583,0.16304534834164838,0.06525274205666322,0.23749827742576599,0.28296647301087013,0.6283694505691528,0.5228893756866455,0.29805976152420044,0.39019855856895447,0.41563716530799866,0.22039887309074402,0.444254994392395,1.2919106483459473,0.1870662420988083,0.23948891460895538,0.8950227499008179,0.1312617063522339
19,0.0001,0.9280368955805898,0.5577006026938898,1.0421449477855975,0.4940411279256116,0.652267507504423,29.531627416610718,0.2208393740002066,0.22290627239271998,0.14512182865291834,0.06586382811656222,0.2208393740002066,0.23688230011612177,0.31259779655016384,0.3345852393370408,0.21788148054709802,0.07806470485833975,0.31259779655016384,0.2539848627952429,0.6428739428520203,0.5483238697052002,0.30942535400390625,0.3911007046699524,0.4264233708381653,0.22719930112361908,0.49256443977355957,1.3763432502746582,0.19504348933696747,0.2248392552137375,0.9316554069519043,0.13565559685230255
20,0.0001,0.9055743711069226,0.5797286517956999,0.9288471350303062,0.5831931921121261,0.72770289605844,29.273571014404297,0.21826621028594673,0.20953423739410937,0.14011333463713527,0.06729519186774269,0.21826621028594673,0.23500179359689355,0.22765235946728632,0.22505129896677456,0.1538126500753256,0.06867221909073683,0.22765235946728632,0.25639256425201895,0.6582719683647156,0.5776202082633972,0.3198755979537964,0.3957814574241638,0.4334295094013214,0.23398728668689728,0.504879891872406,1.4196515083312988,0.20096977055072784,0.21287284791469574,0.9509017467498779,0.13972416520118713
21,0.0001,0.8957997970283031,0.5843638500183657,0.9973170390495887,0.500784925044445,0.6582342974365898,29.52535367012024,0.21501325769349933,0.2035830484237522,0.13610305823385715,0.06999972689663991,0.21501325769349933,0.2477554763900116,0.24214143111155584,0.2869085238530086,0.17137142167641567,0.07501531186012121,0.24214143111155584,0.305023309129935,0.6757676005363464,0.6001048684120178,0.33096587657928467,0.3975009322166443,0.44029501080513,0.23881377279758453,0.4940897226333618,1.4623364210128784,0.20913656055927277,0.20111817121505737,0.9909572005271912,0.1422295719385147
22,0.0001,0.8834283389151096,0.5731532650260643,0.9525436346347516,0.5289713265926413,0.6834752529798528,29.408109664916992,0.21193232131190598,0.19850547541864216,0.13192488520871848,0.07248378975782543,0.21193232131190598,0.2519502138020471,0.23838526469010574,0.2845578601727119,0.17325119422032284,0.08132710296374102,0.23838526469010574,0.36307050643058925,0.6912052035331726,0.6207853555679321,0.34203392267227173,0.39922910928726196,0.45181354880332947,0.2440509796142578,0.508253276348114,1.5176634788513184,0.21691329777240753,0.1912323236465454,1.0434421300888062,0.14760959148406982
23,0.0001,0.8660835213959217,0.5987380880243153,0.9261163014632005,0.6007407278056635,0.742712124710593,29.305028676986694,0.20830143243074417,0.19291161186993122,0.13184946950059384,0.07580739632248878,0.20830143243074417,0.2647986214142293,0.25338280567756066,0.2676204617206867,0.19992023018690255,0.0861828136902589,0.25338280567756066,0.39261875175512756,0.7053821086883545,0.6494390964508057,0.3526173233985901,0.403656005859375,0.45880696177482605,0.24959738552570343,0.5515229105949402,1.5348355770111084,0.2261037677526474,0.17581254243850708,1.0646493434906006,0.15046817064285278
24,0.0001,0.8491976065561175,0.6022520348225107,0.8292076569337111,0.6399318269030226,0.7752303389765728,30.565746307373047,0.20530437515117228,0.18591845431365073,0.12601882708258927,0.07839818263892084,0.20530437515117228,0.2905343279999215,0.21028672319192152,0.15061251796208897,0.0912464079948572,0.0716531821168386,0.21028672319192152,0.1898542174926171,0.7244653701782227,0.661761462688446,0.3644861578941345,0.4062180817127228,0.46635526418685913,0.2561308443546295,0.5455852150917053,1.5702054500579834,0.23188892006874084,0.1648104339838028,1.093622088432312,0.15425167977809906
25,0.0001,0.8428734904155135,0.5861109039359197,0.8235011265828059,0.6431056148600658,0.7763024195599683,29.085662841796875,0.2047899542376399,0.1865686411038041,0.1253403261071071,0.08111240924336016,0.2047899542376399,0.29463542404118925,0.20507004811213567,0.16155492617533757,0.1049708067224576,0.07612216272033177,0.20507004811213567,0.2575173772871494,0.7405556440353394,0.6821049451828003,0.3762575089931488,0.4110490083694458,0.4769199788570404,0.26230430603027344,0.5557143688201904,1.58493971824646,0.2371266633272171,0.1524977833032608,1.140158772468567,0.15576758980751038
26,0.0001,0.8230447992682457,0.6121820358742893,0.8635413004801824,0.5823828202243749,0.7259155565204353,29.753027200698853,0.20015215617604554,0.1791700996691361,0.11990690929815173,0.08031826466321945,0.20015215617604554,0.28585883672349155,0.20599788977549627,0.2193161313350384,0.14435633420944213,0.08718683226750447,0.20599788977549627,0.36521849265465367,0.7601418495178223,0.6960151195526123,0.38715675473213196,0.4135085344314575,0.4897075593471527,0.2696453034877777,0.5492948293685913,1.6387311220169067,0.24186721444129944,0.14194272458553314,1.185059666633606,0.15968279540538788
27,0.0001,0.8081507375463843,0.6189126597544223,0.8572500742398775,0.5566264256915505,0.7067547818309822,30.075039863586426,0.19889979087747633,0.17541122797410935,0.12016374024096876,0.08328578225336969,0.19889979087747633,0.2922106785408687,0.21694038189374484,0.2289278406363267,0.146913543343544,0.08764278109257038,0.21694038189374484,0.3654487514725098,0.7764711380004883,0.6982004046440125,0.39853960275650024,0.4226931631565094,0.501962423324585,0.27833905816078186,0.565471351146698,1.6681169271469116,0.24684865772724152,0.13420039415359497,1.2163541316986084,0.16514094173908234
28,0.0001,0.8025310216471553,0.6181632477184208,0.7888650050530067,0.6612303249440125,0.7919242215600328,30.331199169158936,0.1967035799752921,0.1728805823950097,0.11789215821772814,0.08515293255914003,0.1967035799752921,0.3052466416847892,0.20011394161444443,0.1578564900618333,0.11250729881800138,0.08617718368768693,0.20011394161444443,0.3389673572320204,0.7943107485771179,0.7151649594306946,0.4100046753883362,0.42856696248054504,0.5152860283851624,0.2851445972919464,0.5757647156715393,1.7087900638580322,0.2502061724662781,0.12703311443328857,1.2569206953048706,0.16793613135814667
29,0.0001,0.7919988455250859,0.6107389271277248,0.8070024857154259,0.6453490970040969,0.7782744440468158,30.290626049041748,0.19688504631631076,0.17107814911287278,0.11477106879465282,0.08599876705557108,0.19688504631631076,0.2936149436281994,0.20992990090296818,0.19273269772529603,0.14620524919950045,0.08915666857591042,0.20992990090296818,0.3984020112798764,0.8072050213813782,0.7257773876190186,0.42172619700431824,0.432779997587204,0.5332935452461243,0.29284340143203735,0.604896068572998,1.7267086505889893,0.2557561695575714,0.11406426131725311,1.3226349353790283,0.17128892242908478
30,0.0001,0.7736414801329374,0.6174707371090106,0.8578551640877357,0.5483018954319453,0.6947174365707316,31.172329664230347,0.19375424808822572,0.16659318190068007,0.11352677084505558,0.08710755384527147,0.19375424808822572,0.3032969656633213,0.24453317843950712,0.24934236957476688,0.16500859329333672,0.08878199240336052,0.24453317843950712,0.31907028865355713,0.8224595189094543,0.7289255261421204,0.43477579951286316,0.4377008080482483,0.5436778664588928,0.29957184195518494,0.6111425757408142,1.7627683877944946,0.26046714186668396,0.10563831776380539,1.370334506034851,0.17562133073806763
31,0.0001,0.7629210762679577,0.627815735954129,0.7421559957357553,0.6676579807191705,0.7946300476191158,30.605880975723267,0.19494249031413347,0.16264559724368155,0.11315381154417992,0.0902529222657904,0.19494249031413347,0.2989068122114986,0.20058634831355168,0.1282983667575396,0.07658208688864342,0.0897183732344554,0.20058634831355168,0.21875988795207096,0.8389392495155334,0.7314996719360352,0.447845995426178,0.44711583852767944,0.5613968968391418,0.30784401297569275,0.6498063802719116,1.8004432916641235,0.2660025656223297,0.09789211302995682,1.4302133321762085,0.17921359837055206
32,0.0001,0.749686861410737,0.6389745274915086,0.7408760731036846,0.6546123089861445,0.7825031348253622,31.783979415893555,0.19564768439158797,0.16083158110268414,0.11223078786861151,0.08921491738874465,0.19564768439158797,0.28387654869584367,0.20273207976267887,0.14669766334386972,0.09964016400850736,0.0832945588689584,0.20273207976267887,0.26808609056931276,0.8563283681869507,0.7406849265098572,0.4612358510494232,0.45729246735572815,0.5738098621368408,0.31400302052497864,0.6976043581962585,1.827345609664917,0.2713402509689331,0.0917220488190651,1.476770281791687,0.18168450891971588
33,0.0001,0.7391547476872802,0.6296439040858238,0.7398755715443538,0.6674048600013651,0.7953339914552805,30.5960054397583,0.1952251036418602,0.16339121176861227,0.11049799795728177,0.09152738086413592,0.1952251036418602,0.3049859516322613,0.24605475205641528,0.18835764068823593,0.18662363565885104,0.09992235314387542,0.24605475205641528,0.4062603250145912,0.8725827932357788,0.7488310933113098,0.47254058718681335,0.46253281831741333,0.5907777547836304,0.32155823707580566,0.6667170524597168,1.8810529708862305,0.2779203951358795,0.08656556159257889,1.5493518114089966,0.18384645879268646
34,0.0001,0.7297138953581452,0.6443165481755275,0.8029685790722186,0.5782032496570821,0.7238911551695465,31.233002424240112,0.194232280831784,0.15863931213971227,0.10911230859346688,0.0922229572897777,0.194232280831784,0.2953800136456266,0.22976592228962825,0.2555755330966069,0.17555297567294195,0.095888503239705,0.22976592228962825,0.4050221908550996,0.8834947347640991,0.7561549544334412,0.4856763482093811,0.47265151143074036,0.6069125533103943,0.32793793082237244,0.6648226976394653,1.9390898942947388,0.28504449129104614,0.08322208374738693,1.604379415512085,0.1890687197446823
35,0.0001,0.7161274068057537,0.6317186260103673,0.8023036755048312,0.5315072970031534,0.6865464483711204,30.04626965522766,0.1903215702623129,0.16017720068339258,0.10993245639838278,0.09403340809512883,0.1903215702623129,0.3270090715959668,0.1987757994578435,0.19769434103598962,0.11505410808783312,0.09373158227938871,0.1987757994578435,0.28291582574064916,0.902197003364563,0.7547444701194763,0.4992070198059082,0.47970420122146606,0.6281135082244873,0.3353312015533447,0.6847555041313171,1.9727139472961426,0.2868538498878479,0.08219103515148163,1.668241024017334,0.1967317909002304
36,0.0001,0.6979947313666344,0.6559110755478044,0.6802805662155151,0.6437164459205581,0.7735382860124846,30.883103132247925,0.1884872941300273,0.15161706681828946,0.10529687127564102,0.09437136736232787,0.1884872941300273,0.31255090481135994,0.1854547211757073,0.15309877487329338,0.09964350714133335,0.10030335394235758,0.1854547211757073,0.3438053090985005,0.9177747368812561,0.7637327313423157,0.5115861892700195,0.4944813549518585,0.6485311985015869,0.3412936329841614,0.7184686660766602,1.9871420860290527,0.29269078373908997,0.07897156476974487,1.7213871479034424,0.20081453025341034
37,0.0001,0.7045985301956534,0.6289138194534579,0.6588455163515531,0.6575030478305145,0.7880792857340462,30.390469789505005,0.1902205931255594,0.16167829826008528,0.10626571788452566,0.09439383214339614,0.1902205931255594,0.3141314226668328,0.19285896603877728,0.14246432483196259,0.10724465984564562,0.09464727433828207,0.19285896603877728,0.3023102697701408,0.9382719397544861,0.7905463576316833,0.5244320034980774,0.5101500153541565,0.6705964803695679,0.3482207655906677,0.7561410069465637,2.050888776779175,0.29770898818969727,0.07456330209970474,1.7954593896865845,0.20609715580940247
38,0.0001,0.6907102428376675,0.6379439197549089,0.6246065359849197,0.6981598108274182,0.8175010359580925,31.72229313850403,0.18896409939043224,0.15954060212243348,0.10728867840953171,0.09671121742576361,0.18896409939043224,0.33185279183089733,0.1838951078745035,0.14464468887219062,0.10582765833689617,0.10328830010615862,0.1838951078745035,0.3952906671624917,0.9530271291732788,0.7977206707000732,0.5382766127586365,0.5359106063842773,0.6961846947669983,0.3560502529144287,0.7713701128959656,2.0691215991973877,0.3039310574531555,0.06695552170276642,1.8253508806228638,0.20974932610988617
39,0.0001,0.6684500891715288,0.6528916809831345,0.6494048412029559,0.6593810451632788,0.7870732291384405,30.08572483062744,0.18726408365182579,0.1532539485488087,0.10581535589881241,0.09800861252006143,0.18726408365182579,0.34145143220666796,0.18977363109588624,0.15758924048680525,0.11309614021044512,0.09789701791910024,0.18977363109588624,0.3859615813081081,0.9599568843841553,0.8085389137268066,0.55153489112854,0.551949679851532,0.7185282707214355,0.3621613383293152,0.803655743598938,2.1145243644714355,0.3097018897533417,0.06278327107429504,1.8383455276489258,0.21549518406391144
40,0.0001,0.6548984916880727,0.6635267986880691,0.6781377498920147,0.6494557797638246,0.7786013352106717,30.52142357826233,0.1860456089489162,0.14520971151068807,0.10338876047171652,0.09764465421903878,0.1860456089489162,0.32767436606809497,0.18142918806809646,0.15300525014217084,0.11070018112659455,0.09981840699911118,0.18142918806809646,0.39519862062655964,0.9714972376823425,0.821431577205658,0.5643677711486816,0.5649814605712891,0.7386091351509094,0.36848440766334534,0.7894744277000427,2.1447105407714844,0.31288227438926697,0.05494080111384392,1.842417597770691,0.21867093443870544
41,0.0001,0.6436139661818743,0.661986182115013,0.6069101260258601,0.6829530178394442,0.8067558419410648,30.079161643981934,0.18320136214606464,0.14855882932897657,0.10440860199742019,0.10155615780968219,0.18320136214606464,0.34916451945900917,0.18742310175528892,0.13313474838550274,0.07242892052118595,0.10103265173160113,0.18742310175528892,0.2794939360652979,0.9797070026397705,0.831460177898407,0.5778729915618896,0.5878855586051941,0.7718920707702637,0.37504854798316956,0.8034022450447083,2.156226873397827,0.3196170926094055,0.05366048589348793,1.88762366771698,0.22250120341777802
42,0.0001,0.651866964995861,0.6488348712677724,0.6392763467935415,0.6487184037322792,0.7823196046116958,30.888797998428345,0.18791430117562413,0.1560028715757653,0.10200774762779474,0.09935327083803713,0.18791430117562413,0.3217657447094098,0.2611727384420542,0.12317956846493941,0.04502042858646466,0.09627632487278719,0.2611727384420542,0.12880467073275492,0.9933237433433533,0.8520480990409851,0.5914514660835266,0.624240517616272,0.8117696046829224,0.3808627426624298,0.873273491859436,2.2101871967315674,0.327006459236145,0.04950810968875885,1.9337700605392456,0.2281385213136673
43,0.0001,0.6396998935379088,0.6639194756899724,0.6286614124591534,0.6123737117403157,0.7502368836160618,30.34938907623291,0.18662401381880045,0.15092590742278844,0.10309544450137764,0.10137032007332891,0.18662401381880045,0.32558493537362665,0.1822256170786344,0.16815576920142541,0.10772227301047399,0.10372158770377819,0.1822256170786344,0.3992988322789852,1.0043765306472778,0.8689839839935303,0.6040645837783813,0.6266040205955505,0.8327167630195618,0.3867298364639282,0.8675307035446167,2.253235340118408,0.33022502064704895,0.048008453100919724,1.9904181957244873,0.23260585963726044
44,0.0001,0.6229869006201625,0.6538994416298138,0.6174886951079736,0.6652908633753971,0.7928343500879048,30.66544818878174,0.1848369991639629,0.14459595642983913,0.10200788849033415,0.10238249774556607,0.1848369991639629,0.33026010543107986,0.18066588731912467,0.15459990501403809,0.10896043147032078,0.10890619903802871,0.18066588731912467,0.4269746883557393,1.0151671171188354,0.8753092288970947,0.6177505850791931,0.6523032784461975,0.8543747067451477,0.3925946354866028,0.8566662669181824,2.2549331188201904,0.33483028411865234,0.03921891003847122,2.0111303329467773,0.23573850095272064
45,0.0001,0.6117385844700038,0.6640583663075429,0.5891299706238967,0.6647084500766921,0.7936649842779618,30.49989604949951,0.18346919328905642,0.14896986447274685,0.10214659152552485,0.10522803768981248,0.18346919328905642,0.35343080828897655,0.18902216324439416,0.13003986523701594,0.07179783049684305,0.10815189641255599,0.18902216324439416,0.296108055429963,1.027857780456543,0.8941869735717773,0.6305599212646484,0.6755546927452087,0.881726086139679,0.3996853530406952,0.8606283664703369,2.28110933303833,0.3420471251010895,0.03926174342632294,2.0079541206359863,0.2378751039505005
46,0.0001,0.5918233515694737,0.6739291895752441,0.5742539424162645,0.7120730952991134,0.8282703690398268,30.53808856010437,0.18323512596543878,0.14323652279563248,0.10189171286765486,0.10604284459259361,0.18323512596543878,0.34443134570028633,0.178607040643692,0.13506731390953064,0.0995536976135694,0.10577748670027806,0.178607040643692,0.3886547113840397,1.034433364868164,0.8969672322273254,0.6447160840034485,0.6958038806915283,0.9116923809051514,0.405342161655426,0.8910492658615112,2.31217622756958,0.34631970524787903,0.03618623688817024,2.040513753890991,0.24063795804977417
47,0.0001,0.5964857651852071,0.6596800753341151,0.5567619965626643,0.6708959759786566,0.7965902256519444,30.462812185287476,0.18433999828994274,0.1504716045456007,0.10144043585751206,0.10683513025287539,0.18433999828994274,0.35455078608356416,0.18149106181584873,0.1394081963942601,0.08521883831574367,0.11047065876997435,0.18149106181584873,0.3820642963051796,1.0452172756195068,0.9020804762840271,0.6589027047157288,0.7051947116851807,0.932889461517334,0.4129893481731415,0.8967375159263611,2.357149600982666,0.35054558515548706,0.0346171073615551,2.068103313446045,0.24414928257465363
48,0.0001,0.5598621154204011,0.6980701014076062,0.5576612050716694,0.698366843462446,0.8161335125580791,151.67257928848267,0.1814523555804044,0.13404126185923815,0.10014075634535402,0.10827638616319746,0.1814523555804044,0.3440982775064185,0.17623955469865066,0.14147902864676257,0.10071404049029717,0.1105203933440722,0.17623955469865066,0.41025779121197187,1.0556175708770752,0.9031360149383545,0.672157883644104,0.7246242761611938,0.9528168439865112,0.4188549518585205,0.9093531370162964,2.3772997856140137,0.3542689383029938,0.033355675637722015,2.0874698162078857,0.24641577899456024
49,0.0001,0.5579042569734156,0.6893717689008818,0.5675811033982497,0.6903039681560051,0.8110452578198837,102.34760332107544,0.17943064169958234,0.14027507277205586,0.10291970532853156,0.10940540081355721,0.17943064169958234,0.37222630076576024,0.1795407616175138,0.1337644567856422,0.08462244765116618,0.1110534403186578,0.1795407616175138,0.3692459872708871,1.0686532258987427,0.9138393998146057,0.6867318153381348,0.751086950302124,0.971403181552887,0.427045077085495,0.9223156571388245,2.394408702850342,0.358656108379364,0.02832820452749729,2.103008985519409,0.24936209619045258
50,0.0001,0.5647912402637303,0.6832685441693543,0.5564530721077552,0.678079423729947,0.8035347717173059,85.72298455238342,0.1812947739381343,0.14747042173985392,0.09828609204851091,0.10806070256512612,0.1812947739381343,0.3410996798193082,0.18620630640249985,0.13458279783909138,0.0693662675527426,0.1056024574316465,0.18620630640249985,0.2894359718578366,1.0825303792953491,0.9297290444374084,0.6988485455513,0.7768519520759583,0.9938262104988098,0.4346659481525421,0.9413824081420898,2.407918930053711,0.3633304834365845,0.025805050507187843,2.1417644023895264,0.25214582681655884
51,0.0001,0.5514971008524299,0.6795383939081929,0.5476552156301645,0.657431559250699,0.7872730255268559,47.029067277908325,0.18001998134423047,0.14746189571451396,0.10042169503867626,0.11101824440993369,0.18001998134423047,0.38461629184894264,0.18552202811607948,0.14939692754011888,0.08201676767606002,0.11025521892767687,0.18552202811607948,0.354668790102005,1.0935899019241333,0.9397175908088684,0.7126936316490173,0.7867587208747864,1.0041178464889526,0.4439360499382019,0.9480396509170532,2.443777084350586,0.36863356828689575,0.022348323836922646,2.1599223613739014,0.25357621908187866
52,0.0001,0.529367002658546,0.6915109831542502,0.5977376295970036,0.6595398681182063,0.7888601029497557,146.76230263710022,0.17850214417558163,0.13661750708706677,0.09820003958884627,0.10971243458334357,0.17850214417558163,0.36165038438048214,0.20405376461836008,0.19062140583992004,0.14938730414097126,0.11624797788950113,0.20405376461836008,0.4716094292127169,1.109864354133606,0.9488697648048401,0.7252190709114075,0.8112037181854248,1.0379430055618286,0.4482918083667755,0.9244588613510132,2.4827492237091064,0.37258240580558777,0.022697215899825096,2.1723968982696533,0.2571371793746948
53,0.0001,0.5360591448843479,0.6871200421934893,0.6769555165217473,0.5623518233266565,0.7108346517400179,65.17778706550598,0.18163934769108891,0.14529947354458272,0.09899004432372749,0.10990934376604855,0.18163934769108891,0.3636833648197353,0.24783026530192448,0.2566517027524801,0.17759424172914945,0.12026845113589213,0.24783026530192448,0.3767987732703869,1.126538872718811,0.9604392051696777,0.7388175129890442,0.8328120708465576,1.0625866651535034,0.45573604106903076,0.9537129402160645,2.4849605560302734,0.3791448771953583,0.023900985717773438,2.2252249717712402,0.2604520916938782
54,0.0001,0.5325279170647264,0.6655414630136454,0.5867026585798997,0.5952230558230337,0.7407406592663066,153.8963303565979,0.1851458513410762,0.14531760034151375,0.09814004960935563,0.10974622005596757,0.1851458513410762,0.34158339886926115,0.19891908627289992,0.16755398236788235,0.10169686388510923,0.10202317088842391,0.19891908627289992,0.32613954681616564,1.141491413116455,0.9736529588699341,0.7500473856925964,0.8708296418190002,1.0879803895950317,0.46273428201675415,0.9523085355758667,2.524956226348877,0.3846782147884369,0.0355755053460598,2.282398223876953,0.2662113904953003
55,0.0001,0.5204492993652821,0.6856587658305561,0.5232232699027428,0.6656812688226493,0.7942480447526076,152.26485061645508,0.1789457140257582,0.1406213964219205,0.09819211531430483,0.11222240293864161,0.1789457140257582,0.35805494291707873,0.1902477447803204,0.15076307608531073,0.08192233534959646,0.10814047020215255,0.1902477447803204,0.29867461507137005,1.1572107076644897,0.9872677326202393,0.7661669850349426,0.8972166776657104,1.1118533611297607,0.46974191069602966,0.9803214073181152,2.5636682510375977,0.3876649737358093,0.051348332315683365,2.3198888301849365,0.27185308933258057
56,0.0001,0.5157596371136606,0.6777697902450167,0.5237322688102722,0.6761752436704133,0.8032755474397487,119.4860348701477,0.18269130971748382,0.1436157229472883,0.1002608627313748,0.11190648772753775,0.18269130971748382,0.35240628488827497,0.17826343041199905,0.14665350959851192,0.08953490727222883,0.11337817804171489,0.17826343041199905,0.3566960475479181,1.1731867790222168,0.9997545480728149,0.780668318271637,0.9094277024269104,1.1272735595703125,0.47726699709892273,1.0006904602050781,2.5725133419036865,0.39248624444007874,0.07556631416082382,2.329162836074829,0.2754988968372345
57,0.0001,0.5047510592266917,0.6829475368197062,0.5275181376017057,0.6668704785719913,0.7947509171824952,112.81019592285156,0.18332959956023842,0.13979452569037676,0.09860487375408411,0.1127691698493436,0.18332959956023842,0.35373629187233746,0.19491485678232634,0.14143437720262086,0.07028722591125049,0.11990339744549532,0.19491485678232634,0.29344647460832046,1.191871166229248,1.0134598016738892,0.7938804626464844,0.9223769307136536,1.1393978595733643,0.4836724102497101,0.9902817010879517,2.5978524684906006,0.3969896733760834,0.12106514722108841,2.3358383178710938,0.27764251828193665
58,0.0001,0.4889142061583698,0.6951608655115257,0.4830835030629085,0.6807636460415152,0.8038922935185429,185.00082111358643,0.17902265954762697,0.14272720855660737,0.1000047423876822,0.11642723984550685,0.17902265954762697,0.3724836278706789,0.17435455597363986,0.14505271796996777,0.08580828710244252,0.11493805452035023,0.17435455597363986,0.38960393283229605,1.2071959972381592,1.0198556184768677,0.8074461221694946,0.9459646940231323,1.1597765684127808,0.49239131808280945,1.0070617198944092,2.6274216175079346,0.40046483278274536,0.11807998269796371,2.344437599182129,0.28056544065475464
59,0.0001,0.4815969970077276,0.6907632136060569,0.4987181984461271,0.6738936430430341,0.799115054217628,183.60087203979492,0.17719854263123125,0.14426001335959882,0.10033081623259932,0.1157708935206756,0.17719854263123125,0.38129875320009887,0.17248890950129583,0.14546722792662106,0.0908848572235841,0.11512914918936216,0.17248890950129583,0.40009980889467095,1.2181801795959473,1.0243104696273804,0.8202013969421387,0.9570294618606567,1.175296664237976,0.49805042147636414,1.08003830909729,2.6361355781555176,0.40773630142211914,0.14057104289531708,2.369094133377075,0.2829722464084625
60,0.0001,0.47762717492878437,0.6996609128581639,0.5022952281511747,0.6484125273706186,0.7802001860291444,136.97425031661987,0.1790217268280685,0.137554042681586,0.09871537564322352,0.11724807636346668,0.1790217268280685,0.3819841197691858,0.17757978989527776,0.17502081256646376,0.10450907120337853,0.11605679312577614,0.17757978989527776,0.4307073671084184,1.2321919202804565,1.0316295623779297,0.8337271809577942,0.9830465912818909,1.1880956888198853,0.5043919086456299,1.0666664838790894,2.6424500942230225,0.4101470112800598,0.14480255544185638,2.3591396808624268,0.2846732437610626
61,0.0001,0.4615040593780577,0.7086855608496009,0.5252033728819627,0.636686032108605,0.769834115867376,186.58116483688354,0.17729311727453023,0.1335273685399443,0.09413699700962752,0.11461412126664072,0.17729311727453023,0.3602877164958045,0.1761077105998993,0.16403933992752662,0.10868501021311833,0.12101916705186551,0.1761077105998993,0.4494349981729801,1.2421408891677856,1.0380823612213135,0.8457265496253967,1.0004467964172363,1.2119452953338623,0.5111346244812012,1.0699307918548584,2.6812031269073486,0.4129500985145569,0.14266711473464966,2.3612582683563232,0.28797370195388794
62,0.0001,0.4745920719578862,0.6907554767217388,0.48014541680996237,0.6876307389817655,0.8085294263878585,144.6184058189392,0.18247978866565973,0.14475082175340503,0.10068476176820695,0.1179292444139719,0.18247978866565973,0.3766260277479887,0.18612053027519812,0.14733431981160092,0.07004400549026636,0.11916933025305088,0.18612053027519812,0.35349454306639155,1.2538602352142334,1.0398929119110107,0.856967568397522,1.0319744348526,1.227048397064209,0.5183472633361816,1.1155200004577637,2.7032737731933594,0.4175757169723511,0.14225110411643982,2.370832681655884,0.2929513454437256
63,0.0001,0.450274761300534,0.7091623546135949,0.4618538865676293,0.7144544509791576,0.8290937063403941,41.45301866531372,0.17419775773305446,0.13596382254036143,0.09775365400128067,0.12051226163748652,0.17419775773305446,0.3938210183987394,0.16721110664881192,0.13787739460284892,0.08480530106104338,0.11967593362698188,0.16721110664881192,0.43639726856580147,1.261350154876709,1.0500733852386475,0.8682499527931213,1.0407617092132568,1.2493916749954224,0.523598313331604,1.0813144445419312,2.71745228767395,0.4230508804321289,0.130834698677063,2.353325843811035,0.29575005173683167
64,0.0001,0.4418532042764127,0.7269385385247071,0.4545518444134639,0.6910854411800741,0.8114642593440976,41.32907700538635,0.17489053180906922,0.13210979040013626,0.09562215709593147,0.11903564282692969,0.17489053180906922,0.38237548049073666,0.17309741561229414,0.14368542432785034,0.08182854560705331,0.11780968583547152,0.17309741561229414,0.3835897404413957,1.2748637199401855,1.0606733560562134,0.8803649544715881,1.0533579587936401,1.2563278675079346,0.5290070176124573,1.0924147367477417,2.7257871627807617,0.42768093943595886,0.13210763037204742,2.375788927078247,0.29909083247184753
65,0.0001,0.43739872332662344,0.7189835650318651,0.46083470491262585,0.692756039550585,0.8128384739219598,169.06977200508118,0.1751080978428945,0.1368576750974171,0.0955944104352966,0.11911492678336799,0.1751080978428945,0.37986713042482734,0.17431138937289897,0.15688681602478027,0.10652455687522888,0.12108795791864395,0.17431138937289897,0.4637849197937892,1.2879658937454224,1.0668232440948486,0.8910698890686035,1.0734467506408691,1.2666126489639282,0.5357720255851746,1.0977864265441895,2.754002809524536,0.4311526119709015,0.11590989679098129,2.4038612842559814,0.303168922662735
66,0.0001,0.4218186978250742,0.7246041977025077,0.45303201858813946,0.7004203696670604,0.8183633511880153,145.088152885437,0.17339913954492658,0.13128068210789934,0.09576245304197073,0.12226975953672081,0.17339913954492658,0.39562626904807985,0.17141419465725238,0.1576548117857713,0.09957189135826551,0.1236502475463427,0.17141419465725238,0.4685743389221338,1.2982661724090576,1.0778489112854004,0.9006974101066589,1.0829745531082153,1.2774025201797485,0.5425122380256653,1.1125556230545044,2.7808070182800293,0.43402552604675293,0.12773506343364716,2.4078588485717773,0.30607131123542786
67,0.0001,0.4489131700247526,0.6988207588709746,0.46665858122018666,0.6711714124744803,0.796608268084245,182.70209860801697,0.17615883890539408,0.14252561720786616,0.09359569323714823,0.11969699303153902,0.17615883890539408,0.381498308153823,0.1690452529833867,0.1575950292440561,0.09264491785031098,0.12055401928149737,0.1690452529833867,0.4038843131982363,1.3145183324813843,1.093026876449585,0.9118677377700806,1.100893497467041,1.3011198043823242,0.5484302639961243,1.1045691967010498,2.8218884468078613,0.4396955668926239,0.14757396280765533,2.4458062648773193,0.31029123067855835
68,0.0001,0.43084441567771137,0.7050583718747813,0.5338615087362436,0.6085246750042518,0.7466507940598307,142.3993740081787,0.1729401785414666,0.13714887999230996,0.09527851548045874,0.12266080779954791,0.1729401785414666,0.38266460807062685,0.19405285165860103,0.2268626208488758,0.13246286522883635,0.12049762744169969,0.19405285165860103,0.44218902381566855,1.324326515197754,1.1034084558486938,0.9231376647949219,1.127086877822876,1.320056676864624,0.5532726049423218,1.0985366106033325,2.852536201477051,0.44289639592170715,0.17421238124370575,2.4463865756988525,0.31134456396102905
69,0.0001,0.4261310517322272,0.7140350760652906,0.9557452128483699,0.3380668216430818,0.4947759376633167,136.39727997779846,0.1738476996542886,0.14026380411814898,0.0963245463790372,0.1223359756404534,0.1738476996542886,0.3704982486087829,0.2202867980186756,0.44342371133657604,0.10614357705299671,0.10775961291331511,0.2202867980186756,0.27234075057965057,1.3376855850219727,1.111270785331726,0.9341562390327454,1.1452208757400513,1.3291471004486084,0.556699812412262,1.0906902551651,2.8682878017425537,0.4463193714618683,0.17118625342845917,2.450984239578247,0.3137229084968567
70,0.0001,0.4270492158830166,0.7163626371543671,0.4423156545712398,0.6871496544171827,0.8103881044586317,126.84954118728638,0.17853481019847095,0.13663119141710922,0.1004493044456467,0.11859252292197198,0.17853481019847095,0.3737961952574551,0.18624717776591962,0.13131046065917382,0.06578842842808137,0.11845254898071289,0.18624717776591962,0.2909130719991831,1.3460123538970947,1.1168618202209473,0.9433198571205139,1.1655758619308472,1.348076581954956,0.5629108548164368,1.0910502672195435,2.8804666996002197,0.4506300091743469,0.19495022296905518,2.47170090675354,0.31938299536705017
71,0.0001,0.42534390510991216,0.7077763756377085,0.4270530966612009,0.7309875638629635,0.8418636166478968,42.834028482437134,0.17232446663547307,0.14381081494502723,0.09678092948161066,0.11992091685533524,0.17232446663547307,0.3848834147211164,0.1696316320162553,0.13917205746357258,0.09411803094240336,0.12126478197482916,0.1696316320162553,0.41828716231080204,1.356736660003662,1.1296292543411255,0.952747106552124,1.1712772846221924,1.3554551601409912,0.5663018226623535,1.122562289237976,2.891657829284668,0.45314842462539673,0.18641027808189392,2.486359119415283,0.3207034468650818
72,0.0001,0.43058544024825096,0.6969684413185744,0.4720087840006902,0.6620065693779604,0.7917295327649269,92.64960432052612,0.17564992781262845,0.14741989964386448,0.09598502959124744,0.1215726415393874,0.17564992781262845,0.3933261304628104,0.17672914404135484,0.15822118222713472,0.08031278321376213,0.1256700018277535,0.17672914404135484,0.40287657918838354,1.3667523860931396,1.1357463598251343,0.9633288979530334,1.1822144985198975,1.3733367919921875,0.5738678574562073,1.1312886476516724,2.9003851413726807,0.45667287707328796,0.18301436305046082,2.5212368965148926,0.32277795672416687
73,0.0001,0.40254629915580153,0.7351077266742833,0.7091808520830595,0.46187998874368663,0.6223926960725785,134.11275935173035,0.17224399384576827,0.13549242611043155,0.09349825687240809,0.12360715179238468,0.17224399384576827,0.3809365490451455,0.28186540420238787,0.3175368052262526,0.20101388967954195,0.12915413150420554,0.28186540420238787,0.3385712635058623,1.3714039325714111,1.145169734954834,0.9722787737846375,1.1911284923553467,1.3906060457229614,0.5775109529495239,1.1345378160476685,2.931443929672241,0.4600982964038849,0.1712561994791031,2.5392374992370605,0.3251912295818329
74,0.0001,0.38895039865747094,0.7355743616252014,0.4654766376201923,0.6559145000124158,0.7844496759897184,41.94309043884277,0.1726417390163988,0.130073664651718,0.09750877670012414,0.12298006284981966,0.1726417390163988,0.39381995843723416,0.17178641741092388,0.17118745904702407,0.10631471333595423,0.12031142310454296,0.17178641741092388,0.4338641332892271,1.3770089149475098,1.1463886499404907,0.9813061356544495,1.1970257759094238,1.3935071229934692,0.583213210105896,1.1221970319747925,2.9404091835021973,0.4615830183029175,0.16523808240890503,2.5286386013031006,0.33062174916267395
75,0.0001,0.40927051682956517,0.7131605200201302,0.44956058997374315,0.6826691611925365,0.8073392186371997,49.05668926239014,0.17280145245604217,0.1412636639433913,0.09657429880462587,0.12274862267076969,0.17280145245604217,0.40511698473710567,0.17903905327503497,0.1483637177027189,0.10355382917019038,0.12196590166825515,0.17903905327503497,0.43721044459022007,1.3885302543640137,1.1503419876098633,0.9907552599906921,1.21806001663208,1.4103472232818604,0.587299644947052,1.1400128602981567,2.9519221782684326,0.46492066979408264,0.16450271010398865,2.5116941928863525,0.3339763581752777
76,0.0001,0.39454113808460534,0.7214131398072428,0.4245083992297833,0.7036789700914297,0.8199605772274707,169.5678346157074,0.170727247139439,0.13776554341893643,0.09543661749921739,0.12216853583231568,0.170727247139439,0.3818989509018138,0.18235691831662104,0.15928011399049025,0.08338647645253401,0.12262557401106908,0.18235691831662104,0.3868639021538771,1.3932627439498901,1.1543940305709839,0.9986559748649597,1.2217090129852295,1.4235458374023438,0.5924180746078491,1.1413629055023193,2.9646527767181396,0.468115895986557,0.16170860826969147,2.542736291885376,0.33618083596229553
77,0.0001,0.39094622270204127,0.7261737151201378,0.4470435325915997,0.6860164535121758,0.8083473837509421,151.8603639602661,0.1724762279773131,0.1369047783082351,0.0939412018051371,0.12473282893188298,0.1724762279773131,0.3935981031972915,0.2014528934772198,0.16947024074884562,0.15281649552858792,0.12846380265859458,0.2014528934772198,0.4830171713462243,1.402084231376648,1.1568838357925415,1.0069727897644043,1.2384793758392334,1.4212669134140015,0.5967192053794861,1.1559476852416992,2.981599807739258,0.4714035093784332,0.15904070436954498,2.513563632965088,0.3382653594017029
78,0.0001,0.3891800295095891,0.7235837366447768,0.4574400736735417,0.6594470874545831,0.7856058878438602,68.72267484664917,0.1733140842989087,0.13342701259534806,0.09651703829877079,0.12518436380196363,0.1733140842989087,0.40548415400553495,0.18592014633692228,0.16428870329490075,0.06440519083004731,0.1269093158153387,0.18592014633692228,0.34278289303183557,1.4080051183700562,1.162292718887329,1.0150647163391113,1.240368366241455,1.431755542755127,0.6005228757858276,1.1367334127426147,2.9958736896514893,0.4743958115577698,0.1593089997768402,2.537675380706787,0.34050771594047546
79,0.0001,0.397077651694417,0.7169294324524443,0.4890060113026546,0.6320439427592601,0.7685914526720516,80.48360824584961,0.17233237414620817,0.1399942891439423,0.09513197571504861,0.12577605491969734,0.17233237414620817,0.38955149869434536,0.16890200880857614,0.17686942311433645,0.08753669743354504,0.12862940155542812,0.16890200880857614,0.4565217511012004,1.417539358139038,1.1683422327041626,1.0222902297973633,1.2463617324829102,1.4455713033676147,0.6047523617744446,1.1320878267288208,3.027036666870117,0.478466272354126,0.16887570917606354,2.5577824115753174,0.3435138165950775
80,0.0001,0.3811494708061218,0.725845430309716,0.4328837082936214,0.7010309614722796,0.8188903901638916,182.70401906967163,0.17073372681625187,0.13990073197055608,0.09625993517693132,0.12638994865119457,0.17073372681625187,0.3987561638932675,0.1649525298522069,0.14958301461659945,0.08786531182435843,0.12967480971263004,0.1649525298522069,0.46322639011419736,1.4234662055969238,1.1752294301986694,1.0294914245605469,1.2627222537994385,1.4522088766098022,0.6075307130813599,1.1370335817337036,3.0240046977996826,0.4799621105194092,0.15097138285636902,2.573058843612671,0.34633779525756836
81,0.0001,0.37309092842042446,0.7353224695943024,0.43215491588299093,0.694172541073295,0.8150601847124672,125.50070405006409,0.17080931004602462,0.13251625292468816,0.09790860186330974,0.12579551013186574,0.17080931004602462,0.4030522392131388,0.16715712822400608,0.16095009171045743,0.09749679542504824,0.13103337322290126,0.16715712822400608,0.47530421293698827,1.429910659790039,1.177599310874939,1.0377800464630127,1.2659209966659546,1.4543360471725464,0.6115338802337646,1.1310622692108154,3.024202585220337,0.4835839569568634,0.13429930806159973,2.5820119380950928,0.3472101092338562
82,0.0001,0.363316701259464,0.734566786436311,0.41401190757751466,0.7026240991874719,0.8216745604007986,225.40760135650635,0.16746127977967262,0.12883104709908366,0.09463780629448593,0.12741947860922664,0.16746127977967262,0.4124670505989343,0.18458003814403828,0.16345114570397598,0.07033553811220022,0.1307553259225992,0.18458003814403828,0.3716693550348282,1.433957576751709,1.1798754930496216,1.045562744140625,1.289540410041809,1.4657018184661865,0.6149272322654724,1.1376255750656128,3.030758857727051,0.48637619614601135,0.1321425884962082,2.593205213546753,0.34929025173187256
83,0.0001,0.3635003864765167,0.7440018337012186,0.4270268706174997,0.6766658653295937,0.8020870242741169,174.00470519065857,0.1747736536199227,0.12990807776805013,0.09835826291237026,0.12274596735369414,0.1747736536199227,0.39137525169644505,0.18083265148676358,0.15934891861218672,0.08354487224267079,0.11810344182527982,0.18083265148676358,0.35206653126157245,1.4369144439697266,1.1842472553253174,1.0512391328811646,1.2952522039413452,1.4662476778030396,0.6185377836227417,1.1172846555709839,3.0565688610076904,0.4896410405635834,0.13148318231105804,2.5962817668914795,0.3517919182777405
84,0.0001,0.38155266107060015,0.7209330974161926,0.43131997401897726,0.680471663884017,0.8027004829462814,110.21555042266846,0.17438982205931097,0.14214458706555888,0.09665768768172711,0.1202930809231475,0.17438982205931097,0.38957108673639596,0.16878502139678367,0.17795270589681772,0.08741826827709491,0.12100829482078553,0.16878502139678367,0.42366566073436,1.4424632787704468,1.197878360748291,1.0562721490859985,1.3051140308380127,1.4635658264160156,0.6210556030273438,1.1163700819015503,3.05838942527771,0.49108967185020447,0.13612715899944305,2.6219019889831543,0.35667306184768677
85,0.0001,0.3433439889922738,0.7541450424412873,0.38738958102006177,0.712381903670057,0.827709579140977,149.2106318473816,0.16740927891805768,0.12440265354234725,0.09630413784179837,0.12025808496400714,0.16740927891805768,0.3991748208645731,0.1664470741382012,0.1480235904455185,0.1030123247550084,0.1272745402959677,0.1664470741382012,0.4844361582627663,1.4489938020706177,1.1995083093643188,1.0642480850219727,1.2986605167388916,1.4676283597946167,0.6237248778343201,1.125890851020813,3.0911741256713867,0.493746817111969,0.1436043530702591,2.639270067214966,0.3598449230194092
86,0.0001,0.3535885738674551,0.7519011409459538,0.38554347386726967,0.7175653934172399,0.8312058626515975,44.39639663696289,0.1690934021025896,0.13326007965952158,0.0953005151823163,0.12275715707801282,0.1690934021025896,0.3922309528570622,0.16465368545972384,0.1472111573586097,0.09355208048453698,0.1270300316122862,0.16465368545972384,0.4522788407710882,1.455525517463684,1.2021877765655518,1.071684718132019,1.2997643947601318,1.4798297882080078,0.6279716491699219,1.1437605619430542,3.0852785110473633,0.4970371723175049,0.13713686168193817,2.633145809173584,0.36104345321655273
87,0.0001,0.3427643405739218,0.7602937531656967,0.4268968783892118,0.6938355779435394,0.815402639571799,50.35519313812256,0.16632185108028352,0.1293522312771529,0.10040266334544867,0.12873154587578028,0.16632185108028352,0.43673024722374976,0.17306805207179143,0.1663762262234321,0.08536589627082532,0.13067592141719964,0.17306805207179143,0.45018642831307193,1.4592615365982056,1.199756383895874,1.077953815460205,1.2945287227630615,1.4761073589324951,0.6310116648674011,1.122453212738037,3.0708513259887695,0.49889785051345825,0.12630708515644073,2.6258440017700195,0.3633461892604828
88,0.0001,0.3357013736385852,0.7605545892509677,0.8414530222232525,0.4218005114021417,0.5784305463329928,160.38872456550598,0.16750939248595387,0.12226895394269377,0.09418088081292808,0.12693845469038934,0.16750939248595387,0.4191742658149451,0.250796561057751,0.49164385566344626,0.1921325351183231,0.1254685871876203,0.250796561057751,0.40044735784714036,1.4634648561477661,1.1987634897232056,1.0850603580474854,1.30940842628479,1.487837553024292,0.6322826743125916,1.1222662925720215,3.0819244384765625,0.5011419653892517,0.1320815086364746,2.6341142654418945,0.3651915490627289
89,0.0001,0.34504677751101553,0.7550253924148067,0.42912822503309983,0.6706741060061807,0.7981188460855593,172.39925503730774,0.16489926166832447,0.1319466438726522,0.09228529396932572,0.1269900023471564,0.16489926166832447,0.42302522668614984,0.17128530740737916,0.17399785197698153,0.07960879390056316,0.1318722000488868,0.17128530740737916,0.44013566351853883,1.4675705432891846,1.2011938095092773,1.0904524326324463,1.3058618307113647,1.4891507625579834,0.635782778263092,1.115775465965271,3.0836541652679443,0.5056414008140564,0.12617304921150208,2.6336543560028076,0.36730191111564636
90,0.0001,0.35400551254861057,0.7444568349678278,0.41911165164067193,0.7004101658775143,0.8187730981972008,151.00588011741638,0.1741797496797517,0.13203384832013398,0.09998000774066895,0.12604558770544827,0.1741797496797517,0.40336907049641013,0.1733294271505796,0.16333361313893244,0.09236147564191084,0.12831624952646403,0.1733294271505796,0.4352153317286418,1.4734129905700684,1.1972401142120361,1.0970637798309326,1.318471908569336,1.48333740234375,0.639739453792572,1.1437729597091675,3.0795247554779053,0.5094518661499023,0.11730334907770157,2.6473772525787354,0.3691971004009247
91,0.0001,0.34239496174268425,0.7443061091232053,0.40269499742067777,0.6897334296108801,0.8103958399501958,173.50406193733215,0.1661340498831123,0.12756028142757714,0.09313321916852146,0.1277039225678891,0.1661340498831123,0.41165051329880953,0.16860836423360384,0.15913150493915265,0.08234131725934836,0.12634192281044446,0.16860836423360384,0.4388916815702732,1.4819544553756714,1.2025988101959229,1.103573203086853,1.3385324478149414,1.4996896982192993,0.6431183815002441,1.1734942197799683,3.087385892868042,0.5133056640625,0.11585081368684769,2.6794118881225586,0.37140950560569763
92,0.0001,0.33177046361379325,0.759896789740365,1.2807056206923264,0.30368456430923946,0.4552771499636009,215.50322222709656,0.16693857545033097,0.1242144035641104,0.09368150040972978,0.12248177523724735,0.16693857545033097,0.3985229302197695,0.3294310762332036,0.844698533645043,0.21701682072419387,0.13117063435224385,0.3294310762332036,0.26887216430443983,1.4861971139907837,1.2085040807724,1.1097053289413452,1.3375518321990967,1.507177710533142,0.6459590792655945,1.180346131324768,3.1355676651000977,0.5153149366378784,0.11591735482215881,2.7057888507843018,0.37146544456481934
93,0.0001,0.3453248932491988,0.7571924603350281,0.3824631764338567,0.7307274733754012,0.8402325344488067,149.497389793396,0.17043078178539872,0.13451050856383517,0.0949232040438801,0.12403909978456795,0.17043078178539872,0.40727341803722084,0.16154029415203974,0.14922667604226333,0.08961392549368051,0.12947033104988245,0.16154029415203974,0.4813347314412777,1.488101840019226,1.2037440538406372,1.1149380207061768,1.3402018547058105,1.4969666004180908,0.6503307223320007,1.1614129543304443,3.151071071624756,0.516839325428009,0.11182443052530289,2.708042860031128,0.37234970927238464
94,0.0001,0.3225703800562769,0.7646478786507513,0.5637956857681274,0.5600414633792088,0.7044250742373496,204.10441637039185,0.16158947569783777,0.123153216089122,0.09694994403980672,0.1286646273219958,0.16158947569783777,0.4413545993156731,0.22768230713330784,0.2843338416172908,0.1754159308396853,0.12530379169262373,0.22768230713330784,0.4535204465572651,1.4954612255096436,1.2067962884902954,1.1187914609909058,1.3398723602294922,1.4949051141738892,0.652523398399353,1.1614817380905151,3.147352695465088,0.517971932888031,0.11172741651535034,2.6965291500091553,0.37277644872665405
95,0.0001,0.32578393490985036,0.7666594247568961,0.4222558571742131,0.6803837301094011,0.8028418048099791,113.2869598865509,0.16818328737281263,0.1248323887703009,0.09590519836638123,0.1263427980011329,0.16818328737281263,0.41801759239751846,0.17015357521864083,0.19158392823659456,0.12419394827806032,0.12222274152132181,0.17015357521864083,0.5123084458021018,1.4998494386672974,1.2058008909225464,1.125299096107483,1.3536255359649658,1.4974275827407837,0.6556755304336548,1.1701205968856812,3.1409833431243896,0.519402801990509,0.10352851450443268,2.6964221000671387,0.374031662940979
96,0.0001,0.3143914395477623,0.7705416851822637,0.4465816937960111,0.6681127639335266,0.79413872773936,115.00544452667236,0.1628521487582475,0.12278363551013172,0.09525942045729607,0.12736233428586274,0.1628521487582475,0.4386020109523088,0.16661799687605638,0.19507334965925952,0.09630515048137078,0.12271131747044049,0.16661799687605638,0.46244951876310203,1.5008729696273804,1.2061172723770142,1.1297823190689087,1.3552730083465576,1.4982513189315796,0.6580641865730286,1.1744686365127563,3.1516950130462646,0.5204023718833923,0.12205662578344345,2.692690849304199,0.37514442205429077
97,0.0001,0.31638186634518206,0.7669122092804559,0.3804533527447627,0.7229353824859209,0.8353113837621623,164.3837592601776,0.16777066665235907,0.12554393662139773,0.09433053073007613,0.12581809656694531,0.16777066665235907,0.4198660913389176,0.17304877317868747,0.1426834273796815,0.06067698070636163,0.13219161870387885,0.17304877317868747,0.38605929309358966,1.5071690082550049,1.211483359336853,1.1361937522888184,1.365578055381775,1.5022855997085571,0.6600406169891357,1.1871768236160278,3.174473762512207,0.5235669612884521,0.12157391756772995,2.6942203044891357,0.3774366080760956
98,0.0001,0.3277297499589622,0.7610914854516041,0.40543586840996376,0.7078402241623154,0.8252662492085179,179.2293939590454,0.16669239138718694,0.1325231267255731,0.09572675242088735,0.12922430178150535,0.16669239138718694,0.4296422464540228,0.16439121548946087,0.16184911429882048,0.07805027210941681,0.12870102169422004,0.16439121548946087,0.4457740268455102,1.511817455291748,1.2090411186218262,1.140214204788208,1.3642191886901855,1.5017629861831665,0.6629559993743896,1.1735925674438477,3.176701784133911,0.5252920389175415,0.11559463292360306,2.713585615158081,0.3787153363227844
99,0.0001,0.3227253835648298,0.7669126244574406,1.0621781532581036,0.3480638231001619,0.5073713120760583,161.07873010635376,0.1651625819504261,0.12700862815836444,0.09463750699069351,0.12860822735819966,0.1651625819504261,0.44030071003362536,0.2481801152229309,0.6628788544581486,0.1701473403435487,0.1249456199315878,0.2481801152229309,0.3843030913518025,1.5140554904937744,1.210107445716858,1.1441651582717896,1.369139552116394,1.510034203529358,0.6656296253204346,1.1690605878829956,3.1820287704467773,0.5265058279037476,0.11657421290874481,2.7302820682525635,0.38181471824645996
100,0.0001,0.32367571210488677,0.7652490408087413,0.3765582222204942,0.7366731554226116,0.8448906853392977,124.28561472892761,0.1660491613438353,0.12652926018927246,0.09463925962336361,0.12705439561977983,0.1660491613438353,0.4235573906917125,0.17524175093724179,0.14501478442778953,0.07370628554087419,0.12680760805423444,0.17524175093724179,0.41889042418736677,1.5158321857452393,1.2092247009277344,1.1479902267456055,1.3825390338897705,1.5152918100357056,0.6684141755104065,1.1733787059783936,3.189753770828247,0.5290318131446838,0.11469248682260513,2.7200658321380615,0.3836959898471832
101,0.0001,0.33154598413966596,0.7602998454330976,0.458420690206381,0.6664180889721306,0.7949881348055093,121.93688869476318,0.16781545104458928,0.13331798842409626,0.09390828781761229,0.12580764130689204,0.16781545104458928,0.41044879821129143,0.17810752483514639,0.20352072715759278,0.12192186369345738,0.129752284517655,0.17810752483514639,0.497454149218706,1.518731713294983,1.2066943645477295,1.1533981561660767,1.3797659873962402,1.5097832679748535,0.6713088750839233,1.17061448097229,3.1885509490966797,0.5312526226043701,0.12848737835884094,2.7227485179901123,0.38493138551712036
102,0.0001,0.31806313106790185,0.7623625082694611,0.4162767877945533,0.6904425488444161,0.809580954593301,122.51496243476868,0.1653676627902314,0.12766012595966458,0.09586117137223482,0.1263869587564841,0.1653676627902314,0.42793836491182446,0.17686489316133353,0.16946932352506197,0.12272083896857042,0.12501021726773334,0.17686489316133353,0.49537160442425654,1.5232353210449219,1.21061110496521,1.1581028699874878,1.3906421661376953,1.5207254886627197,0.6727200746536255,1.178226351737976,3.1948952674865723,0.5329992175102234,0.1272469311952591,2.733396530151367,0.3881688416004181
103,0.0001,0.33465379173867404,0.7489991471245171,0.43602780745579645,0.6936385860286464,0.8133842285856023,42.26384449005127,0.1681042944546789,0.13131754018831998,0.09110931877512485,0.12569791008718312,0.1681042944546789,0.4201114426832646,0.20514766252957858,0.18328174742368553,0.1548234687401698,0.12334516334992189,0.20514766252957858,0.47157051930060756,1.5281306505203247,1.2188329696655273,1.1621700525283813,1.4101650714874268,1.5322047472000122,0.6751444935798645,1.170143723487854,3.214071273803711,0.5342283248901367,0.13023880124092102,2.7524101734161377,0.3886617422103882
104,0.0001,0.3121721853967756,0.7727632035145648,1.408663694675152,0.269423029410275,0.4186128542395409,68.44349598884583,0.16418145480565727,0.12598250061273575,0.09482366451993585,0.12678532407153398,0.16418145480565727,0.43688963004387915,0.31288941089923566,0.9572776757753813,0.2097226722882344,0.12882605905716235,0.31288941089923566,0.29610934738929456,1.530887246131897,1.2149114608764648,1.1660009622573853,1.4079564809799194,1.5230473279953003,0.6789339780807495,1.1635704040527344,3.2139718532562256,0.535933792591095,0.1195966973900795,2.7297487258911133,0.3888015151023865
105,0.0001,0.3232622337527573,0.7656149864817604,0.39315847708628726,0.7168556031591672,0.8302283744020641,161.04567289352417,0.16465026244986802,0.1298621849855408,0.09291195857804269,0.12670009187422693,0.16465026244986802,0.42809406924061477,0.16703639168005724,0.1640971376345708,0.08445978840956321,0.12336145845743327,0.16703639168005724,0.42679304148142155,1.5300102233886719,1.2180439233779907,1.1688803434371948,1.4046059846878052,1.5292009115219116,0.6813309788703918,1.1603401899337769,3.2313482761383057,0.5401327610015869,0.11668824404478073,2.7542636394500732,0.39145225286483765
106,0.0001,0.3199808900244534,0.7739454029819908,0.4250686287879944,0.6973527558255912,0.8163378363353079,188.7064778804779,0.1657974972622469,0.12990283797262236,0.09401293017435819,0.12813447997905314,0.1657974972622469,0.4281867970712483,0.1821096929220053,0.1526906146452977,0.061412640718313365,0.13112915307283401,0.1821096929220053,0.37071179291949824,1.5346388816833496,1.2201498746871948,1.1735224723815918,1.4046376943588257,1.528459906578064,0.6830432415008545,1.1437492370605469,3.2164666652679443,0.5418941378593445,0.12121517211198807,2.7571284770965576,0.392121821641922
107,0.0001,0.29669321281835437,0.777877907833135,0.409436494570512,0.7008029718271576,0.8194404100392964,161.21382474899292,0.16143348801415414,0.11856725276447833,0.09448494634125382,0.12748536991421133,0.16143348801415414,0.44627995463088155,0.16205022885249212,0.17908762280757612,0.09370028766301962,0.1296031131194188,0.16205022885249212,0.4726228450353329,1.532156229019165,1.2217810153961182,1.1779230833053589,1.385892629623413,1.5306875705718994,0.6850521564483643,1.1460033655166626,3.2268831729888916,0.5448310375213623,0.12003561854362488,2.7621195316314697,0.39357736706733704
108,0.0001,0.30162909091450274,0.7757464882317954,0.4001718887915978,0.7199837097523003,0.8325602890900347,46.2261803150177,0.1641352194128558,0.12224919360596687,0.09811260702554137,0.12857550126500428,0.1641352194128558,0.4355358202010393,0.17260279013560367,0.17606358849085293,0.11885327031979194,0.1251500626022999,0.17260279013560367,0.5163663410223447,1.5359530448913574,1.2218742370605469,1.1827702522277832,1.3975989818572998,1.5275089740753174,0.6871159672737122,1.1634331941604614,3.2035634517669678,0.5472021102905273,0.12007612735033035,2.773554801940918,0.3955571949481964
109,0.0001,0.30974398041144013,0.772074842735911,0.3688741344671983,0.7278754180253706,0.8385680863531179,109.61645412445068,0.16599501972086728,0.13073761732084677,0.09574032214004546,0.12861276662442833,0.16599501972086728,0.44201890868134797,0.1613377795769618,0.15428202610749464,0.07516171714434257,0.12973756045103074,0.1613377795769618,0.4356512623337599,1.5393483638763428,1.2238481044769287,1.1871695518493652,1.4069218635559082,1.5293339490890503,0.6907950639724731,1.1645264625549316,3.2028722763061523,0.5498162508010864,0.1180497407913208,2.77622127532959,0.39810845255851746
110,0.0001,0.29479233198799193,0.7837663497396073,0.37361957384989813,0.7320098977447727,0.8413689710840062,123.60061383247375,0.16434240841772407,0.1197480545961298,0.09425734623800963,0.12794079328887165,0.16434240841772407,0.4477716868277639,0.16474923904125507,0.1449564638046118,0.07379976614163472,0.1287756867133654,0.16474923904125507,0.4180752586859923,1.5409760475158691,1.2200193405151367,1.1907386779785156,1.4102760553359985,1.524017095565796,0.6934770345687866,1.181203007698059,3.2157859802246094,0.5515240430831909,0.11313527822494507,2.771517276763916,0.3996775448322296
111,0.0001,0.2959164131898433,0.787987214680482,0.36562745571136473,0.7426818174875953,0.8505141715483135,47.433462619781494,0.16162138700019568,0.12024172436213121,0.09542713721748441,0.129211199702695,0.16162138700019568,0.4571882237214595,0.15875867284261264,0.14420885810485254,0.07833125132780809,0.129404339996668,0.15875867284261264,0.46885333955287933,1.543661117553711,1.2205815315246582,1.1943755149841309,1.41257643699646,1.5223647356033325,0.6958639025688171,1.1736606359481812,3.2032198905944824,0.5520573854446411,0.10594162344932556,2.770906686782837,0.40018215775489807
112,0.0001,0.2902247093152255,0.7900793862496092,0.37923008111807016,0.7415141895024402,0.8485219399539721,43.026405334472656,0.16199913097079843,0.11900520091876388,0.09270167746581137,0.12996238318737596,0.16199913097079843,0.4536048590671271,0.16239523474986736,0.1516455189539836,0.10064932039150824,0.12537342195327467,0.16239523474986736,0.5025074649315614,1.545988917350769,1.219408392906189,1.1980416774749756,1.4239604473114014,1.5242334604263306,0.6991115212440491,1.1710646152496338,3.194633722305298,0.554570198059082,0.11193712800741196,2.769371271133423,0.40239977836608887
113,0.0001,0.31442547123879194,0.7661398942101225,0.39560360174912673,0.7328568531278612,0.8430585273819116,42.37780737876892,0.16516308079008013,0.128677228174638,0.09250499098561704,0.12709889537654817,0.16516308079008013,0.4316693025175482,0.17262650407277622,0.1565507471561432,0.1174419111930407,0.1251551750760812,0.17262650407277622,0.5162447594679319,1.5479530096054077,1.2249888181686401,1.1998109817504883,1.427016019821167,1.5261040925979614,0.700843095779419,1.1562786102294922,3.209923267364502,0.557033360004425,0.13297408819198608,2.7608585357666016,0.40475794672966003
114,0.0001,0.28694923175498843,0.7889456862254349,0.39527531128663285,0.7171845105733387,0.8312209575541465,41.70504689216614,0.1644057654775679,0.11938818212365732,0.0920809555100277,0.12867123913019896,0.1644057654775679,0.4351021458860487,0.1633380174636841,0.17217849263778098,0.09654525999839489,0.12671822217794565,0.1633380174636841,0.48952830938192515,1.5502647161483765,1.224650502204895,1.2031810283660889,1.4180588722229004,1.5161892175674438,0.7027317881584167,1.1396454572677612,3.214531183242798,0.5580417513847351,0.12584035098552704,2.7671401500701904,0.40576988458633423
115,0.0001,0.29557948862202466,0.7808793851067807,0.3662466241763188,0.7156829822773515,0.829908572394237,41.087831258773804,0.16447030659765005,0.12209606781834736,0.09321296529378742,0.13053607486654073,0.16447030659765005,0.4385713043157011,0.1655888869212224,0.15327343757335957,0.07234398533518498,0.134436431985635,0.1655888869212224,0.4382237963951551,1.551846981048584,1.2256150245666504,1.2059497833251953,1.4187390804290771,1.5184398889541626,0.7040058374404907,1.1460427045822144,3.2195944786071777,0.5599921941757202,0.13291503489017487,2.775786876678467,0.4057360589504242
116,0.0001,0.28735013329423964,0.7928207416022277,0.37821250420350294,0.7309438124272143,0.8395523337121064,42.65662479400635,0.16175800655037165,0.11908469721674919,0.09451498079579324,0.13353272317908704,0.16175800655037165,0.46357196010649204,0.16023935492222124,0.15233358488633084,0.08142435252666473,0.13241557272580953,0.16023935492222124,0.4830422614629452,1.5506781339645386,1.2234394550323486,1.2090731859207153,1.4073976278305054,1.5148519277572632,0.7067163586616516,1.1660399436950684,3.212923049926758,0.5628401041030884,0.11804031580686569,2.7597901821136475,0.4066540002822876
117,0.0001,0.28347580577246845,0.7978982489029769,0.3886435077740596,0.6970509752643509,0.8175144084374225,44.474151372909546,0.16186122002545744,0.11791763250948861,0.0927907528821379,0.13121935399249196,0.16186122002545744,0.4532985358964652,0.1735446856572078,0.15518954327473275,0.059505445682085475,0.13061027297606834,0.1735446856572078,0.37676736865765775,1.553470253944397,1.223016619682312,1.2120732069015503,1.4088134765625,1.5147396326065063,0.7085765600204468,1.1497396230697632,3.235553741455078,0.563201904296875,0.11800975352525711,2.776416540145874,0.4067502021789551
118,0.0001,0.2878872836008668,0.7899069270114157,0.3968124004510733,0.6895250621400719,0.809394944843647,42.54750418663025,0.1628391738049686,0.12113943457370624,0.09086411981843412,0.13001775310840458,0.1628391738049686,0.42046440090052783,0.16149479196621822,0.18320239507235014,0.09315296560525894,0.13132788573320095,0.16149479196621822,0.48623377887102276,1.5580636262893677,1.2261093854904175,1.2171305418014526,1.417954921722412,1.5166373252868652,0.7101307511329651,1.1699029207229614,3.2496395111083984,0.5656769871711731,0.11331978440284729,2.7815659046173096,0.40776270627975464
119,0.0001,0.29225521837361157,0.7843674407940955,0.4745481197650616,0.620026127561537,0.7583894815967276,42.10318183898926,0.15883926418609917,0.12294511595973745,0.09381082456093282,0.13099336030427366,0.15883926418609917,0.4581886038649827,0.17097773918738732,0.2070175031056771,0.10260979693669539,0.12215119714920337,0.17097773918738732,0.48613045467780186,1.5608997344970703,1.2272734642028809,1.2192041873931885,1.4211801290512085,1.513261079788208,0.7110635638237,1.1561180353164673,3.2450220584869385,0.5665415525436401,0.11637543141841888,2.779679298400879,0.4089396595954895
120,0.0001,0.27491867705248296,0.795489754014824,0.4135494149648226,0.693471949150258,0.8128638428135428,42.49205446243286,0.15844913746695966,0.11187282460741699,0.09300566581077874,0.13288781663868576,0.15844913746695966,0.46848075021989644,0.1700794123686277,0.18651059361604544,0.1136607560973901,0.12892398444505837,0.1700794123686277,0.5225396098998877,1.564450740814209,1.2312711477279663,1.2225373983383179,1.4219056367874146,1.5172911882400513,0.7137242555618286,1.1788848638534546,3.245861530303955,0.5677123665809631,0.10857982188463211,2.7787699699401855,0.4109295904636383
121,0.0001,0.26491168211214244,0.8102954779647322,0.43928535718184253,0.6563411208791478,0.7868717072980067,43.71512579917908,0.15890776016749442,0.10988956992514431,0.0912738834740594,0.1307395175099373,0.15890776016749442,0.4524585900362581,0.1786535001718081,0.19994018903145425,0.131060886153808,0.1261833893565031,0.1786535001718081,0.5231393208870521,1.566130518913269,1.2306920289993286,1.2251640558242798,1.4211125373840332,1.5191352367401123,0.7148922085762024,1.1798840761184692,3.2423975467681885,0.5693280100822449,0.10501249134540558,2.77134108543396,0.41220998764038086
122,0.0001,0.2562047513201833,0.8170482873946059,0.46463701266508833,0.6436281617590711,0.77106777967993,44.32813572883606,0.15505016525276005,0.10913582786452025,0.09302263520658016,0.13148528093006462,0.15505016525276005,0.4690893180668354,0.18384412435384898,0.22564144134521485,0.1335912566918593,0.12538857081761726,0.18384412435384898,0.5177664903494028,1.566282868385315,1.2308069467544556,1.2278532981872559,1.4199801683425903,1.5179052352905273,0.716966986656189,1.1655113697052002,3.233968734741211,0.5699175596237183,0.10705062001943588,2.7533535957336426,0.41316649317741394
123,0.0001,0.27352895797230303,0.8035601766244881,0.4157816822712238,0.6891524189968197,0.8099097976217271,43.6225950717926,0.15783291670959443,0.11649695079540834,0.09153845882974565,0.13021010963711888,0.15783291670959443,0.465949977748096,0.16039816691325262,0.17744641326940977,0.10031302571296692,0.12696070292821296,0.16039816691325262,0.5117756900879052,1.5663541555404663,1.23554265499115,1.2309353351593018,1.4152123928070068,1.5211055278778076,0.7194588780403137,1.1886016130447388,3.2379086017608643,0.5726954936981201,0.13965027034282684,2.751680612564087,0.4140995442867279
124,0.0001,0.2802498664241284,0.7882303698644879,0.43217979486172015,0.6561805557834524,0.7834748275085957,43.600998401641846,0.15970536833629012,0.11630503693595529,0.09412040386814624,0.12973279948346317,0.15970536833629012,0.4579066326841712,0.16166244332606977,0.19456137235348042,0.0833560803761849,0.1307746064204436,0.16166244332606977,0.47159491651333296,1.5677947998046875,1.2341809272766113,1.23450767993927,1.4216108322143555,1.5211158990859985,0.7225354313850403,1.1776825189590454,3.252774953842163,0.5747292041778564,0.16140231490135193,2.761498212814331,0.4149925708770752
125,0.0001,0.28359502786770463,0.7881177918674617,0.38694927371465243,0.702514534460374,0.818122005264831,41.02996325492859,0.15769328165333718,0.1229359389981255,0.09208228986244649,0.13114551827311516,0.15769328165333718,0.46071779332123697,0.16501349027340229,0.17681477253253644,0.0806592379625027,0.12535976538291344,0.16501349027340229,0.4380299352682554,1.5709527730941772,1.2341704368591309,1.2372186183929443,1.4295694828033447,1.5146756172180176,0.724737286567688,1.1745104789733887,3.253077507019043,0.5761303901672363,0.15822835266590118,2.7719058990478516,0.417947381734848
126,0.0001,0.271940725389868,0.7961669142503892,0.4000274878281813,0.7004026028582564,0.8190813226756672,42.29587125778198,0.1571201253682375,0.11788281775079668,0.09366543218493462,0.12951290723867714,0.1571201253682375,0.45971433632075787,0.1629864302965311,0.16946008801460266,0.07799374782122098,0.1311522656908402,0.1629864302965311,0.4634882622040235,1.5736969709396362,1.2374777793884277,1.2388014793395996,1.4252424240112305,1.5171889066696167,0.7256108522415161,1.1756470203399658,3.2667720317840576,0.5794282555580139,0.15936021506786346,2.777374505996704,0.4190608263015747
127,0.0001,0.2641948931850493,0.802579928660004,0.41739409336676964,0.6913583788147128,0.8114811216825237,41.849098920822144,0.15816441515926272,0.11404162889812142,0.09099846216849983,0.13021116273012012,0.15816441515926272,0.4547451548278332,0.17823974994512704,0.17881021545483516,0.061455252766609195,0.1345658670251186,0.17823974994512704,0.3957437148031134,1.5754878520965576,1.235647201538086,1.2427119016647339,1.4290722608566284,1.51625657081604,0.7263129353523254,1.1804571151733398,3.2712650299072266,0.5801365971565247,0.15278621017932892,2.7685675621032715,0.41984546184539795
128,0.0001,0.26888404320925474,0.8049280812571755,0.3740059109834524,0.7301770355794602,0.8394037617297991,43.215538024902344,0.15697581274434924,0.11306744744069874,0.09404005960095674,0.13197718805167824,0.15697581274434924,0.47833420522511005,0.1612105287038363,0.15597956639069777,0.08653140847499553,0.13526709790413197,0.1612105287038363,0.500763004559737,1.5824309587478638,1.2372065782546997,1.245226502418518,1.4395204782485962,1.5200114250183105,0.7278597950935364,1.1824368238449097,3.2600133419036865,0.5813773274421692,0.15049976110458374,2.741398334503174,0.42164382338523865
129,0.0001,0.29656962864100933,0.7783382565980463,0.4403093906549307,0.6879578134751959,0.8090773844983741,42.826404333114624,0.15970734122674912,0.13069711974821985,0.08869861054699868,0.13258049578871578,0.15970734122674912,0.4610900436528027,0.16716168591609368,0.2085484417585226,0.07135279877827717,0.13383727898964515,0.16716168591609368,0.4424387059532679,1.5832034349441528,1.2402905225753784,1.2484920024871826,1.4417341947555542,1.5224559307098389,0.729842483997345,1.2166751623153687,3.2590959072113037,0.5836674571037292,0.15015259385108948,2.7608184814453125,0.42268791794776917
130,0.0001,0.29267976712435484,0.7846796643809355,0.42871223367177524,0.6910839549943342,0.8111384119324757,42.67558264732361,0.16005777730606496,0.12569694768171757,0.09275764424819499,0.13002291589509696,0.16005777730606496,0.4468966000713408,0.1764358231654534,0.20333889241401965,0.06501433751904047,0.12714572480091682,0.1764358231654534,0.3862649453374056,1.5869572162628174,1.2460740804672241,1.2505961656570435,1.4397284984588623,1.5215953588485718,0.7316044569015503,1.2156331539154053,3.277118444442749,0.5868388414382935,0.14739297330379486,2.7885234355926514,0.4247257113456726
131,0.0001,0.27579338708892465,0.7933284970425157,0.42958770531874435,0.6940625942225324,0.8132210915818271,43.20406460762024,0.1605040895519778,0.11528184992494062,0.08905075816437602,0.12706364213954657,0.1605040895519778,0.431000605924055,0.18639723796110888,0.19901119699844946,0.13200602256334745,0.12442545466698134,0.18639723796110888,0.4939713831131275,1.5843861103057861,1.2427983283996582,1.2544231414794922,1.4460911750793457,1.5230658054351807,0.7339046597480774,1.2172415256500244,3.2830512523651123,0.5874502658843994,0.13857005536556244,2.7957258224487305,0.42541420459747314
132,0.0001,0.2771940412931144,0.8026416520943654,2.342834656055157,0.201224716964004,0.32977517221999697,41.47500038146973,0.15836150210816413,0.11658979795174673,0.09663008339703083,0.12874950119294226,0.15836150210816413,0.4607652516569942,0.44257527314699613,1.8482595590444713,0.25148456004949715,0.1272555708885193,0.44257527314699613,0.2186460128197303,1.5830399990081787,1.2392765283584595,1.2576831579208374,1.4391919374465942,1.5166897773742676,0.7347946166992188,1.2088173627853394,3.2774174213409424,0.5887237191200256,0.12779343128204346,2.767284631729126,0.42693620920181274
133,0.0001,0.27894939319230616,0.7937967612109387,0.36513109849049497,0.7271382253434622,0.837282617664653,42.540061712265015,0.1583131537772715,0.11669038934633136,0.09334576758556068,0.1317011684877798,0.1583131537772715,0.45896392897702754,0.15965299147825976,0.1589594561320085,0.08332238162939365,0.13409454352580585,0.15965299147825976,0.5038573945944126,1.5855532884597778,1.2351508140563965,1.2601932287216187,1.4546620845794678,1.514968991279602,0.7363387942314148,1.2109637260437012,3.277317762374878,0.5923683643341064,0.1313893347978592,2.7777276039123535,0.4280727207660675
134,0.0001,0.2610756561625749,0.8031038772258262,0.3852890390616197,0.716297704962897,0.8292405900772658,40.95799803733826,0.15867634408641607,0.1169211960514076,0.09423733979929239,0.13097451464273036,0.15867634408641607,0.4687038466800004,0.15803350943785446,0.15875501265892616,0.08844482531914344,0.1322600671878228,0.15803350943785446,0.5176761546960243,1.5872340202331543,1.2336112260818481,1.2623728513717651,1.4522643089294434,1.5110853910446167,0.7383335828781128,1.2035809755325317,3.2692058086395264,0.5932899713516235,0.1280275136232376,2.7735471725463867,0.42772001028060913
135,0.0001,0.2611011459957808,0.8053539997321013,0.4079746897404011,0.7288758503549477,0.8391063848564976,41.94283628463745,0.15874997398350388,0.11060391424689442,0.09219032269902527,0.1316884714178741,0.15874997398350388,0.465392820071429,0.1811304339995751,0.18567596903214087,0.13527748126250047,0.1277388462653527,0.1811304339995751,0.5108913141947526,1.5895510911941528,1.234173059463501,1.2654763460159302,1.4559969902038574,1.5147994756698608,0.7414245009422302,1.2050104141235352,3.2745938301086426,0.5946653485298157,0.12384367734193802,2.766930341720581,0.428738534450531
136,0.0001,0.26660731015726924,0.8025716266689035,0.3979809339229877,0.7239951324231971,0.8346028099387319,41.41556406021118,0.1567571007180959,0.1146684346604161,0.09209923236630857,0.13171313214115798,0.1567571007180959,0.4682138527277857,0.17196602913049552,0.17644344109755297,0.12153479090103736,0.12891595994050686,0.17196602913049552,0.5208503039983603,1.5903565883636475,1.2350367307662964,1.2682868242263794,1.4558508396148682,1.5179332494735718,0.7426608800888062,1.2008695602416992,3.268494129180908,0.5967742204666138,0.12149755656719208,2.7759618759155273,0.43076154589653015
137,0.0001,0.25291339540854096,0.8102080676433983,0.4095855749570406,0.7137304445788679,0.827679006736732,43.92556810379028,0.15619305614382029,0.11017488548532128,0.09110395098105073,0.13096362305805087,0.15619305614382029,0.46561539405956864,0.16251818950359637,0.19198730129462022,0.07221181576068585,0.13381235794379162,0.16251818950359637,0.4730334758758545,1.590569019317627,1.2337478399276733,1.270904541015625,1.4630842208862305,1.5200482606887817,0.7444129586219788,1.209210991859436,3.2676851749420166,0.5988582372665405,0.1227734237909317,2.7700564861297607,0.43154409527778625
138,0.0001,0.24878415116108954,0.8207028207757375,0.36990259977487416,0.7245832002240045,0.8354768378576526,41.32575488090515,0.15563521161675453,0.10666170803597197,0.09132506558671594,0.13061450084205717,0.15563521161675453,0.4719707081094384,0.1544314416555258,0.15465093805239752,0.07400348943013411,0.1357923198204774,0.1544314416555258,0.5112296578975825,1.591799259185791,1.2353390455245972,1.2745047807693481,1.4578913450241089,1.5191586017608643,0.7462345957756042,1.213801622390747,3.2696712017059326,0.5995767116546631,0.12389323115348816,2.7623839378356934,0.43203723430633545
139,0.0001,0.2519623578991741,0.8185244851041655,0.37343294345415556,0.7265891159010015,0.8369084592398505,41.1448540687561,0.1550316927023232,0.11093109718058258,0.09060263866558671,0.13068380812183022,0.1550316927023232,0.4770034309476614,0.15738720297813416,0.17432400171573345,0.09987781483393449,0.13267509536101268,0.15738720297813416,0.5298855433097253,1.5915340185165405,1.2379426956176758,1.2773618698120117,1.4540393352508545,1.5185465812683105,0.7472149729728699,1.2160727977752686,3.263658046722412,0.6015720367431641,0.11477646231651306,2.7630927562713623,0.4329565763473511
140,0.0001,0.2580656395293772,0.8068979181649303,0.39703696232575636,0.7215608181036739,0.8350306961140511,42.10860085487366,0.15765592164825648,0.11426283395849168,0.09347821434494108,0.12974133039824665,0.15765592164825648,0.4654938750900328,0.1591012940956996,0.1828734801365779,0.08184753220814925,0.1321641070338396,0.1591012940956996,0.5071707792007006,1.5920259952545166,1.24104905128479,1.2802454233169556,1.4576959609985352,1.5316791534423828,0.7482714653015137,1.2151111364364624,3.2735466957092285,0.6033725142478943,0.10947522521018982,2.7705912590026855,0.4335390329360962
141,0.0001,0.28181781410239637,0.7971895942516221,0.4845374318269583,0.6312072496960714,0.766318691385747,43.006937980651855,0.15693416190333664,0.12401423329720274,0.0905505515402183,0.12887179933022708,0.15693416190333664,0.44996842183172703,0.18373942696131193,0.21837437794758724,0.12171317957914793,0.12212398384626096,0.18373942696131193,0.47557953022993527,1.5952149629592896,1.2426879405975342,1.2822555303573608,1.4662350416183472,1.5373990535736084,0.7499108910560608,1.213972568511963,3.286947011947632,0.6068012118339539,0.1170627772808075,2.800391674041748,0.43613293766975403
142,0.0001,0.27315970743075013,0.7916107891847936,0.4109454659315256,0.6827661032218233,0.8043733113385069,42.086262941360474,0.16115132998675108,0.11896248260745779,0.08448328566737473,0.1250005717156455,0.16115132998675108,0.41143084107898176,0.16734627026778,0.18096640018316415,0.08481139746996072,0.12181999534368515,0.16734627026778,0.43071629886443796,1.5973238945007324,1.2443058490753174,1.285239577293396,1.463901400566101,1.5371241569519043,0.752373218536377,1.2191038131713867,3.297760248184204,0.6089441776275635,0.1259155124425888,2.833986520767212,0.43992137908935547
143,0.0001,0.26448492775671184,0.8056171214756729,0.3864984053831834,0.7176565953865095,0.8309015254306173,45.011980056762695,0.15283767809160054,0.11959098768420517,0.09227789600845426,0.12652796786278486,0.15283767809160054,0.4604810527525842,0.15753932962050804,0.16706524537159848,0.07943657476168413,0.1313344678053489,0.15753932962050804,0.4909075778264266,1.6003512144088745,1.2440766096115112,1.2874493598937988,1.4790974855422974,1.5388613939285278,0.7530208230018616,1.2436656951904297,3.293872833251953,0.6099016070365906,0.12976951897144318,2.8260273933410645,0.44130539894104004
144,0.0001,0.25509477057494223,0.8112837500556814,0.3854797464150649,0.7290039029634278,0.8386002494850244,43.51368522644043,0.15535789751447737,0.11249109619529918,0.091631647082977,0.1275644712150097,0.15535789751447737,0.4668147866614163,0.1591952259723957,0.18008317190867204,0.0974904647240272,0.12682425184891774,0.1591952259723957,0.5123309112512149,1.597944736480713,1.246065616607666,1.2891240119934082,1.4751379489898682,1.5353853702545166,0.7540450096130371,1.2476104497909546,3.284555196762085,0.6122137308120728,0.11053317785263062,2.821667432785034,0.44254910945892334
145,0.0001,0.2588837961666286,0.8153659352259315,0.4037320568011357,0.6840845835451225,0.8015931071919609,41.22757315635681,0.15428032563067973,0.11752747622085735,0.09586256847251207,0.129801646922715,0.15428032563067973,0.4803777376655489,0.16362695052073553,0.18580599037500528,0.10679150154957405,0.1291054613315142,0.16362695052073553,0.5211867039020245,1.5978933572769165,1.2460395097732544,1.2928876876831055,1.4707889556884766,1.5397446155548096,0.7557955980300903,1.2402942180633545,3.2722980976104736,0.6127719879150391,0.10879179835319519,2.8102316856384277,0.4441157579421997
146,0.0001,0.25557183590717614,0.817001266069146,0.37629749866632317,0.74292640496954,0.8486104221404417,41.45313763618469,0.15338358585722744,0.11042407259810716,0.09077188046649098,0.13091168622486293,0.15338358585722744,0.4724895488470793,0.16295476922622093,0.1700929384965163,0.10052289137473473,0.12640475023251313,0.16295476922622093,0.4989818343749413,1.5947611331939697,1.2461727857589722,1.2933024168014526,1.463976263999939,1.5400422811508179,0.7564187049865723,1.221444845199585,3.302311420440674,0.6132171750068665,0.10874142497777939,2.821899890899658,0.44479846954345703
147,0.0001,0.26173979695886374,0.7960033189228646,0.5599338687383212,0.5728274266168575,0.718551677093143,42.6427788734436,0.15637749701272696,0.11526619154028594,0.0924247547518462,0.12752014701254666,0.15637749701272696,0.4627140029333532,0.20355346982295697,0.292821567104413,0.15879812974196214,0.11615696045068594,0.20355346982295697,0.4699703124853281,1.5982547998428345,1.242243766784668,1.2963899374008179,1.4630753993988037,1.533068060874939,0.7563510537147522,1.2127063274383545,3.291746139526367,0.6147595047950745,0.11410482972860336,2.812140703201294,0.4454788863658905
148,0.0001,0.24741935497149825,0.8162849679901353,0.3833320480126601,0.7315227694373347,0.838863528092814,42.203465700149536,0.15655644983053207,0.11034408415434882,0.09627744858153164,0.12713309412356466,0.15655644983053207,0.4730690522119403,0.16301689606446487,0.15578946173191072,0.06623951953191023,0.1354426541007482,0.16301689606446487,0.44942801273786104,1.5986124277114868,1.2390252351760864,1.2998175621032715,1.464367151260376,1.5338133573532104,0.757500410079956,1.2237409353256226,3.291618824005127,0.6165573000907898,0.12607310712337494,2.804765462875366,0.4460386037826538
149,0.0001,0.23705888772383332,0.8288105532291445,0.42257852921119105,0.7123864241244474,0.8264706652421125,42.68250370025635,0.1525389514863491,0.10290110623463988,0.09175197500735521,0.12863193603698164,0.1525389514863491,0.4783410797826946,0.188422030210495,0.19370370232141934,0.14125229853850144,0.12595818157379443,0.188422030210495,0.5045187358672802,1.5954943895339966,1.2346558570861816,1.3024966716766357,1.462243676185608,1.5348408222198486,0.7588229179382324,1.2149224281311035,3.3006365299224854,0.6188871264457703,0.11404573917388916,2.8092520236968994,0.4463408887386322
150,0.0001,0.25145984976552427,0.816648226404107,0.3660711242602422,0.7305576589839667,0.8409493516792241,42.24347543716431,0.15199699171353132,0.11168914916925132,0.09115240524988621,0.13115946343168616,0.15199699171353132,0.48632775666192174,0.1538474555198963,0.16395338934201462,0.09563677941377347,0.13138076204520005,0.1538474555198963,0.5301595504467304,1.598128080368042,1.235978126525879,1.3041441440582275,1.4627584218978882,1.5251967906951904,0.7598496675491333,1.2067368030548096,3.2930831909179688,0.6195915937423706,0.11290403455495834,2.8184828758239746,0.44635993242263794
151,0.0001,0.2515076515264809,0.8132157639578113,0.3835767498383155,0.7305664035314595,0.8394595742337055,42.27102518081665,0.155394893954508,0.11208311194786802,0.09179586544632912,0.13055169919971377,0.155394893954508,0.4710702116135508,0.1579546446983631,0.1724352226807521,0.09066695788731942,0.1299681544303894,0.1579546446983631,0.5186693723385151,1.596420168876648,1.2368589639663696,1.3057912588119507,1.4572254419326782,1.5282602310180664,0.761448085308075,1.2143607139587402,3.3024802207946777,0.6217928528785706,0.11949502676725388,2.8329200744628906,0.44705137610435486
152,0.0001,0.23911015526391566,0.8262366958205665,0.37788142332663904,0.7373396959397546,0.8443545131991789,39.10380148887634,0.15162820648401976,0.10666066186968237,0.09554311749525368,0.130409644683823,0.15162820648401976,0.49321899574715644,0.15515917814694918,0.17054125666618347,0.08907109934550066,0.13066248435240527,0.15515917814694918,0.523115942799128,1.5950839519500732,1.2354681491851807,1.3073068857192993,1.4554156064987183,1.5220330953598022,0.762485921382904,1.2126463651657104,3.2924413681030273,0.6230084896087646,0.12381928414106369,2.812354326248169,0.44801491498947144
153,0.0001,0.23379417695105076,0.8298325647130321,0.40242160650400016,0.6981518008584792,0.8148948232599189,40.803261518478394,0.1517888316884637,0.10252011992270127,0.08826839888934046,0.12728379969485104,0.1517888316884637,0.471506712725386,0.15909409477160527,0.18206064403057098,0.09946343554900243,0.12534786875431353,0.15909409477160527,0.5293907736356441,1.593847632408142,1.2325066328048706,1.3090803623199463,1.4525610208511353,1.521751880645752,0.7640275359153748,1.2078320980072021,3.2961902618408203,0.6250828504562378,0.1246243566274643,2.803375005722046,0.44767144322395325
154,0.0001,0.24516967427916825,0.8154185499912716,0.3794078671015226,0.7283979259324861,0.8389041762547966,41.581616163253784,0.15254864562302828,0.1102469889447093,0.0936448440188542,0.13096181978471577,0.15254864562302828,0.49512358848005533,0.155173102250466,0.17180469494599562,0.07879528655455663,0.1339194688659448,0.155173102250466,0.5121301857324747,1.595130205154419,1.2334312200546265,1.3112930059432983,1.4565256834030151,1.5221316814422607,0.7658411264419556,1.2092639207839966,3.283310890197754,0.627029299736023,0.11052912473678589,2.789217233657837,0.44849535822868347
155,0.0001,0.2459096231032163,0.8236376262774835,0.393541825734652,0.7209205332439461,0.8319482338856304,42.29367518424988,0.1542848227545619,0.1078661237261258,0.09099297982174903,0.1303345897467807,0.1542848227545619,0.4793663483578712,0.15364345495517437,0.18286064931979545,0.082926790530865,0.12875071030396681,0.15364345495517437,0.53072869181633,1.5933306217193604,1.2332329750061035,1.3128739595413208,1.4515330791473389,1.5230767726898193,0.7671362161636353,1.1975340843200684,3.2832415103912354,0.6263636946678162,0.11198186874389648,2.7857940196990967,0.44871237874031067
156,0.0001,0.2656974499113858,0.8027132233131062,0.37672081177051253,0.7283371086888698,0.839039117501444,43.481985569000244,0.15925907308701426,0.115560264501255,0.09060865093488246,0.12864921032451093,0.15925907308701426,0.4583154624560848,0.1594183990588555,0.16967953076729408,0.09018357568062269,0.12850433140993117,0.1594183990588555,0.5094468343716402,1.5940918922424316,1.2334073781967163,1.3146244287490845,1.4588171243667603,1.5336874723434448,0.7685683369636536,1.2159559726715088,3.290527105331421,0.6283342242240906,0.13709919154644012,2.773258924484253,0.449738472700119
157,0.0001,0.2501999740488827,0.8161171768574047,0.4001830761249249,0.7140263128322782,0.8270205340865324,43.57479739189148,0.15244578011333942,0.1101420788327232,0.08934849442448467,0.12782630021683872,0.15244578011333942,0.48063189163804054,0.19514759091230538,0.18849008633540226,0.15400819457494297,0.12280671825775734,0.19514759091230538,0.4993136332585261,1.5950591564178467,1.2332420349121094,1.3166062831878662,1.4628195762634277,1.5356171131134033,0.7688151597976685,1.2310636043548584,3.2968220710754395,0.6311496496200562,0.1353759765625,2.7840592861175537,0.4516260027885437
158,0.0001,0.23464601626619697,0.826929896374868,0.3811265881244953,0.7363163198738538,0.8452911478127251,37.51043248176575,0.15335850708652288,0.10288080881582573,0.09083520155400038,0.12796805053949356,0.15335850708652288,0.4826904437504709,0.15569046048017648,0.18136314016122085,0.08971533901416338,0.13018800260928962,0.15569046048017648,0.5320254050768338,1.5959992408752441,1.2352683544158936,1.3180114030838013,1.4678272008895874,1.5334932804107666,0.7697849869728088,1.227349042892456,3.2962639331817627,0.6318517327308655,0.12775684893131256,2.78167986869812,0.45238015055656433
159,0.0001,0.2380408146418631,0.8259742059758184,0.42835042384954597,0.6840914763526432,0.8060823275276685,39.778109312057495,0.14952046517282724,0.10494237521197647,0.08894363674335182,0.12913020432461053,0.14952046517282724,0.48294172482565045,0.16878460783224838,0.2069360022361462,0.11474797542278584,0.12127182231499599,0.16878460783224838,0.5266110530266395,1.5952420234680176,1.2343870401382446,1.318347692489624,1.467895746231079,1.5362850427627563,0.7717106342315674,1.2159497737884521,3.2853267192840576,0.6325377821922302,0.14000341296195984,2.779139518737793,0.45361870527267456
160,0.0001,0.23471561423502862,0.8358208102099967,0.36105453142753013,0.7420469953794328,0.8478496331913692,43.0425341129303,0.15348303667269647,0.10458522418048233,0.09232048247940838,0.12861979915760458,0.15348303667269647,0.49255793169140816,0.15525504167263324,0.16489359277945298,0.07437184682259193,0.1305735733646613,0.15525504167263324,0.49164431232672473,1.5944969654083252,1.2373439073562622,1.3204808235168457,1.4758055210113525,1.537672758102417,0.772672176361084,1.219261884689331,3.2871336936950684,0.6338693499565125,0.14390137791633606,2.783583164215088,0.4553133249282837
161,0.0001,0.23148506204597652,0.8323240090911331,0.3901763957280379,0.7248381857135636,0.8347967035237113,43.39049816131592,0.15024306834675372,0.10352363373385742,0.09051925642415881,0.12925921694841236,0.15024306834675372,0.48319358588196337,0.1593377594764416,0.1909412709566263,0.08707187680097726,0.12917702358502609,0.1593377594764416,0.49399922215021574,1.593130111694336,1.2383313179016113,1.3224811553955078,1.4735081195831299,1.5405887365341187,0.7728554606437683,1.2206528186798096,3.2930238246917725,0.6366038918495178,0.14171651005744934,2.7901217937469482,0.4567231237888336
162,0.0001,0.23608891502954066,0.8199248866486438,0.3705903080793527,0.7371179119013043,0.8451910505660618,42.48951053619385,0.15153669973369688,0.1040752952103503,0.08737507089972496,0.1307411848101765,0.15153669973369688,0.4744147667661309,0.15468784799942603,0.17019738325705894,0.08224455439127408,0.1333769687093221,0.15468784799942603,0.5162264979802645,1.5945435762405396,1.237397313117981,1.3242268562316895,1.4730819463729858,1.5384620428085327,0.774213969707489,1.2246346473693848,3.29634428024292,0.6376181244850159,0.13904383778572083,2.786848306655884,0.45821475982666016
163,0.0001,0.23465690785087645,0.8210743210451551,0.36155597154910746,0.7361908298737109,0.8427498461013978,43.77540683746338,0.15095335664227605,0.10681437607854605,0.09363102447241545,0.13101028418168426,0.15095335664227605,0.49608934042043984,0.15032438910924473,0.16208790311446555,0.07720812329879174,0.1303150861309125,0.15032438910924473,0.5126124957433114,1.5930556058883667,1.2331002950668335,1.3260456323623657,1.4658783674240112,1.5378388166427612,0.7759788632392883,1.2320518493652344,3.295971155166626,0.6403238773345947,0.1370300054550171,2.7769992351531982,0.459248423576355
164,0.0001,0.23309174308087677,0.8360011637132705,0.4202165246009827,0.690666527716423,0.8096425263199589,42.817315101623535,0.14976203499827534,0.1020094693521969,0.08827187644783407,0.1314802240813151,0.14976203499827534,0.49972391268238425,0.17431932733609126,0.21449419993620653,0.12468800785449835,0.12353488688285534,0.17431932733609126,0.5274061964108394,1.5904438495635986,1.2337342500686646,1.3277995586395264,1.4635798931121826,1.5379672050476074,0.776354193687439,1.2154403924942017,3.2907347679138184,0.6404051780700684,0.11955815553665161,2.769489049911499,0.4598850905895233
165,0.0001,0.2185551980510354,0.8436118417591866,0.37628534940572883,0.7306182282537921,0.8395258599086923,43.028751850128174,0.14538927981629968,0.09734153456520289,0.08901764627080411,0.13233183580450714,0.14538927981629968,0.5028548187110573,0.1546982962351579,0.17355342736610999,0.08894478231668472,0.12967994958162307,0.1546982962351579,0.5350938375179585,1.5907421112060547,1.2360002994537354,1.330618143081665,1.460164189338684,1.5366007089614868,0.7778900265693665,1.2156974077224731,3.2865474224090576,0.6408635377883911,0.10861712694168091,2.7624707221984863,0.4600314795970917
166,0.0001,0.2233334161574021,0.8394811438352983,0.4120889636186453,0.6996022944226002,0.81776827748099,40.843562602996826,0.1484474833123386,0.09948626245022751,0.08889344043564051,0.1323237541364506,0.1484474833123386,0.511463949456811,0.16717781378672672,0.1740747827749986,0.05974825660769756,0.1289294991355676,0.16717781378672672,0.4281473969037716,1.5916869640350342,1.2347447872161865,1.3335344791412354,1.463470697402954,1.5322538614273071,0.7792559266090393,1.2242012023925781,3.285853385925293,0.6423108577728271,0.10866273939609528,2.7659108638763428,0.4613800048828125
167,0.0001,0.2310730004683137,0.8291750063537221,0.38054957664929906,0.7209352953864273,0.8321651300039248,43.61884641647339,0.14872698509134352,0.10405234206700698,0.08735080214682966,0.13052916165906936,0.14872698509134352,0.47676187893375754,0.15119090538758498,0.1887125544823133,0.07573761825378124,0.13006614309090833,0.15119090538758498,0.5163973070107973,1.590191125869751,1.2321224212646484,1.334597110748291,1.4671344757080078,1.5306681394577026,0.7798371911048889,1.225563883781433,3.2839109897613525,0.6443384885787964,0.10728901624679565,2.7686245441436768,0.46157824993133545
168,0.0001,0.23834039946086705,0.8239940838148899,0.40129288251583395,0.7079791804344762,0.8249670805221087,45.596319913864136,0.1516454458469525,0.10600150254322216,0.0914284735918045,0.13160711142700166,0.1516454458469525,0.48512296052649617,0.15770465456522428,0.20171592510663547,0.08044208677915426,0.12896507244843702,0.15770465456522428,0.5150251959378903,1.5883108377456665,1.2317103147506714,1.3359214067459106,1.4619808197021484,1.5263978242874146,0.7814449667930603,1.226067066192627,3.2829439640045166,0.6457875370979309,0.09643614292144775,2.7813305854797363,0.4607250690460205
169,0.0001,0.2301553525030613,0.8332951242959079,0.40966710677513707,0.7058084901513944,0.821848263055447,41.95551419258118,0.1530283991014585,0.10228752461262047,0.08727027999702841,0.13143193197902292,0.1530283991014585,0.4908899914007634,0.1591909729517423,0.20886473105503964,0.10936509760526511,0.12693290595824902,0.1591909729517423,0.5426016174829923,1.587760090827942,1.2318068742752075,1.3369324207305908,1.4677858352661133,1.527442455291748,0.7830964922904968,1.2262922525405884,3.27500319480896,0.6462559103965759,0.10530831664800644,2.7858245372772217,0.46138831973075867
170,0.0001,0.233457698719576,0.8279830372472101,0.3846431452494401,0.7238160209327442,0.8354360281220816,40.70317053794861,0.15365164878312498,0.10385595611296594,0.08874259050935507,0.13205483776982874,0.15365164878312498,0.4869782084133476,0.1542573429070986,0.17321916703994458,0.09708230724701515,0.12376876851687064,0.1542573429070986,0.5406628090601701,1.592142939567566,1.2323044538497925,1.3392682075500488,1.4760431051254272,1.5282350778579712,0.783750057220459,1.2275768518447876,3.2769455909729004,0.6480003595352173,0.1036420464515686,2.790131092071533,0.4624911844730377
171,0.0001,0.23799868137575686,0.8197063692364955,0.3567322199161236,0.7492787281022271,0.8521394951939595,43.234039545059204,0.15044905000831932,0.10660040524089709,0.0897950369399041,0.13219888310413808,0.15044905000831932,0.4886932694353163,0.1470595556956071,0.16892081453250005,0.09071485056326939,0.13162125807542066,0.1470595556956071,0.5468541067380172,1.59235680103302,1.2327613830566406,1.3401256799697876,1.474913239479065,1.5264753103256226,0.7843156456947327,1.2247759103775024,3.261732578277588,0.6487800478935242,0.10212969779968262,2.775458574295044,0.4629710018634796
172,0.0001,0.21390712237916887,0.8462019038836024,0.396756609586569,0.711451738321059,0.8260780084501785,44.37998366355896,0.14809896959923208,0.09636941400822252,0.08983052568510175,0.1326758855720982,0.14809896959923208,0.5059244204312563,0.16692040746028608,0.17555573536799504,0.058209660190802356,0.1379588912312801,0.16692040746028608,0.4544003369716498,1.5898874998092651,1.233453631401062,1.3417441844940186,1.47392737865448,1.524272084236145,0.7852588295936584,1.2145072221755981,3.260885715484619,0.6494620442390442,0.09313493221998215,2.7726056575775146,0.4630867540836334
173,0.0001,0.22590961353853345,0.8313537292071587,0.3781884142985711,0.7273670320266522,0.8370446509996965,40.71184492111206,0.14768137456849217,0.10166735600796528,0.08609035005792975,0.1319432775489986,0.14768137456849217,0.4981058824341744,0.1562535918675936,0.18493728041648866,0.06898877139274891,0.13248169204363455,0.1562535918675936,0.4784779925759022,1.5891518592834473,1.2346246242523193,1.3432114124298096,1.4723255634307861,1.5237581729888916,0.7870194315910339,1.2303004264831543,3.2666501998901367,0.6534167528152466,0.10172934830188751,2.797760009765625,0.4632314443588257
174,0.0001,0.22031933162361383,0.8426417649534963,0.39644553844745345,0.7216305032779338,0.8345083965863929,41.99038481712341,0.15017568122129887,0.09682482847711071,0.08811247954145074,0.13237294182181358,0.15017568122129887,0.49127093283459544,0.16127662796240586,0.19610692583597622,0.10952523018305119,0.13132763459132268,0.16127662796240586,0.5396410515675178,1.5897096395492554,1.234090805053711,1.3445191383361816,1.4698902368545532,1.5258615016937256,0.7868229150772095,1.2038382291793823,3.2596919536590576,0.6525903940200806,0.10635974258184433,2.7779786586761475,0.4630550146102905
175,0.0001,0.23074299516156316,0.8300250713343909,0.4136238795060378,0.704677520601844,0.8210249998928638,42.32570719718933,0.15134021535050124,0.10504478309303522,0.0893056383356452,0.13185694767162204,0.15134021535050124,0.49306872696615756,0.1815796347764822,0.19955822642032917,0.13458078618233021,0.12495035391587478,0.1815796347764822,0.5154202949542266,1.5904521942138672,1.2351890802383423,1.3456027507781982,1.4703490734100342,1.5276387929916382,0.7873446345329285,1.221886157989502,3.2667558193206787,0.6539021730422974,0.10945366322994232,2.7922239303588867,0.4644002914428711
176,0.0001,0.2555722026154399,0.8025158504005769,0.3838762585933392,0.7163846503616255,0.8313530141890909,40.81406807899475,0.158890514052473,0.1172203553142026,0.08851572242565453,0.12862046214286238,0.158890514052473,0.4719629279570654,0.16167393693557153,0.18171420097351074,0.06980183835213001,0.13538076464946452,0.16167393693557153,0.47628836242052225,1.5961647033691406,1.2356023788452148,1.347546935081482,1.4886088371276855,1.5268374681472778,0.7886171340942383,1.2433995008468628,3.27860426902771,0.654816210269928,0.13824257254600525,2.802734136581421,0.46419042348861694
177,0.0001,0.2324519210960716,0.8296830787205505,0.37644651440473703,0.728302167398168,0.8383748832825358,42.71211504936218,0.14983930066227913,0.10306327330181375,0.09093069052323699,0.13212835893500596,0.14983930066227913,0.48283184925094247,0.15030356232936565,0.1742199501165977,0.0813099762568107,0.13443419669683163,0.15030356232936565,0.5169059503536958,1.5931826829910278,1.2359659671783447,1.3488768339157104,1.4734641313552856,1.530547022819519,0.7897455096244812,1.2186241149902344,3.2801575660705566,0.6561028957366943,0.1591997742652893,2.798412799835205,0.465504914522171
178,0.0001,0.2129874040838331,0.8437558588263305,0.3991479231761052,0.722688669260339,0.8341166414452873,41.21459722518921,0.14577174768783152,0.09399426868185401,0.08684908889699727,0.13182609144132584,0.14577174768783152,0.4831455945968628,0.16980645060539246,0.20549671328984775,0.13175319249813372,0.12453052905889658,0.16980645060539246,0.5408260941505432,1.5919057130813599,1.2361128330230713,1.3503090143203735,1.4705842733383179,1.5280956029891968,0.7902553081512451,1.2258062362670898,3.270887851715088,0.6568669080734253,0.1566791832447052,2.80293869972229,0.46670666337013245
179,0.0001,0.2105965120717883,0.852169039651874,0.37964791380442103,0.7361785761312366,0.8439183737307143,42.903379917144775,0.14923334389459342,0.09324892977019772,0.08955682429950684,0.13190614385530353,0.14923334389459342,0.49112640088424087,0.1538417976636153,0.18422991037368774,0.08377448664261744,0.13281032557670885,0.1538417976636153,0.5184441527495017,1.5942504405975342,1.2329869270324707,1.3519245386123657,1.4723352193832397,1.5225833654403687,0.7909272909164429,1.2253072261810303,3.266629457473755,0.6572449207305908,0.16246850788593292,2.7932605743408203,0.46808934211730957
180,0.0001,0.23143927135970443,0.8342245581751484,0.399087720650893,0.7209596881782778,0.8338678870874254,40.61925768852234,0.1488561948062852,0.10493935859994963,0.0895030724350363,0.132977923611179,0.1488561948062852,0.4984647047240287,0.15984366261042082,0.19370460693652813,0.1130452009347769,0.12959058800568948,0.15984366261042082,0.5537149869478666,1.5944768190383911,1.237416386604309,1.353749394416809,1.465645670890808,1.5280617475509644,0.7919074296951294,1.2105060815811157,3.274524211883545,0.6580185294151306,0.14657899737358093,2.7831168174743652,0.469721257686615
181,0.0001,0.22058329335413873,0.8383913981726843,0.3734595454656161,0.7228919228232598,0.8344196268502065,40.76731276512146,0.1472141525009647,0.0988246405031532,0.09033672499936074,0.1330173616297543,0.1472141525009647,0.5068111952859908,0.15217059758993295,0.17351102072459001,0.08660430747729081,0.13289718467455644,0.15217059758993295,0.5136367172002793,1.596662163734436,1.236708164215088,1.3554584980010986,1.4651588201522827,1.5276936292648315,0.7923377156257629,1.2059541940689087,3.27270245552063,0.6590278148651123,0.1486719250679016,2.7761356830596924,0.47054433822631836
182,0.0001,0.21627579163759947,0.8448559537555086,0.4050193584882296,0.7171759696497415,0.8301061685360368,38.20310187339783,0.14733388111926615,0.09675859333947301,0.0880896191811189,0.1336403457680717,0.14733388111926615,0.49562402279116213,0.1737264926616962,0.20441151765676646,0.12830275939061092,0.12724055017416294,0.1737264926616962,0.5280439262206738,1.5978147983551025,1.239675760269165,1.3561855554580688,1.4679436683654785,1.5302282571792603,0.7940283417701721,1.2108161449432373,3.2689414024353027,0.6592752933502197,0.1517678201198578,2.7833831310272217,0.47073954343795776
183,0.0001,0.20284132659435272,0.8533623245761945,0.4208503952393165,0.7021543386409647,0.8180980197408021,38.56286644935608,0.1456464739749208,0.09101566229946911,0.08706905331928283,0.134477409417741,0.1456464739749208,0.49318639282137156,0.1669244083074423,0.2194549505527203,0.11819092952288114,0.12502313565749387,0.1669244083074423,0.5404448834749368,1.5956618785858154,1.237864375114441,1.3570044040679932,1.4633697271347046,1.5286738872528076,0.795037567615509,1.2089252471923828,3.26689076423645,0.659877598285675,0.14333294332027435,2.78257155418396,0.47104039788246155
184,0.0001,0.21643874514847994,0.8477691326829798,0.374587633059575,0.7437661514256572,0.8493086586704947,39.89663481712341,0.1467123068869114,0.09724276833003387,0.08934228087309748,0.1332181873731315,0.1467123068869114,0.5026269785594195,0.1470284661421409,0.17543112200040084,0.07946404608396383,0.1338433841100106,0.1470284661421409,0.5377574494251838,1.5942548513412476,1.236472249031067,1.3582972288131714,1.4616763591766357,1.5267417430877686,0.7962181568145752,1.2111893892288208,3.2756593227386475,0.6625357270240784,0.1324082314968109,2.7818620204925537,0.4715560972690582
185,0.0001,0.2213911134749651,0.8373677842268145,0.4280109946544354,0.6986391965760187,0.8158898850495762,44.586076974868774,0.14491339260712266,0.09861210739472881,0.08780235040467232,0.13445623102597892,0.14491339260712266,0.5063334014266729,0.1808508391563709,0.20394167304039001,0.11880650589099297,0.12736444954688733,0.1808508391563709,0.5025966419623449,1.5953582525253296,1.2348995208740234,1.3588539361953735,1.4536552429199219,1.5227967500686646,0.7968752980232239,1.2010114192962646,3.27327299118042,0.6630092263221741,0.1225457638502121,2.7891054153442383,0.47175389528274536
186,0.0001,0.20615032082423568,0.8526898652076597,0.3796524955676152,0.7359318605931839,0.843493339517103,45.26603555679321,0.14576644578482956,0.09283340926049277,0.09007958555594087,0.13378760928753763,0.14576644578482956,0.5046044834889472,0.15270847563560191,0.16623712594692525,0.06981929391622543,0.1369666731128326,0.15270847563560191,0.5169059556264144,1.5967391729354858,1.2323458194732666,1.3605412244796753,1.4568827152252197,1.5217424631118774,0.798351526260376,1.2085844278335571,3.273348569869995,0.664286732673645,0.11982642114162445,2.789283037185669,0.4731580317020416
187,0.0001,0.20812055259011686,0.8478240029766909,0.3773509979248047,0.7325531338437365,0.8412064624797801,40.2737090587616,0.14554167445749044,0.09356219158507884,0.08690774603746831,0.13335381937213242,0.14554167445749044,0.5002116342075169,0.1547487781598018,0.1861966733749096,0.07353235964591687,0.13632603792043832,0.1547487781598018,0.5114998796811471,1.5933969020843506,1.23137629032135,1.361532211303711,1.4481388330459595,1.5219542980194092,0.7990086078643799,1.19837486743927,3.2705564498901367,0.66481614112854,0.11690272390842438,2.7736189365386963,0.47347888350486755
188,0.0001,0.21764642861671746,0.8435681750858965,0.4290536165237427,0.7091415377874778,0.8243881456029564,40.163489818573,0.14562785963062197,0.10046581487404183,0.08932873886078596,0.13414464006200433,0.14562785963062197,0.5204385733231902,0.17505497107139,0.2164296241906973,0.12166942461178853,0.12613355207901736,0.17505497107139,0.5283206343650818,1.5931129455566406,1.2294601202011108,1.3629499673843384,1.4449249505996704,1.5194510221481323,0.8002513647079468,1.2051173448562622,3.2638943195343018,0.6667945981025696,0.11390377581119537,2.7684519290924072,0.4744485020637512
189,0.0001,0.21161867957562208,0.8446965642565138,0.37051983704933755,0.7340301733374608,0.8418289181673015,41.33802580833435,0.14661511674057692,0.09448004933074117,0.08472479111514986,0.13527136645279825,0.14661511674057692,0.5013298457488418,0.15339055473987873,0.18071318222926214,0.09310894597035188,0.13076302546721238,0.15339055473987873,0.5467149817026579,1.5922025442123413,1.2275627851486206,1.3644577264785767,1.4460564851760864,1.5207092761993408,0.8012470006942749,1.224005103111267,3.2850964069366455,0.6678918600082397,0.12496978044509888,2.7682342529296875,0.4749663472175598
190,0.0001,0.21295010740868747,0.8456319196717728,0.3824093323487502,0.7340554514586604,0.8415585116637938,44.561208963394165,0.14636910695116967,0.0954050614964217,0.08857901359442621,0.1341495318338275,0.14636910695116967,0.5060770274139941,0.14883185670926022,0.1768406459918389,0.0775738367667565,0.13113663448737217,0.14883185670926022,0.5424021686498935,1.5903515815734863,1.225685954093933,1.3658595085144043,1.4434481859207153,1.5185067653656006,0.8027152419090271,1.2031514644622803,3.2890727519989014,0.6673361659049988,0.11581320315599442,2.7665140628814697,0.47535914182662964
191,0.0001,0.20061127026565373,0.8571557320919705,0.3870736259680528,0.7194352187701906,0.8318904521713385,43.91763234138489,0.144566633971408,0.0917420370678883,0.08710839517880231,0.13480392680503428,0.144566633971408,0.5081969988532364,0.15195903915625353,0.18616766608678378,0.08454040288925171,0.13197029599776636,0.15195903915625353,0.5440199707563107,1.588179349899292,1.223728895187378,1.3668075799942017,1.4415162801742554,1.5212005376815796,0.8034242391586304,1.2030104398727417,3.2898049354553223,0.6682174801826477,0.106700100004673,2.766535758972168,0.47519397735595703
192,0.0001,0.20930184400640428,0.8544889917566918,0.4172502393905933,0.701416346368445,0.8177645812820142,43.17755126953125,0.14604882628191262,0.09481605247128755,0.08847814961336553,0.13443359709344804,0.14604882628191262,0.5230613043531775,0.16138907029078556,0.21238578053621146,0.1017543063713954,0.12626723532493297,0.16138907029078556,0.5273306044248435,1.5879241228103638,1.221838355064392,1.3675650358200073,1.4372886419296265,1.5159153938293457,0.8037717938423157,1.1999762058258057,3.2899348735809326,0.668720006942749,0.10379715263843536,2.7579030990600586,0.47610175609588623
193,0.0001,0.20328965166117996,0.8580654436389666,0.41720697146195634,0.7042089599617757,0.8206424786329723,40.45519161224365,0.14436928916256875,0.0934606104856357,0.0881869331933558,0.13293531944509596,0.14436928916256875,0.5096769984811544,0.16456705927848816,0.20973509779343238,0.10943200381902549,0.12632452776798836,0.16456705927848816,0.5374748926896316,1.5880874395370483,1.22107994556427,1.3688758611679077,1.4288700819015503,1.5162910223007202,0.8052012920379639,1.1980042457580566,3.2827374935150146,0.6696640253067017,0.09558858722448349,2.7458415031433105,0.4761447012424469
194,0.0001,0.20639077736996114,0.8495790048470723,0.3774786233901978,0.73595608900778,0.8425041827784993,41.88545894622803,0.1430728823179379,0.09409234853228554,0.08667337766382843,0.1326296814950183,0.1430728823179379,0.506554797757417,0.15523110398879417,0.18118766637948844,0.09250379732021918,0.12747545964442766,0.15523110398879417,0.519999828017675,1.5881022214889526,1.2205369472503662,1.3708133697509766,1.4286441802978516,1.5174601078033447,0.8067360520362854,1.202874779701233,3.279402017593384,0.6711915135383606,0.09573527425527573,2.745434284210205,0.4755202829837799
195,0.0001,0.2018702996429056,0.857633922069113,0.3737554311752319,0.7315430094055053,0.8407833650357931,44.33481693267822,0.14297565259039402,0.09417351905722171,0.08938118116930127,0.13301946339197457,0.14297565259039402,0.5219537173397839,0.148855721950531,0.18065577539113853,0.08232009410858154,0.1314801962329791,0.148855721950531,0.5341779167835529,1.5898433923721313,1.22066330909729,1.3719507455825806,1.4234848022460938,1.5149035453796387,0.8070454001426697,1.1991912126541138,3.271023988723755,0.6703184247016907,0.09377634525299072,2.7303569316864014,0.4762798249721527
196,0.0001,0.21249061170965433,0.8447532570348135,0.37611580536915706,0.7409583899987353,0.8477400456111055,41.547905683517456,0.14478192885871977,0.09503481310093775,0.08702417463064194,0.13014653499703854,0.14478192885871977,0.5034616305492818,0.15803959919856145,0.16977986189035268,0.06981659714992229,0.13031172454357148,0.15803959919856145,0.4852362444767585,1.5883668661117554,1.218549370765686,1.3724104166030884,1.4236721992492676,1.5152307748794556,0.8079237937927246,1.2052276134490967,3.2813150882720947,0.6712085604667664,0.10921747982501984,2.7130415439605713,0.4766702950000763
197,0.0001,0.21486976486630738,0.8413718666021195,0.39810942319723275,0.7109097925394912,0.8267289305332575,44.27875208854675,0.14557148003950715,0.09676984150428325,0.08792676229495555,0.13239376805722713,0.14557148003950715,0.5048533759545535,0.16652460098266603,0.19891319274902344,0.11368750505722486,0.12524575808873542,0.16652460098266603,0.5345346175707304,1.588598608970642,1.2202377319335938,1.3734403848648071,1.4217102527618408,1.5203615427017212,0.80889892578125,1.2026515007019043,3.2902474403381348,0.6723354458808899,0.10353211313486099,2.7226040363311768,0.47788578271865845
198,0.0001,0.20290971151553094,0.8578891961251811,0.36252646904725294,0.751232446069465,0.8543030966138098,42.20110106468201,0.14419802045449615,0.09339253063080832,0.08638938353396952,0.1333794844103977,0.14419802045449615,0.5132614513859153,0.14684023971741017,0.17743706244688767,0.07812114931069887,0.13084483066430458,0.14684023971741017,0.5344246866611334,1.5830491781234741,1.2173579931259155,1.3748066425323486,1.419373631477356,1.5140457153320312,0.8108967542648315,1.1990549564361572,3.2872488498687744,0.6731056571006775,0.09349539875984192,2.71693754196167,0.47846299409866333
199,0.0001,0.2088153506629169,0.8515945780011837,0.38395807192875786,0.7425204021916385,0.8491815126198529,41.925272941589355,0.1464969803346321,0.09284397793817334,0.08750410284847021,0.1333920918405056,0.1464969803346321,0.503396718762815,0.15760379846279438,0.19911910570584812,0.07021705731749535,0.1300601492707546,0.15760379846279438,0.48097263677762103,1.5840905904769897,1.2152857780456543,1.3755656480789185,1.4265727996826172,1.5119578838348389,0.8116791248321533,1.1907542943954468,3.281651020050049,0.6734493970870972,0.09662576764822006,2.725684881210327,0.4797128736972809
200,0.0001,0.20179931400343776,0.8563631400351457,0.3649359547174894,0.745923741454946,0.8519248369483406,41.64985370635986,0.14526202401611954,0.09231129952240735,0.0888931096997112,0.13241115026175976,0.14526202401611954,0.5149140018038452,0.14849203137251046,0.18068454219744756,0.08804219663143158,0.12903458051956618,0.14849203137251046,0.55158364543548,1.5833613872528076,1.2114771604537964,1.3768948316574097,1.426193118095398,1.5117062330245972,0.8121113777160645,1.1955580711364746,3.2736802101135254,0.6745304465293884,0.09560342133045197,2.7216994762420654,0.4801298975944519
201,0.0001,0.20497153070755303,0.8467339664687933,0.3660901317229638,0.7424894094925992,0.8494333035864349,42.11195349693298,0.14335281436797231,0.09525708173168823,0.08789404248818755,0.13409332442097366,0.14335281436797231,0.516654803417623,0.1474265016042269,0.18166540631881126,0.08263096855236934,0.1290162755892827,0.1474265016042269,0.5436650267014137,1.5842697620391846,1.2126457691192627,1.3773800134658813,1.4261047840118408,1.5115574598312378,0.812441885471344,1.203634262084961,3.263434648513794,0.6757303476333618,0.09686770290136337,2.70963454246521,0.48039573431015015
202,0.0001,0.20489508809987456,0.8519385927070918,0.4226284320537861,0.7021684490269201,0.8196162101302202,45.140597105026245,0.1431363287847489,0.09388883435167372,0.08510046964511275,0.13285120821092278,0.1431363287847489,0.5142817865125835,0.15563057569357064,0.2268994065431448,0.0983783537378678,0.125259247307594,0.15563057569357064,0.533932646879783,1.5830600261688232,1.2112380266189575,1.3790698051452637,1.4295936822891235,1.5101978778839111,0.8138301968574524,1.1855206489562988,3.2621757984161377,0.6762081980705261,0.09297316521406174,2.7076122760772705,0.48121896386146545
203,0.0001,0.19071792683098465,0.8672282891056832,0.3721778998008141,0.7501807245628298,0.8529848025415905,39.3342399597168,0.14254932187031955,0.08560439245775342,0.08773513027699664,0.13249838538467884,0.14254932187031955,0.5180309405550361,0.15716183873323294,0.1888982694882613,0.10586805779200334,0.12868702216790273,0.15716183873323294,0.5516730161813589,1.583612322807312,1.2115166187286377,1.3801331520080566,1.4245665073394775,1.509861946105957,0.8146698474884033,1.182572841644287,3.262878656387329,0.6764625906944275,0.09116896241903305,2.7032670974731445,0.4817652106285095
204,0.0001,0.19536808808334172,0.858693368719313,0.38880037986315213,0.7397510428677709,0.8453905888879625,43.890896797180176,0.14296287030447274,0.08982918719993904,0.08625416085124016,0.13431852497160435,0.14296287030447274,0.5229903676081449,0.16874446685497577,0.19355016809243422,0.11189152094034048,0.12865889645539796,0.16874446685497577,0.5198784619569778,1.583189845085144,1.208540916442871,1.3814752101898193,1.4266741275787354,1.5107495784759521,0.8156704306602478,1.1858104467391968,3.254546642303467,0.6772722005844116,0.08933784067630768,2.701009750366211,0.4822913110256195
205,0.0001,0.20917106536217034,0.840268565974808,0.4294972034601065,0.6963523495465107,0.8156411711177306,43.505812883377075,0.14202649286016822,0.09668334753951058,0.08526240079663694,0.13474270689766854,0.14202649286016822,0.5110942013561726,0.16968723306289085,0.21338304831431462,0.07667985856533051,0.13143892070421806,0.16968723306289085,0.4917737305164337,1.583301305770874,1.2061980962753296,1.382196307182312,1.4240756034851074,1.5108201503753662,0.8161641359329224,1.1845988035202026,3.2332234382629395,0.6771619319915771,0.09852807968854904,2.700782537460327,0.48277610540390015
206,0.0001,0.21392294135876,0.8459114514229488,0.3839751940507155,0.7339276557013235,0.8426490760777869,43.66995811462402,0.146633705124259,0.0959576991153881,0.08558124606497586,0.13384917948860675,0.146633705124259,0.5141108562238514,0.1519614334289844,0.18562827431238615,0.09052941088493054,0.1294551962843308,0.1519614334289844,0.5487028245742505,1.581983208656311,1.2097017765045166,1.3832436800003052,1.4271334409713745,1.5183930397033691,0.8169385194778442,1.1941219568252563,3.229306936264038,0.6778596639633179,0.10701881349086761,2.703578472137451,0.4828434884548187
207,0.0001,0.19868037931155413,0.8585747137640636,0.386687433719635,0.72435424762427,0.8357853822299808,41.39530038833618,0.14462080865632743,0.09231996501330286,0.0862380830803886,0.13258165074512362,0.14462080865632743,0.5181360577698797,0.14796404609313377,0.19940375754466425,0.08163719452344455,0.1324934754234094,0.14796404609313377,0.5421900893633183,1.5817430019378662,1.2090904712677002,1.3843863010406494,1.4266936779022217,1.5166224241256714,0.8181719183921814,1.1906110048294067,3.2264249324798584,0.6785964369773865,0.11048971116542816,2.696014642715454,0.4828648567199707
208,0.0001,0.1940185739658773,0.8560479430432537,0.38898145602299616,0.7188731514540653,0.8327497745070167,42.14346694946289,0.13987965462729335,0.08945531473727897,0.08432323520537466,0.1316914011258632,0.13987965462729335,0.516187300439924,0.14918647133387053,0.18803918453363272,0.06808434839432057,0.13477120193151326,0.14918647133387053,0.5034988726560886,1.5828473567962646,1.2074856758117676,1.385292887687683,1.4301906824111938,1.5105795860290527,0.8188720345497131,1.1955950260162354,3.234926462173462,0.6791787147521973,0.10719121247529984,2.7009716033935547,0.48287802934646606
209,0.0001,0.21466764900833368,0.8405725330716052,0.4413219644473149,0.7082977216298763,0.8245182147870868,42.328755617141724,0.14525341044645756,0.09890521445777267,0.08671981911174953,0.13049289654009044,0.14525341044645756,0.505696619162336,0.1678692265198781,0.20128033573810872,0.06004641571870217,0.1323741880746988,0.1678692265198781,0.4487195957165498,1.5829030275344849,1.2080646753311157,1.3864325284957886,1.4238686561584473,1.5050430297851562,0.8196853995323181,1.2068511247634888,3.2312705516815186,0.6805709600448608,0.11285445839166641,2.702396869659424,0.48318585753440857
210,0.0001,0.19429633032996207,0.8637248604791615,0.4149083054982699,0.7167607199732464,0.8319521944125011,41.19684982299805,0.14334506914019585,0.08695907087530941,0.08581337379291654,0.13341990753542632,0.14334506914019585,0.5173175823874772,0.1481905602491819,0.21729721977160527,0.0878188282251358,0.12892819058436614,0.1481905602491819,0.5450108865132699,1.58238685131073,1.2079811096191406,1.3872809410095215,1.4195455312728882,1.5040549039840698,0.8204900026321411,1.1983048915863037,3.230910539627075,0.6819226741790771,0.10876260697841644,2.6997148990631104,0.48360419273376465
211,0.0001,0.19597619958221912,0.855952064443147,0.41445055099634026,0.7060119694849453,0.8223375299785509,42.87444496154785,0.14078226732090116,0.09121014404809102,0.08690582029521465,0.13290527777280658,0.14078226732090116,0.5182659635320306,0.16056627860436073,0.21541396975517274,0.11044752689508291,0.12386208807046596,0.16056627860436073,0.5477069918925945,1.5811179876327515,1.2061845064163208,1.3882098197937012,1.416396141052246,1.504407286643982,0.8214713335037231,1.1964812278747559,3.2317826747894287,0.6820570230484009,0.10180023312568665,2.6976430416107178,0.48386141657829285
212,0.0001,0.20477469626348466,0.8563763214338326,0.4463016519179711,0.6834874572741079,0.8054746400574095,43.719955921173096,0.1427704410161823,0.0929840849712491,0.08700784319080412,0.13304728223010898,0.1427704410161823,0.523008112097159,0.18644989178730892,0.22449144812730643,0.1318744659423828,0.12460947713026634,0.18644989178730892,0.49702524817906896,1.5810840129852295,1.20452880859375,1.3898953199386597,1.4197180271148682,1.5015075206756592,0.8216562271118164,1.1937049627304077,3.223965644836426,0.6836654543876648,0.09812925010919571,2.698554754257202,0.4848039448261261
213,0.0001,0.1930652370210737,0.8627691443833928,0.40165584087371825,0.7100527124947222,0.824704849547848,41.53271818161011,0.1434820299036801,0.08819196486729197,0.0857509357156232,0.13339903089217842,0.1434820299036801,0.5273771593347192,0.1455011542026813,0.202395433645982,0.08390498207165645,0.130506420479371,0.1455011542026813,0.5529244418327625,1.578930377960205,1.2048733234405518,1.3905971050262451,1.4181301593780518,1.4989559650421143,0.8213775753974915,1.1894793510437012,3.2186391353607178,0.684412956237793,0.08834615349769592,2.6842710971832275,0.48507028818130493
214,0.0001,0.19000000867526978,0.8635408814504407,0.393150912798368,0.7231456360641564,0.8347801094267434,43.15503716468811,0.14275257324334234,0.0861862208112143,0.08628879440948367,0.13200253888498992,0.14275257324334234,0.5141897108405828,0.14901221715486968,0.1873671701321235,0.0681704430625989,0.13169187834629645,0.14901221715486968,0.5127993650161303,1.5775010585784912,1.2033523321151733,1.3919373750686646,1.414888620376587,1.4985294342041016,0.8220904469490051,1.1864705085754395,3.2169742584228516,0.6847014427185059,0.08007878810167313,2.676555633544922,0.48541638255119324
215,0.0001,0.20000653620809317,0.8565811582013177,0.4086146354675293,0.7133863729135197,0.8271056300456131,43.65904712677002,0.1439360782969743,0.09039001003839076,0.08262328087585047,0.1332664496731013,0.1439360782969743,0.5083179560024291,0.14940242859033437,0.21111919100467974,0.07904809885300122,0.13237169751754174,0.14940242859033437,0.5422403977467464,1.5770783424377441,1.2014662027359009,1.392968773841858,1.417216420173645,1.4982056617736816,0.8224848508834839,1.193153977394104,3.2182772159576416,0.6851935386657715,0.08261366188526154,2.6835882663726807,0.486661434173584
216,0.0001,0.19317705428693444,0.8629774086536245,0.3893852499815134,0.7247966661513779,0.8357551894753384,45.682634353637695,0.1416317786788568,0.08935650589410216,0.08614581450819969,0.13357574224937707,0.1416317786788568,0.5251657785847783,0.1478088167997507,0.1943659076323876,0.0873227433516429,0.12968829216865393,0.1478088167997507,0.5503694433432359,1.5753226280212402,1.1987226009368896,1.3942005634307861,1.417981505393982,1.5032743215560913,0.8235377073287964,1.1874980926513672,3.208000898361206,0.6860253214836121,0.07720337808132172,2.679297685623169,0.48683351278305054
217,0.0001,0.1925844056531787,0.8626032155243613,0.4433597472997812,0.6841937219523496,0.8054343921350021,45.22986340522766,0.14183883264195174,0.08789289585547522,0.08547452511265874,0.1325931119499728,0.14183883264195174,0.5225060374941677,0.17366145482430093,0.24233397520505465,0.13130578765502343,0.12053648909697166,0.17366145482430093,0.524502754669923,1.5733498334884644,1.1974577903747559,1.394919514656067,1.416585087776184,1.500835657119751,0.8250195384025574,1.193532943725586,3.2163586616516113,0.6886178255081177,0.07650595903396606,2.6779656410217285,0.4868370592594147
218,0.0001,0.19129682169295847,0.8650686168007967,0.36930354283406186,0.7326638805573957,0.8411999396468403,41.907246351242065,0.14057214523199946,0.08753068826626986,0.0847950829192996,0.1313765086233616,0.14057214523199946,0.5257629725383595,0.14524914576457096,0.18121613585031948,0.08195482756082828,0.1295248846595104,0.14524914576457096,0.5550822886136862,1.5730926990509033,1.194449543952942,1.3961936235427856,1.4222877025604248,1.4996596574783325,0.8254373073577881,1.1923257112503052,3.216200113296509,0.6890904903411865,0.07333893328905106,2.677555561065674,0.4870325028896332
219,0.0001,0.18496351095382124,0.8703984091669027,0.4355201913760259,0.6874804201078436,0.8092827720866743,32.149518728256226,0.13955202442593873,0.08462450926890597,0.08582238492090255,0.13257095031440258,0.13955202442593873,0.5298608164303005,0.16327727941366343,0.2346920682833745,0.10367804811551021,0.1214612480539542,0.16327727941366343,0.5292354446191054,1.5715177059173584,1.19242525100708,1.397523283958435,1.4265644550323486,1.4983712434768677,0.8259134292602539,1.1868714094161987,3.209763526916504,0.6899890899658203,0.07580851018428802,2.6747629642486572,0.4869729280471802
220,0.0001,0.18787526129744947,0.865931950249511,0.41986310482025146,0.7026983085948675,0.8205110405675757,41.45827651023865,0.1406425265595317,0.08576725068269297,0.08459305658470839,0.13105947128497064,0.1406425265595317,0.5229357010684907,0.16566524918262776,0.21811792712945205,0.11256941625705132,0.12031142184367546,0.16566524918262776,0.5324103126159081,1.5689181089401245,1.1917136907577515,1.3983243703842163,1.4217884540557861,1.4956234693527222,0.826123058795929,1.1912455558776855,3.2092177867889404,0.6899814009666443,0.06955010443925858,2.6712515354156494,0.48764604330062866
221,0.0001,0.1896935123950243,0.8671332620897254,0.40794999049260067,0.7267617762391537,0.8359778228708279,147.16328167915344,0.14036466018296778,0.08582251000916585,0.08508313004858792,0.1308715249178931,0.14036466018296778,0.5297312373295426,0.14894959857830634,0.20638690086511466,0.07498974077976667,0.12668721412236875,0.14894959857830634,0.5308598296000407,1.5661072731018066,1.1926301717758179,1.3990864753723145,1.4184906482696533,1.4974662065505981,0.8269212245941162,1.2020659446716309,3.20932936668396,0.6904207468032837,0.06665036082267761,2.6788742542266846,0.488515704870224
222,0.0001,0.18765902728773654,0.8689517051826943,0.3932185897460351,0.7192440080102919,0.8304874586270843,192.91126346588135,0.13867112528532743,0.08569512731628492,0.08352912799455225,0.13084660877939314,0.13867112528532743,0.5265741390176117,0.14831274426900423,0.19620534364993755,0.07322453226034457,0.13021792391171821,0.14831274426900423,0.5357756770574129,1.567247748374939,1.19118332862854,1.4002912044525146,1.418289065361023,1.498572826385498,0.8272685408592224,1.1945664882659912,3.206759452819824,0.690960168838501,0.06342799961566925,2.674553632736206,0.4888072609901428
223,0.0001,0.18862351076677442,0.866712604465165,0.3796351258571331,0.7287379469950164,0.838203720845403,163.01782822608948,0.1390555107500404,0.08650362538173795,0.08546155784279108,0.13238904112949967,0.1390555107500404,0.5202451937366277,0.15211227123553936,0.1884790177528675,0.07188482811817756,0.13209938957140996,0.15211227123553936,0.5181936977001337,1.5680795907974243,1.1922770738601685,1.4012277126312256,1.417301058769226,1.498005986213684,0.8276457190513611,1.1911128759384155,3.2040858268737793,0.6909462213516235,0.058061614632606506,2.6677370071411133,0.48903289437294006
224,0.0001,0.19148289202712476,0.860185789874282,0.4232029933195848,0.6951279229122196,0.8143761183679141,138.58829188346863,0.14215552201494575,0.08760599041124806,0.08404439431615174,0.13157449488062412,0.14215552201494575,0.5173213053494692,0.15283813522412226,0.22101283348523654,0.0670297757937358,0.12831853249898323,0.15283813522412226,0.5024193234168566,1.5665496587753296,1.1918361186981201,1.4017326831817627,1.4131747484207153,1.4968576431274414,0.828156054019928,1.1862246990203857,3.2010607719421387,0.6919456124305725,0.0578400157392025,2.66078519821167,0.4895024299621582
225,0.0001,0.2011785131180659,0.8563686102123864,0.37845195073347826,0.7251545736872868,0.8368224464818712,216.00500512123108,0.14355845272075385,0.09146724181482568,0.08504685573279858,0.13184807810466737,0.14355845272075385,0.5207594302482903,0.14513890743255614,0.1911695177738483,0.07906021292393024,0.12939209594176365,0.14513890743255614,0.5458333515203916,1.5668712854385376,1.1914939880371094,1.4028688669204712,1.412900447845459,1.4965754747390747,0.8289220929145813,1.1925147771835327,3.1996965408325195,0.6930411458015442,0.05105258524417877,2.6699323654174805,0.49052318930625916
226,0.0001,0.18184410454705358,0.8775874486027587,0.3878495170519902,0.7302742663916311,0.8387936020668664,200.6157295703888,0.14011174603365362,0.08377813367405906,0.08529869059566408,0.12970662442967296,0.14011174603365362,0.5222577448002994,0.14753720462322234,0.19396862937853887,0.07094019376314603,0.1308072146314841,0.14753720462322234,0.5338111721552335,1.5683854818344116,1.1906583309173584,1.403833270072937,1.4135847091674805,1.4946913719177246,0.8293147683143616,1.184901237487793,3.203253984451294,0.6932713985443115,0.052948545664548874,2.665271282196045,0.4902154207229614
227,0.0001,0.19036340236198157,0.8621489424871862,0.4019672393798828,0.7251639814649639,0.8351602627672929,173.87091374397278,0.14088970073498785,0.08770184620516375,0.08457032195292413,0.13165857444982976,0.14088970073498785,0.505954819964245,0.15005758221332843,0.21422090301146873,0.06786421239376068,0.13082485210437042,0.15005758221332843,0.5044098446002373,1.568273663520813,1.1912471055984497,1.4045644998550415,1.4108043909072876,1.4947266578674316,0.8297381401062012,1.1893235445022583,3.1996572017669678,0.6942207217216492,0.0497344546020031,2.672133684158325,0.49012890458106995
228,0.0001,0.19120697944890708,0.8677324906007875,0.4312086297915532,0.6934546850970164,0.8121938465785608,190.41943860054016,0.1411186313489452,0.08510798460338265,0.08544780383817852,0.13228349818382412,0.1411186313489452,0.5195424598641694,0.1726061408336346,0.22727632109935467,0.11762346739952381,0.1210698147232716,0.1726061408336346,0.5210201630225548,1.568731665611267,1.1899356842041016,1.4056334495544434,1.4115599393844604,1.4928784370422363,0.8308221101760864,1.188520073890686,3.201920747756958,0.6956716179847717,0.04795347526669502,2.675428867340088,0.4905790686607361
229,0.0001,0.1743804586585611,0.8772082087989194,0.39513732745097235,0.7363057705298351,0.8440913789308525,170.43830919265747,0.1388850201619789,0.07990024669561535,0.08415188558865339,0.13066566153429449,0.1388850201619789,0.5240578129887581,0.1457521915435791,0.20433190648372357,0.07840452778797884,0.12925006368985542,0.1457521915435791,0.5572793217805716,1.569270133972168,1.1890590190887451,1.4066225290298462,1.4038563966751099,1.4937433004379272,0.831306517124176,1.18757164478302,3.1983802318573,0.6956527233123779,0.04531484469771385,2.6696364879608154,0.49109143018722534
230,0.0001,0.18110722303390503,0.8741973567775065,0.4005014685484079,0.7177284719262389,0.8312907524256368,134.64092898368835,0.14016809000167996,0.08362807013327256,0.08613580150995404,0.13233884295914322,0.14016809000167996,0.5307469987310469,0.15003550144342276,0.2073042924587543,0.08843182967259333,0.1225901240339646,0.15003550144342276,0.5456069533641522,1.5672616958618164,1.1879037618637085,1.4076558351516724,1.4019795656204224,1.4947141408920288,0.8322624564170837,1.1888339519500732,3.198660373687744,0.696107804775238,0.04544919356703758,2.656704902648926,0.49181702733039856
231,0.0001,0.18240096245426685,0.8711831106066414,0.4003714992449834,0.7142500143044167,0.8280044707210756,57.40693211555481,0.1418084726901725,0.08402389427646995,0.08583709853701293,0.1299205991672352,0.1418084726901725,0.5210767886601388,0.15086812101877653,0.21237916258665232,0.08909841317396898,0.12581065388826224,0.15086812101877653,0.5451075044962076,1.5657281875610352,1.185402512550354,1.408251166343689,1.3951472043991089,1.4923367500305176,0.8325088620185852,1.1828956604003906,3.201319456100464,0.6959241628646851,0.046737946569919586,2.6520867347717285,0.4917292296886444
232,0.0001,0.18427189835347235,0.8692264981699349,0.44107887836603016,0.6759597127685651,0.7993195317879257,43.76604771614075,0.13841437676455826,0.08708759539877065,0.08430926396977156,0.12911702832207084,0.13841437676455826,0.5305104230064899,0.1617368180018205,0.22583245130685659,0.10472591588130364,0.12067026748107029,0.1617368180018205,0.532921977685048,1.5666056871414185,1.1859877109527588,1.409026861190796,1.3959355354309082,1.4924389123916626,0.8332862257957458,1.181212306022644,3.203537702560425,0.6966512799263,0.0420866459608078,2.6524810791015625,0.4920090138912201
233,0.0001,0.1818744868505746,0.8709420649173382,0.3903963464957017,0.7245469418827776,0.8366140356136237,146.27750205993652,0.1396324661327526,0.08376595767913386,0.08500558324158192,0.12926673353649676,0.1396324661327526,0.515716033289209,0.15065658826094408,0.20143742102843065,0.0982497561436433,0.12446804367578947,0.15065658826094408,0.5552163261633652,1.5650333166122437,1.1856837272644043,1.4101262092590332,1.3963087797164917,1.4910295009613037,0.8340295553207397,1.1741880178451538,3.2000088691711426,0.6960576176643372,0.04365475848317146,2.6466779708862305,0.4928434193134308
234,0.0001,0.18026406376156956,0.8746760421086233,0.3990174807035006,0.7146096819648342,0.8287809708824123,107.99525380134583,0.13891615683678538,0.0827248199202586,0.08745722938328981,0.13105222769081593,0.13891615683678538,0.5264687116723508,0.1499010741710663,0.20139535986460172,0.08524851913635548,0.12762245707787,0.1499010741710663,0.5497612095796145,1.5633994340896606,1.186258316040039,1.4112293720245361,1.389641523361206,1.492558479309082,0.8342306017875671,1.161885142326355,3.198011636734009,0.6960182189941406,0.041575875133275986,2.640450954437256,0.4928828179836273
235,0.0001,0.17672423867043108,0.8782807875710746,0.39823360718213596,0.7274819875615562,0.8377392689514958,122.42990589141846,0.13678260031156242,0.08059721582685597,0.08445485448464751,0.13176451495382935,0.13678260031156242,0.534700539894402,0.15111383199691772,0.20993326902389525,0.08345859600947453,0.12534517863622077,0.15111383199691772,0.5415825554957756,1.5619548559188843,1.185734510421753,1.412397861480713,1.3893598318099976,1.4911220073699951,0.8348270654678345,1.1588231325149536,3.1894819736480713,0.6963821649551392,0.041186265647411346,2.6368587017059326,0.49317389726638794
236,0.0001,0.17888932826463133,0.8768229281775543,0.39906547252948465,0.717056326624248,0.830300724688334,151.51081466674805,0.1385861609596759,0.08154832443688065,0.0811708940891549,0.1304624977055937,0.1385861609596759,0.5276954919099808,0.15308859394146845,0.20184500996883098,0.06475824851256151,0.12928953686585792,0.15308859394146845,0.5127686512011748,1.5592944622039795,1.183899998664856,1.4131158590316772,1.386084794998169,1.4896293878555298,0.8352497220039368,1.1576687097549438,3.196068048477173,0.6967801451683044,0.04475504159927368,2.639411687850952,0.49334707856178284
237,0.0001,0.17585266346577555,0.8770616390792066,0.3992615424669706,0.7321208109308209,0.8405179427532096,41.09628129005432,0.13604963989928365,0.08071789576206356,0.08502442517783493,0.13069598516449332,0.13604963989928365,0.5366379898041487,0.14776010513305665,0.20891157709635222,0.07875806322464576,0.12562199510060823,0.14776010513305665,0.5423991047419034,1.5623137950897217,1.1825711727142334,1.4138671159744263,1.3846458196640015,1.4873567819595337,0.835493266582489,1.1659668684005737,3.1932730674743652,0.6969203948974609,0.04378373548388481,2.6352951526641846,0.49294933676719666
238,0.0001,0.18121993518434465,0.8774728436813627,0.38285308617811936,0.7294296264423636,0.8390824870821061,81.21001553535461,0.1376515885349363,0.08232493052491918,0.08483439165866002,0.13171444658655673,0.1376515885349363,0.5357396109029651,0.14473028618555803,0.2023802032837501,0.07385874860561811,0.12886266307188915,0.14473028618555803,0.5524690325443561,1.5610989332199097,1.1799343824386597,1.4149682521820068,1.3823974132537842,1.486898422241211,0.8361698389053345,1.1785749197006226,3.1917028427124023,0.6978196501731873,0.04456431046128273,2.635000228881836,0.4926413595676422
239,0.0001,0.17006414907518774,0.8827159916839772,0.39249789944061864,0.7329502416074858,0.8404585864130958,192.70021533966064,0.1364203713601455,0.0786694931157399,0.08185978245455772,0.13219145219773054,0.1364203713601455,0.5388219868764281,0.14671310094686654,0.21320965106670672,0.0786898136138916,0.1284488123196822,0.14671310094686654,0.5512083972875889,1.562666416168213,1.1803454160690308,1.4155076742172241,1.3818522691726685,1.4858051538467407,0.8366231322288513,1.1724063158035278,3.189864158630371,0.6979098916053772,0.04376179724931717,2.634188175201416,0.49281248450279236
240,0.0001,0.17709357070270926,0.8755308386078148,0.37162446471361016,0.7376295014609224,0.8445816394671863,143.12426328659058,0.13915409799665213,0.0824565282673575,0.08368481090292335,0.13115709042176604,0.13915409799665213,0.5246280734427273,0.1529014344398792,0.18606038597913888,0.07031081811739848,0.12937431599085147,0.1529014344398792,0.5174935411948424,1.5613071918487549,1.1793622970581055,1.416853427886963,1.382437825202942,1.4829692840576172,0.8370753526687622,1.1662806272506714,3.1855130195617676,0.6981251239776611,0.042566556483507156,2.6349456310272217,0.4933861792087555
241,0.0001,0.1746826790040359,0.8775467411481863,0.41020994186401366,0.7089939726555731,0.8242643793682063,160.9749026298523,0.13547022035345435,0.08055671607144177,0.08296923886518925,0.12866995204240084,0.13547022035345435,0.5410796739161015,0.14647613442861118,0.22290385778133687,0.09125894709275319,0.12120989962266042,0.14647613442861118,0.5566102938010142,1.5594440698623657,1.1780868768692017,1.417319655418396,1.3795650005340576,1.483750581741333,0.8373014330863953,1.1689093112945557,3.1812448501586914,0.6985280513763428,0.050496600568294525,2.6355578899383545,0.49501365423202515
242,0.0001,0.176930982619524,0.8763912662228254,0.3953292727470398,0.7231703283415083,0.8347325202922367,75.51416635513306,0.13738329720217735,0.08194525828002952,0.0823771491413936,0.12933893932495266,0.13738329720217735,0.5263469461351633,0.14640369002635661,0.20578538592045123,0.08432449469199547,0.12162456684387647,0.14640369002635661,0.5616162034181448,1.555885910987854,1.1761373281478882,1.4178792238235474,1.375296950340271,1.4850704669952393,0.8376972079277039,1.1697371006011963,3.183685779571533,0.6988385915756226,0.05137984827160835,2.634843349456787,0.4951786994934082
243,0.0001,0.17970978491939604,0.874324308576385,0.3710158100494972,0.7506675848627167,0.8546512405089398,131.37417817115784,0.13703725638333708,0.0836101716849953,0.08630434487713501,0.1310644350014627,0.13703725638333708,0.5456219217739999,0.15029367942076463,0.19491867606456464,0.09335856644006876,0.1211715871324906,0.15029367942076463,0.5503881161029522,1.5559393167495728,1.1780099868774414,1.4187519550323486,1.3746986389160156,1.4848800897598267,0.8383607864379883,1.1643096208572388,3.18109393119812,0.6993542909622192,0.05980753153562546,2.6298229694366455,0.4953383803367615
244,0.0001,0.17656824178993702,0.8753888094602298,0.37848461132783157,0.7381578751965804,0.8461807232691773,173.41379117965698,0.1408333710860461,0.0795546232839115,0.0826753614237532,0.1286647382657975,0.1408333710860461,0.5162066109478474,0.14654510204608623,0.20426390583698567,0.08555979338976052,0.12396387033737623,0.14654510204608623,0.5480033977673604,1.5538482666015625,1.1766760349273682,1.4191062450408936,1.3713552951812744,1.4839906692504883,0.8392248749732971,1.1473264694213867,3.182020425796509,0.6991745233535767,0.06190413981676102,2.63083553314209,0.4957391321659088
245,0.0001,0.17199878406245261,0.8799196195530016,0.3803094414564279,0.7376175839447374,0.8458266876999405,152.84908890724182,0.13803669845219702,0.07954373705433682,0.08509327529463917,0.13072154123801738,0.13803669845219702,0.5279330569319427,0.1440151810646057,0.1978453461940472,0.08287330063489767,0.12384286488478001,0.1440151810646057,0.5626422840815324,1.5530319213867188,1.1741786003112793,1.419969916343689,1.3691105842590332,1.4795832633972168,0.8399760723114014,1.1487340927124023,3.1752853393554688,0.6990959644317627,0.0596066415309906,2.627091884613037,0.49588900804519653
246,0.0001,0.17705264897085726,0.8737159879029702,0.3975064121759855,0.7241562778426721,0.8362393775741933,184.01950812339783,0.136445133946836,0.08119857194833457,0.08226956357248127,0.130603096797131,0.136445133946836,0.5307044731453061,0.15020405925237215,0.21689779437505283,0.09367528672401722,0.12238589273049282,0.15020405925237215,0.5576449829798479,1.5549567937850952,1.1739901304244995,1.420527696609497,1.369464635848999,1.4794446229934692,0.8409608602523804,1.141808271408081,3.1723856925964355,0.7003726363182068,0.057200562208890915,2.624899387359619,0.49562788009643555
247,0.0001,0.17137704428751022,0.8806890642414287,0.38508137189424957,0.7363292106346,0.8431800640122661,179.85122394561768,0.13566454651299864,0.07873466669116169,0.08209379576146603,0.1330537076573819,0.13566454651299864,0.5449173250235617,0.1465247039611523,0.1984612281505878,0.08241025450137945,0.1271337451843115,0.1465247039611523,0.5562108869736011,1.5559619665145874,1.1735138893127441,1.4212816953659058,1.3695157766342163,1.4795269966125488,0.8410448431968689,1.145534873008728,3.166964054107666,0.7007228136062622,0.05799548700451851,2.6253714561462402,0.4959946274757385
248,0.0001,0.16524210048373789,0.8871084475075106,0.39904129138359656,0.7320361401989233,0.8410287688905832,148.20228791236877,0.13504588755313307,0.0769275778438896,0.08311434299685061,0.13251217501237988,0.13504588755313307,0.5477507710456848,0.14796989835225619,0.21454221193607037,0.09121152689823737,0.12365652597867526,0.14796989835225619,0.5630753430036398,1.5535858869552612,1.1717866659164429,1.4215818643569946,1.3646490573883057,1.4784207344055176,0.8415853381156921,1.1434664726257324,3.1613736152648926,0.7011744379997253,0.05117193982005119,2.6157610416412354,0.49654391407966614
249,0.0001,0.16666087787598372,0.885432650946986,0.3925645397259639,0.7331385113674871,0.8423053009152527,137.41534566879272,0.13672884996049106,0.07762204698519781,0.08197507518343627,0.1316337507450953,0.13672884996049106,0.5395583272911608,0.14484300980201134,0.20597281318444471,0.07545799120114399,0.12611026672216563,0.14484300980201134,0.5500126616312907,1.551629900932312,1.1710540056228638,1.4222110509872437,1.3611819744110107,1.4774543046951294,0.8421647548675537,1.1382335424423218,3.1565277576446533,0.7006253004074097,0.04737510159611702,2.6203696727752686,0.4963988959789276
250,0.0001,0.16552810568828136,0.8853949924875418,0.38583313868596003,0.7310255624866979,0.840544701509128,100.84178757667542,0.13562512141652405,0.07724914012942463,0.08609484159387648,0.13104999426286668,0.13562512141652405,0.5422532530501485,0.15124528132952175,0.20791308054557214,0.09891311113650982,0.12452143900669538,0.15124528132952175,0.5617384621730217,1.5492653846740723,1.1706361770629883,1.422872543334961,1.360291600227356,1.4775683879852295,0.8426796793937683,1.1388753652572632,3.1501200199127197,0.7012348175048828,0.04550354927778244,2.6116859912872314,0.4966966509819031
251,0.0001,0.16478403215296566,0.885509799420882,0.3930298841916598,0.7362857565029228,0.8453335374868253,60.03351354598999,0.13268020236864686,0.07579659041948617,0.08261413348373026,0.13042212754953653,0.13268020236864686,0.5460727964527905,0.14569288217104398,0.20682609493915852,0.07948183990441836,0.12491054626611563,0.14569288217104398,0.5414679907835447,1.5470198392868042,1.1682097911834717,1.4237827062606812,1.3619956970214844,1.4780170917510986,0.8433852791786194,1.142195701599121,3.147303342819214,0.7015853524208069,0.04003037512302399,2.600097894668579,0.4967282712459564
252,0.0001,0.1680894587188959,0.8854895163926043,0.4064069436146663,0.7123827538241368,0.8275258851157837,98.03230667114258,0.1334382175700739,0.0778461309382692,0.08262835606001318,0.1317362660774961,0.1334382175700739,0.5406516641378403,0.15060911682935862,0.19789232474107007,0.07311490602218187,0.12572457102628853,0.15060911682935862,0.5251541903385749,1.5458050966262817,1.1673883199691772,1.42449152469635,1.3551855087280273,1.4766587018966675,0.8440355658531189,1.1201386451721191,3.144092559814453,0.7015069723129272,0.04586949944496155,2.60066819190979,0.49722224473953247
253,0.0001,0.16649852565024048,0.8835164375993921,0.38895911895311797,0.7327026322616265,0.8416446929703083,148.74047255516052,0.13317984237801284,0.07703255140222609,0.08107951190322638,0.12979075801558793,0.13317984237801284,0.5361159045714885,0.15353444402034466,0.21068067390185136,0.10171542362524913,0.12056911496015696,0.15353444402034466,0.5589831221562166,1.5439454317092896,1.165610671043396,1.4249907732009888,1.3546557426452637,1.475214958190918,0.8445645570755005,1.126920223236084,3.142031192779541,0.7019786238670349,0.04204452410340309,2.5983872413635254,0.49731945991516113
254,0.0001,0.17321444873232394,0.8806912037472183,0.3990632841220269,0.7341501253192708,0.8411363269810135,40.709561347961426,0.13522596820257604,0.0808060506824404,0.08112885314039886,0.13218246609903872,0.13522596820257604,0.5532702966593206,0.14815192635242755,0.2210454225540161,0.09237687771136945,0.12686301057155316,0.14815192635242755,0.5540938464494852,1.5425128936767578,1.1661169528961182,1.4261746406555176,1.3532989025115967,1.476714015007019,0.8453794717788696,1.1315101385116577,3.1408512592315674,0.7022295594215393,0.045636117458343506,2.602952241897583,0.4970870614051819
255,0.0001,0.1682319410610944,0.8842714093829939,0.40058163358614995,0.7336769254850852,0.8421987709874512,64.68203043937683,0.13726429548114538,0.07662353952764533,0.08288099162746221,0.13134773704223335,0.13726429548114538,0.5372884296812117,0.14550094100145194,0.21249811947345734,0.06777985394001007,0.12914723066183237,0.14550094100145194,0.5356376019807962,1.5403358936309814,1.1650913953781128,1.4264613389968872,1.3549772500991821,1.474291443824768,0.8456800580024719,1.1305978298187256,3.1340584754943848,0.7025952935218811,0.04009654372930527,2.596250534057617,0.49709680676460266
256,0.0001,0.16434244927950203,0.889000719159986,0.3854198437470656,0.7424788708124236,0.8487197274394936,203.27986669540405,0.13635385665111244,0.07503670317237265,0.08238172042183578,0.1310354268644005,0.13635385665111244,0.5397820486687124,0.15403644855205828,0.1939299409206097,0.05842111099224824,0.1302283852146222,0.15403644855205828,0.4939333853813318,1.5364506244659424,1.1637308597564697,1.4274357557296753,1.3515522480010986,1.4724913835525513,0.8465684652328491,1.1280791759490967,3.1381421089172363,0.7034886479377747,0.04192687198519707,2.5948078632354736,0.49731317162513733
257,0.0001,0.16541386884637177,0.8883559667335366,0.38442064890494715,0.7406726326416265,0.8466890815435337,150.74482774734497,0.13766409386880696,0.07621701358584687,0.08309972030110657,0.13192839175462723,0.13766409386880696,0.5307040577754378,0.14529522290596594,0.20863839915165536,0.07806375989547143,0.12515263041624655,0.14529522290596594,0.5515006042443789,1.5351758003234863,1.1625734567642212,1.4279181957244873,1.3486191034317017,1.4711092710494995,0.8472077250480652,1.1279317140579224,3.1353390216827393,0.7033870220184326,0.040705934166908264,2.5918402671813965,0.497588187456131
258,0.0001,0.18094491632655263,0.8713786107513688,0.4246423290326045,0.7080590763370045,0.823735378002403,150.262056350708,0.13670314953196794,0.08574635369586758,0.0828221861156635,0.13077055057510734,0.13670314953196794,0.5300567299127579,0.15013658083402193,0.23691324362388025,0.08808463972348433,0.12284607061972985,0.15013658083402193,0.5502970314942873,1.5361785888671875,1.1622563600540161,1.428596019744873,1.34965181350708,1.4679744243621826,0.8477321267127991,1.1185457706451416,3.1376781463623047,0.7032285332679749,0.04239341989159584,2.5915935039520264,0.4975184500217438
259,0.0001,0.16797730000689626,0.8841110436782739,0.38527659086080696,0.7414312190529854,0.8476199373805929,41.36538887023926,0.13801397336646914,0.07793303643120453,0.08239239302929491,0.13078672357369214,0.13801397336646914,0.5372603805735707,0.14455115932684678,0.20193563516323382,0.0717515977529379,0.12660643194730464,0.14455115932684678,0.5435785935475276,1.5358041524887085,1.1620320081710815,1.4295358657836914,1.3502564430236816,1.4692049026489258,0.8482677340507507,1.1223738193511963,3.136461019515991,0.7032160758972168,0.037194471806287766,2.5890698432922363,0.49741432070732117
260,0.0001,0.1611329964362085,0.8916849262472631,0.39861671466093795,0.7309027937892529,0.8395250385025067,42.236735343933105,0.13391665962990373,0.07471553253708407,0.08301904133986682,0.13076880876906216,0.13391665962990373,0.5519889816641808,0.14808198672074538,0.21447289081720206,0.06430017615740116,0.12865063032278648,0.14808198672074538,0.5306677650946837,1.5347436666488647,1.1604548692703247,1.4303725957870483,1.348577618598938,1.468940019607544,0.8488160967826843,1.1175644397735596,3.1331377029418945,0.703723669052124,0.033657047897577286,2.5879058837890625,0.4973740577697754
261,0.0001,0.16744603135157377,0.8838177931273794,0.41045021093808687,0.7224498111560453,0.8344625545580473,160.77766466140747,0.13524251349736005,0.07865241545368917,0.08314327558036894,0.12890624126885086,0.13524251349736005,0.5378421714995056,0.14540456029085014,0.2105131710951145,0.07312875676613588,0.12311069529790145,0.14540456029085014,0.5473939081797233,1.5337998867034912,1.1594291925430298,1.4310007095336914,1.3462564945220947,1.4657349586486816,0.8494015336036682,1.1153135299682617,3.130585193634033,0.7038418650627136,0.032603248953819275,2.580906867980957,0.49731165170669556
262,0.0001,0.16833779390435666,0.8860985636080865,0.4044852894086104,0.717328677515646,0.8310690850898207,57.4316782951355,0.13533968687988818,0.07664233323885128,0.08250748587306589,0.12883678486105055,0.13533968687988818,0.539334649220109,0.1453609695801368,0.2140999408868643,0.08009408414363861,0.11998057846839612,0.1453609695801368,0.5468896260628333,1.5327427387237549,1.1583194732666016,1.4319941997528076,1.3448505401611328,1.4667563438415527,0.8497911095619202,1.1098891496658325,3.139986276626587,0.7041692137718201,0.03754633292555809,2.585355758666992,0.4982670247554779
263,0.0001,0.1684629962546751,0.8828298511655475,0.3784730397737943,0.7433825000693068,0.8486430391026233,52.96261382102966,0.13473530620103702,0.079446439165622,0.0835351140704006,0.1300148352747783,0.13473530620103702,0.5346091943792999,0.15207534684584692,0.18547696471214295,0.05937981834778419,0.1296299181305445,0.15207534684584692,0.5020974333469684,1.5313827991485596,1.1598776578903198,1.4324429035186768,1.3434710502624512,1.4651297330856323,0.8504945635795593,1.1117701530456543,3.135441780090332,0.7044951915740967,0.03626048564910889,2.586743116378784,0.4986135959625244
264,0.0001,0.16310254589188844,0.8925207786899021,0.3861305154286898,0.7294387949696539,0.8383157661476544,162.6993796825409,0.1372899046400562,0.0751799033023417,0.08292238239664584,0.13025416259188205,0.1372899046400562,0.5451510034035891,0.14823290980779208,0.20055836943479685,0.06843934173767384,0.1268913032916876,0.14823290980779208,0.5225765927479817,1.531646966934204,1.158906102180481,1.4335155487060547,1.3430941104888916,1.4636423587799072,0.8511990308761597,1.105817198753357,3.127798080444336,0.7049477100372314,0.034391846507787704,2.5841543674468994,0.49887630343437195
265,0.0001,0.15849253186024725,0.894546820614772,0.3966746018483089,0.7294190199877089,0.838827175786225,147.83975076675415,0.13393720507156104,0.07473423972260207,0.08354476687964052,0.12802879395894706,0.13393720507156104,0.5435694856569171,0.14726732831734876,0.22495477474652803,0.08940198868513108,0.12290393354801031,0.14726732831734876,0.5553218717758472,1.5297273397445679,1.1588997840881348,1.4342972040176392,1.337570309638977,1.4639551639556885,0.8518132567405701,1.1021740436553955,3.1213231086730957,0.7050963640213013,0.03338771313428879,2.5785911083221436,0.4987421929836273
266,0.0001,0.16179723083041608,0.8876270822780592,0.399320283302894,0.7262026640699104,0.8366987696812743,41.99913215637207,0.13383039855398238,0.0774698798195459,0.08351779880467802,0.12929272442124784,0.13383039855398238,0.5363554570358247,0.14633672695893507,0.21445912672923162,0.0783768906043126,0.1226927229991326,0.14633672695893507,0.5448815100468122,1.5296975374221802,1.1585835218429565,1.4350956678390503,1.335066795349121,1.4618158340454102,0.8521603345870972,1.105185627937317,3.113466262817383,0.704444944858551,0.03189949691295624,2.574716567993164,0.4990161061286926
267,0.0001,0.16178849420975894,0.8899138546576932,0.4234117966431838,0.7062970152825797,0.8227191303922109,49.24883818626404,0.13631104526575655,0.07448398659471422,0.08109268505359069,0.12869591021444649,0.13631104526575655,0.53892663680017,0.15260321635466356,0.23799420090822074,0.10136334208341745,0.12059528644268329,0.15260321635466356,0.5596918835089757,1.5271291732788086,1.156811237335205,1.436231017112732,1.3346354961395264,1.46382737159729,0.8530892133712769,1.1062567234039307,3.114234447479248,0.7046899199485779,0.028933510184288025,2.5743966102600098,0.49888619780540466
268,0.0001,0.1604940522229299,0.8903997804896189,0.37608602322064916,0.7406999391242314,0.8475801054678139,162.80276370048523,0.13492331432644278,0.07547115994384512,0.08349276467924938,0.13031483232043684,0.13492331432644278,0.5584708675742149,0.14468852969316337,0.19922454219598038,0.08288724502691856,0.12503355523714652,0.14468852969316337,0.5603238046169281,1.5244417190551758,1.1546937227249146,1.4368773698806763,1.3364466428756714,1.4614849090576172,0.8535786271095276,1.1012256145477295,3.1077098846435547,0.705294132232666,0.027471665292978287,2.571415901184082,0.49894484877586365
269,0.0001,0.15872793330345303,0.8929407848800102,0.4041521274126493,0.7268319257929027,0.8369368415820586,47.8112907409668,0.13311061810236424,0.0747691101860255,0.08284192648716271,0.13176338816992939,0.13311061810236424,0.5437322752550244,0.1549734597022717,0.22381709149250617,0.10587538159810579,0.12140104312163133,0.1549734597022717,0.5605968741270212,1.522976279258728,1.1540706157684326,1.437268614768982,1.3314942121505737,1.4598233699798584,0.8540730476379395,1.098530650138855,3.1016759872436523,0.7053840756416321,0.025933554396033287,2.5656800270080566,0.49884483218193054
270,0.0001,0.1630294295027852,0.8868203751404301,0.3938826803977673,0.7361918434992643,0.8444162768913192,58.889439821243286,0.13683874742127955,0.07401205762289464,0.0814822408137843,0.12832463916856796,0.13683874742127955,0.5314121688716114,0.15264134705066681,0.19971552216089689,0.06039077857365975,0.13055988527261295,0.15264134705066681,0.5114163398742676,1.5249000787734985,1.1538077592849731,1.4380178451538086,1.3330870866775513,1.4559636116027832,0.854761004447937,1.1035774946212769,3.102552652359009,0.7059994339942932,0.02845415472984314,2.5642166137695312,0.49904710054397583
271,0.0001,0.15552502870559692,0.8972134197114755,0.38335589262155384,0.7392252415085263,0.8458257822628742,138.62252140045166,0.13126451388234273,0.07203571009449661,0.08094180125044659,0.13041834393516183,0.13126451388234273,0.5564802004955709,0.14463925132384667,0.20857243308654197,0.08006081844751652,0.1283086984203412,0.14463925132384667,0.55163897390549,1.5233088731765747,1.1531683206558228,1.4386175870895386,1.3311827182769775,1.4557589292526245,0.8553001284599304,1.1056082248687744,3.102391242980957,0.7063642740249634,0.0296232420951128,2.5633904933929443,0.49885088205337524
272,0.0001,0.15502327145077288,0.8917042638387263,0.40741281922046957,0.7192781969017596,0.8314498104548658,153.2116858959198,0.12971420143730938,0.07308007692336105,0.08136295439908281,0.13010107981972396,0.12971420143730938,0.554012471344322,0.14978012901086074,0.22245664779956525,0.0890565812587738,0.12571323800545472,0.14978012901086074,0.5497540373068589,1.5228321552276611,1.1518638134002686,1.4393372535705566,1.3306220769882202,1.456346035003662,0.8555294275283813,1.103617548942566,3.1016340255737305,0.7065464854240417,0.026955990120768547,2.5637452602386475,0.4990445077419281
273,0.0001,0.15491711045615375,0.8974262926975644,0.3869345921736497,0.7386976330484514,0.8450009137146907,168.487233877182,0.1331634831149131,0.07121658616233617,0.08033159712795168,0.13094555295538157,0.1331634831149131,0.5507410285063088,0.14395928199474628,0.21987392031229458,0.0841264315522634,0.12685533177394134,0.14395928199474628,0.5584559782193257,1.522011637687683,1.1502203941345215,1.4399282932281494,1.3289763927459717,1.454904556274414,0.8559766411781311,1.100868821144104,3.0964717864990234,0.7071782350540161,0.023651113733649254,2.556469202041626,0.4989207088947296
274,0.0001,0.15453099925071,0.8948863446220804,0.39396471427037166,0.7356850082794485,0.8445330710759765,165.90079021453857,0.13190466858213767,0.07331306178821251,0.08224016916938126,0.12929286458529532,0.13190466858213767,0.5490005281753838,0.14463218725644625,0.2156679180952219,0.07987073545272534,0.1259560315654828,0.14463218725644625,0.557912884079493,1.521018624305725,1.1498162746429443,1.4407442808151245,1.3251603841781616,1.4549480676651,0.8562777638435364,1.0991400480270386,3.101536273956299,0.7073904871940613,0.022533459588885307,2.5530431270599365,0.49885544180870056
275,0.0001,0.1564150012563914,0.8951569908099555,0.39384407355235174,0.7319603211194594,0.8407526777909218,276.4934821128845,0.13156301819253713,0.07482815650291741,0.08159892325056717,0.12956426036544144,0.13156301819253713,0.5568375010043383,0.14314267887518956,0.2151377544953273,0.07625430661898393,0.12524095326662063,0.14314267887518956,0.5484947610359926,1.5208379030227661,1.1477389335632324,1.441245436668396,1.324887752532959,1.4574029445648193,0.8566650152206421,1.0958136320114136,3.1024177074432373,0.7076432108879089,0.02327151969075203,2.551814079284668,0.49871549010276794
276,0.0001,0.16421041975263506,0.8847112204739628,0.44474164981108444,0.6818509336359305,0.8025898542989904,81.70292854309082,0.1338888662867248,0.07684485474601388,0.08032812806777656,0.12862193619366735,0.1338888662867248,0.5403904041741043,0.15090367564788232,0.24633327309901898,0.08804328980354162,0.12390273144611945,0.15090367564788232,0.5501005200239328,1.5204713344573975,1.1476078033447266,1.4416970014572144,1.325558066368103,1.4549015760421753,0.8576017618179321,1.0898675918579102,3.1063969135284424,0.707564115524292,0.025690622627735138,2.5593514442443848,0.4989573359489441
277,0.0001,0.1600975028704852,0.891539389969667,0.41890927644876336,0.7133808599085786,0.8269945546455238,170.30274081230164,0.13231012190226465,0.0765038043318782,0.08207741467049345,0.13030233094468713,0.13231012190226465,0.5507777777966112,0.15362049707999595,0.23953907260527976,0.10355755686759949,0.12207457308585827,0.15362049707999595,0.5580259268100445,1.5202281475067139,1.1481539011001587,1.4423816204071045,1.3231998682022095,1.452724814414978,0.8581434488296509,1.0902862548828125,3.101111888885498,0.7079077959060669,0.030760107561945915,2.5584113597869873,0.4992051124572754
278,0.0001,0.15080252301413566,0.8969832631044367,0.3953405779141646,0.7280668643108242,0.8377941975843006,41.80577564239502,0.12978031707461923,0.07071789065958001,0.0812412662198767,0.13023464672733098,0.12978031707461923,0.5507192621007562,0.14912859247281002,0.21323082813849817,0.09210285452695993,0.12206863440000094,0.14912859247281002,0.5587760586004991,1.518412709236145,1.1474525928497314,1.4429470300674438,1.3208143711090088,1.4521039724349976,0.8584321141242981,1.0883606672286987,3.0967440605163574,0.7081668376922607,0.03098396584391594,2.5560848712921143,0.4996057152748108
279,0.0001,0.15827389515470713,0.8925488895117483,0.3956852922072777,0.7286963572618277,0.837895457390562,53.042151927948,0.1326975665288046,0.07289952909923159,0.08124250965192914,0.12908450420945883,0.1326975665288046,0.5590870752930641,0.15208867719540228,0.21128853009297296,0.07262564461964827,0.12600266761504686,0.15208867719540228,0.5327372530331979,1.5176383256912231,1.1474952697753906,1.4437217712402344,1.3210508823394775,1.4524823427200317,0.858742356300354,1.0855623483657837,3.0942416191101074,0.708001434803009,0.035624392330646515,2.5552070140838623,0.4998859465122223
280,0.0001,0.16017561766784638,0.8906986471743475,0.40673736884043765,0.7227363406510983,0.8340344536666413,172.77359747886658,0.13439651811495423,0.07560744264628738,0.08042449387721717,0.13095261773560196,0.13439651811495423,0.5350262187421322,0.14635850191116334,0.23111355694440694,0.09323861816754708,0.12175383029075769,0.14635850191116334,0.5640650497033046,1.5180660486221313,1.1473380327224731,1.4442099332809448,1.3208030462265015,1.4509220123291016,0.8592215180397034,1.0832443237304688,3.0908966064453125,0.7082750201225281,0.03577984496951103,2.5518546104431152,0.49966132640838623
281,0.0001,0.15403117169626057,0.8949200173184814,0.40155745377907387,0.7294670146488358,0.8389963982041293,194.00021862983704,0.1325030520092696,0.07141492870869115,0.08046321105211973,0.13133334822487086,0.1325030520092696,0.5515200146473944,0.14567993925167963,0.21229645357682156,0.06527092468280059,0.12859479532792017,0.14567993925167963,0.543677008152008,1.5175703763961792,1.1447677612304688,1.4449763298034668,1.3211493492126465,1.4502981901168823,0.8594523072242737,1.0826880931854248,3.0861260890960693,0.7083509564399719,0.039953723549842834,2.551276922225952,0.499674528837204
282,0.0001,0.1481345274951309,0.9014017390429098,0.3952721861692575,0.7321115130098463,0.8406483039387951,158.09406089782715,0.13100985629716888,0.06869098643073812,0.08053362660575658,0.12970124115236104,0.13100985629716888,0.5589100276120007,0.14540803065666785,0.2096090807364537,0.0734465113052955,0.1257598965213849,0.14540803065666785,0.5436864919387377,1.5153714418411255,1.1432952880859375,1.445481538772583,1.321173906326294,1.4509012699127197,0.8596231341362,1.0825722217559814,3.0854954719543457,0.708598792552948,0.04094097018241882,2.548546075820923,0.4995630085468292
283,0.0001,0.14935720257926732,0.9037062542456741,0.3961225106165959,0.7315693281653093,0.8395669684262952,147.54315042495728,0.12875580368563533,0.06878940193564631,0.0800355157116428,0.1294432330178097,0.12875580368563533,0.5599121814593673,0.1497892526479868,0.21248719302507546,0.08630139472392889,0.12404718685608644,0.1497892526479868,0.5446477520924348,1.5136445760726929,1.1421153545379639,1.4460726976394653,1.3186458349227905,1.4487239122390747,0.8600307106971741,1.0794130563735962,3.0810375213623047,0.7086088061332703,0.03574369475245476,2.5454795360565186,0.4995557963848114
284,0.0001,0.1462323652813211,0.9026200451811901,0.4134097291873052,0.7278769800748837,0.838437249382114,41.96005058288574,0.1332229920080863,0.06820324127329513,0.08245345210889354,0.12828520860057324,0.1332229920080863,0.5462056454271078,0.14516540490663968,0.22532963385948768,0.07151403438586455,0.12663695903924796,0.14516540490663968,0.5419851140334055,1.5127944946289062,1.1413493156433105,1.4465949535369873,1.3166813850402832,1.4474693536758423,0.8605062961578369,1.077979326248169,3.079287052154541,0.7084388136863708,0.037013061344623566,2.5438449382781982,0.49932196736335754
285,0.0001,0.15266219771001488,0.8960017685213233,0.38892062673201927,0.7359280675609102,0.8431394301354876,42.42768478393555,0.13296663976507261,0.07215623673982918,0.0796393487835303,0.12774686992634088,0.13296663976507261,0.5453352886252105,0.14527414303559524,0.20599660323216365,0.07677220083200015,0.12455326353128139,0.14527414303559524,0.5515427250128526,1.5133421421051025,1.141637921333313,1.4472081661224365,1.3136234283447266,1.4475088119506836,0.8609753251075745,1.0768775939941406,3.0802273750305176,0.7086429595947266,0.039755865931510925,2.5432045459747314,0.4993988573551178
286,0.0001,0.1539913824526593,0.8968996099987606,0.3940034371155959,0.7327204268274703,0.8420318775072619,41.42159414291382,0.12951691285707057,0.07109586277510971,0.07995249412488192,0.12898725806735456,0.12951691285707057,0.5513590001501143,0.14508602435772236,0.21082210976343888,0.07142439484596252,0.1239809193290197,0.14508602435772236,0.542068564433318,1.5113415718078613,1.140498161315918,1.4477812051773071,1.3127185106277466,1.4473621845245361,0.8611820936203003,1.0737923383712769,3.0789313316345215,0.7085663080215454,0.03517154976725578,2.539137125015259,0.4993021786212921
287,0.0001,0.15581794432364404,0.9001861450028561,0.3867182181431697,0.7342191114722448,0.8430996721020794,43.4480926990509,0.13069907203316689,0.07216419675387442,0.08092130487784743,0.12995652691461146,0.13069907203316689,0.5647497423924506,0.14434138398904067,0.20678150699688838,0.08089182239312392,0.12427818431304051,0.14434138398904067,0.5647744490550115,1.5107650756835938,1.1402769088745117,1.448357105255127,1.3115440607070923,1.4458861351013184,0.8615087270736694,1.0665172338485718,3.0751736164093018,0.7086960673332214,0.03745552524924278,2.531545400619507,0.499370813369751
288,0.0001,0.1444114490877837,0.9031016386780784,0.40250481092012846,0.7218025771220837,0.8327376483892774,44.48461127281189,0.1308611142449081,0.06726196414092556,0.078615598147735,0.13026730506680906,0.1308611142449081,0.5599015806801617,0.14879595132974477,0.21701325132296637,0.0638989562025437,0.12941506734261146,0.14879595132974477,0.5256809757306026,1.5109103918075562,1.1402729749679565,1.4488942623138428,1.309098482131958,1.4451557397842407,0.8616689443588257,1.0661381483078003,3.073704719543457,0.7087193131446838,0.03485392779111862,2.5312209129333496,0.4993651807308197
289,0.0001,0.14876198477577418,0.9004858438418012,0.40552912400319024,0.7215646672709575,0.8330745842903773,42.376850605010986,0.13080833829008043,0.06857388318167068,0.08045801566913724,0.13159408082719892,0.13080833829008043,0.5555039988830686,0.1452170179440425,0.22999937534332277,0.09165076911449432,0.12305150467615861,0.1452170179440425,0.5704472482204437,1.5095573663711548,1.140589714050293,1.4491885900497437,1.3078230619430542,1.4449591636657715,0.8624156713485718,1.0645006895065308,3.0685389041900635,0.7084385752677917,0.03390248119831085,2.5322179794311523,0.4991707503795624
290,0.0001,0.1509679527953267,0.8982664245047448,0.402215785246629,0.7283211089510399,0.8382876202112619,43.14295744895935,0.12967516953358427,0.07039148255717009,0.07901093282271177,0.13065509661100805,0.12967516953358427,0.5553480926901102,0.14442941248416902,0.2211946244423206,0.07099206424676455,0.12626833021640776,0.14442941248416902,0.5512879848480224,1.507331371307373,1.140525460243225,1.449503779411316,1.3054760694503784,1.4458458423614502,0.8629835247993469,1.0634684562683105,3.067303419113159,0.708649754524231,0.04080718010663986,2.530500888824463,0.49953386187553406
291,0.0001,0.15102856315206736,0.9030401153193134,0.40532907155843884,0.7273482069075708,0.8371940531517792,39.13620638847351,0.1309229747275822,0.0698448991170153,0.08076562342466787,0.13046182983089238,0.1309229747275822,0.5602840860374272,0.1467568828509404,0.2153532381241138,0.07406768386180584,0.12340098940409147,0.1467568828509404,0.5467249904687588,1.5075470209121704,1.1403489112854004,1.450242042541504,1.3032687902450562,1.4457241296768188,0.8633589148521423,1.0633779764175415,3.065243721008301,0.7096861600875854,0.0585792101919651,2.528477191925049,0.5000102519989014
292,0.0001,0.15443364682141691,0.8977904380570152,0.4016668076698597,0.7228573624115971,0.8339932322395809,39.69660210609436,0.12996448174817488,0.07174503878923133,0.07956592517439276,0.1300603252602741,0.12996448174817488,0.5594007391482592,0.14692645027087284,0.22000461862637447,0.08017281087545249,0.1216328297670071,0.14692645027087284,0.549082141656142,1.506177306175232,1.14002525806427,1.4507315158843994,1.3008767366409302,1.4462101459503174,0.8641278743743896,1.0645194053649902,3.0605287551879883,0.7098417282104492,0.06017206236720085,2.5249440670013428,0.5002396106719971
293,0.0001,0.1489995562005788,0.8969403895029459,0.39382233848938575,0.7252153405420362,0.8347677422896732,43.55253744125366,0.1315885733347386,0.06967541732592508,0.07920023798942566,0.13093457173090428,0.1315885733347386,0.5462213433347642,0.14315088528853195,0.2117306282887092,0.06761565300134512,0.12912920461251184,0.14315088528853195,0.5494854949987852,1.5052858591079712,1.1384263038635254,1.4512290954589844,1.2979727983474731,1.4438397884368896,0.8646227717399597,1.0626461505889893,3.0535101890563965,0.7097705006599426,0.05680180341005325,2.5215959548950195,0.5004310607910156
294,0.0001,0.14617964741773903,0.9040713594720452,0.40260812089993403,0.7319143855101864,0.839825187283783,41.488184452056885,0.1320751759922132,0.06815418001497164,0.08021246280986816,0.13176355534233153,0.1320751759922132,0.5493121896870434,0.14850350022315978,0.2249370325070161,0.0929909185721324,0.12250103136667838,0.14850350022315978,0.5646846285233131,1.5049368143081665,1.1363338232040405,1.4520667791366577,1.2967731952667236,1.4428762197494507,0.8651103377342224,1.0622789859771729,3.0500268936157227,0.7096365690231323,0.05380510911345482,2.5178232192993164,0.5002909302711487
295,0.0001,0.14660084119532257,0.9044652375599224,0.413561619245089,0.7262002288398551,0.8362634225579461,42.61216926574707,0.12930819252505898,0.0675373726116959,0.08125618507619947,0.12934837362263352,0.12930819252505898,0.5599619275890291,0.14741480442193838,0.2384921133518219,0.0900407278766999,0.12285204999721967,0.14741480442193838,0.5620740193587083,1.503636121749878,1.1355576515197754,1.4529082775115967,1.294578194618225,1.4428062438964844,0.8656691312789917,1.059316873550415,3.0455589294433594,0.709683358669281,0.05646875500679016,2.5118584632873535,0.5002668499946594
296,0.0001,0.15028465795330703,0.8983454557651308,0.40405943852204546,0.7306899081647487,0.839269405142984,40.30770969390869,0.13258118781959638,0.07100114924833179,0.07899808057118207,0.13136911881156266,0.13258118781959638,0.5594628979451954,0.14502985569146964,0.22545749820195712,0.07447534730801215,0.12498166549664277,0.14502985569146964,0.5464992626355245,1.503847360610962,1.1354979276657104,1.453644037246704,1.2932106256484985,1.4405584335327148,0.8662192225456238,1.060813069343567,3.0443248748779297,0.7101673483848572,0.05748717859387398,2.512803316116333,0.500440776348114
297,0.0001,0.14340604736935347,0.9049149672543924,0.435238293501047,0.7084230812838326,0.8227757851911871,41.46204137802124,0.13079128751996905,0.0664752445591148,0.08016475499607623,0.12991373531986028,0.13079128751996905,0.5531856622546911,0.1467575504229619,0.24615958012067354,0.08280151715645423,0.12178465574979783,0.1467575504229619,0.5569794760300563,1.5038996934890747,1.1353890895843506,1.4545743465423584,1.2923575639724731,1.4408631324768066,0.8662675023078918,1.0566974878311157,3.048558235168457,0.7093520760536194,0.05448394641280174,2.5086324214935303,0.5004742741584778
298,0.0001,0.15311663586180657,0.89969304693197,0.42003790690348697,0.717586717737389,0.8292491672616968,42.58061981201172,0.13070265238638967,0.07081760172150098,0.07807093864539638,0.1314811408519745,0.13070265238638967,0.5557617251761258,0.16195170673040243,0.2199099526955531,0.049523393981731854,0.13474640261668425,0.16195170673040243,0.48647692524469816,1.5030497312545776,1.1360728740692139,1.4548423290252686,1.2909015417099,1.44002366065979,0.8667939305305481,1.05097496509552,3.0445172786712646,0.7094176411628723,0.05321508273482323,2.508641242980957,0.5006937384605408
299,0.0001,0.1473300295183435,0.9015508564814888,0.4040383714895982,0.7284865689121497,0.837577681341348,42.77484655380249,0.1293986877426505,0.06918580058845691,0.08042279322398826,0.12999887391924858,0.1293986877426505,0.5613117970060557,0.14642794040533214,0.22872020991948935,0.08832009984896733,0.12294592054990622,0.14642794040533214,0.5611849594574708,1.5018202066421509,1.1356011629104614,1.455260157585144,1.2884575128555298,1.4376423358917236,0.8673892617225647,1.049689769744873,3.0384325981140137,0.7095956802368164,0.05362710729241371,2.5056464672088623,0.5010399222373962
300,0.0001,0.13756001670844853,0.9100002655267824,0.3947751975976504,0.736746305601644,0.8444861342444668,43.30801963806152,0.12752497848123312,0.06384437004453503,0.07939463609363884,0.13102534099016339,0.12752497848123312,0.5655610449612141,0.142136445412269,0.2238257178893456,0.07749865467731769,0.12404415641839688,0.142136445412269,0.5642761615606454,1.5009641647338867,1.1342591047286987,1.4561049938201904,1.2872188091278076,1.436692237854004,0.8676407933235168,1.0474021434783936,3.0389599800109863,0.7094924449920654,0.04830463230609894,2.503873586654663,0.5011479258537292
301,0.0001,0.14199956541415304,0.9081203477358865,0.4225176935012524,0.7199604427546072,0.8317717851598877,41.277162075042725,0.12616436567623168,0.067178662691731,0.07706375350244343,0.1309063103981316,0.12616436567623168,0.5654551764018834,0.14277513577387882,0.2448965563223912,0.07146645211256468,0.1257256533090885,0.14277513577387882,0.5565953419758723,1.4992808103561401,1.1332679986953735,1.4567011594772339,1.2855981588363647,1.4345154762268066,0.8679485321044922,1.0532258749008179,3.039952516555786,0.7097020745277405,0.056506700813770294,2.5037336349487305,0.5015036463737488
302,0.0001,0.14354550675489008,0.9051676960780901,0.44617315714175887,0.7048552996993523,0.8209042862684853,41.560351848602295,0.13036062434548512,0.06772578082745895,0.08038809598656371,0.12924778216984123,0.13036062434548512,0.5619283667765558,0.16038350187815154,0.26322671725199775,0.10676588920446542,0.11939479124087554,0.16038350187815154,0.5495172711519095,1.4986015558242798,1.133466362953186,1.4569567441940308,1.2847049236297607,1.4356235265731812,0.8683813810348511,1.0517081022262573,3.0393688678741455,0.7096882462501526,0.05169902369379997,2.498703718185425,0.5016337037086487
303,0.0001,0.14690892794169486,0.9020137605778129,0.41454320687514085,0.7238792186175919,0.8349404954333506,43.005817890167236,0.13176448841113597,0.0676978660048917,0.0796161798061803,0.13132612011395395,0.13176448841113597,0.5564681289251894,0.1506214114335867,0.23994118387882526,0.09290774166584015,0.12112834373345742,0.1506214114335867,0.5605598802749927,1.4967272281646729,1.133545160293579,1.4573615789413452,1.2832733392715454,1.4346030950546265,0.8688167333602905,1.0513933897018433,3.0322248935699463,0.7100077867507935,0.04893346130847931,2.4987869262695312,0.5018206238746643
304,0.0001,0.1492039611330256,0.8982158005395358,0.4036970881315378,0.7322863248774647,0.840780316358674,42.33711767196655,0.12989666662178934,0.07056707461015321,0.0784864429733716,0.13050587906036526,0.12989666662178934,0.5568570038303733,0.14294309845337502,0.2365557345060202,0.08384054624117337,0.12371845566309415,0.14294309845337502,0.5702078347022717,1.4960951805114746,1.1318235397338867,1.457952857017517,1.2825300693511963,1.4349262714385986,0.8689975142478943,1.0468493700027466,3.0289788246154785,0.7099637985229492,0.04408501461148262,2.4958395957946777,0.501960813999176
305,0.0001,0.14007191802375019,0.9082180323416059,0.3979719226176922,0.732256343672428,0.84086535015174,43.186779499053955,0.12816552724689245,0.06501649518031627,0.07982352579711005,0.13009220082312822,0.12816552724689245,0.5658276942558587,0.14786258614980258,0.21731247787292188,0.06127673353140171,0.12777392245255983,0.14786258614980258,0.5318584552178016,1.4944548606872559,1.130144715309143,1.4584307670593262,1.2781516313552856,1.4330250024795532,0.8692824840545654,1.0397483110427856,3.0241353511810303,0.7100979089736938,0.04269213229417801,2.491708517074585,0.5020159482955933
306,0.0001,0.13976990373339504,0.9104648609532668,0.398559224147063,0.7368444092554235,0.8433225144045214,41.93275213241577,0.1255746844690293,0.06408009410370141,0.07875492540188134,0.12907455791719258,0.1255746844690293,0.560205320827663,0.14510840269235464,0.229315401499088,0.08570476162892121,0.12220851423648688,0.14510840269235464,0.5674383910802695,1.4935805797576904,1.1301109790802002,1.4590681791305542,1.2779698371887207,1.4326263666152954,0.8698463439941406,1.0420106649398804,3.0240039825439453,0.7101065516471863,0.04094775393605232,2.490729808807373,0.5020091533660889
307,0.0001,0.14730516087729484,0.9043939640898017,0.39642423941538885,0.730707821250319,0.8401555975399048,44.22676873207092,0.13140741654206067,0.06758173412526958,0.07901570084504783,0.12881790508981794,0.13140741654206067,0.5632509486749768,0.14238889996822063,0.2205615502137404,0.07287290520392932,0.12231095822957846,0.14238889996822063,0.5610578747896048,1.493096113204956,1.1299103498458862,1.459656834602356,1.2793419361114502,1.4351921081542969,0.8702690005302429,1.043956995010376,3.0334997177124023,0.7103250026702881,0.042939890176057816,2.4950754642486572,0.5022181868553162
308,0.0001,0.1464328693691641,0.9012994179672267,0.40161245052631084,0.7301306429745426,0.8397910119710815,43.67018938064575,0.12927805457729846,0.06890401465352625,0.0785664445720613,0.12917283095885068,0.12927805457729846,0.5484764417633414,0.14431949166151192,0.23156528495825254,0.08439782491097084,0.12290999258940037,0.14431949166151192,0.567778728558467,1.491711974143982,1.1290394067764282,1.4601563215255737,1.276308536529541,1.4341925382614136,0.8704798221588135,1.042080044746399,3.0309836864471436,0.7102627158164978,0.04118156060576439,2.4917895793914795,0.5020117163658142
309,0.0001,0.14317602012306452,0.9025139255419968,0.43014082816930915,0.7144588608007916,0.8284976375303935,42.826924324035645,0.1301534528611228,0.06760662706801668,0.07922856824006885,0.1290562794310972,0.1301534528611228,0.5502737830393016,0.15243542927962084,0.2556733236863063,0.09112389339850499,0.11951232323279748,0.15243542927962084,0.5465081441860933,1.4901453256607056,1.1289753913879395,1.4608739614486694,1.2757495641708374,1.4341710805892944,0.8706830143928528,1.0430305004119873,3.0286951065063477,0.7104414701461792,0.040771108120679855,2.490622043609619,0.5021450519561768
310,0.0001,0.1450282825389877,0.902955826324887,0.40150364545675427,0.7267487113153743,0.8365082872188591,41.797935485839844,0.12787497410317883,0.06643073918530717,0.0793237947509624,0.13023519981652498,0.12787497410317883,0.5639510820619762,0.14638356153781598,0.22218830356231103,0.06172510878397868,0.12770624126379307,0.14638356153781598,0.5294729141088632,1.4898260831832886,1.1289000511169434,1.4615352153778076,1.2744226455688477,1.4360902309417725,0.8712273240089417,1.0431652069091797,3.0235745906829834,0.710708498954773,0.04164927452802658,2.493502616882324,0.5024346709251404
311,0.0001,0.14683586673345417,0.9021207366692998,0.4081063564007099,0.7247520985240354,0.835048963141127,43.79900240898132,0.13026123424060643,0.06974315916886553,0.07914898410672322,0.1318931543501094,0.13026123424060643,0.5545565558131784,0.14633356516177837,0.2304366253889524,0.08092992855952336,0.1226866127206729,0.14633356516177837,0.5570204074566181,1.4896701574325562,1.1286925077438354,1.4620457887649536,1.2742810249328613,1.436275839805603,0.8716243505477905,1.0423506498336792,3.018860101699829,0.7107875943183899,0.039796218276023865,2.4924306869506836,0.5021593570709229
312,0.0001,0.14117362454999238,0.9082099183470911,0.40205758259846613,0.7372060660789601,0.8448973097791086,40.677656412124634,0.1264577794354409,0.06404369091615081,0.07805770228151232,0.13186933007091284,0.1264577794354409,0.568632080219686,0.1430418908596039,0.2308581489783067,0.07606610850645945,0.1228451791864175,0.1430418908596039,0.5584952377356016,1.488614797592163,1.1282721757888794,1.4626233577728271,1.2740598917007446,1.4368557929992676,0.8718012571334839,1.0441259145736694,3.017258644104004,0.7106740474700928,0.03896990045905113,2.4906957149505615,0.5020793676376343
313,0.0001,0.13667169422842562,0.9091189447991769,0.417453828224769,0.724805301617017,0.8355580722428428,39.63703417778015,0.12816717673558742,0.06481478057685308,0.08109883993165568,0.12980031943880022,0.12816717673558742,0.557828055229038,0.14353288480868706,0.22963809967041016,0.06651024067631135,0.1261223153426097,0.14353288480868706,0.547941402059335,1.4876813888549805,1.1276421546936035,1.463248610496521,1.2732045650482178,1.4364210367202759,0.8722105026245117,1.0421459674835205,3.0146546363830566,0.7108513116836548,0.03680708259344101,2.487598419189453,0.5023139119148254
314,0.0001,0.1379563962109387,0.9114417176592365,0.42878863536394557,0.7166394381600103,0.8297183777956655,67.73282027244568,0.12171238200971857,0.06257286979234777,0.07698873366462067,0.13062182860448956,0.12171238200971857,0.5767903700470924,0.146161174086424,0.2499124641601856,0.07525506248840919,0.1220457449555397,0.146161174086424,0.5466302296290031,1.4853318929672241,1.127535343170166,1.4635502099990845,1.271836757659912,1.4355132579803467,0.8724439144134521,1.0422475337982178,3.0110135078430176,0.7111361026763916,0.03832252323627472,2.4820396900177,0.5021984577178955
315,0.0001,0.14290651225019246,0.9068585157992306,0.3959532334254338,0.7361869860817826,0.8430736449957732,80.5075478553772,0.1305503143230453,0.06743182812351733,0.0788080373313278,0.13148417754564434,0.1305503143230453,0.5521966330707073,0.14257884323596953,0.21814761666151194,0.07046131101938394,0.12398584358967267,0.14257884323596953,0.555720672240624,1.4849289655685425,1.1264647245407104,1.46401047706604,1.2732973098754883,1.434550166130066,0.8726202845573425,1.0428439378738403,3.0062055587768555,0.711285412311554,0.03365757688879967,2.4796721935272217,0.5021184086799622
316,0.0001,0.13879713020287454,0.9110185447048212,0.4171789838717534,0.7264525715107644,0.8360871546379679,42.391860246658325,0.12648751470260322,0.06411057338118553,0.07828265172429383,0.12892756063956767,0.12648751470260322,0.5658787577413023,0.1455305264546321,0.2433853043959691,0.08564378240933786,0.12095493502341784,0.1455305264546321,0.5584096706830538,1.4835469722747803,1.1256482601165771,1.4645559787750244,1.2712959051132202,1.4347423315048218,0.8728393912315369,1.0428603887557983,3.0060982704162598,0.7110552191734314,0.030242644250392914,2.478278398513794,0.5021528005599976
317,0.0001,0.1406953438417986,0.9088475092000898,0.4152057707309723,0.723136509987192,0.8332401369663515,41.973251819610596,0.12966036319267005,0.06552173019736074,0.07784594874829054,0.13057371648028493,0.12966036319267005,0.5555772027000785,0.14536937750302828,0.24725521825827085,0.08892003549979283,0.12230180272689233,0.14536937750302828,0.5682490637669196,1.4833704233169556,1.1249163150787354,1.4647830724716187,1.2694467306137085,1.4339474439620972,0.8732379078865051,1.042716145515442,3.0016744136810303,0.7108216881752014,0.028082402423024178,2.4763450622558594,0.5021620392799377
318,0.0001,0.13770160195417702,0.9100645488994081,0.42671672793535087,0.7205635242090829,0.8316517250521356,47.98249125480652,0.12555213819723576,0.06409339315723628,0.07750465732533485,0.12991975422482938,0.12555213819723576,0.5659719933755696,0.14242555453227115,0.24398043063970712,0.07202279338469872,0.12528932805244739,0.14242555453227115,0.5584183307794425,1.4829033613204956,1.123803973197937,1.4654514789581299,1.2674511671066284,1.4330425262451172,0.8734375834465027,1.040565848350525,3.0000627040863037,0.7107028961181641,0.025798868387937546,2.4732272624969482,0.5020874738693237
319,0.0001,0.1374771596165374,0.9134962558191139,0.4339277615913978,0.7139156910265123,0.8275397091267411,108.00663948059082,0.1285588796599768,0.06490045107784681,0.07918510778108612,0.12998519325628877,0.1285588796599768,0.5622258218936622,0.1480500294612004,0.24076872307520647,0.061188908780996615,0.12394212690683512,0.1480500294612004,0.5181008682801174,1.4826200008392334,1.1237651109695435,1.4658372402191162,1.2652519941329956,1.4309171438217163,0.8736206889152527,1.0395537614822388,2.9962666034698486,0.7106496691703796,0.02429216168820858,2.47332763671875,0.5021929144859314
320,0.0001,0.13746623520273715,0.911443257240473,0.41249276032814614,0.7245144542627566,0.8353343254359632,106.68860101699829,0.12928110657958314,0.06365052939509042,0.07871677476214245,0.1288958640070632,0.12928110657958314,0.563473267480731,0.1436705864392794,0.23327919428165142,0.06713068267473808,0.1244092746422841,0.1436705864392794,0.5452696440311579,1.4817306995391846,1.122678279876709,1.4664483070373535,1.2633638381958008,1.4302656650543213,0.873757541179657,1.0333114862442017,2.996283531188965,0.7107362747192383,0.022662468254566193,2.4718146324157715,0.5022835731506348
321,0.0001,0.1369322780519724,0.9119736638731976,0.4159118368075444,0.7267815200477485,0.8368653335896094,104.16560006141663,0.12862001080065966,0.06413397614960559,0.07792465435341,0.13030106713995337,0.12862001080065966,0.5614741737954319,0.14368934677197384,0.242523376758282,0.07137890251783224,0.12581397226223578,0.14368934677197384,0.5547778322146489,1.480913519859314,1.1215450763702393,1.4668718576431274,1.2634568214416504,1.4301836490631104,0.8738881349563599,1.0321608781814575,2.9909095764160156,0.7108253836631775,0.021038489416241646,2.467301845550537,0.5023766756057739
322,0.0001,0.13766924617812037,0.9091821723587783,0.4215657513875228,0.7209747440867644,0.8327466949531986,106.82315611839294,0.12701798439957201,0.06379042114713229,0.07793426245916635,0.12978990352712572,0.12701798439957201,0.5722449850291014,0.149556853221013,0.23624391716260176,0.06018013232029401,0.12523586933429426,0.149556853221013,0.519206041097641,1.4807119369506836,1.1207305192947388,1.4675202369689941,1.264852523803711,1.430143117904663,0.8741257190704346,1.0321707725524902,2.9889073371887207,0.7107236981391907,0.020218489691615105,2.4650914669036865,0.5021423101425171
323,0.0001,0.1337248394265771,0.9155924923462442,0.4134111198095175,0.7288537477396346,0.8379090613949087,110.514075756073,0.12710355169838294,0.060718502645613626,0.07765793945873156,0.13055463531054556,0.12710355169838294,0.5592427188530564,0.14137307244997757,0.23504651463948764,0.0714600057556079,0.12511025953751345,0.14137307244997757,0.556956550020438,1.479312539100647,1.1194493770599365,1.4679572582244873,1.2630062103271484,1.430522084236145,0.8743577599525452,1.027906060218811,2.9870963096618652,0.7107677459716797,0.019132470712065697,2.465413808822632,0.5022090077400208
324,0.0001,0.1342804959276691,0.913362464450529,0.4026363666240986,0.736109520249666,0.8443956536674062,112.91826939582825,0.12669355422258377,0.0635305727191735,0.07888099004048854,0.1291693141683936,0.12669355422258377,0.5612926948815584,0.14305953658544102,0.2278589775929084,0.0676221761565942,0.12484156684233592,0.14305953658544102,0.5457030741068033,1.4781581163406372,1.11956787109375,1.4683587551116943,1.2638167142868042,1.4294230937957764,0.8746893405914307,1.0302109718322754,2.985853433609009,0.710928201675415,0.018321936950087547,2.4631166458129883,0.5023617744445801
325,0.0001,0.13465906237252057,0.9136399079433675,0.3889371706889226,0.7433621448061289,0.8488969813862889,110.99593997001648,0.125843953283038,0.06298807397251949,0.07689543010201305,0.13078661845065653,0.125843953283038,0.5758444517850876,0.14259540942999033,0.22068763421132015,0.07722268104553223,0.12451970290679198,0.14259540942999033,0.566907372382971,1.4773662090301514,1.1178791522979736,1.4688392877578735,1.262717604637146,1.4273918867111206,0.8748063445091248,1.0301027297973633,2.9828574657440186,0.7107591032981873,0.015644865110516548,2.460338592529297,0.5023025274276733
326,0.0001,0.14352311159018427,0.9051920420156075,0.40877081339175886,0.7365625303308218,0.8445078057206225,110.41875267028809,0.1283505690516904,0.06648637799662538,0.07924097625073045,0.13104323158040643,0.1283505690516904,0.5642490657046437,0.1426015296807656,0.23847618744923518,0.07752003853137676,0.1229048279615549,0.1426015296807656,0.5661856124034295,1.4768484830856323,1.1177239418029785,1.4691468477249146,1.2606019973754883,1.4275709390640259,0.8748735785484314,1.0271060466766357,2.9805355072021484,0.7109271883964539,0.015041639097034931,2.4585635662078857,0.5025896430015564
327,0.0001,0.1363075696863234,0.9087336172228606,0.4241503834724426,0.7239137208096718,0.8356789071697974,103.01232600212097,0.12407894904026762,0.06342085424694233,0.08004293363774195,0.12965829484164715,0.12407894904026762,0.5610250665340573,0.14538440383397616,0.24722302235089816,0.07533581852912903,0.12403295338153839,0.14538440383397616,0.5488404581179985,1.4758875370025635,1.117289662361145,1.4695929288864136,1.257076382637024,1.4278278350830078,0.8751844763755798,1.0239593982696533,2.978882312774658,0.7106597423553467,0.014767252840101719,2.4574735164642334,0.5028133988380432
328,0.0001,0.1336649542208761,0.9145864515451385,0.415460283939655,0.728415421038043,0.8374664392759484,111.60194396972656,0.12711931800004095,0.06197300853091292,0.07733507361263037,0.1317885621683672,0.12711931800004095,0.5716149695217609,0.14365026813287002,0.23837148226224458,0.08053618761209341,0.12516748630083524,0.14365026813287002,0.5640227143581097,1.4751441478729248,1.1161073446273804,1.470143437385559,1.2588534355163574,1.426900863647461,0.8755421042442322,1.0235121250152588,2.975965738296509,0.7104322910308838,0.014639521948993206,2.456240177154541,0.5028908848762512
329,0.0001,0.13456301053520292,0.9161169537347439,0.42158845021174507,0.7258902404357619,0.8359978382683092,111.40771102905273,0.12541416723979637,0.062345834099687636,0.07708864007145166,0.13185585383325815,0.12541416723979637,0.5768718025647104,0.1461272698182326,0.24984133014312157,0.08178511995535631,0.1229573007959586,0.1461272698182326,0.5631775269141563,1.4743162393569946,1.115250825881958,1.4704982042312622,1.2589454650878906,1.4272160530090332,0.8757799863815308,1.0234575271606445,2.976252317428589,0.7104583382606506,0.013351822271943092,2.4540419578552246,0.5028778314590454
330,0.0001,0.135386559413746,0.9129651612033817,0.41907162758020255,0.7309695468825634,0.8394605133705219,111.0739426612854,0.12958032765891403,0.06255523243453354,0.07915395282907411,0.12917222164105624,0.12958032765891403,0.5638090493157506,0.14344512017873617,0.24568438621667715,0.07520774900913238,0.12398846791340755,0.14344512017873617,0.558013186775721,1.4736790657043457,1.1146265268325806,1.4709103107452393,1.2579472064971924,1.4265693426132202,0.8762370347976685,1.0220173597335815,2.9763126373291016,0.7105281352996826,0.01241383794695139,2.452683210372925,0.5028018951416016
331,0.0001,0.13370363751892,0.9139005036879159,0.4182640442481408,0.7257701259098713,0.8357035606594941,106.28054451942444,0.12842771783471107,0.06206165187177248,0.07720724859973416,0.12940924486611038,0.12842771783471107,0.5485645700246096,0.14296918327991778,0.24557398374264056,0.07880184982831662,0.12446754139203292,0.14296918327991778,0.5651371520299178,1.4725931882858276,1.1140375137329102,1.471382975578308,1.2568631172180176,1.427699089050293,0.8764779567718506,1.0230733156204224,2.9761998653411865,0.7104171514511108,0.011670428328216076,2.4508512020111084,0.5028021931648254
332,0.0001,0.13314529391936958,0.9141857599559635,0.4198940918995784,0.7287944448103731,0.8378111736989837,109.71123456954956,0.12932219018694013,0.06143675377825275,0.07845951593481004,0.12975340627599508,0.12932219018694013,0.5639221360906959,0.1438021616293834,0.23893580138683318,0.06492514472741347,0.12725109091171852,0.1438021616293834,0.5392249763011933,1.4712251424789429,1.113886833190918,1.4716747999191284,1.2546286582946777,1.426580786705017,0.8767261505126953,1.0236806869506836,2.9727911949157715,0.7103135585784912,0.010686212219297886,2.4495670795440674,0.5027889609336853
333,0.0001,0.1329068634659052,0.9138438353890416,0.4027562058888949,0.7382338520593299,0.8446674581644409,112.40900135040283,0.12544315750710666,0.061606767238117754,0.07755944825476035,0.1308461382286623,0.12544315750710666,0.5781118171289563,0.14300415607599112,0.2308790202324207,0.07098305271222041,0.12649637288772142,0.14300415607599112,0.5508213916650185,1.4708160161972046,1.114028811454773,1.4720417261123657,1.2533762454986572,1.4260754585266113,0.8769133687019348,1.0224922895431519,2.9707539081573486,0.7102216482162476,0.010484528727829456,2.44779372215271,0.5029688477516174
334,0.0001,0.131892898818478,0.9132400834041697,0.39916500036533065,0.7390845675524196,0.8454552617767241,113.99755501747131,0.12463040906004608,0.06211378818261437,0.07785005972255021,0.13051118794828653,0.12463040906004608,0.5749067855067551,0.14354643271519588,0.22451134667946743,0.07679089720432575,0.1250123869914275,0.14354643271519588,0.5634409863215226,1.4702794551849365,1.113479495048523,1.4725385904312134,1.252759575843811,1.425345778465271,0.8773908615112305,1.0193383693695068,2.9685583114624023,0.710209310054779,0.00985603965818882,2.4452059268951416,0.503165602684021
335,0.0001,0.13272791425697505,0.9140885262359041,0.4090034718696888,0.7310054776291618,0.8398057981263937,111.60833144187927,0.12686002312693745,0.06206582463346422,0.07836918020620942,0.13051776960492134,0.12686002312693745,0.5612275484018028,0.1441914812876628,0.23353697542960827,0.07457014883940037,0.1235131921676489,0.1441914812876628,0.5530124792685875,1.4695165157318115,1.1130038499832153,1.4730324745178223,1.2524076700210571,1.424365520477295,0.8777809739112854,1.021864891052246,2.9666781425476074,0.7104372382164001,0.00928837712854147,2.442270517349243,0.5031731128692627
336,0.0001,0.1303719247225672,0.9172561350088204,0.41118826315953183,0.7298122858401399,0.839353743504787,111.4026312828064,0.1256443733582273,0.059291988029144704,0.07632817083504051,0.13019045803230256,0.1256443733582273,0.5701816636137664,0.1423497259616852,0.23836452869268565,0.07532417499102079,0.12260439281280223,0.1423497259616852,0.5588013052940368,1.4687843322753906,1.1127785444259644,1.4733401536941528,1.2501784563064575,1.424434781074524,0.8780498504638672,1.0191905498504639,2.9655396938323975,0.71038419008255,0.008669095113873482,2.4415860176086426,0.5030455589294434
337,0.0001,0.12759167572949082,0.9191332392075672,0.420532377408101,0.7324041325448299,0.8400754703832204,104.58858394622803,0.12387571757426485,0.0595628505689092,0.07723013125360012,0.13000240235123783,0.12387571757426485,0.5799882733263075,0.1422165850034127,0.24787538326703584,0.07655433897788708,0.1233072680922655,0.1422165850034127,0.5597245940795311,1.4673188924789429,1.1120257377624512,1.473742961883545,1.2470741271972656,1.423606514930725,0.8782492876052856,1.0180808305740356,2.9633097648620605,0.7104091048240662,0.007845258340239525,2.4395320415496826,0.5028929114341736
338,0.0001,0.13576214504428208,0.9117412003068731,0.4199926963219276,0.7273600070440209,0.8374186914549591,106.58804559707642,0.12737997388467193,0.06493545765988529,0.07842509960755706,0.12833050114568323,0.12737997388467193,0.5661937936674803,0.14359307976869437,0.24825134781690744,0.07891324185408079,0.1224858799806008,0.14359307976869437,0.564806959262261,1.4671144485473633,1.1117538213729858,1.47398841381073,1.2472237348556519,1.4216411113739014,0.878477156162262,1.016615629196167,2.95878267288208,0.7103896141052246,0.0076438444666564465,2.4363393783569336,0.5028515458106995
339,0.0001,0.13072479574475437,0.9181234499162303,0.4327326389459463,0.7214219893358472,0.8331846056924744,83.01323294639587,0.12623549229465425,0.06068273156415671,0.0772630029823631,0.13145067158620805,0.12623549229465425,0.5710494704544544,0.1419081885081071,0.2583330851334792,0.07414399545926315,0.12187643498182296,0.1419081885081071,0.5664521400745098,1.4663573503494263,1.1109849214553833,1.4745030403137207,1.2463104724884033,1.421838641166687,0.8787935972213745,1.017562747001648,2.959115505218506,0.7102108001708984,0.007407971657812595,2.4353668689727783,0.502979040145874
340,0.0001,0.13171173352748156,0.9161610271458953,0.4267864603262681,0.7259426010207337,0.835489844422152,62.80519723892212,0.12607938022119924,0.06120975926751271,0.07671159558231011,0.1289284717058763,0.12607938022119924,0.5719018443487585,0.14242765399125906,0.25148833990097047,0.07719967686212979,0.1235923496576456,0.14242765399125906,0.5656546748601473,1.4661929607391357,1.1102818250656128,1.4748342037200928,1.2464503049850464,1.4210911989212036,0.8791002631187439,1.0186495780944824,2.95717191696167,0.7103105783462524,0.007378639653325081,2.4367287158966064,0.5030792355537415
341,0.0001,0.13425699877552688,0.9146576338040604,0.44092534963901225,0.7206315341564161,0.8321565786120966,69.13868594169617,0.12468831264413893,0.060765248897951096,0.07676723354961723,0.13133447582367808,0.12468831264413893,0.5736574502661824,0.14438223724181837,0.25394224662047166,0.06765395357058598,0.12536579003700843,0.14438223724181837,0.5462873456569818,1.4647961854934692,1.1098836660385132,1.4751485586166382,1.2451763153076172,1.4207191467285156,0.8794589638710022,1.0202785730361938,2.955446720123291,0.7102832794189453,0.008004521019756794,2.435450792312622,0.5031853914260864
342,0.0001,0.12847780471201986,0.9199060509660114,0.4351960182189941,0.7285815535512447,0.8373316865682551,69.31680965423584,0.1257170025492087,0.058921112795360386,0.07728160615079105,0.12972393888048828,0.1257170025492087,0.5657184938900173,0.14612104663482078,0.26244699496489304,0.0908484520820471,0.1206109087054546,0.14612104663482078,0.5706488247101124,1.4645061492919922,1.110176920890808,1.4754246473312378,1.2445783615112305,1.41892671585083,0.8796954154968262,1.0197018384933472,2.953378438949585,0.71034836769104,0.007548417430371046,2.4338133335113525,0.5029792785644531
343,0.0001,0.13467016932554543,0.9149735441494666,0.4295750333712651,0.7186804434408484,0.8308166549617312,74.28807163238525,0.1261291055707261,0.06437112890125718,0.0767062891391106,0.12911541876383126,0.1261291055707261,0.5799632021225989,0.14471545402820293,0.250561753144631,0.07949933340916267,0.1193789378954814,0.14471545402820293,0.5651651749244103,1.4646681547164917,1.1105492115020752,1.4758009910583496,1.2427616119384766,1.4183070659637451,0.8799657225608826,1.0184465646743774,2.9497427940368652,0.7103930115699768,0.007485778536647558,2.4330315589904785,0.5028370022773743
344,0.0001,0.12884272716473788,0.9190939464458345,0.42993893164854785,0.7270222667495183,0.8361518842928527,63.76843452453613,0.1251469068811275,0.05950301981647499,0.07604208256816491,0.12807725626043975,0.1251469068811275,0.5758145025465637,0.1428837510255667,0.25259325229204616,0.08089370314891521,0.12081011052315052,0.1428837510255667,0.5674328533502725,1.4641711711883545,1.1098785400390625,1.4761701822280884,1.2410387992858887,1.418326735496521,0.8800824284553528,1.0188485383987427,2.947859048843384,0.7105016708374023,0.008232366293668747,2.4313981533050537,0.5029717683792114
345,0.0001,0.12306439829990268,0.9238289830104848,0.4235609237964337,0.7261967344272445,0.8361940275783935,65.11024045944214,0.1223669562023133,0.05597937971469946,0.07661053433548659,0.1288646588800475,0.1223669562023133,0.5722811182495207,0.14104745708979094,0.24722052950125475,0.07166776049595613,0.12422432016867857,0.14104745708979094,0.5586597410532145,1.4627183675765991,1.1096906661987305,1.4765591621398926,1.2377872467041016,1.4178258180618286,0.8804348707199097,1.0165040493011475,2.9467365741729736,0.7105444073677063,0.009076873771846294,2.4293277263641357,0.5031948089599609
346,0.0001,0.12788635294418782,0.9167898404446891,0.4291098457116347,0.724615313009217,0.834664716557496,64.49246406555176,0.1232788156485185,0.060717645479599014,0.07677814783528447,0.12790394970215857,0.1232788156485185,0.5717516760341823,0.14222666369034695,0.2536286913431608,0.07743216053797648,0.12151282131671906,0.14222666369034695,0.5617924550404916,1.4624079465866089,1.109303593635559,1.4768013954162598,1.2357269525527954,1.4174220561981201,0.8806297183036804,1.0159204006195068,2.9462521076202393,0.7103908061981201,0.008770144544541836,2.427436113357544,0.5032783150672913
347,0.0001,0.13019903528038412,0.916521681068336,0.4206725395642794,0.7267121865299513,0.8367835438808287,66.73230266571045,0.12665341363754123,0.06051905557978898,0.07610806461889297,0.1291907476261258,0.12665341363754123,0.5755229357164353,0.1417519108607219,0.24675597502635074,0.06795654537586066,0.1252866437801948,0.1417519108607219,0.5523124064390476,1.462268590927124,1.1087701320648193,1.4771829843521118,1.234967589378357,1.4160996675491333,0.8809870481491089,1.012649655342102,2.9427754878997803,0.7103703022003174,0.00879000499844551,2.4253506660461426,0.5031631588935852
348,0.0001,0.12717857991810888,0.9196465830347278,0.4259984713334304,0.7225720989744162,0.8336170722213866,66.80070877075195,0.12336491048336029,0.05830291844904423,0.0769354656804353,0.12713192903902382,0.12336491048336029,0.5798657080158591,0.1428175660280081,0.24768505738331723,0.06754903369224989,0.12551336196752694,0.1428175660280081,0.5509574704445326,1.4617952108383179,1.1084140539169312,1.4775646924972534,1.2344163656234741,1.414876937866211,0.8813703060150146,1.010453462600708,2.9410033226013184,0.7103040814399719,0.00859800260514021,2.425010919570923,0.5030291080474854
349,0.0001,0.12873957259580493,0.9176847354004657,0.43026325748516964,0.7261254748136584,0.8358540467330076,64.00162053108215,0.12618856824701652,0.060392792511265725,0.07691055251052603,0.12802062823902816,0.12618856824701652,0.5604521194472909,0.14083092441925635,0.24914949857271634,0.06661372494239073,0.12519318472880583,0.14083092441925635,0.562253795678799,1.4610623121261597,1.1076856851577759,1.4779893159866333,1.2346177101135254,1.4147944450378418,0.8816218376159668,1.0102320909500122,2.9393553733825684,0.7101800441741943,0.009468261152505875,2.42270565032959,0.5029705762863159
350,0.0001,0.12452686252072453,0.9226578500855996,0.4220216686909015,0.7313025526159008,0.8400425431786411,65.7024085521698,0.1236749249510467,0.056503585452446714,0.07747913268394768,0.12877823342569172,0.1236749249510467,0.5741938701830804,0.1440102077447451,0.2543314869587238,0.0903233168216852,0.1207633076952054,0.1440102077447451,0.5769615411758423,1.460706114768982,1.107448697090149,1.4783978462219238,1.233088493347168,1.4150278568267822,0.8816865682601929,1.0106946229934692,2.938138961791992,0.7103335857391357,0.009846139699220657,2.4205336570739746,0.5028781294822693
351,0.0001,0.12960732320789248,0.9179802256090418,0.4156398566869589,0.7332645501231122,0.8414889291714879,66.1112220287323,0.12564118020236492,0.061396365956170484,0.07711647194810212,0.12868666870053858,0.12564118020236492,0.5660895477049053,0.14161181151866914,0.24334973417795622,0.0778262734413147,0.12343012598844674,0.14161181151866914,0.5665799269309411,1.459719181060791,1.106669306755066,1.478682518005371,1.229041576385498,1.4135096073150635,0.8818951845169067,1.0089508295059204,2.933410167694092,0.7102420926094055,0.00994657538831234,2.4176714420318604,0.5026963353157043
352,0.0001,0.12556778697762638,0.9209359966259054,0.4207822863872235,0.7286709462281321,0.8381038188454057,65.76834845542908,0.12576839909888804,0.0575587724451907,0.0773461164208129,0.12906807335093617,0.12576839909888804,0.5798945375718176,0.14149073820847732,0.24281899287150457,0.07192000104830815,0.12450115313896766,0.14149073820847732,0.560524018911215,1.4591255187988281,1.1063650846481323,1.4789973497390747,1.228918194770813,1.4143260717391968,0.8819681406021118,1.0095245838165283,2.9298272132873535,0.7102687358856201,0.011237422935664654,2.4165518283843994,0.5026278495788574
353,0.0001,0.12650366802699864,0.9198610750120727,0.42511975856927725,0.7286231034726582,0.8377397014771354,62.518526792526245,0.1246568193892017,0.05787504627369344,0.0754852214595303,0.1306430520489812,0.1246568193892017,0.57139553129673,0.14241080971864553,0.251127420938932,0.07755178900865409,0.12343725607945369,0.14241080971864553,0.565091841495954,1.457808017730713,1.1059846878051758,1.4793123006820679,1.2282298803329468,1.4143579006195068,0.8822383284568787,1.0087227821350098,2.928269624710083,0.7103346586227417,0.01085659023374319,2.4179189205169678,0.5026646852493286
354,0.0001,0.12522333418019116,0.9227958718203664,0.43344263847057635,0.7221966465722041,0.8332479371994517,66.29366660118103,0.12481464317534119,0.05791919110924937,0.0765317989862524,0.1290463476907462,0.12481464317534119,0.5649506635963917,0.1439584933794462,0.2567503910798293,0.07530954915743608,0.12230115166077248,0.1439584933794462,0.5559771767029396,1.4572521448135376,1.1057729721069336,1.4796955585479736,1.2257078886032104,1.4142860174179077,0.8825580477714539,1.006538987159729,2.9283254146575928,0.7101696729660034,0.01325258519500494,2.416175603866577,0.5026087760925293
355,0.0001,0.12848176411353052,0.9196733203997357,0.4255604606408339,0.728719991952556,0.838464558867163,63.202961444854736,0.1251046191318892,0.05913776738452725,0.07605829852400348,0.12899059080518782,0.1251046191318892,0.5807055707555264,0.14407243591088514,0.2535366244041003,0.08121241755210436,0.12076969032104198,0.14407243591088514,0.5651607268131696,1.456734538078308,1.1047643423080444,1.4801663160324097,1.225327968597412,1.414018988609314,0.8827159404754639,1.0024309158325195,2.9247634410858154,0.710102915763855,0.012104618363082409,2.414639711380005,0.5025437474250793
356,0.0001,0.12741206143982708,0.9220705774570677,0.42814035874146683,0.7239879574932064,0.8351134339028022,66.07059144973755,0.12533479079138488,0.05875703360652551,0.07676502008689567,0.12945423170458525,0.12533479079138488,0.5822497825138271,0.14358138396189762,0.2554775439775907,0.08071897671772883,0.12124427316280512,0.14358138396189762,0.5647070439962241,1.456499695777893,1.1042412519454956,1.4805487394332886,1.2252631187438965,1.4139710664749146,0.8828103542327881,1.0027861595153809,2.9235219955444336,0.710019052028656,0.01377233024686575,2.4138269424438477,0.5025448203086853
357,0.0001,0.12637845682911575,0.9206983101062997,0.4194691002368927,0.7281333272790814,0.8374475769362547,67.15021991729736,0.12550757417920977,0.05973134544910863,0.07671191886765882,0.12821944255847484,0.12550757417920977,0.5705421082675457,0.14262483165814327,0.24517105290522942,0.07738165098887223,0.12245040043042256,0.14262483165814327,0.5652918480909788,1.4565097093582153,1.1047097444534302,1.4806737899780273,1.2246488332748413,1.4137420654296875,0.8830335140228271,1.0017825365066528,2.922741413116455,0.7100943922996521,0.01495213620364666,2.411806583404541,0.5027707815170288
358,0.0001,0.12467792967800051,0.9215953872474888,0.4365622667165903,0.7208046988239467,0.8320085035342567,66.35501146316528,0.12489453703165054,0.05833422651630826,0.07519578083883971,0.12909820373170078,0.12489453703165054,0.5696543729864061,0.14250216942567093,0.2588842139794276,0.06882515985232134,0.1233595521404193,0.14250216942567093,0.5531176977432691,1.4573675394058228,1.1052215099334717,1.4810166358947754,1.2249315977096558,1.4137481451034546,0.8832210302352905,1.0035613775253296,2.9212398529052734,0.7099699378013611,0.01405390352010727,2.4126811027526855,0.5027814507484436
359,0.0001,0.12541455950122327,0.9223576247615257,0.41642192510458137,0.7264001436966274,0.8364096940973632,67.11051297187805,0.12335176591295749,0.05764166102744639,0.07711070391815156,0.12920488056261092,0.12335176591295749,0.587690306128934,0.14227175162388728,0.23949210689618036,0.07405507908417629,0.12355494120946298,0.14227175162388728,0.5535808872718078,1.4562689065933228,1.1054339408874512,1.4813477993011475,1.2228940725326538,1.412990689277649,0.8835901618003845,1.001551628112793,2.9154374599456787,0.710178017616272,0.017435193061828613,2.4093737602233887,0.5029703974723816
360,0.0001,0.12222627631854266,0.9240676216775128,0.420040121445289,0.729004015798233,0.8384508622859729,67.80105352401733,0.12240603403188288,0.056066774704959244,0.07626855664420873,0.12793446285650134,0.12240603403188288,0.5812934623099864,0.14376977108992062,0.23353647268735445,0.06233819820559942,0.12592641298587506,0.14376977108992062,0.5445414472084779,1.456164836883545,1.105231761932373,1.4817674160003662,1.2215189933776855,1.4114145040512085,0.883692741394043,1.0017051696777344,2.91504168510437,0.7101272940635681,0.016867127269506454,2.406384229660034,0.5029518604278564
361,0.0001,0.12734618748072535,0.9209504812735694,0.41842056879630457,0.7294201583041852,0.8383234222946538,63.91162467002869,0.12535406812094152,0.058853905444266275,0.0759110888466239,0.12885670363903046,0.12535406812094152,0.5768651822581887,0.1411611373607929,0.24167773402654208,0.07716024048053301,0.12220146461175038,0.1411611373607929,0.5677094624592708,1.4544734954833984,1.1046358346939087,1.4820225238800049,1.2194700241088867,1.410635232925415,0.8839192390441895,1.0005919933319092,2.9136531352996826,0.7103123068809509,0.01621047593653202,2.405540704727173,0.502987265586853
362,0.0001,0.12397584214340895,0.9209721555410414,0.421256692134417,0.7331120595863477,0.841344119331327,66.18627977371216,0.1253634030581452,0.05793683021329343,0.07598456781124696,0.12874649569857866,0.1253634030581452,0.5749030071310699,0.14082054358262283,0.24742380839127762,0.07223289402631614,0.12177295547265272,0.14082054358262283,0.5655645840443098,1.4541645050048828,1.104460597038269,1.4822667837142944,1.2193022966384888,1.4101216793060303,0.8841835856437683,0.9995681047439575,2.9129672050476074,0.7102634310722351,0.015813494101166725,2.403980016708374,0.5028902888298035
363,0.0001,0.11927172390278429,0.9271349921690603,0.4229976035081423,0.7272998344421027,0.8374129125706733,66.61086130142212,0.12083332118345425,0.05477085994789377,0.07586906536016613,0.12785937602166086,0.12083332118345425,0.5856546559371054,0.13968595541440523,0.25006187099676863,0.0777520246230639,0.12120863187771577,0.13968595541440523,0.5731825626813448,1.4531185626983643,1.1039279699325562,1.4827162027359009,1.216987133026123,1.4098141193389893,0.8843998908996582,0.996766209602356,2.912308931350708,0.7101293206214905,0.017169566825032234,2.4024507999420166,0.5029377341270447
364,0.0001,0.12039672303944826,0.9270514469139326,0.4310013853586637,0.7268819610165601,0.8365525490784924,67.4178557395935,0.12357351806713268,0.05489514334476553,0.07463988586096093,0.12723079952411354,0.12357351806713268,0.5846910043619573,0.14222426414489747,0.26085039102114166,0.08318551022272844,0.12208231389522553,0.14222426414489747,0.5757019923283504,1.4522708654403687,1.1029975414276123,1.4829550981521606,1.2165244817733765,1.4092934131622314,0.8845343589782715,0.9977500438690186,2.910449743270874,0.7100986242294312,0.017232485115528107,2.4015042781829834,0.5027729272842407
365,0.0001,0.1223370439838618,0.9232502410973015,0.42274300043399515,0.7316146321030575,0.8401734877307998,68.29433369636536,0.12293449067510664,0.05666117841610685,0.07671308272983879,0.12881486432161182,0.12293449067510664,0.5759156635031104,0.14255295762648948,0.24941506477502676,0.07671688256355433,0.1214742831312693,0.14255295762648948,0.5647692556564624,1.4514646530151367,1.1030561923980713,1.4832063913345337,1.2158418893814087,1.4090569019317627,0.8848247528076172,0.9988462328910828,2.909580945968628,0.7101766467094421,0.01542974915355444,2.3990790843963623,0.5028814077377319
366,0.0001,0.12450315977912396,0.9221359669335668,0.41642263302436244,0.7299492218912802,0.8391128189321587,63.36736464500427,0.1257425508229062,0.05880830169189721,0.07491491187829524,0.12874789570923895,0.1257425508229062,0.5651011201553047,0.14258520832428564,0.24288535255652208,0.06949607523588033,0.1251387058542325,0.14258520832428564,0.5566574513912201,1.4512780904769897,1.1026790142059326,1.483515739440918,1.2150743007659912,1.4086894989013672,0.8850696682929993,0.999343991279602,2.9074251651763916,0.7103082537651062,0.016570476815104485,2.397080898284912,0.5027366876602173
367,0.0001,0.11824648908805102,0.9265678649589407,0.42465587029090296,0.7316272007476481,0.8403528603428811,68.94839024543762,0.11932791606523097,0.05499726685229689,0.07614207122242078,0.1281367028132081,0.11932791606523097,0.5998876169323921,0.14425229934545664,0.25585118073683516,0.08652139558241917,0.11920744364078228,0.14425229934545664,0.5730754430477436,1.450373888015747,1.1018022298812866,1.4839417934417725,1.2132134437561035,1.4081870317459106,0.8852178454399109,0.9975281953811646,2.9061503410339355,0.7102741003036499,0.016136758029460907,2.3962242603302,0.5027765035629272
368,0.0001,0.12326295441016555,0.9225165988056273,0.42086312495745143,0.7332196425905482,0.8417824192703132,63.146860122680664,0.12437248090282083,0.05739276474923827,0.07569971744669601,0.12914086692035198,0.12437248090282083,0.582700707949698,0.13987963474713838,0.25175505555593053,0.07567016803301298,0.12166094883130146,0.13987963474713838,0.5673964605881617,1.449781060218811,1.1014734506607056,1.4841220378875732,1.2123899459838867,1.4072238206863403,0.8853700160980225,0.9968850016593933,2.9057493209838867,0.7100681662559509,0.014614159241318703,2.395010232925415,0.5027899742126465
369,0.0001,0.12233462592121214,0.924524506122931,0.4169547617435455,0.7335860987771475,0.8419831591854191,63.74515676498413,0.12072987796273082,0.05598833999829367,0.0748605253174901,0.128511231392622,0.12072987796273082,0.5869184504263103,0.1428737929234138,0.24501688251128564,0.07684781551361083,0.12200495463151198,0.1428737929234138,0.5675296655068031,1.4491350650787354,1.100896954536438,1.4846103191375732,1.2125827074050903,1.4067567586898804,0.8854760527610779,0.9953453540802002,2.905437469482422,0.7101370692253113,0.015320666134357452,2.394641637802124,0.5026911497116089
370,0.0001,0.1212967459578067,0.9247312640355482,0.4195032110581031,0.7335861396929133,0.8418717387237872,65.60620045661926,0.12523260270245373,0.05570546293165535,0.07655720697948709,0.12698180472943932,0.12523260270245373,0.5649267677217722,0.1407237002482781,0.24943299614466152,0.07831079432597528,0.1217038094997406,0.1407237002482781,0.5755237088753626,1.4487066268920898,1.101259469985962,1.4848819971084595,1.2122323513031006,1.4070724248886108,0.8857403993606567,0.9944271445274353,2.9048523902893066,0.710191547870636,0.014813053421676159,2.3925399780273438,0.5028016567230225
371,0.0001,0.11959921137895435,0.924211965259132,0.42281011801499585,0.7316049436541268,0.8406853636469042,62.003323793411255,0.12229786219540983,0.056037937465589494,0.07484011753695086,0.12980941450223327,0.12229786219540983,0.5816874923184514,0.1416354862543253,0.24921964819614703,0.07111184665789971,0.12292011322883459,0.1416354862543253,0.5605870003883655,1.4475224018096924,1.1009306907653809,1.4851422309875488,1.2105768918991089,1.4071117639541626,0.8859915137290955,0.9937214255332947,2.9031553268432617,0.7101519703865051,0.01571764051914215,2.390347480773926,0.502808153629303
372,0.0001,0.12273019819986075,0.9217313869720454,0.42397557221926174,0.7305069884093788,0.8406061959967543,66.09549188613892,0.12572024785913527,0.056917292647995055,0.07650862244190648,0.12754683976527303,0.12572024785913527,0.564754816936329,0.1419035003735469,0.251491936812034,0.0687828703568532,0.12171545533033518,0.1419035003735469,0.5565539761231496,1.4460656642913818,1.1009109020233154,1.4853280782699585,1.2106767892837524,1.4063212871551514,0.8862338662147522,0.9935660362243652,2.9015579223632812,0.7101662755012512,0.015524446032941341,2.390857458114624,0.5028476119041443
373,0.0001,0.12083979928866029,0.9261984036269347,0.4219629292304699,0.7288371201858399,0.8387252710115282,61.32963299751282,0.12453648197697476,0.05513462770613842,0.07501133083133027,0.12664372671861202,0.12453648197697476,0.5676969075575471,0.1407371637912897,0.2537185806494493,0.07842342761846689,0.12126584351062775,0.1407371637912897,0.575045254597297,1.445358395576477,1.1007180213928223,1.4855756759643555,1.2100883722305298,1.406313180923462,0.8864573240280151,0.9931687116622925,2.899432897567749,0.7099242210388184,0.014278254471719265,2.3903071880340576,0.5028355121612549
374,0.0001,0.11870818911120296,0.9277249233730428,0.4264923884318425,0.730212816703808,0.8396005268802219,55.93860125541687,0.12643849226878956,0.054275714413961396,0.07489042892120779,0.12932185211684555,0.12643849226878956,0.5768156764097512,0.14458593542759235,0.249999312712596,0.06435483327278724,0.12259525530613385,0.14458593542759235,0.5430029937854179,1.4445329904556274,1.1001383066177368,1.4858381748199463,1.2090957164764404,1.4058279991149902,0.8866761326789856,0.992871880531311,2.8989005088806152,0.7099185585975647,0.01384226605296135,2.3878211975097656,0.5027840733528137
375,0.0001,0.12301434122491628,0.9237089078908729,0.4228863789485051,0.7292914326626456,0.8386353891102052,69.43472981452942,0.12368923332542181,0.05738071785890497,0.07638630247674882,0.12890033901203424,0.12368923332542181,0.5887348763644695,0.14219860503306755,0.24880684384932886,0.07384955745476943,0.12177292750431941,0.14219860503306755,0.5627413419576791,1.4444843530654907,1.0995213985443115,1.486051321029663,1.2086633443832397,1.4051939249038696,0.8868646621704102,0.9901570081710815,2.8967013359069824,0.7101109623908997,0.013928337953984737,2.3867576122283936,0.5026938915252686
376,0.0001,0.11931622249539942,0.9275179316567242,0.4247778915441953,0.7284843335834033,0.8382583914102771,66.41891360282898,0.1255643772892654,0.05483379072393291,0.07543482776964083,0.1290946719236672,0.1255643772892654,0.5811978201381862,0.1443561349923794,0.2506984142156748,0.07610616431786464,0.11941289959045556,0.1443561349923794,0.5566117554903031,1.4444868564605713,1.099616289138794,1.4863985776901245,1.2081377506256104,1.404128909111023,0.8871311545372009,0.9914712905883789,2.8954927921295166,0.7099810242652893,0.013766457326710224,2.3854339122772217,0.5026404857635498
377,0.0001,0.11708367138635367,0.9285768953522937,0.42740114973141596,0.7310889755119849,0.8403156162641304,63.20866370201111,0.12063076312188059,0.05384703786694445,0.07542505615856498,0.12843122729100287,0.12063076312188059,0.5866505457088351,0.14425963621873122,0.26016671313689305,0.08440959327496016,0.12060770690441132,0.14425963621873122,0.5645140579113593,1.443448781967163,1.0992624759674072,1.4867264032363892,1.2062571048736572,1.4043614864349365,0.8873761892318726,0.9911928176879883,2.8941516876220703,0.7099244594573975,0.013014324009418488,2.38655948638916,0.5026336908340454
378,0.0001,0.11941271740943193,0.925201500179436,0.429621350306731,0.7304538924247536,0.8397002376832926,61.40231776237488,0.12380366143770516,0.05475446963100694,0.07572423294186592,0.12698545563034713,0.12380366143770516,0.5792511780746281,0.14369925077144916,0.2558293264645797,0.07231740676439725,0.12221497560922916,0.14369925077144916,0.5578462802446805,1.4427777528762817,1.098508596420288,1.487099289894104,1.2054866552352905,1.404234766960144,0.8875957727432251,0.9913808703422546,2.8927221298217773,0.7098460793495178,0.013767935335636139,2.384935140609741,0.5024834275245667
379,0.0001,0.11987040529493243,0.9258559096236295,0.44112263505275434,0.7200095111131789,0.8327462267899783,67.73559975624084,0.12633615569211543,0.05525829398538917,0.07532218855340034,0.1284483950585127,0.12633615569211543,0.575088492128998,0.14256312801287724,0.268510642189246,0.0743347554252698,0.12108678645812548,0.14256312801287724,0.5641299612247027,1.4417085647583008,1.0982136726379395,1.4874972105026245,1.20576810836792,1.4041597843170166,0.887868344783783,0.9897024035453796,2.8916046619415283,0.7100077867507935,0.015995068475604057,2.3849117755889893,0.5024815201759338
380,0.0001,0.1168123628012836,0.929599688834561,0.4324680112875425,0.7290245295469637,0.8395067284166826,58.90169858932495,0.12255041289608926,0.05282670535962097,0.07392087852349505,0.12856724637094885,0.12255041289608926,0.5861925426870584,0.1431462824344635,0.258590337404838,0.0648541842515652,0.12198870101800331,0.1431462824344635,0.5462474240706517,1.4408903121948242,1.0977346897125244,1.487797737121582,1.2044541835784912,1.4028748273849487,0.8881264328956604,0.9884472489356995,2.8894357681274414,0.7099729180335999,0.017845552414655685,2.3825504779815674,0.5025238990783691
381,0.0001,0.11668756289873272,0.9285577211469522,0.4265378484359154,0.7293856842740415,0.8394852349947798,61.99529528617859,0.12378661741968244,0.054566757375141606,0.07629901054315269,0.12811758846510202,0.12378661741968244,0.5879421243444085,0.14781928887734047,0.24922785323399763,0.06289663589917696,0.12236398779428923,0.14781928887734047,0.5362456129147456,1.4401854276657104,1.0971531867980957,1.488072395324707,1.203163981437683,1.4021936655044556,0.8882761597633362,0.9863247275352478,2.88752818107605,0.7099640965461731,0.018693525344133377,2.380157232284546,0.5025363564491272
382,0.0001,0.1192204289836809,0.9274150780720549,0.43968160702632025,0.7287921710510732,0.8391010344493978,66.68492889404297,0.12265697045950219,0.05395186197711155,0.0758634275989607,0.12922163645271212,0.12265697045950219,0.5741749084554613,0.14356381847308233,0.2615633694025186,0.06359685527590606,0.12330421610520437,0.14356381847308233,0.5449254437134816,1.4395480155944824,1.0972765684127808,1.4883874654769897,1.203139305114746,1.4023574590682983,0.8884233832359314,0.9860180616378784,2.8858702182769775,0.7098509073257446,0.0172643531113863,2.3772342205047607,0.5025802850723267
383,0.0001,0.11630848259665072,0.928026988835898,0.4247130719514994,0.7326742668303261,0.8415436184070438,67.20982670783997,0.12239028897602111,0.05375629404443316,0.07512370130280033,0.12855968601070344,0.12239028897602111,0.5786921842955053,0.1404565636928265,0.25441859570833353,0.0713570175262598,0.12261396382863705,0.1404565636928265,0.5654733683054264,1.439139723777771,1.0966969728469849,1.488661766052246,1.2013909816741943,1.4017490148544312,0.8886995315551758,0.9852160811424255,2.8836307525634766,0.7097768187522888,0.020595047622919083,2.3759632110595703,0.5026354193687439
384,0.0001,0.11659672518726438,0.9290394687972469,0.4261317876669077,0.7357111126751964,0.8438722769379795,63.99463510513306,0.12092066963668913,0.0534692692453973,0.07428423850797117,0.12840986938681453,0.12092066963668913,0.5826679645106196,0.14381184050670037,0.2504713237285614,0.06410076434795674,0.12428139035518353,0.14381184050670037,0.552556866636643,1.4384998083114624,1.0964829921722412,1.4889334440231323,1.200360655784607,1.4011743068695068,0.888921320438385,0.98601233959198,2.8829848766326904,0.7098305821418762,0.023494981229305267,2.374542474746704,0.5028286576271057
385,0.0001,0.11904789472464472,0.9266856343350466,0.4283684675510113,0.7326673627069503,0.8412942562193116,63.325172424316406,0.1229901087936014,0.055535064748255536,0.07486050698207691,0.12890889099799097,0.1229901087936014,0.5794425727799535,0.14066294110738314,0.25798403712419365,0.07074644473882821,0.12346149556911909,0.14066294110738314,0.5656591190741612,1.4381579160690308,1.0963090658187866,1.4892853498458862,1.199528455734253,1.4000788927078247,0.889150083065033,0.9854392409324646,2.8829753398895264,0.70988529920578,0.02404511347413063,2.372335910797119,0.5027521848678589
386,0.0001,0.11182112502865493,0.9324001570577527,0.43931182531210095,0.7257218173758708,0.8363851353044339,63.29485559463501,0.12027677375590429,0.051306916982866824,0.07508474693167955,0.1293694176711142,0.12027677375590429,0.5943865370936692,0.14036904871463776,0.26654772964807655,0.07096137473216424,0.12308434740855144,0.14036904871463776,0.5669953323327578,1.4370962381362915,1.0964957475662231,1.489560842514038,1.1987543106079102,1.3991597890853882,0.8893601894378662,0.9837244153022766,2.8809964656829834,0.7099501490592957,0.023056868463754654,2.370087146759033,0.5027042031288147
387,0.0001,0.11913924291729927,0.925276307492016,0.4443086596635672,0.7270134268207457,0.8373309312492797,64.70535111427307,0.1251357684377581,0.05548210637061857,0.07488378451671451,0.12896772695239633,0.1251357684377581,0.572358189150691,0.1411155045032501,0.2740727309997265,0.07143048070944273,0.12191186638978811,0.1411155045032501,0.5609009662499794,1.436483383178711,1.0961822271347046,1.4898946285247803,1.198442816734314,1.3992351293563843,0.889624297618866,0.9828807711601257,2.8802380561828613,0.7098924517631531,0.021322930231690407,2.3685710430145264,0.5026967525482178
388,0.0001,0.11627880099695176,0.9305984285191153,0.4322172265786391,0.7305998964879964,0.8399942286838057,66.27983355522156,0.12313047714997083,0.05310322594596073,0.0753958472632803,0.12831090984400362,0.12313047714997083,0.5875509302131832,0.14043710781977728,0.2622806925040025,0.07468284437289605,0.12132537101323788,0.14043710781977728,0.5651282383845403,1.4358625411987305,1.0952582359313965,1.4902130365371704,1.1990472078323364,1.399328589439392,0.88973468542099,0.9815950393676758,2.878394842147827,0.7099053263664246,0.022926731035113335,2.364809274673462,0.5026749968528748
389,0.0001,0.11393842287361622,0.9312726160564967,0.4358995130428901,0.7287186020923492,0.8386593939668845,63.69346308708191,0.12209274381166324,0.0526973009982612,0.07639621378621086,0.1292897096136585,0.12209274381166324,0.5833807284943759,0.14324200038726514,0.2658329296570558,0.07893312344184289,0.12141506087321502,0.14324200038726514,0.5628995501078092,1.434885025024414,1.0951133966445923,1.4905736446380615,1.1976571083068848,1.3991378545761108,0.8899245858192444,0.9829681515693665,2.876600742340088,0.7098629474639893,0.02120058238506317,2.363879919052124,0.5026689171791077
390,0.0001,0.11857163137756288,0.9279028393400733,0.43532469914509697,0.7325350333812218,0.841548803403093,64.68287086486816,0.12433284951839596,0.054627468198304996,0.07475332653848454,0.12941748776938766,0.12433284951839596,0.5710359523072839,0.14328491137577937,0.25926307164705714,0.06216239161216296,0.12404736624314235,0.14328491137577937,0.5473316139899768,1.434185266494751,1.0951528549194336,1.4908878803253174,1.1977157592773438,1.3982384204864502,0.8900298476219177,0.9822838306427002,2.8760290145874023,0.709751546382904,0.021962441504001617,2.3630049228668213,0.5027716159820557
391,0.0001,0.11543211224488914,0.9299438264927594,0.42790899505982033,0.7348836239140101,0.8429444837802615,64.81375122070312,0.12175223627127707,0.053117191477213055,0.07516717043472454,0.12877926835790277,0.12175223627127707,0.5931677995249629,0.1412844330072403,0.2548357340005728,0.06840887367725372,0.12429673006901375,0.1412844330072403,0.5647975591512827,1.4328200817108154,1.0941725969314575,1.4911714792251587,1.196285605430603,1.397098183631897,0.8902614712715149,0.9794082641601562,2.874809503555298,0.7098185420036316,0.022182028740644455,2.361457586288452,0.5026630759239197
392,0.0001,0.1152675854973495,0.9309835153476622,0.43680095764306875,0.7327880704215669,0.841433758282424,62.6161630153656,0.12083174183499068,0.053109982080059126,0.07541581656550989,0.12754025764297694,0.12083174183499068,0.5922957696020603,0.14280073803204757,0.26738170889707713,0.0759744983453017,0.12069627390458033,0.14280073803204757,0.561153029020016,1.4318246841430664,1.0938003063201904,1.4914345741271973,1.1952481269836426,1.39743971824646,0.8905541896820068,0.9792481660842896,2.8737781047821045,0.7098016738891602,0.022264264523983,2.3596200942993164,0.5027538537979126
393,0.0001,0.11706232966389507,0.9281060529416528,0.4372521354601933,0.7301003018480052,0.839410029894333,49.28582453727722,0.12198804854415357,0.053231473051710054,0.07615506194997579,0.12724633992183954,0.12198804854415357,0.590531790163368,0.14235853552818298,0.2654538260056422,0.06874417181198414,0.1219213020343047,0.14235853552818298,0.5517442907278355,1.4318114519119263,1.0931204557418823,1.4918617010116577,1.1953463554382324,1.3966498374938965,0.8907341361045837,0.9787421822547913,2.8718366622924805,0.7098191976547241,0.021771766245365143,2.3584632873535156,0.5027135610580444
394,0.0001,0.1144613679498434,0.9314504504694826,0.43049106276952304,0.7357742302336924,0.8442823974370348,82.2993311882019,0.12248941033612937,0.05320541572291404,0.07367893605260178,0.12857509520836174,0.12248941033612937,0.5910501168109477,0.14218717034046466,0.2620488772025475,0.06984220353456644,0.1223227104315391,0.14218717034046466,0.5607440398289607,1.4309860467910767,1.0930759906768799,1.4922324419021606,1.1941511631011963,1.3968805074691772,0.8909187912940979,0.9756189584732056,2.8714590072631836,0.7099716663360596,0.02097276784479618,2.357065200805664,0.5027239918708801
395,0.0001,0.11372191342525184,0.9310813196176606,0.4433076491722694,0.723187029378711,0.8345996460813517,78.99549841880798,0.12421999813523144,0.052491949434624985,0.07559052517171949,0.127395375398919,0.12421999813523144,0.5804473771713674,0.1445977412737333,0.26817398942433873,0.07363824041990133,0.12151858818072539,0.1445977412737333,0.5562271844882232,1.4296725988388062,1.092541217803955,1.4925323724746704,1.1927876472473145,1.3968693017959595,0.891297459602356,0.9762784838676453,2.869032621383667,0.7097460031509399,0.01948588527739048,2.35552716255188,0.5027241706848145
396,0.0001,0.113490353920497,0.9322205839369012,0.4376272747149834,0.7282578921732044,0.8381980566123487,64.11568927764893,0.12318247242365032,0.05184971576090902,0.07453232776606455,0.12942168593872339,0.12318247242365032,0.5852003889158368,0.1430371901163688,0.2645961323609719,0.06824237303091929,0.12065876733798248,0.1430371901163688,0.5523276028724817,1.4291051626205444,1.0920064449310303,1.492740273475647,1.19321870803833,1.3978490829467773,0.8915477991104126,0.9758562445640564,2.8691775798797607,0.7098463177680969,0.017973918467760086,2.3551363945007324,0.5027703642845154
397,0.0001,0.11514573101885617,0.9302354461231095,0.43315236476751473,0.731388919579169,0.8406570036523261,68.18520188331604,0.12092815211508423,0.05277962615946308,0.07452283857855946,0.12884069478604943,0.12092815211508423,0.5926861884072423,0.14299727838772994,0.2609261540266184,0.06524233336632068,0.12377247833288633,0.14299727838772994,0.5493544560212356,1.4286408424377441,1.0913194417953491,1.492988109588623,1.1919305324554443,1.3973459005355835,0.8916873335838318,0.9753342866897583,2.869102954864502,0.7099487781524658,0.0198009442538023,2.3533899784088135,0.5029007792472839
398,0.0001,0.11425296973902732,0.9298423651773227,0.4352007045195653,0.7339837644452395,0.8421307917639475,64.51665210723877,0.12252942862687632,0.05309405934531242,0.07552592345746234,0.12867644021753222,0.12252942862687632,0.5776251791976392,0.142730928842838,0.2699338830434359,0.08382044526246878,0.11884651780128479,0.142730928842838,0.5746627449989319,1.4276765584945679,1.090975284576416,1.4932581186294556,1.1910338401794434,1.3972866535186768,0.8918827176094055,0.9732613563537598,2.866563558578491,0.7098432779312134,0.02131161279976368,2.3535096645355225,0.5029321312904358
399,0.0001,0.11455768928863108,0.9294264843110271,0.43440030354719894,0.7325339475328132,0.8414476701775931,57.18195867538452,0.12271305872127414,0.05303632497088984,0.075033564993646,0.12698726274538785,0.12271305872127414,0.5732027101330459,0.14025854239097008,0.26737272601861223,0.07315622877616149,0.12237549836818988,0.14025854239097008,0.5699844286992,1.427097201347351,1.0909051895141602,1.4934964179992676,1.1905122995376587,1.3967227935791016,0.8921021819114685,0.9723852276802063,2.8655316829681396,0.7097941637039185,0.01958327740430832,2.351053237915039,0.5029130578041077
