epoch,lr,loss,iou,val_loss,val_iou,val_dice,epoch_sec,train_ctrl,train_foc,train_ma_mean,train_rho_std,train_ctrl_bce,train_cell_iou,val_ctrl,val_foc,val_ma_mean,val_rho_std,val_ctrl_bce,val_cell_iou,norm_route1_wc,norm_route1_wa,norm_route1_beta,norm_route2_wc,norm_route2_wa,norm_route2_beta,norm_route3_wc,norm_route3_wa,norm_route3_beta,norm_route4_wc,norm_route4_wa,norm_route4_beta
0,0.0001,1.304450437426567,0.42189848676132147,1.385484876054706,0.4419673873573048,0.6100113445974833,73.95898675918579,0.6929950080811977,0.6477099098265171,0.5005017146468163,0.0007467930045095272,0.6929950080811977,0.47710271179676056,0.6931569684635509,0.6927665977767019,0.5005896091461182,8.620265946250804e-05,0.6931569684635509,0.4934895833333333,0.025396734476089478,0.023115722462534904,0.009004331193864346,0.03958196938037872,0.03656898811459541,0.00908732321113348,0.0735364556312561,0.07955574244260788,0.011288122273981571,0.07876434922218323,0.07837270945310593,0.011340582743287086
1,0.0001,1.1926743686199188,0.5755309507950851,1.3837687427347356,0.4165937973359429,0.5861770570188538,9.940407991409302,0.6919713765382767,0.5817155353724957,0.5044107884168625,0.002840236986230593,0.6919713765382767,0.5089528448879719,0.6932339921142116,0.6994955521641355,0.5034728122479988,0.0009509441619174498,0.6932339921142116,0.4934895833333333,0.04716086760163307,0.04311598464846611,0.01924925483763218,0.06539955735206604,0.06334371119737625,0.01865869015455246,0.1105833649635315,0.12978026270866394,0.017743799835443497,0.10638566315174103,0.10856444388628006,0.016218572854995728
2,0.0001,1.1140985786914825,0.6283883191227573,1.3684741655985515,0.4963070584083098,0.6589149530052122,10.106144189834595,0.6898269467055798,0.5388843640685081,0.5081011839210987,0.005877281160792336,0.6898269467055798,0.5180702824145555,0.6934507037654067,0.7164947625362512,0.5066416227456295,0.002255839570848779,0.6934507037654067,0.4934895833333333,0.0680166631937027,0.06275825202465057,0.030304407700896263,0.0865735411643982,0.08824389427900314,0.028171220794320107,0.13869288563728333,0.17370623350143433,0.02238052897155285,0.12687774002552032,0.13378441333770752,0.021112410351634026
3,0.0001,1.0496020056307316,0.6681130859620504,1.4005590532765244,0.4957048127964784,0.6584662126351053,10.620605230331421,0.6863298267126083,0.5020342785865068,0.5090780332684517,0.009492446813965216,0.6863298267126083,0.5292040426284075,0.6938033718051333,0.7766444755323005,0.5088179599155079,0.004674423189664429,0.6938033718051333,0.4934895833333333,0.08736501634120941,0.0817982479929924,0.04067201167345047,0.10525242984294891,0.1122959703207016,0.0380263552069664,0.1620543748140335,0.2134089171886444,0.02628003992140293,0.1463073492050171,0.15789039433002472,0.025215700268745422
4,0.0001,1.0028096698224545,0.6979653451949379,1.3564488418174512,0.4368132542996751,0.6071869112549874,10.001862049102783,0.68126055970788,0.47861495055258274,0.5091337561607361,0.013723013864364475,0.68126055970788,0.5431893523782492,0.6935759457674894,0.6830368981216893,0.5080080610333066,0.005605875119341143,0.6935759457674894,0.4934895833333333,0.10472717136144638,0.09902370721101761,0.049886781722307205,0.1216512992978096,0.1319277286529541,0.047036390751600266,0.18162056803703308,0.2472977191209793,0.030245428904891014,0.16185370087623596,0.18043926358222961,0.028820998966693878
5,0.0001,0.969335749745369,0.7087312738060497,1.3162258827325068,0.4716442811915454,0.6387088129354951,9.976911783218384,0.6747204884886742,0.46236140839755535,0.5071480944752693,0.017120304750278592,0.6747204884886742,0.5575109533965588,0.6919111826203086,0.6755444840951399,0.5051873488859697,0.008015886993344986,0.6919111826203086,0.4934895833333333,0.12016025930643082,0.11380114406347275,0.05789877846837044,0.13636167347431183,0.14781583845615387,0.05494675040245056,0.20056039094924927,0.2895091474056244,0.03383396565914154,0.1774509847164154,0.2078564614057541,0.03262137621641159
6,0.0001,0.9488702975213528,0.7154701083309878,1.1899249084068066,0.552739983378594,0.7109553402176603,9.546440839767456,0.6684537641704082,0.45112090185284615,0.5041595250368118,0.02087680099066347,0.6684537641704082,0.5663485340774059,0.6854381597403324,0.5986142736492734,0.4971127654566909,0.014922631170713541,0.6854381597403324,0.49357156320051715,0.13398033380508423,0.1302802562713623,0.0650407001376152,0.15010058879852295,0.1703920215368271,0.0618748664855957,0.21805521845817566,0.33674779534339905,0.03713275119662285,0.1936369240283966,0.24478986859321594,0.03680724650621414
7,0.0001,0.907613143324852,0.7508187010830676,1.093396165154197,0.6192564358061213,0.7646797097979151,9.714537620544434,0.6599987670779228,0.4288901649415493,0.5003460925072432,0.024737361236475408,0.6599987670779228,0.5846632067114115,0.6775731932033192,0.5334035049785267,0.491707854198687,0.019035259769721466,0.6775731932033192,0.49664485093319055,0.1468607485294342,0.14688044786453247,0.07171788066625595,0.16300277411937714,0.19023510813713074,0.06889986246824265,0.23224157094955444,0.3776620626449585,0.040543317794799805,0.20803268253803253,0.27264416217803955,0.04050170257687569
8,0.0001,0.8942692950367928,0.751202802193022,1.083896568327239,0.6374259735448915,0.777684430983397,9.569703340530396,0.6517014317214489,0.42368252016603947,0.4951642993837595,0.028149043093435466,0.6517014317214489,0.5944078173488379,0.6693803794456251,0.5291524746201255,0.48534925869016937,0.02212338832517465,0.6693803794456251,0.5039385737794818,0.15949492156505585,0.16258975863456726,0.07809824496507645,0.17575731873512268,0.20722369849681854,0.07555368542671204,0.24734681844711304,0.4132714867591858,0.04430406540632248,0.2192744016647339,0.3048076331615448,0.04289275035262108
9,0.0001,0.8726830370724201,0.7636211101469041,1.0435036926558523,0.6399466325595701,0.7803440235797456,9.544670343399048,0.6425983235239983,0.41175827011466026,0.488904120400548,0.030642162542790174,0.6425983235239983,0.599341843277216,0.6616940498352051,0.5147669568206324,0.47937626730312,0.024294714415163704,0.6616940498352051,0.5271192319465406,0.1717992126941681,0.17792601883411407,0.08421630412340164,0.18767622113227844,0.22478890419006348,0.08225637674331665,0.25777971744537354,0.46330592036247253,0.04694178327918053,0.23122668266296387,0.3480220437049866,0.04554004594683647
10,0.0001,0.863206434994936,0.7680983587590098,1.0365329294493704,0.6617521771713909,0.795992505848409,9.7752525806427,0.6352115906774998,0.41072860918939114,0.48173435032367706,0.030572816263884306,0.6352115906774998,0.603320961818099,0.6648278850497622,0.5019349654515585,0.4689088861147563,0.02384277150938005,0.6648278850497622,0.5180540446079138,0.18326842784881592,0.19244004786014557,0.08980369567871094,0.20086079835891724,0.23703773319721222,0.08871679753065109,0.26808565855026245,0.4975660741329193,0.04888353496789932,0.24283190071582794,0.3703213632106781,0.048777513206005096
11,0.0001,0.838721264153719,0.7814756095142738,1.0244023763772212,0.6457199186203246,0.7843029061118589,10.181605815887451,0.6257875300943851,0.3995867222547531,0.47525053657591343,0.03271768242120743,0.6257875300943851,0.6215291358530521,0.6575318683277477,0.5015565653642019,0.461649550632997,0.025536798505168972,0.6575318683277477,0.5244206153985226,0.19440121948719025,0.2069159895181656,0.09531360864639282,0.21151064336299896,0.2541131377220154,0.09448844194412231,0.280161589384079,0.5405587553977966,0.05281823128461838,0.25373315811157227,0.399148553609848,0.05230490118265152
12,0.0001,0.8184240907430649,0.7924676240088574,0.9920093688097867,0.6688449327243037,0.8010212602381611,10.104023933410645,0.6162950210273266,0.38802033849060535,0.46802424266934395,0.033520809607580304,0.6162950210273266,0.6288643516600132,0.64673927155408,0.5011685346112107,0.45043211543198786,0.02773024994089748,0.64673927155408,0.5364045627189405,0.20564064383506775,0.21868620812892914,0.10079953074455261,0.22160698473453522,0.2653636634349823,0.10086216032505035,0.2897554934024811,0.5738823413848877,0.05624151974916458,0.263899028301239,0.42664027214050293,0.055581241846084595
13,0.0001,0.8203069716691971,0.7821248096122482,1.0088666388482759,0.6682702186696665,0.8000257512411355,9.7319016456604,0.6095793768763542,0.39413972944021225,0.4593746643513441,0.034491983940824866,0.6095793768763542,0.6253246627748013,0.6444091959433123,0.5106375623833049,0.44522890177640045,0.027809538568059605,0.6444091959433123,0.54267105550477,0.21636725962162018,0.23078936338424683,0.10615368187427521,0.23235833644866943,0.275720477104187,0.10637961328029633,0.30042579770088196,0.6007394194602966,0.05945805460214615,0.2700459063053131,0.4448704123497009,0.05746675655245781
14,0.0001,0.7925982922315598,0.7999337940078424,0.9965132113659021,0.6773398532293493,0.8074211113776036,9.599194049835205,0.5967801809310913,0.3806653842329979,0.4512213747948408,0.03575841407291591,0.5967801809310913,0.6452386118471622,0.6462871486490424,0.504347866231745,0.4453175203366713,0.026922613551670856,0.6462871486490424,0.5323629975318909,0.2267955243587494,0.2417731136083603,0.11128532886505127,0.24388790130615234,0.2861078679561615,0.11306296288967133,0.3085629940032959,0.6259326338768005,0.06194118410348892,0.2780056595802307,0.47400185465812683,0.06037339195609093
15,0.0001,0.7930388897657394,0.792446269967187,0.9740321708448005,0.6815024254051222,0.8097669001996852,9.878900527954102,0.5903601609170437,0.3836847562342882,0.4446143861860037,0.03586275386624038,0.5903601609170437,0.6424715742468834,0.6502617489207875,0.5009978576139971,0.4228741020867319,0.02884299432237943,0.6502617489207875,0.5301556225978967,0.23677553236484528,0.25273409485816956,0.11611428111791611,0.253399133682251,0.2963916063308716,0.11847081035375595,0.3179713785648346,0.6521954536437988,0.06439199298620224,0.2868734300136566,0.49468761682510376,0.06395682692527771
16,0.0001,0.773877464234829,0.8072831354391882,1.0134440154740305,0.6742429293840894,0.8048806007821283,9.942010641098022,0.5800397098064423,0.37554831244051456,0.4368352796882391,0.03802615008316934,0.5800397098064423,0.6509173586964607,0.680409211100954,0.5335750001849551,0.35814875183683453,0.03095941465686668,0.680409211100954,0.5072603514700225,0.24692308902740479,0.26290252804756165,0.12080933153629303,0.26351451873779297,0.30508190393447876,0.12397003173828125,0.3264685869216919,0.6875618100166321,0.06694604456424713,0.29720327258110046,0.5269596576690674,0.06751345098018646
17,0.0001,0.7830725498497486,0.7892196736338102,0.9275651465762745,0.7014632818680254,0.8235383427087405,10.02848505973816,0.5776255764067173,0.383826220408082,0.43036280013620853,0.040727632120251656,0.5776255764067173,0.6340395882725716,0.6255458015384097,0.4683534891316385,0.4259230711243369,0.03223310444842686,0.6255458015384097,0.5574641823768616,0.25723668932914734,0.27409827709198,0.12571924924850464,0.27306973934173584,0.3142964839935303,0.12905457615852356,0.3361431956291199,0.7272387742996216,0.07087360322475433,0.30595365166664124,0.5625107288360596,0.07082325965166092
18,0.0001,0.7615424878895283,0.8028148094634473,0.9146118001504377,0.7105602987470913,0.8301603115697731,9.311574459075928,0.5613006129860878,0.3740811012685299,0.4224522300064564,0.041104960488155484,0.5613006129860878,0.6670224368572235,0.6175943829796531,0.4597340235204408,0.419527859398813,0.032541413311705444,0.6175943829796531,0.563496880459063,0.2678537368774414,0.282760351896286,0.13058389723300934,0.28192439675331116,0.31661146879196167,0.13436824083328247,0.34359434247016907,0.7463723421096802,0.07385963946580887,0.3126397430896759,0.5852380394935608,0.07187007367610931
19,0.0001,0.7351106032729149,0.8249008769269618,0.9194646965373646,0.7130852470354491,0.8315898818083107,9.720294713973999,0.554879792034626,0.3586962856352329,0.41568091325461864,0.04148711985908449,0.554879792034626,0.6693312227725983,0.6278788898930405,0.44788963144475763,0.42184196909268695,0.029570625022505268,0.6278788898930405,0.5487933014378403,0.2780931890010834,0.2932678163051605,0.1352391093969345,0.29455190896987915,0.32554295659065247,0.14078807830810547,0.3501666188240051,0.761113166809082,0.07608157396316528,0.31843575835227966,0.6075535416603088,0.07448884844779968
20,0.0001,0.7385125644505024,0.8143661468676282,0.9530892047015104,0.6703098117512406,0.8023327891798199,9.534667015075684,0.5471378713846207,0.3668041452765465,0.4088903348892927,0.04362969961948693,0.5471378713846207,0.6701127961277962,0.6439453525976702,0.47360644737879437,0.3758629804307764,0.032903206224242844,0.6439453525976702,0.5369241544694612,0.2878183424472809,0.3039866089820862,0.13990984857082367,0.3042236864566803,0.3366822600364685,0.1460854560136795,0.3564349412918091,0.7839045524597168,0.07821279019117355,0.32446032762527466,0.6430791616439819,0.07771343737840652
21,0.0001,0.7187648192048073,0.828416783470392,0.9291760361555851,0.6790996430330359,0.8085994389268296,9.336180925369263,0.5390567108988762,0.3555876240134239,0.4022207725793123,0.04452299326658249,0.5390567108988762,0.6793274283409119,0.5938050421801481,0.47068888129610004,0.43367216081330273,0.03284503671933304,0.5938050421801481,0.6019391543937452,0.2985156774520874,0.31212252378463745,0.14476002752780914,0.3132801949977875,0.34271761775016785,0.15159477293491364,0.3619798719882965,0.8006508946418762,0.08051276206970215,0.32808634638786316,0.6569709777832031,0.07936844974756241
22,0.0001,0.7288111113011837,0.8133300047348142,0.9351283745332197,0.7119079037762941,0.8315631978685999,9.155834436416626,0.5327366068959236,0.366015886887908,0.3957334104925394,0.04493663273751736,0.5327366068959236,0.6841561011970043,0.6553561813903578,0.4851154829516555,0.33824263016382855,0.03347548870652011,0.6553561813903578,0.516217437657443,0.30931127071380615,0.32058390974998474,0.149399995803833,0.3240776062011719,0.3502753674983978,0.15743975341320038,0.3678812086582184,0.806709349155426,0.08163668215274811,0.33324599266052246,0.6827706694602966,0.08063482493162155
23,0.0001,0.7107331864535809,0.826681656818792,0.9616347190105554,0.6256058320842592,0.7676491185646424,9.439177989959717,0.5214733146131039,0.3574671857059002,0.38615619018673897,0.046381427673622966,0.5214733146131039,0.6905925571918488,0.5882910255229834,0.47320025075565686,0.41958865794268524,0.03196498757284699,0.5882910255229834,0.5933153466744856,0.3200702369213104,0.3295038044452667,0.1539568305015564,0.3325134217739105,0.362407386302948,0.16240499913692474,0.375789999961853,0.8345649242401123,0.08513851463794708,0.33870482444763184,0.7003309726715088,0.08250190317630768
24,0.0001,0.6948832497000694,0.8315630159407866,0.9207403136022163,0.6978283717010056,0.8217413295573333,9.810554265975952,0.5171977747231722,0.3491381648927927,0.3839575070887804,0.04641126003116369,0.5171977747231722,0.6977076046168804,0.6132027850006566,0.4743066673929041,0.3931156965819272,0.03364215576739022,0.6132027850006566,0.5633545481797421,0.32942914962768555,0.3394508361816406,0.15848924219608307,0.3410324454307556,0.3758900463581085,0.16823945939540863,0.3833068013191223,0.8647333383560181,0.08703374862670898,0.3455372452735901,0.739496648311615,0.08583661913871765
25,0.0001,0.6906694211065769,0.8337738533795911,0.90007771506454,0.7137448393053889,0.8327211117488628,9.923337697982788,0.5115731824189425,0.3502177596092224,0.3771147206425667,0.048558463575318456,0.5115731824189425,0.6924465708434582,0.6106189904790936,0.45617232539437036,0.3864476409825412,0.03540920923379334,0.6106189904790936,0.5577803055445353,0.339204341173172,0.3464227020740509,0.16298562288284302,0.35044747591018677,0.38071444630622864,0.17439623177051544,0.3874269127845764,0.8807902932167053,0.08884555846452713,0.3496036231517792,0.7450950145721436,0.08771876990795135
26,0.0001,0.6675321981310844,0.847910056455467,0.896874422376806,0.7206099068860111,0.8374350651026594,9.562352657318115,0.5017626937478781,0.33777634985744953,0.36898721754550934,0.04984152130782604,0.5017626937478781,0.7027426436543465,0.589981982202241,0.4618475915807666,0.40398365710720874,0.035246276607116066,0.589981982202241,0.574471986655033,0.34861060976982117,0.3518907129764557,0.16741330921649933,0.3606567978858948,0.3801780343055725,0.17985960841178894,0.39124029874801636,0.8819857239723206,0.09045188874006271,0.35279497504234314,0.749923050403595,0.0902622863650322
27,0.0001,0.6639400571584702,0.8498170344749401,0.989587563456911,0.6797793386020985,0.809104675687596,9.62653923034668,0.49521438404917717,0.3369648680090904,0.36529004387557507,0.04977482836693525,0.49521438404917717,0.7089971415698528,0.6509903109434879,0.5208614071210226,0.3311290135889342,0.034818412961833405,0.6509903109434879,0.5270443847685149,0.35782337188720703,0.35874634981155396,0.171796053647995,0.36887362599372864,0.3863091766834259,0.18590931594371796,0.3970196545124054,0.9011170864105225,0.09312425553798676,0.3561994731426239,0.7635990977287292,0.09251820296049118
28,0.0001,0.663325235247612,0.844601350827476,1.0362226457306833,0.6442205851875844,0.7821988805698817,11.25737452507019,0.48985660821199417,0.3410129640251398,0.35871654003858566,0.050300012808293104,0.48985660821199417,0.7094891667366028,0.6352998903303435,0.5865526072906725,0.3658958041306698,0.03312594358893958,0.6352998903303435,0.5295864849379568,0.3665071725845337,0.36637207865715027,0.17592684924602509,0.3763435482978821,0.39514607191085815,0.19122512638568878,0.4002140462398529,0.9267855286598206,0.09555898606777191,0.35873162746429443,0.7864176034927368,0.09453693777322769
29,0.0001,0.6667576692998409,0.8390634418998116,1.050802306695418,0.6386241209970621,0.7787958908539823,9.33277678489685,0.4866887703537941,0.3449635449796915,0.35755388252437115,0.04982741782441735,0.4866887703537941,0.7080385349690914,0.656955953800317,0.5874416557225314,0.3329562147458394,0.03448124833856568,0.656955953800317,0.5336289044582483,0.3758905231952667,0.3713743984699249,0.1800348162651062,0.38504278659820557,0.3986094892024994,0.1957879513502121,0.4042811691761017,0.9480754733085632,0.09783528745174408,0.362040638923645,0.8076769113540649,0.09651752561330795
30,0.0001,0.6473603472113609,0.8491239256572594,1.0490612947579585,0.6642090592682012,0.7975293181784645,10.064743280410767,0.4807710684835911,0.337619261816144,0.34955964982509613,0.05134069360792637,0.4807710684835911,0.7157004065811634,0.7823172879941536,0.5614530606703325,0.22978380412766428,0.03561162858298331,0.7823172879941536,0.5077844659487406,0.38534992933273315,0.3772132694721222,0.18406638503074646,0.39401373267173767,0.40460649132728577,0.20046840608119965,0.4096454977989197,0.9768471121788025,0.0998150184750557,0.3646453022956848,0.8309605121612549,0.09748347103595734
31,0.0001,0.6474721245467663,0.8488424210772073,0.8618655204772949,0.7268108524491441,0.8408167074675161,9.464745998382568,0.47391968965530396,0.338439280167222,0.3462717365473509,0.05118080321699381,0.47391968965530396,0.7186461798846722,0.6336770689848698,0.4258790305166533,0.3213963969187303,0.03715494026740392,0.6336770689848698,0.5399085427775527,0.39433881640434265,0.38312530517578125,0.188289076089859,0.400023877620697,0.4124140739440918,0.20603671669960022,0.41162240505218506,0.9942750930786133,0.10186940431594849,0.36630019545555115,0.8531946539878845,0.09936743974685669
32,0.0001,0.6401229575276375,0.8515037309284553,0.9031943118933475,0.7147418483887396,0.8333305790330675,9.089902877807617,0.47065417282283306,0.33531632646918297,0.340483708307147,0.051715367240831256,0.47065417282283306,0.7194462418556213,0.6086131216901721,0.48173306475986133,0.3698248520041957,0.03601794610872413,0.6086131216901721,0.5506428895574628,0.4031083285808563,0.38905245065689087,0.19231459498405457,0.4066818356513977,0.41807156801223755,0.2115025669336319,0.4156869649887085,1.0118052959442139,0.10430126637220383,0.36961156129837036,0.8856890201568604,0.10240406543016434
33,0.0001,0.6310715526342392,0.852975627543024,0.8951046936439745,0.7194305103820688,0.8367487892064254,9.398755550384521,0.46689430996775627,0.3316880725324154,0.3396306112408638,0.05172938830219209,0.46689430996775627,0.7234056666493416,0.6444571162715103,0.472831388314565,0.3129624625047048,0.03616694304527658,0.6444571162715103,0.5271170446366975,0.41216209530830383,0.39474815130233765,0.19658152759075165,0.41380274295806885,0.4232521951198578,0.21705061197280884,0.41961953043937683,1.0246598720550537,0.10692130774259567,0.3712634742259979,0.9033432602882385,0.10358276963233948
34,0.0001,0.6021914556622505,0.8737669248298849,0.8769606387976444,0.7198149437244173,0.8367722330601286,9.60142970085144,0.4558715932071209,0.31532701291143894,0.3316079843789339,0.05272907321341336,0.4558715932071209,0.7335136495530605,0.5947224335236982,0.4532487157619361,0.37230989969137945,0.03680862260587288,0.5947224335236982,0.5658396536653693,0.4219507575035095,0.4003545939922333,0.20065344870090485,0.42356041073799133,0.42821916937828064,0.22301997244358063,0.42364969849586487,1.0356718301773071,0.1088029071688652,0.3712965250015259,0.917807400226593,0.10458412021398544
35,0.0001,0.6158253215253353,0.858679376986748,0.8346045956467137,0.7423412358083228,0.8519039263144972,9.826010704040527,0.4535277783870697,0.32674808241426945,0.33198695816099644,0.052124462090432644,0.4535277783870697,0.7362246699631214,0.5847235990293098,0.458803959868171,0.31655584501497674,0.04439207369630987,0.5847235990293098,0.5670297290339614,0.43170708417892456,0.40395572781562805,0.20473070442676544,0.43132704496383667,0.43175533413887024,0.22803644835948944,0.4261135160923004,1.0492527484893799,0.11008813232183456,0.37249016761779785,0.9366081953048706,0.10624309629201889
36,0.0001,0.6143866255879402,0.8585818829712031,0.9137850891460072,0.7158536131595451,0.8330390117752285,9.376539945602417,0.45493085868656635,0.327510105445981,0.3247683122754097,0.05352269276045263,0.45493085868656635,0.7255091890692711,0.6434742203264525,0.5176515660502694,0.2799284250447244,0.0431095359451843,0.6434742203264525,0.546492004033291,0.44041743874549866,0.41079139709472656,0.20852485299110413,0.4385785162448883,0.43804433941841125,0.23262447118759155,0.42950671911239624,1.0807071924209595,0.1121986135840416,0.37564077973365784,0.9646146297454834,0.10913819074630737
37,0.0001,0.6048131100833416,0.8619538186330196,0.8957966204845544,0.7159327208419722,0.8339654778234832,8.862953662872314,0.4448665138334036,0.326342448592186,0.32058595679700375,0.05396438599564135,0.4448665138334036,0.7376492545008659,0.6159802169510813,0.5014410362099156,0.30481338591286633,0.046447687528350136,0.6159802169510813,0.5740126877120046,0.448805570602417,0.414367139339447,0.21226558089256287,0.4462178945541382,0.439616858959198,0.23730334639549255,0.4326612651348114,1.0892740488052368,0.11429714411497116,0.3784312903881073,0.9793877005577087,0.11126773804426193
38,0.0001,0.6446000225841999,0.8292518073147065,0.8491409800269387,0.7382478606652336,0.8491626228126099,9.584502220153809,0.45459903590381145,0.35314374789595604,0.31757761910557747,0.054081795969977975,0.45459903590381145,0.7275454625487328,0.6130414298086455,0.44533792409029876,0.301771570335735,0.04419858979456352,0.6130414298086455,0.5604529796224652,0.4563863277435303,0.41890639066696167,0.21559718251228333,0.45141544938087463,0.440776526927948,0.24005411565303802,0.43978631496429443,1.1267493963241577,0.11869332194328308,0.38177424669265747,1.0303065776824951,0.11281880736351013
39,0.0001,0.6170031353831291,0.8498273395496874,0.8408469503576105,0.7489099446070682,0.8562210305555543,8.997742414474487,0.4428135063499212,0.337371738627553,0.31726392172276974,0.053524666000157595,0.4428135063499212,0.7372007928788662,0.6266876495245731,0.43175949652989704,0.3281348600532069,0.03862186487425457,0.6266876495245731,0.532278552199855,0.465078741312027,0.4232320785522461,0.21900980174541473,0.4598299562931061,0.4458928406238556,0.24362944066524506,0.4446433484554291,1.1432430744171143,0.12039854377508163,0.38411498069763184,1.0628782510757446,0.11415167897939682
40,0.0001,0.5911231823265553,0.8649380925840522,0.9097059640017423,0.7185872388972804,0.8358990284094078,9.722261905670166,0.43483910523355007,0.32034954987466335,0.31070855259895325,0.054535875329747796,0.43483910523355007,0.7450367771089077,0.6380243482011737,0.4886326347336625,0.3142231224161206,0.03914868560704318,0.6380243482011737,0.536912081819592,0.47306448221206665,0.4285680949687958,0.22270292043685913,0.46690255403518677,0.4508616030216217,0.24862785637378693,0.44837722182273865,1.1549787521362305,0.12200643867254257,0.38481566309928894,1.0820804834365845,0.11644653230905533
41,0.0001,0.5809883028268814,0.869274677366178,0.9576624595757687,0.6897452333919123,0.8161217766810621,10.313223838806152,0.4329062048345804,0.31727486103773117,0.31099448911845684,0.05380627210251987,0.4329062048345804,0.7457042187452316,0.6446747779846191,0.5546125227754767,0.2779027422269185,0.044103829246578796,0.6446747779846191,0.5499770009156429,0.4826728403568268,0.43262457847595215,0.226578027009964,0.4740186631679535,0.45580369234085083,0.25413617491722107,0.44954946637153625,1.1766517162322998,0.12300140410661697,0.3862657845020294,1.0940505266189575,0.1189739778637886
42,0.0001,0.5877765566110611,0.8598576159446665,0.9497788963895856,0.6888267344444803,0.8140234703836589,9.6238112449646,0.4255526941269636,0.32499372586607933,0.3059908300638199,0.05450557149015367,0.4255526941269636,0.750568326562643,0.6489034331206119,0.5267674128214518,0.2768593913677967,0.04411772525671757,0.6489034331206119,0.5465360229665582,0.49092617630958557,0.4384090304374695,0.23016050457954407,0.48004159331321716,0.4620811343193054,0.2581593692302704,0.4507427215576172,1.1849757432937622,0.12452481687068939,0.3868422210216522,1.1088378429412842,0.11999639868736267
43,0.0001,0.5763374827802181,0.8677906459614744,0.8745699904181741,0.7316847788365672,0.8444797137168105,9.13086462020874,0.4241223316639662,0.31680101715028286,0.3009472470730543,0.05465688602998853,0.4241223316639662,0.7477356754243374,0.6623824834823608,0.4574133880210645,0.28420219638130884,0.03928103602745316,0.6623824834823608,0.5250546552918174,0.5004002451896667,0.44370463490486145,0.2338220328092575,0.48793599009513855,0.4634673595428467,0.2629355490207672,0.45554885268211365,1.1961666345596313,0.12692131102085114,0.3884693682193756,1.1442408561706543,0.12171304225921631
44,0.0001,0.5839960984885693,0.8604495234280649,0.8415338902762441,0.7451577163586408,0.853826574533236,9.521742820739746,0.4249877259135246,0.3243956547230482,0.30179994739592075,0.05435548070818186,0.4249877259135246,0.7474766224622726,0.629386381669478,0.46412091544180206,0.2633534913713282,0.04963125920656956,0.629386381669478,0.5647699724544178,0.5096310973167419,0.4484950304031372,0.2377971112728119,0.4930022954940796,0.4685814380645752,0.26725319027900696,0.4564276933670044,1.2044236660003662,0.12734171748161316,0.38817062973976135,1.1538727283477783,0.12325195223093033
45,0.0001,0.5632645152509212,0.8720195582863766,0.9249258709676338,0.7049519700116127,0.8264038859704789,9.756906270980835,0.41190498508512974,0.3136544954031706,0.29607695527374744,0.05454223556444049,0.41190498508512974,0.7625772356987,0.6357410965543805,0.5354218266227029,0.25522735218207043,0.054693886389335,0.6357410965543805,0.575352096196377,0.5182635188102722,0.45418813824653625,0.24151204526424408,0.49860814213752747,0.47509506344795227,0.2707304060459137,0.45829084515571594,1.2212790250778198,0.12879718840122223,0.38793516159057617,1.1835283041000366,0.12479729950428009
46,0.0001,0.5701252929866314,0.8660865240141113,0.7408731814586755,0.7893794781146611,0.8820826734024687,9.15376615524292,0.4167998246848583,0.3200685493648052,0.29329622350633144,0.054538884200155735,0.4167998246848583,0.7486931383609772,0.567240449515256,0.3992935301679553,0.2964002119772362,0.05112680126771783,0.567240449515256,0.5900401473045349,0.5272844433784485,0.456602543592453,0.24511325359344482,0.5065551996231079,0.47567135095596313,0.27560704946517944,0.46009817719459534,1.2192749977111816,0.13005468249320984,0.39052221179008484,1.1905584335327148,0.1263531595468521
47,0.0001,0.560425654053688,0.8713935519028112,0.8935652700337496,0.7199386337161512,0.8363803647792655,9.750533819198608,0.41125994734466076,0.31555159389972687,0.29303544387221336,0.05411633476614952,0.41125994734466076,0.7576537057757378,0.6976074477036794,0.4880232133648612,0.23534294962882996,0.045196382836862045,0.6976074477036794,0.5474042368657661,0.5350913405418396,0.46073392033576965,0.24864473938941956,0.512461245059967,0.48100265860557556,0.28008660674095154,0.46244168281555176,1.2381055355072021,0.13145767152309418,0.39243951439857483,1.205808401107788,0.12880009412765503
48,0.0001,0.5679760910570621,0.8606036521367149,0.941997867642027,0.7009107026291798,0.8239607383261838,10.281702041625977,0.407257629558444,0.322447519749403,0.28986191004514694,0.05401240778155625,0.407257629558444,0.7613954395055771,0.6364065733822909,0.5607859853542212,0.24173895608295093,0.048592709343541755,0.6364065733822909,0.5771623669248639,0.5414607524871826,0.4619959890842438,0.2518658936023712,0.5151252150535583,0.4815504252910614,0.2841811180114746,0.46310728788375854,1.2437652349472046,0.13289998471736908,0.39296042919158936,1.2041187286376953,0.1308087706565857
49,0.0001,0.5503293946385384,0.873720195542954,0.9987843217271747,0.6825101716780492,0.8109725271875875,9.64665961265564,0.40449159778654575,0.3129856754094362,0.28555258363485336,0.05411589331924915,0.40449159778654575,0.7588738091289997,0.7732156894423745,0.5661123900702505,0.2204615089929465,0.03980950582208055,0.7732156894423745,0.5272458123438286,0.54939866065979,0.46471792459487915,0.2552736699581146,0.5205114483833313,0.485579252243042,0.28933894634246826,0.46573391556739807,1.2599984407424927,0.13460475206375122,0.39350560307502747,1.2179673910140991,0.13325564563274384
50,0.0001,0.5386304892599583,0.8797894955800296,0.8413269158565637,0.7495902505819273,0.856699640257198,8.986005783081055,0.39940689876675606,0.30434370040893555,0.28366418555378914,0.05384572991169989,0.39940689876675606,0.7665836364030838,0.5931009153525034,0.4791472861261079,0.2594080160964619,0.052246389402584595,0.5931009153525034,0.5872641585089944,0.5582947731018066,0.4712893068790436,0.2590193450450897,0.5264831185340881,0.49330243468284607,0.29391124844551086,0.46731579303741455,1.2865240573883057,0.1359628140926361,0.3938126862049103,1.2273691892623901,0.13590283691883087
51,0.0001,0.5419664643704891,0.8772259531626814,1.000135322411855,0.6830921261671405,0.811242390868791,9.929884672164917,0.399082500487566,0.3091656565666199,0.28209722228348255,0.05370389833115041,0.399082500487566,0.7659684754908085,0.7815026938915253,0.5549624878348727,0.23619232394478537,0.03724037810708537,0.7815026938915253,0.5041381807038279,0.5659967660903931,0.47281399369239807,0.26256513595581055,0.5322685837745667,0.49368035793304443,0.2986907362937927,0.469411164522171,1.2980496883392334,0.13758713006973267,0.39157694578170776,1.2350627183914185,0.13651351630687714
52,0.0001,0.5347224771976471,0.8771231556314778,0.9818514693867076,0.6886191771820108,0.8154765499667249,9.993178606033325,0.3943971674889326,0.30751094222068787,0.2772333584725857,0.05389600363560021,0.3943971674889326,0.7678448408842087,0.7112656190539851,0.5598859497995088,0.24316998232494702,0.042868252279180466,0.7112656190539851,0.5350386211366365,0.5737900733947754,0.47689366340637207,0.26597392559051514,0.5391284227371216,0.4972187280654907,0.30244797468185425,0.4712837338447571,1.3121024370193481,0.13908399641513824,0.3914673328399658,1.2438756227493286,0.13808377087116241
53,0.0001,0.5330151300877333,0.8798745899509544,0.8404724579868894,0.7505512028711955,0.857376328017601,9.413527965545654,0.39541057124733925,0.3077173698693514,0.27593282237648964,0.054009366780519485,0.39541057124733925,0.7630823440849781,0.6335717873139814,0.46665358091845655,0.25652645844401734,0.049921154411453186,0.6335717873139814,0.5762282339009371,0.5800921320915222,0.4802841544151306,0.26942721009254456,0.5420051217079163,0.5016201138496399,0.3080425262451172,0.47126686573028564,1.3286831378936768,0.14034520089626312,0.39058583974838257,1.2680609226226807,0.1385374516248703
54,0.0001,0.522895734757185,0.8822016683276169,0.9309916008602489,0.7020141449651566,0.8240940559002549,10.290210723876953,0.38569486141204834,0.2998332027345896,0.2747789155691862,0.053465572418645024,0.38569486141204834,0.778471652418375,0.7109518629131895,0.520437608162562,0.2193468709786733,0.0493876753431378,0.7109518629131895,0.5508792418422122,0.5888038277626038,0.4827689230442047,0.2728336751461029,0.5494874119758606,0.5045599341392517,0.3132280707359314,0.472240149974823,1.3341270685195923,0.14179815351963043,0.3921518921852112,1.2842851877212524,0.14073854684829712
55,0.0001,0.5391523130238056,0.8712097072564634,0.8610842516928008,0.7250403949591621,0.8402271880587924,9.567548751831055,0.38761081174016,0.31699277088046074,0.27134858071804047,0.053459072951227427,0.38761081174016,0.7670522332191467,0.5787944107344656,0.507790719017838,0.2583909116008065,0.05020744037447554,0.5787944107344656,0.5967740272030686,0.5944461822509766,0.4864492416381836,0.2761818468570709,0.5529358386993408,0.5082157254219055,0.3168742060661316,0.47391781210899353,1.3446810245513916,0.1443430781364441,0.392461359500885,1.3059284687042236,0.14279398322105408
56,0.0001,0.5547715090215206,0.8589964064245594,0.8594908172434027,0.7422391814105647,0.850767474581827,9.58812665939331,0.3955227229744196,0.32665637508034706,0.2693752069026232,0.05253468384034932,0.3955227229744196,0.7582715451717377,0.7415242520245638,0.4634302980972059,0.21670995923605832,0.046459168647274826,0.7415242520245638,0.5445494561484365,0.6022401452064514,0.48725032806396484,0.2790892720222473,0.5575081706047058,0.5115587711334229,0.31954988837242126,0.4763317108154297,1.384865403175354,0.14687542617321014,0.39481663703918457,1.3335081338882446,0.14555612206459045
57,0.0001,0.5307518690824509,0.8753524517170208,0.8936622467907992,0.7217168206149959,0.8375705106961243,9.6700758934021,0.38032469898462296,0.31459401175379753,0.26496970281004906,0.053115098271518946,0.38032469898462296,0.7742164582014084,0.7372376503366412,0.47314847057515924,0.22326821088790894,0.04427479309114543,0.7372376503366412,0.5406009103312637,0.6107199788093567,0.4911775290966034,0.2820911705493927,0.5608512759208679,0.5182608962059021,0.32297953963279724,0.4780479669570923,1.4013402462005615,0.1489795446395874,0.395698606967926,1.3510777950286865,0.14830657839775085
58,0.0001,0.5138652008026838,0.881803541834556,0.8764535026116804,0.7285318598621837,0.8426131707278146,9.11872673034668,0.3744585681706667,0.3052156437188387,0.2663976326584816,0.0513702800963074,0.3744585681706667,0.7838264107704163,0.6651079510197495,0.4948175305669958,0.23793449049646204,0.05079278869159294,0.6651079510197495,0.5682514400193186,0.6174980401992798,0.4937261641025543,0.28482288122177124,0.5652926564216614,0.5209634304046631,0.32594403624534607,0.47924163937568665,1.3969999551773071,0.14970612525939941,0.394985169172287,1.360227346420288,0.15071474015712738
59,0.0001,0.509605385363102,0.88495352016938,1.0019858027949478,0.6812253273847334,0.8099773138428308,9.453426599502563,0.3745456952601671,0.30058450251817703,0.26359763368964195,0.05160151841118932,0.3745456952601671,0.7814324796199799,0.760792876734878,0.5945628646648291,0.22179062754818887,0.04080746774420594,0.760792876734878,0.5301268064614498,0.6237014532089233,0.49625924229621887,0.287946492433548,0.5697225332260132,0.5234103798866272,0.3291725516319275,0.48013508319854736,1.4037907123565674,0.15033386647701263,0.3922884166240692,1.370774745941162,0.15256573259830475
60,0.0001,0.5051563568413258,0.885062774916339,0.8390440326748472,0.7427320625420801,0.8519443696202554,9.516103267669678,0.3709334284067154,0.30092447996139526,0.26023081690073013,0.05127923912368715,0.3709334284067154,0.7827416993677616,0.6367954720150341,0.46530731970613654,0.267197077924555,0.0457952610696807,0.6367954720150341,0.5735396020340197,0.6291747689247131,0.4994371235370636,0.2913181781768799,0.5711687803268433,0.5283653736114502,0.33358120918273926,0.4801327586174011,1.4125285148620605,0.15120306611061096,0.38908249139785767,1.3743250370025635,0.15359660983085632
61,0.0001,0.4958641417324543,0.8907122595628987,0.7822958050352155,0.7707767606478148,0.8703566910818712,9.307700395584106,0.36712899431586266,0.29657235462218523,0.25631236657500267,0.0515168581623584,0.36712899431586266,0.7860138416290283,0.5938557323181268,0.45494039492173627,0.25373649552012933,0.050893777134743606,0.5938557323181268,0.5898848699800896,0.6362934112548828,0.5022856593132019,0.2945270538330078,0.5746782422065735,0.5298390984535217,0.3373572826385498,0.48063334822654724,1.4218807220458984,0.15336114168167114,0.3877940773963928,1.3737330436706543,0.15438497066497803
62,0.0001,0.5019267294555902,0.8869509127390622,0.8690218076561437,0.7274351754811393,0.8418059800867181,8.853630542755127,0.37026392482221127,0.30247979797422886,0.2558312462642789,0.05169245903380215,0.37026392482221127,0.7765857391059399,0.607374516400424,0.5050387545065447,0.26066673795382184,0.046950290939121536,0.607374516400424,0.5870951865658616,0.6416193246841431,0.5068259239196777,0.29761189222335815,0.5779274106025696,0.534388542175293,0.3409758508205414,0.48006686568260193,1.427106499671936,0.15445081889629364,0.38514477014541626,1.3789979219436646,0.15472763776779175
63,0.0001,0.5039603020995855,0.8824335649788942,0.8517514756231597,0.7495174841188297,0.8564115268359821,9.530080080032349,0.3704576399177313,0.3028084337711334,0.25542859081178904,0.05187013512477279,0.3704576399177313,0.7756102010607719,0.7518306591294028,0.4673879516847206,0.20709469733816205,0.044284665900649445,0.7518306591294028,0.5476460980646538,0.6473786234855652,0.5086179971694946,0.3009473383426666,0.5814228057861328,0.5376451015472412,0.34560179710388184,0.4815930128097534,1.44063138961792,0.15648725628852844,0.3832346200942993,1.3872950077056885,0.15583516657352448
64,0.0001,0.48679623007774353,0.89102319864738,0.8887696338422371,0.7359596258676948,0.8474420870642234,9.297453165054321,0.36275112070143223,0.294689467176795,0.25275827944278717,0.052026157500222325,0.36275112070143223,0.7857498154044151,0.7403792856317578,0.5128710414424087,0.20297194656097528,0.04184947196732868,0.7403792856317578,0.5482125733837937,0.6533858180046082,0.5111609697341919,0.3037044405937195,0.5856561660766602,0.5396997332572937,0.349178284406662,0.4823748767375946,1.456128478050232,0.15777307748794556,0.383139967918396,1.4002686738967896,0.15843161940574646
65,0.0001,0.4881580099463463,0.889034227629499,0.6742059461998217,0.8053889423322769,0.8919706485716478,9.438496589660645,0.35879193991422653,0.29923229292035103,0.24740816839039326,0.051939393393695354,0.35879193991422653,0.7869600132107735,0.4687649571534359,0.3965567232984485,0.2705771652134982,0.051764700900424614,0.4687649571534359,0.6697716586517565,0.6594815850257874,0.5146122574806213,0.3067915737628937,0.5884929299354553,0.543083906173706,0.35124334692955017,0.4818781912326813,1.465423345565796,0.15865662693977356,0.3803953528404236,1.4101238250732422,0.1594759225845337
66,0.0001,0.49486951529979706,0.8841222518029389,0.7240826993277578,0.7760737480400399,0.8736298939347966,9.481342077255249,0.36150247044861317,0.30180785711854696,0.25012515392154455,0.052378687309101224,0.36150247044861317,0.786445040255785,0.5102937492457303,0.41742294575228833,0.2686766295722037,0.056882539594715294,0.5102937492457303,0.6477155468680642,0.6665748357772827,0.5177117586135864,0.30982667207717896,0.5930923819541931,0.546506404876709,0.35505810379981995,0.48172011971473694,1.4788767099380493,0.159931480884552,0.38063591718673706,1.4303648471832275,0.16037732362747192
67,0.0001,0.487115491181612,0.888620092308011,0.8015654502492963,0.7597160226290167,0.8627414149980657,9.081627607345581,0.3587392121553421,0.2996106669306755,0.24406686425209045,0.052728189155459404,0.3587392121553421,0.7843603082001209,0.6324996794715072,0.4476530840902617,0.22979263283989645,0.0477319262696035,0.6324996794715072,0.5829103534871881,0.6719450354576111,0.5214566588401794,0.3129558563232422,0.5971289277076721,0.5512155890464783,0.35981497168540955,0.4812767803668976,1.4853367805480957,0.16131198406219482,0.37944212555885315,1.4460203647613525,0.16138635575771332
68,0.0001,0.4723689667880535,0.897213058760516,0.8712212931026112,0.7212231828025899,0.8375135035024226,8.457180500030518,0.3541166950017214,0.28794960863888264,0.24414662458002567,0.05200889683328569,0.3541166950017214,0.791001345962286,0.6046397704066653,0.5098594752225009,0.26922604170712555,0.049173374180540894,0.6046397704066653,0.5876643495126204,0.6781229376792908,0.5239644646644592,0.31571605801582336,0.6015926003456116,0.5525872111320496,0.3634878098964691,0.4824157953262329,1.4930130243301392,0.16359540820121765,0.3778161406517029,1.464599370956421,0.16215373575687408
69,0.0001,0.46713840402662754,0.897691716246153,0.8441384488886053,0.7494041763566972,0.8563876078839012,8.568711280822754,0.35351636447012424,0.2885759091004729,0.24406985379755497,0.050847550854086876,0.35351636447012424,0.7890208885073662,0.7267308162920403,0.45559011986761383,0.21665280018792007,0.04074171298381054,0.7267308162920403,0.5474097421675017,0.6851229071617126,0.5271676778793335,0.31870409846305847,0.606111466884613,0.556706428527832,0.36747801303863525,0.48286494612693787,1.5018013715744019,0.16515837609767914,0.3749752342700958,1.46906578540802,0.16324996948242188
70,0.0001,0.4752741623669863,0.8912084873912305,0.7566661509600553,0.7686073020808809,0.8689343766137146,8.51325535774231,0.35025894828140736,0.29651289992034435,0.24155849684029818,0.050519565120339394,0.35025894828140736,0.791060920804739,0.5688153107961019,0.4218009556784774,0.2510537572882392,0.05034444413401864,0.5688153107961019,0.6226609439560862,0.6920042634010315,0.5294529795646667,0.3215276300907135,0.6096996068954468,0.5577663779258728,0.37010204792022705,0.4842076301574707,1.509596824645996,0.16700217127799988,0.3709836006164551,1.4768290519714355,0.16363880038261414
71,0.0001,0.47879861295223236,0.8893289721179626,0.7044058225371621,0.7927289657746602,0.8839592829671344,8.6424241065979,0.35382896661758423,0.2988005578517914,0.2389435674995184,0.05107574793510139,0.35382896661758423,0.7851565890014172,0.5230681914271731,0.39108246655175183,0.23744008938471475,0.05033407619956768,0.5230681914271731,0.6376462271719268,0.6961130499839783,0.5316454768180847,0.3244071304798126,0.6106664538383484,0.5607532262802124,0.37350592017173767,0.48431068658828735,1.5224300622940063,0.16891705989837646,0.3684016764163971,1.4918583631515503,0.1647803634405136
72,0.0001,0.47454467229545116,0.8903910744687493,0.7576100781108394,0.7737344406806823,0.8718722283790914,8.49844479560852,0.352375915274024,0.2941388860344887,0.2390391817316413,0.051103678764775395,0.352375915274024,0.7867777533829212,0.6294650381261652,0.41950988950151386,0.22505551486304312,0.050684464926069435,0.6294650381261652,0.5761206402923121,0.7030845880508423,0.5345849394798279,0.32715967297554016,0.61504065990448,0.563919186592102,0.37790626287460327,0.4853198230266571,1.539687156677246,0.17078959941864014,0.3662087321281433,1.4966990947723389,0.16500234603881836
73,0.0001,0.45181659795343876,0.9028934938550616,0.7054973894899542,0.793423700674914,0.884359225912653,8.296817779541016,0.3486365024000406,0.2802889496088028,0.23903444595634937,0.05078178062103689,0.3486365024000406,0.7938704788684845,0.4768108969384974,0.43481029254017456,0.24305018647150559,0.05334853945356427,0.4768108969384974,0.6677512056899794,0.7100309133529663,0.5377562642097473,0.3302993178367615,0.6182246804237366,0.5679656863212585,0.3817969560623169,0.4862087666988373,1.5502405166625977,0.17300669848918915,0.3645634651184082,1.4982472658157349,0.16559337079524994
74,0.0001,0.4592176601290703,0.8977787403772806,0.7576375513365774,0.7649405185670759,0.8652336247238988,8.66263723373413,0.34658588469028473,0.288281524553895,0.2355981320142746,0.05085272714495659,0.34658588469028473,0.7894852794706821,0.5714311906785676,0.4244140287240346,0.20942101966251025,0.049160209569064056,0.5714311906785676,0.622304107203628,0.7162787318229675,0.540668785572052,0.33321332931518555,0.6214233636856079,0.5708554983139038,0.38582509756088257,0.4862547218799591,1.5642894506454468,0.17445500195026398,0.36152708530426025,1.5091496706008911,0.1664877086877823
75,0.0001,0.46641063131392,0.8923311110595236,0.8018556273344791,0.7506877353418713,0.8571993112510536,8.444367170333862,0.3471098318696022,0.29293874837458134,0.2345596281811595,0.05040431837551296,0.3471098318696022,0.7928115352988243,0.5957935750484467,0.48287967479590216,0.2206127562306144,0.05124273523688316,0.5957935750484467,0.6109860033699961,0.722732663154602,0.5435025095939636,0.33589988946914673,0.6262615919113159,0.5728222727775574,0.3890763223171234,0.48755377531051636,1.5724860429763794,0.17581622302532196,0.35971155762672424,1.5161999464035034,0.16924700140953064
76,0.0001,0.4584119636565447,0.8948597976869836,0.7358194950855139,0.7689352076721853,0.8691433739349054,8.464287042617798,0.3415269963443279,0.28956962190568447,0.23315543122589588,0.050880565540865064,0.3415269963443279,0.7943938821554184,0.5142019517493971,0.4476678515925552,0.274784038012678,0.05150308448708418,0.5142019517493971,0.646247690374201,0.7276481986045837,0.545312225818634,0.3388206958770752,0.627798318862915,0.5765801668167114,0.3927227854728699,0.48746925592422485,1.5901436805725098,0.1781938076019287,0.3585151731967926,1.522832989692688,0.17097122967243195
77,0.0001,0.4718826152384281,0.887729152498931,0.7768521932038394,0.7626918528707565,0.8647909325107074,8.587486743927002,0.34703559428453445,0.3018534863367677,0.23146492429077625,0.05037037469446659,0.34703559428453445,0.790875606238842,0.6534225055665681,0.430095015150128,0.2162442753712336,0.04352690313350071,0.6534225055665681,0.6039688370444558,0.7317020893096924,0.5471674203872681,0.3415512442588806,0.6292867064476013,0.5802013278007507,0.39578497409820557,0.4884985387325287,1.5935039520263672,0.17940391600131989,0.3587380647659302,1.5291354656219482,0.17235276103019714
78,0.0001,0.48430214636027813,0.8826145557905182,0.8502908692215428,0.7309378159574346,0.8438754333497619,8.372501134872437,0.3550868332386017,0.30700386594980955,0.23217338044196367,0.04965654108673334,0.3550868332386017,0.7780287265777588,0.5967055812026515,0.504284634734645,0.2310626529382937,0.04760512664462581,0.5967055812026515,0.6118893406607888,0.7355465888977051,0.5480262637138367,0.3439381718635559,0.6316778063774109,0.5840001106262207,0.3989929258823395,0.48933881521224976,1.5994895696640015,0.18147240579128265,0.35739681124687195,1.5519437789916992,0.17370449006557465
79,0.0001,0.5278262011706829,0.8542213539331965,0.8768321149276964,0.7214236254072728,0.8377083646250152,8.481281518936157,0.36112746223807335,0.3401868660002947,0.23539295699447393,0.04784473008476198,0.36112746223807335,0.7747079655528069,0.7357137022596417,0.5050471235405315,0.2164767745769385,0.04525746495434732,0.7357137022596417,0.5451043790036981,0.7420648336410522,0.5479543209075928,0.3455379903316498,0.6359077095985413,0.5813055038452148,0.4017569422721863,0.48870059847831726,1.6197189092636108,0.1839127242565155,0.35692569613456726,1.56754469871521,0.17519629001617432
80,0.0001,0.4709206260740757,0.8843038692167651,0.7540379175634095,0.7701923327600435,0.8695510670261022,8.533962488174438,0.34405760280787945,0.30325082316994667,0.2352905860170722,0.047742148861289024,0.34405760280787945,0.7917785793542862,0.5959788777611472,0.42737591808492487,0.21507386501991388,0.057276577773419296,0.5959788777611472,0.6072607889319911,0.749113142490387,0.5491669178009033,0.34730127453804016,0.6388365030288696,0.5844228267669678,0.40370288491249084,0.49128878116607666,1.6385387182235718,0.18623530864715576,0.3558166027069092,1.599412202835083,0.17742250859737396
81,0.0001,0.4672270007431507,0.887566893129402,0.7987199804999612,0.7402402733637616,0.8502844039727311,8.584653615951538,0.342893248423934,0.3010115958750248,0.23066265787929296,0.048813070403411984,0.342893248423934,0.7854255139827728,0.5373135949626113,0.47337326046192285,0.2499524187861067,0.05206410519101403,0.5373135949626113,0.6172335075609612,0.7550836801528931,0.5530456900596619,0.35074326395988464,0.6411288380622864,0.5894780158996582,0.4082035422325134,0.4916316270828247,1.6453771591186523,0.18746547400951385,0.3528856933116913,1.6018812656402588,0.1783943772315979
82,0.0001,0.4422963783144951,0.9014320042984998,0.9022937146100131,0.7218861141404546,0.8380558393913144,8.410350799560547,0.33729539439082146,0.2838717931881547,0.22568657249212265,0.048651206539943814,0.33729539439082146,0.7937445379793644,0.7912806850491148,0.5027111235893134,0.21908130609627927,0.038310866238492905,0.7912806850491148,0.5213599385637225,0.7597381472587585,0.557497501373291,0.35378146171569824,0.6439234018325806,0.594453752040863,0.4131017029285431,0.49023905396461487,1.6569737195968628,0.18817447125911713,0.348499059677124,1.6015485525131226,0.17931000888347626
83,0.0001,0.4451239984482527,0.898876138535951,0.721039613087972,0.7840185051155677,0.8786941538589118,8.456279993057251,0.334471283480525,0.28654440864920616,0.22721249610185623,0.048172051552683115,0.334471283480525,0.7999070547521114,0.5129674817576553,0.44198249325607764,0.22860465718038153,0.049519899555227974,0.5129674817576553,0.6462538224278074,0.764413058757782,0.5617454051971436,0.3564800024032593,0.6466320157051086,0.5982948541641235,0.41685858368873596,0.4903666377067566,1.664158821105957,0.19018568098545074,0.3467924892902374,1.602246880531311,0.1810705065727234
84,0.0001,0.44480801932513714,0.8969314956879662,0.7097742981982954,0.7920274098053752,0.8835292076393456,8.409200191497803,0.3352543171495199,0.286909818649292,0.22793136071413755,0.04796693962998688,0.3352543171495199,0.7985437400639057,0.5529895641586997,0.4250224232673645,0.2140983763066205,0.050644774554353775,0.5529895641586997,0.6317692995071411,0.7699945569038391,0.5649470686912537,0.3594987988471985,0.6497116684913635,0.6008421182632446,0.41984108090400696,0.4910730719566345,1.671937346458435,0.19186942279338837,0.34436747431755066,1.609349250793457,0.1828591376543045
85,0.0001,0.4452251549810171,0.8957706146224796,0.6605215542244188,0.811785931244524,0.8958674977408112,8.415010452270508,0.3325075153261423,0.29092512279748917,0.22378338687121868,0.04915741924196482,0.3325075153261423,0.7995128221809864,0.5449837265592633,0.38125599694974494,0.2319952403054093,0.052636040656855614,0.5449837265592633,0.6340580727114822,0.7741301655769348,0.5671269297599792,0.36208614706993103,0.6513440012931824,0.6049556732177734,0.42313987016677856,0.48991647362709045,1.6807587146759033,0.19308166205883026,0.3426496684551239,1.620031714439392,0.18430256843566895
86,0.0001,0.4307373911142349,0.904945275496048,0.7710282016884197,0.7533815711227484,0.8586861291388753,8.664188385009766,0.3251496721059084,0.28247644752264023,0.22107785753905773,0.048490327317267656,0.3251496721059084,0.806357815861702,0.5712621627431927,0.44739980950500025,0.25843591717156494,0.047262645016113915,0.5712621627431927,0.6103060137141835,0.7796937823295593,0.5686511397361755,0.365154504776001,0.6534392237663269,0.6092593669891357,0.42758604884147644,0.4905003011226654,1.6809064149856567,0.19496113061904907,0.3406982421875,1.6257539987564087,0.18616074323654175
87,0.0001,0.4440232142806053,0.8953002079113178,0.8401551860751528,0.7313299813816719,0.8437671134081326,8.396387577056885,0.32951892353594303,0.2908086497336626,0.22148699592798948,0.047674175817519426,0.32951892353594303,0.800531841814518,0.671523754343842,0.46345734776872577,0.2187136732267611,0.05194523512865558,0.671523754343842,0.5731164072499131,0.7844566106796265,0.571986973285675,0.3680148124694824,0.6543601155281067,0.6143299341201782,0.4313920736312866,0.4906212389469147,1.6935980319976807,0.1967591792345047,0.3398248851299286,1.6438524723052979,0.18765705823898315
88,0.0001,0.4168375413864851,0.9097400253078369,0.8405176103115082,0.7483360028859205,0.8557799050290991,8.66580843925476,0.3219821583479643,0.27451514825224876,0.21645400673151016,0.04839426535181701,0.3219821583479643,0.805151142179966,0.7455638908978665,0.46842405832175055,0.20529830997640436,0.04420373983906977,0.7455638908978665,0.549125485347979,0.7884771823883057,0.5750092267990112,0.3706793189048767,0.6546944975852966,0.616011381149292,0.4353160262107849,0.4891018271446228,1.7000148296356201,0.19828584790229797,0.337559312582016,1.6526811122894287,0.1885422319173813
89,0.0001,0.427731079980731,0.9027618536933654,0.7378403607643012,0.7766965339245618,0.8738824333422905,8.387859582901001,0.3252846226096153,0.2841316359117627,0.21720966417342424,0.04885519715026021,0.3252846226096153,0.8035204820334911,0.5422553925803213,0.4483535091082255,0.2315644554116509,0.04788087545470758,0.5422553925803213,0.6268836006973729,0.7918865084648132,0.5773395299911499,0.3726602792739868,0.6573153734207153,0.6181570291519165,0.43829789757728577,0.49130484461784363,1.701777696609497,0.1994325965642929,0.3344656229019165,1.6512198448181152,0.1894693821668625
90,0.0001,0.4299113005399704,0.9001963409524069,0.6723584306962562,0.7967084638519507,0.8865578199879681,8.459357976913452,0.3266836404800415,0.28533018566668034,0.21589326579123735,0.048745324136689305,0.3266836404800415,0.8009484708309174,0.4944160490325003,0.40361659996437305,0.23298790463895508,0.05063971312660159,0.4944160490325003,0.6598042610919836,0.7955290079116821,0.5785548090934753,0.3750031888484955,0.6590511798858643,0.617700457572937,0.4414104223251343,0.491242378950119,1.7153891324996948,0.2007182240486145,0.3324028551578522,1.6634737253189087,0.1905127912759781
91,0.0001,0.4152743387967348,0.9093237890927853,0.7226484833341656,0.7771917881275938,0.8737648815718897,9.770998239517212,0.31984142772853374,0.2744952589273453,0.2161647630855441,0.04848226951435208,0.31984142772853374,0.8109956234693527,0.49904134327715094,0.4508768076246435,0.2324412049669208,0.04781598360701041,0.49904134327715094,0.6603313160665107,0.800021767616272,0.5800992250442505,0.37764525413513184,0.6603274345397949,0.6194578409194946,0.4444648027420044,0.4896096885204315,1.719403624534607,0.20124690234661102,0.33084800839424133,1.6668585538864136,0.1917313188314438
92,0.0001,0.41859620809555054,0.907615192913216,0.6642964491338441,0.8128944126608192,0.8965189516208978,8.878536462783813,0.3242955170571804,0.2770146206021309,0.21498682629317045,0.046709846239537,0.3242955170571804,0.8035862855613232,0.6494110443375327,0.3567001765424555,0.19401160243785742,0.047809849860090195,0.6494110443375327,0.6031386906450446,0.8048046827316284,0.5819931626319885,0.380501925945282,0.662421703338623,0.6218397617340088,0.4475957155227661,0.4884498417377472,1.7267887592315674,0.20275473594665527,0.32892876863479614,1.6757227182388306,0.19201549887657166
93,0.0001,0.42743053659796715,0.9026653760643759,0.5836891062331923,0.8288736440458327,0.9059598406171646,10.420382738113403,0.33396048471331596,0.28189944941550493,0.21946584340184927,0.046898148721084,0.33396048471331596,0.7903482429683208,0.36332400278611615,0.3742803813833179,0.22646799051400388,0.049859881288174424,0.36332400278611615,0.7676377368695808,0.809659481048584,0.5829875469207764,0.38314157724380493,0.6649509072303772,0.6215744614601135,0.4510379135608673,0.4885011911392212,1.7303919792175293,0.20435501635074615,0.3279270529747009,1.673176646232605,0.19317343831062317
94,0.0001,0.4203681908547878,0.9025407483050188,0.6914221102541144,0.797500911409015,0.886961282695833,8.900352954864502,0.3217211924493313,0.2808709545060992,0.21396797057241201,0.047807152615860105,0.3217211924493313,0.8018587231636047,0.5584973999948213,0.4073445571191383,0.2305154972004168,0.04859791978290587,0.5584973999948213,0.6179992899750218,0.8142188787460327,0.5837545990943909,0.3858078122138977,0.6667479872703552,0.6223920583724976,0.4538864493370056,0.4890232980251312,1.7310609817504883,0.20555992424488068,0.32464849948883057,1.6699581146240234,0.19378094375133514
95,0.0001,0.42591530829668045,0.9000716421099801,0.7065993204261317,0.7879641530562641,0.8810669661766483,8.531272172927856,0.3221386522054672,0.2817453471943736,0.21302984468638897,0.047448495868593454,0.3221386522054672,0.8015781082212925,0.538706468813347,0.4319806451147253,0.2043507072058591,0.04901448885599772,0.538706468813347,0.6385927417061545,0.8185078501701355,0.5859300494194031,0.3883987069129944,0.668488621711731,0.6252821087837219,0.45702821016311646,0.4886928200721741,1.7328011989593506,0.20714500546455383,0.32190635800361633,1.6654963493347168,0.1944655030965805
96,0.0001,0.4117080196738243,0.9073899604349727,0.6895159401676871,0.7964203100890146,0.886401544335865,8.348201274871826,0.3171544875949621,0.27673135604709387,0.20969729218631983,0.048273885855451226,0.3171544875949621,0.8065606541931629,0.568235178788503,0.40953852010495734,0.2093076633684563,0.04849496314471418,0.568235178788503,0.6251338630011587,0.8233902454376221,0.5877121686935425,0.39110133051872253,0.6706719994544983,0.6266727447509766,0.4609253704547882,0.48837992548942566,1.7453759908676147,0.20891600847244263,0.31939947605133057,1.6760621070861816,0.19420933723449707
97,0.0001,0.4132797885686159,0.9079987978084179,0.663996418317159,0.8034719952652947,0.8903540075471278,8.54484748840332,0.3121790736913681,0.27928458247333765,0.20979115273803473,0.04826240870170295,0.3121790736913681,0.8093066960573196,0.49310317635536194,0.4092424123576193,0.2505019785779895,0.04894863148078774,0.49310317635536194,0.667909506595496,0.8269010782241821,0.5901029706001282,0.39347541332244873,0.6720637679100037,0.6301946640014648,0.464353084564209,0.48859143257141113,1.7530450820922852,0.210387721657753,0.3158896863460541,1.6794582605361938,0.19508157670497894
98,0.0001,0.41147517412900925,0.9065990619468105,0.6873793222687461,0.791959662114001,0.8833123120828055,8.448315858840942,0.31516724452376366,0.27942144218832254,0.21011988539248705,0.04745703865773976,0.31516724452376366,0.807270959019661,0.49923193274122296,0.4171935428272594,0.23081822557882828,0.05036639512488336,0.49923193274122296,0.6586385242866747,0.8291625380516052,0.593097448348999,0.39593663811683655,0.6732091903686523,0.6334736347198486,0.466915488243103,0.4894046485424042,1.7526901960372925,0.21146823465824127,0.3135421872138977,1.6877480745315552,0.19596339762210846
99,0.0001,0.40375771187245846,0.9093177666379895,0.652366575869647,0.8035976010308965,0.8907778280962039,8.500043630599976,0.31207326985895634,0.2751491591334343,0.20730261784046888,0.04862373182550073,0.31207326985895634,0.813330203294754,0.5436814066135522,0.3748193130348668,0.20809154167319788,0.05016961930827661,0.5436814066135522,0.6445244911945227,0.8339752554893494,0.5961652994155884,0.3978727161884308,0.6755660772323608,0.6351962089538574,0.4694940745830536,0.4887632727622986,1.7568469047546387,0.2130250781774521,0.3113435208797455,1.6947076320648193,0.19777438044548035
100,0.0001,0.4059841651469469,0.9080772033994339,0.6424073125376846,0.8072505494133981,0.8931873898571884,8.475952625274658,0.31167456693947315,0.27741220872849226,0.20656384527683258,0.04842112795449793,0.31167456693947315,0.808788388967514,0.4802029692765438,0.38493748234980035,0.18341111956220685,0.0532605711257819,0.4802029692765438,0.6894597013791403,0.8389182090759277,0.5988243818283081,0.4001671075820923,0.6775469779968262,0.6389927268028259,0.47265708446502686,0.48793765902519226,1.7635492086410522,0.21503597497940063,0.30988606810569763,1.7033559083938599,0.1981714963912964
101,0.0001,0.4151226170361042,0.90319205965101,0.6574544148011641,0.805526221953856,0.8919085801217993,8.83131217956543,0.3159729167819023,0.28464363515377045,0.20427868980914354,0.04925273940898478,0.3159729167819023,0.8051815219223499,0.5257394973075751,0.3966632042870377,0.19886944059169653,0.050820635801011864,0.5257394973075751,0.6607468724250793,0.8416261672973633,0.6007077693939209,0.40243661403656006,0.676638126373291,0.6428821682929993,0.47493401169776917,0.48704782128334045,1.7772594690322876,0.21709688007831573,0.3081195056438446,1.7121307849884033,0.19944719970226288
102,0.0001,0.40176488645374775,0.9089231368271906,0.6727559060761423,0.8036373263923728,0.8907772053177304,8.368123531341553,0.31051292084157467,0.27359590120613575,0.20626640412956476,0.048452283488586545,0.31051292084157467,0.8139418140053749,0.4950386836673274,0.4243571062882741,0.21865814156604535,0.05214610368464932,0.4950386836673274,0.6656235980265068,0.8443828821182251,0.6024298667907715,0.40474554896354675,0.6782652139663696,0.6463416814804077,0.47810274362564087,0.48740532994270325,1.783091425895691,0.21914319694042206,0.30576109886169434,1.7121691703796387,0.20109495520591736
103,0.0001,0.4192269276827574,0.9015806862155056,0.6439942446621981,0.8096422495740581,0.8942779782802728,8.44090747833252,0.31662506237626076,0.2898296192288399,0.204097512178123,0.04854060150682926,0.31662506237626076,0.80687066167593,0.4959379561019666,0.39310796423391864,0.23143848009181744,0.0479493686421351,0.4959379561019666,0.666559145306096,0.8472940325737,0.6030169725418091,0.40716513991355896,0.6793596148490906,0.6482402086257935,0.48104327917099,0.48753535747528076,1.787474274635315,0.22077877819538116,0.30395543575286865,1.7169841527938843,0.2025151550769806
104,0.0001,0.3955341298133135,0.9120963450042617,0.6359724745605931,0.8151755635150968,0.8977548379794058,8.377394914627075,0.30564991384744644,0.27129526156932116,0.2044331431388855,0.047576442593708634,0.30564991384744644,0.8158158101141453,0.4233715787078395,0.4335838700785781,0.1931901646382881,0.049652353380665634,0.4233715787078395,0.7074898282686869,0.8516387343406677,0.6038026809692383,0.409477174282074,0.6817966103553772,0.6506215929985046,0.48369723558425903,0.48719143867492676,1.7994472980499268,0.22273783385753632,0.3026585578918457,1.7225617170333862,0.20347322523593903
105,0.0001,0.3958560060709715,0.9097519606556527,0.884769390929829,0.7322628646478062,0.8448193395871847,8.478644847869873,0.30537156015634537,0.2701520072296262,0.2006484242156148,0.04711514222435653,0.30537156015634537,0.8148793913424015,0.7555854970758612,0.5283416076139971,0.183366290547631,0.04650921645489606,0.7555854970758612,0.5560342127626593,0.8556965589523315,0.606148898601532,0.41173577308654785,0.6847262978553772,0.6545305848121643,0.48783349990844727,0.4860295057296753,1.8071279525756836,0.22415348887443542,0.30070874094963074,1.7329336404800415,0.20462331175804138
106,0.0001,0.39322031661868095,0.910180591596957,0.6189475745865793,0.8158133832139323,0.8982319230693302,8.425364971160889,0.3035934716463089,0.2735215490683913,0.20060511585325003,0.04700600472278893,0.3035934716463089,0.8165835626423359,0.3963724374771118,0.41420384248097736,0.21369488356691418,0.05235654386607083,0.3963724374771118,0.7394188841183981,0.859748899936676,0.6090737581253052,0.41434407234191895,0.6867510676383972,0.657397985458374,0.49109023809432983,0.4847574830055237,1.8093451261520386,0.22551953792572021,0.30029866099357605,1.7318141460418701,0.20679393410682678
107,0.0001,0.4127059020102024,0.9018718084324749,0.5787167612350348,0.8274754998018204,0.9050321479137904,8.412601232528687,0.30679381638765335,0.2899177884683013,0.20114738028496504,0.04776063933968544,0.30679381638765335,0.8125381916761398,0.34328185789512866,0.39571800557049835,0.21374788067557596,0.046567323645859054,0.34328185789512866,0.7821865822329666,0.8629987835884094,0.6097342371940613,0.41611218452453613,0.687894344329834,0.6585965752601624,0.4930219054222107,0.48421481251716614,1.814719557762146,0.22635380923748016,0.29839619994163513,1.7338593006134033,0.20768578350543976
108,0.0001,0.40337670408189297,0.9065492548188867,0.5701415267857638,0.8290182232844416,0.9060702991884921,8.78122091293335,0.3176011983305216,0.2766437800601125,0.2039930671453476,0.04727769154123962,0.3176011983305216,0.8045725300908089,0.4372312968427485,0.34390258608442364,0.2097060043703426,0.04557911159865784,0.4372312968427485,0.7178849144415422,0.8673983216285706,0.6101681590080261,0.41822680830955505,0.6906765699386597,0.6598019003868103,0.49554988741874695,0.48422273993492126,1.824183464050293,0.22756223380565643,0.2970964014530182,1.7485965490341187,0.209225133061409
109,0.0001,0.3967943377792835,0.9092261263983413,0.5634690234155366,0.8326344455534387,0.9082223035851155,8.574985027313232,0.30651588924229145,0.2786018084734678,0.2008745362982154,0.04658794496208429,0.30651588924229145,0.8109594509005547,0.35922913479082513,0.3663428543191968,0.2201287800615484,0.0460098572075367,0.35922913479082513,0.7707333745378436,0.8723825812339783,0.6115877628326416,0.42053547501564026,0.693017303943634,0.6615630984306335,0.49854812026023865,0.4855511784553528,1.827510118484497,0.22890448570251465,0.29482799768447876,1.7518352270126343,0.21006666123867035
110,0.0001,0.37689201906323433,0.9173901396679136,0.6198096726879929,0.8154296821524599,0.8977264903425523,8.544572114944458,0.2993920296430588,0.26166337076574564,0.1993813943117857,0.04660598072223365,0.2993920296430588,0.8218781501054764,0.4491182692123182,0.3841286771225207,0.23911042872703436,0.05060197356523889,0.4491182692123182,0.6908775947310708,0.8775202631950378,0.6130672693252563,0.4233327805995941,0.6953262090682983,0.6649948954582214,0.5022896528244019,0.4841996431350708,1.8294318914413452,0.23003791272640228,0.295197993516922,1.750195026397705,0.21082408726215363
111,0.0001,0.399492010474205,0.9074200396563996,0.603319910439578,0.8197284397995944,0.9003124118493668,8.466372013092041,0.30242734402418137,0.2811140026897192,0.19801764469593763,0.04735069605521858,0.30242734402418137,0.8145230300724506,0.3874598777655399,0.39138719258886395,0.20973975866129904,0.052859921008348465,0.3874598777655399,0.7505164363167502,0.8808663487434387,0.6152922511100769,0.42577430605888367,0.6955451369285583,0.6667574048042297,0.5050031542778015,0.4828091859817505,1.8379793167114258,0.23081865906715393,0.2958090603351593,1.7600189447402954,0.21114479005336761
112,0.0001,0.38494618609547615,0.9128608891627357,0.6437844561808037,0.8045597918627658,0.891345036491263,8.738691091537476,0.2974771875888109,0.27137137670069933,0.19513641949743032,0.04900172399356961,0.2974771875888109,0.8186207488179207,0.4912514099569032,0.38525686209852045,0.21090986060373712,0.05506220617980668,0.4912514099569032,0.6830237977432482,0.8851789832115173,0.6158721446990967,0.42814967036247253,0.6974511742591858,0.6668914556503296,0.5082826018333435,0.48307880759239197,1.843630075454712,0.2315736711025238,0.29644668102264404,1.7660239934921265,0.2127576321363449
113,0.0001,0.3872294146567583,0.9126315422295858,0.6224673399419496,0.8172645689048538,0.8990049874318582,8.445043325424194,0.30566815100610256,0.2695599105209112,0.19870947673916817,0.048401324078440666,0.30566815100610256,0.8113841414451599,0.42603635697653797,0.4100317828582995,0.20064565403894943,0.05071480323870977,0.42603635697653797,0.709226440299641,0.8880093097686768,0.6177687048912048,0.43054407835006714,0.6987475752830505,0.6677981019020081,0.5122033953666687,0.48040229082107544,1.8515170812606812,0.23336023092269897,0.29583171010017395,1.7642085552215576,0.21340598165988922
114,0.0001,0.3857392184436321,0.9121195085914096,0.6152453323205312,0.8224976666829757,0.9019768301092809,8.593302488327026,0.29769931733608246,0.27246471494436264,0.1936801541596651,0.04748258972540498,0.29769931733608246,0.8169881664216518,0.42892182595802075,0.407670107754794,0.22805585012291418,0.04995821596998157,0.42892182595802075,0.708025159257831,0.8899296522140503,0.62047278881073,0.4326217472553253,0.6998029351234436,0.6725521087646484,0.5146080851554871,0.4785081148147583,1.8568882942199707,0.23396612703800201,0.29258304834365845,1.7667919397354126,0.21412557363510132
115,0.0001,0.3797405418008566,0.9164298081781753,0.6289873972083583,0.8192343918894561,0.9001650918926548,8.52522349357605,0.3004450798034668,0.26780847925692797,0.1935952352359891,0.04762986511923373,0.3004450798034668,0.8166353106498718,0.4233942781433915,0.43152995091496094,0.22586574428009265,0.05135030254270091,0.4233942781433915,0.7151763059876182,0.8929375410079956,0.6217603087425232,0.4346637725830078,0.700985848903656,0.6712595820426941,0.5175305008888245,0.47903507947921753,1.8632001876831055,0.2347998470067978,0.2887977063655853,1.7685836553573608,0.2141726315021515
116,0.0001,0.37619213201105595,0.9169605336314767,0.5733219547705217,0.830639120743158,0.9067831425078022,8.433530330657959,0.2963492516428232,0.2671225629746914,0.1928656166419387,0.04773048381321132,0.2963492516428232,0.8199648782610893,0.3790758730787219,0.38647595047950745,0.20291414089275128,0.04875520819967443,0.3790758730787219,0.7458075754570238,0.8968127965927124,0.6237722039222717,0.4367821216583252,0.7032822966575623,0.6729121208190918,0.5205643177032471,0.47845521569252014,1.8656301498413086,0.23590631783008575,0.28685617446899414,1.7696301937103271,0.2147139012813568
117,0.0001,0.3858249709010124,0.9115478986390649,0.5776202823176528,0.8221930185211853,0.901694162860919,8.44331407546997,0.3019440323114395,0.27313202898949385,0.19363016914576292,0.04609582806006074,0.3019440323114395,0.8124236091971397,0.3320807995218219,0.3951397691712235,0.19481933929703452,0.04443633432189623,0.3320807995218219,0.7890432458935361,0.8987114429473877,0.6244680881500244,0.4394071400165558,0.7041001915931702,0.6745836734771729,0.5236021876335144,0.47993728518486023,1.864743709564209,0.23677502572536469,0.2878413796424866,1.7702040672302246,0.21469168365001678
118,0.0001,0.38611563108861446,0.9109845801458148,0.6091398578701597,0.815857918748623,0.898003104784606,8.537601232528687,0.3061049971729517,0.2715600039809942,0.19187389127910137,0.04618676262907684,0.3061049971729517,0.8093984127044678,0.4236941301461422,0.3972596959634261,0.20963795889507642,0.0498683156840729,0.4236941301461422,0.7225140947284121,0.9027508497238159,0.626064658164978,0.4415835440158844,0.7049868106842041,0.677149772644043,0.5264070630073547,0.4804152250289917,1.8697608709335327,0.23800422251224518,0.2881030738353729,1.7709734439849854,0.214860737323761
119,0.0001,0.3692728038877249,0.9172809548794899,0.6024870863466552,0.8234668353932559,0.9026209211994537,8.573653936386108,0.291530255228281,0.2617651913315058,0.1920180944725871,0.04656877205707133,0.291530255228281,0.8237499408423901,0.3692341221101356,0.42141663666927454,0.20078252662311902,0.04889165350433552,0.3692341221101356,0.7499976374886252,0.9036794304847717,0.6272424459457397,0.4437938332557678,0.703860342502594,0.6776372194290161,0.5290511846542358,0.4783499538898468,1.8765143156051636,0.2396339476108551,0.28521740436553955,1.7742518186569214,0.21635347604751587
120,0.0001,0.3693951331079006,0.9185684767667569,0.6242847867084272,0.8212164355663258,0.9013337721301616,8.603505849838257,0.29516792856156826,0.26448807679116726,0.18827031925320625,0.046658730832859874,0.29516792856156826,0.8170997127890587,0.5519020837364774,0.37669223005121405,0.21874422738046356,0.046436684036796745,0.5519020837364774,0.6346686374057423,0.9085776805877686,0.6292303204536438,0.44637393951416016,0.7060450911521912,0.6793804168701172,0.5320627093315125,0.4771556556224823,1.8853931427001953,0.24128465354442596,0.283168226480484,1.7766937017440796,0.21704424917697906
121,0.0001,0.36640721559524536,0.9189618489755739,0.56687018365571,0.8346485547183758,0.9093806950258052,8.554850101470947,0.2892513256520033,0.26427675038576126,0.19176892656832933,0.046962844440713525,0.2892513256520033,0.8273510597646236,0.3449703093731042,0.4014857528787671,0.19974066813786825,0.04776720330119133,0.3449703093731042,0.7684574632933645,0.9123432040214539,0.6314647793769836,0.44850605726242065,0.7081668972969055,0.6806807518005371,0.5343984961509705,0.4748777747154236,1.883913516998291,0.2419203668832779,0.2794557809829712,1.776628851890564,0.2176709771156311
122,0.0001,0.37850071862339973,0.9137568172420135,0.5544238677530577,0.8442481863568806,0.914833632196162,8.688936233520508,0.3028959911316633,0.26919402927160263,0.18924875371158123,0.04661379265598953,0.3028959911316633,0.8102522790431976,0.372848778963089,0.3929488478284894,0.18261969089508057,0.047578972510316155,0.372848778963089,0.7542895187031139,0.9151695370674133,0.6314838528633118,0.4510991871356964,0.7092989087104797,0.6812880039215088,0.5369428396224976,0.4739091694355011,1.8865128755569458,0.24266113340854645,0.277660995721817,1.7761114835739136,0.21826599538326263
123,0.0001,0.36623423732817173,0.9188376848035771,0.603664011666269,0.8201114078949331,0.9004865448121127,8.352809429168701,0.28907314594835043,0.26524206530302763,0.1857261285185814,0.046149811474606395,0.28907314594835043,0.8216812536120415,0.4304283586415378,0.39173623377626593,0.2089105663877545,0.0504799217663028,0.4304283586415378,0.7169570073936925,0.9166892766952515,0.6339142322540283,0.4529869854450226,0.7100297212600708,0.684613049030304,0.5391343832015991,0.4723881185054779,1.8863563537597656,0.2437155544757843,0.2765900194644928,1.7793465852737427,0.2187221646308899
124,0.0001,0.3672894276678562,0.9174676055436356,0.569241772998463,0.8318892926949915,0.9075741585186196,8.522995710372925,0.2919525597244501,0.26411462761461735,0.18811506312340498,0.04660588735714555,0.2919525597244501,0.8230924308300018,0.3551160548672532,0.39054647900841455,0.18354672916007764,0.05117339460235654,0.3551160548672532,0.7642788923147953,0.9178807139396667,0.6368996500968933,0.455500990152359,0.7101868391036987,0.6866119503974915,0.5417472720146179,0.4711203873157501,1.8952010869979858,0.2448323369026184,0.2757441997528076,1.7790021896362305,0.21969032287597656
125,0.0001,0.36260358057916164,0.9196938747597144,0.61341905503562,0.8195844695938671,0.9004862422747779,8.632052183151245,0.29285766929388046,0.26055131014436483,0.18751689326018095,0.047524917870759964,0.29285766929388046,0.819072887301445,0.47951579545483447,0.39037285067818384,0.2048218467018821,0.052160281123537,0.47951579545483447,0.6816292531562574,0.9207682609558105,0.6388146281242371,0.45737624168395996,0.7126749157905579,0.6895409822463989,0.5441524386405945,0.47081565856933594,1.9000529050827026,0.2458818107843399,0.27386170625686646,1.7784918546676636,0.2206631451845169
126,0.0001,0.3590703122317791,0.9206989457305391,0.637711788668777,0.8186754735933615,0.8998851037533797,8.436322212219238,0.2913724686950445,0.2590787736698985,0.18688761722296476,0.04848923836834729,0.2913724686950445,0.8226213343441486,0.4997650222344832,0.4137487971421444,0.20877887985923074,0.051957111579902245,0.4997650222344832,0.6705924290599246,0.9222889542579651,0.6399694681167603,0.4595854580402374,0.7123953700065613,0.6913087368011475,0.546746551990509,0.4703371226787567,1.9067776203155518,0.24705998599529266,0.27595996856689453,1.7785356044769287,0.22127944231033325
127,0.0001,0.3470343239605427,0.9257767006387279,0.5976945884300001,0.8245699779691166,0.903233804982998,8.55333423614502,0.2812520246952772,0.25329828169196844,0.18290822859853506,0.04603045270778239,0.2812520246952772,0.8298326320946217,0.4073246916135152,0.40144412354989484,0.19821561918114172,0.050136482399521454,0.4073246916135152,0.7317649505355142,0.9246888160705566,0.6415780782699585,0.46198633313179016,0.7127317190170288,0.6935780644416809,0.5491536855697632,0.4672722816467285,1.9071894884109497,0.24811163544654846,0.27402621507644653,1.7795202732086182,0.22176694869995117
128,0.0001,0.3569871708750725,0.9207035997070915,0.5633639313957908,0.8343284013804223,0.9089204043381055,8.386675834655762,0.28381216060370207,0.26117653120309114,0.1835748441517353,0.046466041123494506,0.28381216060370207,0.8314552828669548,0.3453449263717189,0.3952627317471938,0.1865499313130523,0.051050789428479744,0.3453449263717189,0.7806512298006,0.9285207986831665,0.6437723636627197,0.46402284502983093,0.7131165266036987,0.6953443884849548,0.551222562789917,0.46646809577941895,1.9082647562026978,0.24950028955936432,0.27453112602233887,1.7765288352966309,0.22221533954143524
129,0.0001,0.3547594025731087,0.9206655523858248,0.5997924678253405,0.8238495090164435,0.9029187072213776,8.617302179336548,0.2854619473218918,0.25849236734211445,0.18376500811427832,0.04692166764289141,0.2854619473218918,0.8239849433302879,0.4868643843766415,0.37417252587549615,0.2186210701862971,0.049353483499902664,0.4868643843766415,0.670551471637957,0.9321995973587036,0.6441141366958618,0.46590206027030945,0.7148104906082153,0.6957896947860718,0.553747832775116,0.46676796674728394,1.9095807075500488,0.2502537965774536,0.2746623158454895,1.7766155004501343,0.22195200622081757
130,0.0001,0.3538205735385418,0.9211610942082188,0.6163796303850232,0.8181121866468827,0.8992166874316434,8.361035585403442,0.28245249576866627,0.2601445121690631,0.18359588645398617,0.0465555964037776,0.28245249576866627,0.8313657715916634,0.4353842879786636,0.4026410760301532,0.21498597887429324,0.04863815393411752,0.4353842879786636,0.7038198456619725,0.9341510534286499,0.6462860703468323,0.4679151177406311,0.7147314548492432,0.6977897882461548,0.556363582611084,0.46452292799949646,1.9104751348495483,0.2510586082935333,0.27557340264320374,1.773978590965271,0.22218626737594604
131,0.0001,0.3668570052832365,0.9173894105813556,0.668555068247246,0.8067029449124566,0.8925477537926839,8.417829513549805,0.28762529511004686,0.2702922485768795,0.1831440981477499,0.04550612787716091,0.28762529511004686,0.8237741701304913,0.567105691541325,0.41265390226335236,0.17390608110211112,0.04821854795921932,0.567105691541325,0.6419594576864531,0.9363073110580444,0.6464791297912598,0.4702844023704529,0.716274619102478,0.6970967054367065,0.5595541000366211,0.4641077518463135,1.9171816110610962,0.2525988519191742,0.2713634669780731,1.785083293914795,0.222354456782341
132,0.0001,0.3584911394864321,0.9213573550727423,0.6593426249243997,0.8041875434340096,0.8908270532455299,8.442612648010254,0.2934303702786565,0.26050417963415384,0.18557785172015429,0.04566171928308904,0.2934303702786565,0.8206694647669792,0.4411950237823255,0.4476665700926925,0.20697889725367227,0.04919937998056412,0.4411950237823255,0.6978867758404125,0.9385101795196533,0.6467370390892029,0.47189760208129883,0.7174882292747498,0.6967493891716003,0.5622613430023193,0.46355748176574707,1.9255924224853516,0.25408703088760376,0.2680635154247284,1.791233777999878,0.2234087884426117
133,0.0001,0.35863235779106617,0.9193104336390293,0.5782366982012084,0.8295048681614106,0.9061115464800431,8.44956660270691,0.2860332280397415,0.26399641390889883,0.18248290475457907,0.04521560878492892,0.2860332280397415,0.8273002356290817,0.36560012084065063,0.398669289820122,0.2150141867724332,0.04916345384536368,0.36560012084065063,0.7608004411061605,0.9393177628517151,0.6465996503829956,0.47408077120780945,0.7178391218185425,0.6992495656013489,0.5652125477790833,0.4644837975502014,1.9261375665664673,0.2554534375667572,0.26922252774238586,1.792407751083374,0.22396807372570038
134,0.0001,0.36016800813376904,0.9183111346337444,0.5500225262208418,0.841685443492673,0.9133577751202544,8.318088054656982,0.284341549500823,0.2667713323608041,0.18219072464853525,0.04609729745425284,0.284341549500823,0.8283213973045349,0.404996526963783,0.37307842843460315,0.1881832227562413,0.0491945357485251,0.404996526963783,0.7329660654067993,0.94219571352005,0.6471933722496033,0.4762957692146301,0.7182103395462036,0.6994135975837708,0.5682693123817444,0.46475347876548767,1.935462474822998,0.25649717450141907,0.2686820328235626,1.792588710784912,0.22535482048988342
135,0.0001,0.34585579112172127,0.923543567162376,0.5879240361126986,0.828863106539092,0.9056837298059267,8.502290725708008,0.27850466407835484,0.25480092968791723,0.18079711869359016,0.04677813686430454,0.27850466407835484,0.8304983600974083,0.4352493737683152,0.38011876380804815,0.2101422787615747,0.04825941981239752,0.4352493737683152,0.7058088671077382,0.9453661441802979,0.6493377685546875,0.4779307246208191,0.7193459868431091,0.7001238465309143,0.5700920224189758,0.46611660718917847,1.9377877712249756,0.25735461711883545,0.2652084231376648,1.7922091484069824,0.22564031183719635
136,0.0001,0.35056880861520767,0.9218446126783878,0.5470179003296476,0.8392014387585851,0.9120329011516667,8.628323316574097,0.27875652723014355,0.2603443842381239,0.1777836959809065,0.04606807115487754,0.27875652723014355,0.8320007361471653,0.3612955935073621,0.38221286914565344,0.18509601508126114,0.04726117713884874,0.3612955935073621,0.7644951795086716,0.9479503631591797,0.650935173034668,0.4801982045173645,0.7206087112426758,0.7020950317382812,0.5725401639938354,0.4660983085632324,1.9410064220428467,0.25817233324050903,0.26570263504981995,1.7927144765853882,0.2259179949760437
137,0.0001,0.3419971112161875,0.9257637403047105,0.5715431390386639,0.8333030956731048,0.9085073489971593,8.25926423072815,0.2780175479128957,0.25318395160138607,0.1793335471302271,0.04590645665302873,0.2780175479128957,0.8308705203235149,0.3779426668629502,0.40168622768286505,0.19294619695706802,0.049867535517974335,0.3779426668629502,0.7500007098371332,0.951481819152832,0.6525518894195557,0.4823784828186035,0.7219138741493225,0.7017740607261658,0.5747663974761963,0.46578511595726013,1.9466149806976318,0.2592821717262268,0.2670127749443054,1.7915595769882202,0.2260567992925644
138,0.0001,0.34711900912225246,0.9225811517767274,0.561590164899826,0.8381884577671116,0.9116321304372078,8.39203143119812,0.28805368952453136,0.2526517612859607,0.18329134862869978,0.046232684748247266,0.28805368952453136,0.8197789341211319,0.4215796409231244,0.37555091579755145,0.18900719420476395,0.04875168531681552,0.4215796409231244,0.727375946261666,0.953748345375061,0.6536877751350403,0.48465561866760254,0.7235668301582336,0.7018861770629883,0.5770891308784485,0.46436211466789246,1.9502031803131104,0.2603066861629486,0.26758095622062683,1.7892217636108398,0.2264675348997116
139,0.0001,0.35123997926712036,0.9216786321054826,0.5409174398942427,0.8421112642840989,0.9137670279704562,8.27837061882019,0.2884420668706298,0.2574969660490751,0.1785136591643095,0.04602646175771952,0.2884420668706298,0.8203681074082851,0.37027170621987543,0.3730482278448163,0.18554221274274768,0.048259244949528664,0.37027170621987543,0.7637447353565332,0.9554165601730347,0.6541054844856262,0.4870774447917938,0.7240784764289856,0.7045083045959473,0.5799522399902344,0.46451708674430847,1.9555745124816895,0.2615624964237213,0.2659934163093567,1.7957286834716797,0.22681280970573425
140,0.0001,0.35231516137719154,0.9211347999663347,0.5577912104852272,0.8366710134272785,0.9104591502353484,8.504852771759033,0.2856686767190695,0.2627764344215393,0.17990630492568016,0.04487404739484191,0.2856686767190695,0.8226729929447174,0.3680915019728921,0.3851986816435149,0.2008539013790362,0.04568997996323036,0.3680915019728921,0.764517757025632,0.9553712606430054,0.6555889248847961,0.48892727494239807,0.7247001528739929,0.7061083316802979,0.5820448398590088,0.46768543124198914,1.9606996774673462,0.2632405459880829,0.2675686180591583,1.7986983060836792,0.22725670039653778
141,0.0001,0.34822774305939674,0.9226761579242432,0.558543040896907,0.8427006308770034,0.9140529118763511,8.393693685531616,0.2824840787798166,0.25887815002352,0.1776232961565256,0.044839388225227594,0.2824840787798166,0.8267546445131302,0.3786076505978902,0.3988894016453714,0.1892709881067276,0.04680418268297658,0.3786076505978902,0.7544394424467376,0.9581685066223145,0.6562202572822571,0.4907127320766449,0.7264187932014465,0.7063722610473633,0.5842753648757935,0.46908843517303467,1.9675384759902954,0.2645881772041321,0.26956695318222046,1.8046289682388306,0.2274879515171051
142,0.0001,0.3422796707600355,0.9249264540599926,0.5408960445360704,0.843359804740933,0.9145467891986802,8.474640369415283,0.2846048157662153,0.25206241104751825,0.1816298272460699,0.04512550798244774,0.2846048157662153,0.8252820074558258,0.33439831390525354,0.39342718955242273,0.17145250150651642,0.04488720101389018,0.33439831390525354,0.7838488582408789,0.9606112837791443,0.6582366228103638,0.49265381693840027,0.7258755564689636,0.7079174518585205,0.5869178175926208,0.4672594964504242,1.968164324760437,0.26560133695602417,0.27012139558792114,1.8006622791290283,0.22744382917881012
143,0.0001,0.3365442771464586,0.9270096471870638,0.5494242536299156,0.8397217494211167,0.911946824082253,8.715102195739746,0.27625881414860487,0.24909838009625673,0.1789329471066594,0.04552100645378232,0.27625881414860487,0.8312630951404572,0.34434836199789337,0.39211193720499676,0.1807933874202497,0.04605992409315976,0.34434836199789337,0.7809449362032341,0.9624373912811279,0.6597980260848999,0.4944286346435547,0.7255038619041443,0.709243655204773,0.5889099836349487,0.4654388129711151,1.9721287488937378,0.26579663157463074,0.2674574553966522,1.8023650646209717,0.22719287872314453
144,0.0001,0.3328851629048586,0.9292233684193436,0.5702188538782524,0.8334577382596874,0.9087097827919612,8.608678340911865,0.2736421814188361,0.2501110443845391,0.17326414305716753,0.04579859017394483,0.2736421814188361,0.8322324343025684,0.4241164001551541,0.37738488840334344,0.19822037400621356,0.046839069349296165,0.4241164001551541,0.7248369292779402,0.9657242894172668,0.6609330177307129,0.496559739112854,0.7267090082168579,0.7100963592529297,0.5910752415657043,0.46508824825286865,1.9727882146835327,0.26641613245010376,0.26450514793395996,1.8050843477249146,0.22716401517391205
145,0.0001,0.3385108429938555,0.9257445989649938,0.5314038612625815,0.846216548781106,0.9160684203640895,8.393994331359863,0.279004349373281,0.2534787794575095,0.17722362373024225,0.04600113374181092,0.279004349373281,0.8314668275415897,0.320633334643913,0.3862518180500377,0.16798510199243372,0.0457597105114749,0.320633334643913,0.7934538433046052,0.9664186239242554,0.6623249650001526,0.4988822638988495,0.7256345748901367,0.7107371687889099,0.5939373970031738,0.46562886238098145,1.9737461805343628,0.2673483192920685,0.264434278011322,1.8033332824707031,0.22741185128688812
146,0.0001,0.34207620471715927,0.9239391108361883,0.5659696568142284,0.8335416007911112,0.9086532580662566,8.570909976959229,0.27738052885979414,0.25596859119832516,0.17508888244628906,0.045677920803427696,0.27738052885979414,0.8289920128881931,0.3839587551174742,0.3975427945454915,0.20979714077530484,0.0487406939042337,0.3839587551174742,0.7515565807169134,0.9686726927757263,0.6631914377212524,0.5007029175758362,0.7267156839370728,0.7121270895004272,0.5967954993247986,0.4651108682155609,1.975367546081543,0.26847386360168457,0.260770708322525,1.8059991598129272,0.22757506370544434
147,0.0001,0.3554942775517702,0.9191255106660993,0.5572397961761012,0.8421640302156762,0.9135567792369467,8.525452852249146,0.28629353549331427,0.2632506685331464,0.17849509604275227,0.046465964522212744,0.28629353549331427,0.8208910003304482,0.3870062457792687,0.3962313171589013,0.19461731070821936,0.04912742046695767,0.3870062457792687,0.738379413431341,0.9693955183029175,0.6637410521507263,0.5026676058769226,0.726716935634613,0.7130979895591736,0.5992894768714905,0.463711678981781,1.9813607931137085,0.26941484212875366,0.26406458020210266,1.8097087144851685,0.227525994181633
148,0.0001,0.3381216283887625,0.9245966056924003,0.5586492003816547,0.8393965458217588,0.912085363594986,8.475995063781738,0.27692333050072193,0.25508857425302267,0.1769518181681633,0.046604763716459274,0.27692333050072193,0.8326860219240189,0.40663392796660913,0.3855741403319619,0.18482730334455316,0.04706566001881252,0.40663392796660913,0.7344675624009335,0.9708650708198547,0.664171576499939,0.5049471855163574,0.7265293598175049,0.713807225227356,0.6016542911529541,0.4648091197013855,1.984831690788269,0.27008625864982605,0.26424023509025574,1.8099756240844727,0.22812208533287048
149,0.0001,0.33289589546620846,0.9290445655250004,0.570080836613973,0.8351341832895548,0.909501276232512,8.564940452575684,0.2766394214704633,0.24958934169262648,0.1750632431358099,0.045822321670129895,0.2766394214704633,0.8319238089025021,0.35565043127898016,0.41533086426330335,0.19018719413063742,0.04450858294060736,0.35565043127898016,0.7682304273952137,0.9716603755950928,0.6649072766304016,0.5068092346191406,0.7273585796356201,0.7155767679214478,0.6043245196342468,0.4651147723197937,1.9863064289093018,0.2710336446762085,0.2639096975326538,1.8084683418273926,0.22884191572666168
150,0.0001,0.32218432426452637,0.9305144764382539,0.5500638340458726,0.8423642192936778,0.9137824581678232,8.574022769927979,0.2658410854637623,0.24077565502375364,0.17043276317417622,0.04528498835861683,0.2658410854637623,0.8398543410003185,0.3545287251472473,0.39696726654515124,0.1874788999557495,0.04511955459461068,0.3545287251472473,0.7695830699169275,0.9715497493743896,0.6676956415176392,0.5088228583335876,0.7262647747993469,0.7188248038291931,0.6062862873077393,0.46396541595458984,1.992026448249817,0.2723061144351959,0.26123663783073425,1.8059215545654297,0.2293792963027954
151,0.0001,0.33503072522580624,0.9269255926943157,0.5726097975716447,0.829285398398346,0.9061446737891032,8.510668992996216,0.27367362193763256,0.2544922372326255,0.17312213592231274,0.04582901229150593,0.27367362193763256,0.8284059427678585,0.41829727725549176,0.38180023431777954,0.18797094894177985,0.047742518285910286,0.41829727725549176,0.7295999852093783,0.9719973802566528,0.6684869527816772,0.5107486248016357,0.7262919545173645,0.7189806699752808,0.6088517904281616,0.4626840353012085,1.9949615001678467,0.27336785197257996,0.25982382893562317,1.8020799160003662,0.22997024655342102
152,0.0001,0.3330604303628206,0.9263485816263999,0.5447805668368484,0.8404003978295698,0.9127628350670463,8.46793508529663,0.27387373708188534,0.251299780793488,0.1740752924233675,0.04616038594394922,0.27387373708188534,0.8327192291617393,0.38943901206507825,0.37326204686453845,0.18860823728821494,0.0469805466180498,0.38943901206507825,0.7456012295954155,0.9749293327331543,0.6698710322380066,0.5128046274185181,0.7277613282203674,0.7210569381713867,0.6115568280220032,0.46311700344085693,1.9976212978363037,0.27446526288986206,0.26272085309028625,1.7993929386138916,0.23091506958007812
153,0.0001,0.32353977113962173,0.9301711996455921,0.5626701839042433,0.8362644091476452,0.9102735480311134,8.373872995376587,0.2675789026543498,0.24589687958359718,0.17057143058627844,0.0452366576064378,0.2675789026543498,0.8384696878492832,0.42286585677753796,0.3752845417369496,0.20025577463886954,0.04851984322974176,0.42286585677753796,0.7178405270431981,0.9757442474365234,0.6712324619293213,0.5149002075195312,0.7288930416107178,0.723448634147644,0.6139965057373047,0.4623011648654938,1.9982647895812988,0.2753243148326874,0.2626230716705322,1.7992057800292969,0.23112961649894714
154,0.0001,0.32178763300180435,0.9306283381618166,0.5530344970298536,0.8393639140321313,0.9119842653503931,8.454375982284546,0.26742834877222776,0.24625561758875847,0.1709789801388979,0.04597635846585035,0.26742834877222776,0.8387528769671917,0.34596316742174554,0.40111398064728937,0.19256323305043307,0.048368683592839676,0.34596316742174554,0.7678055745182615,0.9778605699539185,0.6725835204124451,0.5169877409934998,0.729715883731842,0.7249394059181213,0.6162769198417664,0.4593919813632965,1.9973894357681274,0.2758205533027649,0.2599521279335022,1.7966598272323608,0.2314303070306778
155,0.0001,0.32463015243411064,0.9294387746242457,0.5606215578137022,0.83987783016731,0.9123105481946255,8.527428150177002,0.2715818462893367,0.2469367329031229,0.17045973148196936,0.04677969589829445,0.2715818462893367,0.8366180844604969,0.41190728906429175,0.39550042242714856,0.18704002192526153,0.04937488472822941,0.41190728906429175,0.7301125490304196,0.9806021451950073,0.6733156442642212,0.519291877746582,0.7307313084602356,0.7253997921943665,0.6185430288314819,0.4591481387615204,1.999130129814148,0.2764604985713959,0.2565023899078369,1.7939813137054443,0.23167061805725098
156,0.0001,0.32995530031621456,0.928264387052709,0.5937444314812169,0.8249211864761763,0.9032927546965992,8.389458656311035,0.27573932614177465,0.2467680163681507,0.17315245140343904,0.046755005372688174,0.27573932614177465,0.8314786925911903,0.38093862569693365,0.4190678334597385,0.19909685353438059,0.046905542074730903,0.38093862569693365,0.752742552396023,0.9821946024894714,0.6744292974472046,0.5209932327270508,0.7306088805198669,0.7276991009712219,0.6197447180747986,0.45966559648513794,1.9996275901794434,0.2774735689163208,0.25834542512893677,1.7973564863204956,0.2319869101047516
157,0.0001,0.32954561337828636,0.9278339291290507,0.5524381670084867,0.8431054374591774,0.914422152715026,8.69171404838562,0.2698954027146101,0.25643137842416763,0.16559452936053276,0.045365295838564634,0.2698954027146101,0.8326489850878716,0.4002700140981963,0.39238127343582385,0.1890176065040357,0.046738011593168434,0.4002700140981963,0.7373721256400599,0.9824472665786743,0.6747990250587463,0.5230425000190735,0.731378436088562,0.7286585569381714,0.6219485402107239,0.458036869764328,2.0041284561157227,0.278592973947525,0.2561754286289215,1.8009405136108398,0.23237378895282745
158,0.0001,0.31422941759228706,0.9332205701248666,0.5391303770469896,0.8446125523221927,0.9151325458259436,8.342251777648926,0.26669769268482924,0.23805915843695402,0.1710813669487834,0.046780355740338564,0.26669769268482924,0.8386860862374306,0.34805135835300793,0.3937282291325656,0.1706975373354825,0.04516443000598387,0.34805135835300793,0.7733290791511536,0.9845184087753296,0.6759955286979675,0.5249257683753967,0.7322582602500916,0.7302172780036926,0.6239861845970154,0.457490473985672,2.0058140754699707,0.279198557138443,0.25417181849479675,1.798904299736023,0.2322683185338974
159,0.0001,0.3228387236595154,0.9296779321697053,0.5313865397915696,0.8452833790840885,0.9154514426799844,8.434576511383057,0.2713922746479511,0.24694456160068512,0.1712154895067215,0.04618794866837561,0.2713922746479511,0.8350376449525356,0.3152842304923318,0.39468788829716767,0.16754085502841257,0.0460881810973991,0.3152842304923318,0.7987209829417142,0.9864762425422668,0.6771306395530701,0.5266779661178589,0.7328954339027405,0.7318775057792664,0.6260138750076294,0.45634838938713074,2.0071358680725098,0.2798687815666199,0.2525862455368042,1.7967860698699951,0.23232942819595337
160,0.0001,0.3251652158796787,0.9284314231603676,0.5233803310177543,0.8448513245930069,0.9153985077953954,8.361911296844482,0.26776567474007607,0.2483474723994732,0.16725180391222239,0.04678237228654325,0.26776567474007607,0.837601512670517,0.3122305093389569,0.38790518406665686,0.16168563654928497,0.044589893610188454,0.3122305093389569,0.8022352041620197,0.988513708114624,0.6772841811180115,0.5286713242530823,0.7319583296775818,0.7308753728866577,0.6283267140388489,0.45494264364242554,2.011202812194824,0.28111299872398376,0.2514425814151764,1.793189525604248,0.2321854829788208
161,0.0001,0.3233715519309044,0.9292904856578007,0.5421988133228186,0.8429722723691321,0.9142817926858544,8.520668983459473,0.26756650395691395,0.2503035422414541,0.16858748998492956,0.045796633465215564,0.26756650395691395,0.8391536399722099,0.36889086708878027,0.3866674240791436,0.16956035476742368,0.046345864845947785,0.36889086708878027,0.7634717153780388,0.9895709156990051,0.6776853203773499,0.5306995511054993,0.732742190361023,0.7314577102661133,0.6306257843971252,0.4542029798030853,2.0101678371429443,0.2821882367134094,0.24959614872932434,1.7907793521881104,0.23264501988887787
162,0.0001,0.3137764409184456,0.9328295306009431,0.5478481668414492,0.8399985612302652,0.9126162740337302,8.301400899887085,0.26057773642241955,0.2432872150093317,0.16300305537879467,0.04590511880815029,0.26057773642241955,0.8407289646565914,0.3590427880937403,0.39585943113673816,0.169681296655626,0.04654017158529975,0.3590427880937403,0.7712009856195161,0.9905399084091187,0.6791043877601624,0.5322860479354858,0.7333702445030212,0.7325509190559387,0.6323089003562927,0.4536265432834625,2.008824586868286,0.28332075476646423,0.24802939593791962,1.7908387184143066,0.23315435647964478
163,0.0001,0.32178836688399315,0.9294147876585177,0.5399675856937062,0.841809141250016,0.9133942125238466,8.393113374710083,0.2746926061809063,0.24268667306751013,0.17207173816859722,0.04611174250021577,0.2746926061809063,0.8304239064455032,0.3328816204360037,0.3957798959630908,0.16923707813927621,0.04831227998841892,0.3328816204360037,0.7880907925692472,0.9916098713874817,0.6803539395332336,0.5339842438697815,0.73332279920578,0.7349242568016052,0.634507954120636,0.4537517726421356,2.009974718093872,0.2841523289680481,0.24671205878257751,1.7928297519683838,0.23307619988918304
164,0.0001,0.31667015701532364,0.9317513736971672,0.5159119376630494,0.8481067218902762,0.9172359791023647,8.671742916107178,0.26695917546749115,0.24292094446718693,0.1661620745435357,0.04693506401963532,0.26695917546749115,0.8347056545317173,0.31439371542497113,0.38019249294743396,0.16602299159223383,0.046064696754470016,0.31439371542497113,0.8028016018145012,0.9920401573181152,0.6820204854011536,0.5360289216041565,0.7334093451499939,0.7372954487800598,0.6371328234672546,0.4529171884059906,2.0134851932525635,0.28479546308517456,0.2438296675682068,1.7958654165267944,0.23298601806163788
165,0.0001,0.311510032042861,0.9335873842024964,0.5219097823807688,0.8496062774392936,0.9182122913847682,8.485778331756592,0.26523173227906227,0.23883257061243057,0.16584973223507404,0.046671969816088676,0.26523173227906227,0.8397880308330059,0.3160030688300277,0.39408173344352027,0.14508007963498434,0.04677713086659258,0.3160030688300277,0.7902592420578003,0.9943113327026367,0.6830158233642578,0.5381141901016235,0.7350907325744629,0.7385414242744446,0.6395284533500671,0.45150163769721985,2.0150146484375,0.28556734323501587,0.24158577620983124,1.7963696718215942,0.23316575586795807
166,0.0001,0.3105681948363781,0.9337219256406541,0.5316862536199165,0.8405867400776322,0.9127248324836125,8.441425323486328,0.26413650531321764,0.23892719112336636,0.1641500098630786,0.04635849338956177,0.26413650531321764,0.8386052511632442,0.33121795365304657,0.38407122908216534,0.17969425158067184,0.04499396805961927,0.33121795365304657,0.7910578467629172,0.9956398010253906,0.6843661665916443,0.5399661064147949,0.735693633556366,0.7393628358840942,0.6413986086845398,0.45037055015563965,2.0150551795959473,0.2861974537372589,0.2419373095035553,1.795609712600708,0.23324546217918396
167,0.0001,0.33100421354174614,0.925933131271564,0.5492520964506901,0.8356555328285189,0.9098351439434239,8.422178506851196,0.27811789605766535,0.25638793129473925,0.17041749972850084,0.045857267221435905,0.27811789605766535,0.828299805521965,0.3332529772411693,0.39724736954226636,0.17313132593126007,0.04543747402953379,0.3332529772411693,0.7869580821557478,0.9971510171890259,0.6843998432159424,0.5416198968887329,0.7361227869987488,0.7386358380317688,0.6432830095291138,0.4496735632419586,2.0189545154571533,0.28711265325546265,0.23864281177520752,1.7948498725891113,0.23328717052936554
168,0.0001,0.3075097808614373,0.9337656769656272,0.5414083581982236,0.8451921777394281,0.9155254224438313,8.318045139312744,0.2607269287109375,0.23786414694041014,0.16362908016890287,0.04667077632620931,0.2607269287109375,0.843049019575119,0.3291113078594208,0.41470079259438947,0.1704501681255572,0.047979872222199585,0.3291113078594208,0.7866735873800336,0.9988191723823547,0.685088038444519,0.5429530143737793,0.7364919185638428,0.7398287057876587,0.6446810960769653,0.44951292872428894,2.0207130908966064,0.28791093826293945,0.23828819394111633,1.7934883832931519,0.23342938721179962
169,0.0001,0.3103545308113098,0.9332880439843677,0.5494752842368502,0.8405988930562839,0.912674646566377,8.322361707687378,0.26389877777546644,0.23816418275237083,0.16399085335433483,0.04635670082643628,0.26389877777546644,0.8387671671807766,0.38747193415959674,0.38708995869665436,0.16497200817772836,0.04752172224900939,0.38747193415959674,0.7509328343651511,0.9986355900764465,0.6858099699020386,0.5448070168495178,0.735588788986206,0.7403736710548401,0.6468027830123901,0.44793424010276794,2.025167942047119,0.288289874792099,0.23696845769882202,1.7941619157791138,0.2337096929550171
170,0.0001,0.31832437962293625,0.9311273516107886,0.5387425214955301,0.83504560805694,0.9096841921405657,8.281456708908081,0.27046731021255255,0.24396319687366486,0.1683712750673294,0.04697029711678624,0.27046731021255255,0.8340901397168636,0.3139597394249656,0.39280211744886456,0.15865082587256576,0.04658985375003381,0.3139597394249656,0.8006337303103823,1.0009361505508423,0.6867128610610962,0.5463548898696899,0.7365506291389465,0.741686999797821,0.6482731699943542,0.4472675919532776,2.024923086166382,0.28887739777565,0.23722121119499207,1.795609474182129,0.2339533120393753
171,0.0001,0.3098963741213083,0.9333979338722913,0.5526458404280923,0.8357441643182132,0.9099068771358997,8.519204139709473,0.2675557769834995,0.2383421715348959,0.1632922701537609,0.04634009348228574,0.2675557769834995,0.8342673778533936,0.33929977904666553,0.4081675202557535,0.17903650439146793,0.04369828116261598,0.33929977904666553,0.7869121811606667,1.0023664236068726,0.6879920959472656,0.5485259890556335,0.7368382215499878,0.7421041131019592,0.6503994464874268,0.4476979374885559,2.027212619781494,0.28980568051338196,0.23706194758415222,1.795223355293274,0.23405885696411133
172,0.0001,0.3052789382636547,0.9344083953128767,0.5399752367626537,0.8425157066822982,0.913961944213222,8.519498348236084,0.2583133690059185,0.23762393277138472,0.1637260653078556,0.04608921124599874,0.2583133690059185,0.8442257381975651,0.3366729093320442,0.4000558211947932,0.1586831577799537,0.04537491195581176,0.3366729093320442,0.7855903632713087,1.0027865171432495,0.6886551976203918,0.5503628253936768,0.736578106880188,0.742048442363739,0.6523522734642029,0.44753992557525635,2.0297727584838867,0.29080864787101746,0.23615193367004395,1.7954224348068237,0.23455436527729034
173,0.0001,0.304584639146924,0.9345214332165307,0.5437867912379178,0.8402399702311653,0.9124961827777089,8.355171203613281,0.2570234593003988,0.23923861607909203,0.16171333100646734,0.045868763234466314,0.2570234593003988,0.8452342003583908,0.34558851971770777,0.4008664127552148,0.17611865563826126,0.044955855517676384,0.34558851971770777,0.7772090687896266,1.0028274059295654,0.6895748972892761,0.5521242022514343,0.7362901568412781,0.7418925166130066,0.654319703578949,0.4481087625026703,2.030421257019043,0.29119163751602173,0.23377124965190887,1.793532371520996,0.2345895916223526
174,0.0001,0.3072404470294714,0.933327611884499,0.5818787506132415,0.8267555201190944,0.9043106353761677,8.461961269378662,0.26343307830393314,0.24020544532686472,0.16465266607701778,0.04573649074882269,0.26343307830393314,0.8405839242041111,0.3465431874448603,0.43482225410866016,0.18821082964087976,0.04510107105880073,0.3465431874448603,0.7729935537685048,1.0043964385986328,0.6904234886169434,0.5536494851112366,0.7358967661857605,0.7433622479438782,0.655614972114563,0.4456024169921875,2.0288217067718506,0.2916197180747986,0.23274016380310059,1.7921912670135498,0.23484748601913452
175,0.0001,0.303634500131011,0.9352142762183123,0.5459903605056532,0.8437490921065346,0.9145050948966483,8.327556133270264,0.26123362500220537,0.23549135867506266,0.16297798603773117,0.04629697557538748,0.26123362500220537,0.8389110080897808,0.3498785170641812,0.40770666617335694,0.18932430942853293,0.04492537722443089,0.3498785170641812,0.7723086458263975,1.0057013034820557,0.6907033920288086,0.5555669069290161,0.7356396913528442,0.7434069514274597,0.6576558351516724,0.4445197880268097,2.0305984020233154,0.2920546531677246,0.23199105262756348,1.7928037643432617,0.23482102155685425
176,0.0001,0.3064677957445383,0.9337493224210156,0.5391118544520754,0.8419773063470697,0.9134172672942066,8.45502519607544,0.263000201433897,0.23863556887954473,0.1642808374017477,0.046147960470989347,0.263000201433897,0.838849876075983,0.3060615568450003,0.4156675564520287,0.16140161454677582,0.04427132597475341,0.3060615568450003,0.8031974416790586,1.0071355104446411,0.6912292838096619,0.5572956800460815,0.7361649870872498,0.7439193725585938,0.6595903635025024,0.44426271319389343,2.0293962955474854,0.2929656207561493,0.22878502309322357,1.793614387512207,0.23534999787807465
177,0.0001,0.31073593720793724,0.9323642923395395,0.5167160088365729,0.8470384140108096,0.9164321415048533,8.404077053070068,0.2655021483078599,0.24170906469225883,0.16121481731534004,0.046353924088180065,0.2655021483078599,0.8358407132327557,0.30209477923133154,0.3888902853835713,0.1574136768326615,0.04229962509689909,0.30209477923133154,0.8056414289907976,1.0071918964385986,0.6923017501831055,0.5592891573905945,0.7354281544685364,0.7446402907371521,0.6614764332771301,0.446477472782135,2.028219223022461,0.29409685730934143,0.22906771302223206,1.79525887966156,0.23545275628566742
178,0.0001,0.30066913925111294,0.9350291701409094,0.530762353629777,0.8433781813032399,0.9145236553509637,8.677966594696045,0.2518191644921899,0.2361512714996934,0.16226832196116447,0.04576532100327313,0.2518191644921899,0.849810216575861,0.30858360637318005,0.4055405051419229,0.18026074676802664,0.045440927825190804,0.30858360637318005,0.8024045590198401,1.0100595951080322,0.6932957768440247,0.56104576587677,0.7362897396087646,0.7447765469551086,0.6633878946304321,0.4462718069553375,2.031860113143921,0.29516279697418213,0.22918838262557983,1.7936474084854126,0.23575590550899506
179,0.0001,0.30297041684389114,0.9341248854622443,0.5533694931955049,0.84010949960658,0.9124637317489175,8.415097951889038,0.256121214479208,0.2399783218279481,0.16019860934466124,0.04622057289816439,0.256121214479208,0.8430720493197441,0.3407320262807788,0.4134419786207604,0.1822776532534397,0.0454709715012348,0.3407320262807788,0.7805889754584341,1.0120314359664917,0.6937236189842224,0.5625492930412292,0.7372906804084778,0.7438783645629883,0.6650946736335754,0.44452357292175293,2.0333287715911865,0.2958248555660248,0.22947515547275543,1.7914716005325317,0.2358826994895935
180,0.0001,0.3077339008450508,0.9325834844707536,0.53555393038374,0.8453616214876695,0.915725617354522,8.390700817108154,0.26599541027098894,0.23875844851136208,0.1640745121985674,0.046252554981037974,0.26599541027098894,0.837537307292223,0.3222022797122146,0.40922709306081134,0.16316582172205954,0.0458915572274815,0.3222022797122146,0.7926040960080696,1.011475682258606,0.6940280795097351,0.564115047454834,0.7368716597557068,0.7433241605758667,0.6666153073310852,0.4433344602584839,2.033520221710205,0.29634517431259155,0.22890198230743408,1.7923390865325928,0.23550164699554443
181,0.0001,0.3092895410954952,0.9331497457802022,0.5318676341663707,0.8447657855762282,0.9153482358201673,8.499053239822388,0.2676603924483061,0.2381009953096509,0.16459518112242222,0.04679908533580601,0.2676603924483061,0.8340306393802166,0.30388561884562176,0.409471206592791,0.15034884304711313,0.04524775662205436,0.30388561884562176,0.8043448636026094,1.0129388570785522,0.6938786506652832,0.5659440755844116,0.7366776466369629,0.7439789772033691,0.6686408519744873,0.44103720784187317,2.036458730697632,0.29681161046028137,0.22852379083633423,1.7928203344345093,0.23528753221035004
182,0.0001,0.30159037560224533,0.9343580959206153,0.5483352144559225,0.83980858198887,0.9123455856951836,8.435904026031494,0.25516975577920675,0.23836830258369446,0.15924525260925293,0.04676881502382457,0.25516975577920675,0.8466714918613434,0.32182926481420343,0.4191370118748058,0.15460120818831705,0.04515918253949194,0.32182926481420343,0.7922681497805046,1.0144872665405273,0.6950020790100098,0.5677582621574402,0.7373011112213135,0.7433236241340637,0.6710911989212036,0.4399230480194092,2.040808916091919,0.29748591780662537,0.22771985828876495,1.7887922525405884,0.23589852452278137
183,0.0001,0.30473823100328445,0.9330491648663292,0.5324193609483314,0.8434519179590004,0.9143670061541674,8.427424430847168,0.25787216797471046,0.23829168267548084,0.16218155529350042,0.045625623781234026,0.25787216797471046,0.8454485014081001,0.3405170061371543,0.38838909701867536,0.1594565546873844,0.045352454889904366,0.3405170061371543,0.7839613249807647,1.0153701305389404,0.6956824660301208,0.5695299506187439,0.7377150058746338,0.7449575662612915,0.6729840040206909,0.4401918649673462,2.040426731109619,0.298452764749527,0.2268764078617096,1.7913247346878052,0.23566550016403198
184,0.0001,0.29415823332965374,0.9377351774507674,0.5288420436960278,0.8464159543183624,0.9160788276698633,8.385450839996338,0.25734895933419466,0.22675372567027807,0.159753093495965,0.04613703582435846,0.25734895933419466,0.8424465581774712,0.3337055372469353,0.392964550039985,0.15712927327011572,0.04580448206627008,0.3337055372469353,0.7907982450543027,1.0170849561691284,0.696521520614624,0.5714012384414673,0.7387228012084961,0.7471324801445007,0.6750232577323914,0.4401695728302002,2.041196346282959,0.29940855503082275,0.22586438059806824,1.791048288345337,0.23592114448547363
185,0.0001,0.2946367636322975,0.9379741392403328,0.5378500168973749,0.8417829280023446,0.91348014456057,8.678730487823486,0.25935529358685017,0.22984214965254068,0.1580173410475254,0.04616835922934115,0.25935529358685017,0.840246107429266,0.3160296172806711,0.40962009899543994,0.1575493604847879,0.046490791620630204,0.3160296172806711,0.7983066313194506,1.018378496170044,0.6974951028823853,0.5731137990951538,0.7393785715103149,0.7479152083396912,0.677024781703949,0.440010130405426,2.041227340698242,0.3000136911869049,0.22563552856445312,1.7885218858718872,0.23601023852825165
186,0.0001,0.3013612572103739,0.9342031239511701,0.5804005572290132,0.8343821725107164,0.9092966986898198,8.501049757003784,0.26278064493089914,0.23309757001698017,0.16358679812401533,0.04644470871426165,0.26278064493089914,0.8381562530994415,0.36212481693788007,0.44310709834098816,0.16543597795746542,0.04978926095998648,0.36212481693788007,0.7705549995104471,1.0187655687332153,0.6987590789794922,0.5749406218528748,0.7396392226219177,0.7480817437171936,0.6787497401237488,0.43953362107276917,2.043393611907959,0.30056512355804443,0.2243981957435608,1.785253643989563,0.2362595647573471
187,0.0001,0.29736760817468166,0.9357745426941494,0.5588910579681396,0.842739544581425,0.9142230237149063,8.362745523452759,0.2539629340171814,0.2359669730067253,0.15713472478091717,0.046854417771101,0.2539629340171814,0.8450227901339531,0.3544383437344522,0.4275108042991523,0.18584469231692227,0.0492966811765324,0.3544383437344522,0.7674892436374318,1.020063042640686,0.6994816660881042,0.576655924320221,0.7403901219367981,0.749177873134613,0.6806933283805847,0.44103580713272095,2.044895887374878,0.30180448293685913,0.22508981823921204,1.7832417488098145,0.23621878027915955
188,0.0001,0.3072183392941952,0.9320579262089579,0.5597931020187609,0.8357274610101949,0.9101012777735755,8.539429426193237,0.2622561324387789,0.2408827869221568,0.16031183116137981,0.04664568742737174,0.2622561324387789,0.837932750582695,0.3241455049225778,0.4333586810213147,0.16565958387923962,0.04724615936477979,0.3241455049225778,0.7880002187960076,1.0206443071365356,0.6997559070587158,0.5780181884765625,0.7399712204933167,0.7481768727302551,0.6820621490478516,0.4412306845188141,2.048366069793701,0.30244436860084534,0.22355963289737701,1.7813498973846436,0.23614948987960815
189,0.0001,0.30838573910295963,0.9308727494859801,0.5452314524939565,0.8412570999683516,0.9132254573356205,8.438104152679443,0.25393195543438196,0.24553436785936356,0.16126583516597748,0.04688445827923715,0.25393195543438196,0.8494046591222286,0.30237667217399133,0.41932328271143365,0.1541039501175736,0.047223607247525994,0.30237667217399133,0.8036801760846918,1.0210888385772705,0.7002663016319275,0.5795207023620605,0.7402945160865784,0.7486969232559204,0.683528482913971,0.4417175352573395,2.0493102073669434,0.303302526473999,0.2215510904788971,1.7820196151733398,0.23600539565086365
190,0.0001,0.2960725389420986,0.9357563657325387,0.5818825364112854,0.8263313665018742,0.9044064451635256,8.337957620620728,0.2546633752062917,0.23254364728927612,0.1594474334269762,0.047611237270757556,0.2546633752062917,0.8457486219704151,0.3541136013739037,0.43560009923848236,0.16235973798867429,0.048315616606762916,0.3541136013739037,0.7719061862338673,1.0233070850372314,0.7006666660308838,0.5812184810638428,0.7408702373504639,0.7494681477546692,0.6852560043334961,0.4412122368812561,2.0541460514068604,0.30423611402511597,0.22210299968719482,1.7819795608520508,0.23645493388175964
191,0.0001,0.2980501912534237,0.9352485324501768,0.5443022269191164,0.8370617726259485,0.9107397912876426,8.599908113479614,0.256219707429409,0.2354652937501669,0.15849822480231524,0.04754752037115395,0.256219707429409,0.8460504747927189,0.3136822084585826,0.41072823242707684,0.15148000825535168,0.04822811145674099,0.3136822084585826,0.7947424776626356,1.023686408996582,0.7019568085670471,0.5829231142997742,0.7398136258125305,0.750966489315033,0.6869060397148132,0.44135281443595886,2.0558481216430664,0.30469250679016113,0.2229522466659546,1.7808738946914673,0.23663680255413055
192,0.0001,0.290005087852478,0.9384352566205005,0.5422989978934779,0.8397215851617477,0.9122746886137816,8.62892484664917,0.25350895896553993,0.22547916788607836,0.15943769458681345,0.04675320046953857,0.25350895896553993,0.8484681695699692,0.30922709450577246,0.4158351981278622,0.15907637458859067,0.046644589214613945,0.30922709450577246,0.803135360732223,1.0251437425613403,0.7025364637374878,0.5849037170410156,0.739258348941803,0.7508794665336609,0.6892080307006836,0.44039186835289,2.059283494949341,0.30530694127082825,0.22282974421977997,1.7794123888015747,0.23661014437675476
193,0.0001,0.29300999641418457,0.9379662375234417,0.5569134011413112,0.8403559207046196,0.9127057641032882,8.302929878234863,0.2590210512280464,0.22721050586551428,0.1577784363180399,0.046496504452079535,0.2590210512280464,0.8398768790066242,0.3421692288283146,0.42913183298977936,0.1563438673814138,0.04561620657191132,0.3421692288283146,0.7802649664156365,1.0265318155288696,0.703241765499115,0.5867546200752258,0.7395966649055481,0.7516102194786072,0.6914188265800476,0.4393315017223358,2.060199737548828,0.30589354038238525,0.22191807627677917,1.778228998184204,0.23670506477355957
194,0.0001,0.29066694248467684,0.9371882657033611,0.5419547187559532,0.8406511853972476,0.9127478780499194,8.35334300994873,0.2545957872644067,0.2286478653550148,0.15864827577024698,0.046373818069696426,0.2545957872644067,0.8462526872754097,0.3298897011713548,0.40899357651219226,0.16562560832861697,0.04612621879487327,0.3298897011713548,0.7855187672557253,1.0266426801681519,0.7040689587593079,0.5883458256721497,0.7397114634513855,0.7530567049980164,0.6930627226829529,0.43882131576538086,2.0605812072753906,0.3063834309577942,0.2204749882221222,1.7777512073516846,0.236896812915802
195,0.0001,0.2804397465661168,0.9414010809219734,0.5437460930058451,0.8440476955656592,0.9147156208194677,8.447113990783691,0.24723909422755241,0.22086184285581112,0.1545939166098833,0.04655084479600191,0.24723909422755241,0.8520542085170746,0.3229165230736588,0.41658085042780096,0.15344179128155563,0.04597832149628437,0.3229165230736588,0.7933708700266752,1.026517629623413,0.7054930329322815,0.5898145437240601,0.7390667200088501,0.7535200715065002,0.6945773959159851,0.4360538423061371,2.0615835189819336,0.3069915771484375,0.21951830387115479,1.7775591611862183,0.23713457584381104
196,0.0001,0.2817621501162648,0.9411643914609459,0.5613992051644758,0.8404479440671103,0.9126106565321986,8.33129096031189,0.2517342381179333,0.2210026402026415,0.15437831077724695,0.04690274503082037,0.2517342381179333,0.8458315469324589,0.3712022304534912,0.4190940188639092,0.17568830107197617,0.04946635245825305,0.3712022304534912,0.7608354759938789,1.0266005992889404,0.7067976593971252,0.5916949510574341,0.7389922142028809,0.7541685104370117,0.6960569620132446,0.4354890286922455,2.0619263648986816,0.30756261944770813,0.2197839617729187,1.7760100364685059,0.23722441494464874
197,0.0001,0.2813986577093601,0.9409083621761479,0.534847541288896,0.8455640753246099,0.9157103572844536,8.480380535125732,0.252404953353107,0.21987081319093704,0.15525580570101738,0.04716903646476567,0.252404953353107,0.8479523658752441,0.2938585588426301,0.42539851954489044,0.15510900408932657,0.04777446106979341,0.2938585588426301,0.8082484187501849,1.0271750688552856,0.7073926329612732,0.5936040878295898,0.7382514476776123,0.7543448805809021,0.6979737877845764,0.4337403178215027,2.0624780654907227,0.3083248436450958,0.21883781254291534,1.7740107774734497,0.23722879588603973
198,0.0001,0.28964151814579964,0.937643524420513,0.5460003406712504,0.8450273304519816,0.9152965241382545,8.49143099784851,0.254600053653121,0.22892472799867392,0.15815456490963697,0.047487078700214624,0.254600053653121,0.8449932336807251,0.3061682545777523,0.4376813326821183,0.15127264414772842,0.0458971599512028,0.3061682545777523,0.7989939216411475,1.0285509824752808,0.7077044248580933,0.5951552987098694,0.73819899559021,0.7545258402824402,0.699652910232544,0.43531203269958496,2.0625951290130615,0.3091730773448944,0.21752452850341797,1.7755234241485596,0.23741675913333893
199,0.0001,0.28446925710886717,0.9405822865713779,0.5396152879252578,0.8454092028553749,0.915687729717927,8.591494083404541,0.2509768009185791,0.22338629700243473,0.15562881622463465,0.04726084950380027,0.2509768009185791,0.8477324694395065,0.30134262099410547,0.43040261665980023,0.1606388453281287,0.04445642526402618,0.30134262099410547,0.8042485948764917,1.0292019844055176,0.7076883316040039,0.596709668636322,0.7381369471549988,0.7544072270393372,0.7015249133110046,0.4347630441188812,2.064845561981201,0.3100000023841858,0.2135901153087616,1.778682827949524,0.23772546648979187
200,0.0001,0.3042065445333719,0.9320183311370963,0.5468910571300623,0.8369759196776753,0.9105462992351703,8.421591520309448,0.2615534858778119,0.24251709878444672,0.15762352757155895,0.047644269885495305,0.2615534858778119,0.8376127853989601,0.30311592690872424,0.4221161323966402,0.1468129830830025,0.04620610335559556,0.30311592690872424,0.8036179181301233,1.0305695533752441,0.7075931429862976,0.5983421206474304,0.7387802004814148,0.753496527671814,0.7032195329666138,0.43675196170806885,2.066638708114624,0.31081318855285645,0.21158772706985474,1.7802098989486694,0.2377668172121048
201,0.0001,0.30148355662822723,0.933935456141367,0.5556207823030876,0.8396146211327732,0.9120223864172899,8.506308555603027,0.2583582578226924,0.24027119576931,0.15711712185293436,0.047741691349074244,0.2583582578226924,0.8418921604752541,0.31455747828339087,0.43395834077488293,0.15920781005512585,0.04612229922504136,0.31455747828339087,0.7936649087703589,1.0316903591156006,0.7076707482337952,0.599498987197876,0.739527702331543,0.7531991004943848,0.7045983672142029,0.4363064169883728,2.0687499046325684,0.3115716874599457,0.2128314971923828,1.7803062200546265,0.23822739720344543
202,0.0001,0.2921775709837675,0.9375804106639238,0.5542659118320002,0.83474823475239,0.9091755673319865,8.435093641281128,0.256349197588861,0.23092379793524742,0.15643678978085518,0.04728120914660394,0.256349197588861,0.8432169035077095,0.3097377834898053,0.4279022487727078,0.15149504307544592,0.04465554609443202,0.3097377834898053,0.7947236841375177,1.0313528776168823,0.7083900570869446,0.6010704636573792,0.7390871644020081,0.7531585693359375,0.7061222791671753,0.43721362948417664,2.0700724124908447,0.3125235438346863,0.21156176924705505,1.7792527675628662,0.23871193826198578
203,0.0001,0.28816515393555164,0.9378431744572825,0.5395760879372106,0.8389723544841269,0.9116110520335301,8.480554819107056,0.2545173019170761,0.22724794782698154,0.15540792420506477,0.04700774233788252,0.2545173019170761,0.8446021527051926,0.29396047556039057,0.4160619459368966,0.1521475278969967,0.045517757196318016,0.29396047556039057,0.8089763684706255,1.0314674377441406,0.7091905474662781,0.6025713682174683,0.7389995455741882,0.7540368437767029,0.7076554298400879,0.43552884459495544,2.0706050395965576,0.31332558393478394,0.21212546527385712,1.7771693468093872,0.2388090044260025
204,0.0001,0.2923707701265812,0.9367187091340301,0.5650019121892524,0.8414092078692104,0.9130927199282242,8.439106702804565,0.2557487543672323,0.2321472242474556,0.15435367450118065,0.04668581229634583,0.2557487543672323,0.8426974751055241,0.35842269478422223,0.434938087607875,0.17984965127525906,0.04868577228802623,0.35842269478422223,0.7668885986010233,1.0323444604873657,0.7096130847930908,0.6042215824127197,0.7399498224258423,0.7542135119438171,0.7094539999961853,0.435165673494339,2.0740010738372803,0.3144018054008484,0.21116404235363007,1.7770838737487793,0.2386619746685028
205,0.0001,0.2850902546197176,0.9385137318043738,0.5361150945677902,0.8423653828161838,0.9136879405351163,8.718315839767456,0.2485203556716442,0.22575219348073006,0.15504607651382685,0.04780744691379368,0.2485203556716442,0.850253377109766,0.3208819094932441,0.4076239484729189,0.16636861273736664,0.04807988791303201,0.3208819094932441,0.7973900870843367,1.032303810119629,0.709837019443512,0.6057206392288208,0.7397371530532837,0.7551366686820984,0.7110809087753296,0.43604567646980286,2.0761892795562744,0.3150635361671448,0.21059395372867584,1.7784982919692993,0.23898492753505707
206,0.0001,0.2905768100172281,0.9376265430014089,0.5503625490448691,0.8370507060760176,0.9106330979635171,8.616761445999146,0.258097224868834,0.23055420629680157,0.15773865301162004,0.0478360834531486,0.258097224868834,0.8405144847929478,0.2919760924397093,0.43508789485151117,0.15108723396604712,0.04490015588023446,0.2919760924397093,0.807945045557889,1.033310890197754,0.7102935910224915,0.6076077818870544,0.7403474450111389,0.7557812929153442,0.7129776477813721,0.4367867112159729,2.075835943222046,0.31545892357826233,0.20997804403305054,1.7803105115890503,0.23909302055835724
207,0.0001,0.29073057882487774,0.9365087264207166,0.5441306314685128,0.8386382239564493,0.9116592979456493,8.440826177597046,0.25903295353055,0.22651708498597145,0.15795243810862303,0.05051426007412374,0.25903295353055,0.841343130916357,0.2926025679617217,0.43087719426010596,0.14950646911606644,0.04683447584058299,0.2926025679617217,0.8054100473721822,1.0339930057525635,0.711066484451294,0.6096554398536682,0.7406815886497498,0.7555885910987854,0.7147949934005737,0.43783122301101685,2.081766128540039,0.31629478931427,0.21049444377422333,1.7887184619903564,0.23966751992702484
208,0.0001,0.28394625522196293,0.937960457911531,0.5309378161574855,0.8432137210484796,0.9144245302054336,8.451680183410645,0.25132744666188955,0.22434514109045267,0.15675821155309677,0.050274378852918744,0.25132744666188955,0.8478926867246628,0.29653109293995483,0.41140374450972583,0.14162955410552747,0.04845207218419422,0.29653109293995483,0.8058858441584038,1.0343047380447388,0.7117246389389038,0.610966682434082,0.7406486868858337,0.756571888923645,0.7157424092292786,0.4383958578109741,2.079901933670044,0.31695693731307983,0.21031805872917175,1.7900279760360718,0.24005456268787384
209,0.0001,0.2875710930675268,0.9383830042436064,0.5414628874171864,0.8463238557607706,0.9162465052568659,8.45447850227356,0.25520948227494955,0.2257980378344655,0.1557637182995677,0.04968374827876687,0.25520948227494955,0.8413947112858295,0.3013683683944471,0.4402111262986154,0.15567451173608954,0.04905554042621092,0.3013683683944471,0.8033785097526781,1.0358097553253174,0.7117227911949158,0.6126883625984192,0.7412523627281189,0.755783200263977,0.7178220748901367,0.4404327869415283,2.082386016845703,0.3177724778652191,0.20957309007644653,1.7914035320281982,0.24008966982364655
210,0.0001,0.28304682299494743,0.9394457315198264,0.5436849178689899,0.8449985173376292,0.9152243183587405,8.466118335723877,0.2501919250935316,0.22533879708498716,0.153519825078547,0.0490237707272172,0.2501919250935316,0.8475741036236286,0.30349589026335516,0.43646048325480835,0.1691737396247459,0.04863849485462362,0.30349589026335516,0.8053645220669833,1.0366870164871216,0.7124267816543579,0.6141754388809204,0.740561306476593,0.7563074827194214,0.7192000150680542,0.43949857354164124,2.0822994709014893,0.3184860646724701,0.209320068359375,1.789943814277649,0.24023254215717316
211,0.0001,0.2799888849258423,0.9413190600513026,0.5429957563226874,0.8451780596429591,0.9154758433497124,8.321177959442139,0.2563658095896244,0.21813498344272375,0.15723192505538464,0.04816557094454765,0.2563658095896244,0.8433355242013931,0.29782037211186957,0.4433710177739461,0.14993215465184415,0.04624933760726091,0.29782037211186957,0.8009527921676636,1.0386120080947876,0.712749719619751,0.6158076524734497,0.740955114364624,0.7566289901733398,0.7210152745246887,0.43860623240470886,2.085757255554199,0.31918737292289734,0.2083444744348526,1.7915527820587158,0.24016252160072327
212,0.0001,0.28020629566162825,0.9401611858070076,0.5296553481708873,0.8456186918005253,0.9156323472356017,8.402628660202026,0.2483049752190709,0.2243492156267166,0.1533044707030058,0.04772334382869303,0.2483049752190709,0.8523420467972755,0.30774123108748236,0.41099622123169177,0.1460044365940672,0.0461405466000239,0.30774123108748236,0.801572808713624,1.0386757850646973,0.7128926515579224,0.6171756982803345,0.7398224472999573,0.7560884356498718,0.7225486636161804,0.44032222032546997,2.0862200260162354,0.3195984661579132,0.2077951431274414,1.790970802307129,0.24055762588977814
213,0.0001,0.2768454058095813,0.9406178863374439,0.5259125557812777,0.8481700528362446,0.9171883356341938,8.591307401657104,0.24947564676404,0.21947946306318045,0.15168151911348104,0.0474734790623188,0.24947564676404,0.8485254049301147,0.30705556544390594,0.4084537309227568,0.14728639161948,0.04643777295043974,0.30705556544390594,0.8040213711333998,1.0389667749404907,0.7131874561309814,0.618825376033783,0.7397788763046265,0.755874514579773,0.7239735126495361,0.4410650134086609,2.0859358310699463,0.3202027976512909,0.2088492512702942,1.7872281074523926,0.24075858294963837
214,0.0001,0.2724349293857813,0.9433956776917913,0.5435116634224401,0.843569389955662,0.9143072823307907,8.387024641036987,0.25106395967304707,0.2135370597243309,0.15268849581480026,0.04784054378978908,0.25106395967304707,0.8473409935832024,0.3018302818139394,0.434685592398499,0.15245686516617285,0.047296506437388336,0.3018302818139394,0.8032862652431835,1.0387871265411377,0.7135716676712036,0.6204996109008789,0.7393836379051208,0.7565538883209229,0.7257338762283325,0.44053661823272705,2.0866339206695557,0.3206414580345154,0.2085203230381012,1.7863677740097046,0.24081256985664368
215,0.0001,0.28342898003757,0.9382787842559889,0.5942018817771565,0.8259426052046548,0.9039359374041286,8.461517095565796,0.251474522985518,0.2238667830824852,0.1546856490895152,0.046871698228642344,0.251474522985518,0.8473964631557465,0.3597816111463489,0.4593842228253682,0.1684514112544782,0.04478618615504467,0.3597816111463489,0.7662768761316935,1.03989577293396,0.7135345339775085,0.6221129298210144,0.7402529120445251,0.756675660610199,0.7273479104042053,0.44020378589630127,2.086012601852417,0.3212251365184784,0.20907239615917206,1.7801377773284912,0.24041688442230225
216,0.0001,0.2946684956550598,0.9349865658115525,0.5666758400021177,0.833339609131853,0.9083765405602219,8.374330997467041,0.259482491761446,0.23008546326309443,0.152220968157053,0.047585859429091215,0.259482491761446,0.837488379329443,0.3532822881684159,0.4318935247984799,0.17397833773584076,0.047825201442747406,0.3532822881684159,0.7683027603409507,1.0403798818588257,0.7139565348625183,0.6235391497612,0.7402054667472839,0.7560310363769531,0.7290990948677063,0.44330286979675293,2.0898313522338867,0.32221168279647827,0.20934636890888214,1.7784137725830078,0.2409123331308365
217,0.0001,0.27941651828587055,0.9406927468095851,0.5606129973223715,0.8380804098813266,0.9112447378728101,8.437658309936523,0.24703916627913713,0.222899179905653,0.1539233811199665,0.04929057485423982,0.24703916627913713,0.8517788238823414,0.34136518926331494,0.43780153357621393,0.15113854498574228,0.047757082251888336,0.34136518926331494,0.7775061564012007,1.0415689945220947,0.7142594456672668,0.6251440644264221,0.7409724593162537,0.757547914981842,0.7305484414100647,0.445287823677063,2.090283155441284,0.32303720712661743,0.21096818149089813,1.7808254957199097,0.24118179082870483
218,0.0001,0.27429879549890757,0.9417708788746924,0.5368132518999504,0.8372972509261345,0.9110106598734564,8.428698539733887,0.24777443055063486,0.21907117683440447,0.15163812041282654,0.04933695774525404,0.24777443055063486,0.8491673544049263,0.30487925175464514,0.4178628316431334,0.15848037916602511,0.04766494013143308,0.30487925175464514,0.8034848480513601,1.0434547662734985,0.7145306468009949,0.6265568733215332,0.7420622706413269,0.7567914128303528,0.7321096062660217,0.44633886218070984,2.0914361476898193,0.32373619079589844,0.21248219907283783,1.779954195022583,0.241390660405159
219,0.0001,0.28569584153592587,0.9379711539417264,0.5466955809882192,0.8409361372211738,0.913178400057232,8.411342144012451,0.2511376328766346,0.23004768416285515,0.1529012080281973,0.04889445472508669,0.2511376328766346,0.8479240536689758,0.33415097449765063,0.421839101748033,0.14201537497115857,0.04621202363209291,0.33415097449765063,0.7872658064871123,1.0430938005447388,0.7148000597953796,0.6280134916305542,0.7414467334747314,0.7562335133552551,0.733059287071228,0.44470182061195374,2.09252667427063,0.32430127263069153,0.21175183355808258,1.779708743095398,0.24159321188926697
220,0.0001,0.27720596082508564,0.941444905288454,0.545548803878553,0.8366235962061256,0.9103923362598566,8.429984092712402,0.2510748552158475,0.22133990470319986,0.15330749563872814,0.04812674364075065,0.2510748552158475,0.8451029434800148,0.28749544512141834,0.4313318548780499,0.14061571251262317,0.046183018973379425,0.28749544512141834,0.8142810156851104,1.043470025062561,0.715676486492157,0.6292584538459778,0.7406802177429199,0.7566319108009338,0.7342414855957031,0.4429700970649719,2.0946147441864014,0.3248870074748993,0.2099190205335617,1.7789534330368042,0.241444930434227
221,0.0001,0.2779213162139058,0.9410235794075912,0.5498877185763735,0.8424550893314328,0.9140116658810582,8.505110502243042,0.2473161881789565,0.2219153419137001,0.14986908249557018,0.048027994809672236,0.2473161881789565,0.8473841436207294,0.30512133918025275,0.44797492388522986,0.15989251750888248,0.04709597733436209,0.30512133918025275,0.802385586680788,1.0437705516815186,0.7159120440483093,0.6305751800537109,0.7404127717018127,0.757783830165863,0.7353993654251099,0.4434666335582733,2.093287229537964,0.3255077004432678,0.20927707850933075,1.7782679796218872,0.24156224727630615
222,0.0001,0.2732440484687686,0.9422573628770682,0.5392510069139076,0.8429550467709812,0.914162070550512,8.358412265777588,0.24746022559702396,0.21770705189555883,0.15202194638550282,0.047440136317163706,0.24746022559702396,0.8500591032207012,0.31373477885217377,0.42813537337563257,0.1619749331113064,0.046629410349961486,0.31373477885217377,0.798480591990731,1.043845534324646,0.7169835567474365,0.6319140195846558,0.7401089668273926,0.7584209442138672,0.736987292766571,0.4428965747356415,2.0926201343536377,0.32619431614875793,0.2090117186307907,1.7758020162582397,0.24184320867061615
223,0.0001,0.276448137126863,0.9402734567247236,0.5434800828948165,0.840058635765785,0.9123574085828575,8.448940753936768,0.242718905210495,0.2234649322926998,0.15146955382078886,0.04737365455366671,0.242718905210495,0.8548405766487122,0.28963553002386383,0.43325158140876074,0.14927258952097458,0.04591367134090626,0.28963553002386383,0.8122919599215189,1.0454150438308716,0.7174005508422852,0.6332385540008545,0.7403490543365479,0.7588073015213013,0.7382975816726685,0.4424654543399811,2.092226982116699,0.32684168219566345,0.20869982242584229,1.7749959230422974,0.2419494390487671
224,0.0001,0.26844763569533825,0.9435423398035383,0.5513616782246213,0.840308248829574,0.9124513322860082,8.347916841506958,0.24269989877939224,0.21583632845431566,0.1502373991534114,0.047263442538678646,0.24269989877939224,0.8531482741236687,0.29720649574742175,0.44362749204491125,0.15116969021883878,0.04609344967386939,0.29720649574742175,0.8110854770198013,1.0466299057006836,0.7183852791786194,0.6347430348396301,0.7402248978614807,0.7583273649215698,0.7397586107254028,0.44093552231788635,2.0919485092163086,0.32728251814842224,0.20785389840602875,1.7731599807739258,0.2419101446866989
225,0.0001,0.26925536897033453,0.9431748320950106,0.5349320669968923,0.840780799124483,0.912910554120215,8.408562421798706,0.2457373533397913,0.21373293176293373,0.15368343610316515,0.04752641241066158,0.2457373533397913,0.8524587489664555,0.2888352058150552,0.4208334946271145,0.14208968751358264,0.04609835125280149,0.2888352058150552,0.8111597769188158,1.0474905967712402,0.7190040946006775,0.6361372470855713,0.7397074699401855,0.7577463388442993,0.740913987159729,0.44164136052131653,2.0923526287078857,0.32778164744377136,0.20707350969314575,1.7721278667449951,0.2420133501291275
226,0.0001,0.2682214882224798,0.9433055266231991,0.5440121365315986,0.8410436186495857,0.9129486304987524,8.638530254364014,0.24257816467434168,0.2149004079401493,0.1485987240448594,0.04795583011582494,0.24257816467434168,0.8561726771295071,0.30295759439468384,0.4254926117983731,0.14966100589795547,0.04663158862879782,0.30295759439468384,0.807266607429042,1.0482149124145508,0.7195520401000977,0.6376037001609802,0.7398948669433594,0.758285403251648,0.7423943281173706,0.4395829439163208,2.0946829319000244,0.32783135771751404,0.20569562911987305,1.770843267440796,0.24209894239902496
227,0.0001,0.26841999124735594,0.9430631832112252,0.554397980372111,0.8372491343127394,0.9107123593961254,8.648567199707031,0.24392776750028133,0.21444395184516907,0.15197984129190445,0.0488899948541075,0.24392776750028133,0.8538306094706059,0.29242288705074426,0.439316729704539,0.141287495692571,0.0470728903557315,0.29242288705074426,0.8142900611415054,1.0483142137527466,0.7197919487953186,0.638958215713501,0.7400277256965637,0.7601139545440674,0.7438496351242065,0.44174471497535706,2.0954129695892334,0.32828834652900696,0.20486904680728912,1.7705985307693481,0.24198824167251587
228,0.0001,0.27734268363565207,0.9403244090782079,0.5462341254407709,0.8399559071000177,0.912485920530894,8.317527055740356,0.24832492601126432,0.2219419265165925,0.15133283846080303,0.04881341755390167,0.24832492601126432,0.8479156829416752,0.30442551410559454,0.42276033849427197,0.14108848391157208,0.04780953208153898,0.30442551410559454,0.8073817545717413,1.048592448234558,0.7203221321105957,0.640297532081604,0.7397948503494263,0.7603352069854736,0.7452000379562378,0.4415428042411804,2.094459056854248,0.3287934362888336,0.20365965366363525,1.7703315019607544,0.24215933680534363
229,0.0001,0.27007751259952784,0.94343588553011,0.5460070823178147,0.8404144677195996,0.9127283937921411,8.528067111968994,0.24638195428997278,0.21580464392900467,0.15023421682417393,0.048817026196047664,0.24638195428997278,0.8507538922131062,0.29280647906390106,0.4381615962042953,0.14211113705779566,0.04699024445179737,0.29280647906390106,0.8115569533723773,1.0495080947875977,0.7203269600868225,0.6415614485740662,0.7391220927238464,0.759477436542511,0.7463669180870056,0.44131043553352356,2.0954675674438477,0.3294868767261505,0.2029140591621399,1.7680844068527222,0.24232371151447296
230,0.0001,0.26391866616904736,0.9446902604920755,0.5414330462614695,0.8418861208747507,0.9135426018928906,8.508006811141968,0.2409691233187914,0.2116850595921278,0.1483396152034402,0.04827558808028698,0.2409691233187914,0.8547466434538364,0.29522643125418463,0.4317602316538493,0.14691557441696976,0.04694117165424607,0.29522643125418463,0.8074429143558849,1.0499048233032227,0.7206305861473083,0.6428893208503723,0.7393124103546143,0.7597126960754395,0.7476407289505005,0.4423426687717438,2.0943849086761475,0.33014607429504395,0.20217768847942352,1.76685631275177,0.24264389276504517
231,0.0001,0.27412996534258127,0.942179543166451,0.5557863062078302,0.8374743433858454,0.9108901296827995,8.336355924606323,0.2492850488051772,0.2182442219927907,0.15177683252841234,0.04798961244523525,0.2492850488051772,0.8462023548781872,0.2908160975485137,0.45316064989928045,0.14534194361079822,0.04513459449464625,0.2908160975485137,0.8055406953349258,1.049789309501648,0.7205540537834167,0.644311249256134,0.7389397621154785,0.7590410709381104,0.7492278218269348,0.4416445791721344,2.0940322875976562,0.3306836783885956,0.20113974809646606,1.7665656805038452,0.2425917536020279
232,0.0001,0.2593289092183113,0.9461662012313253,0.5462075778932283,0.8408156109086049,0.9129802207646419,8.533105850219727,0.23862875625491142,0.20686223451048136,0.14843181520700455,0.04748232592828572,0.23862875625491142,0.8563298173248768,0.2926230186765844,0.4400658634575931,0.1503255394372073,0.04577716767336383,0.2926230186765844,0.8101239077972643,1.0506761074066162,0.7210394740104675,0.6457167863845825,0.7392190098762512,0.7586176991462708,0.7505354285240173,0.4404521584510803,2.093921184539795,0.3310793936252594,0.19970057904720306,1.7654805183410645,0.24238839745521545
233,0.0001,0.26150889974087477,0.9455906366710638,0.5413630550557916,0.8413172116997919,0.9131805416227794,8.32153606414795,0.24750864319503307,0.20588373206555843,0.14923714846372604,0.04781920672394335,0.24750864319503307,0.847373865544796,0.2907643336238283,0.4308693598617207,0.14488905036088193,0.04583291348182794,0.2907643336238283,0.8079044782754147,1.0507756471633911,0.721284031867981,0.6470240354537964,0.7394739985466003,0.7581084966659546,0.7517791986465454,0.43900999426841736,2.0929062366485596,0.3313985764980316,0.19864626228809357,1.764481544494629,0.24224941432476044
234,0.0001,0.27024287916719913,0.941752622142426,0.5399178483269431,0.8462377088947872,0.9165385308869397,10.131261110305786,0.2416998753324151,0.21782608795911074,0.147683747112751,0.046672639437019825,0.2416998753324151,0.8511798493564129,0.3537078084367694,0.42721328048995044,0.15792785946166876,0.04817379412777496,0.3537078084367694,0.7817273591503953,1.0514171123504639,0.72178715467453,0.6484894752502441,0.7396242618560791,0.7592687606811523,0.7531046867370605,0.43791091442108154,2.0911052227020264,0.33191099762916565,0.1992165595293045,1.7686223983764648,0.24202263355255127
235,0.0001,0.282187033444643,0.9372486743877912,0.6091748385718374,0.7990079198701672,0.8875006659317114,9.425846099853516,0.2516252575442195,0.2253673141822219,0.1524256942793727,0.049735011998564005,0.2516252575442195,0.8430129215121269,0.2859251291462869,0.4737381167484052,0.13906114119471927,0.04819899515220613,0.2859251291462869,0.8107300780036233,1.0521215200424194,0.7213013172149658,0.6497653126716614,0.7398605942726135,0.7604271769523621,0.7544417977333069,0.43883925676345825,2.0953869819641113,0.33290955424308777,0.19911690056324005,1.7753932476043701,0.24179798364639282
236,0.0001,0.2708434769883752,0.9411669416596378,0.565162125862006,0.8364873014630004,0.91029650021101,9.864851236343384,0.23957893159240484,0.21973581332713366,0.1469529215246439,0.05156162125058472,0.23957893159240484,0.8569132573902607,0.3219183132503972,0.44388913385795825,0.15074821358377283,0.05488097712849126,0.3219183132503972,0.7929357308329958,1.053091287612915,0.721447229385376,0.6507842540740967,0.7394871115684509,0.761819064617157,0.75570148229599,0.4413778483867645,2.0999157428741455,0.3342231512069702,0.1994265615940094,1.7821574211120605,0.24217475950717926
237,0.0001,0.26502719800919294,0.9441536623874746,0.5440438209158002,0.8411337476135771,0.9129894474712779,10.721398115158081,0.2434224309399724,0.2109205862507224,0.14776411559432745,0.051146911922842264,0.2434224309399724,0.8532474748790264,0.291971661827781,0.43375089493664826,0.14323305180578522,0.04945176568898288,0.291971661827781,0.8104646151716058,1.0530799627304077,0.7217673063278198,0.6521123051643372,0.7396079897880554,0.762930691242218,0.7572294473648071,0.44134408235549927,2.0998787879943848,0.33483022451400757,0.19944217801094055,1.7815546989440918,0.2422851324081421
238,0.0001,0.2592854229733348,0.946410192717778,0.5345736001477097,0.8470831778613893,0.9165713634623881,10.528548002243042,0.23751217685639858,0.2078554118052125,0.14571204874664545,0.049444020027294755,0.23751217685639858,0.8583115674555302,0.3042406006292863,0.42238591024369904,0.14660116036732992,0.04805036227811466,0.3042406006292863,0.8074692505778689,1.0531669855117798,0.7223875522613525,0.6536654233932495,0.7394158840179443,0.7636834383010864,0.7583518028259277,0.44142594933509827,2.0996787548065186,0.3354777991771698,0.1981540471315384,1.7797437906265259,0.24252308905124664
239,0.0001,0.26075436547398567,0.9446413933299274,0.5592720454389398,0.8423718056775982,0.9138284665974751,10.506070613861084,0.23801807593554258,0.20946639403700829,0.1465615751221776,0.04885286442004144,0.23801807593554258,0.8583679348230362,0.29378465540481336,0.46581611037254333,0.14505448576175806,0.048353895657893387,0.29378465540481336,0.8074085170572455,1.053339958190918,0.7225788235664368,0.6549689769744873,0.7390129566192627,0.7635989785194397,0.7596131563186646,0.4408891201019287,2.0984203815460205,0.3360670208930969,0.19801898300647736,1.779450535774231,0.24257966876029968
240,0.0001,0.27319206669926643,0.9413922203604294,0.5621853651422443,0.8327048508149781,0.9080869185563883,11.34679388999939,0.24530865158885717,0.21920080110430717,0.15009019896388054,0.04826620686799288,0.24530865158885717,0.8524037338793278,0.2931213216348128,0.4451489629167499,0.15290482206778092,0.04673309387131171,0.2931213216348128,0.8098390499750773,1.0539028644561768,0.7228827476501465,0.6559074521064758,0.7390729188919067,0.7627488970756531,0.7607924938201904,0.4428550899028778,2.099228858947754,0.33674198389053345,0.19737933576107025,1.7788974046707153,0.24256710708141327
241,0.0001,0.2556062676012516,0.9465497814182564,0.5660304363929864,0.8380399736756539,0.9111451514372285,10.64330506324768,0.23499437887221575,0.20598311722278595,0.14617811888456345,0.04772852500900626,0.23499437887221575,0.861909057945013,0.2967613998687629,0.46407614332256897,0.14918246684652386,0.0462294944533796,0.2967613998687629,0.8066184990333788,1.0543133020401,0.7232633233070374,0.6570987701416016,0.7392098903656006,0.7638050317764282,0.7618184089660645,0.44251975417137146,2.0996646881103516,0.33728402853012085,0.19682905077934265,1.7764943838119507,0.24256791174411774
242,0.0001,0.2587220733985305,0.9455047498816105,0.5450804639946331,0.8428707362947578,0.9139542442540837,10.880031824111938,0.24064487218856812,0.20943408273160458,0.14583879709243774,0.04769331030547619,0.24064487218856812,0.8534042276442051,0.28863412141799927,0.4424584887244485,0.15077813511545007,0.04593367581114625,0.28863412141799927,0.8149633515964855,1.0539891719818115,0.7235316634178162,0.6583059430122375,0.7393168210983276,0.762712836265564,0.7630869150161743,0.4420345425605774,2.099158525466919,0.3376598060131073,0.19588306546211243,1.7753353118896484,0.24261832237243652
243,0.0001,0.2620698055252433,0.9446176263928442,0.5571242697311171,0.8423964449705179,0.9137634825842025,10.823378562927246,0.2435224112123251,0.21071131713688374,0.1474372548982501,0.04744887771084905,0.2435224112123251,0.8532764315605164,0.28730187632820825,0.46119055874419934,0.13852891958121097,0.045997843823649666,0.28730187632820825,0.8122937751538826,1.0543818473815918,0.7232821583747864,0.6594823002815247,0.7387649416923523,0.7626513838768005,0.7642143368721008,0.4411933720111847,2.098886013031006,0.3380066454410553,0.19465792179107666,1.7747188806533813,0.242826446890831
244,0.0001,0.2589394450187683,0.9460567030821638,0.539725225983244,0.8438971502351075,0.9146510122791178,9.973948001861572,0.24061122070997953,0.20930082350969315,0.14406141452491283,0.047888086875900626,0.24061122070997953,0.8556992933154106,0.29450141074079456,0.4294900523893761,0.15107303315942938,0.047052860485784935,0.29450141074079456,0.8161380868969541,1.0545061826705933,0.7238559722900391,0.6602088212966919,0.737783670425415,0.7631014585494995,0.7651382684707642,0.44109129905700684,2.099684000015259,0.33875930309295654,0.19459813833236694,1.7734484672546387,0.24305227398872375
245,0.0001,0.25591476634144783,0.9458496089665348,0.5408895160212661,0.8447887182652778,0.9152334074870737,9.921181678771973,0.23842989839613438,0.2056270968168974,0.14793426729738712,0.04801367036998272,0.23842989839613438,0.8562232330441475,0.3175022809794455,0.42486079624204925,0.14730938998135654,0.04914794354276224,0.3175022809794455,0.7997666741862441,1.0544434785842896,0.7241417169570923,0.6614633202552795,0.7373541593551636,0.7630606293678284,0.7662522196769714,0.4420442283153534,2.099740982055664,0.33925071358680725,0.19480544328689575,1.773011565208435,0.24310612678527832
246,0.0001,0.2522211093455553,0.9480548858193527,0.5491728005987225,0.8416019543092333,0.9133353305567394,10.793044805526733,0.23698156140744686,0.20083916187286377,0.14554909989237785,0.04825099837034941,0.23698156140744686,0.8597057685256004,0.2897674224593423,0.4455231726169586,0.14109846949577332,0.047624962122151344,0.2897674224593423,0.8191578713330355,1.0540505647659302,0.7250487804412842,0.6627320647239685,0.7366719841957092,0.7634314298629761,0.7673611044883728,0.4420384168624878,2.0989367961883545,0.3395651578903198,0.1948467642068863,1.7724082469940186,0.24314604699611664
247,0.0001,0.25399796664714813,0.9463801443691402,0.5446755208752372,0.8441018166624502,0.9147663081468066,10.946129083633423,0.2351670851930976,0.20517450291663408,0.1435869261622429,0.047784091206267476,0.2351670851930976,0.857165239751339,0.2932118502530185,0.44132755651618494,0.14198931600108292,0.04694572102391359,0.2932118502530185,0.8129109866691359,1.054450511932373,0.7253490686416626,0.6640867590904236,0.7364974617958069,0.7635369300842285,0.7684044241905212,0.44081294536590576,2.0985829830169678,0.3400406241416931,0.1948799043893814,1.7708691358566284,0.2429879605770111
248,0.0001,0.25882455985993147,0.9457665242818575,0.539638694488641,0.844974285318373,0.9153271541918501,10.185787916183472,0.24023281130939722,0.20807740557938814,0.147420022636652,0.04736608057282865,0.24023281130939722,0.8545100130140781,0.2959770704760696,0.4340030009096319,0.1370943495721528,0.047259873964569786,0.2959770704760696,0.8126818393215989,1.0546809434890747,0.7255805730819702,0.6651974320411682,0.7363823652267456,0.7638136744499207,0.7692254781723022,0.44106876850128174,2.0985608100891113,0.3405630588531494,0.19443367421627045,1.7689237594604492,0.24295857548713684
249,0.0001,0.2542562987655401,0.9469998484534443,0.5518184855128779,0.8427516418810889,0.9139389509418655,11.393141508102417,0.2391852457076311,0.20237596705555916,0.14578431099653244,0.047952712746337056,0.2391852457076311,0.8562668859958649,0.2888432036746632,0.4535241090890133,0.13539804563377844,0.047314506137009826,0.2888432036746632,0.8133405916618578,1.0545748472213745,0.7259962558746338,0.6663819551467896,0.7363383173942566,0.7637999057769775,0.7704065442085266,0.44047150015830994,2.09889554977417,0.34099000692367554,0.19384975731372833,1.7682849168777466,0.2431115210056305
250,0.0001,0.2525958837941289,0.9478528595489822,0.5480912743192731,0.8459538799346668,0.9159250788144314,11.070106744766235,0.23644058220088482,0.2033474138006568,0.145492322742939,0.04763186280615628,0.23644058220088482,0.862848088145256,0.3301805591944492,0.43580085129448864,0.14680965967250592,0.0457471204978047,0.3301805591944492,0.7877570354577267,1.0551623106002808,0.7264542579650879,0.6674561500549316,0.736074686050415,0.7635270953178406,0.7717359066009521,0.4379238486289978,2.098700523376465,0.34136515855789185,0.19323278963565826,1.7676644325256348,0.2431054413318634
251,0.0001,0.2508933739736676,0.9476710735271159,0.5548722978794214,0.8433108149795276,0.9143265413560743,9.61516547203064,0.23632918763905764,0.20302752871066332,0.14390865433961153,0.047676905523985624,0.23632918763905764,0.8600488938391209,0.2907203873901656,0.4626617521950693,0.14078416426976523,0.048054865138097244,0.2907203873901656,0.8106545607248942,1.0555976629257202,0.7269613146781921,0.668660044670105,0.7362483739852905,0.7634714841842651,0.7727723121643066,0.43681010603904724,2.0975277423858643,0.3417499363422394,0.19252149760723114,1.7663942575454712,0.24304531514644623
252,0.0001,0.26031892746686935,0.945719722598931,0.5530741485682401,0.8414790495907762,0.9132215217637586,10.204646825790405,0.23986541293561459,0.21179114375263453,0.1449713883921504,0.04845395963639021,0.23986541293561459,0.8537861928343773,0.3037136138388605,0.4498510505213882,0.1540841135111722,0.04871019054994439,0.3037136138388605,0.8048983794270139,1.0562421083450317,0.7269693613052368,0.6694424152374268,0.7362358570098877,0.7628527879714966,0.7736284732818604,0.43676164746284485,2.096668243408203,0.3421252965927124,0.19117586314678192,1.7648437023162842,0.24292591214179993
253,0.0001,0.26211846340447664,0.9443454023532483,0.5488790219480341,0.8388526627767835,0.9117604701091909,10.834526062011719,0.2446995247155428,0.20921079814434052,0.14801259431988,0.04825151083059609,0.2446995247155428,0.8527937270700932,0.2932363035100879,0.44369022954594006,0.140490195516384,0.04738294005845532,0.2932363035100879,0.8079010952602733,1.0567392110824585,0.7273094654083252,0.6704840064048767,0.7361121773719788,0.7615023851394653,0.774408221244812,0.4344165027141571,2.0981080532073975,0.34241944551467896,0.1901746392250061,1.7633966207504272,0.24268949031829834
254,0.0001,0.2553316615521908,0.9471728229708214,0.5592637314940944,0.8386572916633334,0.9116118655356775,9.795132875442505,0.2391813863068819,0.20598769467324018,0.14567639958113432,0.0480337527114898,0.2391813863068819,0.8582240380346775,0.2915995680924618,0.45944721680698974,0.13660375502976504,0.047175425471681534,0.2915995680924618,0.8121036724610762,1.0573601722717285,0.7273560762405396,0.6716650724411011,0.7370391488075256,0.7622537016868591,0.7755284309387207,0.4359976351261139,2.0983736515045166,0.34294986724853516,0.18973346054553986,1.7650165557861328,0.24277307093143463
255,0.0001,0.26386518497020006,0.9446750921113234,0.5560172561443213,0.8377403488233688,0.9109821191734399,10.378001689910889,0.2446447005495429,0.2123812446370721,0.14658946730196476,0.048428292851895094,0.2446447005495429,0.8496017679572105,0.2832507766557462,0.4545348819458123,0.13495113361965527,0.04817562268087358,0.2832507766557462,0.8167321934844508,1.057906985282898,0.7278227806091309,0.6726877093315125,0.7371718287467957,0.7620384693145752,0.7767281532287598,0.4366914629936218,2.098499059677124,0.3431849479675293,0.18876194953918457,1.7650086879730225,0.24276645481586456
256,0.0001,0.2538839243352413,0.9462937288877276,0.5661506761204113,0.8381844041420617,0.9113351038900636,9.807244777679443,0.23617745097726583,0.20427270978689194,0.14661363512277603,0.048775071278214455,0.23617745097726583,0.8593775741755962,0.3007599449518955,0.4675275313131737,0.1415445064053391,0.04894081029024991,0.3007599449518955,0.8031891746954485,1.0575557947158813,0.7281564474105835,0.6735239624977112,0.7361693382263184,0.7626024484634399,0.7775953412055969,0.43678125739097595,2.0982751846313477,0.343500018119812,0.1882362961769104,1.7645056247711182,0.24294351041316986
257,0.0001,0.2546373503282666,0.9469279354930568,0.5726879040400187,0.8339189004781675,0.9087600510928217,10.584361791610718,0.2372850589454174,0.2047804780304432,0.14642169512808323,0.048628724878653884,0.2372850589454174,0.8582690395414829,0.2998378082658305,0.47541058334437286,0.14746781867561917,0.04659038149949276,0.2998378082658305,0.8066848895766519,1.057754635810852,0.7283110022544861,0.674423336982727,0.7358347177505493,0.7616379857063293,0.778529942035675,0.434803307056427,2.097895860671997,0.34378573298454285,0.18762725591659546,1.762627124786377,0.2429003268480301
258,0.0001,0.2548675360158086,0.9465770900822101,0.5614446952487483,0.8377133328282343,0.9109066624991834,10.521241664886475,0.24115044251084328,0.2038686042651534,0.14415240939706564,0.04853934817947447,0.24115044251084328,0.8504107110202312,0.29365400382966705,0.46380548224304663,0.1430218183633053,0.0471658506854014,0.29365400382966705,0.8114525603525566,1.0579633712768555,0.7286126613616943,0.6754751801490784,0.7358098030090332,0.761141300201416,0.779499888420105,0.43292248249053955,2.098585844039917,0.3441051244735718,0.1863623708486557,1.7611063718795776,0.24267035722732544
259,0.0001,0.25444576144218445,0.9465709718746663,0.5505035438320853,0.8436214020305645,0.9146310446368981,9.830764293670654,0.24094735644757748,0.20144569780677557,0.14629627764225006,0.04975932603701949,0.24094735644757748,0.8550807163119316,0.2925415915070158,0.45954710786992853,0.14289395465995325,0.049492898312481964,0.2925415915070158,0.8089896151513765,1.058339238166809,0.7289722561836243,0.6767177581787109,0.7359553575515747,0.76056307554245,0.7806939482688904,0.4323396682739258,2.0999646186828613,0.3446534276008606,0.18558631837368011,1.762558937072754,0.24268527328968048
260,0.0001,0.2509019151329994,0.9477966942582173,0.5514341683098765,0.8405249476907227,0.9126347163271117,10.604277610778809,0.23386774398386478,0.20245764683932066,0.1433865362778306,0.052328194957226515,0.23386774398386478,0.8588007651269436,0.28288240414677246,0.45296229467247473,0.14140739766034213,0.050011351253047134,0.28288240414677246,0.8117819428443909,1.059431791305542,0.7295535802841187,0.6779119372367859,0.7358349561691284,0.7606346011161804,0.7817713022232056,0.4329068958759308,2.1011390686035156,0.3452766239643097,0.18674780428409576,1.7662947177886963,0.24267539381980896
261,0.0001,0.24585947021842003,0.9491562101457559,0.5521179473761356,0.8428435878953349,0.9140359902006369,11.00745439529419,0.23369785025715828,0.198288862593472,0.14266231376677752,0.05196676007471979,0.23369785025715828,0.8604986406862736,0.29323786316495953,0.45481588714050525,0.14542823126821808,0.0491169092781616,0.29323786316495953,0.8126335649779348,1.0602633953094482,0.7295772433280945,0.6790013313293457,0.7357020974159241,0.76047682762146,0.7827284932136536,0.4332934319972992,2.1015594005584717,0.34572234749794006,0.18556267023086548,1.7660961151123047,0.24284645915031433
262,0.0001,0.24891147669404745,0.9482825110569888,0.5421468118826548,0.842621568438731,0.9139250700776711,10.09428858757019,0.2368397107347846,0.2004379527643323,0.1456604292616248,0.05072743305936456,0.2368397107347846,0.8587281554937363,0.2898533154617656,0.4400284777988087,0.1368772875178944,0.048711560779448715,0.2898533154617656,0.8114789670163934,1.0604939460754395,0.7298861742019653,0.6801612973213196,0.7353482246398926,0.7600357532501221,0.7837483882904053,0.4314057528972626,2.1015000343322754,0.3460477590560913,0.18472878634929657,1.7646058797836304,0.24289894104003906
263,0.0001,0.24540022108703852,0.9490125922590467,0.5545782121745023,0.8431247384719959,0.9142112463835272,10.692888259887695,0.23317892849445343,0.1995873311534524,0.1428743563592434,0.04967826139181852,0.23317892849445343,0.8599650375545025,0.30722058541846997,0.45675792387037567,0.14951730813040878,0.04879478308739084,0.30722058541846997,0.8024150801427437,1.0608447790145874,0.7302848696708679,0.6812742948532104,0.735432505607605,0.7606315612792969,0.7847543954849243,0.43092405796051025,2.100259304046631,0.34652137756347656,0.18397121131420135,1.7623306512832642,0.2428036630153656
264,0.0001,0.24393413681536913,0.9506144634233986,0.5485810908404264,0.8429845793571491,0.914094914423311,10.183963298797607,0.2359077613800764,0.1944853998720646,0.14241529162973166,0.05005827569402754,0.2359077613800764,0.8618487380445004,0.28908130978093005,0.4506716059915947,0.13427881399790445,0.04819460834066073,0.28908130978093005,0.8105942841732141,1.0601251125335693,0.7308129072189331,0.6822790503501892,0.7347144484519958,0.7605246305465698,0.7856636047363281,0.4307428002357483,2.0998647212982178,0.34690356254577637,0.18337206542491913,1.7614370584487915,0.24287854135036469
265,0.0001,0.25000742822885513,0.9479132113148121,0.5715001686052843,0.8387374238570335,0.9114880345314369,10.33279037475586,0.23813270963728428,0.20078069064766169,0.1431981846690178,0.04907406819984317,0.23813270963728428,0.856554701924324,0.2944672866301103,0.481017426107869,0.1464255994016474,0.046896313627560936,0.2944672866301103,0.807766955910307,1.0597038269042969,0.7310500741004944,0.6833059191703796,0.7342910766601562,0.7606266140937805,0.7866630554199219,0.4314931631088257,2.100032091140747,0.3473186790943146,0.18315310776233673,1.7605359554290771,0.24307696521282196
266,0.0001,0.24725275486707687,0.9483647836590189,0.5570729013645288,0.8384941757223059,0.9114991641053547,10.277912378311157,0.23583487328141928,0.19966617319732904,0.14211716409772635,0.04953878675587475,0.23583487328141928,0.8594234623014927,0.29200046441771765,0.4532498202540658,0.1404792187791882,0.04693712000593995,0.29200046441771765,0.8074043429259098,1.0594606399536133,0.7315853834152222,0.6842060685157776,0.733301043510437,0.7597302198410034,0.7876759171485901,0.4322664141654968,2.1009562015533447,0.34761354327201843,0.1820831298828125,1.7596914768218994,0.24323861300945282
267,0.0001,0.2480519311502576,0.9488995471972536,0.5686228799097466,0.8372076246772296,0.9105946698382358,10.471057415008545,0.23686373885720968,0.19797592330724,0.14411992020905018,0.049128396436572075,0.23686373885720968,0.8597559444606304,0.28765520453453064,0.47236152670600196,0.14154139070799857,0.04681309560934702,0.28765520453453064,0.8154151728658965,1.0598832368850708,0.7319892048835754,0.6851938366889954,0.7333981990814209,0.760498583316803,0.7886595726013184,0.4303644597530365,2.1010282039642334,0.3478895127773285,0.18111246824264526,1.7587064504623413,0.24333572387695312
268,0.0001,0.24528237152844667,0.9490209329036665,0.5618171177127145,0.8394119574303115,0.9119567759949228,10.163654327392578,0.23504916206002235,0.19554600026458502,0.14435672294348478,0.049106811406090856,0.23504916206002235,0.8619712889194489,0.28995727770256274,0.4667093573194562,0.1377699343544064,0.047458784598292725,0.28995727770256274,0.814476470152537,1.0600467920303345,0.7320906519889832,0.6862882375717163,0.7331362366676331,0.759971559047699,0.7897768020629883,0.43044835329055786,2.1009013652801514,0.34840887784957886,0.18155606091022491,1.7578377723693848,0.2432442009449005
269,0.0001,0.24461169261485338,0.9494549289785947,0.5546660748395053,0.8414053095893529,0.9132603188886398,9.787901163101196,0.23687822930514812,0.19560139160603285,0.1429065503180027,0.0487637787591666,0.23687822930514812,0.8569899797439575,0.286872432087407,0.46459879477818805,0.13799093889467645,0.048026542884833885,0.286872432087407,0.8141301816160028,1.0606952905654907,0.7324848771095276,0.6872622966766357,0.7332270741462708,0.7599840760231018,0.7907308340072632,0.4306805729866028,2.1002979278564453,0.3488224446773529,0.1808837652206421,1.757297158241272,0.2432899922132492
270,0.0001,0.24310070276260376,0.9498410161241593,0.5524222146381031,0.839727290679028,0.9121855817006794,9.783770322799683,0.23230863828212023,0.19491070974618196,0.1412209994159639,0.049469346879050136,0.23230863828212023,0.8641042374074459,0.2866751894806371,0.4499830531351494,0.13786981412858673,0.047894187271595,0.2866751894806371,0.8135697119163744,1.0610512495040894,0.7329631447792053,0.6881405115127563,0.7330988645553589,0.7596468329429626,0.7915550470352173,0.4296239912509918,2.10001802444458,0.3490978181362152,0.18045178055763245,1.757115125656128,0.24316339194774628
271,0.0001,0.23834154102951288,0.9519586709829067,0.5547361500335463,0.8426819286311539,0.9140100661797256,9.541248321533203,0.2330922456458211,0.18969476968050003,0.142138815484941,0.04937823419459164,0.2330922456458211,0.8610806986689568,0.2876168155308926,0.4602433686906641,0.13841430933186502,0.04779042010054444,0.2876168155308926,0.8122672926295887,1.061203956604004,0.7335073351860046,0.6893764138221741,0.7327069044113159,0.7593865990638733,0.7925055623054504,0.4289590120315552,2.0992918014526367,0.3493882119655609,0.1797683984041214,1.7560033798217773,0.24311605095863342
272,0.0001,0.24047747161239386,0.9507026143557545,0.5531397696697351,0.8426428295840812,0.914019276160314,9.37947130203247,0.2331607425585389,0.19146356545388699,0.14167953934520483,0.04887705226428807,0.2331607425585389,0.8602849803864956,0.2976072376424616,0.45545160499486054,0.14246795213583743,0.04710531889489203,0.2976072376424616,0.8090900941328569,1.0606892108917236,0.7339555621147156,0.6903408765792847,0.7318889498710632,0.758717954158783,0.7935909032821655,0.4275707006454468,2.0996639728546143,0.3496335744857788,0.17913100123405457,1.7538260221481323,0.24315987527370453
273,0.0001,0.24699862021952868,0.9486408048884162,0.5475291320771882,0.8443710267225989,0.9149798194148738,10.217785835266113,0.23294937051832676,0.20025942847132683,0.14343776553869247,0.04854015517048538,0.23294937051832676,0.8586831353604794,0.2876326297268723,0.4567495449022813,0.13760659098625183,0.04722462221980095,0.2876326297268723,0.8121834198633829,1.0606333017349243,0.7343162894248962,0.6913801431655884,0.7315486073493958,0.7579600214958191,0.794546902179718,0.4279554784297943,2.099348306655884,0.3499842584133148,0.17891156673431396,1.7520146369934082,0.2430676370859146
274,0.0001,0.24998278357088566,0.9489759585909293,0.5557758618484844,0.8365776416932742,0.9103973172558733,10.284843683242798,0.24392993841320276,0.19696977641433477,0.14564397977665067,0.0484370666090399,0.24392993841320276,0.8506242781877518,0.2890638094959837,0.4528393835732431,0.1373905295675451,0.04673353830973307,0.2890638094959837,0.8122257102619518,1.0608739852905273,0.7341002225875854,0.6923819184303284,0.7311111092567444,0.7579930424690247,0.7954467535018921,0.42842310667037964,2.099821090698242,0.3503324091434479,0.17899543046951294,1.751541018486023,0.2430277019739151
275,0.0001,0.2418718822300434,0.9505257310110771,0.5500053889823683,0.841028713304269,0.913002374686089,10.125300168991089,0.23561232909560204,0.19389684218913317,0.14268176537007093,0.04805012047290802,0.23561232909560204,0.858235277235508,0.2840895273468711,0.45657179391745367,0.13759833348519873,0.0470369542864236,0.2840895273468711,0.8170510006673408,1.0609408617019653,0.7346015572547913,0.6934831142425537,0.7309508919715881,0.7582928538322449,0.7964643836021423,0.42795345187187195,2.0997233390808105,0.3506471514701843,0.17907026410102844,1.750529170036316,0.24312497675418854
276,0.0001,0.24257910810410976,0.9499974561075344,0.5417946829940333,0.8471387728106746,0.9166745053485698,9.34596037864685,0.23461099807173014,0.1950954357162118,0.14270689897239208,0.04824119433760643,0.23461099807173014,0.8575193285942078,0.28929047918680945,0.45156068512887665,0.13912855675726227,0.04715787890282544,0.28929047918680945,0.8129922205751593,1.061585783958435,0.7344449758529663,0.6947433948516846,0.7309525609016418,0.7589582204818726,0.797463595867157,0.4280169606208801,2.0976154804229736,0.3511914312839508,0.17885930836200714,1.7504627704620361,0.24318771064281464
277,0.0001,0.24683494959026575,0.9489144998596816,0.5622251232465109,0.8424890403004823,0.9138837189896707,10.055587768554688,0.23561301454901695,0.2013166444376111,0.14107987377792597,0.04818687471561134,0.23561301454901695,0.8585568442940712,0.29316204605680524,0.47608902598872327,0.14439318171053223,0.046812258209242966,0.29316204605680524,0.8099845087889469,1.06195068359375,0.7349055409431458,0.695640504360199,0.7307825684547424,0.7589277625083923,0.7982679605484009,0.42824873328208923,2.096237897872925,0.35164496302604675,0.17796912789344788,1.7499557733535767,0.2432864010334015
278,0.0001,0.24612418469041586,0.9483226376532471,0.5485655430591467,0.8423129460902605,0.9136982915980372,10.987187385559082,0.234662014991045,0.19867742899805307,0.14417589828372002,0.048552220687270164,0.234662014991045,0.8596739880740643,0.28942809547438764,0.45456484772942285,0.14104672453620218,0.04785895968476931,0.28942809547438764,0.8141581867680405,1.0620598793029785,0.7353034019470215,0.6964555978775024,0.7303593158721924,0.7583804130554199,0.7990900874137878,0.42849382758140564,2.0953986644744873,0.35202261805534363,0.17717397212982178,1.748809814453125,0.24338753521442413
279,0.0001,0.23742515314370394,0.9525439340754163,0.5518114259748748,0.8426995861565547,0.9139842962050818,10.1963369846344,0.23423173371702433,0.18785442411899567,0.14477665349841118,0.04861780162900686,0.23423173371702433,0.8601024225354195,0.28787729505336646,0.4633176082914526,0.13800836964087052,0.04803287881341847,0.28787729505336646,0.8131756367105426,1.0624489784240723,0.7355808615684509,0.6973907947540283,0.730137288570404,0.7586866021156311,0.8000049591064453,0.42826807498931885,2.095672607421875,0.35243868827819824,0.17705129086971283,1.7476685047149658,0.24346736073493958
280,0.0001,0.24849106650799513,0.9487565493982666,0.5578286358804414,0.8432976924926396,0.9142542043563806,10.617459774017334,0.23902993090450764,0.20027838367968798,0.14274487923830748,0.04901580489240587,0.23902993090450764,0.853132102638483,0.2940561897826917,0.47007285284273553,0.13895563374866138,0.047407874555298775,0.2940561897826917,0.8099551164742672,1.0621857643127441,0.7359345555305481,0.6984160542488098,0.7300333976745605,0.7585948705673218,0.8009704947471619,0.4276193082332611,2.0953261852264404,0.3527260422706604,0.1766710877418518,1.7469325065612793,0.24360403418540955
281,0.0001,0.24333864077925682,0.9492293691744559,0.5581786208080523,0.839352088075912,0.9119505507584772,11.331656455993652,0.24097140226513147,0.19405153673142195,0.14260292518883944,0.04930491978302598,0.24097140226513147,0.8533012233674526,0.28932093490253796,0.4620596369107564,0.1435522066824364,0.04927558587356047,0.28932093490253796,0.812298424316175,1.0629245042800903,0.7359604835510254,0.699253499507904,0.7296887636184692,0.758926510810852,0.8018115162849426,0.42750847339630127,2.094482898712158,0.3531893789768219,0.17652778327465057,1.745285987854004,0.24361079931259155
282,0.0001,0.23665867187082767,0.9515313373472256,0.5574355513760538,0.8417004121815196,0.9133233725635022,10.025671482086182,0.23051869310438633,0.19151288829743862,0.14202025812119246,0.04874784988351166,0.23051869310438633,0.8636074624955654,0.29261696428963635,0.46254698074225226,0.13487170591498865,0.04785348012140303,0.29261696428963635,0.8087459838751591,1.063767910003662,0.7362836599349976,0.7001497149467468,0.7295849323272705,0.7589554786682129,0.8025960326194763,0.4275936186313629,2.093693256378174,0.3535725772380829,0.17731885612010956,1.7435200214385986,0.24362921714782715
283,0.0001,0.23258909117430449,0.9529162808275539,0.5618458065119657,0.8405586342624009,0.9126880472830949,10.262933492660522,0.22820075415074825,0.1874059783294797,0.13897123746573925,0.04883371386677027,0.22820075415074825,0.8629182353615761,0.2919700385043115,0.4693327139724385,0.14666740776914539,0.046223748813975944,0.2919700385043115,0.8111199953339316,1.064527988433838,0.7367331385612488,0.7009775042533875,0.7299767732620239,0.7591075301170349,0.8032757639884949,0.42660024762153625,2.092848062515259,0.3537597060203552,0.17748551070690155,1.7411631345748901,0.24369005858898163
284,0.0001,0.24307851120829582,0.9493829626570583,0.5672724481784936,0.839860757911257,0.9122360869716764,10.469562292098999,0.23696909192949533,0.19584320858120918,0.14538151677697897,0.0483119145501405,0.23696909192949533,0.8560663759708405,0.3016339892690832,0.46922962141759467,0.14014478118130655,0.04732029128706816,0.3016339892690832,0.8060410185293718,1.0644179582595825,0.7368931770324707,0.7017631530761719,0.7294902205467224,0.7585751414299011,0.8038849830627441,0.42701271176338196,2.0916635990142822,0.35404425859451294,0.17741912603378296,1.7395830154418945,0.2437058985233307
285,0.0001,0.23130185529589653,0.9534468592251487,0.5607520089004979,0.8392590158118546,0.9118967136433375,10.32081651687622,0.22704304475337267,0.18723751977086067,0.13875005580484867,0.049394443864002824,0.22704304475337267,0.8653035387396812,0.28855811149785016,0.46654611284082587,0.13969010385600003,0.048682593712300964,0.28855811149785016,0.8140835527217749,1.0645911693572998,0.7371369004249573,0.7025623917579651,0.7291741967201233,0.7583318948745728,0.8045811653137207,0.4258251488208771,2.0915980339050293,0.35444188117980957,0.17620724439620972,1.7389130592346191,0.2436031699180603
286,0.0001,0.22785082273185253,0.9546366538824399,0.5678363297924851,0.839797525464428,0.9122335200086767,10.553323745727539,0.2254692856222391,0.18060363456606865,0.1388310194015503,0.049345049541443586,0.2254692856222391,0.8698876313865185,0.282772214123697,0.48157748038118536,0.13324584247487964,0.048180034440575226,0.282772214123697,0.8147152301036951,1.064487099647522,0.7375050783157349,0.7034780979156494,0.7289018630981445,0.7582301497459412,0.8052823543548584,0.4256191551685333,2.0913197994232178,0.35475078225135803,0.1749255210161209,1.7378438711166382,0.2434418946504593
287,0.0001,0.23154789954423904,0.9531706087276199,0.5775545447161703,0.8394885350772178,0.9121098687076682,9.630826711654663,0.22894196305423975,0.18453870341181755,0.13914057798683643,0.04909543786197901,0.22894196305423975,0.8652485758066177,0.2935311234358585,0.4949365754922231,0.14594674336187768,0.04746203135811922,0.2935311234358585,0.809669164094058,1.0649477243423462,0.7378864288330078,0.704359233379364,0.7287396788597107,0.7579731345176697,0.8061798214912415,0.42470768094062805,2.0910160541534424,0.3549288809299469,0.17456448078155518,1.7372287511825562,0.2433536797761917
288,0.0001,0.2343638865277171,0.9521674480964816,0.5603592693805695,0.8422847683945534,0.9137753835816466,10.387508869171143,0.22866852022707462,0.18978577014058828,0.13955409731715918,0.0491734619718045,0.22866852022707462,0.8639993965625763,0.28690586306832055,0.47328573284727155,0.13478084766503537,0.04754365811293775,0.28690586306832055,0.8121042612827185,1.064974308013916,0.738163948059082,0.705192506313324,0.7281493544578552,0.7579282522201538,0.8069654107093811,0.42437881231307983,2.090561628341675,0.3551575541496277,0.17420808970928192,1.7362267971038818,0.24335059523582458
289,0.0001,0.23893103562295437,0.951797573290126,0.5587012740698728,0.8434934995527378,0.9144947448090407,9.489623308181763,0.23686370253562927,0.1909138849005103,0.140465815551579,0.04862814932130277,0.23686370253562927,0.8582303859293461,0.2865406166423451,0.47361739386211743,0.13911344291585864,0.04646998926094084,0.2865406166423451,0.8143917340220828,1.064901351928711,0.7382829189300537,0.7060144543647766,0.7281417846679688,0.7579343318939209,0.8077808022499084,0.4241316020488739,2.0912060737609863,0.355522096157074,0.1735358089208603,1.7352837324142456,0.243398055434227
290,0.0001,0.24396289978176355,0.9498037925433005,0.5609379356557672,0.8401459244545196,0.9123965658146332,10.001271724700928,0.24148670583963394,0.193835754878819,0.14210434444248676,0.048529780469834805,0.24148670583963394,0.8541800379753113,0.29019305561528064,0.46640445788701373,0.14102186398072677,0.04626459267103311,0.29019305561528064,0.8123224413756168,1.0651381015777588,0.7383884787559509,0.7067091464996338,0.7281123995780945,0.7578197121620178,0.8085649609565735,0.4237655997276306,2.091270685195923,0.3558735251426697,0.1728358417749405,1.7352313995361328,0.24335132539272308
291,0.0001,0.23567510675638914,0.9520922698133595,0.5666662346233021,0.8385265489562037,0.9114572272107156,9.67656660079956,0.23345587495714426,0.188453976996243,0.14056583773344755,0.048448831075802445,0.23345587495714426,0.8586619310081005,0.28769586754567694,0.4739911917484168,0.1359212263063951,0.04686481562076193,0.28769586754567694,0.8081751808975682,1.0653419494628906,0.7386562824249268,0.7074849009513855,0.7278292775154114,0.7579121589660645,0.8092347979545593,0.42343029379844666,2.09145450592041,0.35615235567092896,0.17227143049240112,1.7335152626037598,0.24337227642536163
292,0.0001,0.23434347845613956,0.9526434038863177,0.5800376426089894,0.8383218899792517,0.9113211776192969,9.668998718261719,0.23166500497609377,0.18743757158517838,0.14041622634977102,0.04879149026237428,0.23166500497609377,0.8593359999358654,0.28839577915090503,0.4970756606622176,0.14375243810090152,0.04671056895996585,0.28839577915090503,0.8118916768016238,1.065319299697876,0.7389587163925171,0.708428680896759,0.7273739576339722,0.7584647536277771,0.8101104497909546,0.4236561954021454,2.0917866230010986,0.3562780022621155,0.17176662385463715,1.7317545413970947,0.24337071180343628
293,0.0001,0.23958793096244335,0.9516588474531722,0.570452812946204,0.8409255736979092,0.9129200023221473,10.637985229492188,0.24068677611649036,0.18646427057683468,0.14150311844423413,0.04852246260270476,0.24068677611649036,0.8512870445847511,0.28659034046259796,0.48911386818596814,0.13935518129305405,0.04747224576545484,0.28659034046259796,0.815245655449954,1.0653979778289795,0.739517331123352,0.7092861533164978,0.7270219326019287,0.7584308981895447,0.8109879493713379,0.42268887162208557,2.091918468475342,0.3566558361053467,0.17133377492427826,1.7307534217834473,0.24349325895309448
294,0.0001,0.24240307603031397,0.950046561604968,0.5781635867826866,0.8345725765029278,0.9090634607715868,9.82667064666748,0.23988247755914927,0.1938413493335247,0.14341815374791622,0.0495382237713784,0.23988247755914927,0.8534122183918953,0.28754640528649994,0.48913939613284485,0.14413709577285883,0.04701587783567833,0.28754640528649994,0.8091595732804501,1.0655226707458496,0.7393172979354858,0.7102615833282471,0.7265440225601196,0.7585842609405518,0.811904788017273,0.42336300015449524,2.091789960861206,0.3570667505264282,0.17068547010421753,1.7306324243545532,0.24355468153953552
295,0.0001,0.233776212669909,0.9520909645640628,0.5571017274350831,0.8427484427176228,0.9140315630707814,9.77942419052124,0.2281555151566863,0.1894466895610094,0.14075993560254574,0.049724899465218186,0.2281555151566863,0.8650868348777294,0.2883130573865139,0.47096099094911054,0.13822414748596423,0.04843001372434876,0.2883130573865139,0.8112727710694978,1.065599799156189,0.73932945728302,0.7111251354217529,0.7261326313018799,0.758244514465332,0.8127568364143372,0.42274749279022217,2.091967821121216,0.35741084814071655,0.16992458701133728,1.7298836708068848,0.24358971416950226
296,0.0001,0.2320309979841113,0.9527211887844425,0.5526162024700281,0.8433665306505309,0.9143806480821031,9.921489238739014,0.22571134194731712,0.1885152803733945,0.13862367998808622,0.05048079206608236,0.22571134194731712,0.8664792403578758,0.286152464873863,0.4603878232565793,0.1351806069865371,0.04738891982670986,0.286152464873863,0.8191404125907205,1.0660961866378784,0.739370584487915,0.7118406891822815,0.7264511585235596,0.7581323981285095,0.8133746981620789,0.42208901047706604,2.0919320583343506,0.35756388306617737,0.16963078081607819,1.7282814979553223,0.24366720020771027
297,0.0001,0.2306806081905961,0.9538542638068179,0.560645479144472,0.8409579316848128,0.912976907809483,10.491968393325806,0.23201743140816689,0.18205298203974962,0.13978465227410197,0.04927424085326493,0.23201743140816689,0.8624403402209282,0.28555554151535034,0.4680502784974647,0.13222749982819412,0.04711016515890757,0.28555554151535034,0.8112220150051694,1.0662943124771118,0.7395581603050232,0.7126309871673584,0.7263656854629517,0.7577522993087769,0.8139852285385132,0.4204777777194977,2.091984272003174,0.35766786336898804,0.16914747655391693,1.7271559238433838,0.24359652400016785
298,0.0001,0.23371073976159096,0.9525795369286569,0.5616285692561757,0.8409889626700628,0.912985570891674,10.009325504302979,0.23665456008166075,0.184634811244905,0.1417379709891975,0.04855738813057542,0.23665456008166075,0.8567975200712681,0.2856754389676181,0.4736426662315022,0.13188318501819263,0.04693758555433967,0.2856754389676181,0.8105785196477716,1.0666475296020508,0.7395831346511841,0.7136054635047913,0.7264228463172913,0.7572168707847595,0.8149664998054504,0.41925689578056335,2.0926432609558105,0.3580033481121063,0.1691150963306427,1.7266347408294678,0.2436591535806656
299,0.0001,0.23580182157456875,0.9517671693183911,0.5615518056985104,0.8451300629458327,0.9154537413367614,9.956636667251587,0.23146639112383127,0.19013354368507862,0.13981263060122728,0.04869451164267957,0.23146639112383127,0.8597715049982071,0.30583039016434643,0.47457117113200104,0.14306714995340866,0.04629277415347822,0.30583039016434643,0.8031423868555011,1.0670254230499268,0.7397686243057251,0.7144370675086975,0.7262864708900452,0.7571269869804382,0.8156862258911133,0.41900667548179626,2.0917069911956787,0.35828861594200134,0.16913840174674988,1.7251238822937012,0.24365460872650146
300,0.0001,0.23368399310857058,0.9523561524107277,0.5564843759392247,0.8425900161085534,0.9138781485311003,10.548474311828613,0.2315187929198146,0.1876503899693489,0.1404434097930789,0.04894718807190657,0.2315187929198146,0.8617227859795094,0.28386991674249823,0.4694918385057738,0.13380106922351953,0.047155668451027435,0.28386991674249823,0.8155892545526678,1.06727933883667,0.7399325966835022,0.7151476740837097,0.7260684967041016,0.7570938467979431,0.8162992000579834,0.41836315393447876,2.0912623405456543,0.3586585223674774,0.1687822937965393,1.7242305278778076,0.2436220794916153
301,0.0001,0.2350205620750785,0.9515263873938822,0.5621286341638276,0.8390558263138249,0.9118236429281769,9.986914873123169,0.23272612318396568,0.18794793169945478,0.13936250051483512,0.04922269773669541,0.23272612318396568,0.8587478175759315,0.29383157870986243,0.46384885184692615,0.1377720074220137,0.046835498037663376,0.29383157870986243,0.8120685201702695,1.067436695098877,0.7402772307395935,0.715774416923523,0.725994884967804,0.7568831443786621,0.8169357776641846,0.41862717270851135,2.0903303623199463,0.3591095805168152,0.16767455637454987,1.7238757610321045,0.2434477061033249
302,0.0001,0.22762014623731375,0.9537631298843671,0.5603594942526384,0.8413722747480363,0.9132225032361166,10.237291097640991,0.22733119688928127,0.18258011247962713,0.13940493669360876,0.04822474718093872,0.22733119688928127,0.8658307604491711,0.2857627236481869,0.47068775422645337,0.13626655755621014,0.047359460456804794,0.2857627236481869,0.8119090651020859,1.067624568939209,0.7405858635902405,0.7164257764816284,0.7258277535438538,0.7564971446990967,0.8176343441009521,0.4173705577850342,2.090165376663208,0.3594343662261963,0.16774678230285645,1.7225743532180786,0.24340249598026276
303,0.0001,0.2328081475570798,0.9531662393779027,0.575863495017543,0.8382616650890404,0.9113743600244062,9.948764085769653,0.23499547597020864,0.1861466383561492,0.13967684283852577,0.04869851120747626,0.23499547597020864,0.8549268916249275,0.2973294339396737,0.4885716862750776,0.14346242221918973,0.04665724876703638,0.2973294339396737,0.8066915454286517,1.0681582689285278,0.7406430840492249,0.7171469330787659,0.7259149551391602,0.7569972276687622,0.8182162642478943,0.41648244857788086,2.089642286300659,0.35970938205718994,0.16760319471359253,1.7215368747711182,0.24349664151668549
304,0.0001,0.23008344415575266,0.9529698711216928,0.5681765178839365,0.8401047003978253,0.9124705921226828,10.526826620101929,0.22933542355895042,0.18474409356713295,0.1395605425350368,0.04876217641867697,0.22933542355895042,0.8625634089112282,0.28988564375675085,0.4829752969019341,0.13508630882609973,0.04683238832336484,0.28988564375675085,0.8108782551505349,1.068149447441101,0.740744411945343,0.717894971370697,0.7255900502204895,0.7568843960762024,0.8189120292663574,0.416347861289978,2.0885491371154785,0.360000342130661,0.16725248098373413,1.720061182975769,0.2435249388217926
305,0.0001,0.22810543701052666,0.9540451996226259,0.575065968614636,0.8388442615601055,0.9117362409423331,9.80910849571228,0.2299495255574584,0.18180197570472956,0.14035944314673543,0.04845486953854561,0.2299495255574584,0.8622647188603878,0.28948238853252295,0.4904778012723634,0.13705890648292773,0.047648257039713135,0.28948238853252295,0.8099239811752782,1.0681793689727783,0.7410700917243958,0.7186614871025085,0.7256270051002502,0.7571784257888794,0.8195997476577759,0.4161848723888397,2.088205337524414,0.3602500259876251,0.16682195663452148,1.7190587520599365,0.24359506368637085
306,0.0001,0.22679308895021677,0.9540465728350197,0.5644387738271193,0.8416536597672769,0.9134133874299291,10.132794857025146,0.22802918031811714,0.18204125296324492,0.13820273149758577,0.04836981417611241,0.22802918031811714,0.8618280217051506,0.2980632343978593,0.4729436446319927,0.14122252798441684,0.047114385799928146,0.2980632343978593,0.8086095542618723,1.0686758756637573,0.7413026690483093,0.7194448709487915,0.7257052063941956,0.7572634816169739,0.8203160762786865,0.41523393988609314,2.088034152984619,0.36045247316360474,0.16646568477153778,1.7180954217910767,0.243647038936615
307,0.0001,0.22556018456816673,0.9544250718152553,0.5646185378233591,0.8394811835854279,0.9120897074373585,10.467904329299927,0.22827040776610374,0.17812306061387062,0.13889878802001476,0.04881288390606642,0.22827040776610374,0.8649233989417553,0.2889020587458755,0.4734174157633926,0.12871990239981448,0.04794298733274142,0.2889020587458755,0.8050330786994009,1.0693295001983643,0.7415480613708496,0.7201724648475647,0.7257326245307922,0.7572247982025146,0.8210236430168152,0.4142986238002777,2.087283134460449,0.3606906235218048,0.1664092093706131,1.7160017490386963,0.24383197724819183
308,0.0001,0.23727482929825783,0.951503986647418,0.5649818209084597,0.8397424476000033,0.9122883404071481,10.52532172203064,0.24203976150602102,0.1870688535273075,0.14228897634893656,0.048432835610583425,0.24203976150602102,0.8516901172697544,0.28752973766037915,0.47494185693336255,0.13380559556411975,0.04758224681471333,0.28752973766037915,0.8148632645606995,1.0688945055007935,0.7416918873786926,0.7208879590034485,0.7252798080444336,0.7571772933006287,0.8217615485191345,0.4146779775619507,2.0859644412994385,0.3609520196914673,0.1659775972366333,1.715268850326538,0.24388568103313446
309,0.0001,0.2299380712211132,0.9546047441706638,0.5583580660097527,0.8406214231635573,0.9127510146493667,10.765833139419556,0.23288396280258894,0.18092798255383968,0.14180320966988802,0.04797779396176338,0.23288396280258894,0.862573828548193,0.279848165584333,0.4716755738764098,0.13072556528178128,0.04756070820219589,0.279848165584333,0.8153325825026541,1.0690996646881104,0.7418761849403381,0.7216876745223999,0.725126326084137,0.7571700811386108,0.8224560022354126,0.41432464122772217,2.085977554321289,0.36127033829689026,0.1652732491493225,1.7141870260238647,0.24393880367279053
310,0.0001,0.226907960139215,0.954418008364386,0.5680210391680399,0.8411903493024475,0.9131088944456957,10.746299743652344,0.2314404072239995,0.17986521497368813,0.13758011627942324,0.04834079882130027,0.2314404072239995,0.859897755086422,0.2829762227607496,0.4874885244802995,0.13811369330594034,0.0471149105014223,0.2829762227607496,0.814465759378491,1.0693025588989258,0.742215633392334,0.7224899530410767,0.7249181270599365,0.7565174102783203,0.8230882287025452,0.4134988486766815,2.086117744445801,0.3615581691265106,0.16468572616577148,1.7129247188568115,0.24388271570205688
311,0.0001,0.2248004972934723,0.9546259573307987,0.5649050103895592,0.8405260560083845,0.9127066533747956,9.7444429397583,0.2280614385381341,0.178682547993958,0.13796946126967669,0.04779584822244942,0.2280614385381341,0.8656855635344982,0.28477855478272296,0.47801474549553613,0.14054492206284494,0.04724090997919892,0.28477855478272296,0.8158664594997059,1.0697870254516602,0.7423700094223022,0.7232095003128052,0.7249846458435059,0.7567235827445984,0.8237138986587524,0.4131038188934326,2.0854828357696533,0.36173754930496216,0.16435402631759644,1.71161687374115,0.24383839964866638
312,0.0001,0.2262667827308178,0.95490034040723,0.5711806100426298,0.8398389811151737,0.9122374378055387,9.290095329284668,0.23044239729642868,0.17970192153006792,0.1384346028789878,0.048492107074707747,0.23044239729642868,0.8614041656255722,0.2900780886411667,0.485020022500645,0.13728305426510898,0.04708777763175242,0.2900780886411667,0.8111599015467095,1.0702835321426392,0.742461621761322,0.7238459587097168,0.7249652147293091,0.7568610906600952,0.8243799209594727,0.4121263921260834,2.0856685638427734,0.36200958490371704,0.16378295421600342,1.7106809616088867,0.24377000331878662
313,0.0001,0.226494618691504,0.9550190328382172,0.5665176745617029,0.8397262656522879,0.912149892463832,9.944270372390747,0.2278905287384987,0.1814184281975031,0.1378515986725688,0.0488338815048337,0.2278905287384987,0.8658737167716026,0.28459453311833466,0.47835661606355145,0.1354640510046121,0.048082625211188286,0.28459453311833466,0.815332475936774,1.0703870058059692,0.7426265478134155,0.724441409111023,0.72498619556427,0.7566538453102112,0.824948251247406,0.4121623635292053,2.0861895084381104,0.36222773790359497,0.16334281861782074,1.709640383720398,0.243787482380867
314,0.0001,0.2232441520318389,0.9552655163314601,0.5726994655349038,0.8383738343820096,0.9113741181266204,9.767082214355469,0.23024492803961039,0.17420302983373404,0.13932952657341957,0.04918737127445638,0.23024492803961039,0.858988206833601,0.2865127415368051,0.48660833365989453,0.13274061183134714,0.04824654125806057,0.2865127415368051,0.8145600069652904,1.0703003406524658,0.7429803013801575,0.7251526713371277,0.7248120903968811,0.7563802003860474,0.8255824446678162,0.41144800186157227,2.086199998855591,0.362397164106369,0.16312018036842346,1.7086880207061768,0.24376104772090912
315,0.0001,0.23531286977231503,0.9510784851428987,0.5656112730503082,0.8381440611128058,0.9113052204494682,10.333276271820068,0.2330271052196622,0.18651625607162714,0.14133332204073668,0.04842449817806482,0.2330271052196622,0.8583371080458164,0.2931433157487349,0.47056484403032245,0.1359492468111443,0.0476348799738017,0.2931433157487349,0.812263320792805,1.0700494050979614,0.7427499890327454,0.7258118987083435,0.7242476344108582,0.7568196058273315,0.8261570930480957,0.4115377962589264,2.084376335144043,0.36280113458633423,0.1633012890815735,1.7104692459106445,0.24373914301395416
316,0.0001,0.229885614477098,0.9532445674518482,0.5570458995573448,0.8408483985914824,0.913156981427184,9.879106283187866,0.23398788273334503,0.18271603621542454,0.13666274771094322,0.04802804160863161,0.23398788273334503,0.8567162714898586,0.28598996545329236,0.4715493122736613,0.13222185770670572,0.047921752839377434,0.28598996545329236,0.8149106032920607,1.0702226161956787,0.7428862452507019,0.726454496383667,0.7243918776512146,0.7564787268638611,0.8268153071403503,0.4116617739200592,2.084437847137451,0.3630741834640503,0.16288284957408905,1.7105947732925415,0.24396160244941711
317,0.0001,0.2230207771062851,0.9551675562749675,0.5560379299250516,0.8409535527121766,0.913107775710822,9.662829160690308,0.22505190316587687,0.17840546276420355,0.1379555407911539,0.048950959695503116,0.22505190316587687,0.8685140907764435,0.2876072507916075,0.4644452992713813,0.13656975915937714,0.04795575898253557,0.2876072507916075,0.8143253380602057,1.0703516006469727,0.7430241703987122,0.727081298828125,0.7244203090667725,0.7567076086997986,0.8274857401847839,0.41169923543930054,2.0837748050689697,0.3632575273513794,0.1628245711326599,1.7108615636825562,0.24398039281368256
318,0.0001,0.22532621398568153,0.9547861552785143,0.5663758010575266,0.8410996798128418,0.9130672444788864,9.74510645866394,0.2278943657875061,0.18043057527393103,0.13777109794318676,0.04941961192525923,0.2278943657875061,0.8641389943659306,0.28725586515484436,0.48285602258913446,0.1389559182253751,0.048346680786573525,0.28725586515484436,0.8141534382646735,1.070326805114746,0.7431371808052063,0.7276784181594849,0.7243553400039673,0.7564558386802673,0.8280264735221863,0.41226691007614136,2.08337664604187,0.3635130524635315,0.16238661110401154,1.7111034393310547,0.2440674751996994
319,0.0001,0.23178948927670717,0.9531796617036292,0.5587304171287653,0.8421474203436485,0.913649855036446,9.863075971603394,0.2352272029966116,0.18597814813256264,0.13957557547837496,0.048900170950219035,0.2352272029966116,0.8582647852599621,0.2872091730435689,0.47351478988474066,0.1320810950163639,0.04734740586894931,0.2872091730435689,0.8146289424462752,1.0700689554214478,0.743323564529419,0.7282359004020691,0.7238718867301941,0.7563180327415466,0.8286706209182739,0.4122704565525055,2.083728313446045,0.36386650800704956,0.1617436558008194,1.7105271816253662,0.24411141872406006
320,0.0001,0.22374352253973484,0.9550990551705805,0.5719287088423064,0.8391320816280492,0.9118611991370682,9.480777025222778,0.22501967381685972,0.1783316982910037,0.13714694138616323,0.04824663861654699,0.22501967381685972,0.8661083579063416,0.29153670506043866,0.4824204219110084,0.134785305369984,0.04720670650854255,0.29153670506043866,0.8120162396719961,1.0703450441360474,0.7437246441841125,0.7287960052490234,0.7239288091659546,0.7566752433776855,0.8292756080627441,0.41195958852767944,2.08394193649292,0.3640412390232086,0.16115239262580872,1.7081186771392822,0.24411217868328094
321,0.0001,0.22009736206382513,0.9558796343310505,0.5702044476162303,0.8416132081041409,0.9133347650832785,10.642887592315674,0.22771396208554506,0.17203828506171703,0.13675203593447804,0.04805791820399463,0.22771396208554506,0.8633957542479038,0.28698129726178717,0.4907663581949292,0.13553008527466745,0.047081795605746185,0.28698129726178717,0.8140470277179371,1.0702179670333862,0.7437424063682556,0.7295194268226624,0.7235679626464844,0.7567973732948303,0.8298764824867249,0.4110855758190155,2.082833766937256,0.3641844391822815,0.16101279854774475,1.7079133987426758,0.244233176112175
322,0.0001,0.22553183138370514,0.9543482895529536,0.5630323913964358,0.8414215943037953,0.9131721221587937,11.043882369995117,0.2322956584393978,0.1770977135747671,0.13816103618592024,0.048534493194893,0.2322956584393978,0.8605562038719654,0.2827795355608969,0.47812457879384357,0.13354989073493265,0.04700834089607903,0.2827795355608969,0.816430825175661,1.0702650547027588,0.7439212203025818,0.7301449775695801,0.7233216166496277,0.7564470171928406,0.8304513096809387,0.4115283489227295,2.082500696182251,0.36437535285949707,0.16066297888755798,1.7072550058364868,0.24425148963928223
323,0.0001,0.22372575104236603,0.9555894084410153,0.5627805861559781,0.8400200953344823,0.9123651225739314,10.107395648956299,0.22984789218753576,0.17879358399659395,0.13891026470810175,0.048115912126377225,0.22984789218753576,0.8633134737610817,0.28797890291069494,0.47183971242471173,0.13261440035068628,0.046652806866349594,0.28797890291069494,0.816917749968442,1.070217490196228,0.7441949248313904,0.7307513356208801,0.7234811782836914,0.7561420202255249,0.831068754196167,0.4110274612903595,2.081940174102783,0.36446866393089294,0.16025236248970032,1.7064573764801025,0.24415694177150726
324,0.0001,0.22329304181039333,0.9556604797727889,0.5731546102148114,0.8383758641763831,0.91134643976176,9.275999546051025,0.22800295986235142,0.17791502457112074,0.1375986929051578,0.04846508172340691,0.22800295986235142,0.8663226440548897,0.28904880222046014,0.48582210594957526,0.13638306928403449,0.04698039794510061,0.28904880222046014,0.8133517106374105,1.0707197189331055,0.7442203760147095,0.731280505657196,0.7232934832572937,0.7555259466171265,0.831595242023468,0.4104286730289459,2.0820152759552,0.36475130915641785,0.15995648503303528,1.705322265625,0.2440851926803589
325,0.0001,0.23264189530164003,0.9539918823801418,0.5667255412448536,0.8401635665248505,0.9124074974092317,10.669373989105225,0.23994543123990297,0.18230543192476034,0.14185347221791744,0.047933216439560056,0.23994543123990297,0.8518495224416256,0.2906049390633901,0.47662249659046985,0.1362133129979625,0.04617374424229969,0.2906049390633901,0.8149771852926775,1.0709232091903687,0.7441925406455994,0.7319218516349792,0.7232245802879333,0.755042552947998,0.8321790099143982,0.40894249081611633,2.082188367843628,0.36497440934181213,0.15966889262199402,1.7047983407974243,0.24411359429359436
326,0.0001,0.2211434580385685,0.9569460361093767,0.5651464408094232,0.8407551228419555,0.9128295947754,9.92057752609253,0.2307143248617649,0.17415929306298494,0.13716400088742375,0.04717169841751456,0.2307143248617649,0.8645638674497604,0.2852037178747582,0.4770633533145442,0.13199712923078827,0.04646783931688829,0.2852037178747582,0.8164582306688483,1.0710034370422363,0.7443798184394836,0.7325670719146729,0.7229145765304565,0.7548456192016602,0.832726776599884,0.4081908166408539,2.081989049911499,0.36528584361076355,0.15964557230472565,1.7038220167160034,0.24413858354091644
327,0.0001,0.221268598921597,0.9557379869142163,0.5658326465072054,0.8404176130417607,0.9125901609469786,10.711132287979126,0.22624547500163317,0.17619587760418653,0.13739104103296995,0.04785236157476902,0.22624547500163317,0.8652238510549068,0.28145805633429327,0.4822547327388417,0.13536379102504614,0.04701153482451583,0.28145805633429327,0.8142978458693533,1.0711184740066528,0.7443892359733582,0.7331298589706421,0.7229486107826233,0.7546366453170776,0.83326256275177,0.40869444608688354,2.081439971923828,0.3656350076198578,0.1594681441783905,1.7024070024490356,0.24411119520664215
328,0.0001,0.22499239072203636,0.9549386220555421,0.5666287758133628,0.8411034493842369,0.9129744634282333,10.375001668930054,0.23107122164219618,0.18035725597292185,0.13841010676696897,0.04825339885428548,0.23107122164219618,0.861204482614994,0.2890396641962456,0.4800695478916168,0.1406148640495358,0.04699897867712108,0.2890396641962456,0.812526448206468,1.071239709854126,0.7445663213729858,0.7336949110031128,0.7228081822395325,0.7545148730278015,0.833789587020874,0.40830686688423157,2.0814383029937744,0.36584413051605225,0.1591092199087143,1.7008731365203857,0.24406355619430542
329,0.0001,0.2142321141436696,0.9583508586017682,0.5678939719994863,0.8401417889174859,0.9124168480000593,10.115940809249878,0.22548445407301188,0.16748683713376522,0.13663043919950724,0.04859988670796156,0.22548445407301188,0.868552315980196,0.28866276054671314,0.48005037596731476,0.13491840254176746,0.047588342292742294,0.28866276054671314,0.8144792191910021,1.0714552402496338,0.7448296546936035,0.7342743873596191,0.722699761390686,0.7547223567962646,0.8342722654342651,0.40812230110168457,2.0812017917633057,0.3660750389099121,0.15901951491832733,1.6997473239898682,0.2441023290157318
330,0.0001,0.21472868882119656,0.9577780648380587,0.569103712385351,0.8404694229264401,0.9126436683450223,10.267924070358276,0.22336997371166945,0.17021195590496063,0.13628956023603678,0.048775500850751996,0.22336997371166945,0.8667668215930462,0.2861699615464066,0.4829630499536341,0.13621565518957196,0.047292397555076714,0.2861699615464066,0.8160554278980602,1.0714690685272217,0.7450835704803467,0.734957754611969,0.7227092981338501,0.7549565434455872,0.8348045349121094,0.4077538549900055,2.080481767654419,0.36631259322166443,0.1585453301668167,1.69849693775177,0.24416883289813995
331,0.0001,0.2134779430925846,0.9584419841171371,0.5624171043887283,0.8417322523448844,0.9134186275827935,9.74344515800476,0.22306950856000185,0.16860386123880744,0.13493533711880445,0.04890843736939132,0.22306950856000185,0.8707407563924789,0.28353596004572784,0.47625047058770154,0.13515935657602368,0.04791376638141545,0.28353596004572784,0.8171759536772063,1.0714757442474365,0.745365560054779,0.7355033159255981,0.7222417593002319,0.7548762559890747,0.8353517651557922,0.4066517651081085,2.0799560546875,0.36654776334762573,0.15815110504627228,1.6974425315856934,0.24420733749866486
332,0.0001,0.22076056990772486,0.956488478894968,0.5646027507203998,0.8418216303409556,0.9134347802520525,9.87782907485962,0.23098349384963512,0.17301996145397425,0.13840528996661305,0.048820962430909276,0.23098349384963512,0.8604364283382893,0.2826601366202037,0.48285687150377216,0.134358901869167,0.048162583374615875,0.2826601366202037,0.8179706082199559,1.0717566013336182,0.7454954385757446,0.7360705733299255,0.7221445441246033,0.7544004917144775,0.8359672427177429,0.4058534801006317,2.079955577850342,0.366720050573349,0.15788783133029938,1.6963486671447754,0.24424923956394196
333,0.0001,0.21731491573154926,0.956187181077814,0.5660564502080282,0.8412124642233845,0.9130795302150383,9.466604948043823,0.22436462435871363,0.17231471370905638,0.13710306445136666,0.049454041523858905,0.22436462435871363,0.8696664720773697,0.2854491309686141,0.4824256219647147,0.13029564646157352,0.04758383277239221,0.2854491309686141,0.8187911636901625,1.0720387697219849,0.7456688284873962,0.7365359663963318,0.7221131920814514,0.7543642520904541,0.836449921131134,0.4056040644645691,2.0794901847839355,0.36687546968460083,0.1576169729232788,1.6950600147247314,0.24434131383895874
334,0.0001,0.21682006865739822,0.9573979537482377,0.5623164429809108,0.8416427243847642,0.9133268384071281,10.587696313858032,0.22172859963029623,0.17337404005229473,0.13539582397788763,0.04913824959658086,0.22172859963029623,0.8714925721287727,0.28237598502274713,0.478917093891086,0.1296945015589396,0.0476447128211007,0.28237598502274713,0.8193196726567817,1.072007656097412,0.7458244562149048,0.7371072173118591,0.7219985127449036,0.754252552986145,0.8369362950325012,0.40524494647979736,2.0784878730773926,0.36701688170433044,0.15744167566299438,1.69418466091156,0.24437502026557922
335,0.0001,0.21403280831873417,0.9582364541680817,0.5662658341003187,0.8405051367856924,0.9126160102177963,10.297021865844727,0.2253665328025818,0.16694392263889313,0.13638219377025962,0.048489802749827504,0.2253665328025818,0.8667968884110451,0.28629885749383405,0.47921321337873285,0.13240867311304266,0.04730907409931674,0.28629885749383405,0.8124685901584048,1.0719832181930542,0.7457865476608276,0.7376901507377625,0.721917986869812,0.7538425326347351,0.8375002145767212,0.4052671790122986,2.0784225463867188,0.36727485060691833,0.1569802463054657,1.6939659118652344,0.24433618783950806
336,0.0001,0.21972779463976622,0.956799735676533,0.5671196001948733,0.8404131085068971,0.9126154886819474,10.748189449310303,0.2317195013165474,0.1708490001037717,0.13853883743286133,0.049063667887821794,0.2317195013165474,0.8610277287662029,0.2837496797243754,0.4848578590335268,0.13341512192379346,0.04776093871756033,0.2837496797243754,0.8156988855564233,1.071907639503479,0.7459120750427246,0.7382912039756775,0.721705973148346,0.7538712024688721,0.8380076289176941,0.40536972880363464,2.0778794288635254,0.36751100420951843,0.15636198222637177,1.6929045915603638,0.24424178898334503
337,0.0001,0.21800802182406187,0.9567563631637982,0.5646543249939427,0.8430326965151501,0.9142102480960267,10.379612684249878,0.22965712565928698,0.1720750629901886,0.13743421202525496,0.04833376104943454,0.22965712565928698,0.8631711564958096,0.28622427040880377,0.48657439874880243,0.1295625621622259,0.04741826506726669,0.28622427040880377,0.8123986432046602,1.0717473030090332,0.746057391166687,0.7388761639595032,0.7212585210800171,0.7534601092338562,0.838535726070404,0.40415704250335693,2.0781400203704834,0.36778804659843445,0.15625661611557007,1.6923521757125854,0.24429503083229065
338,0.0001,0.22240685299038887,0.9547604820805496,0.5675956525585868,0.8428816788897375,0.9141686622252573,10.23116397857666,0.22938417550176382,0.17499455157667398,0.13806331763044,0.04802708188071847,0.22938417550176382,0.8631567917764187,0.2977471748987834,0.48414061828093097,0.13818167917656177,0.04784773143403458,0.2977471748987834,0.8083188407348864,1.071605920791626,0.7462868094444275,0.7393922209739685,0.7211029529571533,0.753477931022644,0.8390159606933594,0.40448197722435,2.0778331756591797,0.36805805563926697,0.15607208013534546,1.6918325424194336,0.24437326192855835
339,0.0001,0.21175065077841282,0.9585904926253408,0.5556631864923419,0.8415672634123733,0.9133470979978817,10.242055892944336,0.22516204603016376,0.1651073219254613,0.13662584545090795,0.04846482747234404,0.22516204603016376,0.8661884889006615,0.2897352025364385,0.46559156612916425,0.13557216976628159,0.04751015194889271,0.2897352025364385,0.8169984727194814,1.0718556642532349,0.7463432550430298,0.7399433851242065,0.7211390733718872,0.7535403966903687,0.8395184874534607,0.4047609567642212,2.0780956745147705,0.3683611750602722,0.15621843934059143,1.6916303634643555,0.2443687617778778
340,0.0001,0.21760936174541712,0.9565572782287521,0.5598180709463177,0.8402922258142621,0.9125795927980166,10.188020467758179,0.22318745777010918,0.1737084686756134,0.13622135622426867,0.048563801450654864,0.22318745777010918,0.8675335273146629,0.28817640470735956,0.4695831121820392,0.1326396709138697,0.047374570460030525,0.28817640470735956,0.8174731261802443,1.0721604824066162,0.7465476989746094,0.7404654026031494,0.7211894989013672,0.7538741827011108,0.8399859070777893,0.4047256112098694,2.077713966369629,0.36850887537002563,0.15635956823825836,1.6913952827453613,0.24433594942092896
341,0.0001,0.21351465582847595,0.9576679579422616,0.5701052636811228,0.8391538946595309,0.9118770208436694,8.670239925384521,0.22146004904061556,0.16925024800002575,0.13586018048226833,0.048349634278565645,0.22146004904061556,0.8704710453748703,0.28863513921246386,0.48319554238608386,0.13479543274099176,0.046818092578288284,0.28863513921246386,0.8144601619604862,1.0719867944717407,0.7467130422592163,0.7409937977790833,0.7211039662361145,0.7540298104286194,0.840465784072876,0.40466856956481934,2.0776240825653076,0.36868876218795776,0.15623822808265686,1.691024661064148,0.24433019757270813
342,0.0001,0.20976825058460236,0.9589701825503092,0.572975987737829,0.8400892641755043,0.9124068803575385,9.828242063522339,0.22090253699570894,0.16491226013749838,0.13529114937409759,0.04850205103866756,0.22090253699570894,0.8687595799565315,0.2868462051406051,0.49138120087710296,0.13382196245771466,0.047421747875033005,0.2868462051406051,0.812588530959505,1.0720908641815186,0.7468421459197998,0.741534948348999,0.7212069630622864,0.7541916966438293,0.8409258127212524,0.40451300144195557,2.0773439407348633,0.3689108192920685,0.15581020712852478,1.689942479133606,0.2444024235010147
343,0.0001,0.21229747124016285,0.9590360470572032,0.5711370507876078,0.8409277164078728,0.912941485652412,9.86723518371582,0.2279856177046895,0.1655506631359458,0.1356770945712924,0.049229260766878724,0.2279856177046895,0.8617908544838428,0.28663176027211273,0.49095940138354444,0.13712016109264258,0.0474147279605721,0.28663176027211273,0.8145600936629556,1.072182297706604,0.7470036745071411,0.7421306371688843,0.7213342785835266,0.7540535926818848,0.8413875102996826,0.4039138853549957,2.0771560668945312,0.36909598112106323,0.15568332374095917,1.6891236305236816,0.24439209699630737
344,0.0001,0.2178934859111905,0.957376645123564,0.5706018209457397,0.8412026000308646,0.9131097980039165,10.203685283660889,0.2285366104915738,0.1719901654869318,0.1389053501188755,0.048653837060555816,0.2285366104915738,0.8656329773366451,0.2881132888071465,0.4911184220603018,0.13266910025567719,0.047328872098164124,0.2881132888071465,0.8145580345934088,1.0721238851547241,0.7470849752426147,0.7426523566246033,0.7211681008338928,0.7540645003318787,0.841827392578125,0.4038808047771454,2.076665163040161,0.3692525327205658,0.15568514168262482,1.6885685920715332,0.24430707097053528
345,0.0001,0.2077175984159112,0.9605815221105568,0.5682300437580455,0.8405529303644257,0.9127024927264582,9.80087924003601,0.22543675173074007,0.15926569048315287,0.13632299192249775,0.04849583492614329,0.22543675173074007,0.8685605712234974,0.2839737453243949,0.486709789796309,0.13245346690669205,0.04762603274800561,0.2839737453243949,0.8167532122496403,1.072232723236084,0.7472554445266724,0.7431455850601196,0.7210391759872437,0.7539251446723938,0.8422167897224426,0.4034774601459503,2.0765414237976074,0.3694399297237396,0.1553010642528534,1.6875778436660767,0.2442912757396698
346,0.0001,0.22115129698067904,0.9559816637205528,0.5646254140319247,0.8408934311574201,0.912905486969404,9.340784788131714,0.23064727243036032,0.17573126405477524,0.1362705477513373,0.048738228622823954,0.23064727243036032,0.8616408482193947,0.28218641786864307,0.48114205129218823,0.1297250913851189,0.047736807190107575,0.28218641786864307,0.8187103199236321,1.0723730325698853,0.7473668456077576,0.7436727285385132,0.7209743857383728,0.7538747191429138,0.8426816463470459,0.4032169282436371,2.0763027667999268,0.36960697174072266,0.15465453267097473,1.6866769790649414,0.2442837357521057
347,0.0001,0.21386367455124855,0.958703375826477,0.565798462340326,0.8419409158622863,0.9135047979723494,10.367663621902466,0.2280600368976593,0.1650685602799058,0.13884214591234922,0.048462448408827186,0.2280600368976593,0.8640252090990543,0.28224350105632434,0.4847792341853633,0.1307592008149985,0.04756381791649443,0.28224350105632434,0.8159995313846704,1.0720841884613037,0.7474907636642456,0.7441655993461609,0.7206847071647644,0.7537813186645508,0.8431578874588013,0.40293434262275696,2.076221227645874,0.3697088658809662,0.1542050540447235,1.6860934495925903,0.2443385124206543
348,0.0001,0.21106916666030884,0.958246911188098,0.5678912888873707,0.8417889025451254,0.9134158172358703,9.878531694412231,0.21876865811645985,0.16820982284843922,0.1349962088279426,0.04843878420069814,0.21876865811645985,0.8719562143087387,0.28620191595771094,0.48802974458896753,0.1325722047776887,0.04704970697110349,0.28620191595771094,0.8149332404136658,1.0725734233856201,0.747443437576294,0.7446730136871338,0.7206259369850159,0.7538557052612305,0.843652606010437,0.40305083990097046,2.076437473297119,0.36993154883384705,0.15394094586372375,1.6860146522521973,0.24428264796733856
349,0.0001,0.21754628606140614,0.9571473995031339,0.5670513077215715,0.8417097980613073,0.91336982708028,10.288644790649414,0.22902604658156633,0.17139598727226257,0.13651123875752091,0.04832808510400355,0.22902604658156633,0.8591826036572456,0.28758261059269763,0.48376628124352655,0.13091187811259067,0.04728862146536509,0.28758261059269763,0.8143166646812902,1.0728107690811157,0.7476099133491516,0.7451183795928955,0.7205115556716919,0.7535990476608276,0.8440750241279602,0.4018944501876831,2.0763957500457764,0.3701627552509308,0.1535160392522812,1.6851530075073242,0.24425914883613586
350,0.0001,0.2166065825149417,0.9576459346671294,0.5658300121625265,0.8402350947265563,0.9125180548373583,10.498716831207275,0.2281483756378293,0.16979461396113038,0.13701289240270853,0.048580528469756246,0.2281483756378293,0.8632233813405037,0.2925830921440413,0.4760035773118337,0.13332204023996988,0.0472733841249437,0.2925830921440413,0.8131247542121194,1.0726284980773926,0.7475876808166504,0.7456212639808655,0.7203505635261536,0.7534008026123047,0.8445972204208374,0.40192660689353943,2.0761992931365967,0.3703445494174957,0.1531256139278412,1.6841953992843628,0.24427855014801025
351,0.0001,0.20988844893872738,0.9596407069556979,0.5679168710202882,0.8415164343573136,0.9133072225262766,10.002617359161377,0.22339930851012468,0.16484237741678953,0.13395190984010696,0.048422078834846616,0.22339930851012468,0.8687464222311974,0.2839005408865033,0.48731535492521344,0.13301002979278564,0.04736152562228116,0.2839005408865033,0.8162767200758962,1.0727521181106567,0.7478036284446716,0.7461187839508057,0.7203245162963867,0.7533539533615112,0.8449879288673401,0.4010293185710907,2.0759503841400146,0.3705301582813263,0.15270549058914185,1.6834982633590698,0.2442650943994522
352,0.0001,0.21736841555684805,0.9571456993851936,0.5747359196345011,0.8404879640705316,0.9127385029325035,10.567631244659424,0.2299900185316801,0.17184028215706348,0.13495454983785748,0.048997771460562944,0.2299900185316801,0.8616292625665665,0.28378730831724225,0.4972036209973422,0.13545101068236612,0.04814839555007039,0.28378730831724225,0.8137911323345068,1.072810411453247,0.7478407621383667,0.7466161847114563,0.720232367515564,0.7530731558799744,0.845305323600769,0.40067312121391296,2.0757126808166504,0.37072908878326416,0.15251803398132324,1.6828969717025757,0.24426992237567902
353,0.0001,0.208546026609838,0.9597430563892375,0.5643895214254205,0.8411926835897336,0.9131279850720343,10.244478940963745,0.2208061097189784,0.16377140954136848,0.13475334085524082,0.049074083333835006,0.2208061097189784,0.8734413497149944,0.2846027540438103,0.4821597563497948,0.1336919146053719,0.047845688168749664,0.2846027540438103,0.8155192949555137,1.072770118713379,0.7479315400123596,0.7470778226852417,0.7200408577919006,0.7529615163803101,0.8457123637199402,0.4004376530647278,2.0754642486572266,0.3709248900413513,0.15231192111968994,1.6823989152908325,0.24424178898334503
354,0.0001,0.2131197014823556,0.9580480500652518,0.5676432107434128,0.8398262087594215,0.9122866091137334,10.679335355758667,0.22501809056848288,0.16808751970529556,0.1344477441161871,0.048739841440692544,0.22501809056848288,0.8652779906988144,0.287379881197756,0.4832800337762544,0.1349449988567468,0.04707214416879596,0.287379881197756,0.8174830404194918,1.0727193355560303,0.7481120228767395,0.7475559711456299,0.7198875546455383,0.7527164816856384,0.8461378812789917,0.3997851312160492,2.075392723083496,0.37111711502075195,0.1525903195142746,1.6818715333938599,0.24417591094970703
355,0.0001,0.2105950564146042,0.9585621744711358,0.5762773463220308,0.8394959316763719,0.9120981045737515,10.211246490478516,0.21984373778104782,0.1673107109963894,0.13558473018929362,0.04873790359124541,0.21984373778104782,0.871026549488306,0.28501275633320666,0.49686564821185486,0.13257124071771448,0.047384347089312294,0.28501275633320666,0.8144870436552799,1.0727733373641968,0.7482537031173706,0.748013973236084,0.7199172377586365,0.7525926828384399,0.8465836048126221,0.3999481499195099,2.0750691890716553,0.37137851119041443,0.1524336189031601,1.6817187070846558,0.24416428804397583
356,0.0001,0.21082719136029482,0.9588707937747183,0.5803965312061887,0.8388252963250112,0.911687191238604,10.839277505874634,0.22736287862062454,0.16590378154069185,0.13603720255196095,0.048076505307108164,0.22736287862062454,0.8630491383373737,0.28130053932016547,0.50228536399928,0.13319342515685342,0.04713495448231697,0.28130053932016547,0.8147202802426887,1.0731710195541382,0.7483989596366882,0.7485116720199585,0.7199077606201172,0.7526535391807556,0.8470139503479004,0.39991405606269836,2.0749118328094482,0.37160953879356384,0.15232311189174652,1.6809495687484741,0.24415715038776398
357,0.0001,0.21144322585314512,0.9592598454075614,0.5756681597594059,0.83907605651982,0.9118183511708073,9.288321733474731,0.22874948382377625,0.16597098018974066,0.13532694848254323,0.04902365431189537,0.22874948382377625,0.8643335327506065,0.28439031767122674,0.49526985757278674,0.1324389703346021,0.04756226187402552,0.28439031767122674,0.8158319646661932,1.0734522342681885,0.7484091520309448,0.748952329158783,0.7198619246482849,0.752796471118927,0.847415566444397,0.39998915791511536,2.074836492538452,0.3717508614063263,0.1520044356584549,1.6798728704452515,0.24416887760162354
358,0.0001,0.21116085164248943,0.9586746374034291,0.5789600412050883,0.8394507116550255,0.9120983684845239,11.221342086791992,0.22586691938340664,0.16686660796403885,0.13563561625778675,0.04849842400290072,0.22586691938340664,0.8636342212557793,0.28388328263253876,0.5001549106655698,0.13382604943983484,0.04721816076022206,0.28388328263253876,0.8145167881792242,1.0732102394104004,0.7484768629074097,0.7493802309036255,0.7198989391326904,0.7527663111686707,0.847770094871521,0.39954641461372375,2.0743229389190674,0.37196406722068787,0.1514332890510559,1.6792054176330566,0.24421513080596924
359,0.0001,0.2107830373570323,0.9592617635139946,0.5731657400275721,0.8406474210912516,0.912751216860726,9.901489973068237,0.2275544134899974,0.16433250717818737,0.13626791397109628,0.04857139242812991,0.2275544134899974,0.8649338968098164,0.29125894244873163,0.4899958543705218,0.13271754934932245,0.04718599942597476,0.29125894244873163,0.8127070683421511,1.0732834339141846,0.7485812306404114,0.7498594522476196,0.7197777032852173,0.7523857951164246,0.848270058631897,0.3992420732975006,2.073969602584839,0.3721669018268585,0.15114647150039673,1.6784276962280273,0.24423430860042572
360,0.0001,0.21199599094688892,0.959189134252187,0.5783412619070574,0.8383541431152576,0.9113652821645164,10.124850273132324,0.23099624458700418,0.1640568827278912,0.1348736542277038,0.048631178913637996,0.23099624458700418,0.8619303666055202,0.2841540692430554,0.4982576848882617,0.13072092018344186,0.04704002539316813,0.2841540692430554,0.8165889725540624,1.0731059312820435,0.7486510276794434,0.75040203332901,0.7196512222290039,0.7522974610328674,0.8486891984939575,0.39948123693466187,2.073641538619995,0.3723308742046356,0.15057754516601562,1.6777056455612183,0.24429135024547577
361,0.0001,0.20460717100650072,0.9610650496309944,0.5742686408938784,0.8398004032545254,0.9122605053952524,9.42443299293518,0.22281778696924448,0.15858253836631775,0.13328380230814219,0.04916375898756087,0.22281778696924448,0.8673118427395821,0.28373650258237665,0.4930288168517026,0.13154504470752948,0.04761599309065125,0.28373650258237665,0.8171191089081041,1.0729756355285645,0.748748779296875,0.7508381009101868,0.7195125222206116,0.7521170973777771,0.8491792678833008,0.3992021679878235,2.0732181072235107,0.37252914905548096,0.15016865730285645,1.6768386363983154,0.24429510533809662
362,0.0001,0.20820570457726717,0.9590449852220806,0.5788761648264799,0.8375346121144984,0.9109493884160837,10.054625749588013,0.22187053225934505,0.16455652751028538,0.13544108951464295,0.0488693923689425,0.22187053225934505,0.8690255656838417,0.2822607620195909,0.4987111579288136,0.13600119587146875,0.04724136141665054,0.2822607620195909,0.8168907617077683,1.0731805562973022,0.7489341497421265,0.7513266801834106,0.7196202874183655,0.7523612380027771,0.8495439291000366,0.3997121751308441,2.0727953910827637,0.3727049231529236,0.1498691588640213,1.6757255792617798,0.24437707662582397
363,0.0001,0.2077634148299694,0.9594701609744013,0.5791129262158365,0.8382967652267577,0.9113665220157678,11.167708158493042,0.22213441599160433,0.16291513619944453,0.13328245980665088,0.04873259784653783,0.22213441599160433,0.8687770292162895,0.2824158514990951,0.49939562515778974,0.13128248128024014,0.04714103505918474,0.2824158514990951,0.8191814729661653,1.0733592510223389,0.7491300106048584,0.75174480676651,0.7195588946342468,0.7521063089370728,0.849908709526062,0.3996430039405823,2.072122573852539,0.37290719151496887,0.14980225265026093,1.6747994422912598,0.24437612295150757
364,0.0001,0.20713485591113567,0.9604105258025629,0.5818065477140022,0.837991059722596,0.9111805552860677,10.218400716781616,0.2255827896296978,0.16003749892115593,0.137867437209934,0.048668895149603486,0.2255827896296978,0.8647476099431515,0.2840271750182817,0.5034259187452721,0.13502361422235315,0.047410658250252403,0.2840271750182817,0.8152161114143602,1.0732576847076416,0.7492431402206421,0.7522026300430298,0.7194143533706665,0.7519869208335876,0.8503051400184631,0.3997623026371002,2.0716331005096436,0.37306469678878784,0.14967148005962372,1.6740708351135254,0.24437293410301208
365,0.0001,0.20665899198502302,0.9599094826132119,0.5790452090176669,0.8396279593769114,0.9121733703845705,10.390457153320312,0.2227989211678505,0.16242896672338247,0.1367047308012843,0.048853410640731454,0.2227989211678505,0.86957236379385,0.2843866257956534,0.5007169517603788,0.13245684992183338,0.04754208987860969,0.2843866257956534,0.8162906242139412,1.0734299421310425,0.7494168877601624,0.7526493668556213,0.7194346785545349,0.7515885829925537,0.8507260680198669,0.3990298807621002,2.0713717937469482,0.3731837272644043,0.14959931373596191,1.67329740524292,0.24445132911205292
366,0.0001,0.20345831755548716,0.9617113239252061,0.5733373887611158,0.8394766504370147,0.912074535621341,9.843701362609863,0.22524090576916933,0.15584342926740646,0.13484559068456292,0.04864530614577234,0.22524090576916933,0.8667170219123363,0.2835025385473714,0.4916715649041263,0.13295296331246695,0.04779213779803478,0.2835025385473714,0.8178166638721119,1.0733857154846191,0.7495946884155273,0.7531061768531799,0.7194275259971619,0.7514789700508118,0.8511682152748108,0.398752361536026,2.0710206031799316,0.37336328625679016,0.14958330988883972,1.672547698020935,0.24449144303798676
367,0.0001,0.20637354534119368,0.9601701246017282,0.5833049741658297,0.8383710166545186,0.9114281983907349,10.321655035018921,0.22492203954607248,0.15984867326915264,0.13631062302738428,0.04878908256068826,0.22492203954607248,0.8680039383471012,0.2809113191835808,0.5083486970626947,0.13164311557105093,0.048147864188208725,0.2809113191835808,0.8159619786522605,1.0733373165130615,0.7498748898506165,0.7535615563392639,0.7193477749824524,0.7514583468437195,0.8515804409980774,0.3985219895839691,2.070720911026001,0.3736061155796051,0.1497834473848343,1.6717668771743774,0.24457873404026031
368,0.0001,0.20695660542696714,0.9596556780071822,0.5831092144503738,0.8379724365886387,0.9111866854074621,9.90835952758789,0.22617066465318203,0.16169401491060853,0.13432267354801297,0.04883505869656801,0.22617066465318203,0.8654590025544167,0.2879960094437455,0.5026079280809923,0.13686940977067658,0.047426685013554314,0.2879960094437455,0.8132821664665685,1.0734190940856934,0.7500550150871277,0.7539503574371338,0.7191036939620972,0.7512689828872681,0.8519162535667419,0.3980921804904938,2.070464611053467,0.3738246560096741,0.14966964721679688,1.6710375547409058,0.24463419616222382
369,0.0001,0.20994878001511097,0.9593304220436843,0.5946901765736666,0.8367789640738326,0.9104454893472714,10.75698184967041,0.22807625029236078,0.16325829178094864,0.13744397461414337,0.04878535238094628,0.22807625029236078,0.8619239404797554,0.28823484931931354,0.5200732558062582,0.1374425422964674,0.04713223027912053,0.28823484931931354,0.8110834089192477,1.073656678199768,0.7502090334892273,0.7543962001800537,0.7189881205558777,0.7513695955276489,0.8523198366165161,0.39786168932914734,2.070467948913574,0.37399229407310486,0.14977721869945526,1.6701716184616089,0.24464528262615204
370,0.0001,0.20360273774713278,0.9610043578165299,0.5865760003075455,0.8385333147503358,0.9115842225506526,10.541247129440308,0.2246171971783042,0.15800734795629978,0.13362863659858704,0.04920278745703399,0.2246171971783042,0.8653721660375595,0.28098949428760644,0.5111665165785587,0.1321962909264998,0.04751863703131676,0.28098949428760644,0.8166862310785236,1.0734111070632935,0.7504254579544067,0.7548508048057556,0.7186748385429382,0.7512335181236267,0.8527234196662903,0.39682629704475403,2.0703883171081543,0.3741917908191681,0.14951810240745544,1.6690480709075928,0.24468502402305603
371,0.0001,0.20735503546893597,0.9598426929507431,0.5823390519980228,0.8386228973428069,0.9115917789633858,9.59882402420044,0.22264092415571213,0.16307957377284765,0.1341165485791862,0.04876245744526386,0.22264092415571213,0.865806620568037,0.28230677861155884,0.5065200590726101,0.13355990792765762,0.047152604794863495,0.28230677861155884,0.8171569975939664,1.0734312534332275,0.7503333687782288,0.7552881836891174,0.7184911966323853,0.751430332660675,0.8530729413032532,0.3971439599990845,2.070244550704956,0.3743900954723358,0.1493920236825943,1.6682543754577637,0.2446443885564804
372,0.0001,0.2101803757250309,0.9602657300563384,0.5852747604702458,0.8378505455835077,0.9111981915310458,11.078660488128662,0.22940682899206877,0.1625882275402546,0.13802521768957376,0.049451370257884264,0.22940682899206877,0.8618754558265209,0.28063750447648944,0.510005204966574,0.13062122283559857,0.04776292226531289,0.28063750447648944,0.8164921005566915,1.0736210346221924,0.7503998875617981,0.7557051181793213,0.7185904383659363,0.7515974044799805,0.8533073663711548,0.3970193862915039,2.0692431926727295,0.37457260489463806,0.14911401271820068,1.6678677797317505,0.24463097751140594
373,0.0001,0.2017634864896536,0.9614751212200711,0.5796909720608683,0.839316559795802,0.9120656678678908,11.147192239761353,0.22274469584226608,0.1524333953857422,0.13573003187775612,0.04920329642482102,0.22274469584226608,0.8661064468324184,0.2832952051451712,0.5036051273345947,0.1334753515142383,0.04795888066291809,0.2832952051451712,0.8161796114661477,1.07375168800354,0.750522255897522,0.7561149001121521,0.7184682488441467,0.7511942386627197,0.8538042306900024,0.39673906564712524,2.0688858032226562,0.3746948540210724,0.14892911911010742,1.6673169136047363,0.24462498724460602
374,0.0001,0.20129684824496508,0.9613882331097706,0.5787350544423768,0.8387652660535329,0.9117396186856581,10.466158628463745,0.2188901463523507,0.15631217882037163,0.1322401869110763,0.0490511714015156,0.2188901463523507,0.8733934611082077,0.28125594782106805,0.5009723251516168,0.1364681874260758,0.0479678495815306,0.28125594782106805,0.8190008112878511,1.0736762285232544,0.7506868243217468,0.7565745711326599,0.718416154384613,0.7511717677116394,0.8541972041130066,0.3965563476085663,2.068264961242676,0.3748358190059662,0.1486971080303192,1.666476845741272,0.2446451336145401
375,0.0001,0.20550311636179686,0.9597370236383467,0.576176744518858,0.8395683216507416,0.9121571945728145,9.899943590164185,0.22236282657831907,0.16077035991474986,0.13563306909054518,0.04989590961486101,0.22236282657831907,0.8693867325782776,0.2811609714320212,0.4987160933740211,0.1302355681404923,0.04839681800116192,0.2811609714320212,0.81837505644018,1.0739599466323853,0.7506158947944641,0.757007360458374,0.7182638049125671,0.7515057325363159,0.8545564413070679,0.39637571573257446,2.0678482055664062,0.37504151463508606,0.14886048436164856,1.6660476922988892,0.24462644755840302
376,0.0001,0.20762406010180712,0.9601759484300819,0.5804480838053154,0.8384861103599477,0.9115188983165299,10.209198951721191,0.22684897668659687,0.16226575803011656,0.13391029415652156,0.049751999555155635,0.22684897668659687,0.864674337208271,0.28119394092848804,0.5038886937228116,0.13248572792067673,0.048433432299079315,0.28119394092848804,0.8188608126206831,1.0737334489822388,0.7507972717285156,0.7573543787002563,0.7180306315422058,0.751259982585907,0.8548969626426697,0.3956674635410309,2.067675828933716,0.375224769115448,0.14898234605789185,1.6652930974960327,0.2446465790271759
377,0.0001,0.2052323091775179,0.9606237095082842,0.5813254280523821,0.8389076807076946,0.911772841797283,10.678569078445435,0.2250779252499342,0.15819188160821795,0.13667216431349516,0.04946100525557995,0.2250779252499342,0.8655049949884415,0.2831406006307313,0.5065368233305035,0.13296142039876996,0.04807797074317932,0.2831406006307313,0.8178425178383336,1.0738290548324585,0.7508790493011475,0.7577558755874634,0.7178037762641907,0.7511744499206543,0.8552643060684204,0.3952845633029938,2.067850351333618,0.3754040002822876,0.14888639748096466,1.6650004386901855,0.24465405941009521
378,0.0001,0.20025902800261974,0.961792974974929,0.5790827427849625,0.8390683466266105,0.9118795893494127,10.250932216644287,0.22090776357799768,0.15499469637870789,0.13539202883839607,0.04906456312164664,0.22090776357799768,0.8695041015744209,0.28123724099361536,0.5037826028737155,0.13277593977523572,0.04772662314953226,0.28123724099361536,0.8158308050849221,1.0740910768508911,0.7509191632270813,0.7582361698150635,0.717957615852356,0.7513689398765564,0.8556563258171082,0.39523249864578247,2.0674691200256348,0.3755541145801544,0.1488262414932251,1.664285659790039,0.24463507533073425
379,0.0001,0.21026519779115915,0.9594506463637136,0.5827982515999766,0.8392468289167963,0.9119592509704034,10.417010068893433,0.23115458432585,0.16194480657577515,0.13518700515851378,0.04908721102401614,0.23115458432585,0.8589531108736992,0.2854996422926585,0.5070486222252701,0.13374940734921079,0.04745071844169588,0.2854996422926585,0.816029505296187,1.0740993022918701,0.7509039640426636,0.7586362361907959,0.7178347110748291,0.7512389421463013,0.8560634851455688,0.39538857340812683,2.0673410892486572,0.37575259804725647,0.1485629677772522,1.663955569267273,0.24456699192523956
380,0.0001,0.19733624532818794,0.9628466021656492,0.5817504182006373,0.8393670609729593,0.912047575928918,10.135284185409546,0.21663307771086693,0.15253554238006473,0.13214445393532515,0.04907780885696411,0.21663307771086693,0.8753174282610416,0.2823011875152588,0.5056045570156791,0.13058582083745437,0.047757580199024895,0.2823011875152588,0.8180427551269531,1.0742003917694092,0.751120924949646,0.7590569853782654,0.71760094165802,0.750909149646759,0.8563986420631409,0.3948201835155487,2.0670974254608154,0.3759705126285553,0.14815232157707214,1.6630128622055054,0.24455954134464264
381,0.0001,0.2012807670980692,0.9617830017318898,0.5842307191906553,0.8397748237702967,0.9122965279317825,9.43351125717163,0.22224111203104258,0.15640016784891486,0.13244946394115686,0.04884294932708144,0.22224111203104258,0.868672925978899,0.2785248440323454,0.5146921105457075,0.1336998244126638,0.04746404267621763,0.2785248440323454,0.8181278452728734,1.0743522644042969,0.7513101696968079,0.7595219016075134,0.7175082564353943,0.7509588599205017,0.8567804098129272,0.39421170949935913,2.0666604042053223,0.376165509223938,0.14769667387008667,1.6626795530319214,0.2445996254682541
382,0.0001,0.20160959381610155,0.9613529325377321,0.5770851301424431,0.8408308965951274,0.9129013529226134,10.231149196624756,0.21756958309561014,0.1581648327410221,0.13235474564135075,0.04923471715301275,0.21756958309561014,0.8725749813020229,0.2801865167690046,0.5022157746734042,0.13145535145745132,0.04745815412113161,0.2801865167690046,0.8178280194600424,1.074371337890625,0.7513952255249023,0.7599228024482727,0.7173047661781311,0.7510049939155579,0.8571510910987854,0.39391908049583435,2.066291332244873,0.3763570487499237,0.14730709791183472,1.661994218826294,0.24461734294891357
383,0.0001,0.20369139313697815,0.9608992169519328,0.583934997067307,0.8389410685876084,0.9117601673827459,10.369179248809814,0.22522573079913855,0.15725922491401434,0.13555506384000182,0.04842982720583677,0.22522573079913855,0.8652734197676182,0.2802168130874634,0.5108060285900579,0.1327968736489614,0.0473694782139677,0.2802168130874634,0.8188620480624113,1.0744178295135498,0.7515172958374023,0.7603189945220947,0.717198371887207,0.7506312131881714,0.8575470447540283,0.39388707280158997,2.0662312507629395,0.3765266537666321,0.14709234237670898,1.6614649295806885,0.24464111030101776
384,0.0001,0.20884564705193043,0.9594526478445378,0.5829428922046315,0.8391342409320179,0.9119110344266205,10.390507936477661,0.2268186705186963,0.16148450504988432,0.13450886076316237,0.048574415035545826,0.2268186705186963,0.8627696745097637,0.28176185127460596,0.5069586788163041,0.13067783099232297,0.0475831139042522,0.28176185127460596,0.81876827731277,1.0744717121124268,0.7515791654586792,0.7607369422912598,0.7173171639442444,0.7507131099700928,0.8579450249671936,0.39418402314186096,2.0656256675720215,0.3767399787902832,0.14692631363868713,1.6613993644714355,0.24464261531829834
385,0.0001,0.19778616540133953,0.9623322914557049,0.5891223585966862,0.8374820303404135,0.9108688144307472,10.920501947402954,0.21921195555478334,0.15084513695910573,0.13275166042149067,0.04878468532115221,0.21921195555478334,0.8699329420924187,0.28021487864581024,0.5163871934919646,0.13582230607668558,0.047960587523200295,0.28021487864581024,0.8165423797838616,1.074734091758728,0.7515685558319092,0.7611796259880066,0.7174606919288635,0.7506093978881836,0.8583776950836182,0.3943077027797699,2.0656371116638184,0.37691357731819153,0.14675551652908325,1.6618447303771973,0.244626984000206
386,0.0001,0.20505476370453835,0.960828177452995,0.5866391442038796,0.8391141958745522,0.9118755411391972,10.052223205566406,0.2279689135029912,0.15766892489045858,0.13598213903605938,0.04894717736169696,0.2279689135029912,0.8625696860253811,0.28614738854494964,0.5107364049463561,0.13489290710651514,0.04754623861023874,0.28614738854494964,0.8155083602124994,1.0748600959777832,0.7516684532165527,0.7616091966629028,0.7175825238227844,0.7505292892456055,0.8587012887001038,0.3937549293041229,2.065540075302124,0.37701448798179626,0.14670602977275848,1.6606518030166626,0.24469305574893951
387,0.0001,0.19329458475112915,0.9637467411703163,0.5803492574980764,0.8384488921987999,0.9114676433386834,9.761267185211182,0.21556371729820967,0.14787805220112205,0.13189840177074075,0.04891493986360729,0.21556371729820967,0.8762510716915131,0.28381353120009106,0.501289298137029,0.13302158225666394,0.047168792084311,0.28381353120009106,0.8196047923781655,1.0748618841171265,0.7517555952072144,0.7620397210121155,0.7175456285476685,0.7506240606307983,0.8590953946113586,0.3935527801513672,2.0654261112213135,0.3771498501300812,0.1466766744852066,1.6598076820373535,0.24474722146987915
388,0.0001,0.19782503880560398,0.9627302925313761,0.5839666742267031,0.8374181125370286,0.9108787776843251,10.532182216644287,0.22017400991171598,0.15056862495839596,0.13452378194779158,0.04925058665685356,0.22017400991171598,0.8698810003697872,0.281896249814467,0.5062032314864072,0.1339974764621619,0.04759992410739263,0.281896249814467,0.8180998076092113,1.0749727487564087,0.7518153190612793,0.7625007033348083,0.717456579208374,0.7508693933486938,0.8594950437545776,0.3931516110897064,2.0651819705963135,0.37726736068725586,0.1464606672525406,1.6593953371047974,0.2447538524866104
389,0.0001,0.19933026656508446,0.9624509500555442,0.5875831002538855,0.8376564833221457,0.9110396602427338,10.313734769821167,0.22056034207344055,0.15185108315199614,0.13482397189363837,0.04879329935647547,0.22056034207344055,0.8711231388151646,0.2828085314143788,0.5112115623372974,0.13244588898889947,0.04726849756006039,0.2828085314143788,0.8167054057121277,1.074955940246582,0.7519459128379822,0.7629212141036987,0.7173788547515869,0.7506371140480042,0.8598431348800659,0.39257997274398804,2.064828872680664,0.3773411214351654,0.14616210758686066,1.6584224700927734,0.24473823606967926
390,0.0001,0.19764646608382463,0.9623055882772719,0.584294086152857,0.8391791906240575,0.9119418228150694,10.54748010635376,0.2157725729048252,0.15449781343340874,0.13083674339577556,0.04844219051301479,0.2157725729048252,0.8754151575267315,0.2836528483665351,0.5096957114609805,0.13223752243952316,0.047702349835272995,0.2836528483665351,0.8158591877330433,1.0749386548995972,0.7519867420196533,0.7633323073387146,0.7173852324485779,0.7505577206611633,0.8602467775344849,0.3928954601287842,2.0644888877868652,0.3774626851081848,0.14598509669303894,1.6576462984085083,0.24472102522850037
391,0.0001,0.20247274916619062,0.9617182868465967,0.5802772162538586,0.8386049502708912,0.9116448272060138,10.549876928329468,0.2268283348530531,0.15499961841851473,0.13306127954274416,0.04872237495146692,0.2268283348530531,0.8629422634840012,0.2827690063100873,0.5032253653714152,0.13191220119143976,0.04741619403163592,0.2827690063100873,0.8175816734631857,1.0749565362930298,0.7521565556526184,0.7637524008750916,0.7173510789871216,0.7502983808517456,0.8606519103050232,0.39255934953689575,2.064152956008911,0.37762826681137085,0.1458882838487625,1.6567068099975586,0.24472449719905853
392,0.0001,0.19637170527130365,0.9632926922977405,0.5846579020673578,0.8375566298628502,0.9109688009370807,9.621857404708862,0.22011068277060986,0.14968828111886978,0.13350937608629465,0.0483470456674695,0.22011068277060986,0.8720227628946304,0.2826003071033593,0.5084779235449705,0.13163318913994412,0.04740068892186338,0.2826003071033593,0.8187771385366266,1.0750596523284912,0.7522029280662537,0.7641537189483643,0.717264711856842,0.7502261400222778,0.8610131144523621,0.3925362229347229,2.0638434886932373,0.3777903616428375,0.1456654667854309,1.6559715270996094,0.2447560429573059
393,0.0001,0.2037160648033023,0.9602989340862658,0.5912004582809679,0.8369810099203795,0.9106179698830191,9.678414344787598,0.2200143039226532,0.1610907893627882,0.13251701882109046,0.04852036223746836,0.2200143039226532,0.8701089024543762,0.28298442743041297,0.5174443523089091,0.13073135415712991,0.0474066822366281,0.28298442743041297,0.8146827527970979,1.0749726295471191,0.7522826194763184,0.7645602822303772,0.7171422839164734,0.7502227425575256,0.8613878488540649,0.39272913336753845,2.0635814666748047,0.3779629170894623,0.1454986184835434,1.6552467346191406,0.24481643736362457
394,0.0001,0.20106960274279118,0.9610929667556675,0.5885128685922334,0.8386597243565713,0.9116424972479122,10.096354722976685,0.22014659456908703,0.15735141979530454,0.13101013284176588,0.04898756300099194,0.22014659456908703,0.8720552437007427,0.28112419446309406,0.518347708564816,0.1344421370462938,0.04787463706099626,0.28112419446309406,0.8158628344535828,1.0749945640563965,0.7524445652961731,0.7649768590927124,0.7171385288238525,0.7501153349876404,0.8616713881492615,0.3924049735069275,2.0632052421569824,0.378165066242218,0.14527277648448944,1.6545729637145996,0.2448517382144928
395,0.0001,0.2067804504185915,0.9599713994188837,0.5903290925603925,0.8371457815909631,0.9107194870589005,10.252207517623901,0.22281780187040567,0.16220841370522976,0.1343616838566959,0.0489216442219913,0.22281780187040567,0.8663540370762348,0.2821348986842416,0.5177405738469326,0.13034039013313525,0.04746573757041584,0.2821348986842416,0.8164309335477424,1.0749409198760986,0.752550482749939,0.7653325200080872,0.717109739780426,0.7503155469894409,0.862018346786499,0.39231929183006287,2.062333106994629,0.3783738911151886,0.1452762931585312,1.6538466215133667,0.24484528601169586
396,0.0001,0.1967180809006095,0.9628058680947608,0.5781594009110422,0.8389017253968423,0.9118125567730895,9.818489074707031,0.22453557327389717,0.14950290601700544,0.13427239283919334,0.049367092782631516,0.22453557327389717,0.8656674772500992,0.2827332570697322,0.4994953392129956,0.12724046454285132,0.047537951645526016,0.2827332570697322,0.8195052183035648,1.0746794939041138,0.7527102828025818,0.7657040357589722,0.7168933153152466,0.7504231333732605,0.8623717427253723,0.39243149757385254,2.061677932739258,0.37855491042137146,0.1452191174030304,1.6534581184387207,0.2448444664478302
397,0.0001,0.2021614769473672,0.9605157079628572,0.5839564104874929,0.8385491743225242,0.9115898040132722,9.367552280426025,0.22389988228678703,0.1546575198881328,0.1339456094428897,0.04914829833433032,0.22389988228678703,0.8631039261817932,0.2825952912821914,0.5103154435302272,0.12968210559902768,0.04754486296213034,0.2825952912821914,0.8181588360757539,1.0750211477279663,0.7526665925979614,0.7660972476005554,0.7168571352958679,0.7498918175697327,0.8627416491508484,0.3922272324562073,2.062063694000244,0.37871241569519043,0.14511257410049438,1.6530485153198242,0.24490080773830414
398,0.0001,0.20252603199332952,0.9610609027301964,0.5836749293587424,0.8380724566105652,0.9112847399082122,10.282442331314087,0.223084956407547,0.15556284971535206,0.13275138195604086,0.04888177942484617,0.223084956407547,0.8674528151750565,0.2801564385493596,0.5111590000716123,0.13151624166604245,0.04772797373659683,0.2801564385493596,0.8187881491400979,1.0749603509902954,0.7527605891227722,0.7664903402328491,0.7166831493377686,0.749709963798523,0.8630681037902832,0.3920467793941498,2.0619726181030273,0.3788242042064667,0.14498350024223328,1.6525849103927612,0.24494656920433044
399,0.0001,0.20771233458071947,0.9602608519468699,0.5800547238552209,0.839839357536833,0.9124023711980931,9.405786037445068,0.22909584641456604,0.15967534156516194,0.13727433467283845,0.049468631856143475,0.22909584641456604,0.8610426373779774,0.28042845744075195,0.5081612223928625,0.13092114347400088,0.04762796289993055,0.28042845744075195,0.8182720704512163,1.0749393701553345,0.7527078986167908,0.7668592929840088,0.716576337814331,0.7496559023857117,0.8634000420570374,0.39172813296318054,2.0614078044891357,0.378993421792984,0.14462973177433014,1.6519427299499512,0.24498137831687927
